,Degree,Clustering_coefficient,Mean_degree_NN
0,0,0.0,0.0
1,13,0.2948717948717949,60.15384615384615
2,6,0.4,18.166666666666668
3,64,0.36259920634920634,98.3125
4,6,0.6,44.166666666666664
5,42,0.2229965156794425,42.023809523809526
6,3,0.3333333333333333,51.666666666666664
7,2,0.0,3.5
8,1,0.0,1.0
9,6,0.5333333333333333,13.166666666666666
10,18,0.43137254901960786,79.72222222222223
11,5,0.4,16.8
12,64,0.5178571428571429,233.40625
13,93,0.3536699392239364,267.39784946236557
14,0,0.0,0.0
15,32,0.2701612903225806,49.03125
16,19,0.4619883040935672,120.42105263157895
17,6,0.7333333333333333,22.666666666666668
18,9,0.7222222222222222,83.22222222222223
19,1,0.0,91.0
20,9,0.3333333333333333,256.1111111111111
21,2,0.0,27.0
22,68,0.3388937664618086,39.705882352941174
23,2,1.0,39.0
24,8,0.14285714285714285,10.125
25,48,0.2703900709219858,163.58333333333334
26,5,0.1,19.8
27,54,0.5150244584206848,59.074074074074076
28,148,0.10250045964331679,117.72972972972973
29,9,0.5277777777777778,25.22222222222222
30,14,0.6703296703296703,63.357142857142854
31,62,0.26652564780539395,152.79032258064515
32,1,0.0,62.0
33,10,0.3333333333333333,79.3
34,21,0.1619047619047619,29.952380952380953
35,21,0.48095238095238096,351.76190476190476
36,18,0.12418300653594772,53.27777777777778
37,1,0.0,57.0
38,26,0.4676923076923077,175.84615384615384
39,11,0.18181818181818182,49.63636363636363
40,40,0.16282051282051282,41.725
41,10,0.2222222222222222,23.5
42,3,0.3333333333333333,108.66666666666667
43,38,0.18349928876244664,41.21052631578947
44,6,0.13333333333333333,24.666666666666668
45,2,1.0,21.5
46,8,0.03571428571428571,20.875
47,31,0.3225806451612903,154.19354838709677
48,36,0.2015873015873016,91.55555555555556
49,3,1.0,22.0
50,8,0.5714285714285714,13.5
51,7,0.19047619047619047,32.57142857142857
52,5,0.1,293.6
53,2,0.0,9.5
54,39,0.33873144399460187,226.0
55,106,0.13081761006289308,68.63207547169812
56,39,0.38866396761133604,77.12820512820512
57,16,0.2916666666666667,66.0625
58,3,1.0,18.0
59,17,0.36764705882352944,16.941176470588236
60,13,0.20512820512820512,43.61538461538461
61,11,0.36363636363636365,68.72727272727273
62,24,0.15942028985507245,39.958333333333336
63,13,0.2564102564102564,69.46153846153847
64,1,0.0,6.0
65,54,0.15373864430468204,97.48148148148148
66,12,0.16666666666666666,135.75
67,89,0.20658835546475995,137.4943820224719
68,34,0.25133689839572193,44.14705882352941
69,19,0.3216374269005848,55.63157894736842
70,61,0.27377049180327867,143.9672131147541
71,55,0.17104377104377105,55.981818181818184
72,21,0.3380952380952381,113.0
73,5,0.2,6.6
74,15,0.3238095238095238,32.93333333333333
75,46,0.21256038647342995,96.52173913043478
76,11,0.16363636363636364,54.09090909090909
77,39,0.14709851551956815,123.66666666666667
78,5,0.4,19.4
79,26,0.9261538461538461,74.23076923076923
80,111,0.32727272727272727,134.23423423423424
81,7,0.6190476190476191,61.142857142857146
82,43,0.2248062015503876,87.48837209302326
83,28,0.31216931216931215,27.928571428571427
84,1,0.0,2.0
85,94,0.26744452070464425,83.98936170212765
86,0,0.0,0.0
87,207,0.2013507809202195,129.68115942028984
88,2,0.0,5.0
89,7,0.42857142857142855,46.714285714285715
90,99,0.20841063698206555,93.23232323232324
91,28,0.4021164021164021,32.07142857142857
92,5,0.4,36.8
93,4,0.3333333333333333,13.25
94,18,0.5816993464052288,29.88888888888889
95,12,0.5454545454545454,150.66666666666666
96,89,0.09780388151174668,133.19101123595505
97,62,0.40401903754627183,55.53225806451613
98,28,0.37566137566137564,41.107142857142854
99,27,0.6153846153846154,194.07407407407408
100,16,0.75,210.9375
101,13,0.5897435897435898,19.692307692307693
102,66,0.4027972027972028,86.5
103,156,0.10934656741108353,135.28846153846155
104,14,0.37362637362637363,59.42857142857143
105,10,0.15555555555555556,17.8
106,53,0.19811320754716982,97.43396226415095
107,63,0.30721966205837176,63.682539682539684
108,33,0.35795454545454547,97.06060606060606
109,24,0.1956521739130435,15.833333333333334
110,80,0.20221518987341772,52.2625
111,74,0.2676786375416512,93.05405405405405
112,14,0.3076923076923077,63.142857142857146
113,2,0.0,314.5
114,21,0.35714285714285715,58.333333333333336
115,9,0.25,67.77777777777777
116,88,0.30407523510971785,64.38636363636364
117,18,0.3464052287581699,54.5
118,1,0.0,23.0
119,26,0.28307692307692306,56.69230769230769
120,99,0.3615749330035044,135.32323232323233
121,4,0.0,39.25
122,22,0.5151515151515151,177.6818181818182
123,121,0.4206611570247934,83.47933884297521
124,11,0.4727272727272727,24.272727272727273
125,10,0.2,13.8
126,7,0.3333333333333333,55.142857142857146
127,214,0.11741476898775832,83.59813084112149
128,4,0.16666666666666666,7.5
129,3,0.0,70.66666666666667
130,6,0.6,50.666666666666664
131,45,0.16565656565656567,42.86666666666667
132,6,0.3333333333333333,41.166666666666664
133,2,1.0,9.0
134,5,0.1,15.4
135,1,0.0,23.0
136,8,0.5,64.75
137,21,0.47619047619047616,28.428571428571427
138,9,0.16666666666666666,24.22222222222222
139,0,0.0,0.0
140,6,0.26666666666666666,82.66666666666667
141,79,0.29276209023044464,129.26582278481013
142,40,0.07051282051282051,55.6
143,35,0.4504201680672269,192.05714285714285
144,28,0.32275132275132273,93.64285714285714
145,118,0.27741561639866724,131.1864406779661
146,29,0.4433497536945813,33.48275862068966
147,32,0.5282258064516129,48.4375
148,82,0.35471243601324903,244.58536585365854
149,2,1.0,75.5
150,42,0.43902439024390244,44.61904761904762
151,51,0.323921568627451,76.31372549019608
152,14,0.3516483516483517,32.57142857142857
153,21,0.2904761904761905,19.904761904761905
154,81,0.687962962962963,120.4320987654321
155,57,0.41791979949874686,165.56140350877192
156,105,0.18076923076923077,162.0
157,16,0.23333333333333334,54.5
158,10,0.17777777777777778,23.4
159,19,0.5380116959064327,47.10526315789474
160,7,0.38095238095238093,35.714285714285715
161,1,0.0,5.0
162,112,0.5088481338481339,81.66964285714286
163,6,0.13333333333333333,46.5
164,213,0.2435556736646293,132.0281690140845
165,4,0.0,28.0
166,27,0.17663817663817663,62.74074074074074
167,4,0.3333333333333333,4.5
168,8,0.35714285714285715,28.75
169,24,0.4311594202898551,70.70833333333333
170,2,1.0,4.0
171,4,0.16666666666666666,16.5
172,10,0.37777777777777777,109.6
173,43,0.12403100775193798,74.5813953488372
174,14,0.8241758241758241,33.857142857142854
175,6,1.0,47.833333333333336
176,1,0.0,1.0
177,3,1.0,50.333333333333336
178,14,0.4835164835164835,21.785714285714285
179,5,0.3,301.0
180,8,0.14285714285714285,18.375
181,13,0.2692307692307692,160.76923076923077
182,18,0.8104575163398693,32.5
183,5,0.1,20.0
184,3,1.0,82.0
185,9,0.3611111111111111,41.111111111111114
186,232,0.09751455441110614,118.67241379310344
187,56,0.3246753246753247,104.14285714285714
188,1,0.0,8.0
189,9,0.25,61.111111111111114
190,5,0.4,76.6
191,6,0.4666666666666667,11.5
192,4,1.0,43.0
193,2,1.0,506.5
194,8,0.17857142857142858,47.0
195,63,0.5345622119815668,92.61904761904762
196,11,0.38181818181818183,73.45454545454545
197,85,0.28627450980392155,159.18823529411765
198,34,0.39750445632798576,164.05882352941177
199,2,0.0,6.0
200,23,0.5138339920948617,27.82608695652174
201,12,0.8484848484848485,76.58333333333333
202,15,0.38095238095238093,23.933333333333334
203,27,0.2678062678062678,139.5185185185185
204,24,0.2463768115942029,60.958333333333336
205,5,0.2,54.0
206,10,0.35555555555555557,30.3
207,7,0.7142857142857143,101.14285714285714
208,38,0.39829302987197723,75.78947368421052
209,12,0.4696969696969697,48.666666666666664
210,5,0.4,37.2
211,8,0.07142857142857142,36.25
212,2,0.0,32.0
213,19,0.391812865497076,31.263157894736842
214,45,0.16161616161616163,77.77777777777777
215,2,0.0,43.5
216,27,0.3162393162393162,250.62962962962962
217,149,0.20977689098494468,159.51006711409397
218,74,0.15734912995186967,55.91891891891892
219,22,0.7186147186147186,35.54545454545455
220,103,0.36740909956215495,92.11650485436893
221,226,0.17211406096361848,173.74778761061947
222,88,0.33725182863113895,113.04545454545455
223,62,0.17821258593336858,175.0
224,55,0.35622895622895623,149.23636363636365
225,41,0.2,142.29268292682926
226,16,0.425,91.375
227,71,0.586317907444668,79.4225352112676
228,1,0.0,146.0
229,48,0.19680851063829788,71.125
230,34,0.25133689839572193,63.029411764705884
231,7,0.09523809523809523,188.57142857142858
232,9,0.2222222222222222,38.0
233,164,0.1425258117611851,75.4329268292683
234,49,0.25,136.30612244897958
235,30,0.25517241379310346,194.73333333333332
236,6,0.4666666666666667,39.166666666666664
237,11,0.2727272727272727,91.63636363636364
238,32,0.2399193548387097,42.25
239,8,0.25,57.125
240,62,0.88841882601798,100.98387096774194
241,77,0.13978127136021873,135.63636363636363
242,2,1.0,8.5
243,61,0.3617486338797814,100.19672131147541
244,23,0.8142292490118577,34.30434782608695
245,7,0.09523809523809523,191.14285714285714
246,34,0.3689839572192513,36.029411764705884
247,125,0.18529032258064515,181.584
248,20,0.6263157894736842,184.1
249,0,0.0,0.0
250,7,0.047619047619047616,11.571428571428571
251,42,0.26713124274099886,216.9047619047619
252,0,0.0,0.0
253,67,0.2618724559023066,250.6865671641791
254,7,0.23809523809523808,14.0
255,6,0.4666666666666667,85.66666666666667
256,6,0.06666666666666667,35.333333333333336
257,34,0.23351158645276293,58.26470588235294
258,3,0.0,14.666666666666666
259,20,0.2789473684210526,50.9
260,140,0.29773895169578624,163.59285714285716
261,12,0.3939393939393939,49.916666666666664
262,9,0.1388888888888889,38.0
263,6,0.2,24.0
264,12,0.5303030303030303,116.08333333333333
265,3,0.3333333333333333,12.333333333333334
266,38,0.6102418207681366,72.07894736842105
267,30,0.2942528735632184,55.7
268,1,0.0,17.0
269,143,0.2967595784497193,147.26573426573427
270,1,0.0,15.0
271,13,0.28205128205128205,92.23076923076923
272,106,0.24366576819407007,194.49056603773585
273,120,0.21932773109243697,124.65833333333333
274,215,0.2128232992827646,160.73488372093024
275,5,0.1,4.8
276,100,0.5076767676767677,94.27
277,1,0.0,1.0
278,48,0.19060283687943264,100.875
279,24,0.2427536231884058,156.75
280,7,0.19047619047619047,51.142857142857146
281,12,0.4696969696969697,33.916666666666664
282,11,0.2909090909090909,18.636363636363637
283,24,0.2318840579710145,123.45833333333333
284,1,0.0,1.0
285,1,0.0,4.0
286,10,0.4,45.5
287,1,0.0,4.0
288,36,0.33650793650793653,183.0
289,9,0.19444444444444445,23.11111111111111
290,11,0.45454545454545453,33.45454545454545
291,11,0.36363636363636365,95.0909090909091
292,8,0.4642857142857143,25.0
293,20,0.7210526315789474,61.0
294,60,0.5870056497175141,91.23333333333333
295,3,0.3333333333333333,19.666666666666668
296,11,0.5454545454545454,57.63636363636363
297,3,0.3333333333333333,13.0
298,13,0.1794871794871795,36.92307692307692
299,7,0.42857142857142855,17.142857142857142
300,66,0.46573426573426574,301.3181818181818
301,14,0.4175824175824176,117.42857142857143
302,4,0.16666666666666666,7.0
303,5,0.1,29.2
304,54,0.143256464011181,80.20370370370371
305,5,0.5,44.0
306,17,0.3014705882352941,30.58823529411765
307,56,0.32402597402597405,85.69642857142857
308,23,0.48221343873517786,31.73913043478261
309,15,0.4095238095238095,37.53333333333333
310,5,0.8,15.8
311,9,0.5555555555555556,169.33333333333334
312,37,0.4024024024024024,69.02702702702703
313,17,0.6691176470588235,48.294117647058826
314,129,0.2744670542635659,139.69767441860466
315,43,0.3266888150609081,50.69767441860465
316,97,0.1958762886597938,101.50515463917526
317,40,0.21153846153846154,28.4
318,13,0.5,40.07692307692308
319,70,0.8153209109730849,97.38571428571429
320,2,1.0,12.5
321,15,0.7238095238095238,55.86666666666667
322,13,0.16666666666666666,108.3076923076923
323,9,0.3333333333333333,72.77777777777777
324,68,0.38191395961369623,170.30882352941177
325,68,0.17164179104477612,96.45588235294117
326,15,0.5238095238095238,182.53333333333333
327,9,0.16666666666666666,29.666666666666668
328,0,0.0,0.0
329,6,0.4,158.5
330,87,0.3071371291098637,187.35632183908046
331,12,0.36363636363636365,39.666666666666664
332,60,0.17570621468926553,92.9
333,25,0.2833333333333333,87.4
334,9,0.3333333333333333,20.88888888888889
335,9,0.9722222222222222,14.88888888888889
336,7,0.14285714285714285,11.142857142857142
337,64,0.30257936507936506,162.140625
338,7,0.38095238095238093,74.57142857142857
339,7,0.09523809523809523,120.0
340,20,0.7052631578947368,81.05
341,21,0.3142857142857143,140.14285714285714
342,20,0.3684210526315789,43.45
343,2,0.0,30.0
344,16,0.44166666666666665,85.4375
345,40,0.15897435897435896,59.05
346,3,0.0,104.33333333333333
347,23,0.25691699604743085,111.82608695652173
348,0,0.0,0.0
349,25,0.4033333333333333,40.56
350,79,0.14930217461863032,118.10126582278481
351,4,1.0,25.25
352,122,0.16136024928871426,105.72131147540983
353,119,0.22333000997008973,174.890756302521
354,12,0.21212121212121213,55.833333333333336
355,30,0.3103448275862069,59.4
356,58,0.25529340592861466,37.87931034482759
357,40,0.1717948717948718,110.375
358,18,0.2875816993464052,44.611111111111114
359,47,0.1452358926919519,63.42553191489362
360,14,0.18681318681318682,17.857142857142858
361,24,0.4166666666666667,148.41666666666666
362,5,0.5,38.6
363,122,0.522422435984284,110.99180327868852
364,3,0.3333333333333333,55.0
365,17,0.3088235294117647,26.529411764705884
366,69,0.16624040920716113,65.79710144927536
367,4,0.16666666666666666,2.25
368,3,0.3333333333333333,29.0
369,18,0.8104575163398693,39.05555555555556
370,49,0.5416666666666666,116.3265306122449
371,3,0.0,49.0
372,7,0.8095238095238095,103.0
373,5,0.4,6.2
374,28,0.30423280423280424,54.67857142857143
375,13,0.20512820512820512,32.76923076923077
376,59,0.3325540619520748,72.72881355932203
377,40,0.4551282051282051,108.1
378,18,0.29411764705882354,17.77777777777778
379,2,0.0,133.0
380,15,0.9619047619047619,37.266666666666666
381,10,0.4888888888888889,30.4
382,8,0.25,20.625
383,5,0.6,11.6
384,4,0.5,36.0
385,4,0.16666666666666666,171.75
386,3,0.6666666666666666,56.666666666666664
387,33,0.2481060606060606,54.03030303030303
388,21,0.2761904761904762,54.23809523809524
389,31,0.36989247311827955,74.64516129032258
390,0,0.0,0.0
391,11,0.41818181818181815,118.72727272727273
392,17,0.21323529411764705,42.1764705882353
393,43,0.3444075304540421,23.697674418604652
394,24,0.6159420289855072,78.95833333333333
395,64,0.23462301587301587,163.6875
396,4,0.16666666666666666,13.75
397,46,0.15845410628019324,108.82608695652173
398,20,0.47368421052631576,46.7
399,86,0.14445964432284542,108.6046511627907
400,33,0.6875,145.6969696969697
401,4,0.3333333333333333,41.25
402,6,0.6,123.16666666666667
403,32,0.17338709677419356,50.6875
404,14,0.38461538461538464,36.142857142857146
405,14,0.26373626373626374,20.285714285714285
406,52,0.1244343891402715,117.40384615384616
407,146,0.18507321681624941,117.81506849315069
408,15,0.26666666666666666,47.6
409,16,0.25833333333333336,41.5
410,49,0.5867346938775511,128.48979591836735
411,12,0.5151515151515151,78.41666666666667
412,42,0.14634146341463414,33.80952380952381
413,24,0.358695652173913,59.125
414,20,0.531578947368421,207.75
415,0,0.0,0.0
416,39,0.1902834008097166,78.76923076923077
417,5,0.4,29.6
418,24,0.40942028985507245,22.375
419,3,0.6666666666666666,8.666666666666666
420,0,0.0,0.0
421,3,1.0,3.3333333333333335
422,1,0.0,19.0
423,42,0.2590011614401858,48.57142857142857
424,8,0.2857142857142857,30.0
425,5,0.4,14.8
426,1,0.0,45.0
427,64,0.5138888888888888,73.359375
428,5,0.4,30.4
429,152,0.23971767166260022,69.90789473684211
430,4,0.5,7.0
431,39,0.3360323886639676,77.64102564102564
432,0,0.0,0.0
433,0,0.0,0.0
434,30,0.31724137931034485,40.7
435,9,0.6111111111111112,63.77777777777778
436,10,0.24444444444444444,13.3
437,6,0.6666666666666666,19.666666666666668
438,0,0.0,0.0
439,26,0.27692307692307694,56.84615384615385
440,16,0.3,48.3125
441,35,0.13949579831932774,67.8
442,42,0.24390243902439024,46.642857142857146
443,15,0.24761904761904763,70.8
444,1,0.0,21.0
445,48,0.21453900709219859,62.75
446,74,0.23843021103295076,59.351351351351354
447,17,0.5220588235294118,219.2941176470588
448,8,0.2857142857142857,65.0
449,4,0.8333333333333334,43.75
450,6,0.5333333333333333,97.33333333333333
451,26,0.16923076923076924,39.80769230769231
452,5,0.3,13.6
453,1,0.0,15.0
454,3,0.0,90.0
455,10,0.17777777777777778,176.8
456,13,0.3076923076923077,46.53846153846154
457,12,0.25757575757575757,22.0
458,10,0.28888888888888886,15.9
459,32,0.6733870967741935,145.9375
460,15,0.23809523809523808,52.333333333333336
461,17,0.15441176470588236,42.529411764705884
462,7,0.14285714285714285,15.857142857142858
463,100,0.3242424242424242,193.84
464,25,0.38666666666666666,65.84
465,41,0.2475609756097561,136.70731707317074
466,14,0.37362637362637363,29.714285714285715
467,182,0.19330945297796126,162.36813186813185
468,18,0.26143790849673204,70.16666666666667
469,8,0.32142857142857145,27.25
470,5,0.1,94.6
471,34,0.4206773618538324,348.38235294117646
472,44,0.18181818181818182,136.6818181818182
473,168,0.1573282007413744,181.86904761904762
474,23,0.541501976284585,89.6086956521739
475,223,0.2239324526320042,110.83856502242152
476,48,0.30407801418439717,64.25
477,19,0.19298245614035087,35.63157894736842
478,17,0.2647058823529412,141.64705882352942
479,18,0.23529411764705882,21.77777777777778
480,142,0.18239936070322646,143.16197183098592
481,36,0.18253968253968253,49.27777777777778
482,36,0.48095238095238096,38.916666666666664
483,57,0.20363408521303258,109.89473684210526
484,34,0.5276292335115864,45.6764705882353
485,39,0.23616734143049933,243.33333333333334
486,7,0.38095238095238093,146.42857142857142
487,20,0.3368421052631579,32.35
488,18,0.3137254901960784,45.22222222222222
489,4,0.8333333333333334,90.75
490,43,0.5016611295681063,108.18604651162791
491,6,0.3333333333333333,16.166666666666668
492,7,0.19047619047619047,33.714285714285715
493,41,0.6085365853658536,64.78048780487805
494,1,0.0,8.0
495,16,0.175,155.9375
496,6,0.2,18.333333333333332
497,19,0.19883040935672514,72.26315789473684
498,24,0.19927536231884058,18.791666666666668
499,3,0.3333333333333333,9.666666666666666
500,9,0.75,77.88888888888889
501,4,0.5,14.25
502,9,0.5555555555555556,63.0
503,10,0.26666666666666666,33.0
504,5,0.4,66.2
505,14,0.6813186813186813,78.57142857142857
506,136,0.25272331154684097,106.69117647058823
507,6,0.2,147.5
508,25,0.05,96.84
509,59,0.33196960841613093,44.08474576271186
510,5,0.9,30.4
511,42,0.2578397212543554,51.19047619047619
512,79,0.42616033755274263,138.50632911392404
513,2,1.0,24.0
514,16,0.14166666666666666,9.75
515,34,0.34402852049910876,169.58823529411765
516,25,0.26666666666666666,118.12
517,12,0.13636363636363635,7.583333333333333
518,1,0.0,2.0
519,16,0.23333333333333334,75.9375
520,2,0.0,4.0
521,2,0.0,2.5
522,5,0.4,41.2
523,41,0.22926829268292684,117.65853658536585
524,8,0.5357142857142857,37.75
525,2,1.0,60.0
526,1,0.0,24.0
527,3,1.0,10.333333333333334
528,0,0.0,0.0
529,3,0.3333333333333333,57.0
530,58,0.16696914700544466,54.0
531,33,0.24621212121212122,66.84848484848484
532,2,1.0,56.5
533,42,0.15911730545876887,96.0952380952381
534,0,0.0,0.0
535,221,0.13825586178527355,170.1266968325792
536,3,0.3333333333333333,14.0
537,2,1.0,15.5
538,201,0.18442786069651743,196.24875621890547
539,43,0.4330011074197121,146.7674418604651
540,10,0.28888888888888886,29.6
541,5,0.3,15.4
542,50,0.4122448979591837,37.44
543,25,0.19666666666666666,58.36
544,6,0.6666666666666666,12.0
545,19,0.2807017543859649,28.05263157894737
546,0,0.0,0.0
547,22,0.1774891774891775,26.09090909090909
548,24,0.31521739130434784,55.416666666666664
549,35,0.19831932773109243,31.62857142857143
550,4,0.0,37.25
551,28,0.7883597883597884,40.0
552,5,0.8,64.2
553,15,0.29523809523809524,37.2
554,4,0.3333333333333333,35.25
555,68,0.3235294117647059,74.63235294117646
556,23,0.18972332015810275,49.130434782608695
557,16,0.24166666666666667,154.8125
558,26,0.47692307692307695,92.6923076923077
559,19,0.3508771929824561,64.6842105263158
560,10,0.4888888888888889,66.6
561,12,0.12121212121212122,37.333333333333336
562,28,0.18253968253968253,48.142857142857146
563,5,0.6,100.6
564,1,0.0,18.0
565,1,0.0,23.0
566,18,0.35947712418300654,235.66666666666666
567,6,0.2,27.833333333333332
568,25,0.23,42.36
569,34,0.26024955436720143,187.91176470588235
570,4,0.16666666666666666,22.0
571,10,0.5555555555555556,93.0
572,6,0.5333333333333333,226.16666666666666
573,21,0.3952380952380952,35.38095238095238
574,49,0.2687074829931973,56.142857142857146
575,36,0.21587301587301588,71.75
576,1,0.0,1.0
577,12,0.21212121212121213,27.416666666666668
578,21,0.24761904761904763,42.095238095238095
579,34,0.43137254901960786,184.73529411764707
580,6,0.6666666666666666,19.833333333333332
581,65,0.3658653846153846,110.13846153846154
582,24,0.3442028985507246,86.04166666666667
583,23,0.45454545454545453,49.82608695652174
584,7,0.5714285714285714,74.57142857142857
585,13,0.2564102564102564,34.53846153846154
586,2,0.0,11.5
587,20,0.08421052631578947,152.8
588,80,0.41170886075949364,78.2875
589,11,0.2,81.72727272727273
590,47,0.4708603145235893,48.40425531914894
591,128,0.15600393700787402,175.7890625
592,1,0.0,25.0
593,30,0.27816091954022987,51.63333333333333
594,13,0.46153846153846156,168.23076923076923
595,136,0.27418300653594774,102.80147058823529
596,11,0.34545454545454546,124.45454545454545
597,41,0.1719512195121951,80.36585365853658
598,31,0.44086021505376344,123.41935483870968
599,7,0.2857142857142857,85.71428571428571
600,8,0.25,106.875
601,9,0.3333333333333333,43.55555555555556
602,4,0.5,11.75
603,22,0.33766233766233766,44.27272727272727
604,1,0.0,3.0
605,51,0.30745098039215685,138.94117647058823
606,2,0.0,16.0
607,33,0.30113636363636365,107.03030303030303
608,11,0.7090909090909091,15.090909090909092
609,255,0.17440172919561525,132.62745098039215
610,8,0.6428571428571429,14.75
611,39,0.4507422402159244,186.28205128205127
612,5,0.2,29.2
613,5,0.3,23.4
614,9,0.4166666666666667,19.22222222222222
615,38,0.14366998577524892,40.13157894736842
616,0,0.0,0.0
617,82,0.24420355314664258,89.70731707317073
618,1,0.0,20.0
619,7,0.6666666666666666,21.428571428571427
620,28,0.3306878306878307,107.5
621,7,0.5714285714285714,29.857142857142858
622,1,0.0,8.0
623,13,0.3717948717948718,16.53846153846154
624,5,0.9,14.4
625,8,0.21428571428571427,45.875
626,129,0.2406734496124031,135.2015503875969
627,4,0.5,29.75
628,10,0.1111111111111111,44.1
629,43,0.22259136212624583,120.06976744186046
630,3,0.3333333333333333,24.333333333333332
631,29,0.2413793103448276,47.89655172413793
632,12,0.15151515151515152,165.08333333333334
633,2,1.0,11.5
634,25,0.38666666666666666,49.56
635,9,0.08333333333333333,20.333333333333332
636,17,0.2867647058823529,143.0
637,17,0.125,46.11764705882353
638,16,0.3,87.8125
639,74,0.2998889300259163,98.78378378378379
640,96,0.1824561403508772,82.16666666666667
641,3,0.0,32.0
642,101,0.22237623762376238,74.35643564356435
643,9,0.3055555555555556,49.55555555555556
644,3,0.3333333333333333,9.0
645,4,0.5,24.5
646,45,0.604040404040404,172.95555555555555
647,11,0.36363636363636365,19.363636363636363
648,45,0.23232323232323232,60.13333333333333
649,3,0.0,25.333333333333332
650,58,0.23049001814882034,69.55172413793103
651,57,0.2387218045112782,102.36842105263158
652,0,0.0,0.0
653,2,1.0,25.0
654,23,0.7470355731225297,172.91304347826087
655,14,0.42857142857142855,32.92857142857143
656,5,0.1,34.2
657,11,0.2727272727272727,68.72727272727273
658,33,0.2727272727272727,69.72727272727273
659,21,0.41904761904761906,87.28571428571429
660,16,0.3416666666666667,86.4375
661,5,0.5,19.6
662,2,1.0,5.0
663,1,0.0,7.0
664,87,0.37743918738305265,70.29885057471265
665,30,0.2367816091954023,195.2
666,104,0.3323375653472741,205.29807692307693
667,59,0.22384570426651082,118.45762711864407
668,10,0.3111111111111111,35.1
669,16,0.38333333333333336,134.75
670,22,0.1341991341991342,54.77272727272727
671,30,0.3839080459770115,48.666666666666664
672,20,0.6421052631578947,30.85
673,32,0.16733870967741934,45.875
674,38,0.21906116642958748,55.526315789473685
675,22,0.1645021645021645,82.9090909090909
676,73,0.634703196347032,98.12328767123287
677,3,0.3333333333333333,34.666666666666664
678,18,0.32679738562091504,182.22222222222223
679,18,0.20261437908496732,32.05555555555556
680,4,0.5,21.5
681,10,0.24444444444444444,51.1
682,14,0.7252747252747253,49.57142857142857
683,58,0.22141560798548093,54.39655172413793
684,6,0.4666666666666667,19.5
685,15,0.20952380952380953,42.46666666666667
686,6,0.3333333333333333,23.5
687,22,0.6406926406926406,50.86363636363637
688,8,0.75,24.625
689,4,0.5,60.0
690,28,0.30158730158730157,43.17857142857143
691,29,0.3399014778325123,62.41379310344828
692,44,0.25052854122621565,77.4090909090909
693,15,0.3047619047619048,25.133333333333333
694,41,0.16219512195121952,137.6829268292683
695,64,0.7544642857142857,85.28125
696,22,0.2683982683982684,20.59090909090909
697,8,0.35714285714285715,26.875
698,2,1.0,30.5
699,1,0.0,3.0
700,54,0.2948986722571628,50.611111111111114
701,36,0.31587301587301586,54.138888888888886
702,108,0.19574247144340604,76.29629629629629
703,29,0.2413793103448276,89.55172413793103
704,9,0.4722222222222222,25.444444444444443
705,3,0.3333333333333333,62.666666666666664
706,18,0.4117647058823529,25.72222222222222
707,36,0.22698412698412698,108.25
708,12,0.19696969696969696,29.916666666666668
709,22,0.22077922077922077,30.045454545454547
710,58,0.16878402903811252,107.20689655172414
711,8,0.2857142857142857,47.5
712,65,0.4634615384615385,84.93846153846154
713,17,0.6691176470588235,33.11764705882353
714,12,0.18181818181818182,33.5
715,32,0.16129032258064516,56.6875
716,0,0.0,0.0
717,6,0.2,29.166666666666668
718,69,0.21696504688832055,115.4927536231884
719,92,0.1426182513139035,134.69565217391303
720,67,0.3111714156490276,75.31343283582089
721,63,0.2601126472094214,53.25396825396825
722,21,0.26666666666666666,115.0952380952381
723,33,0.32196969696969696,51.96969696969697
724,100,0.22626262626262628,86.32
725,10,0.5555555555555556,121.0
726,27,0.3333333333333333,59.2962962962963
727,10,0.24444444444444444,12.5
728,38,0.2532005689900427,49.44736842105263
729,2,0.0,12.5
730,1,0.0,3.0
731,9,0.5277777777777778,46.44444444444444
732,46,0.6743961352657005,65.6304347826087
733,2,1.0,7.0
734,10,0.26666666666666666,273.9
735,1,0.0,16.0
736,2,1.0,55.0
737,1,0.0,26.0
738,3,0.0,218.0
739,3,0.3333333333333333,14.666666666666666
740,13,0.2692307692307692,22.384615384615383
741,19,0.10526315789473684,41.1578947368421
742,6,0.4666666666666667,144.83333333333334
743,18,0.6209150326797386,96.72222222222223
744,69,0.1453537936913896,60.11594202898551
745,35,0.7815126050420168,87.85714285714286
746,22,0.2510822510822511,65.13636363636364
747,7,0.8571428571428571,14.857142857142858
748,21,0.49523809523809526,48.23809523809524
749,45,0.18787878787878787,57.044444444444444
750,9,0.4166666666666667,10.11111111111111
751,3,0.0,12.666666666666666
752,7,0.23809523809523808,18.285714285714285
753,3,0.3333333333333333,23.333333333333332
754,57,0.16102756892230577,73.49122807017544
755,27,0.5270655270655271,151.2962962962963
756,36,0.3523809523809524,62.02777777777778
757,7,0.42857142857142855,34.42857142857143
758,2,0.0,5.0
759,30,0.3264367816091954,63.63333333333333
760,398,0.10392010429983671,152.40452261306532
761,80,0.22753164556962024,118.025
762,27,0.2678062678062678,112.77777777777777
763,0,0.0,0.0
764,30,0.2988505747126437,58.266666666666666
765,0,0.0,0.0
766,9,0.3055555555555556,89.11111111111111
767,12,0.7121212121212122,68.83333333333333
768,113,0.17762326169405815,91.00884955752213
769,21,0.29523809523809524,23.285714285714285
770,12,0.22727272727272727,75.25
771,6,0.9333333333333333,13.5
772,35,0.4436974789915966,34.05714285714286
773,0,0.0,0.0
774,8,0.5,21.125
775,6,0.26666666666666666,15.833333333333334
776,1,0.0,1.0
777,28,0.3333333333333333,112.71428571428571
778,1,0.0,68.0
779,25,0.19,70.56
780,7,0.38095238095238093,160.28571428571428
781,0,0.0,0.0
782,4,0.3333333333333333,18.25
783,0,0.0,0.0
784,16,0.31666666666666665,20.25
785,14,0.4065934065934066,366.14285714285717
786,45,0.13636363636363635,92.37777777777778
787,95,0.23269876819708846,201.65263157894736
788,42,0.2775842044134727,95.04761904761905
789,9,0.4444444444444444,49.666666666666664
790,2,1.0,6.0
791,2,0.0,9.5
792,2,0.0,7.0
793,5,0.6,64.4
794,14,0.32967032967032966,28.571428571428573
795,37,0.36786786786786785,77.51351351351352
796,16,0.3,27.875
797,18,0.19607843137254902,68.94444444444444
798,32,0.18951612903225806,130.5625
799,0,0.0,0.0
800,18,0.3137254901960784,56.94444444444444
801,20,0.5736842105263158,65.25
802,33,0.5246212121212122,137.57575757575756
803,72,0.17918622848200313,46.69444444444444
804,17,0.5073529411764706,49.0
805,6,0.3333333333333333,18.833333333333332
806,12,0.30303030303030304,25.416666666666668
807,65,0.27740384615384617,104.61538461538461
808,4,0.3333333333333333,30.75
809,9,0.5555555555555556,51.22222222222222
810,1,0.0,22.0
811,23,0.22924901185770752,25.130434782608695
812,7,0.47619047619047616,7.142857142857143
813,3,0.3333333333333333,8.0
814,368,0.1251777040634996,167.06521739130434
815,63,0.7117255504352279,198.47619047619048
816,22,0.4458874458874459,57.13636363636363
817,63,0.2570404505888377,225.36507936507937
818,5,0.2,7.6
819,25,0.38,58.88
820,10,0.2222222222222222,68.2
821,17,0.34558823529411764,219.35294117647058
822,4,0.16666666666666666,40.5
823,4,0.16666666666666666,74.25
824,90,0.6791510611735331,87.82222222222222
825,112,0.2979407979407979,91.375
826,27,0.3333333333333333,27.333333333333332
827,17,0.6102941176470589,69.6470588235294
828,56,0.3448051948051948,33.75
829,44,0.45348837209302323,89.72727272727273
830,5,0.2,25.6
831,5,0.3,18.2
832,48,0.4796099290780142,76.91666666666667
833,21,0.12380952380952381,133.52380952380952
834,107,0.1549991183212837,140.4392523364486
835,36,0.3,75.75
836,3,0.3333333333333333,23.333333333333332
837,8,0.32142857142857145,50.375
838,5,0.1,10.8
839,1,0.0,2.0
840,23,0.383399209486166,134.3913043478261
841,27,0.24216524216524216,124.22222222222223
842,10,0.3333333333333333,57.1
843,10,0.3333333333333333,37.2
844,3,0.0,5.0
845,346,0.1252576024126665,129.61560693641619
846,528,0.0917644183773216,148.96401515151516
847,60,0.4435028248587571,82.65
848,29,0.21921182266009853,60.44827586206897
849,6,0.6666666666666666,22.5
850,38,0.22190611664295876,134.18421052631578
851,69,0.26342710997442453,66.71014492753623
852,48,0.2526595744680851,146.625
853,2,1.0,38.0
854,9,0.1388888888888889,19.0
855,7,0.42857142857142855,14.285714285714286
856,3,0.3333333333333333,48.333333333333336
857,115,0.3700991609458429,84.97391304347826
858,8,0.5357142857142857,18.125
859,2,0.0,5.0
860,2,1.0,51.5
861,7,0.19047619047619047,29.714285714285715
862,34,0.1622103386809269,58.11764705882353
863,66,0.41585081585081585,76.42424242424242
864,25,0.31333333333333335,28.8
865,13,0.47435897435897434,95.15384615384616
866,4,0.16666666666666666,20.25
867,30,0.4850574712643678,62.06666666666667
868,16,0.21666666666666667,157.75
869,15,0.5428571428571428,61.333333333333336
870,146,0.38450637694851203,122.23287671232876
871,19,0.4444444444444444,45.473684210526315
872,15,0.4095238095238095,86.93333333333334
873,56,0.19025974025974027,116.375
874,24,0.5507246376811594,67.70833333333333
875,22,0.2510822510822511,40.45454545454545
876,62,0.12903225806451613,102.95161290322581
877,93,0.21785881252921926,92.66666666666667
878,5,0.3,20.0
879,72,0.2546948356807512,77.29166666666667
880,35,0.3831932773109244,165.68571428571428
881,1,0.0,52.0
882,16,0.475,58.9375
883,45,0.2,118.97777777777777
884,1,0.0,3.0
885,9,0.16666666666666666,31.666666666666668
886,101,0.3922772277227723,134.3861386138614
887,9,0.6111111111111112,44.77777777777778
888,2,1.0,29.0
889,19,0.783625730994152,50.05263157894737
890,20,0.23684210526315788,97.3
891,41,0.38414634146341464,56.21951219512195
892,5,0.4,19.8
893,1,0.0,77.0
894,22,0.22943722943722944,54.90909090909091
895,4,0.5,77.5
896,88,0.3126959247648903,70.89772727272727
897,5,0.3,19.8
898,5,0.1,27.8
899,27,0.4757834757834758,56.18518518518518
900,4,0.5,9.0
901,114,0.3021269989132122,128.62280701754386
902,173,0.286732087646189,122.78612716763006
903,11,0.32727272727272727,32.63636363636363
904,48,0.2402482269503546,38.1875
905,121,0.33512396694214874,111.49586776859505
906,154,0.3367286308462779,143.41558441558442
907,38,0.5149359886201992,56.526315789473685
908,63,0.22068612391193038,187.6984126984127
909,21,0.22857142857142856,34.095238095238095
910,10,0.6666666666666666,15.0
911,13,0.3076923076923077,128.46153846153845
912,50,0.38448979591836735,78.92
913,8,0.21428571428571427,88.25
914,3,1.0,6.666666666666667
915,15,0.3047619047619048,18.0
916,0,0.0,0.0
917,49,0.48894557823129253,71.89795918367346
918,15,0.3904761904761905,45.06666666666667
919,16,0.18333333333333332,43.9375
920,18,0.38562091503267976,38.111111111111114
921,89,0.3871297242083759,130.86516853932585
922,29,0.6748768472906403,70.3103448275862
923,3,0.3333333333333333,34.666666666666664
924,11,0.8909090909090909,42.90909090909091
925,63,0.17665130568356374,75.65079365079364
926,1,0.0,10.0
927,13,0.7051282051282052,51.0
928,12,0.5757575757575758,66.0
929,6,0.4666666666666667,24.5
930,18,0.41830065359477125,57.166666666666664
931,17,0.19852941176470587,104.58823529411765
932,12,0.2727272727272727,35.916666666666664
933,47,0.17391304347826086,40.319148936170215
934,51,0.20470588235294118,75.47058823529412
935,23,0.31620553359683795,55.0
936,84,0.16695352839931152,60.023809523809526
937,6,0.13333333333333333,27.666666666666668
938,19,0.49122807017543857,44.1578947368421
939,22,0.341991341991342,27.727272727272727
940,2,1.0,39.0
941,14,0.3516483516483517,82.07142857142857
942,2,1.0,88.5
943,14,0.6043956043956044,57.785714285714285
944,15,0.5238095238095238,20.266666666666666
945,2,1.0,4.5
946,33,0.1856060606060606,88.42424242424242
947,28,0.26455026455026454,68.5
948,23,0.19367588932806323,73.17391304347827
949,97,0.4518900343642612,84.74226804123711
950,2,0.0,88.5
951,19,0.28654970760233917,40.73684210526316
952,1,0.0,9.0
953,9,0.19444444444444445,51.44444444444444
954,34,0.21568627450980393,61.088235294117645
955,60,0.15819209039548024,62.06666666666667
956,5,0.3,33.4
957,5,0.4,39.8
958,27,0.33048433048433046,45.7037037037037
959,7,0.2857142857142857,19.714285714285715
960,5,0.0,27.0
961,44,0.34355179704016914,46.43181818181818
962,7,0.19047619047619047,9.285714285714286
963,29,0.2536945812807882,55.93103448275862
964,29,0.6699507389162561,45.58620689655172
965,7,0.14285714285714285,32.42857142857143
966,16,0.55,41.3125
967,7,0.38095238095238093,53.57142857142857
968,17,0.5073529411764706,73.52941176470588
969,101,0.5566336633663367,88.93069306930693
970,20,0.4631578947368421,70.75
971,28,0.30952380952380953,35.285714285714285
972,3,0.0,37.0
973,12,0.45454545454545453,129.16666666666666
974,21,0.4238095238095238,61.95238095238095
975,30,0.45977011494252873,22.066666666666666
976,52,0.20437405731523378,123.8076923076923
977,33,0.4583333333333333,114.39393939393939
978,82,0.33182776272207165,72.8780487804878
979,7,0.47619047619047616,30.571428571428573
980,75,0.2634234234234234,84.56
981,0,0.0,0.0
982,17,0.3161764705882353,28.823529411764707
983,2,1.0,40.5
984,17,0.22058823529411764,24.941176470588236
985,33,0.30113636363636365,70.0909090909091
986,3,0.3333333333333333,31.333333333333332
987,19,0.30994152046783624,52.89473684210526
988,10,0.24444444444444444,52.5
989,31,0.34408602150537637,128.48387096774192
990,36,0.8111111111111111,85.52777777777777
991,14,0.08791208791208792,35.785714285714285
992,235,0.08376068376068375,122.0127659574468
993,5,0.8,22.0
994,5,0.1,82.4
995,31,0.221505376344086,178.80645161290323
996,1,0.0,18.0
997,87,0.3643410852713178,70.85057471264368
998,58,0.18753781004234724,109.22413793103448
999,52,0.23227752639517346,102.4423076923077
1000,42,0.33797909407665505,132.88095238095238
1001,4,0.5,28.5
1002,7,0.38095238095238093,53.57142857142857
1003,24,0.25,33.625
1004,7,0.19047619047619047,84.14285714285714
1005,51,0.1772549019607843,189.64705882352942
1006,21,0.23809523809523808,35.38095238095238
1007,25,0.38666666666666666,220.68
1008,46,0.4444444444444444,70.04347826086956
1009,51,0.7098039215686275,62.627450980392155
1010,9,0.25,33.44444444444444
1011,10,1.0,82.1
1012,63,0.3374295954941116,133.28571428571428
1013,21,0.3047619047619048,40.714285714285715
1014,94,0.2884923358499199,90.06382978723404
1015,29,0.31773399014778325,38.827586206896555
1016,36,0.9634920634920635,97.38888888888889
1017,124,0.23747705218987675,159.13709677419354
1018,65,0.48701923076923076,218.7076923076923
1019,45,0.23030303030303031,109.42222222222222
1020,19,0.15204678362573099,117.15789473684211
1021,12,0.7272727272727273,12.916666666666666
1022,5,0.4,12.8
1023,11,0.18181818181818182,82.63636363636364
1024,76,0.5828070175438597,134.1315789473684
1025,19,0.3567251461988304,67.42105263157895
1026,60,0.28418079096045196,143.43333333333334
1027,16,0.19166666666666668,84.5625
1028,4,1.0,9.25
1029,6,0.6,28.666666666666668
1030,9,0.4166666666666667,117.77777777777777
1031,9,0.19444444444444445,157.77777777777777
1032,9,0.2777777777777778,37.44444444444444
1033,3,0.6666666666666666,24.666666666666668
1034,7,0.3333333333333333,42.142857142857146
1035,15,1.0,33.46666666666667
1036,27,0.5327635327635327,64.0
1037,10,0.15555555555555556,20.4
1038,0,0.0,0.0
1039,87,0.24111200213846565,86.73563218390805
1040,14,0.38461538461538464,45.07142857142857
1041,50,0.46530612244897956,74.94
1042,14,0.26373626373626374,70.57142857142857
1043,38,0.21906116642958748,79.89473684210526
1044,32,0.2217741935483871,46.46875
1045,33,0.3712121212121212,49.45454545454545
1046,30,0.2045977011494253,35.7
1047,13,0.19230769230769232,21.846153846153847
1048,24,0.6992753623188406,59.25
1049,26,0.35384615384615387,52.15384615384615
1050,13,0.21794871794871795,42.23076923076923
1051,114,0.151995031827356,118.26315789473684
1052,7,0.14285714285714285,31.285714285714285
1053,10,0.4444444444444444,28.7
1054,15,0.5523809523809524,16.8
1055,13,0.6025641025641025,374.6923076923077
1056,144,0.2813714063714064,94.70833333333333
1057,15,0.3142857142857143,26.333333333333332
1058,1,0.0,13.0
1059,20,0.5210526315789473,41.55
1060,67,0.21890547263681592,189.13432835820896
1061,62,0.4986779481755685,44.54838709677419
1062,14,0.31868131868131866,61.285714285714285
1063,23,0.26877470355731226,52.08695652173913
1064,6,0.2,363.3333333333333
1065,4,0.16666666666666666,33.25
1066,12,0.6060606060606061,25.25
1067,0,0.0,0.0
1068,32,0.20161290322580644,81.53125
1069,25,0.30666666666666664,29.8
1070,4,0.6666666666666666,178.5
1071,64,0.27529761904761907,38.453125
1072,9,0.19444444444444445,26.666666666666668
1073,17,0.29411764705882354,61.1764705882353
1074,21,0.319047619047619,41.142857142857146
1075,13,0.2948717948717949,104.38461538461539
1076,39,0.2253711201079622,73.61538461538461
1077,66,0.25874125874125875,118.1969696969697
1078,74,0.3613476490188819,247.67567567567568
1079,26,0.35384615384615387,116.96153846153847
1080,10,0.17777777777777778,17.7
1081,1,0.0,149.0
1082,34,0.5597147950089126,243.02941176470588
1083,1,0.0,2.0
1084,41,0.3804878048780488,75.09756097560975
1085,55,0.2767676767676768,133.52727272727273
1086,20,0.12105263157894737,47.5
1087,13,0.1794871794871795,31.153846153846153
1088,20,0.5368421052631579,41.15
1089,41,0.33658536585365856,43.829268292682926
1090,2,0.0,1.5
1091,14,0.5934065934065934,215.92857142857142
1092,11,0.07272727272727272,44.63636363636363
1093,3,0.0,5.666666666666667
1094,49,0.3562925170068027,72.40816326530613
1095,20,0.2631578947368421,26.35
1096,4,0.5,15.25
1097,31,0.4021505376344086,55.064516129032256
1098,3,0.0,10.0
1099,36,0.580952380952381,94.11111111111111
1100,70,0.2596273291925466,92.04285714285714
1101,15,0.5714285714285714,129.4
1102,5,0.5,16.4
1103,31,0.18064516129032257,55.225806451612904
1104,2,0.0,1.5
1105,136,0.2540305010893246,140.0441176470588
1106,69,0.19224211423699913,65.7536231884058
1107,5,0.9,10.0
1108,64,0.18055555555555555,147.109375
1109,16,0.2,62.5625
1110,0,0.0,0.0
1111,17,0.3382352941176471,28.058823529411764
1112,20,0.45789473684210524,77.2
1113,19,0.4269005847953216,45.68421052631579
1114,20,0.15789473684210525,102.3
1115,4,0.16666666666666666,43.0
1116,89,0.16189989785495404,59.842696629213485
1117,15,0.5619047619047619,56.666666666666664
1118,72,0.2347417840375587,203.01388888888889
1119,10,0.28888888888888886,9.4
1120,61,0.28852459016393445,49.81967213114754
1121,216,0.13023255813953488,137.1435185185185
1122,78,0.3176823176823177,236.55128205128204
1123,434,0.0945924372878109,150.22350230414747
1124,0,0.0,0.0
1125,27,0.42735042735042733,123.81481481481481
1126,10,0.37777777777777777,25.7
1127,37,0.23123123123123124,196.75675675675674
1128,18,0.5620915032679739,26.944444444444443
1129,1,0.0,5.0
1130,47,0.5004625346901017,40.191489361702125
1131,2,1.0,14.5
1132,1,0.0,19.0
1133,25,0.3566666666666667,42.84
1134,114,0.2890855457227139,97.85087719298245
1135,10,0.13333333333333333,98.7
1136,8,0.39285714285714285,87.5
1137,1,0.0,10.0
1138,8,0.21428571428571427,32.625
1139,21,0.5619047619047619,18.61904761904762
1140,9,0.6944444444444444,39.22222222222222
1141,31,0.24946236559139784,34.32258064516129
1142,2,0.0,91.0
1143,0,0.0,0.0
1144,3,1.0,46.333333333333336
1145,5,0.1,280.4
1146,13,0.28205128205128205,120.23076923076923
1147,1,0.0,32.0
1148,25,0.24333333333333335,41.04
1149,130,0.23053070960047703,116.78461538461538
1150,34,0.4206773618538324,30.91176470588235
1151,129,0.23655523255813954,227.06976744186048
1152,1,0.0,10.0
1153,27,0.48717948717948717,57.074074074074076
1154,16,0.6,19.5625
1155,8,0.17857142857142858,28.0
1156,27,0.33903133903133903,56.074074074074076
1157,10,0.4,61.8
1158,144,0.2828282828282828,156.97916666666666
1159,187,0.13403484560979817,163.0855614973262
1160,117,0.2541998231653404,96.88034188034187
1161,8,0.25,69.875
1162,32,0.842741935483871,84.28125
1163,25,0.37,42.08
1164,104,0.17681105302464525,182.10576923076923
1165,0,0.0,0.0
1166,15,0.5904761904761905,66.6
1167,72,0.5246478873239436,360.56944444444446
1168,42,0.27293844367015097,88.47619047619048
1169,34,0.3493761140819964,27.647058823529413
1170,6,0.2,23.666666666666668
1171,12,0.21212121212121213,9.75
1172,25,0.2733333333333333,103.04
1173,14,0.26373626373626374,97.64285714285714
1174,51,0.3952941176470588,90.94117647058823
1175,63,0.2534562211981567,69.2063492063492
1176,0,0.0,0.0
1177,71,0.36338028169014086,72.35211267605634
1178,46,0.3111111111111111,126.30434782608695
1179,43,0.18161683277962348,51.7906976744186
1180,14,0.5824175824175825,31.5
1181,32,0.3588709677419355,38.84375
1182,17,0.39705882352941174,41.05882352941177
1183,105,0.1976190476190476,70.75238095238095
1184,23,0.5138339920948617,86.08695652173913
1185,59,0.27293980128579776,66.64406779661017
1186,22,0.48484848484848486,56.54545454545455
1187,243,0.1427065265449104,192.85185185185185
1188,22,0.22077922077922077,184.3181818181818
1189,3,0.0,14.666666666666666
1190,30,0.2827586206896552,116.86666666666666
1191,7,0.3333333333333333,20.428571428571427
1192,29,0.39655172413793105,52.689655172413794
1193,2,0.0,68.0
1194,47,0.4005550416281221,91.14893617021276
1195,72,0.2664319248826291,153.52777777777777
1196,12,0.24242424242424243,14.25
1197,63,0.329237071172555,296.92063492063494
1198,3,0.6666666666666666,3.0
1199,40,0.2128205128205128,234.45
1200,24,0.23550724637681159,38.041666666666664
1201,20,0.5263157894736842,75.3
1202,7,0.09523809523809523,15.571428571428571
1203,5,0.6,33.2
1204,12,0.45454545454545453,14.083333333333334
1205,9,0.3333333333333333,108.11111111111111
1206,1,0.0,1.0
1207,48,0.3324468085106383,101.54166666666667
1208,14,0.3516483516483517,31.857142857142858
1209,4,0.8333333333333334,84.25
1210,0,0.0,0.0
1211,15,0.7904761904761904,115.6
1212,27,0.3418803418803419,83.51851851851852
1213,5,0.2,71.2
1214,3,1.0,19.666666666666668
1215,20,0.21052631578947367,48.75
1216,24,0.27898550724637683,98.5
1217,38,0.3940256045519203,130.8684210526316
1218,80,0.3841772151898734,115.425
1219,5,0.5,20.4
1220,38,0.24466571834992887,37.71052631578947
1221,7,0.23809523809523808,38.714285714285715
1222,111,0.4227682227682228,93.3963963963964
1223,21,0.30952380952380953,90.71428571428571
1224,7,0.2857142857142857,79.28571428571429
1225,3,0.6666666666666666,20.666666666666668
1226,43,0.17497231450719822,81.67441860465117
1227,31,0.27741935483870966,55.74193548387097
1228,4,0.5,28.75
1229,7,0.42857142857142855,30.428571428571427
1230,1,0.0,8.0
1231,18,0.22875816993464052,19.72222222222222
1232,55,0.17575757575757575,55.69090909090909
1233,6,0.4,39.0
1234,12,0.24242424242424243,26.75
1235,10,0.28888888888888886,36.2
1236,32,0.2721774193548387,55.4375
1237,6,0.4,35.333333333333336
1238,7,0.6190476190476191,40.142857142857146
1239,2,0.0,58.5
1240,9,0.19444444444444445,39.0
1241,62,0.43046007403490216,274.35483870967744
1242,12,0.30303030303030304,124.5
1243,5,0.4,39.2
1244,81,0.20123456790123456,122.95061728395062
1245,31,0.2817204301075269,194.32258064516128
1246,20,0.2894736842105263,70.85
1247,21,0.24285714285714285,150.52380952380952
1248,3,0.0,11.0
1249,125,0.12451612903225806,98.464
1250,3,0.6666666666666666,22.666666666666668
1251,53,0.08490566037735849,96.75471698113208
1252,96,0.19407894736842105,89.26041666666667
1253,5,0.4,36.0
1254,13,0.4358974358974359,41.69230769230769
1255,17,0.18382352941176472,35.411764705882355
1256,21,0.10952380952380952,50.04761904761905
1257,58,0.23169993950393225,101.24137931034483
1258,105,0.39377289377289376,142.67619047619047
1259,79,0.15774099318403115,133.74683544303798
1260,11,0.2909090909090909,48.63636363636363
1261,9,0.5277777777777778,58.111111111111114
1262,24,0.13043478260869565,45.458333333333336
1263,12,0.19696969696969696,206.91666666666666
1264,5,0.4,50.8
1265,46,0.20772946859903382,120.0
1266,65,0.09134615384615384,67.49230769230769
1267,26,0.20923076923076922,46.96153846153846
1268,10,0.35555555555555557,60.8
1269,57,0.18922305764411027,105.56140350877193
1270,13,0.2692307692307692,60.30769230769231
1271,6,0.8666666666666667,94.16666666666667
1272,76,0.1080701754385965,48.64473684210526
1273,26,0.23076923076923078,72.57692307692308
1274,0,0.0,0.0
1275,22,0.5281385281385281,37.13636363636363
1276,52,0.1085972850678733,73.57692307692308
1277,2,0.0,9.0
1278,3,0.3333333333333333,135.33333333333334
1279,27,0.27635327635327633,37.77777777777778
1280,24,0.6521739130434783,200.0
1281,10,0.4,40.0
1282,10,0.3333333333333333,15.6
1283,1,0.0,2.0
1284,0,0.0,0.0
1285,48,0.42021276595744683,107.10416666666667
1286,77,0.23479152426520847,56.97402597402598
1287,30,0.1632183908045977,119.3
1288,98,0.11487481590574374,71.65306122448979
1289,12,0.45454545454545453,28.5
1290,82,0.1020776874435411,32.75609756097561
1291,26,0.18461538461538463,28.346153846153847
1292,13,0.9230769230769231,30.23076923076923
1293,13,0.1282051282051282,67.46153846153847
1294,132,0.31876012028683787,139.28030303030303
1295,29,0.24630541871921183,161.0
1296,36,0.48095238095238096,139.88888888888889
1297,12,0.2727272727272727,27.916666666666668
1298,34,0.6274509803921569,80.17647058823529
1299,7,0.23809523809523808,56.42857142857143
1300,40,0.09102564102564102,64.925
1301,50,0.28244897959183674,88.36
1302,119,0.26577410625267056,154.11764705882354
1303,45,0.26262626262626265,142.46666666666667
1304,0,0.0,0.0
1305,74,0.21214365049981487,84.71621621621621
1306,55,0.3434343434343434,193.65454545454546
1307,30,0.29195402298850576,71.76666666666667
1308,22,0.31601731601731603,55.13636363636363
1309,52,0.4291101055806938,46.05769230769231
1310,15,0.09523809523809523,27.466666666666665
1311,22,0.30735930735930733,101.54545454545455
1312,6,0.2,8.833333333333334
1313,2,0.0,3.0
1314,12,0.3333333333333333,12.25
1315,10,0.2,78.6
1316,23,0.6363636363636364,62.52173913043478
1317,6,0.26666666666666666,35.166666666666664
1318,19,0.36257309941520466,83.3157894736842
1319,1,0.0,7.0
1320,17,0.6985294117647058,31.705882352941178
1321,82,0.11231556760012044,59.96341463414634
1322,31,0.47096774193548385,86.90322580645162
1323,4,0.5,41.5
1324,98,0.3155901535872081,121.34693877551021
1325,1,0.0,12.0
1326,16,0.30833333333333335,58.5
1327,8,0.32142857142857145,45.25
1328,74,0.18585708996667902,41.932432432432435
1329,28,0.5661375661375662,35.892857142857146
1330,24,0.10869565217391304,102.375
1331,11,0.7818181818181819,21.454545454545453
1332,17,0.21323529411764705,35.76470588235294
1333,125,0.2047741935483871,79.776
1334,311,0.1333264184213256,158.15755627009645
1335,51,0.3192156862745098,187.88235294117646
1336,16,0.18333333333333332,143.6875
1337,235,0.14926350245499181,164.60851063829787
1338,3,0.3333333333333333,111.66666666666667
1339,12,0.3939393939393939,31.166666666666668
1340,24,0.38768115942028986,22.708333333333332
1341,13,0.4230769230769231,33.69230769230769
1342,12,0.2727272727272727,14.583333333333334
1343,38,0.3456614509246088,225.3421052631579
1344,22,0.6277056277056277,99.5
1345,39,0.38596491228070173,47.0
1346,57,0.36278195488721804,138.64912280701753
1347,81,0.2552469135802469,155.17283950617283
1348,143,0.21156308480252142,189.1118881118881
1349,106,0.4242587601078167,92.78301886792453
1350,20,0.18421052631578946,35.4
1351,7,0.9047619047619048,136.28571428571428
1352,7,0.5714285714285714,28.142857142857142
1353,72,0.14280125195618154,162.91666666666666
1354,26,0.13538461538461538,38.69230769230769
1355,29,0.33497536945812806,37.58620689655172
1356,15,0.3238095238095238,17.133333333333333
1357,86,0.22216142270861833,167.48837209302326
1358,38,0.34992887624466573,86.13157894736842
1359,4,1.0,15.25
1360,18,0.35294117647058826,100.66666666666667
1361,4,1.0,53.25
1362,9,0.3055555555555556,21.22222222222222
1363,21,0.1761904761904762,126.23809523809524
1364,0,0.0,0.0
1365,0,0.0,0.0
1366,146,0.21785545583372698,124.56849315068493
1367,64,0.2569444444444444,68.765625
1368,109,0.38413183826027864,122.01834862385321
1369,5,0.9,16.0
1370,45,0.2494949494949495,161.57777777777778
1371,63,0.12186379928315412,92.34920634920636
1372,22,0.341991341991342,226.0909090909091
1373,51,0.39215686274509803,58.96078431372549
1374,78,0.2644022644022644,78.5
1375,34,0.3315508021390374,283.4117647058824
1376,4,1.0,32.5
1377,34,0.7344028520499108,44.94117647058823
1378,14,0.0989010989010989,67.42857142857143
1379,14,0.5054945054945055,22.857142857142858
1380,13,0.2948717948717949,22.76923076923077
1381,8,0.32142857142857145,29.125
1382,5,0.2,32.4
1383,50,0.483265306122449,114.9
1384,16,0.225,65.8125
1385,12,0.7121212121212122,50.083333333333336
1386,38,0.5248933143669986,76.39473684210526
1387,0,0.0,0.0
1388,49,0.24404761904761904,122.79591836734694
1389,0,0.0,0.0
1390,10,0.4666666666666667,55.2
1391,42,0.39372822299651566,80.28571428571429
1392,5,0.2,94.6
1393,36,0.2253968253968254,24.055555555555557
1394,80,0.21613924050632913,113.825
1395,74,0.3950388744909293,118.4054054054054
1396,2,1.0,18.0
1397,26,0.3076923076923077,31.53846153846154
1398,9,0.3333333333333333,102.0
1399,1,0.0,2.0
1400,64,0.14037698412698413,151.484375
1401,173,0.25715822019088586,147.07514450867052
1402,10,0.5111111111111111,78.2
1403,83,0.3097267117249486,101.3132530120482
1404,19,0.26900584795321636,53.0
1405,40,0.2564102564102564,70.875
1406,30,0.7103448275862069,37.36666666666667
1407,22,0.11255411255411256,101.36363636363636
1408,41,0.35609756097560974,182.5121951219512
1409,0,0.0,0.0
1410,34,0.22459893048128343,55.705882352941174
1411,5,0.6,105.6
1412,27,0.23076923076923078,80.44444444444444
1413,15,0.3142857142857143,280.1333333333333
1414,10,0.2222222222222222,25.3
1415,11,0.18181818181818182,28.545454545454547
1416,29,0.29802955665024633,29.448275862068964
1417,5,0.8,21.4
1418,218,0.22762440282416607,98.41284403669725
1419,0,0.0,0.0
1420,15,0.21904761904761905,27.266666666666666
1421,124,0.2950432730133753,122.70967741935483
1422,17,0.36764705882352944,19.41176470588235
1423,23,0.48616600790513836,51.34782608695652
1424,47,0.3635522664199815,102.93617021276596
1425,4,0.5,13.0
1426,5,0.7,9.8
1427,9,0.3611111111111111,69.0
1428,18,0.1895424836601307,34.55555555555556
1429,25,0.2833333333333333,70.0
1430,42,0.21718931475029035,57.61904761904762
1431,37,0.3228228228228228,74.35135135135135
1432,40,0.5076923076923077,94.625
1433,14,0.1978021978021978,54.214285714285715
1434,12,0.5757575757575758,23.0
1435,1,0.0,7.0
1436,25,0.39,40.08
1437,6,0.8666666666666667,13.833333333333334
1438,4,0.0,15.25
1439,32,0.34475806451612906,38.65625
1440,7,0.38095238095238093,21.428571428571427
1441,24,0.2644927536231884,31.916666666666668
1442,140,0.22929085303186023,134.93571428571428
1443,2,0.0,7.5
1444,32,0.35080645161290325,89.125
1445,24,0.26811594202898553,50.666666666666664
1446,6,0.06666666666666667,37.666666666666664
1447,19,0.1871345029239766,47.26315789473684
1448,2,0.0,22.0
1449,27,0.27635327635327633,62.333333333333336
1450,141,0.2447821681864235,114.0354609929078
1451,4,0.0,10.25
1452,6,0.6666666666666666,30.666666666666668
1453,2,1.0,72.5
1454,2,1.0,43.5
1455,23,0.2608695652173913,27.304347826086957
1456,62,0.2527763088313062,76.30645161290323
1457,3,0.3333333333333333,6.333333333333333
1458,12,0.5606060606060606,264.75
1459,16,0.8833333333333333,119.5625
1460,13,0.21794871794871795,90.07692307692308
1461,15,0.17142857142857143,60.06666666666667
1462,25,0.18666666666666668,41.6
1463,5,0.6,6.0
1464,6,0.4,22.0
1465,0,0.0,0.0
1466,151,0.12609271523178808,141.33774834437085
1467,14,0.4835164835164835,23.714285714285715
1468,9,0.1111111111111111,33.333333333333336
1469,17,0.27205882352941174,40.23529411764706
1470,21,0.2571428571428571,105.66666666666667
1471,36,0.25396825396825395,108.97222222222223
1472,5,0.4,38.2
1473,91,0.22124542124542124,197.74725274725276
1474,7,0.38095238095238093,33.57142857142857
1475,5,0.7,68.2
1476,5,0.6,45.8
1477,7,0.5714285714285714,20.0
1478,5,0.1,29.6
1479,92,0.29001433349259437,124.91304347826087
1480,19,0.4093567251461988,54.21052631578947
1481,66,0.19627039627039627,51.04545454545455
1482,2,0.0,14.0
1483,7,0.047619047619047616,18.714285714285715
1484,6,0.26666666666666666,49.0
1485,38,0.25177809388335703,61.23684210526316
1486,17,0.3088235294117647,45.88235294117647
1487,11,0.6909090909090909,256.72727272727275
1488,25,0.2866666666666667,47.68
1489,1,0.0,55.0
1490,103,0.2640395964210927,260.15533980582524
1491,21,0.21428571428571427,114.57142857142857
1492,28,0.4312169312169312,48.392857142857146
1493,140,0.2036998972250771,167.84285714285716
1494,3,1.0,54.333333333333336
1495,7,0.19047619047619047,126.71428571428571
1496,1,0.0,28.0
1497,23,0.3557312252964427,158.3913043478261
1498,64,0.2757936507936508,129.984375
1499,21,0.6857142857142857,156.04761904761904
1500,6,0.26666666666666666,34.333333333333336
1501,3,0.6666666666666666,17.0
1502,51,0.32313725490196077,77.68627450980392
1503,15,0.20952380952380953,18.4
1504,43,0.5902547065337763,78.69767441860465
1505,15,0.3047619047619048,21.2
1506,6,0.5333333333333333,26.5
1507,2,1.0,14.0
1508,17,0.3014705882352941,48.705882352941174
1509,5,0.3,29.0
1510,15,0.3904761904761905,38.666666666666664
1511,27,0.14245014245014245,56.25925925925926
1512,18,0.1503267973856209,21.22222222222222
1513,108,0.19331948771201107,140.40740740740742
1514,52,0.2571644042232277,52.59615384615385
1515,100,0.41454545454545455,70.69
1516,0,0.0,0.0
1517,9,0.3888888888888889,27.0
1518,7,0.2857142857142857,42.714285714285715
1519,5,0.0,45.2
1520,11,0.8363636363636363,121.0
1521,365,0.1571729640222791,192.96712328767123
1522,25,0.44333333333333336,90.28
1523,12,0.4696969696969697,87.08333333333333
1524,17,0.41911764705882354,101.23529411764706
1525,43,0.3122923588039867,107.97674418604652
1526,15,0.2571428571428571,53.46666666666667
1527,11,0.4,52.54545454545455
1528,60,0.5327683615819209,57.516666666666666
1529,48,0.6622340425531915,75.9375
1530,21,0.14285714285714285,52.95238095238095
1531,2,0.0,11.5
1532,137,0.20126663804207814,161.83211678832117
1533,4,1.0,8.75
1534,6,0.26666666666666666,41.333333333333336
1535,88,0.25992685475444094,122.14772727272727
1536,33,0.2859848484848485,59.78787878787879
1537,29,0.41133004926108374,59.62068965517241
1538,36,0.2920634920634921,81.41666666666667
1539,47,0.1452358926919519,92.29787234042553
1540,135,0.19867330016583748,172.46666666666667
1541,9,0.8888888888888888,20.444444444444443
1542,34,0.3850267379679144,197.94117647058823
1543,3,0.3333333333333333,23.666666666666668
1544,10,0.15555555555555556,36.1
1545,14,0.23076923076923078,28.5
1546,60,0.24632768361581922,78.51666666666667
1547,17,0.375,39.94117647058823
1548,80,0.36455696202531646,81.9625
1549,27,0.20797720797720798,64.22222222222223
1550,7,0.19047619047619047,17.714285714285715
1551,9,0.3611111111111111,26.555555555555557
1552,6,0.26666666666666666,58.0
1553,27,0.6837606837606838,43.0
1554,41,0.2621951219512195,76.70731707317073
1555,4,0.16666666666666666,12.25
1556,19,0.07017543859649122,44.10526315789474
1557,16,0.35,34.5625
1558,15,0.4857142857142857,63.13333333333333
1559,1,0.0,1.0
1560,17,0.34558823529411764,68.47058823529412
1561,48,0.14184397163120568,45.854166666666664
1562,6,1.0,19.5
1563,3,0.0,17.0
1564,18,0.26143790849673204,40.55555555555556
1565,13,0.32051282051282054,16.76923076923077
1566,0,0.0,0.0
1567,5,0.4,3.8
1568,52,0.4155354449472097,50.71153846153846
1569,95,0.22866741321388578,196.30526315789473
1570,61,0.2540983606557377,57.377049180327866
1571,15,0.23809523809523808,27.866666666666667
1572,3,0.3333333333333333,8.333333333333334
1573,28,0.20105820105820105,30.535714285714285
1574,27,0.2336182336182336,44.407407407407405
1575,20,0.22631578947368422,46.55
1576,12,0.30303030303030304,157.91666666666666
1577,21,0.5904761904761905,30.761904761904763
1578,6,0.2,6.666666666666667
1579,35,0.346218487394958,56.6
1580,5,0.4,23.6
1581,13,0.14102564102564102,12.307692307692308
1582,10,0.2222222222222222,38.9
1583,220,0.1924865089248651,140.92727272727274
1584,14,0.07692307692307693,10.5
1585,6,0.6,31.833333333333332
1586,35,0.23361344537815126,55.25714285714286
1587,5,0.2,56.4
1588,7,0.14285714285714285,33.285714285714285
1589,28,0.1746031746031746,60.32142857142857
1590,32,0.2762096774193548,76.84375
1591,81,0.175,48.370370370370374
1592,20,0.2578947368421053,39.75
1593,61,0.5333333333333333,76.55737704918033
1594,13,0.20512820512820512,41.23076923076923
1595,63,0.28110599078341014,86.53968253968254
1596,25,0.3333333333333333,56.4
1597,99,0.30550401978973407,257.6969696969697
1598,24,0.37318840579710144,48.333333333333336
1599,5,0.7,135.6
1600,7,0.19047619047619047,45.0
1601,33,0.2708333333333333,42.75757575757576
1602,1,0.0,3.0
1603,3,0.3333333333333333,4.666666666666667
1604,1,0.0,14.0
1605,14,0.5604395604395604,30.5
1606,0,0.0,0.0
1607,13,0.2948717948717949,36.46153846153846
1608,9,0.4166666666666667,18.555555555555557
1609,11,0.34545454545454546,88.36363636363636
1610,17,0.5441176470588235,44.05882352941177
1611,42,0.30313588850174217,266.26190476190476
1612,0,0.0,0.0
1613,33,0.23295454545454544,95.18181818181819
1614,28,0.31746031746031744,92.32142857142857
1615,13,0.2564102564102564,63.07692307692308
1616,0,0.0,0.0
1617,19,0.22807017543859648,27.0
1618,19,0.4619883040935672,70.52631578947368
1619,14,0.34065934065934067,25.0
1620,1,0.0,10.0
1621,212,0.1896628811589019,156.4009433962264
1622,4,0.16666666666666666,67.0
1623,174,0.2999136270015281,132.94252873563218
1624,32,0.21370967741935484,69.1875
1625,13,0.2564102564102564,23.307692307692307
1626,62,0.1797990481226864,102.7258064516129
1627,3,0.3333333333333333,15.333333333333334
1628,9,0.4166666666666667,16.666666666666668
1629,9,0.4722222222222222,30.77777777777778
1630,0,0.0,0.0
1631,89,0.41905005107252297,70.3932584269663
1632,88,0.4696969696969697,111.4659090909091
1633,5,0.3,18.4
1634,85,0.4050420168067227,146.57647058823528
1635,22,0.4675324675324675,39.54545454545455
1636,4,0.8333333333333334,37.25
1637,23,0.2015810276679842,60.04347826086956
1638,44,0.24312896405919662,65.18181818181819
1639,39,0.5222672064777328,131.6153846153846
1640,143,0.20506254309071212,203.46853146853147
1641,88,0.2280564263322884,211.625
1642,42,0.15563298490127758,65.52380952380952
1643,50,0.6106122448979592,137.62
1644,7,0.42857142857142855,84.14285714285714
1645,39,0.19973009446693657,102.92307692307692
1646,148,0.18955690384261814,193.1891891891892
1647,23,0.4426877470355731,92.78260869565217
1648,40,0.3564102564102564,146.65
1649,6,0.06666666666666667,9.333333333333334
1650,18,0.28104575163398693,24.666666666666668
1651,17,0.16176470588235295,60.0
1652,27,0.396011396011396,89.37037037037037
1653,3,0.3333333333333333,22.666666666666668
1654,108,0.16701280719972308,115.81481481481481
1655,81,0.24691358024691357,225.2469135802469
1656,13,0.358974358974359,97.61538461538461
1657,106,0.2560646900269542,134.19811320754718
1658,55,0.3138047138047138,55.127272727272725
1659,1,0.0,61.0
1660,10,0.3111111111111111,84.4
1661,37,0.32732732732732733,35.567567567567565
1662,5,0.6,6.8
1663,13,0.23076923076923078,36.30769230769231
1664,6,0.2,29.0
1665,3,0.3333333333333333,12.666666666666666
1666,1,0.0,9.0
1667,41,0.25,47.146341463414636
1668,2,0.0,9.5
1669,39,0.3481781376518219,131.07692307692307
1670,47,0.25624421831637373,141.3404255319149
1671,226,0.12015732546705998,154.67256637168143
1672,2,1.0,20.5
1673,32,0.375,82.53125
1674,9,0.75,28.666666666666668
1675,56,0.32142857142857145,34.19642857142857
1676,74,0.5223991114402073,73.70270270270271
1677,41,0.3329268292682927,126.65853658536585
1678,30,0.4459770114942529,47.4
1679,34,0.34759358288770054,72.1470588235294
1680,6,0.26666666666666666,56.666666666666664
1681,17,0.47058823529411764,31.176470588235293
1682,17,0.5367647058823529,77.17647058823529
1683,37,0.41291291291291293,59.21621621621622
1684,196,0.14725274725274726,175.67857142857142
1685,25,0.52,54.88
1686,4,0.3333333333333333,5.25
1687,2,1.0,40.0
1688,12,0.25757575757575757,48.0
1689,45,0.40404040404040403,43.08888888888889
1690,33,0.3996212121212121,30.09090909090909
1691,15,0.22857142857142856,71.8
1692,37,0.21171171171171171,152.45945945945945
1693,14,0.16483516483516483,28.285714285714285
1694,9,0.4444444444444444,52.666666666666664
1695,56,0.2448051948051948,148.94642857142858
1696,70,0.25175983436853,134.25714285714287
1697,1,0.0,80.0
1698,80,0.1810126582278481,96.0875
1699,1,0.0,164.0
1700,25,0.2733333333333333,21.52
1701,5,0.4,78.2
1702,25,0.6433333333333333,86.6
1703,14,0.21978021978021978,47.785714285714285
1704,31,0.36129032258064514,37.45161290322581
1705,2,0.0,28.5
1706,17,0.19852941176470587,53.470588235294116
1707,42,0.3681765389082462,72.26190476190476
1708,25,0.53,50.72
1709,2,0.0,3.5
1710,17,0.17647058823529413,34.0
1711,15,0.2571428571428571,48.46666666666667
1712,30,0.21379310344827587,73.43333333333334
1713,4,1.0,11.0
1714,52,0.26772247360482654,81.63461538461539
1715,44,0.2653276955602537,65.5
1716,6,0.4,48.666666666666664
1717,23,0.5612648221343873,62.43478260869565
1718,20,0.18947368421052632,40.65
1719,14,0.3076923076923077,39.42857142857143
1720,14,0.24175824175824176,251.07142857142858
1721,11,0.34545454545454546,48.09090909090909
1722,32,0.3346774193548387,37.6875
1723,15,0.26666666666666666,92.4
1724,87,0.12135792568831863,143.44827586206895
1725,39,0.2968960863697706,92.53846153846153
1726,18,0.477124183006536,40.0
1727,12,0.6060606060606061,21.666666666666668
1728,18,0.2679738562091503,110.44444444444444
1729,8,0.21428571428571427,17.625
1730,2,1.0,7.0
1731,15,0.3523809523809524,117.0
1732,70,0.13167701863354037,68.61428571428571
1733,24,0.45652173913043476,60.875
1734,36,0.32857142857142857,204.11111111111111
1735,24,0.15579710144927536,51.333333333333336
1736,15,0.38095238095238093,99.53333333333333
1737,7,0.47619047619047616,25.285714285714285
1738,12,0.13636363636363635,38.5
1739,75,0.23063063063063063,52.57333333333333
1740,46,0.27053140096618356,196.58695652173913
1741,19,0.17543859649122806,166.6315789473684
1742,14,0.5824175824175825,41.857142857142854
1743,24,0.2536231884057971,44.708333333333336
1744,73,0.2568493150684932,76.46575342465754
1745,22,0.2857142857142857,76.22727272727273
1746,169,0.1575795998872922,172.09467455621302
1747,87,0.36006415396952685,115.0
1748,30,0.45517241379310347,163.66666666666666
1749,8,0.25,298.0
1750,24,0.34782608695652173,307.75
1751,5,0.2,36.6
1752,31,0.3247311827956989,39.806451612903224
1753,208,0.22106094388703085,220.23076923076923
1754,5,0.5,124.6
1755,19,0.25146198830409355,249.0
1756,1,0.0,3.0
1757,39,0.17273954116059378,67.41025641025641
1758,8,0.75,89.625
1759,77,0.24812030075187969,73.55844155844156
1760,30,0.24597701149425288,69.26666666666667
1761,1,0.0,22.0
1762,36,0.2761904761904762,88.61111111111111
1763,12,0.13636363636363635,55.083333333333336
1764,43,0.11406423034330011,69.88372093023256
1765,39,0.3441295546558704,198.3846153846154
1766,22,0.2077922077922078,82.5
1767,24,0.6268115942028986,204.25
1768,26,0.28,107.0
1769,6,0.26666666666666666,74.0
1770,15,0.3333333333333333,38.13333333333333
1771,19,0.18128654970760233,81.0
1772,16,0.3333333333333333,35.4375
1773,5,0.5,11.6
1774,30,0.20919540229885059,185.6
1775,41,0.3524390243902439,68.1951219512195
1776,63,0.40040962621607784,60.42857142857143
1777,48,0.23847517730496454,44.666666666666664
1778,6,0.5333333333333333,30.166666666666668
1779,16,0.325,21.875
1780,1,0.0,66.0
1781,42,0.3821138211382114,39.642857142857146
1782,11,0.41818181818181815,181.36363636363637
1783,38,0.30014224751066854,37.78947368421053
1784,11,0.2545454545454545,62.09090909090909
1785,44,0.1733615221987315,68.25
1786,19,0.25146198830409355,18.210526315789473
1787,60,0.14858757062146893,86.88333333333334
1788,7,0.6190476190476191,84.0
1789,14,0.6153846153846154,72.0
1790,110,0.28140116763969975,166.44545454545454
1791,10,0.26666666666666666,61.9
1792,18,0.13725490196078433,49.94444444444444
1793,19,0.3391812865497076,52.26315789473684
1794,110,0.2738949124270225,70.97272727272727
1795,7,0.38095238095238093,52.714285714285715
1796,1,0.0,5.0
1797,2,0.0,7.5
1798,13,0.24358974358974358,74.23076923076923
1799,8,0.21428571428571427,82.875
1800,52,0.19004524886877827,133.30769230769232
1801,32,0.2318548387096774,131.84375
1802,22,0.15151515151515152,88.13636363636364
1803,2,0.0,19.0
1804,2,1.0,28.0
1805,119,0.32360062669135453,112.6890756302521
1806,36,0.2365079365079365,41.02777777777778
1807,23,0.3557312252964427,46.17391304347826
1808,260,0.18327888327888328,127.40384615384616
1809,5,0.2,34.4
1810,51,0.3537254901960784,113.11764705882354
1811,8,0.17857142857142858,21.5
1812,47,0.19056429232192415,162.06382978723406
1813,21,0.2904761904761905,79.52380952380952
1814,50,0.18857142857142858,100.38
1815,24,0.5036231884057971,34.833333333333336
1816,32,0.43548387096774194,172.375
1817,13,0.16666666666666666,156.53846153846155
1818,108,0.13499480789200416,49.28703703703704
1819,19,0.2807017543859649,69.21052631578948
1820,5,0.5,66.2
1821,43,0.23145071982281284,100.25581395348837
1822,9,0.5555555555555556,27.666666666666668
1823,10,0.6,23.5
1824,8,0.5714285714285714,42.125
1825,21,0.22380952380952382,57.23809523809524
1826,0,0.0,0.0
1827,7,0.47619047619047616,35.57142857142857
1828,10,0.37777777777777777,104.0
1829,2,0.0,37.0
1830,39,0.14979757085020243,105.97435897435898
1831,28,0.6402116402116402,99.92857142857143
1832,5,0.6,48.0
1833,4,0.16666666666666666,13.25
1834,150,0.268993288590604,189.84666666666666
1835,125,0.1761290322580645,147.16
1836,215,0.16635514018691588,138.7906976744186
1837,16,0.4166666666666667,76.0
1838,93,0.24357176250584386,135.96774193548387
1839,63,0.21658986175115208,97.7936507936508
1840,42,0.445993031358885,82.0952380952381
1841,8,0.4642857142857143,280.875
1842,32,0.21975806451612903,44.0
1843,3,0.6666666666666666,103.33333333333333
1844,363,0.14122642801698554,129.38842975206612
1845,16,0.2,54.9375
1846,25,0.36333333333333334,52.8
1847,11,0.14545454545454545,68.45454545454545
1848,2,1.0,115.5
1849,11,0.34545454545454546,64.18181818181819
1850,50,0.2089795918367347,75.0
1851,155,0.18692919983242565,143.1290322580645
1852,34,0.26916221033868093,48.76470588235294
1853,47,0.4588344125809436,56.808510638297875
1854,31,0.12903225806451613,116.64516129032258
1855,3,0.0,96.0
1856,0,0.0,0.0
1857,27,0.3817663817663818,62.25925925925926
1858,117,0.29958738579428235,114.52991452991454
1859,89,0.19662921348314608,205.26966292134833
1860,51,0.4266666666666667,38.627450980392155
1861,3,0.0,19.0
1862,283,0.19492268751722927,204.8939929328622
1863,41,0.4402439024390244,181.3170731707317
1864,5,0.2,57.6
1865,116,0.1904047976011994,140.8793103448276
1866,12,0.5454545454545454,31.833333333333332
1867,23,0.48221343873517786,25.26086956521739
1868,12,0.4696969696969697,51.5
1869,35,0.1815126050420168,65.02857142857142
1870,56,0.24675324675324675,63.875
1871,37,0.25225225225225223,27.675675675675677
1872,13,0.3974358974358974,301.53846153846155
1873,2,1.0,4.0
1874,6,0.26666666666666666,14.5
1875,116,0.17766116941529236,113.55172413793103
1876,85,0.126890756302521,94.98823529411764
1877,77,0.6360218728639782,82.74025974025975
1878,3,0.0,32.0
1879,11,0.18181818181818182,61.54545454545455
1880,3,0.0,29.333333333333332
1881,23,0.5533596837944664,76.3913043478261
1882,13,0.28205128205128205,25.53846153846154
1883,46,0.23671497584541062,94.3913043478261
1884,31,0.24301075268817204,50.645161290322584
1885,29,0.20935960591133004,36.241379310344826
1886,48,0.2154255319148936,41.541666666666664
1887,75,0.6500900900900901,138.73333333333332
1888,28,0.2777777777777778,98.82142857142857
1889,187,0.1425449945374044,129.86096256684493
1890,8,0.14285714285714285,44.625
1891,14,0.45054945054945056,42.857142857142854
1892,42,0.2613240418118467,65.45238095238095
1893,25,0.21,147.44
1894,8,0.25,35.125
1895,22,0.3939393939393939,151.04545454545453
1896,40,0.26794871794871794,42.625
1897,26,0.27692307692307694,59.19230769230769
1898,12,0.24242424242424243,39.5
1899,9,0.7222222222222222,31.333333333333332
1900,6,1.0,18.833333333333332
1901,4,0.16666666666666666,41.75
1902,181,0.17476979742173113,107.9060773480663
1903,1,0.0,110.0
1904,52,0.4132730015082956,42.67307692307692
1905,59,0.2776154295733489,85.52542372881356
1906,12,0.13636363636363635,46.416666666666664
1907,32,0.1814516129032258,97.90625
1908,43,0.301218161683278,48.18604651162791
1909,213,0.2568429444592081,229.08920187793427
1910,42,0.12775842044134728,110.21428571428571
1911,4,0.3333333333333333,61.5
1912,29,0.21921182266009853,31.551724137931036
1913,40,0.23076923076923078,93.85
1914,6,0.26666666666666666,67.66666666666667
1915,89,0.24387129724208376,191.82022471910113
1916,3,0.0,3.6666666666666665
1917,25,0.26,40.0
1918,8,0.21428571428571427,44.0
1919,1,0.0,22.0
1920,82,0.20656428786510087,124.8170731707317
1921,15,0.9047619047619048,54.8
1922,25,0.5066666666666667,67.04
1923,60,0.43954802259887005,143.28333333333333
1924,0,0.0,0.0
1925,16,0.31666666666666665,17.375
1926,32,0.4475806451612903,83.90625
1927,33,0.2178030303030303,44.21212121212121
1928,68,0.2019315188762072,87.30882352941177
1929,51,0.2054901960784314,86.68627450980392
1930,2,1.0,8.5
1931,10,0.2222222222222222,18.7
1932,65,0.14471153846153847,47.49230769230769
1933,77,0.21189336978810663,128.58441558441558
1934,10,0.24444444444444444,50.0
1935,12,0.24242424242424243,47.416666666666664
1936,69,0.4300937766410912,55.42028985507246
1937,14,0.27472527472527475,12.571428571428571
1938,49,0.14625850340136054,63.3469387755102
1939,39,0.3468286099865047,44.53846153846154
1940,2,1.0,19.5
1941,79,0.21518987341772153,123.64556962025317
1942,15,0.2857142857142857,48.93333333333333
1943,84,0.46156052782558804,112.86904761904762
1944,54,0.34521313766596784,47.27777777777778
1945,6,0.5333333333333333,35.333333333333336
1946,22,0.4588744588744589,154.1818181818182
1947,28,0.2275132275132275,98.60714285714286
1948,42,0.8362369337979094,89.92857142857143
1949,44,0.21987315010570824,142.5681818181818
1950,1,0.0,13.0
1951,5,0.9,45.4
1952,132,0.19326856349757113,132.0530303030303
1953,25,0.19333333333333333,55.92
1954,5,0.2,326.2
1955,40,0.3269230769230769,67.825
1956,11,0.5454545454545454,29.454545454545453
1957,31,0.16989247311827957,83.38709677419355
1958,131,0.14104521432765707,157.4198473282443
1959,18,0.4444444444444444,118.83333333333333
1960,9,0.4444444444444444,28.11111111111111
1961,1,0.0,9.0
1962,59,0.2963179427235535,43.67796610169491
1963,3,1.0,26.666666666666668
1964,20,0.24210526315789474,58.8
1965,0,0.0,0.0
1966,3,0.0,11.333333333333334
1967,5,0.2,35.4
1968,94,0.45138412262640126,81.54255319148936
1969,35,0.26218487394957984,47.885714285714286
1970,5,0.6,46.6
1971,11,0.32727272727272727,36.0
1972,45,0.804040404040404,103.57777777777778
1973,22,0.6233766233766234,36.45454545454545
1974,46,0.2743961352657005,111.34782608695652
1975,51,0.2980392156862745,39.745098039215684
1976,15,0.5714285714285714,102.13333333333334
1977,1,0.0,51.0
1978,3,1.0,4.666666666666667
1979,8,0.7857142857142857,48.75
1980,23,0.20948616600790515,38.82608695652174
1981,2,0.0,34.0
1982,8,0.35714285714285715,141.625
1983,8,0.7857142857142857,29.5
1984,25,0.4066666666666667,44.56
1985,11,0.32727272727272727,19.90909090909091
1986,19,0.631578947368421,52.26315789473684
1987,35,0.2672268907563025,131.37142857142857
1988,12,0.4090909090909091,110.41666666666667
1989,5,0.8,12.6
1990,5,0.8,34.2
1991,23,0.15810276679841898,48.43478260869565
1992,54,0.18798043326345212,50.7962962962963
1993,48,0.324468085106383,42.583333333333336
1994,9,0.2222222222222222,10.444444444444445
1995,62,0.3744050766790058,81.66129032258064
1996,3,0.3333333333333333,37.333333333333336
1997,7,0.5238095238095238,18.714285714285715
1998,52,0.45248868778280543,61.84615384615385
1999,95,0.29092945128779396,99.13684210526316
2000,26,0.29846153846153844,57.0
2001,0,0.0,0.0
2002,12,0.4696969696969697,50.583333333333336
2003,0,0.0,0.0
2004,7,0.19047619047619047,30.571428571428573
2005,16,0.275,45.6875
2006,4,0.16666666666666666,31.75
2007,33,0.42424242424242425,63.72727272727273
2008,15,0.3619047619047619,38.266666666666666
2009,8,0.5357142857142857,27.625
2010,56,0.261038961038961,116.125
2011,56,0.11233766233766233,82.66071428571429
2012,103,0.2076908433276223,64.69902912621359
2013,5,0.4,18.6
2014,30,0.46206896551724136,91.6
2015,57,0.20676691729323307,35.87719298245614
2016,5,0.1,15.4
2017,20,0.17894736842105263,26.95
2018,25,0.18,33.88
2019,76,0.15228070175438596,71.44736842105263
2020,27,0.6096866096866097,54.7037037037037
2021,11,0.38181818181818183,66.54545454545455
2022,39,0.2807017543859649,105.07692307692308
2023,7,0.47619047619047616,23.142857142857142
2024,0,0.0,0.0
2025,42,0.16260162601626016,25.785714285714285
2026,63,0.42601126472094214,50.15873015873016
2027,16,0.45,28.25
2028,58,0.4440411373260738,123.34482758620689
2029,45,0.2919191919191919,55.4
2030,25,0.32,108.6
2031,16,0.15833333333333333,42.0
2032,148,0.19516455230740945,135.24324324324326
2033,15,0.24761904761904763,27.2
2034,107,0.1426556162934227,101.49532710280374
2035,3,0.0,33.0
2036,48,0.15691489361702127,48.0625
2037,31,0.4924731182795699,44.193548387096776
2038,12,0.8636363636363636,53.5
2039,78,0.16217116217116218,149.05128205128204
2040,1,0.0,35.0
2041,127,0.07549056367954006,83.25196850393701
2042,9,0.25,86.33333333333333
2043,53,0.44920174165457183,74.45283018867924
2044,59,0.22033898305084745,38.94915254237288
2045,4,0.5,82.75
2046,3,0.3333333333333333,41.0
2047,51,0.4117647058823529,94.49019607843137
2048,44,0.4608879492600423,64.75
2049,109,0.10822290180088345,64.36697247706422
2050,17,0.2426470588235294,45.76470588235294
2051,20,0.14210526315789473,63.65
2052,26,0.5415384615384615,132.07692307692307
2053,75,0.16216216216216217,60.08
2054,17,0.40441176470588236,32.64705882352941
2055,80,0.2079113924050633,90.0
2056,30,0.22298850574712645,110.73333333333333
2057,56,0.34805194805194806,38.482142857142854
2058,3,0.0,44.0
2059,3,1.0,35.666666666666664
2060,57,0.2575187969924812,59.03508771929825
2061,21,0.24285714285714285,39.333333333333336
2062,14,0.9560439560439561,25.214285714285715
2063,71,0.269215291750503,39.76056338028169
2064,40,0.2358974358974359,50.4
2065,19,0.6081871345029239,70.52631578947368
2066,10,0.08888888888888889,114.9
2067,134,0.29637526652452023,126.48507462686567
2068,59,0.2104032729398013,174.88135593220338
2069,202,0.1516181468893158,83.05940594059406
2070,4,0.3333333333333333,48.5
2071,0,0.0,0.0
2072,1,0.0,20.0
2073,17,0.13970588235294118,40.35294117647059
2074,256,0.13256740196078431,157.20703125
2075,284,0.14492609366446027,161.21478873239437
2076,2,1.0,8.0
2077,25,0.48,58.08
2078,3,1.0,86.0
2079,1,0.0,8.0
2080,28,0.25396825396825395,46.67857142857143
2081,13,0.15384615384615385,153.15384615384616
2082,24,0.32971014492753625,64.66666666666667
2083,39,0.13090418353576247,107.02564102564102
2084,5,0.5,120.0
2085,16,0.6333333333333333,60.625
2086,43,0.3399778516057586,23.3953488372093
2087,74,0.30211032950758976,62.36486486486486
2088,54,0.5262054507337526,128.2962962962963
2089,24,0.14492753623188406,45.208333333333336
2090,0,0.0,0.0
2091,18,0.3464052287581699,94.55555555555556
2092,16,0.275,89.3125
2093,201,0.23467661691542288,183.93532338308458
2094,50,0.43020408163265306,151.98
2095,5,0.5,12.8
2096,69,0.5029838022165388,77.14492753623189
2097,19,0.09941520467836257,39.8421052631579
2098,0,0.0,0.0
2099,9,0.5277777777777778,13.666666666666666
2100,4,0.5,46.75
2101,1,0.0,35.0
2102,7,0.2857142857142857,69.28571428571429
2103,30,0.26436781609195403,131.5
2104,28,0.09523809523809523,70.89285714285714
2105,23,0.2608695652173913,35.95652173913044
2106,50,0.3183673469387755,75.46
2107,168,0.2423011120615911,125.51785714285714
2108,2,1.0,11.0
2109,11,0.4,111.81818181818181
2110,2,0.0,15.5
2111,9,0.6388888888888888,12.777777777777779
2112,1,0.0,47.0
2113,43,0.16168327796234774,83.74418604651163
2114,10,0.17777777777777778,44.9
2115,26,0.19692307692307692,70.88461538461539
2116,21,0.6619047619047619,53.714285714285715
2117,4,0.5,45.0
2118,1,0.0,5.0
2119,90,0.3700374531835206,107.7
2120,8,0.5714285714285714,52.125
2121,5,0.6,20.4
2122,90,0.586267166042447,88.18888888888888
2123,22,0.1774891774891775,122.04545454545455
2124,6,0.2,17.166666666666668
2125,46,0.2,122.80434782608695
2126,16,0.4083333333333333,41.1875
2127,3,0.6666666666666666,175.66666666666666
2128,6,1.0,21.0
2129,29,0.3694581280788177,38.44827586206897
2130,44,0.2758985200845666,68.5909090909091
2131,7,0.38095238095238093,60.57142857142857
2132,7,0.7619047619047619,148.71428571428572
2133,45,0.29393939393939394,149.75555555555556
2134,26,0.29846153846153844,172.8846153846154
2135,77,0.16883116883116883,124.07792207792208
2136,56,0.2714285714285714,206.69642857142858
2137,82,0.2336645588678109,70.40243902439025
2138,4,0.3333333333333333,23.0
2139,101,0.30554455445544554,138.0
2140,18,0.43137254901960786,25.27777777777778
2141,121,0.1384297520661157,93.66115702479338
2142,26,0.6184615384615385,54.03846153846154
2143,34,0.2281639928698752,100.67647058823529
2144,6,0.3333333333333333,28.0
2145,20,0.5631578947368421,88.1
2146,92,0.19947443860487338,99.58695652173913
2147,28,0.5582010582010583,26.142857142857142
2148,84,0.22662076878944348,120.42857142857143
2149,22,0.46320346320346323,122.04545454545455
2150,33,0.42803030303030304,62.24242424242424
2151,37,0.3783783783783784,39.189189189189186
2152,4,0.5,3.75
2153,0,0.0,0.0
2154,33,0.6117424242424242,57.45454545454545
2155,18,0.35294117647058826,22.38888888888889
2156,101,0.4310891089108911,124.16831683168317
2157,4,0.5,10.5
2158,1,0.0,15.0
2159,31,0.3139784946236559,90.3225806451613
2160,6,0.4,59.666666666666664
2161,3,0.3333333333333333,84.66666666666667
2162,52,0.21945701357466063,66.92307692307692
2163,34,0.4385026737967914,21.852941176470587
2164,18,0.37254901960784315,111.61111111111111
2165,11,0.2545454545454545,75.45454545454545
2166,11,0.3090909090909091,177.8181818181818
2167,15,0.3333333333333333,352.0
2168,12,0.21212121212121213,72.83333333333333
2169,3,0.0,9.0
2170,55,0.18451178451178452,191.6
2171,17,0.2647058823529412,20.352941176470587
2172,21,0.6523809523809524,76.71428571428571
2173,44,0.26004228329809725,82.70454545454545
2174,0,0.0,0.0
2175,35,0.33949579831932775,179.82857142857142
2176,2,0.0,18.5
2177,4,0.16666666666666666,17.25
2178,20,0.32105263157894737,90.75
2179,36,0.24603174603174602,70.86111111111111
2180,0,0.0,0.0
2181,34,0.39750445632798576,82.0
2182,7,0.19047619047619047,13.857142857142858
2183,36,0.42063492063492064,127.72222222222223
2184,5,0.3,18.2
2185,25,0.38,224.4
2186,37,0.19519519519519518,85.91891891891892
2187,108,0.40134994807892005,86.12962962962963
2188,4,0.5,146.0
2189,19,0.3567251461988304,62.21052631578947
2190,18,0.22875816993464052,11.166666666666666
2191,21,0.319047619047619,50.523809523809526
2192,7,0.047619047619047616,14.285714285714286
2193,13,0.4230769230769231,45.23076923076923
2194,0,0.0,0.0
2195,5,0.3,23.6
2196,8,0.8928571428571429,42.0
2197,32,0.36693548387096775,157.84375
2198,68,0.3353819139596137,162.4264705882353
2199,9,0.3888888888888889,29.333333333333332
2200,43,0.6002214839424141,40.83720930232558
2201,2,0.0,6.5
2202,54,0.28162124388539483,53.31481481481482
2203,286,0.16226229910440437,173.69230769230768
2204,16,0.375,63.0625
2205,9,0.3611111111111111,101.44444444444444
2206,158,0.16737885995323712,183.43037974683546
2207,61,0.5098360655737705,44.73770491803279
2208,56,0.2551948051948052,90.05357142857143
2209,7,0.5238095238095238,131.57142857142858
2210,28,0.4497354497354497,41.92857142857143
2211,4,0.3333333333333333,34.5
2212,20,0.3684210526315789,46.9
2213,150,0.34129753914988814,127.61333333333333
2214,12,0.3333333333333333,52.5
2215,8,0.8928571428571429,28.125
2216,14,0.27472527472527475,81.0
2217,10,0.6222222222222222,91.8
2218,40,0.24102564102564103,74.375
2219,48,0.800531914893617,91.45833333333333
2220,14,0.7802197802197802,54.285714285714285
2221,8,0.2857142857142857,24.875
2222,8,0.21428571428571427,74.875
2223,51,0.21411764705882352,205.1764705882353
2224,5,0.8,100.0
2225,15,0.34285714285714286,31.0
2226,19,0.27485380116959063,57.0
2227,2,1.0,19.5
2228,81,0.15308641975308643,95.71604938271605
2229,42,0.3600464576074332,48.19047619047619
2230,16,0.475,33.75
2231,2,1.0,10.5
2232,15,0.6666666666666666,56.46666666666667
2233,2,0.0,2.0
2234,46,0.2541062801932367,155.2608695652174
2235,4,0.16666666666666666,11.75
2236,43,0.4695459579180509,108.51162790697674
2237,48,0.3191489361702128,93.66666666666667
2238,11,0.12727272727272726,45.09090909090909
2239,3,1.0,5.666666666666667
2240,19,0.3216374269005848,236.21052631578948
2241,4,0.16666666666666666,61.5
2242,32,0.09475806451612903,56.25
2243,28,0.3544973544973545,43.42857142857143
2244,6,0.4,47.666666666666664
2245,7,0.19047619047619047,10.714285714285714
2246,3,1.0,22.0
2247,5,0.7,21.2
2248,2,1.0,16.0
2249,112,0.21138996138996138,221.41071428571428
2250,14,0.2087912087912088,37.785714285714285
2251,4,0.16666666666666666,5.75
2252,65,0.14182692307692307,157.23076923076923
2253,11,0.5636363636363636,27.363636363636363
2254,3,0.0,79.0
2255,15,0.18095238095238095,46.53333333333333
2256,4,0.3333333333333333,15.75
2257,12,0.4393939393939394,30.5
2258,47,0.4338575393154487,39.87234042553192
2259,97,0.265893470790378,148.4020618556701
2260,25,0.3,58.92
2261,26,0.26461538461538464,52.76923076923077
2262,9,0.2222222222222222,21.666666666666668
2263,6,0.06666666666666667,15.166666666666666
2264,12,0.13636363636363635,25.25
2265,24,0.39492753623188404,32.916666666666664
2266,40,0.3371794871794872,117.075
2267,152,0.18647612408504705,105.1842105263158
2268,72,0.2038341158059468,213.48611111111111
2269,106,0.21293800539083557,118.13207547169812
2270,14,0.4065934065934066,39.0
2271,2,1.0,14.5
2272,8,0.25,25.25
2273,36,0.6126984126984127,56.083333333333336
2274,31,0.4172043010752688,138.48387096774192
2275,21,0.8285714285714286,102.52380952380952
2276,46,0.3565217391304348,38.84782608695652
2277,2,0.0,6.0
2278,2,0.0,1.5
2279,11,0.32727272727272727,37.72727272727273
2280,29,0.26108374384236455,39.724137931034484
2281,18,0.30718954248366015,113.0
2282,9,0.2222222222222222,192.88888888888889
2283,18,0.38562091503267976,73.05555555555556
2284,58,0.28977616454930427,66.39655172413794
2285,17,0.7720588235294118,33.05882352941177
2286,11,0.43636363636363634,46.54545454545455
2287,22,0.7272727272727273,56.13636363636363
2288,165,0.2695491500369549,249.64242424242425
2289,17,0.4338235294117647,21.823529411764707
2290,79,0.19506653683868874,146.40506329113924
2291,4,0.0,14.0
2292,15,0.6476190476190476,251.2
2293,128,0.390994094488189,141.65625
2294,37,0.2087087087087087,107.0
2295,5,0.3,15.0
2296,65,0.23701923076923076,132.6
2297,3,0.3333333333333333,36.666666666666664
2298,2,1.0,136.0
2299,8,0.07142857142857142,14.625
2300,10,0.28888888888888886,31.9
2301,38,0.2603129445234708,47.05263157894737
2302,34,0.30303030303030304,48.61764705882353
2303,4,0.5,22.5
2304,10,0.5555555555555556,34.5
2305,5,0.1,9.0
2306,7,0.0,12.571428571428571
2307,46,0.5951690821256038,56.15217391304348
2308,73,0.5015220700152208,173.87671232876713
2309,16,0.3,90.125
2310,31,0.43010752688172044,54.354838709677416
2311,76,0.2249122807017544,101.0
2312,10,0.5111111111111111,26.2
2313,31,0.24086021505376345,43.83870967741935
2314,56,0.22727272727272727,55.357142857142854
2315,10,0.26666666666666666,13.1
2316,30,0.2620689655172414,41.1
2317,5,0.9,67.2
2318,61,0.33497267759562843,65.95081967213115
2319,25,0.26,154.68
2320,11,0.2545454545454545,91.54545454545455
2321,12,0.7424242424242424,20.25
2322,18,0.24836601307189543,97.33333333333333
2323,21,0.2857142857142857,132.8095238095238
2324,47,0.5448658649398704,76.29787234042553
2325,42,0.3426248548199768,112.5
2326,149,0.1289678940685652,152.06040268456377
2327,63,0.2857142857142857,80.92063492063492
2328,6,0.5333333333333333,37.0
2329,2,0.0,3.0
2330,31,0.11827956989247312,36.29032258064516
2331,19,0.1695906432748538,42.94736842105263
2332,6,0.4,30.833333333333332
2333,2,1.0,10.0
2334,1,0.0,9.0
2335,2,1.0,26.5
2336,22,0.46320346320346323,69.68181818181819
2337,47,0.2053654024051804,135.10638297872342
2338,27,0.30484330484330485,46.111111111111114
2339,14,0.25274725274725274,74.07142857142857
2340,22,0.23809523809523808,96.9090909090909
2341,1,0.0,56.0
2342,0,0.0,0.0
2343,50,0.2889795918367347,86.46
2344,16,0.5833333333333334,21.3125
2345,7,0.7142857142857143,33.142857142857146
2346,6,0.4,53.5
2347,7,0.23809523809523808,15.428571428571429
2348,10,0.35555555555555557,38.2
2349,3,0.0,54.0
2350,5,0.1,311.4
2351,27,0.37037037037037035,145.40740740740742
2352,23,0.7509881422924901,59.52173913043478
2353,1,0.0,8.0
2354,38,0.18776671408250356,89.8157894736842
2355,12,0.19696969696969696,48.666666666666664
2356,35,0.507563025210084,38.4
2357,35,0.5411764705882353,71.25714285714285
2358,15,0.3619047619047619,24.2
2359,29,0.8152709359605911,41.41379310344828
2360,84,0.18359150889271372,48.607142857142854
2361,13,0.7307692307692307,127.76923076923077
2362,46,0.057971014492753624,64.84782608695652
2363,23,0.4743083003952569,32.95652173913044
2364,4,0.16666666666666666,13.25
2365,69,0.3533674339300938,114.3913043478261
2366,0,0.0,0.0
2367,63,0.5632360471070148,50.714285714285715
2368,4,0.5,15.75
2369,2,1.0,21.0
2370,23,0.41106719367588934,24.695652173913043
2371,106,0.33548966756513926,162.73584905660377
2372,17,0.25735294117647056,47.11764705882353
2373,1,0.0,2.0
2374,4,0.5,18.75
2375,19,0.18128654970760233,22.263157894736842
2376,15,0.4380952380952381,38.46666666666667
2377,28,0.3253968253968254,41.42857142857143
2378,22,0.22077922077922077,51.5
2379,15,0.3333333333333333,34.13333333333333
2380,1,0.0,20.0
2381,16,0.36666666666666664,50.1875
2382,4,0.5,9.5
2383,15,0.3142857142857143,83.93333333333334
2384,73,0.4033485540334855,129.63013698630138
2385,21,0.3142857142857143,43.61904761904762
2386,17,0.8602941176470589,21.470588235294116
2387,48,0.3377659574468085,77.16666666666667
2388,27,0.3475783475783476,31.25925925925926
2389,71,0.4044265593561368,169.35211267605635
2390,39,0.5357624831309041,85.25641025641026
2391,12,0.4090909090909091,21.5
2392,7,0.3333333333333333,43.57142857142857
2393,32,0.3064516129032258,109.1875
2394,17,0.7058823529411765,36.294117647058826
2395,8,0.35714285714285715,189.75
2396,48,0.21010638297872342,105.64583333333333
2397,8,0.5714285714285714,71.5
2398,20,0.7842105263157895,45.9
2399,0,0.0,0.0
2400,15,0.6285714285714286,18.666666666666668
2401,21,0.37142857142857144,143.61904761904762
2402,40,0.541025641025641,54.5
2403,84,0.1589213998852553,72.61904761904762
2404,0,0.0,0.0
2405,23,0.4624505928853755,94.47826086956522
2406,54,0.38784067085953877,126.87037037037037
2407,34,0.29590017825311943,73.52941176470588
2408,71,0.24869215291750504,95.56338028169014
2409,26,0.24,285.34615384615387
2410,35,0.5596638655462185,60.65714285714286
2411,10,0.15555555555555556,53.5
2412,19,0.1695906432748538,81.89473684210526
2413,22,0.4329004329004329,120.72727272727273
2414,75,0.6562162162162162,78.74666666666667
2415,28,0.7433862433862434,143.64285714285714
2416,28,0.36243386243386244,31.857142857142858
2417,58,0.20931639443436176,55.48275862068966
2418,45,0.5969696969696969,40.44444444444444
2419,39,0.4709851551956815,76.28205128205128
2420,0,0.0,0.0
2421,16,0.2,34.1875
2422,6,0.6,125.0
2423,5,0.3,13.6
2424,11,0.2,34.81818181818182
2425,14,0.38461538461538464,112.0
2426,30,0.6689655172413793,41.53333333333333
2427,9,0.25,40.666666666666664
2428,35,0.43025210084033616,167.17142857142858
2429,30,0.30344827586206896,113.33333333333333
2430,28,0.5661375661375662,39.714285714285715
2431,123,0.1799280287884846,87.04878048780488
2432,0,0.0,0.0
2433,9,0.4444444444444444,25.88888888888889
2434,20,0.8473684210526315,309.35
2435,5,0.4,41.2
2436,55,0.2558922558922559,151.70909090909092
2437,30,0.4091954022988506,99.76666666666667
2438,44,0.4883720930232558,121.68181818181819
2439,59,0.2320280537697253,124.94915254237289
2440,35,0.33277310924369746,54.51428571428571
2441,9,0.25,67.77777777777777
2442,2,0.0,3.0
2443,28,0.21693121693121692,54.75
2444,0,0.0,0.0
2445,9,0.16666666666666666,22.22222222222222
2446,23,0.2766798418972332,45.08695652173913
2447,22,0.3722943722943723,137.63636363636363
2448,21,0.5333333333333333,34.19047619047619
2449,3,0.3333333333333333,3.3333333333333335
2450,5,0.4,12.6
2451,16,0.325,247.6875
2452,34,0.24777183600713013,52.88235294117647
2453,15,0.47619047619047616,39.93333333333333
2454,41,0.47073170731707314,54.46341463414634
2455,40,0.16025641025641027,41.5
2456,25,0.18666666666666668,24.6
2457,44,0.5338266384778013,127.4090909090909
2458,6,0.4666666666666667,10.833333333333334
2459,13,0.4230769230769231,17.846153846153847
2460,20,0.3157894736842105,85.4
2461,9,0.16666666666666666,38.333333333333336
2462,5,0.4,86.2
2463,35,0.8084033613445378,85.62857142857143
2464,19,0.13450292397660818,43.421052631578945
2465,32,0.1975806451612903,56.3125
2466,31,0.3053763440860215,83.06451612903226
2467,3,1.0,7.666666666666667
2468,14,0.43956043956043955,14.357142857142858
2469,71,0.2676056338028169,33.225352112676056
2470,1,0.0,3.0
2471,2,0.0,6.0
2472,0,0.0,0.0
2473,5,0.4,5.0
2474,3,0.6666666666666666,6.333333333333333
2475,13,0.21794871794871795,50.30769230769231
2476,14,0.5384615384615384,37.57142857142857
2477,72,0.5821596244131455,188.72222222222223
2478,2,0.0,4.5
2479,2,1.0,9.5
2480,8,0.25,58.75
2481,46,0.34202898550724636,81.91304347826087
2482,14,0.3516483516483517,76.28571428571429
2483,3,1.0,22.666666666666668
2484,3,0.6666666666666666,13.0
2485,44,0.3150105708245243,85.45454545454545
2486,50,0.3183673469387755,134.18
2487,5,0.2,14.2
2488,6,0.6,60.333333333333336
2489,16,0.05,23.4375
2490,40,0.3371794871794872,195.3
2491,3,0.3333333333333333,25.0
2492,6,0.4,18.166666666666668
2493,29,0.19458128078817735,32.51724137931034
2494,2,1.0,10.5
2495,5,0.4,61.2
2496,5,0.6,17.4
2497,32,0.2439516129032258,121.84375
2498,66,0.6354312354312355,88.6969696969697
2499,13,0.2948717948717949,27.846153846153847
2500,6,0.3333333333333333,18.666666666666668
2501,34,0.5828877005347594,40.970588235294116
2502,1,0.0,24.0
2503,14,0.6593406593406593,97.5
2504,11,0.6,79.81818181818181
2505,20,0.3,129.65
2506,5,0.6,7.8
2507,8,0.21428571428571427,55.25
2508,12,0.4696969696969697,45.25
2509,11,0.10909090909090909,19.90909090909091
2510,19,0.5380116959064327,39.526315789473685
2511,120,0.2781512605042017,93.28333333333333
2512,8,0.75,63.875
2513,63,0.2631848438300051,117.71428571428571
2514,14,0.2087912087912088,36.57142857142857
2515,25,0.33,42.32
2516,40,0.2705128205128205,80.525
2517,46,0.6309178743961352,72.6304347826087
2518,110,0.22418682235195997,174.9
2519,108,0.13949463482173763,139.47222222222223
2520,13,0.15384615384615385,21.153846153846153
2521,121,0.1763085399449036,136.53719008264463
2522,56,0.22792207792207791,68.46428571428571
2523,3,0.6666666666666666,11.333333333333334
2524,3,0.0,30.0
2525,31,0.2645161290322581,38.774193548387096
2526,4,0.3333333333333333,88.5
2527,12,0.30303030303030304,17.166666666666668
2528,4,0.16666666666666666,27.25
2529,10,0.37777777777777777,56.2
2530,2,0.0,28.0
2531,7,0.42857142857142855,16.571428571428573
2532,4,0.16666666666666666,29.75
2533,15,0.2571428571428571,24.133333333333333
2534,9,0.3888888888888889,47.333333333333336
2535,13,0.48717948717948717,56.76923076923077
2536,5,0.5,14.8
2537,15,0.7904761904761904,53.0
2538,13,0.14102564102564102,40.0
2539,44,0.45665961945031713,82.36363636363636
2540,16,0.475,37.375
2541,6,0.6,22.5
2542,12,0.5151515151515151,50.916666666666664
2543,6,0.3333333333333333,65.5
2544,14,0.5274725274725275,13.357142857142858
2545,10,0.2,350.7
2546,8,0.5,62.125
2547,3,0.3333333333333333,38.666666666666664
2548,44,0.3118393234672304,68.45454545454545
2549,3,0.3333333333333333,24.0
2550,21,0.4238095238095238,42.23809523809524
2551,32,0.3629032258064516,60.0625
2552,10,0.28888888888888886,30.2
2553,50,0.38040816326530613,63.82
2554,222,0.20056255350372998,201.71621621621622
2555,101,0.15386138613861386,119.73267326732673
2556,5,0.4,6.6
2557,9,1.0,27.333333333333332
2558,17,0.15441176470588236,65.29411764705883
2559,30,0.40229885057471265,119.56666666666666
2560,34,0.5044563279857398,26.470588235294116
2561,96,0.2155701754385965,52.010416666666664
2562,58,0.40411373260738054,110.86206896551724
2563,7,0.2857142857142857,48.42857142857143
2564,5,0.4,36.0
2565,8,0.39285714285714285,25.625
2566,0,0.0,0.0
2567,92,0.28236980410893453,88.98913043478261
2568,0,0.0,0.0
2569,0,0.0,0.0
2570,16,0.55,26.8125
2571,85,0.21680672268907564,117.04705882352941
2572,8,0.25,169.25
2573,23,0.37549407114624506,62.65217391304348
2574,24,0.5978260869565217,87.08333333333333
2575,21,0.24761904761904763,27.952380952380953
2576,22,0.683982683982684,161.95454545454547
2577,13,0.16666666666666666,130.3846153846154
2578,5,0.3,6.6
2579,10,0.35555555555555557,12.1
2580,17,0.7720588235294118,57.05882352941177
2581,5,0.2,11.6
2582,11,0.23636363636363636,12.272727272727273
2583,54,0.3522012578616352,53.22222222222222
2584,33,0.21212121212121213,193.21212121212122
2585,4,0.16666666666666666,18.25
2586,54,0.20195667365478687,136.25925925925927
2587,40,0.31153846153846154,170.25
2588,30,0.19770114942528735,39.46666666666667
2589,16,0.2916666666666667,42.625
2590,5,0.2,68.8
2591,122,0.32583660750575805,169.4262295081967
2592,3,0.3333333333333333,90.66666666666667
2593,8,0.39285714285714285,397.25
2594,53,0.18867924528301888,180.96226415094338
2595,50,0.41551020408163264,138.9
2596,34,0.18181818181818182,37.470588235294116
2597,43,0.20376522702104097,126.95348837209302
2598,58,0.3393829401088929,117.84482758620689
2599,48,0.35106382978723405,127.8125
2600,27,0.18803418803418803,38.851851851851855
2601,31,0.2989247311827957,158.2258064516129
2602,5,0.3,5.2
2603,13,0.16666666666666666,24.0
2604,16,0.5333333333333333,215.375
2605,8,0.21428571428571427,50.0
2606,2,0.0,41.5
2607,8,0.21428571428571427,4.75
2608,271,0.15716823834905017,159.33579335793357
2609,2,0.0,4.5
2610,2,1.0,41.5
2611,35,0.2218487394957983,237.0
2612,33,0.17045454545454544,54.39393939393939
2613,10,0.24444444444444444,20.2
2614,13,0.3974358974358974,40.15384615384615
2615,25,0.3566666666666667,51.4
2616,0,0.0,0.0
2617,2,0.0,21.5
2618,29,0.21921182266009853,54.793103448275865
2619,7,0.6666666666666666,26.571428571428573
2620,12,0.13636363636363635,59.166666666666664
2621,38,0.2844950213371266,66.52631578947368
2622,28,0.31746031746031744,56.964285714285715
2623,7,0.23809523809523808,30.0
2624,3,0.0,6.666666666666667
2625,52,0.1726998491704374,178.92307692307693
2626,27,0.31054131054131057,44.074074074074076
2627,34,0.6417112299465241,41.529411764705884
2628,6,0.3333333333333333,18.166666666666668
2629,1,0.0,14.0
2630,5,0.2,14.8
2631,25,0.37,146.16
2632,67,0.2369968340117594,37.26865671641791
2633,43,0.5548172757475083,50.53488372093023
2634,28,0.35185185185185186,25.321428571428573
2635,3,0.3333333333333333,14.333333333333334
2636,11,0.21818181818181817,36.0
2637,11,0.7272727272727273,16.272727272727273
2638,42,0.2148664343786295,57.904761904761905
2639,75,0.7282882882882883,101.69333333333333
2640,193,0.1716321243523316,84.62694300518135
2641,11,0.2545454545454545,41.18181818181818
2642,15,0.45714285714285713,127.13333333333334
2643,9,0.2222222222222222,80.0
2644,76,0.14526315789473684,73.17105263157895
2645,0,0.0,0.0
2646,63,0.2831541218637993,66.66666666666667
2647,7,0.14285714285714285,64.85714285714286
2648,55,0.26397306397306397,46.163636363636364
2649,18,0.2549019607843137,18.0
2650,16,0.2833333333333333,122.875
2651,0,0.0,0.0
2652,33,0.4981060606060606,52.0
2653,5,0.1,49.6
2654,17,0.5661764705882353,29.470588235294116
2655,16,0.30833333333333335,16.125
2656,147,0.30966359146398287,83.4625850340136
2657,1,0.0,41.0
2658,14,0.12087912087912088,106.21428571428571
2659,12,0.6818181818181818,21.416666666666668
2660,9,0.7777777777777778,24.22222222222222
2661,1,0.0,1.0
2662,27,0.11965811965811966,57.666666666666664
2663,13,0.48717948717948717,113.0
2664,103,0.36550542547115933,130.19417475728156
2665,70,0.21904761904761905,62.628571428571426
2666,5,0.9,55.6
2667,9,0.2777777777777778,289.1111111111111
2668,16,0.14166666666666666,43.375
2669,14,0.2857142857142857,266.35714285714283
2670,70,0.3184265010351967,63.285714285714285
2671,47,0.17946345975948197,87.8936170212766
2672,11,0.38181818181818183,69.81818181818181
2673,7,0.19047619047619047,17.0
2674,10,0.2,78.1
2675,36,0.3888888888888889,59.02777777777778
2676,1,0.0,38.0
2677,2,0.0,59.0
2678,3,0.3333333333333333,9.0
2679,4,0.5,26.75
2680,7,0.6190476190476191,265.2857142857143
2681,41,0.6646341463414634,169.65853658536585
2682,43,0.44518272425249167,38.27906976744186
2683,14,0.5054945054945055,33.0
2684,6,0.3333333333333333,44.166666666666664
2685,17,0.27941176470588236,58.05882352941177
2686,3,0.0,233.0
2687,23,0.308300395256917,59.08695652173913
2688,5,0.3,11.8
2689,54,0.5220125786163522,67.24074074074075
2690,28,0.36243386243386244,51.535714285714285
2691,17,0.3897058823529412,18.235294117647058
2692,16,0.4,17.625
2693,30,0.18850574712643678,60.2
2694,68,0.1826163301141352,54.338235294117645
2695,7,0.19047619047619047,28.571428571428573
2696,26,0.4123076923076923,40.11538461538461
2697,3,1.0,15.333333333333334
2698,1,0.0,80.0
2699,12,0.09090909090909091,70.66666666666667
2700,16,0.55,96.8125
2701,15,0.3904761904761905,30.2
2702,22,0.1645021645021645,51.45454545454545
2703,7,0.19047619047619047,13.285714285714286
2704,10,0.5333333333333333,60.9
2705,66,0.1258741258741259,53.515151515151516
2706,68,0.2581211589113257,127.54411764705883
2707,38,0.23186344238975817,35.13157894736842
2708,2,0.0,10.5
2709,27,0.4358974358974359,149.25925925925927
2710,76,0.2845614035087719,121.11842105263158
2711,21,0.1761904761904762,130.0
2712,1,0.0,311.0
2713,6,0.13333333333333333,29.666666666666668
2714,10,0.4222222222222222,67.9
2715,7,0.6666666666666666,45.285714285714285
2716,101,0.5176237623762376,88.42574257425743
2717,12,0.4696969696969697,48.083333333333336
2718,311,0.13836738927497147,112.12861736334405
2719,3,1.0,88.0
2720,38,0.32432432432432434,43.526315789473685
2721,45,0.3575757575757576,81.02222222222223
2722,2,0.0,8.0
2723,43,0.2757475083056478,46.0
2724,74,0.1569788967049241,53.24324324324324
2725,18,0.7058823529411765,36.5
2726,6,0.4666666666666667,36.0
2727,13,0.44871794871794873,25.53846153846154
2728,6,0.13333333333333333,50.5
2729,7,0.23809523809523808,29.142857142857142
2730,4,0.5,108.5
2731,3,1.0,30.666666666666668
2732,24,0.9021739130434783,40.291666666666664
2733,75,0.23495495495495494,150.6
2734,42,0.2938443670150987,84.38095238095238
2735,47,0.6003700277520814,86.48936170212765
2736,36,0.46825396825396826,46.583333333333336
2737,2,0.0,7.5
2738,4,0.16666666666666666,28.0
2739,8,0.17857142857142858,135.0
2740,2,0.0,6.5
2741,98,0.24784346728382076,144.24489795918367
2742,8,0.25,11.75
2743,14,0.24175824175824176,84.64285714285714
2744,6,0.26666666666666666,11.333333333333334
2745,100,0.24363636363636362,188.24
2746,6,0.8,34.5
2747,4,0.16666666666666666,102.25
2748,70,0.16977225672877846,62.8
2749,43,0.3266888150609081,77.86046511627907
2750,31,0.46236559139784944,83.16129032258064
2751,1,0.0,1.0
2752,8,0.35714285714285715,28.75
2753,9,0.3055555555555556,109.77777777777777
2754,88,0.17110762800417972,41.09090909090909
2755,11,0.4,25.0
2756,9,0.2222222222222222,29.88888888888889
2757,2,0.0,22.5
2758,3,0.3333333333333333,17.666666666666668
2759,18,0.3202614379084967,25.61111111111111
2760,2,0.0,123.5
2761,5,0.3,103.0
2762,0,0.0,0.0
2763,35,0.4436974789915966,38.68571428571428
2764,33,0.4753787878787879,52.21212121212121
2765,12,0.09090909090909091,34.25
2766,2,1.0,21.5
2767,5,0.1,42.8
2768,68,0.23661106233538193,178.16176470588235
2769,5,0.5,86.6
2770,6,0.4666666666666667,63.5
2771,49,0.1683673469387755,75.9795918367347
2772,182,0.1921559103879546,159.02197802197801
2773,106,0.2792452830188679,165.39622641509433
2774,53,0.2960812772133527,192.37735849056602
2775,17,0.7426470588235294,51.588235294117645
2776,150,0.14237136465324385,183.72666666666666
2777,25,0.25333333333333335,53.64
2778,5,0.4,35.8
2779,90,0.2968789013732834,79.07777777777778
2780,13,0.28205128205128205,73.46153846153847
2781,7,0.38095238095238093,30.857142857142858
2782,3,0.3333333333333333,5.333333333333333
2783,32,0.35685483870967744,39.75
2784,10,0.17777777777777778,33.4
2785,20,0.4421052631578947,66.2
2786,54,0.28721174004192873,267.22222222222223
2787,10,0.3333333333333333,57.8
2788,1,0.0,22.0
2789,15,0.37142857142857144,70.73333333333333
2790,18,0.5294117647058824,85.72222222222223
2791,11,0.32727272727272727,42.54545454545455
2792,16,0.5,23.1875
2793,1,0.0,42.0
2794,14,0.17582417582417584,72.85714285714286
2795,25,0.39,149.2
2796,35,0.253781512605042,58.02857142857143
2797,42,0.4645760743321719,37.833333333333336
2798,2,0.0,7.0
2799,26,0.13230769230769232,108.26923076923077
2800,23,0.39920948616600793,178.7391304347826
2801,23,0.43873517786561267,88.6086956521739
2802,9,0.4722222222222222,8.11111111111111
2803,43,0.28017718715393136,132.3953488372093
2804,1,0.0,7.0
2805,256,0.199234068627451,115.28515625
2806,145,0.22126436781609196,155.3310344827586
2807,2,1.0,7.0
2808,24,0.18840579710144928,48.958333333333336
2809,23,0.2450592885375494,107.1304347826087
2810,45,0.2818181818181818,46.422222222222224
2811,35,0.346218487394958,75.6
2812,79,0.1522233041220383,53.9746835443038
2813,17,0.375,52.35294117647059
2814,5,0.1,30.2
2815,61,0.15683060109289618,164.9672131147541
2816,16,0.24166666666666667,82.3125
2817,16,0.4083333333333333,41.125
2818,20,0.33157894736842103,41.7
2819,26,0.27692307692307694,83.53846153846153
2820,29,0.458128078817734,71.65517241379311
2821,14,0.4065934065934066,30.357142857142858
2822,7,0.6666666666666666,61.714285714285715
2823,38,0.3755334281650071,73.42105263157895
2824,32,0.6169354838709677,105.34375
2825,5,0.1,46.2
2826,24,0.2246376811594203,102.04166666666667
2827,64,0.13392857142857142,112.1875
2828,47,0.22016651248843663,51.46808510638298
2829,0,0.0,0.0
2830,44,0.3266384778012685,86.63636363636364
2831,57,0.2337092731829574,118.63157894736842
2832,0,0.0,0.0
2833,10,0.13333333333333333,21.5
2834,29,0.2536945812807882,76.82758620689656
2835,5,0.1,36.2
2836,8,0.17857142857142858,93.0
2837,43,0.22702104097452935,155.53488372093022
2838,22,0.19047619047619047,50.63636363636363
2839,26,0.23384615384615384,132.65384615384616
2840,7,0.19047619047619047,8.714285714285714
2841,113,0.34892541087231355,158.89380530973452
2842,1,0.0,3.0
2843,22,0.2683982683982684,36.77272727272727
2844,8,0.35714285714285715,34.125
2845,62,0.16763617133791645,62.20967741935484
2846,29,0.24630541871921183,69.96551724137932
2847,74,0.4861162532395409,76.74324324324324
2848,1,0.0,10.0
2849,12,0.3333333333333333,35.583333333333336
2850,190,0.3067112225006962,147.65263157894736
2851,29,0.2413793103448276,246.55172413793105
2852,3,1.0,15.0
2853,19,0.21637426900584794,64.78947368421052
2854,12,0.30303030303030304,17.166666666666668
2855,2,1.0,53.0
2856,14,0.1978021978021978,37.642857142857146
2857,12,0.3333333333333333,67.58333333333333
2858,58,0.4089534180278282,68.29310344827586
2859,17,0.22794117647058823,13.352941176470589
2860,48,0.20124113475177305,62.854166666666664
2861,10,0.4888888888888889,45.5
2862,28,0.25132275132275134,156.28571428571428
2863,1,0.0,15.0
2864,0,0.0,0.0
2865,8,0.14285714285714285,23.875
2866,7,0.2857142857142857,51.42857142857143
2867,18,0.5882352941176471,53.27777777777778
2868,3,0.6666666666666666,29.0
2869,51,0.14431372549019608,48.431372549019606
2870,5,0.1,30.8
2871,32,0.2782258064516129,133.0625
2872,20,0.42105263157894735,163.8
2873,33,0.2840909090909091,57.515151515151516
2874,13,0.32051282051282054,55.38461538461539
2875,7,0.47619047619047616,44.57142857142857
2876,44,0.19556025369978858,88.81818181818181
2877,33,0.2840909090909091,62.27272727272727
2878,6,0.2,49.833333333333336
2879,72,0.5043035993740219,84.01388888888889
2880,36,0.6952380952380952,42.22222222222222
2881,13,0.21794871794871795,71.53846153846153
2882,16,0.5416666666666666,45.0
2883,22,0.33766233766233766,74.5909090909091
2884,30,0.3931034482758621,125.86666666666666
2885,18,0.20261437908496732,46.05555555555556
2886,112,0.24983912483912485,160.42857142857142
2887,3,0.0,271.0
2888,45,0.2686868686868687,171.04444444444445
2889,6,0.06666666666666667,11.833333333333334
2890,46,0.11690821256038647,84.3695652173913
2891,5,0.1,41.6
2892,45,0.201010101010101,30.333333333333332
2893,1,0.0,1.0
2894,1,0.0,10.0
2895,19,0.3567251461988304,136.57894736842104
2896,18,0.19607843137254902,31.22222222222222
2897,43,0.1760797342192691,163.5581395348837
2898,11,0.2,36.0
2899,43,0.132890365448505,83.6046511627907
2900,21,0.24761904761904763,89.0952380952381
2901,8,0.6071428571428571,13.75
2902,60,0.5966101694915255,64.9
2903,36,0.42063492063492064,66.83333333333333
2904,22,0.6406926406926406,155.1818181818182
2905,3,0.3333333333333333,13.333333333333334
2906,58,0.2831215970961887,77.5
2907,21,0.38571428571428573,107.19047619047619
2908,7,0.7142857142857143,30.571428571428573
2909,3,0.6666666666666666,41.333333333333336
2910,9,0.5277777777777778,72.44444444444444
2911,116,0.1734632683658171,159.8706896551724
2912,1,0.0,1.0
2913,19,0.08187134502923976,133.42105263157896
2914,195,0.21786941580756014,123.83589743589744
2915,2,0.0,7.5
2916,22,0.5714285714285714,37.81818181818182
2917,27,0.1339031339031339,100.85185185185185
2918,91,0.4175824175824176,103.45054945054945
2919,4,0.16666666666666666,2.5
2920,20,0.2789473684210526,44.2
2921,0,0.0,0.0
2922,6,0.13333333333333333,29.666666666666668
2923,5,0.7,117.2
2924,8,0.17857142857142858,12.0
2925,6,0.06666666666666667,17.333333333333332
2926,0,0.0,0.0
2927,19,0.3333333333333333,144.52631578947367
2928,2,1.0,43.5
2929,13,0.47435897435897434,24.615384615384617
2930,15,0.45714285714285713,45.06666666666667
2931,16,0.3333333333333333,24.125
2932,4,0.3333333333333333,16.0
2933,24,0.3079710144927536,30.416666666666668
2934,38,0.3812233285917496,48.60526315789474
2935,25,0.23333333333333334,74.0
2936,21,0.1761904761904762,176.04761904761904
2937,2,1.0,31.0
2938,1,0.0,35.0
2939,14,0.6043956043956044,33.0
2940,7,0.38095238095238093,41.0
2941,46,0.16328502415458937,40.54347826086956
2942,0,0.0,0.0
2943,11,0.2,52.0
2944,5,0.2,18.6
2945,3,0.3333333333333333,68.66666666666667
2946,8,0.39285714285714285,24.5
2947,32,0.34475806451612906,210.75
2948,69,0.23529411764705882,30.768115942028984
2949,8,0.35714285714285715,71.375
2950,4,0.3333333333333333,12.25
2951,3,0.6666666666666666,53.666666666666664
2952,19,0.3333333333333333,104.15789473684211
2953,34,0.7219251336898396,75.97058823529412
2954,5,0.3,26.0
2955,101,0.3291089108910891,75.93069306930693
2956,23,0.39920948616600793,37.95652173913044
2957,41,0.5975609756097561,44.48780487804878
2958,2,0.0,1.0
2959,2,0.0,20.5
2960,107,0.35514018691588783,174.7663551401869
2961,5,0.4,45.2
2962,8,0.35714285714285715,41.5
2963,31,0.5268817204301075,56.0
2964,67,0.20081411126187246,52.6865671641791
2965,64,0.27529761904761907,82.171875
2966,684,0.07597629994948327,119.56286549707602
2967,6,0.2,7.166666666666667
2968,28,0.3783068783068783,24.892857142857142
2969,17,0.14705882352941177,35.411764705882355
2970,23,0.2766798418972332,75.69565217391305
2971,7,0.6666666666666666,33.285714285714285
2972,8,0.35714285714285715,92.25
2973,87,0.25340817963111467,102.51724137931035
2974,9,0.3333333333333333,66.77777777777777
2975,76,0.17649122807017545,64.48684210526316
2976,9,0.4444444444444444,38.666666666666664
2977,5,0.3,52.2
2978,55,0.3212121212121212,69.32727272727273
2979,13,0.2564102564102564,38.23076923076923
2980,10,1.0,38.1
2981,56,0.18311688311688312,98.58928571428571
2982,37,0.4009009009009009,206.75675675675674
2983,20,0.34210526315789475,32.4
2984,51,0.636078431372549,82.96078431372548
2985,1,0.0,13.0
2986,0,0.0,0.0
2987,1,0.0,7.0
2988,11,0.36363636363636365,20.818181818181817
2989,69,0.21824381926683717,68.33333333333333
2990,12,0.21212121212121213,60.583333333333336
2991,99,0.36899608328179756,84.94949494949495
2992,1,0.0,1.0
2993,1,0.0,5.0
2994,667,0.07688948318633476,123.11394302848576
2995,5,0.6,16.2
2996,268,0.1740734529599195,168.43283582089552
2997,1,0.0,20.0
2998,71,0.4635814889336016,105.36619718309859
2999,18,0.27450980392156865,84.05555555555556
3000,78,0.5034965034965035,115.7051282051282
3001,19,0.47953216374269003,153.21052631578948
3002,4,0.16666666666666666,27.25
3003,60,0.24293785310734464,68.18333333333334
3004,11,0.5454545454545454,155.45454545454547
3005,5,0.2,39.4
3006,55,0.432996632996633,156.05454545454546
3007,91,0.15995115995115994,76.13186813186813
3008,15,0.0761904761904762,21.533333333333335
3009,44,0.13002114164904863,29.954545454545453
3010,3,0.0,53.0
3011,14,0.3626373626373626,28.214285714285715
3012,135,0.31907131011608625,161.3925925925926
3013,65,0.22548076923076923,114.13846153846154
3014,0,0.0,0.0
3015,27,0.1452991452991453,36.22222222222222
3016,38,0.5177809388335705,41.81578947368421
3017,3,0.0,10.333333333333334
3018,4,0.16666666666666666,47.5
3019,0,0.0,0.0
3020,5,0.2,35.4
3021,24,0.22826086956521738,51.833333333333336
3022,93,0.3866292660121552,140.69892473118279
3023,1,0.0,61.0
3024,37,0.3138138138138138,55.0
3025,2,1.0,3.5
3026,25,0.6566666666666666,75.52
3027,83,0.6879224213928886,122.91566265060241
3028,65,0.6158653846153846,80.41538461538461
3029,15,0.3047619047619048,94.66666666666667
3030,8,0.07142857142857142,66.0
3031,5,0.6,62.2
3032,13,0.21794871794871795,62.38461538461539
3033,55,0.3117845117845118,86.07272727272728
3034,8,0.25,45.75
3035,16,0.44166666666666665,60.875
3036,11,0.21818181818181817,124.45454545454545
3037,14,0.18681318681318682,131.42857142857142
3038,1,0.0,18.0
3039,13,0.5,79.92307692307692
3040,20,0.7157894736842105,72.4
3041,97,0.1490549828178694,134.94845360824743
3042,23,0.4505928853754941,166.7391304347826
3043,30,0.496551724137931,42.9
3044,2,0.0,3.0
3045,38,0.24751066856330015,49.05263157894737
3046,14,0.27472527472527475,154.35714285714286
3047,23,0.3557312252964427,72.65217391304348
3048,121,0.16460055096418733,176.1900826446281
3049,7,0.2857142857142857,13.0
3050,0,0.0,0.0
3051,63,0.5299539170506913,128.8095238095238
3052,1,0.0,63.0
3053,58,0.5801572897761645,79.74137931034483
3054,10,0.06666666666666667,36.0
3055,8,0.10714285714285714,45.125
3056,13,0.358974358974359,51.84615384615385
3057,25,0.2833333333333333,32.4
3058,46,0.3169082125603865,253.32608695652175
3059,28,0.2275132275132275,118.71428571428571
3060,15,0.34285714285714286,43.0
3061,1,0.0,15.0
3062,33,0.20075757575757575,50.63636363636363
3063,21,0.1380952380952381,27.19047619047619
3064,5,0.3,45.0
3065,21,0.3333333333333333,112.52380952380952
3066,29,0.24876847290640394,94.10344827586206
3067,54,0.129979035639413,75.72222222222223
3068,4,0.5,201.0
3069,48,0.18882978723404256,61.645833333333336
3070,60,0.2033898305084746,170.93333333333334
3071,4,0.16666666666666666,25.25
3072,54,0.3843466107617051,70.27777777777777
3073,0,0.0,0.0
3074,56,0.4636363636363636,179.875
3075,37,0.30930930930930933,89.32432432432432
3076,58,0.33635813672111314,103.86206896551724
3077,4,0.3333333333333333,8.5
3078,38,0.29871977240398295,50.60526315789474
3079,5,0.2,25.4
3080,4,0.3333333333333333,7.75
3081,5,1.0,94.2
3082,55,0.17306397306397306,183.6
3083,44,0.15327695560253699,135.97727272727272
3084,16,0.23333333333333334,89.75
3085,6,0.26666666666666666,7.666666666666667
3086,22,0.4805194805194805,82.27272727272727
3087,76,0.14421052631578948,93.64473684210526
3088,5,0.1,56.4
3089,5,0.4,107.2
3090,50,0.17224489795918368,41.44
3091,47,0.2553191489361702,51.297872340425535
3092,14,0.2087912087912088,48.714285714285715
3093,91,0.22344322344322345,112.15384615384616
3094,46,0.7352657004830918,109.34782608695652
3095,12,0.5,44.083333333333336
3096,4,0.5,267.5
3097,24,0.322463768115942,46.625
3098,26,0.4369230769230769,44.15384615384615
3099,47,0.3330249768732655,80.61702127659575
3100,10,0.1111111111111111,29.6
3101,97,0.3129295532646048,94.96907216494846
3102,58,0.29522081064730793,46.46551724137931
3103,13,0.2564102564102564,26.307692307692307
3104,2,0.0,2.0
3105,22,0.2727272727272727,53.90909090909091
3106,2,1.0,27.5
3107,202,0.1625535687897148,135.74257425742573
3108,3,1.0,21.666666666666668
3109,6,0.2,44.833333333333336
3110,16,0.38333333333333336,37.5
3111,53,0.29027576197387517,84.50943396226415
3112,4,0.0,169.0
3113,17,0.38235294117647056,69.70588235294117
3114,0,0.0,0.0
3115,12,0.19696969696969696,11.916666666666666
3116,0,0.0,0.0
3117,25,0.32666666666666666,47.44
3118,7,0.5238095238095238,51.0
3119,131,0.19201409277745154,169.64885496183206
3120,221,0.17104072398190046,112.33031674208145
3121,7,0.2857142857142857,22.285714285714285
3122,18,0.1830065359477124,24.666666666666668
3123,3,0.3333333333333333,16.666666666666668
3124,6,0.06666666666666667,32.666666666666664
3125,95,0.2756998880179171,116.16842105263157
3126,47,0.2858464384828862,64.17021276595744
3127,7,0.19047619047619047,39.57142857142857
3128,78,0.24775224775224775,233.52564102564102
3129,1,0.0,47.0
3130,75,0.3005405405405405,257.96
3131,2,0.0,38.0
3132,23,0.3794466403162055,35.08695652173913
3133,36,0.353968253968254,31.055555555555557
3134,7,0.6190476190476191,64.28571428571429
3135,27,0.2678062678062678,77.25925925925925
3136,7,0.19047619047619047,133.14285714285714
3137,10,0.1111111111111111,52.4
3138,2,1.0,20.5
3139,17,0.25735294117647056,25.58823529411765
3140,22,0.47186147186147187,82.77272727272727
3141,16,0.6166666666666667,150.5
3142,17,0.19117647058823528,113.47058823529412
3143,6,0.3333333333333333,4.833333333333333
3144,17,0.3382352941176471,83.23529411764706
3145,2,0.0,15.5
3146,180,0.20626939788950963,131.88333333333333
3147,78,0.20679320679320679,47.47435897435897
3148,44,0.23150105708245244,40.40909090909091
3149,20,0.8,79.0
3150,10,0.4,66.6
3151,29,0.3251231527093596,62.172413793103445
3152,12,0.36363636363636365,52.25
3153,33,0.4185606060606061,45.484848484848484
3154,97,0.31421821305841924,158.50515463917526
3155,31,0.17419354838709677,48.96774193548387
3156,21,0.3,108.57142857142857
3157,10,0.2222222222222222,43.7
3158,18,0.2222222222222222,77.05555555555556
3159,21,0.2571428571428571,125.66666666666667
3160,6,0.13333333333333333,30.5
3161,0,0.0,0.0
3162,23,0.34782608695652173,71.6086956521739
3163,1,0.0,6.0
3164,143,0.26327193932827736,76.17482517482517
3165,39,0.1794871794871795,59.17948717948718
3166,14,0.26373626373626374,60.857142857142854
3167,29,0.27832512315270935,33.172413793103445
3168,2,0.0,1.0
3169,111,0.5459459459459459,80.41441441441441
3170,85,0.3050420168067227,162.9764705882353
3171,65,0.5129807692307692,83.93846153846154
3172,111,0.16396396396396395,104.25225225225225
3173,88,0.18155694879832812,139.6818181818182
3174,53,0.1683599419448476,126.62264150943396
3175,6,0.2,15.333333333333334
3176,59,0.19988310929281122,42.59322033898305
3177,6,0.9333333333333333,92.16666666666667
3178,22,0.2727272727272727,39.54545454545455
3179,81,0.16111111111111112,47.72839506172839
3180,12,0.6515151515151515,242.08333333333334
3181,4,1.0,49.0
3182,24,0.4057971014492754,42.958333333333336
3183,27,0.27635327635327633,44.888888888888886
3184,61,0.19289617486338798,69.29508196721312
3185,48,0.16843971631205673,62.854166666666664
3186,28,0.31216931216931215,121.07142857142857
3187,5,0.3,41.8
3188,106,0.20215633423180593,197.87735849056602
3189,15,0.29523809523809524,115.33333333333333
3190,1,0.0,3.0
3191,104,0.3986183719193428,100.47115384615384
3192,44,0.17653276955602537,46.81818181818182
3193,2,1.0,53.0
3194,16,0.38333333333333336,97.5625
3195,15,0.3047619047619048,50.06666666666667
3196,39,0.31713900134952766,28.53846153846154
3197,66,0.3990675990675991,188.4848484848485
3198,6,0.4,54.833333333333336
3199,21,0.2571428571428571,46.57142857142857
3200,4,0.5,46.0
3201,21,0.319047619047619,38.38095238095238
3202,4,0.16666666666666666,9.75
3203,80,0.12531645569620253,80.3875
3204,8,0.07142857142857142,28.75
3205,83,0.19306494269761976,55.373493975903614
3206,4,0.3333333333333333,5.5
3207,8,0.17857142857142858,37.5
3208,16,0.31666666666666665,25.8125
3209,4,0.16666666666666666,50.0
3210,6,0.4666666666666667,23.666666666666668
3211,20,0.4421052631578947,47.6
3212,4,0.3333333333333333,17.5
3213,24,0.15217391304347827,38.083333333333336
3214,9,0.25,26.444444444444443
3215,235,0.0834333515184579,86.56595744680851
3216,83,0.12577137819570966,106.93975903614458
3217,102,0.221316249271986,135.85294117647058
3218,36,0.14126984126984127,76.47222222222223
3219,5,0.1,109.4
3220,132,0.3068470969234328,139.11363636363637
3221,149,0.31942680935969525,118.00671140939598
3222,16,0.31666666666666665,32.3125
3223,44,0.226215644820296,38.68181818181818
3224,4,0.5,50.5
3225,34,0.6096256684491979,82.8529411764706
3226,2,0.0,31.0
3227,22,0.1341991341991342,68.77272727272727
3228,9,0.2222222222222222,38.333333333333336
3229,3,0.3333333333333333,19.666666666666668
3230,14,0.26373626373626374,35.714285714285715
3231,47,0.6651248843663274,427.1489361702128
3232,21,0.21428571428571427,140.66666666666666
3233,108,0.16857043959847698,77.98148148148148
3234,4,0.16666666666666666,18.75
3235,23,0.38735177865612647,29.869565217391305
3236,70,0.37060041407867494,169.21428571428572
3237,9,0.16666666666666666,18.11111111111111
3238,3,1.0,71.0
3239,1,0.0,11.0
3240,42,0.6747967479674797,198.85714285714286
3241,60,0.22033898305084745,120.26666666666667
3242,1,0.0,10.0
3243,71,0.206841046277666,129.2394366197183
3244,1,0.0,2.0
3245,14,0.27472527472527475,84.07142857142857
3246,4,0.6666666666666666,8.0
3247,80,0.3949367088607595,216.4375
3248,55,0.4148148148148148,68.2909090909091
3249,40,0.46153846153846156,86.425
3250,73,0.4927701674277017,147.21917808219177
3251,96,0.2918859649122807,82.69791666666667
3252,78,0.41225441225441223,112.6025641025641
3253,26,0.4,100.15384615384616
3254,31,0.2537634408602151,126.09677419354838
3255,33,0.23674242424242425,56.666666666666664
3256,11,0.38181818181818183,37.54545454545455
3257,142,0.13904704824692837,76.36619718309859
3258,4,0.0,32.0
3259,5,0.7,33.6
3260,47,0.2414431082331175,97.48936170212765
3261,157,0.304099297729871,113.84713375796179
3262,8,0.17857142857142858,12.75
3263,17,0.5294117647058824,72.94117647058823
3264,21,0.19523809523809524,46.476190476190474
3265,5,0.1,50.0
3266,65,0.15528846153846154,47.6
3267,20,0.3,34.3
3268,5,0.5,22.0
3269,1,0.0,24.0
3270,2,0.0,5.0
3271,25,0.3,42.28
3272,3,1.0,37.333333333333336
3273,49,0.37329931972789115,91.06122448979592
3274,52,0.4841628959276018,64.17307692307692
3275,0,0.0,0.0
3276,34,0.25133689839572193,31.941176470588236
3277,27,0.3076923076923077,43.074074074074076
3278,25,0.4266666666666667,251.48
3279,6,0.4,28.333333333333332
3280,0,0.0,0.0
3281,443,0.13557296507767894,172.45146726862302
3282,11,0.6363636363636364,134.63636363636363
3283,147,0.26008759668250864,108.81632653061224
3284,57,0.4473684210526316,90.57894736842105
3285,12,0.3181818181818182,23.416666666666668
3286,11,0.3090909090909091,49.09090909090909
3287,29,0.31773399014778325,151.93103448275863
3288,10,0.6,106.2
3289,13,0.3333333333333333,54.46153846153846
3290,42,0.2229965156794425,126.4047619047619
3291,16,0.26666666666666666,119.4375
3292,19,0.45614035087719296,82.42105263157895
3293,6,0.5333333333333333,23.5
3294,24,0.3079710144927536,109.45833333333333
3295,45,0.4717171717171717,99.84444444444445
3296,67,0.27634554500226144,82.40298507462687
3297,29,0.3226600985221675,56.6551724137931
3298,6,0.4,12.5
3299,3,0.3333333333333333,9.333333333333334
3300,41,0.1719512195121951,58.853658536585364
3301,17,0.5441176470588235,37.8235294117647
3302,9,0.25,37.44444444444444
3303,2,0.0,34.0
3304,57,0.2644110275689223,117.3157894736842
3305,19,0.22807017543859648,21.789473684210527
3306,6,0.2,31.5
3307,1,0.0,1.0
3308,31,0.5419354838709678,45.935483870967744
3309,1,0.0,10.0
3310,25,0.34,99.08
3311,13,0.23076923076923078,28.076923076923077
3312,16,0.4166666666666667,206.5625
3313,15,0.3619047619047619,120.06666666666666
3314,1,0.0,70.0
3315,13,0.4230769230769231,85.92307692307692
3316,74,0.2328767123287671,66.01351351351352
3317,44,0.3572938689217759,47.04545454545455
3318,37,0.7882882882882883,122.70270270270271
3319,99,0.22881880024737167,73.32323232323232
3320,19,0.36257309941520466,85.0
3321,23,0.41106719367588934,47.95652173913044
3322,11,0.3090909090909091,176.0
3323,27,0.4444444444444444,26.62962962962963
3324,56,0.137012987012987,147.83928571428572
3325,24,0.3804347826086957,36.125
3326,28,0.6507936507936508,89.03571428571429
3327,4,0.5,30.5
3328,9,0.2777777777777778,7.666666666666667
3329,51,0.25882352941176473,113.6078431372549
3330,47,0.29879740980573544,42.91489361702128
3331,18,0.35294117647058826,51.22222222222222
3332,60,0.192090395480226,85.83333333333333
3333,38,0.7738264580369844,84.3157894736842
3334,100,0.41858585858585856,87.24
3335,19,0.4678362573099415,71.15789473684211
3336,38,0.49359886201991465,55.26315789473684
3337,120,0.34285714285714286,101.275
3338,36,0.4015873015873016,44.611111111111114
3339,19,0.16374269005847952,42.89473684210526
3340,40,0.2564102564102564,69.85
3341,6,0.4666666666666667,9.333333333333334
3342,1,0.0,43.0
3343,4,0.5,48.0
3344,6,0.13333333333333333,26.0
3345,13,0.41025641025641024,48.30769230769231
3346,1,0.0,2.0
3347,19,0.391812865497076,75.52631578947368
3348,31,0.26881720430107525,153.0
3349,57,0.46867167919799496,72.70175438596492
3350,146,0.1540859707132735,162.4794520547945
3351,4,1.0,27.5
3352,9,0.5277777777777778,19.11111111111111
3353,21,0.19523809523809524,68.19047619047619
3354,2,1.0,12.0
3355,15,0.45714285714285713,38.333333333333336
3356,16,0.15833333333333333,83.0
3357,3,0.0,20.0
3358,5,0.7,5.4
3359,17,0.375,85.82352941176471
3360,39,0.2766531713900135,117.58974358974359
3361,30,0.40229885057471265,38.266666666666666
3362,4,0.16666666666666666,7.25
3363,16,0.375,63.75
3364,123,0.18725842996134878,109.96747967479675
3365,1,0.0,3.0
3366,3,0.6666666666666666,14.0
3367,18,0.7320261437908496,30.22222222222222
3368,7,0.47619047619047616,29.142857142857142
3369,7,0.2857142857142857,22.428571428571427
3370,15,0.41904761904761906,65.66666666666667
3371,14,0.1978021978021978,54.285714285714285
3372,3,0.3333333333333333,71.0
3373,3,0.0,64.66666666666667
3374,3,1.0,111.66666666666667
3375,12,0.5151515151515151,71.75
3376,60,0.29548022598870055,42.31666666666667
3377,34,0.1051693404634581,51.970588235294116
3378,15,0.6,24.6
3379,11,0.38181818181818183,39.27272727272727
3380,332,0.14749026316747352,186.4487951807229
3381,21,0.29523809523809524,158.28571428571428
3382,8,0.6428571428571429,15.0
3383,26,0.3046153846153846,181.8846153846154
3384,16,0.16666666666666666,72.625
3385,5,0.2,30.8
3386,16,0.15,110.4375
3387,40,0.16153846153846155,109.475
3388,1,0.0,3.0
3389,8,0.5357142857142857,27.75
3390,54,0.17120894479385046,118.53703703703704
3391,73,0.3953576864535769,176.4931506849315
3392,89,0.20556690500510724,157.3370786516854
3393,23,0.12648221343873517,51.08695652173913
3394,16,0.2916666666666667,38.25
3395,33,0.36553030303030304,291.5151515151515
3396,32,0.2560483870967742,41.53125
3397,4,0.8333333333333334,15.5
3398,4,0.16666666666666666,19.5
3399,7,0.47619047619047616,23.428571428571427
3400,44,0.38477801268498946,133.27272727272728
3401,5,0.5,15.6
3402,19,0.8070175438596491,39.26315789473684
3403,3,0.6666666666666666,492.6666666666667
3404,20,0.29473684210526313,179.75
3405,10,0.06666666666666667,25.4
3406,56,0.2331168831168831,147.55357142857142
3407,17,0.4117647058823529,43.88235294117647
3408,34,0.41354723707664887,336.9117647058824
3409,30,0.6505747126436782,51.3
3410,3,0.6666666666666666,44.333333333333336
3411,5,0.2,9.6
3412,4,0.3333333333333333,39.5
3413,6,0.3333333333333333,43.333333333333336
3414,138,0.2028985507246377,82.03623188405797
3415,11,0.9818181818181818,53.36363636363637
3416,31,0.21505376344086022,115.58064516129032
3417,25,0.25,82.92
3418,20,0.3526315789473684,92.35
3419,14,0.34065934065934067,35.92857142857143
3420,1,0.0,11.0
3421,470,0.13191489361702127,173.67234042553193
3422,147,0.12403317491380114,139.31972789115648
3423,12,0.6515151515151515,68.75
3424,31,0.3913978494623656,66.03225806451613
3425,32,0.4899193548387097,43.875
3426,121,0.2721763085399449,112.55371900826447
3427,69,0.4079283887468031,57.94202898550725
3428,12,0.6060606060606061,51.583333333333336
3429,3,1.0,42.0
3430,39,0.21322537112010798,83.76923076923077
3431,2,0.0,20.5
3432,2,0.0,9.5
3433,39,0.24561403508771928,137.4102564102564
3434,15,0.5904761904761905,40.266666666666666
3435,20,0.25263157894736843,101.5
3436,12,0.06060606060606061,41.833333333333336
3437,35,0.3798319327731092,157.14285714285714
3438,27,0.5470085470085471,79.92592592592592
3439,14,0.3516483516483517,102.64285714285714
3440,16,0.20833333333333334,50.625
3441,135,0.2175787728026534,186.37777777777777
3442,5,0.3,44.4
3443,41,0.2280487804878049,152.6829268292683
3444,149,0.25140576818429167,128.99328859060404
3445,4,0.6666666666666666,14.25
3446,60,0.4943502824858757,196.7
3447,458,0.11409133039664415,156.15502183406113
3448,32,0.13709677419354838,33.59375
3449,48,0.5789007092198581,82.64583333333333
3450,20,0.631578947368421,44.4
3451,15,0.29523809523809524,92.86666666666666
3452,12,0.3181818181818182,24.416666666666668
3453,23,0.2727272727272727,195.04347826086956
3454,44,0.5655391120507399,151.3181818181818
3455,11,0.2,36.18181818181818
3456,57,0.19548872180451127,55.19298245614035
3457,140,0.3078108941418294,156.03571428571428
3458,20,0.7526315789473684,49.0
3459,312,0.1047695605573419,134.32371794871796
3460,3,0.6666666666666666,52.0
3461,28,0.31216931216931215,92.5
3462,86,0.4155950752393981,127.46511627906976
3463,27,0.150997150997151,21.59259259259259
3464,17,0.25735294117647056,23.529411764705884
3465,15,0.17142857142857143,61.333333333333336
3466,1,0.0,7.0
3467,26,0.37538461538461537,82.38461538461539
3468,4,0.5,28.5
3469,31,0.44731182795698926,187.70967741935485
3470,6,0.3333333333333333,23.5
3471,132,0.19037705297247282,176.34848484848484
3472,19,0.24561403508771928,148.10526315789474
3473,8,0.7857142857142857,321.75
3474,7,0.19047619047619047,20.428571428571427
3475,14,0.6153846153846154,54.214285714285715
3476,20,0.1631578947368421,65.95
3477,2,1.0,4.5
3478,70,0.25383022774327124,176.17142857142858
3479,32,0.45161290322580644,167.125
3480,3,0.3333333333333333,6.666666666666667
3481,3,0.0,9.666666666666666
3482,2,0.0,31.5
3483,15,0.3238095238095238,121.66666666666667
3484,39,0.4844804318488529,60.41025641025641
3485,218,0.1528770134866613,173.76146788990826
3486,4,0.0,11.0
3487,17,0.5220588235294118,64.23529411764706
3488,17,0.18382352941176472,59.05882352941177
3489,8,0.5357142857142857,32.0
3490,0,0.0,0.0
3491,33,0.14393939393939395,109.51515151515152
3492,57,0.4699248120300752,78.56140350877193
3493,4,0.6666666666666666,18.0
3494,1,0.0,70.0
3495,37,0.26576576576576577,91.51351351351352
3496,33,0.4071969696969697,45.96969696969697
3497,11,0.16363636363636364,38.0
3498,6,0.0,18.333333333333332
3499,8,0.7857142857142857,54.75
3500,5,0.2,17.4
3501,28,0.17195767195767195,135.85714285714286
3502,42,0.32171893147502906,113.14285714285714
3503,24,0.1956521739130435,51.166666666666664
3504,0,0.0,0.0
3505,15,0.5619047619047619,112.13333333333334
3506,11,0.2727272727272727,70.27272727272727
3507,0,0.0,0.0
3508,4,0.16666666666666666,191.0
3509,0,0.0,0.0
3510,1,0.0,27.0
3511,55,0.17373737373737375,63.69090909090909
3512,10,0.5555555555555556,43.5
3513,193,0.16817789291882557,189.4455958549223
3514,17,0.4632352941176471,45.1764705882353
3515,6,0.13333333333333333,32.833333333333336
3516,1,0.0,19.0
3517,1,0.0,2.0
3518,39,0.6977058029689609,49.15384615384615
3519,11,0.2545454545454545,27.818181818181817
3520,3,0.0,22.333333333333332
3521,4,1.0,95.75
3522,71,0.17545271629778672,46.76056338028169
3523,42,0.148664343786295,97.69047619047619
3524,62,0.3569539925965098,59.854838709677416
3525,9,0.3055555555555556,32.44444444444444
3526,21,0.3523809523809524,39.95238095238095
3527,117,0.26363100501031533,92.02564102564102
3528,19,0.38011695906432746,17.473684210526315
3529,24,0.8260869565217391,34.458333333333336
3530,7,0.2857142857142857,60.57142857142857
3531,11,0.36363636363636365,35.45454545454545
3532,37,0.25675675675675674,31.72972972972973
3533,123,0.16966546714647474,162.8130081300813
3534,2,0.0,47.5
3535,87,0.41673349371825713,74.0
3536,62,0.3590692755156002,83.46774193548387
3537,10,0.24444444444444444,45.2
3538,18,0.16993464052287582,13.333333333333334
3539,3,0.3333333333333333,26.333333333333332
3540,6,0.6666666666666666,41.333333333333336
3541,2,1.0,25.5
3542,38,0.5035561877667141,54.78947368421053
3543,3,1.0,55.0
3544,4,0.5,68.75
3545,2,0.0,45.0
3546,42,0.23577235772357724,56.5
3547,68,0.21246707638279191,75.23529411764706
3548,31,0.20430107526881722,42.83870967741935
3549,39,0.2874493927125506,41.8974358974359
3550,39,0.4817813765182186,130.33333333333334
3551,9,0.4444444444444444,93.11111111111111
3552,10,0.2222222222222222,21.5
3553,3,1.0,16.0
3554,91,0.1374847374847375,79.96703296703296
3555,128,0.17827263779527558,61.6953125
3556,19,0.6549707602339181,68.57894736842105
3557,19,0.5087719298245614,72.10526315789474
3558,284,0.1317623052804459,164.57042253521126
3559,9,0.3055555555555556,53.111111111111114
3560,43,0.4429678848283499,111.65116279069767
3561,4,1.0,53.75
3562,5,0.1,4.4
3563,3,0.0,61.0
3564,7,0.3333333333333333,122.57142857142857
3565,1,0.0,2.0
3566,65,0.3139423076923077,34.58461538461538
3567,7,0.23809523809523808,22.142857142857142
3568,18,0.20915032679738563,24.333333333333332
3569,37,0.15765765765765766,35.7027027027027
3570,0,0.0,0.0
3571,74,0.3047019622362088,69.43243243243244
3572,58,0.22020568663036902,31.155172413793103
3573,54,0.2543675751222921,38.611111111111114
3574,1,0.0,1.0
3575,4,0.16666666666666666,55.5
3576,51,0.23137254901960785,58.3921568627451
3577,19,0.18128654970760233,133.3684210526316
3578,8,0.21428571428571427,35.125
3579,7,0.19047619047619047,38.142857142857146
3580,19,0.1286549707602339,31.789473684210527
3581,2,0.0,22.0
3582,10,0.3111111111111111,111.5
3583,32,0.31048387096774194,42.71875
3584,3,0.0,113.0
3585,58,0.4071385359951603,135.44827586206895
3586,8,0.25,25.125
3587,2,0.0,5.0
3588,3,0.0,150.33333333333334
3589,11,0.41818181818181815,21.727272727272727
3590,49,0.30272108843537415,173.87755102040816
3591,4,0.5,224.25
3592,3,0.6666666666666666,12.0
3593,15,0.37142857142857144,46.266666666666666
3594,0,0.0,0.0
3595,1,0.0,28.0
3596,48,0.21365248226950354,51.041666666666664
3597,10,1.0,35.4
3598,76,0.3080701754385965,95.03947368421052
3599,6,0.3333333333333333,15.0
3600,2,0.0,5.0
3601,6,0.06666666666666667,32.0
3602,13,0.23076923076923078,222.0
3603,20,0.9789473684210527,36.1
3604,9,0.7222222222222222,18.22222222222222
3605,7,0.7142857142857143,26.142857142857142
3606,30,0.5402298850574713,93.86666666666666
3607,10,0.2222222222222222,40.6
3608,10,0.17777777777777778,93.5
3609,6,0.3333333333333333,38.0
3610,41,0.45,54.09756097560975
3611,19,0.5087719298245614,25.36842105263158
3612,2,0.0,20.5
3613,21,0.24285714285714285,37.04761904761905
3614,49,0.33503401360544216,36.08163265306123
3615,43,0.132890365448505,44.81395348837209
3616,30,0.4114942528735632,75.23333333333333
3617,25,0.29,61.28
3618,15,0.13333333333333333,131.2
3619,7,0.14285714285714285,19.0
3620,11,0.21818181818181817,12.0
3621,18,0.12418300653594772,85.05555555555556
3622,15,0.22857142857142856,39.733333333333334
3623,5,0.4,13.6
3624,42,0.4727061556329849,48.69047619047619
3625,52,0.2081447963800905,192.17307692307693
3626,2,0.0,17.5
3627,28,0.20634920634920634,168.32142857142858
3628,10,0.35555555555555557,28.7
3629,16,0.19166666666666668,17.25
3630,27,0.2962962962962963,47.111111111111114
3631,123,0.23350659736105558,202.33333333333334
3632,51,0.1796078431372549,44.588235294117645
3633,81,0.18395061728395062,176.53086419753086
3634,27,0.34472934472934474,160.62962962962962
3635,69,0.1636828644501279,142.28985507246378
3636,3,0.3333333333333333,19.0
3637,5,0.2,12.6
3638,24,0.10507246376811594,60.666666666666664
3639,2,0.0,59.5
3640,18,0.5816993464052288,69.33333333333333
3641,8,0.39285714285714285,29.0
3642,47,0.3829787234042553,153.59574468085106
3643,14,0.17582417582417584,122.64285714285714
3644,35,0.17478991596638654,63.8
3645,40,0.2948717948717949,83.275
3646,42,0.2926829268292683,203.1904761904762
3647,54,0.18658280922431866,131.75925925925927
3648,1,0.0,6.0
3649,10,0.37777777777777777,88.5
3650,6,0.13333333333333333,29.5
3651,20,0.28421052631578947,29.85
3652,18,0.43137254901960786,38.388888888888886
3653,37,0.3858858858858859,44.027027027027025
3654,32,0.32661290322580644,61.125
3655,5,0.5,70.8
3656,15,0.45714285714285713,183.06666666666666
3657,89,0.46961184882533197,80.7752808988764
3658,82,0.2068654019873532,77.3170731707317
3659,2,1.0,5.5
3660,45,0.19595959595959597,51.15555555555556
3661,3,0.0,74.33333333333333
3662,187,0.1799206486113507,94.59893048128342
3663,71,0.24064386317907444,162.43661971830986
3664,106,0.16388140161725068,157.79245283018867
3665,25,0.4633333333333333,31.0
3666,19,0.2982456140350877,117.57894736842105
3667,39,0.242914979757085,61.46153846153846
3668,36,0.4,96.22222222222223
3669,4,0.3333333333333333,7.5
3670,0,0.0,0.0
3671,3,1.0,33.666666666666664
3672,1,0.0,69.0
3673,10,0.3111111111111111,14.5
3674,18,0.7189542483660131,222.66666666666666
3675,29,0.3251231527093596,311.8965517241379
3676,35,0.2857142857142857,30.6
3677,117,0.17845564397288535,205.6153846153846
3678,46,0.26666666666666666,48.391304347826086
3679,1,0.0,33.0
3680,5,0.0,20.4
3681,3,0.0,13.666666666666666
3682,5,0.6,120.8
3683,72,0.15062597809076683,39.93055555555556
3684,0,0.0,0.0
3685,8,0.25,5.75
3686,0,0.0,0.0
3687,17,0.41911764705882354,47.529411764705884
3688,6,0.06666666666666667,22.0
3689,0,0.0,0.0
3690,21,0.2571428571428571,104.0
3691,1,0.0,92.0
3692,23,0.1383399209486166,110.17391304347827
3693,14,0.31868131868131866,47.857142857142854
3694,1,0.0,13.0
3695,33,0.4090909090909091,63.303030303030305
3696,3,1.0,80.0
3697,25,0.21333333333333335,42.6
3698,49,0.2653061224489796,84.65306122448979
3699,19,0.4327485380116959,28.57894736842105
3700,444,0.1146767535029386,157.12612612612614
3701,1,0.0,67.0
3702,3,1.0,30.666666666666668
3703,21,0.2714285714285714,53.857142857142854
3704,22,0.6190476190476191,35.18181818181818
3705,10,0.5111111111111111,31.4
3706,62,0.2696985721840296,56.46774193548387
3707,150,0.15677852348993288,134.88
3708,184,0.162984081729627,178.6576086956522
3709,38,0.22759601706970128,57.73684210526316
3710,26,0.39076923076923076,197.46153846153845
3711,16,0.2,203.0
3712,65,0.28221153846153846,76.56923076923077
3713,16,0.2,104.0625
3714,4,0.3333333333333333,10.25
3715,3,0.3333333333333333,4.0
3716,14,0.31868131868131866,65.42857142857143
3717,36,0.2650793650793651,143.16666666666666
3718,14,0.4945054945054945,45.0
3719,4,0.3333333333333333,15.5
3720,10,0.35555555555555557,34.5
3721,10,0.1111111111111111,21.4
3722,15,0.14285714285714285,33.86666666666667
3723,50,0.3877551020408163,37.26
3724,42,0.4355400696864111,84.33333333333333
3725,81,0.14012345679012345,77.60493827160494
3726,22,0.5411255411255411,31.363636363636363
3727,8,0.35714285714285715,19.375
3728,2,0.0,30.5
3729,0,0.0,0.0
3730,37,0.2807807807807808,272.02702702702703
3731,50,0.20489795918367346,170.56
3732,32,0.49193548387096775,42.03125
3733,95,0.167525195968645,149.0421052631579
3734,71,0.386317907444668,199.74647887323943
3735,358,0.12204434846564324,166.94692737430168
3736,1,0.0,36.0
3737,93,0.4340813464235624,120.96774193548387
3738,10,0.35555555555555557,133.4
3739,18,0.21568627450980393,36.333333333333336
3740,1,0.0,18.0
3741,12,0.21212121212121213,47.166666666666664
3742,7,0.8571428571428571,45.57142857142857
3743,15,0.6571428571428571,80.13333333333334
3744,4,0.16666666666666666,48.75
3745,52,0.31447963800904977,49.98076923076923
3746,16,0.5666666666666667,22.5625
3747,2,1.0,15.0
3748,109,0.0998980632008155,101.07339449541284
3749,27,0.4358974358974359,71.48148148148148
3750,43,0.3333333333333333,51.372093023255815
3751,2,0.0,5.0
3752,5,0.2,38.6
3753,3,0.3333333333333333,48.666666666666664
3754,3,0.0,25.0
3755,20,0.3684210526315789,76.2
3756,22,0.1645021645021645,183.5
3757,7,0.47619047619047616,32.142857142857146
3758,9,0.3055555555555556,28.22222222222222
3759,7,0.47619047619047616,73.28571428571429
3760,14,0.27472527472527475,57.214285714285715
3761,7,0.6190476190476191,52.142857142857146
3762,2,1.0,10.5
3763,7,0.5238095238095238,12.0
3764,30,0.1310344827586207,39.53333333333333
3765,213,0.13832048897156524,166.4788732394366
3766,0,0.0,0.0
3767,6,0.9333333333333333,23.833333333333332
3768,14,0.45054945054945056,48.92857142857143
3769,63,0.3655913978494624,45.698412698412696
3770,2,0.0,26.0
3771,5,0.8,39.8
3772,8,0.03571428571428571,53.625
3773,10,0.24444444444444444,31.6
3774,41,0.30609756097560975,95.41463414634147
3775,12,0.16666666666666666,19.75
3776,16,0.6583333333333333,48.75
3777,5,0.1,56.8
3778,4,0.16666666666666666,105.5
3779,45,0.32727272727272727,35.46666666666667
3780,3,0.3333333333333333,12.666666666666666
3781,19,0.21637426900584794,39.578947368421055
3782,2,0.0,15.5
3783,12,0.24242424242424243,11.333333333333334
3784,45,0.22525252525252526,49.22222222222222
3785,131,0.2932472108044627,112.17557251908397
3786,8,0.5714285714285714,53.625
3787,717,0.08307036612826567,140.25662482566247
3788,15,0.2571428571428571,47.733333333333334
3789,21,0.3904761904761905,34.0
3790,5,0.3,25.4
3791,30,0.4827586206896552,41.3
3792,31,0.23225806451612904,98.2258064516129
3793,7,0.19047619047619047,15.0
3794,0,0.0,0.0
3795,157,0.12681691981055038,107.0
3796,5,0.5,14.2
3797,30,0.5333333333333333,76.4
3798,11,0.36363636363636365,56.36363636363637
3799,5,0.4,33.4
3800,4,1.0,52.0
3801,25,0.32666666666666666,31.6
3802,30,0.4114942528735632,58.36666666666667
3803,4,0.16666666666666666,23.25
3804,60,0.3112994350282486,97.08333333333333
3805,19,0.7134502923976608,21.42105263157895
3806,2,0.0,4.5
3807,43,0.25802879291251385,83.18604651162791
3808,72,0.3857589984350548,57.31944444444444
3809,25,0.21,61.36
3810,17,0.2867647058823529,18.58823529411765
3811,41,0.1402439024390244,32.853658536585364
3812,3,0.0,45.333333333333336
3813,44,0.38477801268498946,219.70454545454547
3814,38,0.1806543385490754,57.86842105263158
3815,1,0.0,3.0
3816,28,0.2671957671957672,86.25
3817,18,0.19607843137254902,40.44444444444444
3818,24,0.35144927536231885,48.541666666666664
3819,33,0.2821969696969697,48.15151515151515
3820,36,0.42857142857142855,65.61111111111111
3821,26,0.13538461538461538,39.61538461538461
3822,3,0.6666666666666666,96.66666666666667
3823,6,0.3333333333333333,42.5
3824,11,0.7818181818181819,29.363636363636363
3825,25,0.5166666666666667,47.64
3826,29,0.2315270935960591,72.65517241379311
3827,41,0.2731707317073171,25.78048780487805
3828,6,0.26666666666666666,33.166666666666664
3829,7,0.7619047619047619,32.714285714285715
3830,17,0.22058823529411764,35.470588235294116
3831,4,0.6666666666666666,20.75
3832,1,0.0,71.0
3833,1,0.0,25.0
3834,161,0.06894409937888199,63.391304347826086
3835,16,0.625,90.3125
3836,25,0.31666666666666665,21.76
3837,3,0.3333333333333333,10.0
3838,4,0.3333333333333333,8.75
3839,2,1.0,4.5
3840,54,0.30887491264849753,38.5
3841,1,0.0,2.0
3842,6,0.2,41.166666666666664
3843,4,0.5,8.25
3844,32,0.4213709677419355,82.71875
3845,4,0.5,56.0
3846,1,0.0,22.0
3847,17,0.4411764705882353,18.941176470588236
3848,32,0.23387096774193547,33.9375
3849,44,0.19767441860465115,94.36363636363636
3850,8,0.21428571428571427,26.0
3851,2,1.0,4.5
3852,51,0.7325490196078431,90.2156862745098
3853,38,0.31436699857752487,62.78947368421053
3854,41,0.4170731707317073,105.46341463414635
3855,80,0.6408227848101266,80.55
3856,5,0.4,19.0
3857,30,0.6183908045977011,36.36666666666667
3858,9,0.3333333333333333,68.11111111111111
3859,36,0.5190476190476191,130.47222222222223
3860,40,0.24358974358974358,139.975
3861,36,0.13968253968253969,101.44444444444444
3862,49,0.27125850340136054,144.51020408163265
3863,70,0.24761904761904763,131.07142857142858
3864,65,0.40240384615384617,136.4
3865,155,0.14461667364893172,174.86451612903227
3866,7,0.19047619047619047,67.71428571428571
3867,101,0.1495049504950495,54.64356435643565
3868,7,0.23809523809523808,28.0
3869,12,0.9545454545454546,127.91666666666667
3870,8,0.25,115.125
3871,38,0.5590327169274538,55.1578947368421
3872,8,0.32142857142857145,21.125
3873,72,0.28129890453834117,210.72222222222223
3874,23,0.15019762845849802,63.52173913043478
3875,5,0.1,15.6
3876,1,0.0,1.0
3877,25,0.24666666666666667,217.6
3878,23,0.5652173913043478,81.26086956521739
3879,22,0.2813852813852814,55.63636363636363
3880,117,0.23445328617742411,146.47008547008548
3881,22,0.329004329004329,63.22727272727273
3882,6,0.3333333333333333,17.333333333333332
3883,158,0.22978311698782553,204.36075949367088
3884,40,0.4269230769230769,53.45
3885,53,0.6153846153846154,90.67924528301887
3886,12,0.7424242424242424,17.333333333333332
3887,35,0.3126050420168067,34.51428571428571
3888,16,0.175,46.625
3889,9,0.3888888888888889,20.88888888888889
3890,14,0.1978021978021978,61.214285714285715
3891,29,0.42610837438423643,74.86206896551724
3892,19,0.783625730994152,41.473684210526315
3893,69,0.5370843989769821,92.33333333333333
3894,48,0.5292553191489362,107.89583333333333
3895,13,0.3333333333333333,87.84615384615384
3896,2,0.0,38.0
3897,263,0.1266653121643979,123.65399239543726
3898,0,0.0,0.0
3899,11,0.12727272727272726,16.454545454545453
3900,1,0.0,150.0
3901,18,0.21568627450980393,31.11111111111111
3902,0,0.0,0.0
3903,5,1.0,23.2
3904,5,0.5,25.0
3905,67,0.48530076888285845,93.04477611940298
3906,12,0.3333333333333333,208.66666666666666
3907,39,0.21727395411605938,95.87179487179488
3908,4,0.0,33.0
3909,39,0.30634278002699056,66.76923076923077
3910,4,0.3333333333333333,34.5
3911,114,0.37633907778295295,111.95614035087719
3912,8,0.21428571428571427,24.125
3913,40,0.2128205128205128,106.225
3914,99,0.1888270459699031,142.67676767676767
3915,15,0.4666666666666667,76.26666666666667
3916,63,0.15360983102918588,37.58730158730159
3917,55,0.3218855218855219,71.27272727272727
3918,37,0.2147147147147147,41.486486486486484
3919,71,0.23380281690140844,216.35211267605635
3920,8,0.21428571428571427,24.125
3921,53,0.2525399129172714,108.81132075471699
3922,14,0.17582417582417584,29.5
3923,5,0.1,62.2
3924,11,0.509090909090909,42.54545454545455
3925,17,0.25735294117647056,16.647058823529413
3926,108,0.15195569401176878,74.01851851851852
3927,0,0.0,0.0
3928,15,0.2761904761904762,96.73333333333333
3929,10,0.8222222222222222,33.0
3930,46,0.293719806763285,162.41304347826087
3931,0,0.0,0.0
3932,6,0.7333333333333333,26.833333333333332
3933,9,0.5555555555555556,19.0
3934,21,0.43333333333333335,52.857142857142854
3935,1,0.0,1.0
3936,35,0.24369747899159663,27.114285714285714
3937,30,0.7448275862068966,215.36666666666667
3938,1,0.0,50.0
3939,329,0.12441619097042034,94.74772036474164
3940,33,0.42803030303030304,158.21212121212122
3941,28,0.6031746031746031,81.07142857142857
3942,6,0.26666666666666666,67.66666666666667
3943,2,1.0,16.0
3944,11,0.2727272727272727,41.45454545454545
3945,62,0.4056054997355896,136.41935483870967
3946,8,0.42857142857142855,37.0
3947,86,0.23009575923392614,234.9418604651163
3948,1,0.0,11.0
3949,26,0.17846153846153845,106.46153846153847
3950,5,0.5,451.4
3951,28,0.6005291005291006,34.607142857142854
3952,17,0.49264705882352944,133.88235294117646
3953,30,0.1793103448275862,32.2
3954,28,0.3386243386243386,83.07142857142857
3955,1,0.0,4.0
3956,0,0.0,0.0
3957,26,0.26153846153846155,44.03846153846154
3958,53,0.2808417997097242,47.113207547169814
3959,43,0.14174972314507198,56.325581395348834
3960,15,0.37142857142857144,28.066666666666666
3961,15,0.29523809523809524,22.6
3962,15,0.38095238095238093,40.8
3963,64,0.2251984126984127,64.765625
3964,82,0.18578741342968985,167.97560975609755
3965,7,0.6666666666666666,20.428571428571427
3966,22,0.2597402597402597,55.72727272727273
3967,6,0.13333333333333333,5.5
3968,57,0.23182957393483708,74.66666666666667
3969,25,0.17,76.96
3970,14,0.2857142857142857,66.35714285714286
3971,29,0.49507389162561577,117.62068965517241
3972,22,0.2727272727272727,68.86363636363636
3973,54,0.283717679944095,133.0
3974,11,0.8181818181818182,138.1818181818182
3975,5,1.0,18.0
3976,31,0.4752688172043011,49.064516129032256
3977,6,0.4,64.83333333333333
3978,83,0.5027916544225683,92.6144578313253
3979,152,0.07075636110142906,64.33552631578948
3980,13,0.6538461538461539,25.692307692307693
3981,39,0.29554655870445345,81.8974358974359
3982,0,0.0,0.0
3983,3,1.0,129.33333333333334
3984,2,0.0,7.0
3985,2,0.0,32.5
3986,15,0.0761904761904762,24.133333333333333
3987,7,0.23809523809523808,26.857142857142858
3988,100,0.13575757575757577,91.05
3989,43,0.4706533776301218,105.51162790697674
3990,45,0.198989898989899,52.6
3991,30,0.6482758620689655,65.76666666666667
3992,6,0.8666666666666667,29.833333333333332
3993,64,0.17311507936507936,93.78125
3994,0,0.0,0.0
3995,55,0.14276094276094276,47.6
3996,4,0.16666666666666666,51.5
3997,8,0.42857142857142855,17.125
3998,14,0.18681318681318682,36.857142857142854
3999,15,0.2,102.73333333333333
4000,10,0.7777777777777778,32.8
4001,233,0.08435696314932663,75.44635193133047
4002,30,0.2827586206896552,46.63333333333333
4003,68,0.7370500438981563,83.13235294117646
4004,5,0.5,61.0
4005,84,0.47016637980493403,84.97619047619048
4006,29,0.45566502463054187,50.62068965517241
4007,49,0.5875850340136054,57.0
4008,39,0.650472334682861,40.05128205128205
4009,2,1.0,353.0
4010,9,0.5833333333333334,192.88888888888889
4011,2,1.0,57.0
4012,3,1.0,44.666666666666664
4013,45,0.38585858585858585,67.46666666666667
4014,163,0.11353480269635689,131.06134969325154
4015,39,0.26855600539811064,74.71794871794872
4016,0,0.0,0.0
4017,17,0.4411764705882353,31.352941176470587
4018,8,0.17857142857142858,79.25
4019,10,0.6222222222222222,49.4
4020,21,0.3761904761904762,32.19047619047619
4021,11,0.2727272727272727,10.909090909090908
4022,6,0.3333333333333333,57.833333333333336
4023,0,0.0,0.0
4024,0,0.0,0.0
4025,46,0.29082125603864734,44.26086956521739
4026,5,0.3,28.4
4027,1,0.0,85.0
4028,18,0.4117647058823529,162.94444444444446
4029,0,0.0,0.0
4030,19,0.3333333333333333,46.63157894736842
4031,17,0.2647058823529412,78.11764705882354
4032,6,0.6666666666666666,251.0
4033,15,0.23809523809523808,81.13333333333334
4034,140,0.2170606372045221,127.07857142857142
4035,0,0.0,0.0
4036,6,0.26666666666666666,45.166666666666664
4037,14,0.3076923076923077,43.5
4038,16,0.26666666666666666,81.6875
4039,4,0.3333333333333333,10.25
4040,38,0.38975817923186346,149.6578947368421
4041,6,0.6,26.833333333333332
4042,18,0.19607843137254902,75.61111111111111
4043,8,0.25,55.25
4044,1,0.0,5.0
4045,31,0.21505376344086022,85.90322580645162
4046,14,0.43956043956043955,74.71428571428571
4047,27,0.3646723646723647,69.62962962962963
4048,24,0.16304347826086957,87.29166666666667
4049,151,0.2532450331125828,126.31788079470199
4050,0,0.0,0.0
4051,6,1.0,66.5
4052,3,0.3333333333333333,12.666666666666666
4053,2,0.0,7.5
4054,12,0.3484848484848485,294.5833333333333
4055,33,0.4147727272727273,25.818181818181817
4056,3,0.3333333333333333,5.0
4057,29,0.3842364532019704,53.0
4058,13,0.15384615384615385,63.46153846153846
4059,13,0.3333333333333333,91.38461538461539
4060,60,0.6949152542372882,83.06666666666666
4061,58,0.32728372655777377,69.94827586206897
4062,2,0.0,6.5
4063,1,0.0,10.0
4064,24,0.20652173913043478,127.41666666666667
4065,0,0.0,0.0
4066,14,0.4945054945054945,143.28571428571428
4067,0,0.0,0.0
4068,27,0.3190883190883191,50.25925925925926
4069,12,0.5606060606060606,46.25
4070,7,0.38095238095238093,31.0
4071,20,0.3157894736842105,113.9
4072,53,0.21843251088534107,101.09433962264151
4073,20,0.25263157894736843,40.35
4074,49,0.2967687074829932,114.59183673469387
4075,43,0.2602436323366556,60.25581395348837
4076,73,0.2286910197869102,71.71232876712328
4077,48,0.2632978723404255,84.91666666666667
4078,47,0.39592969472710454,169.5531914893617
4079,35,0.23697478991596638,39.74285714285714
4080,1,0.0,15.0
4081,75,0.4454054054054054,76.58666666666667
4082,1,0.0,98.0
4083,6,0.4,25.666666666666668
4084,4,0.16666666666666666,19.0
4085,21,0.28095238095238095,44.285714285714285
4086,23,0.5770750988142292,71.0
4087,28,0.30423280423280424,83.85714285714286
4088,11,0.18181818181818182,110.18181818181819
4089,39,0.3643724696356275,140.15384615384616
4090,33,0.32765151515151514,35.57575757575758
4091,36,0.3047619047619048,42.611111111111114
4092,59,0.570426651081239,122.42372881355932
4093,18,0.48366013071895425,34.77777777777778
4094,5,0.2,52.8
4095,108,0.35669781931464173,70.48148148148148
4096,10,0.2222222222222222,20.4
4097,4,0.3333333333333333,212.75
4098,16,0.8666666666666667,48.875
4099,3,1.0,581.6666666666666
4100,31,0.5612903225806452,37.70967741935484
4101,21,0.3047619047619048,33.904761904761905
4102,5,0.4,20.6
4103,18,0.23529411764705882,85.38888888888889
4104,37,0.24624624624624625,177.7027027027027
4105,33,0.36174242424242425,43.09090909090909
4106,13,0.15384615384615385,85.46153846153847
4107,6,0.26666666666666666,139.66666666666666
4108,82,0.15778380006022283,126.26829268292683
4109,78,0.47619047619047616,94.14102564102564
4110,5,0.8,28.6
4111,5,0.1,4.8
4112,31,0.21505376344086022,43.58064516129032
4113,40,0.35384615384615387,76.05
4114,47,0.2839962997224792,118.2127659574468
4115,8,0.5357142857142857,127.125
4116,4,0.3333333333333333,33.75
4117,4,0.3333333333333333,29.5
4118,45,0.41515151515151516,114.6
4119,59,0.24196376388077148,86.35593220338983
4120,4,0.8333333333333334,27.25
4121,0,0.0,0.0
4122,31,0.3333333333333333,51.0
4123,77,0.19548872180451127,43.62337662337662
4124,5,0.5,54.8
4125,9,0.4444444444444444,18.444444444444443
4126,43,0.2646733111849391,153.6046511627907
4127,0,0.0,0.0
4128,134,0.17192234317136124,131.86567164179104
4129,7,0.5238095238095238,25.142857142857142
4130,2,0.0,3.5
4131,93,0.6136044880785414,90.70967741935483
4132,26,0.26153846153846155,49.26923076923077
4133,4,0.5,74.5
4134,29,0.2832512315270936,48.6551724137931
4135,74,0.15957052943354313,45.7972972972973
4136,4,0.5,73.75
4137,2,0.0,49.0
4138,40,0.19487179487179487,24.975
4139,24,0.5434782608695652,49.583333333333336
4140,19,0.4619883040935672,82.57894736842105
4141,4,0.16666666666666666,4.25
4142,4,0.16666666666666666,18.25
4143,2,0.0,102.0
4144,20,0.4789473684210526,42.7
4145,3,0.6666666666666666,10.0
4146,14,0.18681318681318682,47.57142857142857
4147,7,1.0,29.0
4148,24,0.2572463768115942,49.625
4149,0,0.0,0.0
4150,8,0.35714285714285715,22.75
4151,22,0.19047619047619047,60.86363636363637
4152,8,0.21428571428571427,38.625
4153,4,0.16666666666666666,3.0
4154,9,0.25,57.0
4155,48,0.5274822695035462,48.125
4156,1,0.0,2.0
4157,43,0.23255813953488372,56.13953488372093
4158,62,0.7736647276573242,83.56451612903226
4159,29,0.2044334975369458,43.41379310344828
4160,19,0.13450292397660818,19.473684210526315
4161,3,1.0,39.666666666666664
4162,20,0.3526315789473684,37.25
4163,123,0.1370118619218979,153.0731707317073
4164,16,0.125,51.0625
4165,52,0.4042232277526395,47.51923076923077
4166,18,0.29411764705882354,142.88888888888889
4167,119,0.11451360205098988,83.31932773109244
4168,2,0.0,7.5
4169,39,0.3940620782726046,142.7948717948718
4170,94,0.5165865934568749,86.34042553191489
4171,26,0.4338461538461538,25.692307692307693
4172,69,0.6619778346121057,98.2463768115942
4173,1,0.0,27.0
4174,28,0.41534391534391535,48.857142857142854
4175,54,0.20195667365478687,73.74074074074075
4176,8,0.39285714285714285,57.875
4177,28,0.18253968253968253,103.42857142857143
4178,14,0.43956043956043955,116.0
4179,19,0.24561403508771928,59.526315789473685
4180,45,0.23535353535353534,61.82222222222222
4181,24,0.32608695652173914,68.125
4182,18,0.20915032679738563,116.88888888888889
4183,8,0.6071428571428571,21.875
4184,59,0.7504383401519579,79.8135593220339
4185,22,0.5541125541125541,50.68181818181818
4186,10,0.15555555555555556,15.5
4187,44,0.48625792811839325,58.79545454545455
4188,5,0.5,12.8
4189,15,0.14285714285714285,47.53333333333333
4190,126,0.1859047619047619,169.0
4191,23,0.3675889328063241,85.47826086956522
4192,8,0.17857142857142858,27.625
4193,3,0.3333333333333333,165.33333333333334
4194,17,0.22794117647058823,27.235294117647058
4195,2,0.0,5.0
4196,24,0.29347826086956524,80.75
4197,32,0.3064516129032258,208.96875
4198,26,0.27692307692307694,24.03846153846154
4199,21,0.23333333333333334,29.142857142857142
4200,148,0.31834896120610406,113.75675675675676
4201,245,0.1755436600869856,180.75510204081633
4202,249,0.1751846094053634,188.6586345381526
4203,82,0.18638964167419453,129.65853658536585
4204,35,0.18823529411764706,115.91428571428571
4205,32,0.14516129032258066,41.9375
4206,9,0.5833333333333334,68.77777777777777
4207,67,0.2799638172772501,170.8955223880597
4208,105,0.2796703296703297,109.4095238095238
4209,81,0.2175925925925926,208.7037037037037
4210,1,0.0,2.0
4211,13,0.5512820512820513,90.07692307692308
4212,33,0.25946969696969696,26.272727272727273
4213,117,0.19923371647509577,146.31623931623932
4214,2,0.0,16.5
4215,41,0.15853658536585366,134.390243902439
4216,64,0.6374007936507936,171.125
4217,21,0.08571428571428572,12.142857142857142
4218,28,0.41005291005291006,58.32142857142857
4219,78,0.21611721611721613,112.85897435897436
4220,48,0.2801418439716312,127.02083333333333
4221,27,0.21082621082621084,77.44444444444444
4222,73,0.12595129375951294,91.63013698630137
4223,2,0.0,15.5
4224,151,0.08891832229580574,105.72847682119205
4225,3,1.0,7.666666666666667
4226,2,0.0,3.5
4227,48,0.2783687943262411,71.85416666666667
4228,66,0.5393939393939394,141.5909090909091
4229,7,0.38095238095238093,73.14285714285714
4230,49,0.2602040816326531,80.12244897959184
4231,11,0.3090909090909091,129.63636363636363
4232,109,0.19028202514441048,123.75229357798165
4233,111,0.3144963144963145,96.77477477477477
4234,8,0.5,69.875
4235,17,0.375,20.941176470588236
4236,3,0.0,40.333333333333336
4237,10,0.2,72.0
4238,11,0.3090909090909091,64.0909090909091
4239,42,0.140534262485482,63.023809523809526
4240,25,0.2733333333333333,26.36
4241,95,0.34781634938409856,191.06315789473683
4242,1,0.0,32.0
4243,31,0.2967741935483871,60.45161290322581
4244,30,0.38850574712643676,47.833333333333336
4245,23,0.3952569169960474,50.65217391304348
4246,32,0.36693548387096775,164.59375
4247,32,0.4959677419354839,64.6875
4248,37,0.42492492492492495,79.27027027027027
4249,4,0.6666666666666666,134.25
4250,17,0.6691176470588235,120.70588235294117
4251,191,0.26117387710112977,109.282722513089
4252,72,0.3161189358372457,196.08333333333334
4253,26,0.3446153846153846,160.07692307692307
4254,24,0.6086956521739131,31.625
4255,49,0.342687074829932,63.63265306122449
4256,12,0.12121212121212122,37.5
4257,60,0.09265536723163842,62.916666666666664
4258,3,0.3333333333333333,25.333333333333332
4259,38,0.2773826458036984,70.73684210526316
4260,50,0.26448979591836735,74.72
4261,47,0.6808510638297872,108.44680851063829
4262,32,0.5,55.40625
4263,0,0.0,0.0
4264,16,0.525,37.125
4265,5,0.4,37.0
4266,31,0.24731182795698925,50.645161290322584
4267,14,0.2967032967032967,17.0
4268,6,0.26666666666666666,10.0
4269,1,0.0,2.0
4270,5,0.4,40.0
4271,19,0.6023391812865497,51.63157894736842
4272,0,0.0,0.0
4273,2,0.0,114.5
4274,15,0.4095238095238095,31.266666666666666
4275,29,0.2881773399014778,235.41379310344828
4276,21,0.34285714285714286,46.95238095238095
4277,22,0.3852813852813853,45.95454545454545
4278,0,0.0,0.0
4279,17,0.3088235294117647,67.05882352941177
4280,1,0.0,1134.0
4281,7,0.3333333333333333,34.42857142857143
4282,5,0.3,198.2
4283,39,0.3225371120107962,106.74358974358974
4284,20,0.7526315789473684,181.55
4285,8,0.25,228.625
4286,47,0.45050878815911194,38.5531914893617
4287,5,0.4,23.6
4288,65,0.15384615384615385,103.32307692307693
4289,16,0.275,63.9375
4290,18,0.49673202614379086,75.83333333333333
4291,12,0.2878787878787879,23.0
4292,8,0.39285714285714285,18.0
4293,7,0.3333333333333333,54.285714285714285
4294,67,0.1895070104025328,50.91044776119403
4295,23,0.2450592885375494,79.78260869565217
4296,12,0.3181818181818182,80.66666666666667
4297,8,0.03571428571428571,36.375
4298,27,0.6324786324786325,50.407407407407405
4299,13,0.20512820512820512,248.0
4300,16,0.36666666666666664,49.625
4301,34,0.38859180035650626,50.73529411764706
4302,2,0.0,6.5
4303,238,0.1588128922455058,151.41596638655463
4304,19,0.32748538011695905,68.3157894736842
4305,13,0.11538461538461539,78.84615384615384
4306,94,0.32006405856783343,153.75531914893617
4307,3,0.0,16.333333333333332
4308,41,0.17804878048780487,56.31707317073171
4309,11,0.8181818181818182,53.36363636363637
4310,17,0.6911764705882353,41.35294117647059
4311,0,0.0,0.0
4312,5,0.8,19.2
4313,5,0.6,26.6
4314,46,0.2714975845410628,65.26086956521739
4315,3,1.0,7.0
4316,211,0.2110133152787181,144.3601895734597
4317,23,0.26877470355731226,194.65217391304347
4318,10,0.4,48.4
4319,29,0.7339901477832512,88.03448275862068
4320,38,0.17069701280227595,117.97368421052632
4321,18,0.16993464052287582,57.833333333333336
4322,42,0.18815331010452963,69.83333333333333
4323,9,0.25,31.11111111111111
4324,4,0.0,8.5
4325,0,0.0,0.0
4326,30,0.3632183908045977,94.7
4327,13,0.3974358974358974,90.38461538461539
4328,245,0.2225828036132486,206.0612244897959
4329,31,0.3032258064516129,68.41935483870968
4330,8,0.25,19.25
4331,8,0.17857142857142858,12.75
4332,67,0.45092718227046585,86.85074626865672
4333,32,0.2842741935483871,124.4375
4334,5,1.0,17.0
4335,54,0.4116002795248078,310.8703703703704
4336,0,0.0,0.0
4337,37,0.1006006006006006,43.891891891891895
4338,20,0.18947368421052632,73.95
4339,28,0.25132275132275134,46.42857142857143
4340,8,0.5714285714285714,97.875
4341,14,0.4175824175824176,55.214285714285715
4342,66,0.3808857808857809,62.95454545454545
4343,1,0.0,24.0
4344,24,0.34057971014492755,34.041666666666664
4345,25,0.25333333333333335,58.36
4346,54,0.1586303284416492,123.25925925925925
4347,3,0.3333333333333333,181.0
4348,6,0.4,4.833333333333333
4349,24,0.27898550724637683,50.458333333333336
4350,92,0.1509794553272814,113.05434782608695
4351,6,0.7333333333333333,22.333333333333332
4352,1,0.0,7.0
4353,22,0.16017316017316016,58.95454545454545
4354,0,0.0,0.0
4355,27,0.5669515669515669,51.629629629629626
4356,0,0.0,0.0
4357,49,0.14795918367346939,60.87755102040816
4358,18,0.7843137254901961,90.0
4359,0,0.0,0.0
4360,24,0.3333333333333333,25.541666666666668
4361,57,0.218671679197995,113.43859649122807
4362,6,0.8666666666666667,30.666666666666668
4363,49,0.4880952380952381,38.755102040816325
4364,4,0.5,71.25
4365,45,0.16161616161616163,106.06666666666666
4366,226,0.20196656833824975,152.7433628318584
4367,80,0.17120253164556962,123.6375
4368,6,1.0,58.0
4369,28,0.41798941798941797,88.64285714285714
4370,11,0.3090909090909091,73.72727272727273
4371,79,0.28562155144433626,216.84810126582278
4372,8,0.5357142857142857,35.75
4373,0,0.0,0.0
4374,16,0.475,41.6875
4375,6,0.5333333333333333,180.83333333333334
4376,18,0.19607843137254902,23.77777777777778
4377,2,1.0,21.0
4378,2,0.0,111.0
4379,42,0.3867595818815331,112.28571428571429
4380,14,0.24175824175824176,220.35714285714286
4381,25,0.23666666666666666,31.12
4382,37,0.47297297297297297,194.75675675675674
4383,16,0.23333333333333334,45.5
4384,14,0.5274725274725275,19.928571428571427
4385,12,0.19696969696969696,31.75
4386,6,0.26666666666666666,15.5
4387,7,0.2857142857142857,48.857142857142854
4388,175,0.28098522167487683,115.60571428571428
4389,2,0.0,20.5
4390,21,0.32857142857142857,42.80952380952381
4391,1,0.0,19.0
4392,0,0.0,0.0
4393,68,0.3292361720807726,76.75
4394,29,0.3842364532019704,38.10344827586207
4395,2,0.0,62.5
4396,4,0.16666666666666666,32.5
4397,2,0.0,12.0
4398,7,0.42857142857142855,32.42857142857143
4399,3,0.3333333333333333,13.0
4400,189,0.0990656309805246,75.34391534391534
4401,2,0.0,3.0
4402,96,0.26469298245614037,166.28125
4403,109,0.172443085287122,178.1651376146789
4404,14,0.45054945054945056,160.35714285714286
4405,7,0.38095238095238093,24.285714285714285
4406,64,0.23313492063492064,46.515625
4407,3,0.3333333333333333,20.0
4408,6,0.26666666666666666,77.5
4409,43,0.23588039867109634,181.2093023255814
4410,12,0.3484848484848485,194.58333333333334
4411,0,0.0,0.0
4412,32,0.34274193548387094,79.03125
4413,24,0.2572463768115942,32.875
4414,34,0.21390374331550802,116.1470588235294
4415,13,0.6538461538461539,56.30769230769231
4416,11,0.36363636363636365,20.454545454545453
4417,4,0.3333333333333333,20.75
4418,7,0.3333333333333333,35.285714285714285
4419,86,0.14309165526675788,153.22093023255815
4420,51,0.2384313725490196,60.27450980392157
4421,33,0.32386363636363635,46.878787878787875
4422,31,0.2838709677419355,38.096774193548384
4423,89,0.17722165474974463,121.42696629213484
4424,27,0.2962962962962963,61.44444444444444
4425,3,0.3333333333333333,68.0
4426,88,0.1896551724137931,175.3409090909091
4427,37,0.38288288288288286,167.1081081081081
4428,13,0.2692307692307692,10.0
4429,27,0.3162393162393162,31.37037037037037
4430,173,0.08825110902002957,135.0057803468208
4431,54,0.19566736547868624,71.4074074074074
4432,24,0.782608695652174,46.75
4433,8,0.25,34.375
4434,3,0.0,16.0
4435,4,0.5,111.5
4436,87,0.47179898422881583,102.36781609195403
4437,4,0.5,58.0
4438,7,0.42857142857142855,45.57142857142857
4439,12,0.3787878787878788,88.83333333333333
4440,8,0.2857142857142857,26.375
4441,6,0.8,11.833333333333334
4442,23,0.3952569169960474,136.04347826086956
4443,0,0.0,0.0
4444,12,0.6666666666666666,74.0
4445,13,0.23076923076923078,147.76923076923077
4446,49,0.5663265306122449,212.6122448979592
4447,6,0.8,219.33333333333334
4448,0,0.0,0.0
4449,72,0.21283255086071987,50.625
4450,3,1.0,20.333333333333332
4451,19,0.6257309941520468,96.57894736842105
4452,5,0.3,24.4
4453,5,0.3,14.8
4454,20,0.7052631578947368,22.2
4455,3,0.3333333333333333,30.0
4456,3,0.3333333333333333,10.333333333333334
4457,19,0.2631578947368421,54.36842105263158
4458,5,0.3,17.2
4459,142,0.2512236539806213,194.90140845070422
4460,29,0.28078817733990147,135.13793103448276
4461,12,0.3787878787878788,47.166666666666664
4462,42,0.1835075493612079,93.73809523809524
4463,0,0.0,0.0
4464,11,0.45454545454545453,128.45454545454547
4465,31,0.4344086021505376,146.25806451612902
4466,7,0.19047619047619047,67.85714285714286
4467,27,0.5527065527065527,122.37037037037037
4468,147,0.22495573571894512,106.21768707482993
4469,28,0.48148148148148145,35.5
4470,12,0.22727272727272727,49.666666666666664
4471,17,0.5588235294117647,46.64705882352941
4472,3,0.0,8.333333333333334
4473,29,0.2512315270935961,52.62068965517241
4474,18,0.12418300653594772,32.0
4475,24,0.18115942028985507,48.541666666666664
4476,51,0.26745098039215687,259.15686274509807
4477,9,0.5833333333333334,16.88888888888889
4478,29,0.4408866995073892,43.58620689655172
4479,86,0.47961696306429547,83.61627906976744
4480,45,0.13131313131313133,63.8
4481,3,0.3333333333333333,12.0
4482,23,0.2845849802371542,46.95652173913044
4483,103,0.23948220064724918,107.48543689320388
4484,21,0.4238095238095238,22.61904761904762
4485,10,0.3111111111111111,54.2
4486,16,0.48333333333333334,147.5
4487,2,1.0,26.0
4488,70,0.4215320910973085,60.128571428571426
4489,7,0.23809523809523808,86.85714285714286
4490,78,0.3546453546453546,279.55128205128204
4491,2,0.0,21.0
4492,8,0.17857142857142858,35.375
4493,47,0.2303422756706753,74.19148936170212
4494,56,0.2720779220779221,53.875
4495,23,0.2450592885375494,194.52173913043478
4496,86,0.3816689466484268,148.32558139534885
4497,2,0.0,27.5
4498,37,0.23273273273273273,52.67567567567568
4499,7,0.5714285714285714,24.857142857142858
4500,32,0.2661290322580645,19.84375
4501,65,0.25432692307692306,201.0
4502,101,0.3681188118811881,135.93069306930693
4503,48,0.2916666666666667,58.0625
4504,8,0.14285714285714285,53.25
4505,26,0.40923076923076923,49.96153846153846
4506,14,0.7032967032967034,60.214285714285715
4507,1,0.0,44.0
4508,23,0.6403162055335968,36.608695652173914
4509,40,0.21025641025641026,52.775
4510,28,0.19047619047619047,221.75
4511,4,0.5,14.75
4512,15,0.3619047619047619,90.46666666666667
4513,60,0.24463276836158193,71.65
4514,27,0.35327635327635326,36.333333333333336
4515,44,0.20930232558139536,50.47727272727273
4516,24,0.2572463768115942,110.70833333333333
4517,6,0.4,19.166666666666668
4518,7,0.3333333333333333,265.2857142857143
4519,10,0.15555555555555556,27.8
4520,6,0.4666666666666667,33.333333333333336
4521,8,0.14285714285714285,15.125
4522,11,0.16363636363636364,59.90909090909091
4523,113,0.18015170670037928,128.21238938053096
4524,13,0.2564102564102564,66.23076923076923
4525,130,0.3654144305307096,84.43846153846154
4526,38,0.21337126600284495,98.5
4527,10,0.3333333333333333,56.1
4528,10,0.06666666666666667,13.9
4529,14,0.9010989010989011,41.857142857142854
4530,2,0.0,10.0
4531,13,0.14102564102564102,165.3846153846154
4532,56,0.3551948051948052,137.69642857142858
4533,7,0.2857142857142857,15.428571428571429
4534,32,0.1774193548387097,86.78125
4535,14,0.3626373626373626,18.0
4536,11,0.23636363636363636,45.72727272727273
4537,17,0.22794117647058823,75.52941176470588
4538,15,0.2857142857142857,49.266666666666666
4539,109,0.2055725450220863,205.8165137614679
4540,4,0.16666666666666666,165.25
4541,20,0.37894736842105264,180.35
4542,8,0.32142857142857145,18.875
4543,30,0.33793103448275863,55.333333333333336
4544,11,0.5272727272727272,53.36363636363637
4545,41,0.3951219512195122,77.8048780487805
4546,14,0.4065934065934066,29.642857142857142
4547,14,0.38461538461538464,27.357142857142858
4548,16,0.48333333333333334,36.3125
4549,29,0.3768472906403941,23.344827586206897
4550,108,0.21962616822429906,213.88888888888889
4551,29,0.14532019704433496,55.89655172413793
4552,13,0.7051282051282052,73.46153846153847
4553,23,0.30039525691699603,140.04347826086956
4554,94,0.09036833676504233,138.18085106382978
4555,40,0.25384615384615383,46.3
4556,11,0.2909090909090909,20.454545454545453
4557,96,0.16030701754385965,47.40625
4558,24,0.36231884057971014,80.33333333333333
4559,2,0.0,13.0
4560,1,0.0,2.0
4561,60,0.20112994350282487,106.8
4562,25,0.44,50.0
4563,165,0.22941611234294162,148.37575757575758
4564,0,0.0,0.0
4565,40,0.7474358974358974,81.725
4566,23,0.30039525691699603,203.91304347826087
4567,3,1.0,13.0
4568,9,0.75,21.666666666666668
4569,41,0.3719512195121951,83.82926829268293
4570,3,0.3333333333333333,8.333333333333334
4571,17,0.3161764705882353,42.411764705882355
4572,75,0.32,71.66666666666667
4573,26,0.6892307692307692,45.88461538461539
4574,3,0.3333333333333333,91.0
4575,35,0.2184873949579832,84.28571428571429
4576,116,0.33268365817091455,177.79310344827587
4577,3,0.0,34.666666666666664
4578,20,0.33157894736842103,65.3
4579,0,0.0,0.0
4580,51,0.24392156862745099,123.50980392156863
4581,70,0.08074534161490683,71.5
4582,55,0.2558922558922559,74.83636363636364
4583,14,0.27472527472527475,21.357142857142858
4584,7,0.14285714285714285,45.285714285714285
4585,372,0.14188621279309047,169.56182795698925
4586,67,0.2365445499773858,194.61194029850745
4587,45,0.32222222222222224,40.6
4588,49,0.30952380952380953,113.53061224489795
4589,17,0.36764705882352944,270.5882352941176
4590,3,0.3333333333333333,22.0
4591,10,0.4,12.4
4592,12,0.09090909090909091,26.083333333333332
4593,11,0.16363636363636364,14.454545454545455
4594,34,0.2638146167557932,66.97058823529412
4595,0,0.0,0.0
4596,3,1.0,55.333333333333336
4597,18,0.35294117647058826,46.611111111111114
4598,13,0.46153846153846156,84.15384615384616
4599,38,0.17923186344238975,39.76315789473684
4600,2,0.0,10.0
4601,18,0.13071895424836602,84.72222222222223
4602,23,0.3359683794466403,127.47826086956522
4603,3,0.0,17.0
4604,9,0.19444444444444445,19.88888888888889
4605,10,0.4666666666666667,38.1
4606,7,0.23809523809523808,79.85714285714286
4607,11,0.12727272727272726,19.363636363636363
4608,60,0.3757062146892655,94.23333333333333
4609,46,0.15072463768115943,64.41304347826087
4610,4,0.3333333333333333,112.0
4611,125,0.356,76.664
4612,45,0.3515151515151515,93.0
4613,29,0.17733990147783252,44.44827586206897
4614,101,0.18653465346534653,114.15841584158416
4615,6,0.13333333333333333,72.66666666666667
4616,49,0.429421768707483,101.22448979591837
4617,15,0.3523809523809524,29.4
4618,84,0.19391853126792885,38.357142857142854
4619,5,0.6,22.0
4620,55,0.24781144781144782,86.21818181818182
4621,14,0.32967032967032966,41.357142857142854
4622,11,0.2545454545454545,16.363636363636363
4623,39,0.1349527665317139,75.05128205128206
4624,10,0.28888888888888886,59.5
4625,3,0.3333333333333333,54.0
4626,21,0.43333333333333335,77.85714285714286
4627,36,0.42063492063492064,43.02777777777778
4628,48,0.6826241134751773,93.58333333333333
4629,57,0.33208020050125314,42.59649122807018
4630,2,0.0,58.0
4631,9,0.3333333333333333,27.88888888888889
4632,14,0.3076923076923077,16.214285714285715
4633,24,0.322463768115942,44.916666666666664
4634,54,0.12159329140461216,69.96296296296296
4635,9,0.3055555555555556,47.111111111111114
4636,34,0.36541889483065954,50.44117647058823
4637,2,0.0,26.5
4638,9,0.3055555555555556,49.77777777777778
4639,69,0.4317988064791134,84.02898550724638
4640,554,0.10913233364451205,157.6407942238267
4641,4,0.5,11.5
4642,7,0.6190476190476191,28.285714285714285
4643,22,0.18614718614718614,57.95454545454545
4644,2,0.0,36.0
4645,21,0.38571428571428573,75.80952380952381
4646,40,0.15128205128205127,82.9
4647,18,0.5882352941176471,66.55555555555556
4648,3,0.0,17.666666666666668
4649,32,0.3870967741935484,66.625
4650,0,0.0,0.0
4651,38,0.19630156472261737,84.07894736842105
4652,2,0.0,5.5
4653,3,0.3333333333333333,3.0
4654,2,1.0,8.5
4655,32,0.20161290322580644,25.28125
4656,40,0.34102564102564104,44.5
4657,52,0.39064856711915535,82.40384615384616
4658,146,0.25498346717052434,145.15753424657535
4659,8,0.21428571428571427,43.0
4660,23,0.31225296442687744,39.26086956521739
4661,5,0.4,37.6
4662,0,0.0,0.0
4663,29,0.3817733990147783,136.6206896551724
4664,1,0.0,15.0
4665,12,0.6363636363636364,75.0
4666,6,0.06666666666666667,149.0
4667,6,0.4666666666666667,14.0
4668,4,1.0,22.5
4669,12,0.2727272727272727,30.25
4670,40,0.24102564102564103,125.15
4671,7,0.5238095238095238,79.71428571428571
4672,9,0.2222222222222222,33.0
4673,62,0.239555790586991,59.854838709677416
4674,12,0.3484848484848485,23.0
4675,75,0.41333333333333333,309.58666666666664
4676,4,1.0,38.25
4677,3,0.0,34.0
4678,19,0.672514619883041,46.10526315789474
4679,15,0.3142857142857143,145.26666666666668
4680,29,0.18226600985221675,47.96551724137931
4681,38,0.4423897581792319,62.60526315789474
4682,39,0.27800269905533065,60.743589743589745
4683,9,0.4166666666666667,120.77777777777777
4684,2,1.0,41.5
4685,5,0.2,24.0
4686,10,0.37777777777777777,67.7
4687,3,1.0,19.0
4688,7,0.5238095238095238,17.428571428571427
4689,1,0.0,9.0
4690,19,0.3508771929824561,33.526315789473685
4691,11,0.18181818181818182,162.9090909090909
4692,8,0.32142857142857145,12.125
4693,5,0.4,114.4
4694,1,0.0,2.0
4695,53,0.23076923076923078,106.01886792452831
4696,42,0.2346109175377468,79.61904761904762
4697,48,0.13652482269503546,79.33333333333333
4698,19,0.8596491228070176,102.0
4699,3,0.0,31.0
4700,30,0.593103448275862,72.73333333333333
4701,14,0.2087912087912088,38.07142857142857
4702,24,0.2210144927536232,40.041666666666664
4703,86,0.2030095759233926,64.4186046511628
4704,17,0.3235294117647059,34.23529411764706
4705,10,0.4,15.4
4706,0,0.0,0.0
4707,19,0.7777777777777778,60.473684210526315
4708,0,0.0,0.0
4709,16,0.48333333333333334,160.4375
4710,17,0.22794117647058823,43.411764705882355
4711,191,0.26541747037751445,123.87958115183245
4712,20,0.2,67.25
4713,11,0.32727272727272727,90.36363636363636
4714,44,0.25792811839323465,144.29545454545453
4715,52,0.2066365007541478,103.96153846153847
4716,1,0.0,2.0
4717,4,0.16666666666666666,13.0
4718,1,0.0,1.0
4719,75,0.40144144144144145,193.06666666666666
4720,14,0.43956043956043955,32.285714285714285
4721,94,0.23198352779684284,162.27659574468086
4722,9,0.2777777777777778,26.666666666666668
4723,31,0.2924731182795699,117.2258064516129
4724,17,0.36764705882352944,32.529411764705884
4725,205,0.13744619799139168,96.8390243902439
4726,21,0.19523809523809524,75.57142857142857
4727,21,0.32857142857142857,30.19047619047619
4728,0,0.0,0.0
4729,24,0.23550724637681159,69.45833333333333
4730,6,0.06666666666666667,11.0
4731,1,0.0,12.0
4732,118,0.19484282196146602,73.36440677966101
4733,129,0.15625,59.51162790697674
4734,51,0.1223529411764706,49.98039215686274
4735,4,0.16666666666666666,19.75
4736,6,0.26666666666666666,31.666666666666668
4737,14,0.26373626373626374,74.78571428571429
4738,141,0.4148936170212766,123.80851063829788
4739,61,0.2710382513661202,81.98360655737704
4740,39,0.2941970310391363,68.64102564102564
4741,2,0.0,3.0
4742,2,1.0,8.5
4743,7,0.2857142857142857,26.142857142857142
4744,1,0.0,3.0
4745,12,0.19696969696969696,74.5
4746,17,0.3014705882352941,58.411764705882355
4747,30,0.3448275862068966,194.53333333333333
4748,3,0.6666666666666666,32.666666666666664
4749,95,0.1625979843225084,46.747368421052634
4750,16,0.6,26.3125
4751,194,0.19769243095988462,128.2577319587629
4752,13,0.19230769230769232,70.07692307692308
4753,0,0.0,0.0
4754,44,0.39957716701902746,308.27272727272725
4755,11,0.2,18.09090909090909
4756,126,0.2220952380952381,148.74603174603175
4757,2,0.0,8.5
4758,1,0.0,46.0
4759,6,0.13333333333333333,36.166666666666664
4760,5,0.4,22.2
4761,5,0.2,44.0
4762,10,0.4888888888888889,206.5
4763,2,0.0,11.5
4764,7,0.42857142857142855,26.142857142857142
4765,29,0.3522167487684729,106.37931034482759
4766,43,0.23588039867109634,35.116279069767444
4767,8,0.32142857142857145,24.625
4768,50,0.31755102040816324,43.0
4769,10,0.6,41.8
4770,4,0.3333333333333333,49.5
4771,8,0.35714285714285715,32.125
4772,1,0.0,5.0
4773,3,0.3333333333333333,104.0
4774,4,0.0,97.0
4775,15,0.17142857142857143,25.4
4776,20,0.6631578947368421,68.45
4777,80,0.23575949367088608,187.1375
4778,22,0.31601731601731603,60.22727272727273
4779,3,0.3333333333333333,7.0
4780,16,0.175,33.25
4781,11,0.2727272727272727,62.45454545454545
4782,22,0.26406926406926406,33.54545454545455
4783,40,0.7551282051282051,93.35
4784,9,0.6944444444444444,40.666666666666664
4785,6,0.2,30.0
4786,7,0.7619047619047619,31.428571428571427
4787,4,0.5,30.0
4788,9,0.3055555555555556,105.11111111111111
4789,23,0.20553359683794467,40.43478260869565
4790,1,0.0,37.0
4791,2,0.0,95.5
4792,11,0.43636363636363634,48.90909090909091
4793,45,0.2222222222222222,74.2
4794,14,0.32967032967032966,24.714285714285715
4795,28,0.328042328042328,55.357142857142854
4796,46,0.17391304347826086,111.56521739130434
4797,7,0.7619047619047619,55.285714285714285
4798,199,0.22125780417237703,70.04020100502512
4799,36,0.21428571428571427,61.27777777777778
4800,5,0.8,100.0
4801,35,0.3142857142857143,52.542857142857144
4802,28,0.25925925925925924,38.32142857142857
4803,0,0.0,0.0
4804,15,0.17142857142857143,20.8
4805,20,0.6210526315789474,74.2
4806,100,0.2494949494949495,223.21
4807,122,0.4568486654924807,81.76229508196721
4808,11,0.7090909090909091,36.09090909090909
4809,4,0.5,106.75
4810,67,0.438715513342379,59.82089552238806
4811,4,0.3333333333333333,45.75
4812,7,0.42857142857142855,204.28571428571428
4813,2,1.0,26.0
4814,32,0.6108870967741935,50.90625
4815,28,0.4603174603174603,108.17857142857143
4816,2,0.0,76.0
4817,70,0.2513457556935818,56.614285714285714
4818,2,1.0,36.5
4819,1,0.0,2.0
4820,123,0.4778088764494202,169.64227642276424
4821,3,0.3333333333333333,6.666666666666667
4822,8,0.17857142857142858,22.625
4823,30,0.37471264367816093,89.1
4824,3,0.3333333333333333,11.0
4825,0,0.0,0.0
4826,32,0.5060483870967742,58.3125
4827,135,0.16749585406301823,112.19259259259259
4828,29,0.21182266009852216,61.03448275862069
4829,3,0.3333333333333333,6.333333333333333
4830,51,0.3843137254901961,38.627450980392155
4831,149,0.17694540177761653,150.9798657718121
4832,7,0.09523809523809523,22.714285714285715
4833,3,0.3333333333333333,17.666666666666668
4834,6,0.26666666666666666,40.5
4835,24,0.572463768115942,44.375
4836,27,0.2222222222222222,84.4074074074074
4837,21,0.24285714285714285,75.57142857142857
4838,27,0.2962962962962963,44.925925925925924
4839,45,0.17777777777777778,137.11111111111111
4840,38,0.20768136557610242,64.55263157894737
4841,2,1.0,9.5
4842,30,0.31724137931034485,56.56666666666667
4843,53,0.1632801161103048,106.37735849056604
4844,22,0.3333333333333333,342.27272727272725
4845,15,0.5523809523809524,43.333333333333336
4846,6,0.5333333333333333,42.333333333333336
4847,2,0.0,15.0
4848,67,0.4228855721393035,158.2537313432836
4849,16,0.575,114.875
4850,141,0.3432624113475177,131.5177304964539
4851,8,0.6071428571428571,11.75
4852,61,0.33060109289617484,61.75409836065574
4853,59,0.2092343658679135,54.79661016949152
4854,16,0.3333333333333333,38.6875
4855,52,0.09653092006033183,52.88461538461539
4856,24,0.7028985507246377,78.16666666666667
4857,67,0.12890094979647218,109.43283582089552
4858,7,0.42857142857142855,94.57142857142857
4859,58,0.24198427102238354,75.15517241379311
4860,8,0.8214285714285714,26.375
4861,1,0.0,30.0
4862,57,0.29385964912280704,74.73684210526316
4863,15,0.29523809523809524,84.8
4864,35,0.3226890756302521,55.0
4865,149,0.2237438781062942,179.4496644295302
4866,1,0.0,11.0
4867,31,0.2946236559139785,71.54838709677419
4868,42,0.3983739837398374,99.42857142857143
4869,90,0.07340823970037454,75.68888888888888
4870,14,0.4725274725274725,29.571428571428573
4871,51,0.4023529411764706,135.92156862745097
4872,15,0.2857142857142857,131.2
4873,5,0.6,21.6
4874,35,0.24705882352941178,62.51428571428571
4875,24,0.7028985507246377,59.833333333333336
4876,6,0.13333333333333333,271.8333333333333
4877,53,0.4760522496371553,323.64150943396226
4878,122,0.2112179921419862,218.37704918032787
4879,12,0.3484848484848485,48.25
4880,46,0.16328502415458937,125.30434782608695
4881,1,0.0,38.0
4882,8,0.35714285714285715,36.625
4883,11,0.6181818181818182,238.27272727272728
4884,80,0.1300632911392405,99.65
4885,43,0.11406423034330011,99.97674418604652
4886,26,0.4,37.15384615384615
4887,5,0.3,7.8
4888,10,0.4,52.0
4889,4,1.0,40.25
4890,10,0.3111111111111111,48.1
4891,36,0.24126984126984127,61.05555555555556
4892,15,0.05714285714285714,70.86666666666666
4893,21,0.3238095238095238,43.95238095238095
4894,10,0.4666666666666667,27.8
4895,164,0.2635792308843334,150.77439024390245
4896,8,0.42857142857142855,41.875
4897,12,0.25757575757575757,190.58333333333334
4898,24,0.2753623188405797,74.08333333333333
4899,16,0.2916666666666667,53.375
4900,26,0.563076923076923,96.73076923076923
4901,59,0.27001753360607833,69.23728813559322
4902,7,0.5238095238095238,16.857142857142858
4903,1,0.0,49.0
4904,2,0.0,51.5
4905,12,0.19696969696969696,70.08333333333333
4906,7,0.047619047619047616,8.142857142857142
4907,5,0.9,9.8
4908,3,0.0,6.0
4909,9,0.6666666666666666,11.11111111111111
4910,3,0.3333333333333333,21.333333333333332
4911,75,0.1592792792792793,108.28
4912,27,0.7777777777777778,66.55555555555556
4913,14,0.3956043956043956,21.928571428571427
4914,32,0.2439516129032258,90.625
4915,19,0.26900584795321636,77.89473684210526
4916,17,0.2867647058823529,28.705882352941178
4917,6,0.26666666666666666,110.66666666666667
4918,39,0.3765182186234818,125.7948717948718
4919,14,0.43956043956043955,161.42857142857142
4920,27,0.2849002849002849,124.4074074074074
4921,222,0.18951530716236598,156.8153153153153
4922,6,0.4,16.833333333333332
4923,60,0.24858757062146894,122.61666666666666
4924,82,0.5260463715748268,93.9390243902439
4925,93,0.3466573165030388,212.1290322580645
4926,0,0.0,0.0
4927,8,0.21428571428571427,32.625
4928,83,0.6791066705847781,89.21686746987952
4929,17,0.22794117647058823,251.52941176470588
4930,17,0.6985294117647058,27.41176470588235
4931,2,0.0,15.0
4932,28,0.2777777777777778,83.03571428571429
4933,0,0.0,0.0
4934,5,0.3,20.0
4935,10,0.3333333333333333,53.1
4936,16,0.25,122.3125
4937,23,0.31620553359683795,169.95652173913044
4938,23,0.3557312252964427,54.43478260869565
4939,13,0.1794871794871795,235.53846153846155
4940,64,0.4642857142857143,105.65625
4941,28,0.2275132275132275,45.32142857142857
4942,11,0.12727272727272726,14.818181818181818
4943,10,0.4222222222222222,152.1
4944,26,0.4676923076923077,46.57692307692308
4945,6,0.4,40.166666666666664
4946,20,0.12631578947368421,60.95
4947,10,0.2222222222222222,27.3
4948,19,0.6549707602339181,153.6315789473684
4949,49,0.25255102040816324,84.08163265306122
4950,12,0.16666666666666666,94.41666666666667
4951,123,0.18805811008929763,175.35772357723576
4952,5,0.4,21.0
4953,3,1.0,156.0
4954,55,0.16902356902356902,119.85454545454546
4955,14,0.31868131868131866,28.928571428571427
4956,26,0.6061538461538462,40.42307692307692
4957,4,1.0,86.0
4958,10,0.35555555555555557,90.1
4959,19,0.26900584795321636,59.94736842105263
4960,11,0.6909090909090909,61.18181818181818
4961,9,0.16666666666666666,38.55555555555556
4962,14,0.3076923076923077,71.21428571428571
4963,113,0.19231984829329962,95.77876106194691
4964,3,0.6666666666666666,29.0
4965,16,0.5166666666666667,44.8125
4966,49,0.26105442176870747,54.795918367346935
4967,79,0.16455696202531644,111.77215189873418
4968,12,0.22727272727272727,65.75
4969,30,0.13793103448275862,42.56666666666667
4970,4,0.5,22.75
4971,29,0.24630541871921183,50.827586206896555
4972,54,0.27044025157232704,136.05555555555554
4973,16,0.2916666666666667,48.4375
4974,13,0.46153846153846156,34.46153846153846
4975,37,0.3708708708708709,270.7567567567568
4976,1,0.0,10.0
4977,17,0.5220588235294118,185.0
4978,32,0.42943548387096775,101.0625
4979,34,0.5989304812834224,50.5
4980,7,0.47619047619047616,41.42857142857143
4981,7,0.3333333333333333,144.14285714285714
4982,19,0.2807017543859649,53.0
4983,25,0.31,68.76
4984,7,0.23809523809523808,37.42857142857143
4985,16,0.4583333333333333,24.625
4986,1,0.0,1.0
4987,2,1.0,10.5
4988,13,0.20512820512820512,24.46153846153846
4989,40,0.367948717948718,143.7
4990,30,0.41379310344827586,50.53333333333333
4991,10,0.08888888888888889,7.3
4992,37,0.2852852852852853,215.97297297297297
4993,19,0.6900584795321637,153.31578947368422
4994,42,0.28222996515679444,40.42857142857143
4995,2,0.0,4.0
4996,32,0.45161290322580644,72.15625
4997,43,0.29457364341085274,40.27906976744186
4998,39,0.48313090418353577,57.64102564102564
4999,44,0.3054968287526427,90.5909090909091
5000,62,0.33157059756742463,95.95161290322581
5001,3,0.0,29.666666666666668
5002,11,0.7272727272727273,16.272727272727273
5003,6,0.26666666666666666,42.5
5004,80,0.25253164556962027,98.9375
5005,0,0.0,0.0
5006,32,0.4899193548387097,142.21875
5007,3,0.0,5.333333333333333
5008,24,0.2028985507246377,43.041666666666664
5009,204,0.19709263015551048,201.7156862745098
5010,17,0.8014705882352942,34.64705882352941
5011,1,0.0,3.0
5012,29,0.49014778325123154,41.58620689655172
5013,10,0.37777777777777777,84.2
5014,6,0.13333333333333333,19.5
5015,27,0.3418803418803419,44.48148148148148
5016,52,0.17496229260935142,58.63461538461539
5017,35,0.6184873949579832,45.542857142857144
5018,38,0.18776671408250356,60.36842105263158
5019,89,0.3434627170582227,108.61797752808988
5020,6,0.5333333333333333,53.333333333333336
5021,22,0.9134199134199135,78.81818181818181
5022,10,0.5111111111111111,165.7
5023,52,0.4132730015082956,66.51923076923077
5024,48,0.21187943262411346,98.79166666666667
5025,3,0.3333333333333333,90.66666666666667
5026,36,0.3476190476190476,32.69444444444444
5027,29,0.2536945812807882,83.17241379310344
5028,3,0.3333333333333333,25.0
5029,122,0.22395339384907195,136.44262295081967
5030,3,0.3333333333333333,10.666666666666666
5031,17,0.3382352941176471,48.88235294117647
5032,53,0.24963715529753266,135.0754716981132
5033,7,0.8095238095238095,20.714285714285715
5034,7,0.5714285714285714,58.0
5035,6,0.3333333333333333,143.5
5036,87,0.2467254744720663,152.08045977011494
5037,29,0.3669950738916256,52.13793103448276
5038,2,1.0,10.5
5039,29,0.23891625615763548,150.51724137931035
5040,18,0.23529411764705882,47.55555555555556
5041,3,0.0,25.0
5042,13,0.3333333333333333,135.07692307692307
5043,4,0.3333333333333333,21.25
5044,2,0.0,7.0
5045,71,0.2152917505030181,100.97183098591549
5046,40,0.2653846153846154,136.05
5047,12,0.21212121212121213,47.0
5048,13,0.24358974358974358,81.46153846153847
5049,2,0.0,9.0
5050,20,0.2,29.75
5051,27,0.41595441595441596,132.62962962962962
5052,3,1.0,9.0
5053,0,0.0,0.0
5054,13,0.24358974358974358,15.846153846153847
5055,41,0.14512195121951219,77.6829268292683
5056,35,0.1899159663865546,94.05714285714286
5057,14,0.08791208791208792,22.571428571428573
5058,24,0.605072463768116,38.791666666666664
5059,22,0.2510822510822511,31.772727272727273
5060,132,0.3383067314365024,91.52272727272727
5061,13,0.19230769230769232,27.384615384615383
5062,182,0.12713253597231497,107.18131868131869
5063,14,0.4065934065934066,30.928571428571427
5064,43,0.47729789590254706,43.395348837209305
5065,27,0.3504273504273504,86.29629629629629
5066,7,0.3333333333333333,41.857142857142854
5067,15,0.2857142857142857,172.13333333333333
5068,64,0.1884920634920635,124.015625
5069,43,0.5094130675526024,77.46511627906976
5070,1,0.0,19.0
5071,12,0.24242424242424243,52.25
5072,217,0.21535244922341695,154.50230414746545
5073,19,0.3391812865497076,27.31578947368421
5074,1,0.0,9.0
5075,24,0.5978260869565217,101.04166666666667
5076,18,0.35947712418300654,77.11111111111111
5077,44,0.47463002114164904,45.88636363636363
5078,13,0.2692307692307692,90.38461538461539
5079,14,0.6043956043956044,67.35714285714286
5080,9,0.5555555555555556,114.11111111111111
5081,4,0.16666666666666666,11.25
5082,0,0.0,0.0
5083,166,0.2514786418400876,92.3855421686747
5084,9,0.4166666666666667,35.666666666666664
5085,22,0.15151515151515152,108.4090909090909
5086,5,0.6,27.6
5087,47,0.3515263644773358,97.38297872340425
5088,8,0.17857142857142858,67.5
5089,13,0.8461538461538461,29.53846153846154
5090,6,0.4666666666666667,26.833333333333332
5091,81,0.4108024691358025,58.34567901234568
5092,56,0.12077922077922078,74.98214285714286
5093,1,0.0,20.0
5094,26,0.3353846153846154,76.34615384615384
5095,0,0.0,0.0
5096,3,0.3333333333333333,7.0
5097,63,0.23860727086533537,60.6031746031746
5098,3,0.3333333333333333,35.333333333333336
5099,3,1.0,17.666666666666668
5100,5,0.4,31.6
5101,25,0.17666666666666667,52.56
5102,19,0.6257309941520468,33.05263157894737
5103,7,0.14285714285714285,42.57142857142857
5104,3,0.0,8.0
5105,6,0.26666666666666666,51.166666666666664
5106,37,0.25825825825825827,91.70270270270271
5107,1,0.0,90.0
5108,3,0.3333333333333333,40.333333333333336
5109,13,0.1794871794871795,29.846153846153847
5110,4,0.3333333333333333,16.25
5111,24,0.21014492753623187,77.125
5112,27,0.3247863247863248,34.111111111111114
5113,6,0.5333333333333333,44.333333333333336
5114,10,0.17777777777777778,32.4
5115,135,0.2759535655058043,140.74074074074073
5116,62,0.14225277630883132,105.16129032258064
5117,30,0.17011494252873563,103.03333333333333
5118,6,0.9333333333333333,30.166666666666668
5119,4,0.16666666666666666,17.5
5120,59,0.19637638807714786,164.01694915254237
5121,90,0.37478152309612983,57.611111111111114
5122,2,1.0,75.5
5123,27,0.43874643874643876,93.96296296296296
5124,3,0.3333333333333333,9.333333333333334
5125,4,0.5,30.75
5126,33,0.2784090909090909,212.57575757575756
5127,16,0.5083333333333333,338.5
5128,2,0.0,46.0
5129,37,0.5495495495495496,36.67567567567568
5130,65,0.28894230769230766,122.06153846153846
5131,46,0.11690821256038647,50.47826086956522
5132,8,0.2857142857142857,27.5
5133,1,0.0,138.0
5134,8,0.07142857142857142,31.875
5135,19,0.5847953216374269,28.42105263157895
5136,28,0.5582010582010583,102.89285714285714
5137,5,0.3,37.4
5138,25,0.51,100.72
5139,7,0.3333333333333333,144.71428571428572
5140,65,0.22692307692307692,36.646153846153844
5141,27,0.19373219373219372,97.03703703703704
5142,33,0.5606060606060606,42.09090909090909
5143,5,0.1,30.2
5144,61,0.37868852459016394,101.1639344262295
5145,1,0.0,69.0
5146,15,0.3238095238095238,88.26666666666667
5147,73,0.654490106544901,96.4931506849315
5148,6,0.2,59.666666666666664
5149,99,0.22057307771593485,83.18181818181819
5150,33,0.13636363636363635,86.57575757575758
5151,5,0.6,14.6
5152,26,0.2923076923076923,149.34615384615384
5153,22,0.2597402597402597,70.0909090909091
5154,31,0.30752688172043013,90.0
5155,50,0.16081632653061226,81.38
5156,26,0.4,81.3076923076923
5157,4,0.5,16.5
5158,57,0.18734335839598998,101.98245614035088
5159,13,0.19230769230769232,69.3076923076923
5160,12,0.45454545454545453,38.333333333333336
5161,0,0.0,0.0
5162,3,1.0,8.0
5163,2,0.0,7.5
5164,3,1.0,50.333333333333336
5165,1,0.0,12.0
5166,17,0.41911764705882354,56.94117647058823
5167,14,0.23076923076923078,32.42857142857143
5168,17,0.34558823529411764,79.11764705882354
5169,238,0.2007233273056058,197.92016806722688
5170,16,0.16666666666666666,59.125
5171,3,0.3333333333333333,10.0
5172,15,0.5238095238095238,41.8
5173,0,0.0,0.0
5174,0,0.0,0.0
5175,23,0.1976284584980237,71.56521739130434
5176,6,0.26666666666666666,56.666666666666664
5177,30,0.5540229885057472,110.7
5178,38,0.21052631578947367,130.0
5179,5,0.3,49.0
5180,4,0.16666666666666666,102.75
5181,45,0.5393939393939394,139.13333333333333
5182,25,0.29333333333333333,231.92
5183,39,0.3427800269905533,42.666666666666664
5184,43,0.28460686600221485,45.604651162790695
5185,4,0.16666666666666666,24.5
5186,8,0.07142857142857142,178.25
5187,94,0.2770533058796614,173.56382978723406
5188,53,0.409288824383164,59.45283018867924
5189,7,0.19047619047619047,9.714285714285714
5190,11,0.12727272727272726,84.36363636363636
5191,3,0.0,53.333333333333336
5192,8,0.7142857142857143,70.375
5193,53,0.14005805515239478,65.22641509433963
5194,2,1.0,4.0
5195,3,0.6666666666666666,23.666666666666668
5196,21,0.1761904761904762,96.80952380952381
5197,17,0.27205882352941174,19.176470588235293
5198,6,0.6,18.166666666666668
5199,1,0.0,1.0
5200,61,0.19562841530054645,68.27868852459017
5201,13,0.34615384615384615,38.61538461538461
5202,33,0.5909090909090909,59.03030303030303
5203,6,0.5333333333333333,300.3333333333333
5204,79,0.2603050957481337,99.24050632911393
5205,22,0.5627705627705628,36.86363636363637
5206,14,0.34065934065934067,83.07142857142857
5207,1,0.0,1.0
5208,31,0.410752688172043,78.80645161290323
5209,1,0.0,260.0
5210,4,0.16666666666666666,30.75
5211,6,0.6666666666666666,9.333333333333334
5212,4,0.3333333333333333,16.5
5213,28,0.3835978835978836,265.9642857142857
5214,5,0.3,26.8
5215,114,0.5494488433473064,123.24561403508773
5216,3,0.0,26.0
5217,9,0.4444444444444444,30.11111111111111
5218,19,0.3684210526315789,31.263157894736842
5219,60,0.30621468926553674,66.11666666666666
5220,1,0.0,3.0
5221,10,0.24444444444444444,112.6
5222,21,0.6095238095238096,43.38095238095238
5223,46,0.1748792270531401,86.30434782608695
5224,20,0.26842105263157895,51.05
5225,27,0.21937321937321938,44.333333333333336
5226,23,0.36363636363636365,33.04347826086956
5227,18,0.09803921568627451,36.94444444444444
5228,38,0.2532005689900427,55.63157894736842
5229,1,0.0,3.0
5230,9,0.7222222222222222,20.22222222222222
5231,25,0.19666666666666666,67.32
5232,45,0.16161616161616163,107.17777777777778
5233,91,0.16092796092796094,162.24175824175825
5234,211,0.07212818776799819,43.75355450236967
5235,72,0.508998435054773,163.43055555555554
5236,16,0.16666666666666666,37.5625
5237,101,0.27643564356435646,171.23762376237624
5238,19,0.4619883040935672,235.21052631578948
5239,2,0.0,16.0
5240,2,0.0,51.0
5241,34,0.6648841354723708,51.911764705882355
5242,0,0.0,0.0
5243,6,0.6,14.333333333333334
5244,23,0.2015810276679842,117.1304347826087
5245,8,0.5714285714285714,75.625
5246,25,0.25666666666666665,120.12
5247,10,0.13333333333333333,24.1
5248,12,0.5,20.5
5249,53,0.20391872278664733,63.54716981132076
5250,36,0.36507936507936506,91.55555555555556
5251,15,0.3523809523809524,79.33333333333333
5252,25,0.4533333333333333,57.68
5253,1,0.0,1.0
5254,9,0.25,70.11111111111111
5255,12,0.30303030303030304,156.33333333333334
5256,8,0.07142857142857142,53.125
5257,14,0.5384615384615384,35.0
5258,23,0.47035573122529645,63.91304347826087
5259,138,0.20617793293134454,187.55072463768116
5260,16,0.425,52.5625
5261,7,0.3333333333333333,36.42857142857143
5262,111,0.15544635544635543,60.31531531531532
5263,6,0.2,16.5
5264,7,0.2857142857142857,76.85714285714286
5265,35,0.3915966386554622,107.28571428571429
5266,16,0.4,35.5625
5267,1,0.0,2.0
5268,13,0.24358974358974358,19.615384615384617
5269,7,0.09523809523809523,21.285714285714285
5270,72,0.23082942097026604,131.125
5271,20,0.3157894736842105,59.1
5272,25,0.22666666666666666,46.76
5273,3,1.0,13.333333333333334
5274,1,0.0,46.0
5275,9,0.3055555555555556,16.88888888888889
5276,11,0.2,56.09090909090909
5277,64,0.34375,80.109375
5278,9,0.3611111111111111,47.333333333333336
5279,51,0.17647058823529413,65.86274509803921
5280,45,0.37777777777777777,100.75555555555556
5281,32,0.3850806451612903,76.34375
5282,6,0.2,45.0
5283,36,0.6015873015873016,66.55555555555556
5284,2,1.0,22.5
5285,0,0.0,0.0
5286,57,0.18796992481203006,102.63157894736842
5287,19,0.38011695906432746,35.05263157894737
5288,22,0.354978354978355,38.63636363636363
5289,14,0.26373626373626374,295.07142857142856
5290,76,0.18947368421052632,132.96052631578948
5291,26,0.2276923076923077,185.65384615384616
5292,15,0.3619047619047619,45.266666666666666
5293,10,0.26666666666666666,21.0
5294,8,0.39285714285714285,91.0
5295,18,0.2875816993464052,23.333333333333332
5296,5,0.4,70.6
5297,97,0.4029209621993127,132.22680412371133
5298,62,0.24378635642517188,124.58064516129032
5299,2,1.0,13.5
5300,5,0.9,16.0
5301,11,0.36363636363636365,45.72727272727273
5302,2,1.0,111.0
5303,1,0.0,8.0
5304,11,0.03636363636363636,39.36363636363637
5305,29,0.2684729064039409,80.93103448275862
5306,55,0.22356902356902356,97.07272727272728
5307,19,0.5146198830409356,116.21052631578948
5308,7,0.2857142857142857,17.571428571428573
5309,8,0.2857142857142857,44.75
5310,28,0.6005291005291006,54.857142857142854
5311,16,0.24166666666666667,44.5
5312,10,0.9111111111111111,47.8
5313,6,0.3333333333333333,18.166666666666668
5314,16,0.5,15.125
5315,9,0.3611111111111111,5.555555555555555
5316,0,0.0,0.0
5317,6,0.06666666666666667,2.6666666666666665
5318,3,0.3333333333333333,57.0
5319,70,0.17474120082815736,65.31428571428572
5320,8,0.42857142857142855,11.375
5321,10,0.28888888888888886,100.6
5322,2,0.0,7.5
5323,2,0.0,9.5
5324,38,0.4822190611664296,82.55263157894737
5325,76,0.19157894736842104,194.19736842105263
5326,5,0.8,23.2
5327,5,0.2,8.6
5328,33,0.38257575757575757,37.60606060606061
5329,5,0.2,15.0
5330,3,0.0,45.0
5331,36,0.19365079365079366,37.361111111111114
5332,17,0.47058823529411764,94.58823529411765
5333,9,0.3333333333333333,9.555555555555555
5334,6,0.5333333333333333,49.666666666666664
5335,9,0.5833333333333334,29.0
5336,3,1.0,5.333333333333333
5337,52,0.23604826546003016,52.03846153846154
5338,56,0.2584415584415584,43.80357142857143
5339,10,0.044444444444444446,55.9
5340,25,0.12,99.96
5341,4,0.16666666666666666,10.5
5342,8,0.6785714285714286,47.375
5343,16,0.2833333333333333,95.375
5344,4,0.3333333333333333,21.25
5345,6,0.26666666666666666,26.833333333333332
5346,22,0.20346320346320346,31.772727272727273
5347,12,0.5757575757575758,90.58333333333333
5348,1,0.0,30.0
5349,4,0.5,12.5
5350,20,0.26842105263157895,33.3
5351,98,0.22175468125394487,98.83673469387755
5352,6,0.4666666666666667,21.166666666666668
5353,2,0.0,11.5
5354,84,0.24411933448078027,42.857142857142854
5355,0,0.0,0.0
5356,1,0.0,39.0
5357,7,0.6666666666666666,53.142857142857146
5358,26,0.24615384615384617,43.96153846153846
5359,28,0.5132275132275133,53.42857142857143
5360,35,0.3831932773109244,165.68571428571428
5361,21,0.28095238095238095,61.38095238095238
5362,41,0.524390243902439,71.8780487804878
5363,7,0.47619047619047616,44.714285714285715
5364,22,0.4458874458874459,64.36363636363636
5365,0,0.0,0.0
5366,13,0.6282051282051282,108.84615384615384
5367,1,0.0,21.0
5368,23,0.233201581027668,105.3913043478261
5369,15,0.1523809523809524,37.8
5370,26,0.2523076923076923,26.692307692307693
5371,8,0.5714285714285714,25.125
5372,9,0.19444444444444445,18.77777777777778
5373,2,1.0,9.0
5374,15,0.5523809523809524,48.86666666666667
5375,21,0.14761904761904762,41.095238095238095
5376,20,0.6736842105263158,22.15
5377,38,0.33712660028449504,153.73684210526315
5378,5,0.2,202.0
5379,7,0.14285714285714285,31.571428571428573
5380,53,0.22641509433962265,40.77358490566038
5381,17,0.34558823529411764,95.82352941176471
5382,15,0.3523809523809524,33.2
5383,91,0.294017094017094,85.24175824175825
5384,28,0.6322751322751323,86.46428571428571
5385,160,0.20440251572327045,130.14375
5386,17,0.6176470588235294,41.588235294117645
5387,23,0.525691699604743,42.869565217391305
5388,8,0.35714285714285715,153.125
5389,6,0.13333333333333333,42.833333333333336
5390,142,0.24562980721206673,96.38732394366197
5391,5,0.4,16.6
5392,46,0.7004830917874396,99.8695652173913
5393,33,0.5359848484848485,56.42424242424242
5394,8,0.2857142857142857,39.5
5395,15,0.3619047619047619,54.666666666666664
5396,0,0.0,0.0
5397,14,0.6153846153846154,50.5
5398,2,0.0,37.5
5399,29,0.29802955665024633,32.48275862068966
5400,8,0.35714285714285715,29.125
5401,5,0.2,21.0
5402,167,0.23223432652766757,164.64071856287424
5403,101,0.15485148514851485,66.83168316831683
5404,5,0.9,167.2
5405,31,0.5376344086021505,26.129032258064516
5406,7,0.19047619047619047,94.42857142857143
5407,4,0.5,8.25
5408,6,0.8666666666666667,23.833333333333332
5409,36,0.37777777777777777,59.111111111111114
5410,16,0.4166666666666667,86.625
5411,37,0.1966966966966967,126.83783783783784
5412,3,0.0,33.333333333333336
5413,15,0.3047619047619048,76.53333333333333
5414,11,0.2909090909090909,34.90909090909091
5415,36,0.11428571428571428,107.97222222222223
5416,1,0.0,19.0
5417,77,0.13055365686944634,106.46753246753246
5418,31,0.221505376344086,192.96774193548387
5419,7,0.09523809523809523,11.714285714285714
5420,8,0.4642857142857143,57.875
5421,41,0.2573170731707317,35.80487804878049
5422,28,0.3412698412698413,60.07142857142857
5423,0,0.0,0.0
5424,0,0.0,0.0
5425,66,0.37715617715617716,65.63636363636364
5426,13,0.38461538461538464,40.76923076923077
5427,4,0.5,22.0
5428,2,0.0,15.5
5429,1,0.0,14.0
5430,15,0.38095238095238093,98.53333333333333
5431,4,0.3333333333333333,84.75
5432,128,0.21542814960629922,80.3203125
5433,15,0.3619047619047619,70.53333333333333
5434,34,0.21390374331550802,128.3235294117647
5435,7,0.6190476190476191,18.142857142857142
5436,9,0.2777777777777778,9.555555555555555
5437,37,0.8108108108108109,140.8918918918919
5438,20,0.2736842105263158,79.6
5439,18,0.7647058823529411,190.33333333333334
5440,32,0.36088709677419356,42.03125
5441,38,0.6742532005689901,91.78947368421052
5442,28,0.2777777777777778,58.57142857142857
5443,39,0.5303643724696356,54.15384615384615
5444,11,0.36363636363636365,52.72727272727273
5445,1,0.0,25.0
5446,7,0.5238095238095238,29.142857142857142
5447,6,0.2,22.666666666666668
5448,26,0.3569230769230769,31.46153846153846
5449,3,0.0,12.0
5450,24,0.15579710144927536,49.666666666666664
5451,17,0.39705882352941174,77.29411764705883
5452,21,0.5952380952380952,56.19047619047619
5453,7,0.09523809523809523,61.0
5454,24,0.2210144927536232,37.333333333333336
5455,15,0.3238095238095238,39.06666666666667
5456,9,0.75,10.0
5457,236,0.11698521456905878,160.10593220338984
5458,18,0.20261437908496732,52.05555555555556
5459,25,0.31666666666666665,37.96
5460,4,0.3333333333333333,22.25
5461,28,0.3201058201058201,71.89285714285714
5462,5,0.3,15.2
5463,2,1.0,14.0
5464,52,0.31975867269984914,76.34615384615384
5465,11,0.2727272727272727,37.54545454545455
5466,75,0.15567567567567567,105.96
5467,78,0.19513819513819514,103.03846153846153
5468,14,0.45054945054945056,22.142857142857142
5469,92,0.13449593884376493,46.641304347826086
5470,22,0.26406926406926406,21.863636363636363
5471,8,0.10714285714285714,55.75
5472,19,0.1871345029239766,50.8421052631579
5473,40,0.25769230769230766,40.525
5474,10,0.13333333333333333,71.0
5475,10,0.24444444444444444,18.9
5476,4,0.3333333333333333,47.75
5477,9,0.25,59.0
5478,14,0.5164835164835165,52.142857142857146
5479,56,0.14415584415584415,107.07142857142857
5480,12,0.21212121212121213,33.166666666666664
5481,5,1.0,53.8
5482,7,0.42857142857142855,13.285714285714286
5483,15,0.37142857142857144,26.8
5484,27,0.5356125356125356,52.22222222222222
5485,0,0.0,0.0
5486,11,0.14545454545454545,52.72727272727273
5487,18,0.38562091503267976,44.166666666666664
5488,41,0.17560975609756097,37.0
5489,12,0.21212121212121213,38.166666666666664
5490,13,0.2948717948717949,21.23076923076923
5491,36,0.44126984126984126,47.19444444444444
5492,8,0.39285714285714285,25.875
5493,3,0.3333333333333333,19.666666666666668
5494,8,0.39285714285714285,18.625
5495,25,0.23,57.92
5496,19,0.2573099415204678,67.52631578947368
5497,75,0.6165765765765766,90.92
5498,8,0.42857142857142855,75.5
5499,14,0.4945054945054945,71.42857142857143
5500,2,0.0,4.5
5501,3,0.3333333333333333,25.333333333333332
5502,12,0.3181818181818182,93.5
5503,3,0.3333333333333333,24.333333333333332
5504,66,0.3435897435897436,264.969696969697
5505,77,0.22351332877648666,75.03896103896103
5506,23,0.22134387351778656,59.08695652173913
5507,46,0.3140096618357488,49.02173913043478
5508,10,0.2,16.6
5509,0,0.0,0.0
5510,1,0.0,16.0
5511,0,0.0,0.0
5512,12,0.15151515151515152,40.083333333333336
5513,106,0.14878706199460917,66.28301886792453
5514,66,0.2247086247086247,242.16666666666666
5515,2,0.0,22.5
5516,34,0.5632798573975044,52.3235294117647
5517,1,0.0,8.0
5518,7,0.5714285714285714,18.285714285714285
5519,4,0.3333333333333333,20.75
5520,23,0.09090909090909091,62.608695652173914
5521,45,0.5969696969696969,66.44444444444444
5522,36,0.26031746031746034,32.47222222222222
5523,12,0.5909090909090909,36.333333333333336
5524,5,1.0,21.8
5525,44,0.30761099365750527,42.31818181818182
5526,25,0.27,176.16
5527,55,0.2053872053872054,133.47272727272727
5528,3,0.3333333333333333,4.333333333333333
5529,1,0.0,2.0
5530,7,0.3333333333333333,22.142857142857142
5531,63,0.20225294418842807,46.74603174603175
5532,63,0.27598566308243727,67.42857142857143
5533,3,0.6666666666666666,29.666666666666668
5534,28,0.35978835978835977,72.57142857142857
5535,23,0.4426877470355731,92.8695652173913
5536,127,0.3173353330833646,129.55905511811022
5537,30,0.296551724137931,68.3
5538,30,0.31494252873563217,86.83333333333333
5539,8,0.17857142857142858,80.375
5540,32,0.19556451612903225,18.125
5541,0,0.0,0.0
5542,26,0.23076923076923078,64.11538461538461
5543,9,0.3055555555555556,17.11111111111111
5544,1,0.0,2.0
5545,56,0.2292207792207792,90.42857142857143
5546,22,0.33766233766233766,45.81818181818182
5547,66,0.14265734265734265,140.5909090909091
5548,0,0.0,0.0
5549,65,0.14423076923076922,100.3076923076923
5550,6,0.3333333333333333,26.333333333333332
5551,20,0.8052631578947368,49.05
5552,24,0.4311594202898551,52.333333333333336
5553,46,0.5391304347826087,78.6086956521739
5554,8,0.7857142857142857,8.875
5555,14,0.27472527472527475,52.785714285714285
5556,9,0.4722222222222222,106.66666666666667
5557,50,0.12326530612244897,86.6
5558,76,0.17403508771929824,149.23684210526315
5559,141,0.2937183383991895,95.8581560283688
5560,101,0.15683168316831683,121.65346534653466
5561,165,0.20798226164079822,211.14545454545456
5562,6,0.13333333333333333,32.5
5563,5,0.0,53.2
5564,9,0.4444444444444444,24.22222222222222
5565,3,1.0,10.333333333333334
5566,6,0.6,22.5
5567,14,0.24175824175824176,31.642857142857142
5568,116,0.13343328335832083,153.89655172413794
5569,7,0.42857142857142855,44.0
5570,153,0.24079807361541108,126.88235294117646
5571,38,0.5035561877667141,114.42105263157895
5572,37,0.23873873873873874,27.83783783783784
5573,9,0.5277777777777778,27.77777777777778
5574,11,0.5272727272727272,24.363636363636363
5575,35,0.3815126050420168,42.97142857142857
5576,1,0.0,6.0
5577,18,0.2679738562091503,103.61111111111111
5578,12,0.5151515151515151,62.0
5579,53,0.7198838896952104,92.11320754716981
5580,18,0.3333333333333333,60.55555555555556
5581,49,0.47023809523809523,374.2244897959184
5582,13,0.5384615384615384,135.84615384615384
5583,10,0.4666666666666667,46.2
5584,24,0.2898550724637681,64.58333333333333
5585,41,0.31097560975609756,44.80487804878049
5586,10,0.37777777777777777,18.7
5587,13,0.28205128205128205,167.0
5588,5,0.4,5.8
5589,68,0.2660228270412643,128.26470588235293
5590,113,0.14380530973451328,135.78761061946904
5591,0,0.0,0.0
5592,2,1.0,9.0
5593,9,0.19444444444444445,27.11111111111111
5594,9,0.3333333333333333,29.11111111111111
5595,22,0.1645021645021645,67.68181818181819
5596,55,0.19057239057239056,82.2909090909091
5597,35,0.23361344537815126,41.02857142857143
5598,35,0.20672268907563024,37.542857142857144
5599,21,0.2904761904761905,62.142857142857146
5600,19,0.2807017543859649,72.47368421052632
5601,24,0.42391304347826086,34.0
5602,15,0.4095238095238095,33.333333333333336
5603,12,0.5757575757575758,38.916666666666664
5604,24,0.5543478260869565,39.875
5605,38,0.3456614509246088,110.36842105263158
5606,50,0.43020408163265306,128.24
5607,11,0.7818181818181819,134.27272727272728
5608,3,0.6666666666666666,10.666666666666666
5609,4,0.16666666666666666,21.75
5610,84,0.4053356282271945,85.17857142857143
5611,22,0.11255411255411256,77.77272727272727
5612,19,0.45614035087719296,68.52631578947368
5613,15,0.3238095238095238,40.46666666666667
5614,13,0.48717948717948717,75.3076923076923
5615,1,0.0,3.0
5616,21,0.8285714285714286,29.095238095238095
5617,4,0.3333333333333333,62.0
5618,2,0.0,29.0
5619,0,0.0,0.0
5620,23,0.3201581027667984,33.391304347826086
5621,41,0.16463414634146342,104.95121951219512
5622,90,0.20923845193508114,40.12222222222222
5623,47,0.4338575393154487,70.80851063829788
5624,0,0.0,0.0
5625,24,0.14492753623188406,53.416666666666664
5626,36,0.546031746031746,167.38888888888889
5627,15,0.42857142857142855,98.13333333333334
5628,2,0.0,7.5
5629,0,0.0,0.0
5630,12,0.12121212121212122,41.916666666666664
5631,7,0.38095238095238093,36.142857142857146
5632,12,0.36363636363636365,69.25
5633,71,0.3505030181086519,48.42253521126761
5634,34,0.6274509803921569,50.029411764705884
5635,129,0.14050387596899225,86.66666666666667
5636,39,0.30364372469635625,44.58974358974359
5637,3,0.0,21.0
5638,68,0.22300263388937663,93.80882352941177
5639,6,0.7333333333333333,28.333333333333332
5640,116,0.3395802098950525,107.08620689655173
5641,44,0.16913319238900634,36.75
5642,5,0.3,68.4
5643,20,0.6421052631578947,23.55
5644,5,0.3,10.2
5645,74,0.37060348019252126,76.1891891891892
5646,33,0.42045454545454547,45.03030303030303
5647,1,0.0,1.0
5648,53,0.4274310595065312,81.30188679245283
5649,25,0.08333333333333333,33.08
5650,49,0.4651360544217687,128.53061224489795
5651,4,1.0,62.5
5652,84,0.18674698795180722,46.75
5653,11,0.2727272727272727,47.45454545454545
5654,45,0.2111111111111111,42.86666666666667
5655,14,0.15384615384615385,42.5
5656,0,0.0,0.0
5657,56,0.2512987012987013,75.69642857142857
5658,44,0.5739957716701902,46.70454545454545
5659,38,0.30440967283072545,43.86842105263158
5660,23,0.5138339920948617,37.73913043478261
5661,17,0.3014705882352941,25.529411764705884
5662,153,0.27253181974544205,121.15032679738562
5663,72,0.10328638497652583,76.86111111111111
5664,17,0.4338235294117647,37.35294117647059
5665,47,0.25809435707678074,192.27659574468086
5666,12,0.3939393939393939,37.833333333333336
5667,68,0.45258999122036875,72.72058823529412
5668,16,0.08333333333333333,36.75
5669,0,0.0,0.0
5670,3,0.3333333333333333,24.333333333333332
5671,13,0.38461538461538464,28.615384615384617
5672,15,0.22857142857142856,42.46666666666667
5673,144,0.2624320124320124,109.89583333333333
5674,16,0.5,97.9375
5675,5,0.8,19.0
5676,41,0.3902439024390244,97.5609756097561
5677,7,0.8095238095238095,24.714285714285715
5678,8,0.14285714285714285,65.5
5679,0,0.0,0.0
5680,9,0.8333333333333334,27.555555555555557
5681,0,0.0,0.0
5682,0,0.0,0.0
5683,1,0.0,4.0
5684,100,0.1303030303030303,46.94
5685,1,0.0,60.0
5686,161,0.12049689440993788,75.64596273291926
5687,2,1.0,15.0
5688,9,0.2777777777777778,27.666666666666668
5689,0,0.0,0.0
5690,15,0.2761904761904762,33.2
5691,4,0.16666666666666666,10.5
5692,13,0.1794871794871795,56.23076923076923
5693,4,0.16666666666666666,58.75
5694,15,0.2,30.0
5695,3,0.3333333333333333,51.333333333333336
5696,13,0.3333333333333333,25.23076923076923
5697,3,0.3333333333333333,29.0
5698,59,0.30683810637054354,105.59322033898304
5699,47,0.3829787234042553,68.51063829787235
5700,20,0.5157894736842106,81.4
5701,21,0.48095238095238096,152.14285714285714
5702,29,0.2733990147783251,48.6551724137931
5703,89,0.427732379979571,96.47191011235955
5704,33,0.3181818181818182,41.72727272727273
5705,60,0.6175141242937853,79.03333333333333
5706,56,0.3422077922077922,137.89285714285714
5707,16,0.26666666666666666,54.0625
5708,6,0.3333333333333333,24.166666666666668
5709,23,0.48616600790513836,186.34782608695653
5710,177,0.211864406779661,132.05084745762713
5711,28,0.37566137566137564,60.392857142857146
5712,10,0.4888888888888889,37.0
5713,2,0.0,83.5
5714,27,0.4017094017094017,50.407407407407405
5715,5,0.4,89.2
5716,78,0.24342324342324342,244.17948717948718
5717,20,0.34210526315789475,63.25
5718,41,0.2073170731707317,229.8048780487805
5719,17,0.35294117647058826,47.05882352941177
5720,29,0.5344827586206896,90.75862068965517
5721,2,1.0,17.5
5722,8,0.5714285714285714,55.125
5723,13,0.2564102564102564,24.692307692307693
5724,45,0.20303030303030303,71.6
5725,46,0.19033816425120773,47.869565217391305
5726,42,0.3042973286875726,71.73809523809524
5727,6,0.13333333333333333,102.33333333333333
5728,22,0.2813852813852814,82.9090909090909
5729,1,0.0,11.0
5730,0,0.0,0.0
5731,0,0.0,0.0
5732,12,0.8636363636363636,245.08333333333334
5733,17,0.25735294117647056,46.88235294117647
5734,6,0.5333333333333333,18.0
5735,84,0.3353413654618474,280.4166666666667
5736,24,0.2572463768115942,115.16666666666667
5737,7,0.14285714285714285,104.42857142857143
5738,16,0.4666666666666667,43.9375
5739,29,0.3251231527093596,38.44827586206897
5740,25,0.21,151.16
5741,32,0.3064516129032258,89.53125
5742,4,0.16666666666666666,110.75
5743,23,0.25691699604743085,39.21739130434783
5744,1,0.0,3.0
5745,21,0.30952380952380953,61.142857142857146
5746,5,0.1,18.8
5747,63,0.554531490015361,74.88888888888889
5748,44,0.2346723044397463,46.59090909090909
5749,53,0.19811320754716982,98.81132075471699
5750,5,0.6,71.8
5751,23,0.3557312252964427,95.47826086956522
5752,4,0.16666666666666666,111.75
5753,85,0.21400560224089635,94.4
5754,29,0.21182266009852216,49.172413793103445
5755,0,0.0,0.0
5756,5,0.4,49.2
5757,9,0.4444444444444444,82.55555555555556
5758,59,0.6136762127410871,78.72881355932203
5759,1,0.0,1.0
5760,113,0.24257269279393173,151.4513274336283
5761,21,0.6238095238095238,86.23809523809524
5762,7,0.14285714285714285,46.42857142857143
5763,3,0.3333333333333333,35.666666666666664
5764,1,0.0,2.0
5765,5,0.6,13.8
5766,0,0.0,0.0
5767,12,0.4696969696969697,24.75
5768,3,0.0,22.0
5769,24,0.3442028985507246,99.66666666666667
5770,45,0.20707070707070707,52.111111111111114
5771,6,0.4,15.5
5772,51,0.2541176470588235,68.41176470588235
5773,125,0.25948387096774195,128.352
5774,5,0.0,36.4
5775,28,0.30687830687830686,111.78571428571429
5776,1,0.0,3.0
5777,53,0.3853410740203193,126.9245283018868
5778,3,0.6666666666666666,28.333333333333332
5779,150,0.3288590604026846,78.24666666666667
5780,92,0.32059245102723366,113.16304347826087
5781,13,0.21794871794871795,61.23076923076923
5782,3,0.3333333333333333,57.0
5783,13,0.20512820512820512,53.84615384615385
5784,11,0.41818181818181815,25.09090909090909
5785,5,0.2,50.0
5786,1,0.0,12.0
5787,11,0.23636363636363636,66.0
5788,17,0.25735294117647056,38.23529411764706
5789,13,0.11538461538461539,87.23076923076923
5790,79,0.16390782213567023,89.0632911392405
5791,29,0.27832512315270935,41.724137931034484
5792,8,0.7857142857142857,155.375
5793,95,0.18880179171332587,63.83157894736842
5794,5,0.5,9.6
5795,4,1.0,5.75
5796,47,0.30619796484736356,86.91489361702128
5797,7,0.6666666666666666,9.0
5798,26,0.4584615384615385,73.6923076923077
5799,13,0.3974358974358974,55.46153846153846
5800,16,0.39166666666666666,87.3125
5801,17,0.3088235294117647,32.23529411764706
5802,4,0.5,390.25
5803,4,0.16666666666666666,46.75
5804,14,0.7692307692307693,38.07142857142857
5805,20,0.3684210526315789,54.6
5806,13,0.2948717948717949,48.46153846153846
5807,5,0.5,18.6
5808,23,0.3201581027667984,29.17391304347826
5809,158,0.20978795452713053,179.79113924050634
5810,7,0.38095238095238093,70.0
5811,42,0.17305458768873402,79.11904761904762
5812,8,0.25,105.875
5813,28,0.8333333333333334,196.67857142857142
5814,1,0.0,63.0
5815,68,0.2115891132572432,102.95588235294117
5816,8,0.5357142857142857,46.875
5817,14,0.3956043956043956,174.64285714285714
5818,17,0.04411764705882353,25.176470588235293
5819,26,0.2953846153846154,33.96153846153846
5820,3,0.3333333333333333,38.333333333333336
5821,4,0.5,49.0
5822,9,0.4722222222222222,9.222222222222221
5823,2,0.0,46.0
5824,14,0.5164835164835165,223.64285714285714
5825,103,0.19531696173615076,126.95145631067962
5826,52,0.4479638009049774,49.69230769230769
5827,14,0.37362637362637363,43.714285714285715
5828,74,0.3846723435764532,85.89189189189189
5829,11,0.14545454545454545,40.54545454545455
5830,21,0.20476190476190476,46.95238095238095
5831,65,0.17403846153846153,164.86153846153846
5832,505,0.08961181832468962,144.2217821782178
5833,2,0.0,25.0
5834,94,0.2152825440402654,60.234042553191486
5835,17,0.3382352941176471,230.47058823529412
5836,6,0.6666666666666666,100.0
5837,20,0.5736842105263158,88.55
5838,20,0.12631578947368421,36.6
5839,30,0.1632183908045977,55.3
5840,20,0.28421052631578947,84.9
5841,88,0.44696969696969696,92.27272727272727
5842,35,0.4151260504201681,68.57142857142857
5843,62,0.32152300370174514,119.75806451612904
5844,21,0.2,23.19047619047619
5845,8,0.25,33.75
5846,41,0.4,352.5365853658537
5847,12,0.06060606060606061,63.083333333333336
5848,1,0.0,4.0
5849,21,0.24285714285714285,35.476190476190474
5850,30,0.2206896551724138,104.26666666666667
5851,0,0.0,0.0
5852,25,0.7733333333333333,57.8
5853,13,0.5769230769230769,54.07692307692308
5854,20,0.47368421052631576,36.1
5855,13,0.1282051282051282,91.07692307692308
5856,154,0.16526610644257703,184.47402597402598
5857,89,0.18054136874361593,71.70786516853933
5858,71,0.26398390342052314,90.49295774647888
5859,5,0.3,12.2
5860,132,0.23178348369188065,118.78030303030303
5861,9,0.2222222222222222,63.333333333333336
5862,42,0.13821138211382114,110.26190476190476
5863,274,0.12325873639742253,161.9160583941606
5864,43,0.41971207087486156,59.93023255813954
5865,221,0.10785684903331962,133.33031674208144
5866,56,0.30584415584415586,55.375
5867,0,0.0,0.0
5868,3,0.3333333333333333,15.666666666666666
5869,53,0.46226415094339623,48.62264150943396
5870,94,0.608098833218943,84.8936170212766
5871,10,0.08888888888888889,47.4
5872,39,0.3144399460188934,93.35897435897436
5873,184,0.16221192682347352,196.07608695652175
5874,9,0.4444444444444444,60.55555555555556
5875,74,0.1662347278785635,123.25675675675676
5876,28,0.21693121693121692,34.0
5877,69,0.1585677749360614,161.30434782608697
5878,67,0.24559023066485752,57.134328358208954
5879,9,0.2222222222222222,15.333333333333334
5880,40,0.5423076923076923,57.825
5881,20,0.3631578947368421,90.4
5882,6,0.8666666666666667,27.833333333333332
5883,0,0.0,0.0
5884,55,0.35353535353535354,71.25454545454545
5885,25,0.5166666666666667,54.16
5886,26,0.38153846153846155,85.96153846153847
5887,12,0.3333333333333333,26.25
5888,20,0.24210526315789474,58.05
5889,22,0.4155844155844156,195.9090909090909
5890,25,0.5733333333333334,128.6
5891,33,0.36174242424242425,48.42424242424242
5892,34,0.40463458110516937,69.0
5893,108,0.16441675320179994,157.9351851851852
5894,80,0.255379746835443,203.0
5895,32,0.125,81.46875
5896,65,0.26971153846153845,112.24615384615385
5897,10,0.5333333333333333,48.2
5898,171,0.24898520811833505,198.8421052631579
5899,16,0.125,67.375
5900,10,0.2,10.2
5901,44,0.572938689217759,40.61363636363637
5902,42,0.32868757259001163,85.0
5903,31,0.3139784946236559,37.61290322580645
5904,25,0.27,59.44
5905,93,0.1734455352968677,114.80645161290323
5906,24,0.2826086956521739,30.833333333333332
5907,18,0.35294117647058826,59.5
5908,6,0.06666666666666667,14.166666666666666
5909,9,0.3333333333333333,69.88888888888889
5910,26,0.24923076923076923,57.65384615384615
5911,27,0.24786324786324787,35.074074074074076
5912,22,0.2857142857142857,148.63636363636363
5913,15,0.29523809523809524,160.26666666666668
5914,44,0.20930232558139536,37.34090909090909
5915,45,0.5050505050505051,43.888888888888886
5916,66,0.7888111888111888,84.31818181818181
5917,27,0.25925925925925924,40.333333333333336
5918,72,0.7167449139280125,97.72222222222223
5919,6,0.4666666666666667,92.83333333333333
5920,2,0.0,23.0
5921,9,0.4444444444444444,11.222222222222221
5922,33,0.3314393939393939,96.84848484848484
5923,71,0.24024144869215291,69.01408450704226
5924,11,0.38181818181818183,23.09090909090909
5925,1,0.0,6.0
5926,39,0.21322537112010798,44.69230769230769
5927,3,0.3333333333333333,17.0
5928,21,0.3047619047619048,112.95238095238095
5929,24,0.3188405797101449,151.75
5930,7,0.38095238095238093,80.14285714285714
5931,55,0.7090909090909091,101.18181818181819
5932,67,0.3912256897331524,66.40298507462687
5933,7,0.38095238095238093,37.714285714285715
5934,8,0.5,91.5
5935,14,0.2087912087912088,31.285714285714285
5936,11,0.21818181818181817,57.63636363636363
5937,27,0.13105413105413105,69.44444444444444
5938,9,0.19444444444444445,68.33333333333333
5939,57,0.2681704260651629,108.21052631578948
5940,5,0.3,74.4
5941,15,0.1523809523809524,143.93333333333334
5942,70,0.45714285714285713,82.85714285714286
5943,65,0.42403846153846153,95.29230769230769
5944,13,0.16666666666666666,59.92307692307692
5945,48,0.23404255319148937,199.02083333333334
5946,13,0.34615384615384615,113.3076923076923
5947,41,0.4902439024390244,57.75609756097561
5948,1,0.0,11.0
5949,1,0.0,2.0
5950,40,0.1858974358974359,112.95
5951,8,0.8571428571428571,32.125
5952,1,0.0,8.0
5953,45,0.17676767676767677,118.75555555555556
5954,24,0.38768115942028986,168.25
5955,29,0.22167487684729065,59.724137931034484
5956,1,0.0,20.0
5957,32,0.2963709677419355,109.875
5958,19,0.49122807017543857,41.526315789473685
5959,0,0.0,0.0
5960,24,0.3007246376811594,57.5
5961,7,0.2857142857142857,12.428571428571429
5962,10,0.4444444444444444,135.2
5963,84,0.4119334480780264,160.29761904761904
5964,1,0.0,34.0
5965,0,0.0,0.0
5966,61,0.6098360655737705,132.72131147540983
5967,3,0.3333333333333333,15.333333333333334
5968,9,0.3611111111111111,68.11111111111111
5969,15,0.3619047619047619,37.733333333333334
5970,4,0.3333333333333333,67.75
5971,3,0.3333333333333333,13.666666666666666
5972,22,0.8398268398268398,39.27272727272727
5973,4,1.0,106.75
5974,3,1.0,152.0
5975,26,0.3292307692307692,104.46153846153847
5976,183,0.19299825857202907,193.672131147541
5977,59,0.2822910578609001,117.16949152542372
5978,5,0.1,32.2
5979,5,0.2,46.6
5980,32,0.19556451612903225,99.8125
5981,11,0.21818181818181817,24.0
5982,0,0.0,0.0
5983,14,0.6043956043956044,36.857142857142854
5984,5,0.2,41.8
5985,27,0.23076923076923078,59.7037037037037
5986,9,0.3055555555555556,18.333333333333332
5987,16,0.225,64.375
5988,8,0.4642857142857143,12.625
5989,311,0.1512083808733534,167.4694533762058
5990,1,0.0,47.0
5991,28,0.7328042328042328,115.96428571428571
5992,11,0.9090909090909091,25.636363636363637
5993,4,0.3333333333333333,52.25
5994,5,0.7,117.6
5995,45,0.5141414141414141,108.86666666666666
5996,36,0.4111111111111111,84.36111111111111
5997,18,0.29411764705882354,33.111111111111114
5998,3,0.3333333333333333,13.333333333333334
5999,3,0.6666666666666666,92.66666666666667
6000,39,0.31309041835357626,84.56410256410257
6001,12,0.42424242424242425,69.5
6002,313,0.11669533874006717,108.55271565495208
6003,9,0.5833333333333334,57.44444444444444
6004,16,0.3333333333333333,26.25
6005,5,1.0,40.2
6006,98,0.11950347149168945,47.43877551020408
6007,1,0.0,3.0
6008,6,0.4666666666666667,16.0
6009,186,0.181691368788143,190.08602150537635
6010,11,0.8363636363636363,37.81818181818182
6011,11,0.2,24.181818181818183
6012,12,0.30303030303030304,53.916666666666664
6013,38,0.310099573257468,29.13157894736842
6014,12,0.3787878787878788,126.66666666666667
6015,38,0.31721194879089615,98.28947368421052
6016,37,0.23123123123123124,72.86486486486487
6017,18,0.49673202614379086,24.0
6018,84,0.2822719449225473,95.88095238095238
6019,5,0.4,56.6
6020,52,0.7254901960784313,90.36538461538461
6021,61,0.20546448087431693,73.63934426229508
6022,85,0.19663865546218487,157.76470588235293
6023,24,0.2971014492753623,45.375
6024,5,0.5,34.2
6025,25,0.17666666666666667,89.04
6026,15,0.2761904761904762,21.866666666666667
6027,9,0.5,41.888888888888886
6028,7,0.14285714285714285,24.0
6029,48,0.7978723404255319,86.54166666666667
6030,0,0.0,0.0
6031,0,0.0,0.0
6032,89,0.3289070480081716,68.21348314606742
6033,6,0.9333333333333333,139.66666666666666
6034,50,0.5583673469387755,117.86
6035,4,1.0,32.25
6036,43,0.1849390919158361,44.58139534883721
6037,5,0.2,9.4
6038,73,0.14726027397260275,133.013698630137
6039,22,0.23376623376623376,42.68181818181818
6040,67,0.3943916779737675,108.86567164179104
6041,24,0.39492753623188404,47.458333333333336
6042,20,0.2,89.6
6043,23,0.34782608695652173,32.95652173913044
6044,37,0.12012012012012012,59.729729729729726
6045,39,0.33468286099865047,109.64102564102564
6046,5,0.9,39.4
6047,125,0.22580645161290322,102.512
6048,23,0.16996047430830039,22.0
6049,30,0.25287356321839083,36.36666666666667
6050,51,0.3984313725490196,74.7843137254902
6051,0,0.0,0.0
6052,3,0.0,18.666666666666668
6053,119,0.21720552627830794,163.6890756302521
6054,49,0.25595238095238093,143.48979591836735
6055,6,0.13333333333333333,21.166666666666668
6056,2,0.0,24.0
6057,16,0.18333333333333332,16.3125
6058,22,0.6666666666666666,51.04545454545455
6059,11,0.2909090909090909,30.272727272727273
6060,53,0.28664731494920176,138.24528301886792
6061,13,0.47435897435897434,52.92307692307692
6062,18,0.4444444444444444,32.94444444444444
6063,11,0.8,69.45454545454545
6064,4,0.5,25.25
6065,0,0.0,0.0
6066,9,0.4444444444444444,197.66666666666666
6067,48,0.3147163120567376,55.645833333333336
6068,1,0.0,94.0
6069,42,0.3670150987224158,34.0
6070,175,0.19310344827586207,140.02285714285713
6071,14,0.15384615384615385,141.35714285714286
6072,4,0.16666666666666666,16.0
6073,0,0.0,0.0
6074,47,0.49491211840888066,71.57446808510639
6075,3,0.6666666666666666,27.333333333333332
6076,1,0.0,15.0
6077,12,0.22727272727272727,29.083333333333332
6078,9,0.16666666666666666,25.666666666666668
6079,10,0.35555555555555557,47.8
6080,119,0.3378436120210796,153.51260504201682
6081,28,0.25132275132275134,28.571428571428573
6082,114,0.33317807793820836,89.66666666666667
6083,4,0.16666666666666666,84.75
6084,10,0.1111111111111111,37.2
6085,273,0.20402391725921137,122.55677655677655
6086,37,0.4984984984984985,75.54054054054055
6087,29,0.2684729064039409,138.72413793103448
6088,2,0.0,11.5
6089,10,0.28888888888888886,58.8
6090,144,0.30099067599067597,143.68055555555554
6091,76,0.2792982456140351,187.68421052631578
6092,1,0.0,34.0
6093,3,0.0,32.0
6094,95,0.22687569988801792,53.48421052631579
6095,5,0.7,10.2
6096,38,0.34708392603129445,243.1578947368421
6097,40,0.24743589743589745,68.225
6098,10,0.4444444444444444,29.7
6099,63,0.2816180235535074,156.4920634920635
6100,21,0.3142857142857143,71.66666666666667
6101,17,0.38235294117647056,347.47058823529414
6102,8,0.42857142857142855,16.375
6103,5,0.5,51.8
6104,158,0.18439087317584454,106.70886075949367
6105,17,0.22058823529411764,86.3529411764706
6106,30,0.46206896551724136,33.53333333333333
6107,4,0.3333333333333333,30.25
6108,9,0.4722222222222222,63.111111111111114
6109,89,0.2597037793667007,106.30337078651685
6110,2,0.0,12.5
6111,28,0.2328042328042328,94.42857142857143
6112,9,0.3888888888888889,28.555555555555557
6113,59,0.14962010520163646,63.57627118644068
6114,16,0.39166666666666666,36.5
6115,2,1.0,38.0
6116,10,0.4444444444444444,25.9
6117,24,0.32971014492753625,59.875
6118,3,0.3333333333333333,29.333333333333332
6119,14,0.23076923076923078,21.785714285714285
6120,70,0.2782608695652174,136.42857142857142
6121,26,0.30153846153846153,120.65384615384616
6122,37,0.2147147147147147,83.13513513513513
6123,33,0.2178030303030303,48.63636363636363
6124,0,0.0,0.0
6125,18,0.21568627450980393,141.77777777777777
6126,31,0.4881720430107527,353.80645161290323
6127,14,0.7142857142857143,194.28571428571428
6128,8,0.6428571428571429,24.125
6129,170,0.12370344587539157,164.98235294117646
6130,71,0.53682092555332,94.90140845070422
6131,197,0.27846265409717186,101.88832487309645
6132,12,0.2727272727272727,39.5
6133,0,0.0,0.0
6134,6,0.26666666666666666,140.66666666666666
6135,15,0.5047619047619047,51.8
6136,27,0.37606837606837606,70.4074074074074
6137,42,0.27409988385598144,82.9047619047619
6138,0,0.0,0.0
6139,10,0.13333333333333333,24.0
6140,5,0.2,38.8
6141,29,0.16502463054187191,41.0
6142,49,0.43452380952380953,146.85714285714286
6143,72,0.23082942097026604,76.36111111111111
6144,59,0.45938047925189945,69.62711864406779
6145,22,0.6363636363636364,94.95454545454545
6146,3,0.0,21.666666666666668
6147,33,0.13257575757575757,41.515151515151516
6148,10,0.2222222222222222,30.2
6149,3,0.0,19.333333333333332
6150,15,0.3523809523809524,101.53333333333333
6151,20,0.14736842105263157,41.55
6152,10,0.3111111111111111,70.6
6153,165,0.2336289726533629,146.70909090909092
6154,40,0.3525641025641026,101.3
6155,9,0.25,85.22222222222223
6156,8,0.17857142857142858,26.125
6157,5,0.6,52.8
6158,32,0.43951612903225806,43.53125
6159,3,1.0,15.333333333333334
6160,23,0.42292490118577075,50.69565217391305
6161,44,0.15010570824524314,67.81818181818181
6162,32,0.25201612903225806,39.0
6163,103,0.14068151532457643,157.24271844660194
6164,0,0.0,0.0
6165,103,0.20197982105463544,103.6116504854369
6166,10,0.26666666666666666,41.6
6167,8,0.39285714285714285,25.875
6168,33,0.2556818181818182,203.6969696969697
6169,2,0.0,31.0
6170,28,0.36507936507936506,60.0
6171,150,0.16411633109619686,140.74
6172,53,0.18722786647314948,77.98113207547169
6173,32,0.3971774193548387,77.9375
6174,32,0.45564516129032256,115.375
6175,4,0.3333333333333333,20.25
6176,1,0.0,9.0
6177,96,0.11118421052631579,144.1875
6178,37,0.1831831831831832,53.45945945945946
6179,65,0.11971153846153847,59.646153846153844
6180,9,0.3611111111111111,42.888888888888886
6181,14,0.4725274725274725,35.0
6182,0,0.0,0.0
6183,63,0.5693804403481822,134.52380952380952
6184,78,0.4219114219114219,68.26923076923077
6185,9,0.4722222222222222,102.77777777777777
6186,19,0.6608187134502924,63.05263157894737
6187,6,0.2,37.833333333333336
6188,53,0.2104499274310595,201.58490566037736
6189,28,0.31216931216931215,153.92857142857142
6190,2,0.0,1.0
6191,6,0.8666666666666667,40.0
6192,22,0.329004329004329,45.18181818181818
6193,25,0.21,51.88
6194,20,0.4473684210526316,76.9
6195,6,0.3333333333333333,52.333333333333336
6196,61,0.3907103825136612,127.1639344262295
6197,9,0.9722222222222222,27.555555555555557
6198,3,0.3333333333333333,6.333333333333333
6199,93,0.27886863020102853,84.91397849462365
6200,12,0.4393939393939394,32.5
6201,4,0.5,19.5
6202,6,1.0,31.833333333333332
6203,1,0.0,2.0
6204,7,0.42857142857142855,75.14285714285714
6205,7,0.19047619047619047,57.142857142857146
6206,4,1.0,76.0
6207,3,0.0,4.0
6208,1,0.0,4.0
6209,6,0.3333333333333333,71.33333333333333
6210,19,0.4502923976608187,57.526315789473685
6211,42,0.37398373983739835,20.285714285714285
6212,5,0.2,185.2
6213,0,0.0,0.0
6214,2,0.0,5.5
6215,0,0.0,0.0
6216,2,0.0,29.0
6217,5,0.8,7.8
6218,44,0.3150105708245243,37.40909090909091
6219,3,0.6666666666666666,13.666666666666666
6220,8,0.42857142857142855,152.125
6221,47,0.23404255319148937,42.297872340425535
6222,142,0.26470882029767256,154.5
6223,4,0.16666666666666666,10.0
6224,52,0.4177978883861237,39.69230769230769
6225,12,0.22727272727272727,31.666666666666668
6226,57,0.2882205513784461,69.75438596491227
6227,19,0.3742690058479532,20.68421052631579
6228,18,0.32679738562091504,60.166666666666664
6229,50,0.3346938775510204,177.56
6230,13,0.47435897435897434,38.23076923076923
6231,2,0.0,15.0
6232,6,0.6,29.0
6233,35,0.26554621848739496,122.91428571428571
6234,28,0.41005291005291006,73.92857142857143
6235,5,0.3,14.8
6236,4,0.5,10.25
6237,73,0.12861491628614916,128.97260273972603
6238,32,0.1975806451612903,57.96875
6239,120,0.44915966386554623,85.55
6240,73,0.22792998477929985,88.9041095890411
6241,12,0.5,336.75
6242,0,0.0,0.0
6243,0,0.0,0.0
6244,77,0.19993164730006835,50.714285714285715
6245,244,0.2075828104972003,179.49590163934425
6246,22,0.3852813852813853,38.13636363636363
6247,31,0.4645161290322581,40.096774193548384
6248,197,0.2293069512068787,80.34517766497461
6249,7,0.47619047619047616,79.71428571428571
6250,45,0.3414141414141414,69.11111111111111
6251,11,0.45454545454545453,10.454545454545455
6252,0,0.0,0.0
6253,28,0.4074074074074074,151.03571428571428
6254,49,0.43537414965986393,37.265306122448976
6255,24,0.2753623188405797,34.25
6256,182,0.1696314734988768,184.35164835164835
6257,52,0.1583710407239819,70.4423076923077
6258,17,0.5882352941176471,293.2352941176471
6259,76,0.2319298245614035,80.5
6260,57,0.39473684210526316,72.29824561403508
6261,104,0.130134428678118,154.42307692307693
6262,11,0.9272727272727272,21.727272727272727
6263,15,0.49523809523809526,62.93333333333333
6264,9,0.2777777777777778,57.0
6265,23,0.233201581027668,58.608695652173914
6266,22,0.44155844155844154,81.27272727272727
6267,209,0.26150165623849836,105.9090909090909
6268,217,0.15531660692951016,179.11981566820276
6269,9,0.25,15.88888888888889
6270,0,0.0,0.0
6271,36,0.6333333333333333,56.888888888888886
6272,37,0.15465465465465467,55.2972972972973
6273,52,0.332579185520362,83.5576923076923
6274,4,0.16666666666666666,50.75
6275,128,0.33181594488188976,125.484375
6276,8,0.25,35.75
6277,38,0.1721194879089616,80.89473684210526
6278,47,0.2488436632747456,102.57446808510639
6279,19,0.39766081871345027,74.0
6280,11,0.5272727272727272,397.90909090909093
6281,3,0.0,25.666666666666668
6282,20,0.37894736842105264,49.15
6283,16,0.6333333333333333,337.3125
6284,1,0.0,37.0
6285,24,0.2210144927536232,57.458333333333336
6286,11,0.5636363636363636,29.363636363636363
6287,8,0.07142857142857142,23.5
6288,2,1.0,10.0
6289,29,0.3866995073891626,42.96551724137931
6290,1,0.0,4.0
6291,23,0.20553359683794467,53.08695652173913
6292,15,0.4666666666666667,26.133333333333333
6293,11,0.23636363636363636,27.727272727272727
6294,48,0.20301418439716312,55.791666666666664
6295,55,0.562962962962963,179.85454545454544
6296,5,0.6,201.4
6297,1,0.0,38.0
6298,0,0.0,0.0
6299,17,0.6838235294117647,73.11764705882354
6300,1,0.0,9.0
6301,14,0.3626373626373626,13.214285714285714
6302,7,0.23809523809523808,223.42857142857142
6303,1,0.0,2.0
6304,7,1.0,23.0
6305,104,0.26717699775952203,132.33653846153845
6306,8,0.2857142857142857,187.0
6307,13,0.5512820512820513,47.23076923076923
6308,6,0.3333333333333333,24.333333333333332
6309,129,0.13674903100775193,162.1627906976744
6310,21,0.5857142857142857,71.95238095238095
6311,5,0.5,13.0
6312,37,0.29429429429429427,56.972972972972975
6313,19,0.24561403508771928,70.21052631578948
6314,8,0.2857142857142857,20.875
6315,21,0.7857142857142857,55.333333333333336
6316,9,0.3055555555555556,61.0
6317,6,0.5333333333333333,41.5
6318,1,0.0,3.0
6319,5,0.6,69.2
6320,18,0.20915032679738563,24.22222222222222
6321,82,0.38181270701595904,67.3170731707317
6322,10,0.28888888888888886,40.2
6323,2,0.0,25.0
6324,7,0.8095238095238095,58.42857142857143
6325,65,0.2283653846153846,55.12307692307692
6326,32,0.6411290322580645,61.84375
6327,22,0.39826839826839827,82.77272727272727
6328,120,0.1761904761904762,118.81666666666666
6329,5,0.4,180.4
6330,9,0.3888888888888889,60.666666666666664
6331,1,0.0,3.0
6332,20,0.4105263157894737,63.65
6333,30,0.25057471264367814,125.86666666666666
6334,49,0.22363945578231292,156.6326530612245
6335,23,0.383399209486166,120.34782608695652
6336,0,0.0,0.0
6337,36,0.4936507936507937,60.083333333333336
6338,10,0.4222222222222222,34.2
6339,5,0.4,16.0
6340,2,0.0,25.5
6341,28,0.4523809523809524,43.75
6342,26,0.27076923076923076,39.80769230769231
6343,30,0.4,107.83333333333333
6344,33,0.6799242424242424,154.4848484848485
6345,4,1.0,25.5
6346,42,0.34610917537746805,55.642857142857146
6347,6,0.6666666666666666,41.166666666666664
6348,27,0.3561253561253561,65.18518518518519
6349,3,0.0,60.333333333333336
6350,5,0.5,31.0
6351,4,0.8333333333333334,32.75
6352,4,0.3333333333333333,18.5
6353,73,0.3002283105022831,65.20547945205479
6354,15,0.19047619047619047,56.666666666666664
6355,7,0.23809523809523808,19.0
6356,5,0.1,88.8
6357,9,0.5,84.22222222222223
6358,30,0.25287356321839083,86.1
6359,72,0.13928012519561817,94.70833333333333
6360,19,0.49122807017543857,103.94736842105263
6361,15,0.42857142857142855,134.66666666666666
6362,2,1.0,7.0
6363,0,0.0,0.0
6364,25,0.3333333333333333,39.16
6365,30,0.5264367816091954,46.333333333333336
6366,91,0.25274725274725274,70.8021978021978
6367,17,0.2867647058823529,61.588235294117645
6368,71,0.27525150905432594,141.7887323943662
6369,14,0.6153846153846154,51.785714285714285
6370,70,0.3250517598343685,55.97142857142857
6371,123,0.2665600426496068,140.4959349593496
6372,6,0.26666666666666666,18.833333333333332
6373,46,0.2028985507246377,75.71739130434783
6374,35,0.19663865546218487,40.51428571428571
6375,28,0.1455026455026455,66.5
6376,8,0.5714285714285714,79.0
6377,23,0.23715415019762845,32.21739130434783
6378,2,0.0,95.5
6379,171,0.13814929480564156,92.19883040935673
6380,4,0.5,9.5
6381,66,0.11981351981351981,57.92424242424242
6382,67,0.24061510628674807,233.9402985074627
6383,37,0.4024024024024024,49.67567567567568
6384,91,0.23931623931623933,151.54945054945054
6385,16,0.4166666666666667,35.0625
6386,14,0.24175824175824176,74.0
6387,48,0.43617021276595747,75.41666666666667
6388,14,0.27472527472527475,25.285714285714285
6389,47,0.2765957446808511,59.851063829787236
6390,53,0.24891146589259797,126.28301886792453
6391,4,0.5,40.75
6392,9,0.4166666666666667,34.111111111111114
6393,47,0.2969472710453284,99.29787234042553
6394,8,0.39285714285714285,32.625
6395,17,0.47058823529411764,32.88235294117647
6396,33,0.3446969696969697,95.96969696969697
6397,3,0.6666666666666666,23.333333333333332
6398,2,0.0,9.5
6399,19,0.7017543859649122,51.89473684210526
6400,21,0.28095238095238095,44.904761904761905
6401,18,0.48366013071895425,56.166666666666664
6402,1,0.0,2.0
6403,15,0.23809523809523808,18.333333333333332
6404,98,0.41131916684199454,146.68367346938774
6405,36,0.3603174603174603,331.77777777777777
6406,14,0.6923076923076923,30.642857142857142
6407,151,0.16097130242825608,127.33112582781457
6408,9,0.3333333333333333,55.0
6409,0,0.0,0.0
6410,20,0.3105263157894737,144.65
6411,9,0.3611111111111111,22.555555555555557
6412,9,0.4722222222222222,39.0
6413,75,0.22486486486486487,149.72
6414,38,0.24893314366998578,47.0
6415,21,0.45714285714285713,51.476190476190474
6416,19,0.3508771929824561,53.0
6417,36,0.36507936507936506,57.388888888888886
6418,3,0.3333333333333333,16.333333333333332
6419,6,0.3333333333333333,50.0
6420,1,0.0,4.0
6421,30,0.8183908045977012,82.33333333333333
6422,8,1.0,37.0
6423,48,0.24468085106382978,34.3125
6424,35,0.2823529411764706,50.42857142857143
6425,7,0.19047619047619047,40.857142857142854
6426,30,0.5908045977011495,105.16666666666667
6427,51,0.18745098039215685,109.62745098039215
6428,15,0.24761904761904763,45.86666666666667
6429,9,0.5555555555555556,29.444444444444443
6430,71,0.43380281690140843,56.436619718309856
6431,55,0.296969696969697,73.69090909090909
6432,30,0.5011494252873563,87.86666666666666
6433,8,0.10714285714285714,83.125
6434,15,0.5333333333333333,30.2
6435,14,0.32967032967032966,61.642857142857146
6436,17,0.5220588235294118,57.8235294117647
6437,5,0.0,7.2
6438,5,0.1,51.4
6439,6,0.2,17.0
6440,50,0.3461224489795918,34.5
6441,29,0.42610837438423643,63.48275862068966
6442,24,0.17028985507246377,51.083333333333336
6443,22,0.09956709956709957,115.54545454545455
6444,13,0.358974358974359,44.53846153846154
6445,38,0.6372688477951636,130.73684210526315
6446,7,0.47619047619047616,12.714285714285714
6447,49,0.34438775510204084,107.71428571428571
6448,23,0.16996047430830039,44.91304347826087
6449,24,0.4601449275362319,61.041666666666664
6450,76,0.27578947368421053,248.51315789473685
6451,38,0.24182076813655762,65.8157894736842
6452,70,0.46790890269151136,47.714285714285715
6453,29,0.19458128078817735,59.48275862068966
6454,14,0.1978021978021978,70.14285714285714
6455,87,0.1831061213579257,115.63218390804597
6456,39,0.1632928475033738,50.02564102564103
6457,54,0.1774982529699511,145.09259259259258
6458,45,0.22525252525252526,60.31111111111111
6459,2,1.0,12.5
6460,14,0.3516483516483517,32.785714285714285
6461,24,0.17028985507246377,90.75
6462,3,0.3333333333333333,47.0
6463,4,1.0,18.25
6464,27,0.36752136752136755,94.81481481481481
6465,5,0.1,45.6
6466,16,0.2916666666666667,125.6875
6467,45,0.3111111111111111,56.77777777777778
6468,2,0.0,40.0
6469,3,1.0,25.0
6470,18,0.6209150326797386,322.8888888888889
6471,14,0.37362637362637363,89.71428571428571
6472,3,0.0,28.333333333333332
6473,1,0.0,3.0
6474,15,0.4857142857142857,48.0
6475,12,0.30303030303030304,49.25
6476,15,0.3047619047619048,30.733333333333334
6477,2,0.0,7.5
6478,2,1.0,5.5
6479,27,0.3504273504273504,50.666666666666664
6480,22,0.3852813852813853,65.54545454545455
6481,25,0.21,47.24
6482,79,0.6598506978253814,122.87341772151899
6483,16,0.175,80.8125
6484,2,0.0,1.5
6485,2,0.0,3.0
6486,23,0.16996047430830039,44.17391304347826
6487,3,0.3333333333333333,23.666666666666668
6488,127,0.1679790026246719,102.96850393700787
6489,9,0.1111111111111111,69.33333333333333
6490,7,0.42857142857142855,48.285714285714285
6491,16,0.23333333333333334,137.4375
6492,21,0.3952380952380952,53.80952380952381
6493,13,0.4230769230769231,91.6923076923077
6494,15,0.3619047619047619,41.53333333333333
6495,7,0.23809523809523808,34.857142857142854
6496,3,0.0,21.333333333333332
6497,44,0.23044397463002114,103.06818181818181
6498,12,0.4090909090909091,262.6666666666667
6499,31,0.24301075268817204,45.806451612903224
6500,22,0.354978354978355,185.3181818181818
6501,4,1.0,987.5
6502,5,0.3,77.6
6503,4,0.16666666666666666,8.0
6504,0,0.0,0.0
6505,2,0.0,14.0
6506,1,0.0,11.0
6507,35,0.44873949579831934,37.114285714285714
6508,40,0.7141025641025641,56.6
6509,15,0.3333333333333333,79.86666666666666
6510,5,0.7,68.0
6511,12,0.24242424242424243,123.83333333333333
6512,14,0.34065934065934067,34.0
6513,12,0.5,26.416666666666668
6514,83,0.27769615045548046,88.8433734939759
6515,23,0.2924901185770751,104.73913043478261
6516,18,0.12418300653594772,21.77777777777778
6517,85,0.5299719887955182,100.10588235294118
6518,30,0.47586206896551725,57.93333333333333
6519,35,0.3630252100840336,88.57142857142857
6520,50,0.24653061224489795,105.9
6521,13,0.20512820512820512,219.6153846153846
6522,78,0.4025974025974026,45.57692307692308
6523,2,0.0,15.5
6524,37,0.536036036036036,275.2972972972973
6525,106,0.373225516621743,149.0754716981132
6526,65,0.12403846153846154,57.23076923076923
6527,14,0.15384615384615385,37.285714285714285
6528,14,0.4945054945054945,44.714285714285715
6529,13,0.2692307692307692,123.23076923076923
6530,6,0.3333333333333333,40.166666666666664
6531,9,0.25,33.77777777777778
6532,41,0.3475609756097561,74.29268292682927
6533,5,0.7,46.2
6534,4,0.16666666666666666,14.5
6535,34,0.42424242424242425,72.91176470588235
6536,3,0.3333333333333333,11.333333333333334
6537,111,0.24946764946764946,135.38738738738738
6538,29,0.4729064039408867,39.206896551724135
6539,3,1.0,24.0
6540,28,0.20634920634920634,143.07142857142858
6541,7,0.42857142857142855,39.285714285714285
6542,3,0.0,20.666666666666668
6543,4,0.5,6.0
6544,10,0.6,73.4
6545,2,1.0,20.5
6546,8,1.0,86.125
6547,34,0.26024955436720143,159.41176470588235
6548,14,0.2087912087912088,73.21428571428571
6549,2,0.0,21.0
6550,0,0.0,0.0
6551,2,1.0,2.0
6552,8,0.35714285714285715,14.375
6553,33,0.18181818181818182,53.18181818181818
6554,60,0.3045197740112994,138.95
6555,4,1.0,67.5
6556,10,0.28888888888888886,30.7
6557,18,0.38562091503267976,40.94444444444444
6558,40,0.15512820512820513,137.55
6559,0,0.0,0.0
6560,11,0.5454545454545454,20.454545454545453
6561,40,0.3717948717948718,130.575
6562,23,0.28063241106719367,64.8695652173913
6563,10,0.6444444444444445,63.3
6564,0,0.0,0.0
6565,12,0.6060606060606061,31.666666666666668
6566,16,0.19166666666666668,44.875
6567,4,0.3333333333333333,33.75
6568,59,0.2793687901811806,128.40677966101694
6569,5,0.5,23.4
6570,13,0.2948717948717949,55.30769230769231
6571,4,0.0,47.0
6572,8,0.17857142857142858,43.375
6573,32,0.14717741935483872,144.46875
6574,6,0.06666666666666667,21.833333333333332
6575,80,0.2591772151898734,34.9625
6576,16,0.9416666666666667,21.1875
6577,40,0.25256410256410255,276.8
6578,10,0.4222222222222222,68.8
6579,28,0.23015873015873015,30.714285714285715
6580,0,0.0,0.0
6581,4,0.3333333333333333,5.75
6582,3,1.0,73.33333333333333
6583,13,0.47435897435897434,24.615384615384617
6584,8,0.5357142857142857,14.75
6585,1,0.0,95.0
6586,6,0.6666666666666666,16.166666666666668
6587,11,0.2545454545454545,17.727272727272727
6588,0,0.0,0.0
6589,45,0.3929292929292929,45.4
6590,37,0.1996996996996997,53.21621621621622
6591,5,0.2,19.0
6592,1,0.0,4.0
6593,58,0.4664246823956443,57.58620689655172
6594,5,0.2,148.2
6595,0,0.0,0.0
6596,20,0.5789473684210527,111.2
6597,12,0.19696969696969696,22.0
6598,57,0.22180451127819548,226.6315789473684
6599,10,0.3111111111111111,25.1
6600,40,0.22179487179487178,143.975
6601,8,0.7857142857142857,28.375
6602,2,1.0,35.5
6603,39,0.31309041835357626,77.51282051282051
6604,42,0.3914053426248548,41.38095238095238
6605,18,0.6862745098039216,35.0
6606,19,0.29239766081871343,74.6842105263158
6607,2,0.0,48.5
6608,9,0.6111111111111112,34.888888888888886
6609,10,0.26666666666666666,53.2
6610,51,0.30745098039215685,93.96078431372548
6611,32,0.16129032258064516,204.53125
6612,1,0.0,3.0
6613,15,0.1523809523809524,12.666666666666666
6614,4,0.16666666666666666,62.5
6615,8,0.2857142857142857,290.375
6616,21,0.5333333333333333,135.76190476190476
6617,113,0.10951327433628319,73.79646017699115
6618,35,0.49411764705882355,122.08571428571429
6619,122,0.13155398997425824,160.54918032786884
6620,43,0.23145071982281284,50.674418604651166
6621,3,0.3333333333333333,45.333333333333336
6622,7,0.42857142857142855,100.71428571428571
6623,16,0.3,80.75
6624,65,0.32740384615384616,33.2
6625,18,0.3790849673202614,79.55555555555556
6626,17,0.14705882352941177,56.705882352941174
6627,14,0.25274725274725274,37.785714285714285
6628,12,0.8939393939393939,26.666666666666668
6629,58,0.42105263157894735,126.6896551724138
6630,1,0.0,1.0
6631,33,0.2537878787878788,86.9090909090909
6632,14,0.46153846153846156,46.642857142857146
6633,45,0.4505050505050505,80.8
6634,4,0.3333333333333333,66.25
6635,18,0.23529411764705882,26.555555555555557
6636,2,0.0,8.5
6637,1,0.0,13.0
6638,5,0.4,12.0
6639,61,0.35737704918032787,38.377049180327866
6640,5,0.3,15.8
6641,10,0.1111111111111111,21.5
6642,1,0.0,42.0
6643,3,1.0,11.666666666666666
6644,0,0.0,0.0
6645,24,0.35144927536231885,46.416666666666664
6646,9,0.5833333333333334,46.666666666666664
6647,1,0.0,34.0
6648,1,0.0,18.0
6649,9,0.4444444444444444,72.33333333333333
6650,64,0.14583333333333334,98.34375
6651,56,0.4,95.71428571428571
6652,44,0.4513742071881607,60.54545454545455
6653,12,0.3333333333333333,173.33333333333334
6654,3,0.0,26.0
6655,11,0.8,47.54545454545455
6656,43,0.3875968992248062,54.25581395348837
6657,13,0.3076923076923077,123.61538461538461
6658,51,0.15058823529411763,65.43137254901961
6659,26,0.38461538461538464,69.92307692307692
6660,16,0.25,55.25
6661,2,0.0,19.0
6662,8,0.32142857142857145,54.125
6663,24,0.2644927536231884,37.708333333333336
6664,85,0.1689075630252101,76.23529411764706
6665,49,0.29591836734693877,50.326530612244895
6666,54,0.24178895877009085,174.0
6667,20,0.6526315789473685,39.8
6668,63,0.4971838197644649,91.85714285714286
6669,39,0.24426450742240216,43.17948717948718
6670,13,0.3974358974358974,29.46153846153846
6671,7,0.38095238095238093,20.714285714285715
6672,5,0.5,68.0
6673,36,0.4587301587301587,80.41666666666667
6674,31,0.44086021505376344,51.483870967741936
6675,5,0.2,30.4
6676,11,0.4909090909090909,71.0
6677,9,0.4444444444444444,31.444444444444443
6678,38,0.41536273115220484,152.8684210526316
6679,0,0.0,0.0
6680,4,0.8333333333333334,76.25
6681,10,0.35555555555555557,21.1
6682,6,0.4,97.83333333333333
6683,18,0.28104575163398693,82.83333333333333
6684,73,0.5582191780821918,88.68493150684931
6685,5,0.3,19.6
6686,23,0.10276679841897234,38.26086956521739
6687,19,0.30409356725146197,88.78947368421052
6688,5,0.2,20.8
6689,68,0.18437225636523266,114.69117647058823
6690,108,0.5545171339563862,87.30555555555556
6691,21,0.18095238095238095,29.047619047619047
6692,13,0.3076923076923077,88.53846153846153
6693,39,0.252361673414305,90.35897435897436
6694,35,0.31092436974789917,35.0
6695,22,0.22510822510822512,22.818181818181817
6696,28,0.3783068783068783,80.89285714285714
6697,4,0.5,181.0
6698,2,0.0,72.0
6699,16,0.275,64.25
6700,1,0.0,96.0
6701,1,0.0,4.0
6702,38,0.3541963015647226,111.52631578947368
6703,3,0.0,49.666666666666664
6704,4,0.0,84.75
6705,2,0.0,8.0
6706,5,0.6,34.8
6707,8,0.32142857142857145,93.75
6708,10,0.15555555555555556,38.4
6709,4,1.0,53.25
6710,8,0.14285714285714285,19.875
6711,47,0.393154486586494,178.10638297872342
6712,32,0.35080645161290325,196.90625
6713,102,0.283440108716754,75.66666666666667
6714,13,0.28205128205128205,75.07692307692308
6715,27,0.31339031339031337,47.111111111111114
6716,19,0.3216374269005848,50.1578947368421
6717,8,0.21428571428571427,13.5
6718,66,0.24382284382284383,55.0
6719,11,0.9272727272727272,30.09090909090909
6720,1,0.0,21.0
6721,45,0.18282828282828284,119.77777777777777
6722,9,0.2222222222222222,50.77777777777778
6723,37,0.25075075075075076,50.486486486486484
6724,56,0.3064935064935065,143.73214285714286
6725,5,0.4,112.4
6726,10,0.35555555555555557,29.3
6727,14,0.6263736263736264,71.64285714285714
6728,5,0.6,83.4
6729,25,0.18,93.04
6730,183,0.18579234972677597,203.10928961748633
6731,54,0.4018169112508735,81.14814814814815
6732,7,0.42857142857142855,67.28571428571429
6733,3,0.0,10.333333333333334
6734,0,0.0,0.0
6735,24,0.22826086956521738,55.375
6736,7,0.7142857142857143,63.285714285714285
6737,20,0.7105263157894737,32.2
6738,26,0.28307692307692306,55.73076923076923
6739,111,0.14152334152334153,79.28828828828829
6740,2,1.0,36.5
6741,36,0.4365079365079365,127.47222222222223
6742,107,0.1454769881855052,82.77570093457943
6743,17,0.25,38.1764705882353
6744,7,0.2857142857142857,23.428571428571427
6745,31,0.3741935483870968,68.3225806451613
6746,5,0.2,31.8
6747,60,0.24519774011299436,71.56666666666666
6748,3,0.3333333333333333,63.333333333333336
6749,52,0.17043740573152338,53.17307692307692
6750,6,0.26666666666666666,25.666666666666668
6751,7,0.3333333333333333,17.857142857142858
6752,3,0.0,8.666666666666666
6753,14,0.15384615384615385,85.07142857142857
6754,3,1.0,16.0
6755,13,0.19230769230769232,177.69230769230768
6756,46,0.13140096618357489,83.23913043478261
6757,35,0.5025210084033613,50.4
6758,19,0.19883040935672514,37.68421052631579
6759,64,0.6760912698412699,142.59375
6760,14,0.25274725274725274,50.857142857142854
6761,3,0.0,38.0
6762,20,0.8210526315789474,39.6
6763,44,0.4249471458773784,125.5
6764,22,0.3722943722943723,26.772727272727273
6765,45,0.36363636363636365,191.35555555555555
6766,12,0.7878787878787878,24.083333333333332
6767,40,0.30128205128205127,49.35
6768,3,0.3333333333333333,33.333333333333336
6769,58,0.24924379915305506,133.98275862068965
6770,46,0.2318840579710145,82.95652173913044
6771,170,0.20995475113122172,107.7235294117647
6772,28,0.24867724867724866,170.75
6773,8,0.7857142857142857,28.5
6774,11,0.12727272727272726,26.727272727272727
6775,21,0.4714285714285714,124.33333333333333
6776,32,0.5846774193548387,96.59375
6777,18,0.40522875816993464,101.61111111111111
6778,13,0.23076923076923078,47.46153846153846
6779,4,0.5,17.75
6780,21,0.22857142857142856,48.333333333333336
6781,15,0.3238095238095238,49.13333333333333
6782,219,0.20351053579657324,188.91324200913243
6783,2,0.0,4.0
6784,1,0.0,12.0
6785,44,0.2917547568710359,34.29545454545455
6786,15,0.19047619047619047,74.8
6787,57,0.37719298245614036,74.42105263157895
6788,25,0.30666666666666664,101.32
6789,64,0.47867063492063494,159.015625
6790,48,0.19060283687943264,53.270833333333336
6791,52,0.4019607843137255,80.13461538461539
6792,41,0.5890243902439024,80.29268292682927
6793,0,0.0,0.0
6794,6,0.4666666666666667,41.333333333333336
6795,5,0.5,42.0
6796,1,0.0,35.0
6797,26,0.2523076923076923,91.15384615384616
6798,16,0.625,31.0
6799,2,1.0,44.0
6800,21,0.3904761904761905,91.80952380952381
6801,60,0.6887005649717514,82.51666666666667
6802,33,0.2196969696969697,53.54545454545455
6803,43,0.23477297895902546,36.7906976744186
6804,1,0.0,2.0
6805,23,0.4189723320158103,93.17391304347827
6806,200,0.10527638190954774,141.91
6807,21,0.2,99.38095238095238
6808,5,1.0,8.4
6809,117,0.30754494547597994,64.7094017094017
6810,22,0.5108225108225108,82.77272727272727
6811,1,0.0,7.0
6812,10,0.28888888888888886,26.0
6813,0,0.0,0.0
6814,4,0.8333333333333334,14.75
6815,11,0.32727272727272727,57.27272727272727
6816,0,0.0,0.0
6817,6,0.2,37.666666666666664
6818,36,0.3523809523809524,44.94444444444444
6819,1,0.0,8.0
6820,45,0.15454545454545454,47.44444444444444
6821,11,0.6,193.27272727272728
6822,11,0.8909090909090909,28.90909090909091
6823,2,1.0,56.0
6824,40,0.5269230769230769,37.2
6825,85,0.3246498599439776,74.47058823529412
6826,37,0.3303303303303303,215.97297297297297
6827,23,0.3438735177865613,32.34782608695652
6828,31,0.13978494623655913,75.7741935483871
6829,6,0.2,31.666666666666668
6830,61,0.47595628415300545,130.52459016393442
6831,29,0.5492610837438424,47.827586206896555
6832,4,1.0,19.25
6833,6,0.4666666666666667,166.66666666666666
6834,22,0.24242424242424243,22.90909090909091
6835,3,1.0,39.0
6836,4,0.3333333333333333,44.75
6837,5,0.3,20.0
6838,115,0.211441647597254,161.75652173913045
6839,8,0.4642857142857143,35.375
6840,63,0.14541730670762928,63.44444444444444
6841,15,0.3238095238095238,64.06666666666666
6842,19,0.18128654970760233,103.42105263157895
6843,45,0.2787878787878788,67.66666666666667
6844,7,0.19047619047619047,24.285714285714285
6845,76,0.18842105263157893,63.44736842105263
6846,16,0.2,40.0
6847,29,0.312807881773399,68.96551724137932
6848,3,0.3333333333333333,18.333333333333332
6849,11,0.43636363636363634,150.27272727272728
6850,25,0.18333333333333332,55.96
6851,2,0.0,12.5
6852,48,0.5638297872340425,97.4375
6853,10,0.2,70.1
6854,16,0.275,23.4375
6855,18,0.45751633986928103,139.77777777777777
6856,9,0.8888888888888888,37.55555555555556
6857,144,0.24125874125874125,112.91666666666667
6858,47,0.6401480111008325,79.25531914893617
6859,9,0.3333333333333333,19.22222222222222
6860,6,0.4,19.666666666666668
6861,15,0.12380952380952381,26.066666666666666
6862,16,0.15,61.4375
6863,87,0.2400427693130179,93.42528735632185
6864,24,0.2427536231884058,107.16666666666667
6865,136,0.2369281045751634,97.48529411764706
6866,51,0.4376470588235294,105.94117647058823
6867,8,0.39285714285714285,46.375
6868,15,0.2857142857142857,37.6
6869,106,0.16585804132973944,114.47169811320755
6870,69,0.10528559249786872,109.95652173913044
6871,11,0.8181818181818182,21.727272727272727
6872,5,0.1,79.2
6873,52,0.3665158371040724,70.84615384615384
6874,1,0.0,3.0
6875,117,0.3532272325375774,83.44444444444444
6876,50,0.3183673469387755,45.5
6877,80,0.10348101265822784,54.7375
6878,2,0.0,58.0
6879,26,0.39076923076923076,55.53846153846154
6880,26,0.1723076923076923,141.6153846153846
6881,13,0.44871794871794873,26.923076923076923
6882,9,0.1388888888888889,235.55555555555554
6883,38,0.20768136557610242,57.973684210526315
6884,0,0.0,0.0
6885,6,0.26666666666666666,39.0
6886,158,0.12384100620817544,65.74050632911393
6887,17,0.3382352941176471,61.64705882352941
6888,12,0.3181818181818182,130.66666666666666
6889,16,0.85,71.25
6890,8,0.10714285714285714,22.5
6891,2,0.0,8.5
6892,16,0.31666666666666665,185.75
6893,3,0.3333333333333333,27.0
6894,30,0.367816091954023,65.36666666666666
6895,55,0.19326599326599325,72.4
6896,43,0.16168327796234774,87.4186046511628
6897,65,0.27692307692307694,161.52307692307693
6898,3,0.3333333333333333,10.666666666666666
6899,12,0.15151515151515152,28.583333333333332
6900,11,0.2909090909090909,34.09090909090909
6901,5,0.6,57.0
6902,53,0.2220609579100145,65.45283018867924
6903,52,0.2383107088989442,105.46153846153847
6904,20,0.34210526315789475,60.15
6905,15,0.44761904761904764,43.06666666666667
6906,15,0.21904761904761905,115.06666666666666
6907,6,0.5333333333333333,88.33333333333333
6908,14,0.3516483516483517,48.57142857142857
6909,17,0.6029411764705882,41.88235294117647
6910,19,0.21637426900584794,22.526315789473685
6911,9,0.16666666666666666,88.44444444444444
6912,4,0.8333333333333334,14.5
6913,70,0.1565217391304348,171.61428571428573
6914,7,0.3333333333333333,11.571428571428571
6915,92,0.21070234113712374,201.75
6916,21,0.5761904761904761,32.95238095238095
6917,37,0.3633633633633634,51.189189189189186
6918,23,0.3359683794466403,54.130434782608695
6919,28,0.22486772486772486,47.964285714285715
6920,15,0.3047619047619048,49.13333333333333
6921,88,0.4446185997910136,168.75
6922,9,0.19444444444444445,39.77777777777778
6923,29,0.4729064039408867,54.13793103448276
6924,28,0.5238095238095238,61.785714285714285
6925,44,0.37103594080338265,66.25
6926,50,0.3036734693877551,122.0
6927,10,0.24444444444444444,53.7
6928,0,0.0,0.0
6929,23,0.5810276679841897,86.78260869565217
6930,6,0.4,118.66666666666667
6931,4,0.3333333333333333,29.0
6932,40,0.2282051282051282,139.775
6933,94,0.1981239990848776,88.24468085106383
6934,54,0.24947589098532494,50.870370370370374
6935,60,0.2943502824858757,150.46666666666667
6936,24,0.2572463768115942,66.375
6937,9,0.08333333333333333,128.55555555555554
6938,5,0.3,55.4
6939,5,0.6,45.4
6940,14,0.14285714285714285,48.0
6941,26,0.3261538461538461,24.03846153846154
6942,44,0.16807610993657504,79.45454545454545
6943,34,0.7415329768270945,45.1764705882353
6944,0,0.0,0.0
6945,19,0.3216374269005848,16.68421052631579
6946,5,0.9,172.0
6947,13,0.3333333333333333,247.53846153846155
6948,9,1.0,101.22222222222223
6949,125,0.22825806451612904,113.624
6950,96,0.31008771929824563,146.41666666666666
6951,19,0.23976608187134502,76.10526315789474
6952,23,0.38735177865612647,159.2173913043478
6953,23,0.1541501976284585,63.52173913043478
6954,38,0.24324324324324326,78.34210526315789
6955,9,0.2222222222222222,16.333333333333332
6956,93,0.16292660121552127,157.8494623655914
6957,9,0.4444444444444444,24.88888888888889
6958,44,0.41331923890063427,73.77272727272727
6959,6,0.6,32.166666666666664
6960,31,0.3010752688172043,210.09677419354838
6961,27,0.6609686609686609,42.888888888888886
6962,56,0.5285714285714286,91.82142857142857
6963,17,0.6102941176470589,36.588235294117645
6964,114,0.19577705325260053,123.50877192982456
6965,2,1.0,139.0
6966,0,0.0,0.0
6967,23,0.5889328063241107,137.8695652173913
6968,8,0.42857142857142855,27.625
6969,0,0.0,0.0
6970,11,0.43636363636363634,33.63636363636363
6971,17,0.8308823529411765,70.52941176470588
6972,9,0.16666666666666666,49.44444444444444
6973,39,0.22672064777327935,59.38461538461539
6974,62,0.12004230565838181,90.53225806451613
6975,14,0.5494505494505495,81.14285714285714
6976,5,0.4,463.0
6977,16,0.44166666666666665,31.875
6978,33,0.1893939393939394,45.96969696969697
6979,29,0.3842364532019704,50.41379310344828
6980,6,1.0,94.0
6981,16,0.6666666666666666,79.0
6982,122,0.4737840401029671,78.30327868852459
6983,14,0.8351648351648352,156.14285714285714
6984,12,0.2878787878787879,29.25
6985,7,0.9047619047619048,29.857142857142858
6986,26,0.40615384615384614,60.15384615384615
6987,48,0.4051418439716312,54.208333333333336
6988,2,1.0,2.0
6989,4,0.8333333333333334,17.25
6990,14,0.46153846153846156,30.071428571428573
6991,17,0.39705882352941174,25.705882352941178
6992,65,0.3764423076923077,100.8
6993,22,0.26406926406926406,59.95454545454545
6994,36,0.3746031746031746,65.55555555555556
6995,1,0.0,40.0
6996,0,0.0,0.0
6997,28,0.164021164021164,81.14285714285714
6998,4,0.5,11.75
6999,21,0.42857142857142855,295.3809523809524
7000,16,0.5166666666666667,52.25
7001,20,0.47368421052631576,50.5
7002,0,0.0,0.0
7003,3,0.3333333333333333,54.666666666666664
7004,15,0.3904761904761905,90.06666666666666
7005,51,0.2580392156862745,29.313725490196077
7006,4,0.16666666666666666,25.75
7007,5,0.2,13.6
7008,6,0.4666666666666667,52.833333333333336
7009,2,0.0,115.5
7010,11,0.38181818181818183,32.90909090909091
7011,3,1.0,56.0
7012,8,0.25,83.5
7013,7,0.23809523809523808,97.42857142857143
7014,6,1.0,60.5
7015,21,0.19047619047619047,32.142857142857146
7016,70,0.16853002070393375,111.7
7017,35,0.5210084033613446,38.02857142857143
7018,166,0.2513326031398321,121.75903614457832
7019,2,1.0,28.5
7020,21,0.35714285714285715,27.666666666666668
7021,25,0.36333333333333334,25.84
7022,53,0.29680696661828737,92.26415094339623
7023,147,0.3383654831795732,78.68707482993197
7024,1,0.0,6.0
7025,8,0.5714285714285714,79.125
7026,33,0.2935606060606061,125.63636363636364
7027,1,0.0,3.0
7028,424,0.12103572862304296,166.88443396226415
7029,47,0.4597594819611471,140.17021276595744
7030,9,0.3333333333333333,23.77777777777778
7031,145,0.17155172413793104,189.64137931034483
7032,14,0.15384615384615385,40.07142857142857
7033,38,0.2503556187766714,247.68421052631578
7034,30,0.21379310344827587,78.26666666666667
7035,28,0.42857142857142855,52.357142857142854
7036,11,0.12727272727272726,35.36363636363637
7037,15,0.17142857142857143,88.8
7038,97,0.32560137457044674,274.5257731958763
7039,3,0.3333333333333333,6.666666666666667
7040,8,0.6785714285714286,171.25
7041,12,0.5151515151515151,56.333333333333336
7042,25,0.44333333333333336,23.72
7043,87,0.5960973001871157,175.50574712643677
7044,4,1.0,8.75
7045,35,0.6957983193277311,42.51428571428571
7046,10,0.35555555555555557,16.5
7047,12,0.10606060606060606,183.5
7048,7,0.47619047619047616,14.0
7049,43,0.16943521594684385,123.20930232558139
7050,2,0.0,28.0
7051,2,0.0,70.5
7052,24,0.40942028985507245,43.708333333333336
7053,2,0.0,43.5
7054,1,0.0,13.0
7055,1,0.0,33.0
7056,26,0.38153846153846155,227.07692307692307
7057,12,0.2878787878787879,94.75
7058,2,1.0,19.5
7059,4,0.3333333333333333,26.0
7060,42,0.3042973286875726,29.166666666666668
7061,19,0.47953216374269003,27.63157894736842
7062,7,0.2857142857142857,102.57142857142857
7063,8,0.42857142857142855,35.0
7064,62,0.6700158646218932,87.08064516129032
7065,87,0.2360331462175889,45.06896551724138
7066,7,0.42857142857142855,74.14285714285714
7067,21,0.6714285714285714,63.76190476190476
7068,55,0.26262626262626265,161.23636363636365
7069,12,0.30303030303030304,61.5
7070,58,0.4343617664851785,40.96551724137931
7071,19,0.5146198830409356,44.473684210526315
7072,26,0.38153846153846155,23.615384615384617
7073,88,0.20663531870428423,116.73863636363636
7074,10,0.35555555555555557,121.1
7075,13,0.6282051282051282,100.61538461538461
7076,13,0.34615384615384615,42.15384615384615
7077,71,0.14849094567404428,84.98591549295774
7078,23,0.2134387351778656,48.391304347826086
7079,7,0.19047619047619047,41.285714285714285
7080,56,0.16428571428571428,172.53571428571428
7081,6,0.13333333333333333,24.166666666666668
7082,11,0.36363636363636365,53.18181818181818
7083,129,0.3860222868217054,124.88372093023256
7084,40,0.11794871794871795,47.2
7085,24,0.463768115942029,46.75
7086,2,0.0,40.0
7087,11,0.41818181818181815,31.363636363636363
7088,9,0.3333333333333333,12.11111111111111
7089,46,0.1932367149758454,55.58695652173913
7090,31,0.35268817204301073,104.80645161290323
7091,7,0.3333333333333333,50.142857142857146
7092,4,0.16666666666666666,13.5
7093,1,0.0,37.0
7094,20,0.2578947368421053,62.4
7095,17,0.6691176470588235,38.88235294117647
7096,22,0.2597402597402597,36.5
7097,14,0.17582417582417584,98.28571428571429
7098,31,0.2989247311827957,59.29032258064516
7099,56,0.20324675324675326,71.07142857142857
7100,102,0.1644340904678703,88.00980392156863
7101,18,0.6470588235294118,46.666666666666664
7102,11,0.16363636363636364,15.909090909090908
7103,27,0.23076923076923078,135.03703703703704
7104,84,0.19994262765347104,139.85714285714286
7105,55,0.21885521885521886,133.6909090909091
7106,66,0.38974358974358975,216.96969696969697
7107,9,0.4166666666666667,52.77777777777778
7108,6,0.5333333333333333,54.166666666666664
7109,9,0.25,67.44444444444444
7110,15,0.4095238095238095,25.866666666666667
7111,1,0.0,136.0
7112,64,0.2648809523809524,104.65625
7113,8,0.4642857142857143,34.75
7114,579,0.11608129993844536,163.67875647668393
7115,43,0.42524916943521596,163.86046511627907
7116,37,0.38288288288288286,69.10810810810811
7117,18,0.4117647058823529,63.22222222222222
7118,17,0.21323529411764705,39.35294117647059
7119,73,0.24429223744292236,197.3013698630137
7120,98,0.07426888281085631,55.765306122448976
7121,13,0.41025641025641024,67.92307692307692
7122,66,0.3016317016317016,40.803030303030305
7123,2,0.0,63.5
7124,53,0.5333817126269956,83.98113207547169
7125,22,0.329004329004329,84.5909090909091
7126,41,0.3329268292682927,50.53658536585366
7127,29,0.3916256157635468,207.20689655172413
7128,8,0.35714285714285715,263.625
7129,14,0.3076923076923077,83.5
7130,9,0.3055555555555556,120.55555555555556
7131,13,0.358974358974359,33.53846153846154
7132,0,0.0,0.0
7133,54,0.19357092941998602,166.46296296296296
7134,0,0.0,0.0
7135,6,0.2,9.333333333333334
7136,44,0.43446088794926,60.63636363636363
7137,24,0.09420289855072464,55.0
7138,14,0.6813186813186813,28.071428571428573
7139,2,0.0,45.5
7140,18,0.30718954248366015,45.55555555555556
7141,16,0.2,25.375
7142,22,0.38095238095238093,48.27272727272727
7143,10,0.26666666666666666,163.2
7144,54,0.6484975541579315,83.38888888888889
7145,11,0.4909090909090909,88.72727272727273
7146,9,0.1388888888888889,30.88888888888889
7147,19,0.1871345029239766,43.10526315789474
7148,102,0.11454086585129102,145.7156862745098
7149,5,0.3,25.4
7150,39,0.18353576248313092,42.38461538461539
7151,12,0.5757575757575758,52.416666666666664
7152,10,0.2222222222222222,26.6
7153,1,0.0,10.0
7154,89,0.18896833503575078,197.92134831460675
7155,48,0.24822695035460993,116.125
7156,96,0.44276315789473686,152.91666666666666
7157,2,1.0,54.5
7158,27,0.4358974358974359,63.18518518518518
7159,11,0.36363636363636365,45.09090909090909
7160,31,0.1827956989247312,23.967741935483872
7161,38,0.34708392603129445,35.73684210526316
7162,18,0.39215686274509803,19.944444444444443
7163,0,0.0,0.0
7164,172,0.16034271725826194,121.72093023255815
7165,26,0.7323076923076923,415.4230769230769
7166,2,1.0,16.0
7167,61,0.4448087431693989,115.0327868852459
7168,16,0.6916666666666667,30.0
7169,38,0.20768136557610242,86.8157894736842
7170,40,0.46794871794871795,176.9
7171,19,0.15789473684210525,65.78947368421052
7172,8,0.5357142857142857,59.0
7173,11,0.23636363636363636,41.63636363636363
7174,9,0.05555555555555555,19.444444444444443
7175,31,0.535483870967742,92.41935483870968
7176,3,0.0,88.0
7177,7,0.6666666666666666,95.57142857142857
7178,16,0.6333333333333333,68.8125
7179,50,0.31183673469387757,145.04
7180,5,0.4,52.6
7181,44,0.4714587737843552,123.79545454545455
7182,27,0.19943019943019943,30.555555555555557
7183,168,0.2628314798973482,165.63095238095238
7184,53,0.465166908563135,110.73584905660377
7185,12,0.22727272727272727,49.0
7186,50,0.2563265306122449,63.32
7187,15,0.37142857142857144,50.86666666666667
7188,84,0.49885255306942056,84.19047619047619
7189,20,0.28421052631578947,33.4
7190,181,0.2383670963781461,222.68508287292818
7191,4,0.6666666666666666,8.0
7192,17,0.27205882352941174,21.294117647058822
7193,3,0.3333333333333333,46.0
7194,55,0.4922558922558923,124.10909090909091
7195,5,0.9,15.8
7196,0,0.0,0.0
7197,55,0.18047138047138048,106.21818181818182
7198,22,0.6493506493506493,74.0
7199,16,0.6916666666666667,38.6875
7200,29,0.14532019704433496,28.310344827586206
7201,1,0.0,21.0
7202,11,0.5454545454545454,61.36363636363637
7203,31,0.33763440860215055,69.58064516129032
7204,38,0.1763869132290185,96.92105263157895
7205,23,0.2766798418972332,26.08695652173913
7206,24,0.36594202898550726,113.5
7207,24,0.2028985507246377,41.916666666666664
7208,10,0.4888888888888889,50.7
7209,7,0.42857142857142855,26.142857142857142
7210,40,0.42948717948717946,67.325
7211,1,0.0,33.0
7212,5,0.4,42.8
7213,23,0.5217391304347826,30.956521739130434
7214,24,0.15217391304347827,32.666666666666664
7215,101,0.43346534653465346,86.84158415841584
7216,8,0.4642857142857143,16.5
7217,13,0.28205128205128205,62.23076923076923
7218,51,0.23137254901960785,94.25490196078431
7219,5,0.4,30.8
7220,9,0.7777777777777778,42.111111111111114
7221,16,0.55,174.5625
7222,14,0.26373626373626374,67.35714285714286
7223,7,0.23809523809523808,19.857142857142858
7224,3,1.0,7.0
7225,32,0.21370967741935484,28.40625
7226,21,0.3047619047619048,126.28571428571429
7227,12,0.7424242424242424,63.5
7228,124,0.29019145030159976,89.25806451612904
7229,14,0.31868131868131866,18.571428571428573
7230,0,0.0,0.0
7231,1,0.0,18.0
7232,3,0.3333333333333333,5.333333333333333
7233,2,1.0,3.5
7234,123,0.4650139944022391,78.82113821138212
7235,7,0.19047619047619047,111.71428571428571
7236,30,0.3448275862068966,148.63333333333333
7237,7,0.7142857142857143,86.0
7238,271,0.18461117944512778,200.41328413284134
7239,28,0.4365079365079365,42.142857142857146
7240,21,0.1380952380952381,98.9047619047619
7241,52,0.3031674208144796,119.36538461538461
7242,117,0.1330680813439434,101.05128205128206
7243,5,0.9,24.4
7244,7,0.3333333333333333,28.428571428571427
7245,31,0.16989247311827957,205.32258064516128
7246,26,0.4276923076923077,97.34615384615384
7247,3,1.0,4.333333333333333
7248,5,0.3,153.6
7249,36,0.43333333333333335,50.94444444444444
7250,139,0.1657804191429465,80.89928057553956
7251,40,0.3858974358974359,102.35
7252,20,0.2736842105263158,50.35
7253,6,0.13333333333333333,28.833333333333332
7254,4,0.8333333333333334,19.0
7255,4,0.0,9.25
7256,0,0.0,0.0
7257,16,0.25833333333333336,52.0625
7258,13,0.23076923076923078,49.46153846153846
7259,48,0.13297872340425532,62.1875
7260,13,0.28205128205128205,64.15384615384616
7261,20,0.30526315789473685,40.8
7262,1,0.0,29.0
7263,0,0.0,0.0
7264,35,0.30084033613445377,63.2
7265,117,0.35853227232537577,143.47863247863248
7266,72,0.10719874804381847,133.05555555555554
7267,34,0.48484848484848486,49.38235294117647
7268,4,0.16666666666666666,7.0
7269,82,0.43209876543209874,87.20731707317073
7270,87,0.25153702218658114,72.25287356321839
7271,14,0.3626373626373626,80.21428571428571
7272,60,0.2062146892655367,93.9
7273,68,0.286215978928885,84.0
7274,54,0.1795946890286513,63.611111111111114
7275,13,0.4230769230769231,59.0
7276,15,0.3523809523809524,132.73333333333332
7277,27,0.358974358974359,52.22222222222222
7278,6,0.4666666666666667,19.833333333333332
7279,3,0.3333333333333333,38.666666666666664
7280,1,0.0,14.0
7281,13,0.24358974358974358,51.15384615384615
7282,2,0.0,3.5
7283,34,0.27807486631016043,56.529411764705884
7284,19,0.6491228070175439,70.36842105263158
7285,13,0.2948717948717949,91.84615384615384
7286,14,0.45054945054945056,17.214285714285715
7287,15,0.9047619047619048,222.13333333333333
7288,15,0.29523809523809524,70.13333333333334
7289,7,0.2857142857142857,50.57142857142857
7290,14,0.5494505494505495,26.285714285714285
7291,27,0.2336182336182336,150.96296296296296
7292,5,0.3,30.0
7293,52,0.26395173453996984,48.5
7294,4,0.3333333333333333,42.0
7295,0,0.0,0.0
7296,8,0.10714285714285714,21.5
7297,34,0.33868092691622104,57.3235294117647
7298,0,0.0,0.0
7299,12,0.09090909090909091,42.583333333333336
7300,22,0.18614718614718614,151.54545454545453
7301,5,0.1,210.8
7302,14,0.26373626373626374,143.07142857142858
7303,18,0.19607843137254902,43.5
7304,29,0.7093596059113301,460.3448275862069
7305,47,0.29509713228492135,61.765957446808514
7306,37,0.4864864864864865,38.2972972972973
7307,1,0.0,58.0
7308,1,0.0,12.0
7309,41,0.15853658536585366,92.90243902439025
7310,1,0.0,3.0
7311,18,0.3333333333333333,32.833333333333336
7312,14,0.21978021978021978,65.85714285714286
7313,19,0.6140350877192983,65.52631578947368
7314,16,0.35833333333333334,29.125
7315,60,0.2384180790960452,85.61666666666666
7316,34,0.25133689839572193,124.76470588235294
7317,33,0.20833333333333334,88.18181818181819
7318,32,0.23387096774193547,61.1875
7319,14,0.2967032967032967,20.214285714285715
7320,6,0.3333333333333333,49.166666666666664
7321,7,0.6190476190476191,32.285714285714285
7322,5,0.3,17.0
7323,17,0.4338235294117647,98.05882352941177
7324,3,0.3333333333333333,12.333333333333334
7325,49,0.3562925170068027,123.53061224489795
7326,41,0.2926829268292683,130.6829268292683
7327,41,0.23902439024390243,82.6829268292683
7328,1,0.0,2.0
7329,27,0.09971509971509972,44.2962962962963
7330,18,0.3202614379084967,29.444444444444443
7331,4,0.5,67.0
7332,21,0.35714285714285715,88.23809523809524
7333,12,0.16666666666666666,76.25
7334,6,0.8,25.166666666666668
7335,29,0.1921182266009852,56.13793103448276
7336,90,0.5448189762796505,103.55555555555556
7337,28,0.30687830687830686,61.07142857142857
7338,34,0.24420677361853832,67.5
7339,2,1.0,15.0
7340,44,0.3858350951374207,115.1590909090909
7341,118,0.37056352310589596,81.27966101694915
7342,87,0.23362737236033146,126.4367816091954
7343,32,0.2782258064516129,23.71875
7344,88,0.3618077324973877,130.60227272727272
7345,7,0.9523809523809523,29.571428571428573
7346,2,1.0,25.0
7347,1,0.0,7.0
7348,0,0.0,0.0
7349,58,0.44464609800362975,69.1896551724138
7350,29,0.29064039408866993,72.27586206896552
7351,4,0.5,18.5
7352,23,0.25296442687747034,228.7826086956522
7353,1,0.0,19.0
7354,2,0.0,10.0
7355,13,0.46153846153846156,27.846153846153847
7356,25,0.22666666666666666,80.56
7357,7,0.09523809523809523,26.428571428571427
7358,24,0.2246376811594203,45.625
7359,27,0.3504273504273504,161.66666666666666
7360,9,0.6388888888888888,273.1111111111111
7361,66,0.3062937062937063,45.18181818181818
7362,19,0.27485380116959063,95.47368421052632
7363,10,0.4888888888888889,33.0
7364,40,0.21923076923076923,151.325
7365,37,0.6561561561561562,67.64864864864865
7366,28,0.5264550264550265,51.285714285714285
7367,4,0.16666666666666666,23.5
7368,3,0.0,7.0
7369,31,0.3053763440860215,126.19354838709677
7370,34,0.18181818181818182,56.529411764705884
7371,12,0.30303030303030304,14.166666666666666
7372,150,0.2915436241610738,240.67333333333335
7373,77,0.32057416267942584,80.33766233766234
7374,0,0.0,0.0
7375,6,0.8,51.666666666666664
7376,30,0.11724137931034483,48.6
7377,8,0.5,146.875
7378,17,0.13970588235294118,25.235294117647058
7379,4,0.16666666666666666,46.0
7380,12,0.5606060606060606,35.166666666666664
7381,12,0.48484848484848486,84.33333333333333
7382,13,0.19230769230769232,128.30769230769232
7383,138,0.366232941923199,158.08695652173913
7384,36,0.22063492063492063,84.19444444444444
7385,0,0.0,0.0
7386,83,0.5227740229209521,82.6144578313253
7387,17,0.23529411764705882,62.76470588235294
7388,16,0.4583333333333333,52.0625
7389,4,0.16666666666666666,52.75
7390,1,0.0,9.0
7391,48,0.2845744680851064,104.72916666666667
7392,39,0.20242914979757085,105.38461538461539
7393,3,0.3333333333333333,50.333333333333336
7394,40,0.23076923076923078,34.375
7395,109,0.22612979952429493,114.74311926605505
7396,12,0.9242424242424242,46.25
7397,32,0.5604838709677419,54.21875
7398,24,0.2644927536231884,27.25
7399,8,0.21428571428571427,12.625
7400,14,0.27472527472527475,29.071428571428573
7401,17,0.41911764705882354,25.941176470588236
7402,15,0.3619047619047619,33.46666666666667
7403,1,0.0,8.0
7404,3,0.0,10.0
7405,36,0.17777777777777778,52.55555555555556
7406,18,0.16339869281045752,190.33333333333334
7407,12,0.21212121212121213,50.25
7408,25,0.6666666666666666,448.6
7409,21,0.5238095238095238,42.04761904761905
7410,32,0.15120967741935484,83.84375
7411,23,0.15019762845849802,32.91304347826087
7412,114,0.2553951249805931,212.00877192982455
7413,66,0.20652680652680652,114.72727272727273
7414,16,0.16666666666666666,38.25
7415,11,0.41818181818181815,44.18181818181818
7416,4,0.0,15.0
7417,22,0.2077922077922078,49.04545454545455
7418,18,0.47058823529411764,19.5
7419,9,0.4722222222222222,199.0
7420,1,0.0,6.0
7421,23,0.2608695652173913,52.26086956521739
7422,7,0.19047619047619047,53.285714285714285
7423,43,0.23034330011074197,170.11627906976744
7424,41,0.38414634146341464,165.82926829268294
7425,5,0.3,12.2
7426,6,0.5333333333333333,44.0
7427,25,0.41333333333333333,61.4
7428,9,0.3333333333333333,26.666666666666668
7429,37,0.46546546546546547,51.0
7430,140,0.1078108941418294,160.56428571428572
7431,24,0.35507246376811596,93.79166666666667
7432,14,0.5714285714285714,163.0
7433,17,0.4485294117647059,65.88235294117646
7434,5,0.3,14.6
7435,71,0.43259557344064387,61.33802816901409
7436,10,0.9333333333333333,36.3
7437,30,0.5287356321839081,33.733333333333334
7438,0,0.0,0.0
7439,4,1.0,49.75
7440,10,0.5333333333333333,97.2
7441,34,0.27629233511586454,132.47058823529412
7442,24,0.15579710144927536,96.625
7443,1,0.0,20.0
7444,0,0.0,0.0
7445,74,0.2328767123287671,151.5
7446,29,0.2733990147783251,100.3103448275862
7447,21,0.2,26.047619047619047
7448,27,0.18803418803418803,27.88888888888889
7449,18,0.7516339869281046,30.444444444444443
7450,17,0.375,27.294117647058822
7451,28,0.36772486772486773,83.46428571428571
7452,21,0.3761904761904762,22.904761904761905
7453,3,0.3333333333333333,26.0
7454,14,0.14285714285714285,18.357142857142858
7455,60,0.31242937853107344,79.35
7456,0,0.0,0.0
7457,57,0.5964912280701754,84.59649122807018
7458,4,0.0,34.25
7459,4,0.16666666666666666,34.75
7460,2,0.0,2.5
7461,13,0.19230769230769232,41.23076923076923
7462,7,0.47619047619047616,41.857142857142854
7463,11,0.6,27.727272727272727
7464,18,0.20261437908496732,31.22222222222222
7465,30,0.3103448275862069,25.733333333333334
7466,60,0.44463276836158194,81.95
7467,59,0.36937463471654003,273.10169491525426
7468,7,0.6190476190476191,28.428571428571427
7469,33,0.2821969696969697,50.484848484848484
7470,10,0.6444444444444445,43.2
7471,13,0.32051282051282054,153.6153846153846
7472,45,0.3333333333333333,42.37777777777778
7473,36,0.30634920634920637,111.63888888888889
7474,7,0.47619047619047616,63.857142857142854
7475,2,0.0,10.0
7476,1,0.0,5.0
7477,59,0.23085914669783753,265.54237288135596
7478,21,0.3333333333333333,31.761904761904763
7479,1,0.0,10.0
7480,123,0.3747834199653472,95.52032520325203
7481,37,0.1981981981981982,108.62162162162163
7482,19,0.5263157894736842,21.842105263157894
7483,79,0.44498539435248297,158.9493670886076
7484,6,0.3333333333333333,24.0
7485,17,0.13970588235294118,215.11764705882354
7486,20,0.06315789473684211,47.7
7487,17,0.4852941176470588,173.64705882352942
7488,3,1.0,12.333333333333334
7489,52,0.1847662141779789,159.92307692307693
7490,16,0.23333333333333334,65.3125
7491,41,0.6195121951219512,66.53658536585365
7492,2,0.0,42.0
7493,5,0.4,24.8
7494,90,0.2731585518102372,119.88888888888889
7495,1,0.0,4.0
7496,51,0.2698039215686274,121.2156862745098
7497,3,0.3333333333333333,253.66666666666666
7498,4,0.5,22.75
7499,4,0.3333333333333333,28.75
7500,30,0.21149425287356322,50.733333333333334
7501,10,0.4666666666666667,12.2
7502,41,0.2890243902439024,258.6341463414634
7503,9,0.8611111111111112,9.777777777777779
7504,60,0.15084745762711865,47.166666666666664
7505,0,0.0,0.0
7506,13,0.3717948717948718,41.61538461538461
7507,48,0.29609929078014185,206.1875
7508,5,0.1,20.8
7509,79,0.28140214216163584,120.26582278481013
7510,43,0.19601328903654486,99.55813953488372
7511,0,0.0,0.0
7512,67,0.27182270465852554,70.11940298507463
7513,19,0.18128654970760233,57.26315789473684
7514,17,0.45588235294117646,88.52941176470588
7515,21,0.861904761904762,59.04761904761905
7516,34,0.42780748663101603,27.235294117647058
7517,47,0.1711378353376503,38.57446808510638
7518,4,0.3333333333333333,21.75
7519,4,0.3333333333333333,10.5
7520,9,0.2222222222222222,167.33333333333334
7521,23,0.23715415019762845,98.69565217391305
7522,21,0.20476190476190476,81.33333333333333
7523,8,0.21428571428571427,17.375
7524,250,0.155855421686747,180.492
7525,8,0.10714285714285714,46.375
7526,7,0.19047619047619047,47.857142857142854
7527,65,0.21153846153846154,125.49230769230769
7528,7,0.2857142857142857,20.571428571428573
7529,12,0.25757575757575757,75.25
7530,52,0.2722473604826546,126.98076923076923
7531,57,0.2362155388471178,128.89473684210526
7532,47,0.27752081406105455,63.191489361702125
7533,16,0.15,44.25
7534,10,0.26666666666666666,62.6
7535,21,0.24285714285714285,137.0952380952381
7536,95,0.18521836506159015,135.68421052631578
7537,27,0.15669515669515668,41.111111111111114
7538,61,0.19672131147540983,85.19672131147541
7539,8,0.6071428571428571,52.375
7540,8,0.39285714285714285,7.75
7541,58,0.3738656987295826,161.29310344827587
7542,44,0.36363636363636365,36.45454545454545
7543,3,0.3333333333333333,14.666666666666666
7544,207,0.23282210027672248,187.64734299516908
7545,36,0.14603174603174604,64.02777777777777
7546,56,0.44285714285714284,190.44642857142858
7547,9,0.3611111111111111,29.11111111111111
7548,1,0.0,63.0
7549,10,0.4444444444444444,172.5
7550,21,0.5666666666666667,29.761904761904763
7551,66,0.27412587412587414,136.0151515151515
7552,79,0.5241804608893217,99.30379746835443
7553,74,0.6423546834505739,81.29729729729729
7554,5,0.6,75.8
7555,8,0.25,45.625
7556,5,0.5,21.4
7557,16,0.225,36.625
7558,12,0.2727272727272727,156.41666666666666
7559,23,0.4980237154150198,80.43478260869566
7560,14,0.4945054945054945,46.57142857142857
7561,11,0.4727272727272727,32.45454545454545
7562,51,0.37098039215686274,52.80392156862745
7563,16,0.3333333333333333,32.0
7564,23,0.40711462450592883,32.69565217391305
7565,43,0.34994462901439644,42.06976744186046
7566,84,0.2685025817555938,44.023809523809526
7567,3,0.0,9.333333333333334
7568,4,0.3333333333333333,35.75
7569,11,0.7272727272727273,23.90909090909091
7570,9,0.4444444444444444,216.55555555555554
7571,5,0.5,9.4
7572,1,0.0,150.0
7573,112,0.23825611325611326,68.76785714285714
7574,17,0.25,33.94117647058823
7575,3,1.0,12.333333333333334
7576,60,0.5225988700564972,70.73333333333333
7577,37,0.2897897897897898,100.70270270270271
7578,16,0.5,42.8125
7579,1,0.0,53.0
7580,44,0.339323467230444,173.27272727272728
7581,4,0.5,10.5
7582,4,0.16666666666666666,22.0
7583,103,0.2859318484675424,63.0873786407767
7584,1,0.0,1.0
7585,16,0.4083333333333333,25.5625
7586,102,0.21219180741603572,35.77450980392157
7587,6,0.6,49.5
7588,97,0.19201030927835053,126.14432989690722
7589,10,0.4888888888888889,58.8
7590,5,0.2,33.8
7591,45,0.1595959595959596,90.93333333333334
7592,0,0.0,0.0
7593,1,0.0,25.0
7594,10,0.4666666666666667,27.9
7595,55,0.3575757575757576,109.81818181818181
7596,80,0.5886075949367089,84.4
7597,42,0.3681765389082462,74.78571428571429
7598,93,0.1407199625993455,45.655913978494624
7599,28,0.32275132275132273,36.607142857142854
7600,27,0.3475783475783476,43.111111111111114
7601,8,0.25,24.5
7602,7,0.3333333333333333,8.857142857142858
7603,34,0.2281639928698752,122.29411764705883
7604,318,0.1608634406682142,160.21069182389937
7605,2,1.0,7.0
7606,36,0.19206349206349208,80.33333333333333
7607,34,0.5276292335115864,52.088235294117645
7608,1,0.0,98.0
7609,31,0.2537634408602151,80.09677419354838
7610,361,0.16089566020313942,163.84487534626038
7611,47,0.4283071230342276,77.40425531914893
7612,4,0.5,5.75
7613,59,0.2261835184102864,42.05084745762712
7614,1,0.0,13.0
7615,10,0.5111111111111111,28.8
7616,13,0.24358974358974358,30.846153846153847
7617,224,0.26361306854580396,148.89732142857142
7618,6,0.4666666666666667,54.833333333333336
7619,4,0.3333333333333333,34.75
7620,30,0.2988505747126437,55.56666666666667
7621,15,0.49523809523809526,28.066666666666666
7622,4,0.3333333333333333,14.75
7623,8,0.35714285714285715,36.5
7624,116,0.2610194902548726,137.69827586206895
7625,59,0.304500292226768,244.10169491525423
7626,211,0.2663958474385015,163.55450236966826
7627,18,0.30718954248366015,90.88888888888889
7628,2,0.0,49.0
7629,4,0.16666666666666666,9.5
7630,4,0.0,14.0
7631,36,0.35555555555555557,53.861111111111114
7632,1,0.0,5.0
7633,27,0.2621082621082621,62.0
7634,5,1.0,16.2
7635,8,0.35714285714285715,150.75
7636,43,0.150609080841639,52.0
7637,17,0.3602941176470588,20.705882352941178
7638,1,0.0,3.0
7639,9,0.25,74.55555555555556
7640,2,0.0,16.5
7641,24,0.6992753623188406,82.29166666666667
7642,24,0.2028985507246377,86.70833333333333
7643,18,0.6797385620915033,43.166666666666664
7644,8,0.5714285714285714,67.875
7645,12,0.15151515151515152,42.583333333333336
7646,31,0.13118279569892474,86.90322580645162
7647,3,0.3333333333333333,14.0
7648,20,0.38421052631578945,37.7
7649,123,0.1367453018792483,164.1219512195122
7650,20,0.1,31.7
7651,10,0.37777777777777777,287.7
7652,26,0.24923076923076923,67.65384615384616
7653,15,0.34285714285714286,90.33333333333333
7654,18,0.24836601307189543,45.333333333333336
7655,54,0.25925925925925924,122.81481481481481
7656,16,0.6333333333333333,76.75
7657,16,0.7083333333333334,46.5
7658,105,0.2543956043956044,117.63809523809523
7659,88,0.20794148380355276,83.9090909090909
7660,24,0.38768115942028986,37.958333333333336
7661,11,0.14545454545454545,73.45454545454545
7662,23,0.2924901185770751,41.65217391304348
7663,100,0.39616161616161616,76.91
7664,29,0.3275862068965517,144.27586206896552
7665,36,0.5238095238095238,56.111111111111114
7666,17,0.33088235294117646,43.64705882352941
7667,13,0.1794871794871795,45.84615384615385
7668,55,0.3117845117845118,179.56363636363636
7669,3,1.0,14.333333333333334
7670,24,0.463768115942029,47.458333333333336
7671,4,0.5,19.25
7672,3,0.6666666666666666,12.666666666666666
7673,36,0.19047619047619047,73.25
7674,12,0.3333333333333333,48.5
7675,32,0.3951612903225806,54.84375
7676,14,0.25274725274725274,76.78571428571429
7677,10,0.1111111111111111,44.9
7678,51,0.4980392156862745,87.50980392156863
7679,32,0.17943548387096775,55.125
7680,5,0.3,20.8
7681,8,0.25,27.125
7682,11,0.5272727272727272,74.54545454545455
7683,96,0.18552631578947368,149.09375
7684,37,0.40540540540540543,197.54054054054055
7685,20,0.18947368421052632,235.45
7686,15,0.3047619047619048,177.6
7687,2,0.0,7.0
7688,34,0.29411764705882354,42.911764705882355
7689,9,0.4166666666666667,36.666666666666664
7690,60,0.22372881355932203,139.23333333333332
7691,24,0.4166666666666667,45.291666666666664
7692,24,0.45652173913043476,338.4166666666667
7693,17,0.20588235294117646,127.05882352941177
7694,0,0.0,0.0
7695,7,0.09523809523809523,20.142857142857142
7696,0,0.0,0.0
7697,2,1.0,19.0
7698,5,0.9,108.6
7699,19,0.2807017543859649,47.73684210526316
7700,4,0.5,20.25
7701,19,0.3391812865497076,177.1578947368421
7702,24,0.2717391304347826,50.958333333333336
7703,9,0.3055555555555556,12.11111111111111
7704,17,0.18382352941176472,60.588235294117645
7705,92,0.24701385570950787,221.8695652173913
7706,55,0.17575757575757575,69.43636363636364
7707,118,0.12777053455019557,152.79661016949152
7708,10,0.5333333333333333,29.2
7709,37,0.3123123123123123,46.37837837837838
7710,150,0.32930648769574944,168.42
7711,22,0.41125541125541126,57.0
7712,27,0.13675213675213677,28.77777777777778
7713,1,0.0,38.0
7714,30,0.2482758620689655,79.9
7715,84,0.08663224325874928,58.30952380952381
7716,21,0.45714285714285713,225.28571428571428
7717,228,0.2068552438364634,100.81140350877193
7718,7,0.2857142857142857,16.857142857142858
7719,138,0.30593462392891146,152.32608695652175
7720,55,0.25252525252525254,139.14545454545456
7721,4,0.5,79.0
7722,6,0.13333333333333333,118.66666666666667
7723,22,0.20346320346320346,204.13636363636363
7724,100,0.33111111111111113,142.32
7725,12,0.25757575757575757,31.833333333333332
7726,2,0.0,6.5
7727,83,0.14634146341463414,76.72289156626506
7728,17,0.2867647058823529,23.764705882352942
7729,18,0.32679738562091504,32.888888888888886
7730,37,0.3303303303303303,71.70270270270271
7731,30,0.639080459770115,90.9
7732,50,0.18122448979591838,62.18
7733,41,0.25609756097560976,55.292682926829265
7734,68,0.5039508340649693,79.01470588235294
7735,1,0.0,27.0
7736,9,0.3888888888888889,42.888888888888886
7737,10,0.4222222222222222,112.0
7738,7,0.19047619047619047,79.0
7739,6,0.4666666666666667,12.0
7740,9,0.3888888888888889,31.0
7741,10,0.08888888888888889,37.2
7742,24,0.35507246376811596,195.54166666666666
7743,50,0.31183673469387757,93.04
7744,34,0.3672014260249554,52.55882352941177
7745,5,0.6,156.2
7746,25,0.37666666666666665,78.48
7747,7,0.6190476190476191,25.142857142857142
7748,5,0.7,13.8
7749,1,0.0,15.0
7750,8,0.39285714285714285,28.125
7751,5,0.4,142.6
7752,10,0.3333333333333333,283.7
7753,85,0.1535014005602241,158.3294117647059
7754,13,0.0641025641025641,12.307692307692308
7755,28,0.18783068783068782,43.964285714285715
7756,67,0.30890999547715964,44.19402985074627
7757,21,0.3380952380952381,22.857142857142858
7758,46,0.3961352657004831,64.84782608695652
7759,11,0.18181818181818182,24.09090909090909
7760,1,0.0,19.0
7761,25,0.22333333333333333,36.36
7762,44,0.3562367864693446,53.72727272727273
7763,4,1.0,18.5
7764,18,0.23529411764705882,27.5
7765,5,1.0,11.2
7766,7,0.2857142857142857,21.285714285714285
7767,4,0.3333333333333333,8.0
7768,3,0.0,3.0
7769,30,0.37471264367816093,358.4
7770,52,0.17194570135746606,100.3076923076923
7771,17,0.2867647058823529,69.11764705882354
7772,126,0.20596825396825397,121.4920634920635
7773,7,0.5238095238095238,22.142857142857142
7774,10,0.2222222222222222,28.5
7775,43,0.14285714285714285,137.2325581395349
7776,35,0.23529411764705882,49.114285714285714
7777,14,0.3626373626373626,27.071428571428573
7778,104,0.2873412994772218,193.51923076923077
7779,20,0.4052631578947368,28.7
7780,8,0.5,31.375
7781,47,0.35337650323774283,121.63829787234043
7782,30,0.04827586206896552,49.233333333333334
7783,25,0.27,62.28
7784,39,0.23616734143049933,97.2051282051282
7785,14,0.1978021978021978,26.0
7786,130,0.3509838998211091,113.65384615384616
7787,0,0.0,0.0
7788,10,0.4,23.6
7789,7,0.3333333333333333,135.57142857142858
7790,48,0.2154255319148936,83.79166666666667
7791,20,0.4421052631578947,50.75
7792,7,0.23809523809523808,35.42857142857143
7793,32,0.34274193548387094,52.03125
7794,11,0.41818181818181815,34.90909090909091
7795,1,0.0,122.0
7796,2,0.0,25.5
7797,8,0.6428571428571429,78.625
7798,17,0.3088235294117647,59.705882352941174
7799,13,0.20512820512820512,50.84615384615385
7800,25,0.29,21.68
7801,4,0.5,26.75
7802,2,0.0,26.5
7803,18,0.3333333333333333,92.55555555555556
7804,0,0.0,0.0
7805,2,1.0,20.5
7806,45,0.3696969696969697,130.93333333333334
7807,18,0.38562091503267976,89.0
7808,11,0.6181818181818182,37.90909090909091
7809,34,0.14616755793226383,109.82352941176471
7810,5,0.6,39.6
7811,11,0.509090909090909,178.36363636363637
7812,20,0.17894736842105263,42.8
7813,9,0.25,25.11111111111111
7814,6,0.4,33.0
7815,3,0.3333333333333333,39.333333333333336
7816,2,0.0,17.5
7817,33,0.16098484848484848,83.6969696969697
7818,10,0.2222222222222222,23.6
7819,1,0.0,11.0
7820,4,0.3333333333333333,13.5
7821,49,0.3324829931972789,106.0204081632653
7822,46,0.3710144927536232,111.93478260869566
7823,50,0.19918367346938776,122.38
7824,36,0.2984126984126984,29.36111111111111
7825,11,0.36363636363636365,141.36363636363637
7826,7,0.19047619047619047,45.857142857142854
7827,121,0.07741046831955922,56.1900826446281
7828,24,0.22826086956521738,89.20833333333333
7829,103,0.176089853417095,134.67961165048544
7830,7,0.5238095238095238,15.0
7831,120,0.37563025210084033,125.325
7832,35,0.2638655462184874,120.82857142857142
7833,43,0.31561461794019935,88.95348837209302
7834,2,1.0,23.5
7835,27,0.2849002849002849,56.51851851851852
7836,1,0.0,28.0
7837,23,0.4743083003952569,79.1304347826087
7838,1,0.0,10.0
7839,16,0.3416666666666667,18.4375
7840,56,0.3064935064935065,65.23214285714286
7841,21,0.32857142857142857,78.80952380952381
7842,2,0.0,13.0
7843,55,0.21144781144781144,66.36363636363636
7844,43,0.18161683277962348,65.93023255813954
7845,2,1.0,20.5
7846,7,0.2857142857142857,49.714285714285715
7847,18,0.2222222222222222,40.888888888888886
7848,104,0.37920089619118746,125.11538461538461
7849,55,0.47003367003367,76.36363636363636
7850,13,0.2564102564102564,56.15384615384615
7851,15,0.10476190476190476,30.733333333333334
7852,3,0.3333333333333333,16.333333333333332
7853,2,0.0,52.0
7854,5,0.4,7.2
7855,213,0.17884666489503057,177.31455399061034
7856,18,0.29411764705882354,133.94444444444446
7857,15,0.29523809523809524,39.266666666666666
7858,33,0.2178030303030303,51.515151515151516
7859,1,0.0,17.0
7860,16,0.31666666666666665,29.4375
7861,20,0.2578947368421053,283.45
7862,7,0.23809523809523808,78.42857142857143
7863,38,0.16073968705547653,58.578947368421055
7864,23,0.30434782608695654,60.608695652173914
7865,4,0.6666666666666666,14.25
7866,9,0.75,30.77777777777778
7867,49,0.2304421768707483,60.59183673469388
7868,38,0.8477951635846372,100.92105263157895
7869,11,0.7090909090909091,44.72727272727273
7870,54,0.6212438853948288,130.35185185185185
7871,87,0.4153969526864475,146.91954022988506
7872,43,0.36323366555924697,103.67441860465117
7873,2,0.0,5.0
7874,44,0.4725158562367865,81.45454545454545
7875,13,0.1794871794871795,59.38461538461539
7876,1,0.0,10.0
7877,45,0.36262626262626263,122.06666666666666
7878,2,0.0,8.0
7879,16,0.49166666666666664,42.1875
7880,28,0.2698412698412698,66.25
7881,39,0.3117408906882591,95.17948717948718
7882,0,0.0,0.0
7883,2,0.0,102.0
7884,19,0.3216374269005848,75.84210526315789
7885,8,0.2857142857142857,23.5
7886,54,0.22152341020265548,43.148148148148145
7887,182,0.1811668993989436,126.18131868131869
7888,11,0.41818181818181815,74.54545454545455
7889,5,0.4,19.2
7890,29,0.21674876847290642,51.96551724137931
7891,90,0.42521847690387016,104.06666666666666
7892,38,0.3655761024182077,75.39473684210526
7893,8,0.10714285714285714,6.125
7894,22,0.5454545454545454,179.04545454545453
7895,41,0.23780487804878048,144.2439024390244
7896,24,0.2644927536231884,175.79166666666666
7897,24,0.27898550724637683,80.25
7898,15,0.2761904761904762,15.066666666666666
7899,6,0.3333333333333333,9.0
7900,1,0.0,301.0
7901,15,0.45714285714285713,84.2
7902,5,0.0,32.8
7903,9,0.1111111111111111,14.333333333333334
7904,6,1.0,16.833333333333332
7905,17,0.375,123.17647058823529
7906,134,0.40971832566490857,140.79850746268656
7907,9,0.5277777777777778,32.666666666666664
7908,21,0.2857142857142857,154.38095238095238
7909,71,0.29054325955734406,46.91549295774648
7910,4,0.5,8.5
7911,37,0.1981981981981982,79.32432432432432
7912,33,0.19128787878787878,35.696969696969695
7913,84,0.24670109007458405,94.88095238095238
7914,153,0.2958376332989336,218.59477124183007
7915,8,0.42857142857142855,45.5
7916,30,0.2597701149425287,51.666666666666664
7917,11,0.2727272727272727,51.63636363636363
7918,16,0.4166666666666667,63.375
7919,36,0.21746031746031746,74.97222222222223
7920,10,0.2,111.0
7921,18,0.5490196078431373,42.833333333333336
7922,26,0.19384615384615383,53.23076923076923
7923,18,0.16993464052287582,141.61111111111111
7924,40,0.18974358974358974,90.6
7925,1,0.0,14.0
7926,24,0.286231884057971,89.5
7927,13,0.21794871794871795,139.6153846153846
7928,18,0.29411764705882354,126.83333333333333
7929,0,0.0,0.0
7930,29,0.229064039408867,30.344827586206897
7931,25,0.51,56.32
7932,2,0.0,6.5
7933,350,0.16297994269340974,185.34571428571428
7934,3,0.3333333333333333,37.0
7935,6,0.26666666666666666,13.0
7936,52,0.2828054298642534,66.4423076923077
7937,31,0.4989247311827957,71.09677419354838
7938,8,0.25,69.25
7939,30,0.21839080459770116,206.96666666666667
7940,80,0.17278481012658228,45.325
7941,5,0.5,94.8
7942,23,0.4980237154150198,25.043478260869566
7943,22,0.5108225108225108,38.77272727272727
7944,235,0.21796690307328606,148.51063829787233
7945,58,0.3514821536600121,46.43103448275862
7946,55,0.531986531986532,91.8
7947,6,0.4666666666666667,40.5
7948,27,0.24786324786324787,47.074074074074076
7949,32,0.22782258064516128,76.25
7950,23,0.1541501976284585,38.130434782608695
7951,3,0.3333333333333333,16.333333333333332
7952,8,0.5,96.125
7953,73,0.469558599695586,121.72602739726027
7954,24,0.4492753623188406,365.9583333333333
7955,22,0.6666666666666666,98.27272727272727
7956,10,0.2222222222222222,102.2
7957,5,0.3,27.8
7958,5,0.3,16.8
7959,4,0.0,10.75
7960,17,0.7867647058823529,78.0
7961,32,0.3286290322580645,43.34375
7962,38,0.26600284495021337,26.31578947368421
7963,4,0.3333333333333333,46.0
7964,38,0.30867709815078237,73.28947368421052
7965,1,0.0,256.0
7966,71,0.2772635814889336,163.69014084507043
7967,38,0.3328591749644381,63.86842105263158
7968,10,0.1111111111111111,93.5
7969,45,0.49393939393939396,41.46666666666667
7970,17,0.35294117647058826,98.76470588235294
7971,59,0.18468731735827001,109.71186440677967
7972,4,0.16666666666666666,56.75
7973,2,1.0,5.5
7974,36,0.25873015873015875,123.83333333333333
7975,3,0.3333333333333333,4.666666666666667
7976,2,0.0,10.5
7977,2,1.0,73.5
7978,24,0.5036231884057971,55.333333333333336
7979,4,1.0,34.75
7980,11,0.2545454545454545,35.72727272727273
7981,8,0.07142857142857142,63.125
7982,18,0.29411764705882354,141.83333333333334
7983,84,0.38209982788296043,72.73809523809524
7984,157,0.2266046055854973,141.1464968152866
7985,19,0.1695906432748538,135.68421052631578
7986,11,0.2545454545454545,66.45454545454545
7987,59,0.6914085330216247,87.27118644067797
7988,37,0.08258258258258258,74.02702702702703
7989,0,0.0,0.0
7990,8,0.10714285714285714,12.875
7991,24,0.2608695652173913,63.458333333333336
7992,87,0.16626570435712376,115.71264367816092
7993,236,0.20876307248467363,124.17796610169492
7994,27,0.15954415954415954,63.074074074074076
7995,75,0.47675675675675677,55.68
7996,3,0.6666666666666666,5.666666666666667
7997,47,0.15818686401480112,56.851063829787236
7998,75,0.5218018018018018,78.92
7999,15,0.5714285714285714,116.13333333333334
8000,28,0.2275132275132275,54.392857142857146
8001,6,0.13333333333333333,15.166666666666666
8002,27,0.21652421652421652,84.5925925925926
8003,10,0.35555555555555557,164.5
8004,0,0.0,0.0
8005,35,0.12773109243697478,65.74285714285715
8006,37,0.49099099099099097,45.432432432432435
8007,13,0.24358974358974358,64.15384615384616
8008,8,0.14285714285714285,11.625
8009,5,0.7,29.6
8010,25,0.4166666666666667,50.8
8011,4,0.5,10.5
8012,69,0.4394714407502131,162.2608695652174
8013,38,0.47368421052631576,46.0
8014,33,0.32386363636363635,151.6969696969697
8015,0,0.0,0.0
8016,2,0.0,5.5
8017,3,0.3333333333333333,5.0
8018,3,0.6666666666666666,15.666666666666666
8019,4,0.16666666666666666,14.75
8020,5,0.4,28.2
8021,16,0.4666666666666667,34.5625
8022,18,0.1895424836601307,33.666666666666664
8023,12,0.3181818181818182,35.916666666666664
8024,0,0.0,0.0
8025,2,0.0,2.0
8026,2,1.0,35.0
8027,44,0.2748414376321353,116.5
8028,28,0.16137566137566137,100.82142857142857
8029,2,0.0,32.0
8030,13,0.28205128205128205,126.6923076923077
8031,7,0.7142857142857143,41.42857142857143
8032,2,1.0,9.5
8033,15,0.42857142857142855,55.333333333333336
8034,10,0.4222222222222222,180.9
8035,3,0.3333333333333333,35.333333333333336
8036,14,0.46153846153846156,83.35714285714286
8037,4,0.5,46.75
8038,87,0.3937449879711307,86.29885057471265
8039,263,0.19623835369924245,149.62737642585552
8040,6,0.5333333333333333,12.0
8041,10,0.4,91.1
8042,35,0.7277310924369748,62.48571428571429
8043,11,0.2,17.363636363636363
8044,28,0.42857142857142855,83.35714285714286
8045,30,0.3080459770114943,68.23333333333333
8046,24,0.31521739130434784,43.0
8047,2,1.0,41.0
8048,14,0.3626373626373626,163.14285714285714
8049,23,0.5810276679841897,77.26086956521739
8050,3,0.3333333333333333,3.3333333333333335
8051,55,0.2383838383838384,96.89090909090909
8052,1,0.0,9.0
8053,15,0.20952380952380953,107.86666666666666
8054,36,0.2857142857142857,87.88888888888889
8055,9,0.6666666666666666,165.66666666666666
8056,22,0.354978354978355,93.9090909090909
8057,23,0.22134387351778656,71.8695652173913
8058,38,0.22190611664295876,47.473684210526315
8059,7,0.7142857142857143,45.57142857142857
8060,24,0.3333333333333333,28.291666666666668
8061,32,0.3528225806451613,265.5625
8062,44,0.2452431289640592,239.63636363636363
8063,82,0.22433002107798855,88.01219512195122
8064,50,0.2383673469387755,126.04
8065,1,0.0,15.0
8066,8,0.75,47.125
8067,53,0.17271407837445574,107.84905660377359
8068,35,0.42857142857142855,77.11428571428571
8069,17,0.16911764705882354,58.8235294117647
8070,8,0.42857142857142855,27.625
8071,15,0.4857142857142857,24.266666666666666
8072,110,0.4358632193494579,88.34545454545454
8073,10,0.28888888888888886,31.9
8074,55,0.2801346801346801,95.2909090909091
8075,18,0.6535947712418301,35.44444444444444
8076,13,0.2564102564102564,11.0
8077,75,0.5679279279279279,133.44
8078,14,0.1978021978021978,33.92857142857143
8079,22,0.47619047619047616,60.13636363636363
8080,5,0.2,160.6
8081,17,0.4411764705882353,52.76470588235294
8082,1,0.0,36.0
8083,11,0.509090909090909,49.81818181818182
8084,34,0.21212121212121213,69.88235294117646
8085,12,0.5909090909090909,144.58333333333334
8086,8,0.14285714285714285,106.5
8087,24,0.42028985507246375,52.333333333333336
8088,28,0.20899470899470898,53.857142857142854
8089,9,0.5,138.11111111111111
8090,4,0.16666666666666666,26.5
8091,36,0.3396825396825397,57.888888888888886
8092,301,0.14425249169435217,145.0
8093,28,0.5185185185185185,145.89285714285714
8094,15,0.4857142857142857,44.666666666666664
8095,17,0.3235294117647059,57.11764705882353
8096,2,0.0,39.0
8097,36,0.33650793650793653,72.66666666666667
8098,0,0.0,0.0
8099,22,0.1341991341991342,80.0909090909091
8100,76,0.47543859649122805,143.80263157894737
8101,50,0.14530612244897959,107.56
8102,6,0.3333333333333333,6.5
8103,34,0.2994652406417112,80.61764705882354
8104,52,0.3378582202111614,39.67307692307692
8105,2,1.0,41.5
8106,4,0.8333333333333334,12.5
8107,16,0.5833333333333334,39.625
8108,18,0.2875816993464052,65.5
8109,52,0.5233785822021116,194.57692307692307
8110,96,0.41732456140350876,72.66666666666667
8111,1,0.0,5.0
8112,14,0.5494505494505495,58.214285714285715
8113,73,0.3531202435312024,136.27397260273972
8114,4,0.16666666666666666,58.75
8115,3,0.6666666666666666,56.666666666666664
8116,2,1.0,6.5
8117,62,0.2633527234267583,102.61290322580645
8118,1,0.0,6.0
8119,1,0.0,8.0
8120,10,0.3111111111111111,21.5
8121,6,0.2,19.333333333333332
8122,2,0.0,44.5
8123,39,0.4534412955465587,130.02564102564102
8124,24,0.2536231884057971,43.958333333333336
8125,23,0.36363636363636365,125.47826086956522
8126,11,0.6363636363636364,49.90909090909091
8127,27,0.3732193732193732,90.03703703703704
8128,1,0.0,2.0
8129,59,0.4465225014611338,94.45762711864407
8130,2,0.0,47.0
8131,21,0.2523809523809524,127.80952380952381
8132,18,0.3790849673202614,43.05555555555556
8133,4,0.5,14.25
8134,5,0.3,19.4
8135,27,0.2678062678062678,45.407407407407405
8136,7,0.23809523809523808,65.28571428571429
8137,20,0.5526315789473685,45.75
8138,16,0.3333333333333333,19.0
8139,18,0.6013071895424836,47.611111111111114
8140,3,1.0,61.333333333333336
8141,24,0.30434782608695654,89.79166666666667
8142,1,0.0,6.0
8143,3,0.6666666666666666,31.0
8144,3,0.3333333333333333,6.0
8145,40,0.34102564102564104,77.2
8146,235,0.1895253682487725,195.25106382978723
8147,11,0.14545454545454545,117.0909090909091
8148,7,0.5238095238095238,61.57142857142857
8149,14,0.43956043956043955,31.714285714285715
8150,16,0.24166666666666667,68.8125
8151,0,0.0,0.0
8152,22,0.27705627705627706,71.5909090909091
8153,26,0.2123076923076923,135.46153846153845
8154,3,0.3333333333333333,25.333333333333332
8155,14,0.45054945054945056,60.07142857142857
8156,3,0.3333333333333333,52.666666666666664
8157,29,0.2044334975369458,44.827586206896555
8158,64,0.37450396825396826,155.5
8159,24,0.34057971014492755,47.875
8160,12,0.2727272727272727,18.666666666666668
8161,27,0.19943019943019943,32.888888888888886
8162,1,0.0,67.0
8163,25,0.27666666666666667,157.04
8164,61,0.4890710382513661,70.78688524590164
8165,3,0.3333333333333333,106.0
8166,12,0.36363636363636365,128.16666666666666
8167,1,0.0,13.0
8168,65,0.27163461538461536,113.95384615384616
8169,10,0.4444444444444444,42.7
8170,72,0.6506259780907668,96.56944444444444
8171,6,0.26666666666666666,66.66666666666667
8172,59,0.3267095265926359,119.50847457627118
8173,35,0.21512605042016808,75.05714285714286
8174,39,0.18353576248313092,183.64102564102564
8175,14,0.15384615384615385,35.285714285714285
8176,3,0.3333333333333333,63.0
8177,18,0.5686274509803921,40.05555555555556
8178,3,0.3333333333333333,53.0
8179,14,0.4725274725274725,36.214285714285715
8180,13,0.3974358974358974,53.46153846153846
8181,190,0.2960735171261487,241.45263157894738
8182,10,0.8444444444444444,33.8
8183,0,0.0,0.0
8184,11,1.0,17.272727272727273
8185,14,0.1978021978021978,164.92857142857142
8186,3,1.0,19.666666666666668
8187,5,0.3,38.6
8188,11,0.36363636363636365,53.09090909090909
8189,6,0.4,11.333333333333334
8190,11,0.12727272727272726,42.36363636363637
8191,31,0.210752688172043,58.806451612903224
8192,2,1.0,27.0
8193,16,0.225,76.25
8194,26,0.28923076923076924,72.42307692307692
8195,30,0.2,63.86666666666667
8196,11,0.2545454545454545,137.27272727272728
8197,29,0.5320197044334976,85.41379310344827
8198,17,0.18382352941176472,68.05882352941177
8199,67,0.2225237449118046,116.53731343283582
8200,64,0.25992063492063494,53.6875
8201,46,0.3748792270531401,117.23913043478261
8202,93,0.34408602150537637,115.20430107526882
8203,1,0.0,27.0
8204,2,0.0,7.5
8205,9,0.3611111111111111,44.77777777777778
8206,6,0.8666666666666667,54.5
8207,29,0.1748768472906404,119.17241379310344
8208,6,0.5333333333333333,90.83333333333333
8209,160,0.1994496855345912,184.03125
8210,17,0.2867647058823529,42.94117647058823
8211,17,0.4117647058823529,38.294117647058826
8212,8,0.6428571428571429,29.875
8213,228,0.20500038642862664,110.89912280701755
8214,61,0.35355191256830604,189.9016393442623
8215,19,0.6140350877192983,70.57894736842105
8216,13,0.6410256410256411,65.46153846153847
8217,29,0.7758620689655172,151.13793103448276
8218,0,0.0,0.0
8219,134,0.18628661205251937,120.65671641791045
8220,52,0.36048265460030166,105.0576923076923
8221,3,0.0,12.333333333333334
8222,33,0.6212121212121212,70.0
8223,7,0.23809523809523808,46.57142857142857
8224,12,0.19696969696969696,53.416666666666664
8225,8,0.35714285714285715,37.625
8226,0,0.0,0.0
8227,51,0.2596078431372549,47.490196078431374
8228,5,1.0,57.0
8229,130,0.3044722719141324,74.64615384615385
8230,29,0.4458128078817734,31.20689655172414
8231,19,0.13450292397660818,76.21052631578948
8232,67,0.208955223880597,101.23880597014926
8233,6,0.6,161.0
8234,80,0.3971518987341772,132.85
8235,4,0.3333333333333333,82.75
8236,5,0.6,20.2
8237,71,0.2221327967806841,145.81690140845072
8238,51,0.2549019607843137,28.84313725490196
8239,2,1.0,6.5
8240,4,0.8333333333333334,43.5
8241,0,0.0,0.0
8242,42,0.20209059233449478,31.857142857142858
8243,105,0.24468864468864468,93.26666666666667
8244,28,0.5132275132275133,90.71428571428571
8245,26,0.2676923076923077,171.80769230769232
8246,2,0.0,20.0
8247,9,1.0,34.888888888888886
8248,16,0.4083333333333333,46.625
8249,1,0.0,3.0
8250,154,0.43748408454290805,140.87012987012986
8251,2,0.0,9.5
8252,15,0.12380952380952381,18.733333333333334
8253,53,0.37300435413642963,38.9622641509434
8254,50,0.5102040816326531,42.88
8255,2,1.0,2.0
8256,5,0.1,324.0
8257,113,0.40218078381795197,79.59292035398231
8258,37,0.26576576576576577,72.97297297297297
8259,1,0.0,4.0
8260,112,0.23552123552123552,81.25892857142857
8261,50,0.4342857142857143,159.72
8262,0,0.0,0.0
8263,26,0.49846153846153846,27.53846153846154
8264,11,0.32727272727272727,15.0
8265,39,0.19568151147098514,46.717948717948715
8266,39,0.14979757085020243,114.46153846153847
8267,25,0.24,21.48
8268,20,0.2,71.45
8269,36,0.3761904761904762,52.97222222222222
8270,39,0.33063427800269907,162.33333333333334
8271,110,0.1170975813177648,53.7
8272,3,0.3333333333333333,14.666666666666666
8273,26,0.28307692307692306,46.26923076923077
8274,9,0.16666666666666666,26.88888888888889
8275,2,0.0,30.0
8276,31,0.3419354838709677,67.06451612903226
8277,7,0.3333333333333333,64.57142857142857
8278,5,0.7,63.4
8279,7,0.5238095238095238,15.285714285714286
8280,4,1.0,25.75
8281,29,0.32019704433497537,51.55172413793103
8282,7,0.2857142857142857,36.285714285714285
8283,22,0.2597402597402597,32.40909090909091
8284,6,0.26666666666666666,89.33333333333333
8285,0,0.0,0.0
8286,1,0.0,67.0
8287,0,0.0,0.0
8288,2,0.0,28.5
8289,65,0.1639423076923077,53.13846153846154
8290,15,0.24761904761904763,79.73333333333333
8291,32,0.39314516129032256,31.46875
8292,16,0.20833333333333334,53.375
8293,37,0.25675675675675674,73.45945945945945
8294,18,0.6339869281045751,73.05555555555556
8295,15,0.44761904761904764,22.466666666666665
8296,5,0.7,22.6
8297,1,0.0,15.0
8298,36,0.4158730158730159,177.05555555555554
8299,29,0.3103448275862069,54.0
8300,29,0.5911330049261084,69.58620689655173
8301,27,0.21367521367521367,140.62962962962962
8302,29,0.2881773399014778,234.0344827586207
8303,4,0.5,19.25
8304,78,0.28404928404928403,79.26923076923077
8305,63,0.25550435227854584,49.58730158730159
8306,6,0.3333333333333333,107.33333333333333
8307,38,0.25604551920341395,104.86842105263158
8308,2,1.0,17.0
8309,6,0.4666666666666667,33.5
8310,57,0.6397243107769424,64.36842105263158
8311,31,0.16129032258064516,50.806451612903224
8312,19,1.0,110.6842105263158
8313,10,0.28888888888888886,66.3
8314,154,0.19573890162125457,130.4805194805195
8315,19,0.2573099415204678,55.89473684210526
8316,18,0.5947712418300654,71.72222222222223
8317,17,0.5588235294117647,78.17647058823529
8318,8,0.17857142857142858,286.0
8319,83,0.3590949162503673,46.433734939759034
8320,5,0.4,38.4
8321,35,0.26218487394957984,47.57142857142857
8322,21,0.24285714285714285,43.476190476190474
8323,69,0.2753623188405797,87.98550724637681
8324,2,0.0,15.5
8325,26,0.5507692307692308,73.73076923076923
8326,22,0.2683982683982684,40.90909090909091
8327,136,0.1482570806100218,128.14705882352942
8328,6,0.8666666666666667,16.833333333333332
8329,37,0.524024024024024,104.64864864864865
8330,8,0.6071428571428571,18.875
8331,6,0.6,23.666666666666668
8332,4,0.3333333333333333,64.75
8333,43,0.1461794019933555,117.93023255813954
8334,50,0.276734693877551,137.42
8335,2,0.0,11.0
8336,6,0.2,53.833333333333336
8337,22,0.41125541125541126,22.636363636363637
8338,43,0.20930232558139536,220.48837209302326
8339,20,0.15789473684210525,81.85
8340,0,0.0,0.0
8341,10,0.17777777777777778,32.3
8342,9,0.4166666666666667,40.0
8343,11,0.38181818181818183,16.545454545454547
8344,5,0.2,8.6
8345,81,0.4283950617283951,75.09876543209876
8346,8,0.6785714285714286,14.125
8347,16,0.2833333333333333,80.625
8348,3,0.3333333333333333,11.666666666666666
8349,17,0.6985294117647058,108.70588235294117
8350,0,0.0,0.0
8351,9,0.4444444444444444,45.44444444444444
8352,11,0.4727272727272727,44.0
8353,45,0.20606060606060606,55.355555555555554
8354,6,0.4,28.333333333333332
8355,9,0.3055555555555556,20.666666666666668
8356,13,0.3974358974358974,52.38461538461539
8357,73,0.4592846270928463,215.16438356164383
8358,27,0.5128205128205128,35.148148148148145
8359,8,0.2857142857142857,32.625
8360,7,0.23809523809523808,10.857142857142858
8361,2,0.0,2.0
8362,170,0.16045945005221024,165.78235294117647
8363,26,0.07076923076923076,20.923076923076923
8364,99,0.2681921253349825,238.14141414141415
8365,5,0.7,10.2
8366,9,0.2222222222222222,39.55555555555556
8367,73,0.4433028919330289,73.5068493150685
8368,25,0.38,68.88
8369,5,0.3,51.6
8370,20,0.5,43.3
8371,25,0.32,31.2
8372,63,0.24423963133640553,114.95238095238095
8373,128,0.27288385826771655,146.3515625
8374,137,0.4123014169171318,145.27737226277372
8375,34,0.34759358288770054,157.2941176470588
8376,43,0.45625692137320045,142.04651162790697
8377,96,0.4050438596491228,79.21875
8378,52,0.3024132730015083,39.05769230769231
8379,74,0.2817475009255831,124.0
8380,9,0.3888888888888889,23.88888888888889
8381,16,0.3416666666666667,12.6875
8382,12,0.5,29.666666666666668
8383,9,0.3055555555555556,18.0
8384,17,0.8529411764705882,20.294117647058822
8385,21,0.2571428571428571,49.285714285714285
8386,1,0.0,16.0
8387,9,0.19444444444444445,24.666666666666668
8388,10,0.4222222222222222,16.8
8389,52,0.5806938159879337,49.15384615384615
8390,97,0.3704896907216495,83.17525773195877
8391,28,0.25396825396825395,106.5
8392,20,0.3105263157894737,112.8
8393,79,0.43102888672508927,128.25316455696202
8394,11,0.34545454545454546,32.0
8395,27,0.28774928774928776,44.666666666666664
8396,14,0.15384615384615385,77.92857142857143
8397,34,0.6381461675579323,122.55882352941177
8398,44,0.6659619450317125,110.13636363636364
8399,18,0.38562091503267976,33.94444444444444
8400,30,0.23448275862068965,46.1
8401,52,0.17647058823529413,166.90384615384616
8402,43,0.17497231450719822,103.81395348837209
8403,3,0.0,248.33333333333334
8404,64,0.2326388888888889,128.875
8405,25,0.17,63.48
8406,9,0.1111111111111111,62.0
8407,4,0.8333333333333334,37.5
8408,84,0.07200229489386116,73.57142857142857
8409,333,0.15503455262491406,151.53153153153153
8410,40,0.24743589743589745,61.825
8411,122,0.21582441403603847,141.95081967213116
8412,47,0.27752081406105455,117.97872340425532
8413,90,0.14656679151061175,154.37777777777777
8414,46,0.2975845410628019,102.32608695652173
8415,159,0.2228325770241223,72.0251572327044
8416,0,0.0,0.0
8417,7,0.3333333333333333,28.857142857142858
8418,9,0.25,96.22222222222223
8419,7,0.5238095238095238,37.142857142857146
8420,60,0.2305084745762712,62.25
8421,74,0.1403184005923732,34.74324324324324
8422,12,0.36363636363636365,68.16666666666667
8423,28,0.2328042328042328,95.96428571428571
8424,14,0.17582417582417584,60.5
8425,24,0.4673913043478261,148.41666666666666
8426,1,0.0,7.0
8427,41,0.3353658536585366,73.8048780487805
8428,17,0.8088235294117647,56.588235294117645
8429,13,0.14102564102564102,91.84615384615384
8430,0,0.0,0.0
8431,9,0.2777777777777778,58.888888888888886
8432,4,0.8333333333333334,63.25
8433,0,0.0,0.0
8434,2,0.0,9.0
8435,10,0.2,72.4
8436,49,0.17517006802721088,84.0
8437,8,0.0,34.875
8438,9,0.3333333333333333,10.333333333333334
8439,23,0.35968379446640314,65.56521739130434
8440,34,0.21390374331550802,94.76470588235294
8441,246,0.18662684586029535,156.4390243902439
8442,62,0.29561078794288737,62.87096774193548
8443,4,1.0,17.0
8444,1,0.0,106.0
8445,7,1.0,680.1428571428571
8446,13,0.7051282051282052,38.69230769230769
8447,27,0.6324786324786325,173.44444444444446
8448,12,0.3181818181818182,44.666666666666664
8449,183,0.1815288536600012,163.76502732240436
8450,7,0.23809523809523808,98.42857142857143
8451,2,1.0,58.5
8452,2,0.0,3.0
8453,14,0.6483516483516484,32.57142857142857
8454,8,0.2857142857142857,28.875
8455,30,0.6229885057471264,78.03333333333333
8456,59,0.2787843366452367,59.13559322033898
8457,28,0.2619047619047619,54.57142857142857
8458,13,0.358974358974359,93.76923076923077
8459,28,0.2566137566137566,72.78571428571429
8460,79,0.3073677377474846,127.82278481012658
8461,4,0.3333333333333333,9.0
8462,19,0.11695906432748537,57.63157894736842
8463,75,0.28936936936936936,156.42666666666668
8464,70,0.21407867494824018,123.84285714285714
8465,13,0.32051282051282054,32.30769230769231
8466,54,0.31795946890286514,81.74074074074075
8467,46,0.5342995169082125,84.34782608695652
8468,61,0.43333333333333335,123.47540983606558
8469,15,0.22857142857142856,25.066666666666666
8470,62,0.17662612374405076,42.274193548387096
8471,1,0.0,17.0
8472,66,0.34825174825174826,146.37878787878788
8473,1,0.0,4.0
8474,25,0.33,37.24
8475,16,0.4083333333333333,47.3125
8476,140,0.41397738951695784,105.54285714285714
8477,73,0.3557838660578387,66.63013698630137
8478,11,0.32727272727272727,54.72727272727273
8479,17,0.41911764705882354,101.23529411764706
8480,45,0.23939393939393938,131.64444444444445
8481,1,0.0,16.0
8482,6,0.4666666666666667,50.833333333333336
8483,10,0.4,25.8
8484,12,0.3939393939393939,27.583333333333332
8485,0,0.0,0.0
8486,6,0.06666666666666667,108.16666666666667
8487,11,0.6363636363636364,34.90909090909091
8488,49,0.15391156462585034,69.95918367346938
8489,14,0.21978021978021978,70.5
8490,12,0.4696969696969697,46.916666666666664
8491,24,0.2536231884057971,55.583333333333336
8492,17,0.7647058823529411,123.82352941176471
8493,45,0.49393939393939396,64.2
8494,17,0.2867647058823529,78.82352941176471
8495,14,0.5384615384615384,30.714285714285715
8496,26,0.19692307692307692,45.42307692307692
8497,26,0.64,38.0
8498,108,0.18155070958809277,161.30555555555554
8499,40,0.3141025641025641,90.2
8500,60,0.327683615819209,91.43333333333334
8501,16,0.24166666666666667,116.5625
8502,14,0.2967032967032967,19.428571428571427
8503,24,0.2898550724637681,22.5
8504,85,0.5050420168067227,73.16470588235295
8505,25,0.42333333333333334,241.64
8506,4,0.6666666666666666,65.0
8507,15,0.38095238095238093,76.4
8508,21,0.18095238095238095,85.57142857142857
8509,3,1.0,79.33333333333333
8510,6,0.4,43.666666666666664
8511,60,0.2751412429378531,60.71666666666667
8512,3,1.0,3.3333333333333335
8513,4,0.3333333333333333,39.25
8514,7,0.3333333333333333,19.714285714285715
8515,47,0.18963922294172064,105.23404255319149
8516,18,0.33986928104575165,101.88888888888889
8517,36,0.23015873015873015,28.38888888888889
8518,8,0.25,48.0
8519,8,0.17857142857142858,58.125
8520,81,0.3509259259259259,95.45679012345678
8521,3,0.3333333333333333,74.0
8522,4,0.5,154.5
8523,2,0.0,21.0
8524,2,0.0,4.5
8525,60,0.25254237288135595,44.733333333333334
8526,3,0.3333333333333333,43.0
8527,209,0.18444055944055945,196.62200956937798
8528,133,0.17281840966051493,139.796992481203
8529,46,0.2975845410628019,107.65217391304348
8530,27,0.32193732193732194,117.0
8531,98,0.1756785188302125,161.30612244897958
8532,0,0.0,0.0
8533,79,0.2943849399545602,75.68354430379746
8534,4,0.3333333333333333,65.5
8535,6,0.4666666666666667,13.333333333333334
8536,16,0.25833333333333336,104.125
8537,136,0.3006535947712418,143.19117647058823
8538,29,0.2955665024630542,100.20689655172414
8539,1,0.0,32.0
8540,145,0.22547892720306514,99.33793103448276
8541,0,0.0,0.0
8542,10,0.26666666666666666,52.2
8543,2,1.0,74.5
8544,17,0.9852941176470589,61.05882352941177
8545,13,0.21794871794871795,69.46153846153847
8546,35,0.40672268907563025,155.88571428571427
8547,5,0.3,179.6
8548,13,0.34615384615384615,52.53846153846154
8549,6,0.8666666666666667,139.83333333333334
8550,4,1.0,55.5
8551,3,0.0,8.0
8552,20,0.3631578947368421,65.5
8553,3,0.3333333333333333,57.333333333333336
8554,2,0.0,8.5
8555,18,0.6928104575163399,34.44444444444444
8556,5,0.3,31.0
8557,89,0.26583248212461696,106.32584269662921
8558,0,0.0,0.0
8559,28,0.2962962962962963,96.32142857142857
8560,21,0.3238095238095238,244.0
8561,4,0.5,11.5
8562,9,0.3333333333333333,45.44444444444444
8563,19,0.7076023391812866,76.84210526315789
8564,26,0.37538461538461537,311.61538461538464
8565,25,0.19666666666666666,42.84
8566,17,0.40441176470588236,34.11764705882353
8567,16,0.11666666666666667,39.75
8568,4,0.16666666666666666,108.75
8569,4,0.3333333333333333,93.25
8570,4,0.16666666666666666,29.75
8571,154,0.17995076818606232,187.91558441558442
8572,12,0.5606060606060606,25.583333333333332
8573,2,0.0,4.0
8574,50,0.11591836734693878,65.24
8575,17,0.22794117647058823,30.470588235294116
8576,22,0.2857142857142857,159.0
8577,29,0.541871921182266,97.37931034482759
8578,3,0.0,12.333333333333334
8579,35,0.14789915966386555,86.02857142857142
8580,45,0.6141414141414141,62.28888888888889
8581,16,0.5583333333333333,48.9375
8582,14,0.46153846153846156,28.5
8583,5,0.2,3.6
8584,11,0.2,81.45454545454545
8585,55,0.30572390572390573,104.25454545454545
8586,19,0.15789473684210525,54.526315789473685
8587,18,0.1830065359477124,21.61111111111111
8588,15,0.3904761904761905,123.66666666666667
8589,24,0.17391304347826086,56.666666666666664
8590,46,0.2144927536231884,73.56521739130434
8591,2,1.0,9.5
8592,3,0.3333333333333333,248.33333333333334
8593,10,0.4444444444444444,36.3
8594,13,0.32051282051282054,278.9230769230769
8595,6,1.0,32.5
8596,44,0.5486257928118393,102.29545454545455
8597,2,0.0,18.5
8598,14,0.16483516483516483,56.5
8599,39,0.32793522267206476,48.76923076923077
8600,138,0.2755738918861737,73.03623188405797
8601,4,0.16666666666666666,12.5
8602,4,0.6666666666666666,8.75
8603,0,0.0,0.0
8604,61,0.2830601092896175,69.62295081967213
8605,19,0.695906432748538,50.89473684210526
8606,10,0.2,35.0
8607,3,0.3333333333333333,29.666666666666668
8608,10,0.3111111111111111,47.5
8609,3,0.0,20.333333333333332
8610,10,0.13333333333333333,17.5
8611,18,0.41830065359477125,51.22222222222222
8612,1,0.0,17.0
8613,17,0.21323529411764705,28.705882352941178
8614,12,0.19696969696969696,97.83333333333333
8615,38,0.2972972972972973,80.44736842105263
8616,129,0.2003391472868217,108.46511627906976
8617,18,0.20915032679738563,89.27777777777777
8618,21,0.4,34.857142857142854
8619,35,0.584873949579832,48.114285714285714
8620,40,0.30128205128205127,132.575
8621,46,0.2714975845410628,124.32608695652173
8622,59,0.18001168907071888,131.61016949152543
8623,1,0.0,3.0
8624,5,0.4,23.4
8625,68,0.1997366110623354,142.88235294117646
8626,15,0.3523809523809524,16.133333333333333
8627,23,0.23715415019762845,100.73913043478261
8628,40,0.2076923076923077,63.1
8629,114,0.22915696320447135,218.28070175438597
8630,17,0.19117647058823528,47.0
8631,14,0.8901098901098901,47.0
8632,4,0.5,8.5
8633,3,0.6666666666666666,146.0
8634,6,0.26666666666666666,20.0
8635,11,0.34545454545454546,26.0
8636,180,0.1819366852886406,97.37222222222222
8637,94,0.2967284374285061,95.40425531914893
8638,0,0.0,0.0
8639,4,0.16666666666666666,28.0
8640,16,0.4166666666666667,74.6875
8641,6,0.2,41.5
8642,42,0.21718931475029035,56.0
8643,19,0.3333333333333333,49.63157894736842
8644,31,0.16344086021505377,120.29032258064517
8645,2,0.0,6.5
8646,14,0.3516483516483517,24.285714285714285
8647,61,0.31366120218579235,46.34426229508197
8648,2,0.0,6.0
8649,5,0.3,52.4
8650,14,0.37362637362637363,27.214285714285715
8651,54,0.296995108315863,43.03703703703704
8652,190,0.12102478418267892,147.22105263157894
8653,44,0.2959830866807611,152.5909090909091
8654,2,0.0,13.5
8655,17,0.3235294117647059,165.8235294117647
8656,26,0.6892307692307692,110.11538461538461
8657,27,0.6923076923076923,89.51851851851852
8658,61,0.3912568306010929,76.42622950819673
8659,10,0.5777777777777777,59.5
8660,10,0.5333333333333333,70.8
8661,52,0.20060331825037708,161.25
8662,41,0.16341463414634147,78.09756097560975
8663,48,0.41400709219858156,206.125
8664,39,0.1214574898785425,102.48717948717949
8665,37,0.36786786786786785,29.81081081081081
8666,22,0.22943722943722944,47.81818181818182
8667,1,0.0,40.0
8668,1,0.0,5.0
8669,39,0.15519568151147098,49.1025641025641
8670,21,0.46190476190476193,65.42857142857143
8671,96,0.45614035087719296,119.75
8672,12,0.24242424242424243,176.5
8673,3,0.3333333333333333,28.333333333333332
8674,15,0.580952380952381,20.2
8675,10,0.9777777777777777,64.2
8676,55,0.49562289562289563,70.78181818181818
8677,79,0.20837390457643623,213.55696202531647
8678,22,0.12987012987012986,34.95454545454545
8679,50,0.1730612244897959,107.58
8680,57,0.45112781954887216,99.3859649122807
8681,27,0.19658119658119658,89.37037037037037
8682,87,0.16546377973803797,118.10344827586206
8683,10,0.5111111111111111,137.2
8684,6,0.26666666666666666,42.833333333333336
8685,38,0.29160739687055476,118.71052631578948
8686,93,0.2321178120617111,118.97849462365592
8687,4,0.5,11.25
8688,4,0.0,8.5
8689,10,0.2,72.3
8690,6,0.4666666666666667,24.5
8691,43,0.6267995570321152,116.62790697674419
8692,29,0.0665024630541872,36.172413793103445
8693,210,0.13574846206425153,175.42380952380952
8694,21,0.26666666666666666,114.71428571428571
8695,7,0.14285714285714285,27.285714285714285
8696,11,0.34545454545454546,15.363636363636363
8697,11,0.9090909090909091,22.09090909090909
8698,20,0.6263157894736842,134.95
8699,6,0.3333333333333333,52.333333333333336
8700,5,0.4,15.4
8701,3,0.3333333333333333,10.0
8702,36,0.3603174603174603,62.166666666666664
8703,1,0.0,20.0
8704,11,0.4,99.63636363636364
8705,20,0.39473684210526316,155.6
8706,39,0.2213225371120108,38.48717948717949
8707,5,0.4,25.6
8708,9,0.19444444444444445,21.0
8709,5,1.0,8.4
8710,28,0.6534391534391535,57.214285714285715
8711,13,0.5128205128205128,86.15384615384616
8712,7,0.23809523809523808,21.285714285714285
8713,16,0.24166666666666667,137.1875
8714,7,0.47619047619047616,85.14285714285714
8715,3,0.0,60.0
8716,22,0.11255411255411256,59.18181818181818
8717,21,0.7285714285714285,61.333333333333336
8718,15,0.21904761904761905,64.86666666666666
8719,6,0.26666666666666666,33.166666666666664
8720,2,1.0,11.5
8721,9,0.08333333333333333,135.11111111111111
8722,21,0.22857142857142856,110.28571428571429
8723,12,0.3939393939393939,46.75
8724,22,0.23809523809523808,212.3181818181818
8725,6,0.6,44.0
8726,22,0.8138528138528138,36.45454545454545
8727,6,0.4666666666666667,18.333333333333332
8728,5,0.3,15.8
8729,10,0.4666666666666667,33.6
8730,23,0.32806324110671936,26.608695652173914
8731,1,0.0,2.0
8732,87,0.17134456027800055,60.793103448275865
8733,38,0.4566145092460882,35.0
8734,84,0.21457257601835916,123.29761904761905
8735,31,0.4752688172043011,89.09677419354838
8736,21,0.3952380952380952,63.76190476190476
8737,68,0.31913959613696224,58.294117647058826
8738,32,0.24193548387096775,56.15625
8739,29,0.4039408866995074,143.6551724137931
8740,65,0.15576923076923077,69.27692307692308
8741,9,0.8611111111111112,9.777777777777779
8742,37,0.13063063063063063,70.78378378378379
8743,27,0.2222222222222222,23.59259259259259
8744,17,0.17647058823529413,93.23529411764706
8745,110,0.34612176814011675,97.36363636363636
8746,21,0.47619047619047616,54.80952380952381
8747,19,0.3216374269005848,61.73684210526316
8748,5,0.9,49.8
8749,30,0.41839080459770117,51.96666666666667
8750,5,0.7,13.6
8751,39,0.6639676113360324,95.0
8752,2,1.0,56.5
8753,2,0.0,83.0
8754,57,0.18671679197994986,83.54385964912281
8755,68,0.19271290605794555,131.69117647058823
8756,19,0.3684210526315789,108.0
8757,33,0.21212121212121213,28.424242424242426
8758,29,0.46551724137931033,66.82758620689656
8759,134,0.23914263270115588,121.32835820895522
8760,26,0.16615384615384615,66.53846153846153
8761,10,0.8,30.7
8762,4,0.5,20.5
8763,2,0.0,41.5
8764,79,0.6247971437844856,85.16455696202532
8765,65,0.2466346153846154,140.44615384615383
8766,1,0.0,17.0
8767,1,0.0,9.0
8768,8,0.4642857142857143,101.0
8769,69,0.3554987212276215,63.36231884057971
8770,0,0.0,0.0
8771,2,1.0,23.5
8772,1,0.0,37.0
8773,3,1.0,162.33333333333334
8774,11,0.23636363636363636,13.636363636363637
8775,16,0.15833333333333333,28.1875
8776,9,0.3611111111111111,17.11111111111111
8777,9,0.5555555555555556,10.222222222222221
8778,23,0.466403162055336,32.0
8779,1,0.0,55.0
8780,9,0.19444444444444445,13.88888888888889
8781,27,0.22507122507122507,58.592592592592595
8782,32,0.7983870967741935,44.75
8783,27,0.28774928774928776,52.333333333333336
8784,11,0.36363636363636365,54.0
8785,16,0.225,42.5
8786,3,1.0,6.0
8787,5,0.3,6.8
8788,1,0.0,4.0
8789,170,0.19136790810998955,101.47058823529412
8790,57,0.243734335839599,63.40350877192982
8791,70,0.36935817805383026,110.65714285714286
8792,1,0.0,13.0
8793,45,0.48282828282828283,68.28888888888889
8794,14,0.6593406593406593,21.857142857142858
8795,13,0.3717948717948718,209.23076923076923
8796,27,0.5270655270655271,30.51851851851852
8797,173,0.19054980508132813,66.52023121387283
8798,4,0.16666666666666666,126.75
8799,233,0.16416309012875535,152.66523605150215
8800,2,0.0,2.5
8801,12,0.2727272727272727,46.666666666666664
8802,0,0.0,0.0
8803,49,0.16921768707482993,129.0204081632653
8804,48,0.2854609929078014,37.604166666666664
8805,43,0.34662236987818384,69.74418604651163
8806,28,0.31216931216931215,43.107142857142854
8807,25,0.8133333333333334,99.88
8808,5,0.1,65.4
8809,35,0.5025210084033613,56.114285714285714
8810,12,0.6212121212121212,102.75
8811,1,0.0,5.0
8812,23,0.3359683794466403,80.3913043478261
8813,15,0.3619047619047619,167.26666666666668
8814,15,0.8380952380952381,55.13333333333333
8815,3,0.0,32.0
8816,0,0.0,0.0
8817,13,0.3333333333333333,23.692307692307693
8818,18,0.5555555555555556,165.72222222222223
8819,10,0.4222222222222222,32.2
8820,17,0.4632352941176471,81.82352941176471
8821,112,0.27863577863577865,65.83035714285714
8822,162,0.20496894409937888,106.95061728395062
8823,14,0.16483516483516483,125.85714285714286
8824,28,0.656084656084656,25.321428571428573
8825,29,0.4876847290640394,45.6551724137931
8826,76,0.28350877192982454,108.71052631578948
8827,38,0.4779516358463727,112.89473684210526
8828,13,0.2564102564102564,66.76923076923077
8829,86,0.09794801641586867,58.872093023255815
8830,4,0.3333333333333333,39.0
8831,8,0.6071428571428571,23.75
8832,3,0.0,48.666666666666664
8833,2,1.0,12.5
8834,2,1.0,12.5
8835,14,0.08791208791208792,61.42857142857143
8836,2,0.0,40.0
8837,2,1.0,5.5
8838,30,0.542528735632184,23.633333333333333
8839,12,0.15151515151515152,51.333333333333336
8840,6,0.3333333333333333,134.33333333333334
8841,0,0.0,0.0
8842,25,0.19333333333333333,62.12
8843,282,0.15575073824487015,171.5212765957447
8844,1,0.0,11.0
8845,41,0.12317073170731707,69.51219512195122
8846,25,0.37,123.36
8847,4,1.0,16.75
8848,9,0.3888888888888889,18.77777777777778
8849,11,0.23636363636363636,15.727272727272727
8850,18,0.477124183006536,70.94444444444444
8851,3,1.0,9.666666666666666
8852,107,0.20543114089225886,118.10280373831776
8853,7,0.42857142857142855,52.142857142857146
8854,39,0.45479082321187586,58.82051282051282
8855,67,0.7670737222976028,83.28358208955224
8856,5,0.2,10.4
8857,20,0.28421052631578947,66.3
8858,39,0.4682860998650472,40.94871794871795
8859,1,0.0,43.0
8860,8,0.8928571428571429,28.125
8861,51,0.35843137254901963,158.2549019607843
8862,6,0.13333333333333333,31.833333333333332
8863,49,0.2261904761904762,37.265306122448976
8864,0,0.0,0.0
8865,4,0.3333333333333333,19.75
8866,41,0.3121951219512195,113.60975609756098
8867,36,0.05555555555555555,47.416666666666664
8868,25,0.37333333333333335,100.24
8869,21,0.24761904761904763,156.33333333333334
8870,64,0.16964285714285715,74.75
8871,25,0.45666666666666667,118.64
8872,38,0.7297297297297297,94.57894736842105
8873,86,0.5168262653898769,74.72093023255815
8874,27,0.3190883190883191,74.62962962962963
8875,11,0.34545454545454546,27.363636363636363
8876,14,0.23076923076923078,62.142857142857146
8877,5,0.2,13.6
8878,1,0.0,38.0
8879,2,1.0,9.5
8880,0,0.0,0.0
8881,14,0.21978021978021978,222.57142857142858
8882,22,0.30735930735930733,69.81818181818181
8883,1,0.0,9.0
8884,4,0.0,55.75
8885,7,0.09523809523809523,16.285714285714285
8886,41,0.24634146341463414,48.90243902439025
8887,2,1.0,2.0
8888,9,0.9166666666666666,33.0
8889,2,1.0,17.0
8890,7,0.23809523809523808,79.57142857142857
8891,24,0.8188405797101449,95.91666666666667
8892,20,0.5263157894736842,40.75
8893,435,0.14376820806186769,179.71724137931034
8894,8,0.35714285714285715,72.625
8895,2,1.0,29.5
8896,5,0.3,20.6
8897,72,0.2167449139280125,75.23611111111111
8898,30,0.6252873563218391,40.36666666666667
8899,36,0.6174603174603175,52.416666666666664
8900,29,0.2512315270935961,98.24137931034483
8901,15,0.14285714285714285,109.2
8902,48,0.2526595744680851,56.520833333333336
8903,75,0.16072072072072072,103.28
8904,0,0.0,0.0
8905,46,0.3169082125603865,172.45652173913044
8906,38,0.37695590327169276,54.39473684210526
8907,20,0.15789473684210525,75.1
8908,50,0.36979591836734693,67.72
8909,37,0.33183183183183185,99.05405405405405
8910,20,0.3684210526315789,40.95
8911,17,0.41911764705882354,64.70588235294117
8912,7,0.2857142857142857,23.428571428571427
8913,204,0.09306481213174925,144.11274509803923
8914,87,0.5717722534081796,89.86206896551724
8915,87,0.47901630580058807,132.44827586206895
8916,118,0.4970302766912936,81.23728813559322
8917,30,0.2620689655172414,55.43333333333333
8918,134,0.20087532263494556,103.08955223880596
8919,15,0.1619047619047619,50.93333333333333
8920,2,1.0,19.0
8921,50,0.19591836734693877,85.9
8922,4,0.16666666666666666,34.5
8923,2,0.0,36.0
8924,0,0.0,0.0
8925,9,0.2222222222222222,27.0
8926,21,0.1,30.095238095238095
8927,6,0.4,92.33333333333333
8928,4,0.3333333333333333,24.0
8929,83,0.21363502791654423,58.98795180722892
8930,15,0.47619047619047616,86.73333333333333
8931,59,0.31560490940970193,62.25423728813559
8932,42,0.570267131242741,71.80952380952381
8933,0,0.0,0.0
8934,43,0.42081949058693247,85.20930232558139
8935,91,0.21074481074481075,146.56043956043956
8936,8,0.10714285714285714,52.875
8937,41,0.6341463414634146,93.65853658536585
8938,19,0.34502923976608185,26.31578947368421
8939,141,0.2805471124620061,150.70212765957447
8940,35,0.29411764705882354,100.25714285714285
8941,34,0.45098039215686275,57.35294117647059
8942,17,0.5367647058823529,23.470588235294116
8943,42,0.5818815331010453,48.54761904761905
8944,1,0.0,4.0
8945,1,0.0,2.0
8946,6,0.3333333333333333,5.666666666666667
8947,17,0.5441176470588235,63.294117647058826
8948,3,1.0,61.666666666666664
8949,13,0.7564102564102564,78.07692307692308
8950,17,0.5367647058823529,139.47058823529412
8951,31,0.24516129032258063,82.64516129032258
8952,84,0.25301204819277107,97.33333333333333
8953,5,0.3,32.2
8954,1,0.0,2.0
8955,86,0.7233926128590972,93.8953488372093
8956,12,0.4696969696969697,161.83333333333334
8957,2,0.0,5.5
8958,11,0.36363636363636365,25.181818181818183
8959,7,0.38095238095238093,19.428571428571427
8960,20,0.48947368421052634,72.1
8961,4,0.16666666666666666,19.5
8962,8,0.32142857142857145,95.5
8963,2,1.0,16.5
8964,22,0.43722943722943725,181.72727272727272
8965,7,0.2857142857142857,68.85714285714286
8966,2,1.0,18.0
8967,6,0.4,165.16666666666666
8968,49,0.2925170068027211,124.04081632653062
8969,56,0.1331168831168831,102.875
8970,2,1.0,2.0
8971,2,0.0,7.0
8972,29,0.8349753694581281,198.6206896551724
8973,36,0.1761904761904762,97.94444444444444
8974,28,0.48148148148148145,65.5
8975,137,0.2689995706311722,95.5985401459854
8976,13,0.6153846153846154,136.15384615384616
8977,34,0.24598930481283424,111.79411764705883
8978,1,0.0,43.0
8979,6,0.3333333333333333,31.833333333333332
8980,5,0.5,106.2
8981,17,0.29411764705882354,71.3529411764706
8982,23,0.2727272727272727,89.26086956521739
8983,99,0.4621727478870336,95.08080808080808
8984,13,0.6923076923076923,76.15384615384616
8985,5,0.7,126.4
8986,8,0.39285714285714285,22.0
8987,103,0.4934323243860651,100.13592233009709
8988,34,0.43672014260249553,53.14705882352941
8989,18,0.35947712418300654,53.833333333333336
8990,15,0.3047619047619048,49.86666666666667
8991,39,0.3603238866396761,34.07692307692308
8992,36,0.273015873015873,106.0
8993,100,0.20929292929292928,78.0
8994,6,0.4666666666666667,309.5
8995,35,0.45546218487394957,80.54285714285714
8996,94,0.25188743994509266,47.59574468085106
8997,59,0.5897136177673875,111.98305084745763
8998,30,0.26436781609195403,41.03333333333333
8999,4,0.6666666666666666,4.75
9000,126,0.41904761904761906,148.64285714285714
9001,9,0.5,21.11111111111111
9002,82,0.13700692562481182,117.42682926829268
9003,26,0.47384615384615386,113.34615384615384
9004,44,0.14799154334038056,38.59090909090909
9005,44,0.5243128964059197,70.86363636363636
9006,67,0.26232473993668026,149.08955223880596
9007,1,0.0,31.0
9008,9,0.5,16.555555555555557
9009,7,0.9047619047619048,43.285714285714285
9010,26,0.20615384615384616,136.73076923076923
9011,11,0.2,38.90909090909091
9012,6,0.6666666666666666,60.666666666666664
9013,6,0.4666666666666667,30.166666666666668
9014,207,0.15909197504807468,180.85507246376812
9015,1,0.0,47.0
9016,4,0.0,3.75
9017,38,0.55049786628734,58.078947368421055
9018,5,0.6,23.6
9019,11,0.23636363636363636,50.90909090909091
9020,82,0.15356820234869015,141.9878048780488
9021,15,0.08571428571428572,23.6
9022,3,0.3333333333333333,20.0
9023,7,0.38095238095238093,38.0
9024,5,0.3,10.8
9025,157,0.2301159562306059,79.98089171974522
9026,18,0.43790849673202614,47.0
9027,6,0.4666666666666667,16.833333333333332
9028,24,0.2028985507246377,78.33333333333333
9029,0,0.0,0.0
9030,14,0.18681318681318682,107.71428571428571
9031,30,0.3724137931034483,74.5
9032,44,0.27167019027484146,50.27272727272727
9033,3,0.0,6.333333333333333
9034,2,1.0,17.5
9035,11,0.21818181818181817,22.727272727272727
9036,29,0.5985221674876847,46.51724137931034
9037,32,0.657258064516129,61.375
9038,4,0.16666666666666666,53.0
9039,76,0.23719298245614034,102.61842105263158
9040,2,0.0,47.5
9041,18,0.4117647058823529,80.22222222222223
9042,22,0.21645021645021645,40.59090909090909
9043,8,0.17857142857142858,131.625
9044,36,0.4634920634920635,68.5
9045,5,0.9,43.8
9046,54,0.25157232704402516,88.25925925925925
9047,29,0.3645320197044335,23.24137931034483
9048,24,0.4057971014492754,36.5
9049,5,0.1,15.8
9050,6,0.3333333333333333,44.0
9051,2,0.0,16.0
9052,6,0.4666666666666667,22.333333333333332
9053,2,0.0,21.0
9054,28,0.7566137566137566,41.0
9055,0,0.0,0.0
9056,43,0.5813953488372093,88.88372093023256
9057,9,0.25,147.11111111111111
9058,74,0.1617919289152166,137.3108108108108
9059,5,0.6,49.6
9060,54,0.17051013277428373,46.407407407407405
9061,5,0.9,9.8
9062,7,0.47619047619047616,13.285714285714286
9063,11,0.2545454545454545,185.54545454545453
9064,17,0.3014705882352941,85.11764705882354
9065,19,0.4444444444444444,121.84210526315789
9066,1,0.0,87.0
9067,1,0.0,34.0
9068,24,0.23550724637681159,136.04166666666666
9069,3,0.0,20.666666666666668
9070,13,0.5512820512820513,81.84615384615384
9071,108,0.3541017653167186,121.96296296296296
9072,50,0.3616326530612245,128.06
9073,37,0.42492492492492495,38.32432432432432
9074,86,0.15321477428180574,166.3953488372093
9075,21,0.3142857142857143,73.42857142857143
9076,10,0.37777777777777777,304.1
9077,56,0.3064935064935065,62.0
9078,5,0.2,30.6
9079,4,0.5,54.5
9080,53,0.3098693759071118,58.735849056603776
9081,32,0.37701612903225806,55.25
9082,38,0.8193456614509246,94.05263157894737
9083,1,0.0,5.0
9084,13,0.28205128205128205,39.15384615384615
9085,14,0.45054945054945056,42.42857142857143
9086,8,0.5714285714285714,81.875
9087,221,0.16663924310983136,167.57013574660633
9088,29,0.3694581280788177,63.41379310344828
9089,110,0.2645537948290242,114.36363636363636
9090,89,0.372829417773238,98.34831460674157
9091,728,0.07297413727950179,132.10164835164835
9092,17,0.29411764705882354,30.0
9093,111,0.38493038493038495,108.44144144144144
9094,3,0.3333333333333333,88.66666666666667
9095,34,0.3244206773618538,68.08823529411765
9096,1,0.0,17.0
9097,62,0.3770491803278688,91.87096774193549
9098,10,0.5111111111111111,127.9
9099,21,0.38095238095238093,26.80952380952381
9100,5,1.0,78.0
9101,19,0.3216374269005848,114.21052631578948
9102,4,0.6666666666666666,3.5
9103,4,0.5,209.0
9104,1,0.0,8.0
9105,1,0.0,10.0
9106,44,0.5391120507399577,74.97727272727273
9107,2,0.0,11.0
9108,104,0.14171023151605674,67.625
9109,10,0.7111111111111111,42.6
9110,166,0.19262504563709382,201.1867469879518
9111,4,0.5,7.75
9112,9,0.3888888888888889,54.111111111111114
9113,23,0.39920948616600793,48.391304347826086
9114,18,0.3660130718954248,44.833333333333336
9115,87,0.3111467522052927,286.18390804597703
9116,0,0.0,0.0
9117,1,0.0,6.0
9118,24,0.4311594202898551,18.291666666666668
9119,20,0.39473684210526316,50.1
9120,52,0.14630467571644043,76.59615384615384
9121,54,0.4744933612858141,74.22222222222223
9122,13,0.28205128205128205,91.92307692307692
9123,13,0.2948717948717949,32.38461538461539
9124,13,0.3974358974358974,71.15384615384616
9125,39,0.4534412955465587,165.33333333333334
9126,22,0.5800865800865801,34.72727272727273
9127,11,0.6545454545454545,24.818181818181817
9128,0,0.0,0.0
9129,46,0.17391304347826086,27.891304347826086
9130,89,0.2676200204290092,43.49438202247191
9131,38,0.23044096728307253,143.47368421052633
9132,1134,0.04715517013251641,120.20370370370371
9133,55,0.2686868686868687,68.61818181818182
9134,34,0.4028520499108734,85.32352941176471
9135,21,0.2857142857142857,39.333333333333336
9136,18,0.9934640522875817,30.72222222222222
9137,9,0.19444444444444445,28.555555555555557
9138,13,0.21794871794871795,38.30769230769231
9139,51,0.28941176470588237,174.64705882352942
9140,18,0.3006535947712418,26.38888888888889
9141,10,0.6666666666666666,66.7
9142,8,0.21428571428571427,58.5
9143,5,0.5,65.6
9144,10,0.37777777777777777,51.2
9145,14,0.6483516483516484,83.42857142857143
9146,1,0.0,4.0
9147,20,0.33157894736842103,88.75
9148,0,0.0,0.0
9149,8,0.17857142857142858,25.375
9150,12,0.22727272727272727,17.5
9151,4,1.0,35.25
9152,9,0.6666666666666666,35.111111111111114
9153,94,0.17410203614733472,52.09574468085106
9154,16,0.39166666666666666,37.0625
9155,13,0.34615384615384615,65.53846153846153
9156,21,0.5619047619047619,50.714285714285715
9157,163,0.19790956600772552,102.71779141104294
9158,373,0.10736833001816137,155.1823056300268
9159,11,0.3090909090909091,33.54545454545455
9160,5,0.6,94.0
9161,66,0.7808857808857809,96.28787878787878
9162,74,0.6182895223991114,98.97297297297297
9163,46,0.1961352657004831,55.891304347826086
9164,10,0.4444444444444444,31.5
9165,38,0.17069701280227595,50.578947368421055
9166,5,0.4,6.0
9167,3,1.0,65.66666666666667
9168,47,0.3866790009250694,51.04255319148936
9169,15,0.4,42.93333333333333
9170,11,0.2545454545454545,119.9090909090909
9171,4,0.16666666666666666,10.0
9172,133,0.17053998632946002,186.37593984962405
9173,15,0.45714285714285713,61.13333333333333
9174,18,0.22875816993464052,43.333333333333336
9175,2,0.0,37.5
9176,19,0.4152046783625731,89.21052631578948
9177,62,0.2808038075092544,46.37096774193548
9178,29,0.41625615763546797,104.17241379310344
9179,29,0.23399014778325122,56.06896551724138
9180,93,0.1769518466573165,82.86021505376344
9181,95,0.2725643896976484,77.42105263157895
9182,9,0.2222222222222222,13.0
9183,30,0.3586206896551724,66.76666666666667
9184,73,0.10616438356164383,85.35616438356165
9185,1,0.0,8.0
9186,53,0.27866473149492016,230.22641509433961
9187,77,0.13499658236500342,85.51948051948052
9188,4,0.5,21.0
9189,120,0.36134453781512604,95.00833333333334
9190,3,0.0,13.666666666666666
9191,42,0.5644599303135889,51.023809523809526
9192,21,0.3142857142857143,21.761904761904763
9193,3,0.0,28.0
9194,4,1.0,98.0
9195,2,1.0,270.0
9196,12,0.4090909090909091,21.25
9197,3,0.3333333333333333,68.33333333333333
9198,8,0.2857142857142857,254.875
9199,34,0.3333333333333333,61.55882352941177
9200,5,0.1,9.0
9201,189,0.0981650343352471,133.23280423280423
9202,12,0.30303030303030304,27.916666666666668
9203,1,0.0,14.0
9204,96,0.20592105263157895,137.22916666666666
9205,8,0.03571428571428571,27.75
9206,5,0.3,27.8
9207,17,0.18382352941176472,20.764705882352942
9208,8,0.35714285714285715,67.375
9209,7,0.23809523809523808,46.42857142857143
9210,3,0.3333333333333333,5.666666666666667
9211,11,0.4727272727272727,46.90909090909091
9212,7,0.5714285714285714,11.0
9213,16,0.36666666666666664,40.5
9214,4,0.3333333333333333,19.75
9215,5,0.3,22.6
9216,3,1.0,92.33333333333333
9217,14,0.46153846153846156,44.285714285714285
9218,30,0.3954022988505747,66.7
9219,14,0.23076923076923078,29.5
9220,22,0.16883116883116883,47.72727272727273
9221,13,0.19230769230769232,33.23076923076923
9222,10,0.2222222222222222,37.7
9223,21,0.2761904761904762,21.333333333333332
9224,12,0.6818181818181818,14.916666666666666
9225,24,0.7282608695652174,78.875
9226,2,1.0,22.5
9227,17,0.3014705882352941,58.705882352941174
9228,0,0.0,0.0
9229,280,0.2029953917050691,193.93928571428572
9230,15,0.29523809523809524,41.266666666666666
9231,40,0.23333333333333334,120.8
9232,251,0.11337051792828685,159.65737051792829
9233,6,0.26666666666666666,36.833333333333336
9234,6,0.8666666666666667,100.16666666666667
9235,16,0.14166666666666666,80.75
9236,47,0.3598519888991674,70.44680851063829
9237,11,0.21818181818181817,24.363636363636363
9238,68,0.310359964881475,56.55882352941177
9239,18,0.6535947712418301,50.22222222222222
9240,17,0.8970588235294118,159.0
9241,30,0.2597701149425287,45.1
9242,14,0.18681318681318682,55.714285714285715
9243,243,0.15627657041798457,101.7201646090535
9244,12,0.3787878787878788,43.0
9245,17,0.33088235294117646,29.0
9246,3,0.0,28.333333333333332
9247,6,0.4666666666666667,29.0
9248,0,0.0,0.0
9249,67,0.3921302578018996,74.16417910447761
9250,53,0.3664731494920174,87.11320754716981
9251,13,0.24358974358974358,95.84615384615384
9252,2,1.0,6.0
9253,108,0.31014191761855314,70.82407407407408
9254,33,0.22348484848484848,140.45454545454547
9255,12,0.5757575757575758,32.583333333333336
9256,14,0.16483516483516483,32.92857142857143
9257,36,0.4158730158730159,53.97222222222222
9258,234,0.1444554491764792,160.3034188034188
9259,64,0.18898809523809523,93.3125
9260,46,0.22801932367149758,151.82608695652175
9261,17,0.15441176470588236,56.588235294117645
9262,9,0.5,10.333333333333334
9263,1,0.0,235.0
9264,8,0.4642857142857143,28.625
9265,11,0.2727272727272727,54.90909090909091
9266,0,0.0,0.0
9267,3,0.3333333333333333,22.666666666666668
9268,3,0.6666666666666666,13.666666666666666
9269,3,1.0,39.666666666666664
9270,10,0.35555555555555557,25.8
9271,0,0.0,0.0
9272,95,0.46114221724524074,106.72631578947369
9273,40,0.2064102564102564,34.15
9274,48,0.2801418439716312,64.27083333333333
9275,30,0.2597701149425287,140.6
9276,52,0.6953242835595776,80.07692307692308
9277,4,0.3333333333333333,21.25
9278,110,0.441534612176814,142.03636363636363
9279,64,0.15426587301587302,102.484375
9280,53,0.3635703918722787,61.0377358490566
9281,0,0.0,0.0
9282,87,0.41299117882919006,87.47126436781609
9283,104,0.18073188946975355,142.4903846153846
9284,27,0.358974358974359,141.7037037037037
9285,15,0.3047619047619048,165.06666666666666
9286,5,0.4,92.8
9287,4,0.5,44.75
9288,124,0.3261211644374508,150.33064516129033
9289,33,0.4602272727272727,86.03030303030303
9290,172,0.23575411396708826,88.93023255813954
9291,7,0.42857142857142855,128.14285714285714
9292,31,0.2086021505376344,166.19354838709677
9293,8,0.5,20.25
9294,6,0.6,12.5
9295,68,0.2884108867427568,102.27941176470588
9296,1,0.0,71.0
9297,6,0.8,57.166666666666664
9298,0,0.0,0.0
9299,42,0.5505226480836237,58.023809523809526
9300,1,0.0,19.0
9301,17,0.5514705882352942,48.705882352941174
9302,18,0.3333333333333333,56.111111111111114
9303,5,0.5,45.0
9304,3,1.0,62.0
9305,11,0.12727272727272726,28.0
9306,2,0.0,4.0
9307,20,0.15263157894736842,69.2
9308,18,0.5359477124183006,83.66666666666667
9309,53,0.4506531204644412,73.58490566037736
9310,31,0.4946236559139785,68.61290322580645
9311,12,0.36363636363636365,172.58333333333334
9312,9,0.8611111111111112,94.66666666666667
9313,23,0.16996047430830039,52.82608695652174
9314,10,0.5777777777777777,200.6
9315,13,0.23076923076923078,99.23076923076923
9316,56,0.22727272727272727,67.17857142857143
9317,6,0.4,17.666666666666668
9318,599,0.08969240819425911,144.54757929883138
9319,279,0.20169670715040872,193.16487455197134
9320,38,0.051209103840682786,35.18421052631579
9321,160,0.3031446540880503,115.1375
9322,138,0.21908388871257803,146.5072463768116
9323,12,0.5454545454545454,79.25
9324,31,0.24946236559139784,31.322580645161292
9325,0,0.0,0.0
9326,32,0.28830645161290325,191.96875
9327,18,0.6013071895424836,29.333333333333332
9328,12,0.4696969696969697,53.666666666666664
9329,1,0.0,28.0
9330,8,0.4642857142857143,84.875
9331,19,0.30409356725146197,92.21052631578948
9332,47,0.364477335800185,156.48936170212767
9333,49,0.22959183673469388,138.14285714285714
9334,15,0.2571428571428571,29.866666666666667
9335,6,0.6,18.833333333333332
9336,7,0.7142857142857143,63.0
9337,16,0.23333333333333334,41.25
9338,9,0.3888888888888889,31.88888888888889
9339,24,0.3804347826086957,84.16666666666667
9340,1,0.0,7.0
9341,26,0.5661538461538461,44.73076923076923
9342,17,0.35294117647058826,42.23529411764706
9343,8,0.42857142857142855,23.75
9344,44,0.4492600422832981,54.40909090909091
9345,3,1.0,39.666666666666664
9346,19,0.32748538011695905,36.421052631578945
9347,19,0.3567251461988304,32.78947368421053
9348,10,0.26666666666666666,69.9
9349,7,0.23809523809523808,65.14285714285714
9350,3,0.3333333333333333,6.666666666666667
9351,34,0.2192513368983957,100.17647058823529
9352,6,0.13333333333333333,257.5
9353,66,0.2522144522144522,146.53030303030303
9354,3,0.6666666666666666,16.666666666666668
9355,3,0.3333333333333333,20.333333333333332
9356,7,0.38095238095238093,22.571428571428573
9357,2,0.0,96.0
9358,38,0.21763869132290184,64.23684210526316
9359,8,0.17857142857142858,89.5
9360,4,0.5,11.5
9361,3,0.6666666666666666,32.0
9362,5,0.7,16.4
9363,49,0.26785714285714285,41.59183673469388
9364,14,0.3516483516483517,35.142857142857146
9365,11,0.3090909090909091,176.36363636363637
9366,41,0.16097560975609757,115.26829268292683
9367,88,0.21812957157784743,100.10227272727273
9368,27,0.28205128205128205,42.7037037037037
9369,75,0.39603603603603604,66.70666666666666
9370,33,0.3390151515151515,177.45454545454547
9371,4,0.16666666666666666,30.25
9372,4,0.16666666666666666,47.75
9373,169,0.18202310510002817,198.84023668639054
9374,36,0.31746031746031744,62.55555555555556
9375,40,0.2141025641025641,161.575
9376,18,0.10457516339869281,27.333333333333332
9377,66,0.8606060606060606,98.66666666666667
9378,21,0.3380952380952381,55.0
9379,26,0.26461538461538464,153.69230769230768
9380,24,0.5181159420289855,47.666666666666664
9381,47,0.4967622571692877,92.46808510638297
9382,54,0.4395527603074773,55.72222222222222
9383,6,0.26666666666666666,27.166666666666668
9384,14,0.3076923076923077,80.42857142857143
9385,30,0.25517241379310346,52.666666666666664
9386,14,0.2087912087912088,45.285714285714285
9387,12,0.30303030303030304,91.0
9388,51,0.20941176470588235,133.7058823529412
9389,19,0.38596491228070173,71.26315789473684
9390,4,0.8333333333333334,18.75
9391,8,0.42857142857142855,26.75
9392,50,0.2473469387755102,154.7
9393,18,0.3202614379084967,26.333333333333332
9394,6,1.0,36.666666666666664
9395,110,0.5399499582985822,82.48181818181818
9396,18,0.17647058823529413,19.72222222222222
9397,91,0.17973137973137973,162.46153846153845
9398,73,0.1997716894977169,110.35616438356165
9399,9,0.75,107.33333333333333
9400,50,0.22285714285714286,98.44
9401,49,0.3239795918367347,108.93877551020408
9402,22,0.30735930735930733,32.63636363636363
9403,16,0.3416666666666667,20.8125
9404,22,0.1341991341991342,73.9090909090909
9405,48,0.14627659574468085,68.10416666666667
9406,3,1.0,4.666666666666667
9407,26,0.24,54.07692307692308
9408,69,0.30861040068201195,35.26086956521739
9409,9,0.5555555555555556,38.333333333333336
9410,6,0.26666666666666666,35.333333333333336
9411,8,0.17857142857142858,72.25
9412,12,0.25757575757575757,164.33333333333334
9413,33,0.8806818181818182,58.72727272727273
9414,25,0.16333333333333333,71.56
9415,25,0.4266666666666667,50.64
9416,1,0.0,16.0
9417,13,0.3076923076923077,93.3076923076923
9418,3,0.3333333333333333,14.666666666666666
9419,5,0.3,97.0
9420,7,0.23809523809523808,32.857142857142854
9421,40,0.35512820512820514,39.0
9422,45,0.4727272727272727,54.51111111111111
9423,9,0.19444444444444445,16.77777777777778
9424,10,0.3111111111111111,65.4
9425,2,1.0,12.0
9426,31,0.2129032258064516,55.58064516129032
9427,13,0.20512820512820512,58.0
9428,4,0.5,16.25
9429,7,0.38095238095238093,26.0
9430,81,0.18364197530864199,80.51851851851852
9431,27,0.5384615384615384,59.074074074074076
9432,108,0.2881619937694704,160.64814814814815
9433,23,0.5573122529644269,40.91304347826087
9434,82,0.29328515507377295,85.1829268292683
9435,5,0.1,7.4
9436,12,0.42424242424242425,46.083333333333336
9437,9,0.5555555555555556,58.666666666666664
9438,39,0.12955465587044535,57.0
9439,41,0.2646341463414634,65.97560975609755
9440,83,0.761387011460476,94.24096385542168
9441,37,0.15465465465465467,42.189189189189186
9442,43,0.2702104097452935,47.093023255813954
9443,19,0.28654970760233917,230.8421052631579
9444,11,0.45454545454545453,21.545454545454547
9445,96,0.22324561403508772,201.51041666666666
9446,33,0.22348484848484848,24.151515151515152
9447,7,0.3333333333333333,31.285714285714285
9448,6,0.26666666666666666,146.83333333333334
9449,0,0.0,0.0
9450,1,0.0,2.0
9451,71,0.2358148893360161,58.40845070422535
9452,47,0.3080481036077706,137.6595744680851
9453,5,0.3,58.0
9454,7,0.5238095238095238,12.285714285714286
9455,465,0.11470152020763812,156.54623655913977
9456,8,0.10714285714285714,7.75
9457,5,0.6,42.8
9458,0,0.0,0.0
9459,44,0.7536997885835095,54.54545454545455
9460,0,0.0,0.0
9461,23,0.2450592885375494,37.65217391304348
9462,5,0.2,19.6
9463,13,0.3076923076923077,27.615384615384617
9464,34,0.7058823529411765,103.44117647058823
9465,5,0.6,28.6
9466,97,0.4952749140893471,96.81443298969072
9467,1,0.0,59.0
9468,76,0.4168421052631579,244.77631578947367
9469,3,0.0,10.0
9470,4,0.5,16.0
9471,13,0.3076923076923077,75.46153846153847
9472,20,0.7157894736842105,41.05
9473,10,0.2,76.4
9474,39,0.25371120107962214,132.74358974358975
9475,120,0.2801120448179272,123.29166666666667
9476,8,0.10714285714285714,40.625
9477,3,0.3333333333333333,59.666666666666664
9478,7,0.19047619047619047,200.42857142857142
9479,18,0.45098039215686275,57.166666666666664
9480,18,0.6013071895424836,121.83333333333333
9481,2,1.0,48.0
9482,12,0.7121212121212122,34.0
9483,39,0.17813765182186234,60.51282051282051
9484,28,0.35714285714285715,26.857142857142858
9485,38,0.310099573257468,71.6842105263158
9486,86,0.20930232558139536,109.29069767441861
9487,19,0.27485380116959063,58.05263157894737
9488,6,0.2,122.16666666666667
9489,5,0.4,44.0
9490,37,0.11861861861861862,97.32432432432432
9491,4,0.0,24.5
9492,47,0.35430157261794637,98.12765957446808
9493,5,0.8,9.2
9494,1,0.0,69.0
9495,8,0.25,29.25
9496,64,0.21180555555555555,100.65625
9497,21,0.29523809523809524,56.666666666666664
9498,68,0.8775241439859526,97.6029411764706
9499,0,0.0,0.0
9500,0,0.0,0.0
9501,0,0.0,0.0
9502,3,1.0,7.666666666666667
9503,3,0.0,4.666666666666667
9504,4,0.5,7.0
9505,59,0.3179427235534775,55.355932203389834
9506,29,0.12561576354679804,102.06896551724138
9507,16,0.4666666666666667,48.5625
9508,5,0.6,5.6
9509,0,0.0,0.0
9510,8,0.5357142857142857,38.75
9511,2,0.0,19.5
9512,33,0.4337121212121212,112.33333333333333
9513,10,0.5111111111111111,18.8
9514,0,0.0,0.0
9515,17,0.39705882352941174,39.0
9516,1,0.0,55.0
9517,4,0.6666666666666666,103.5
9518,5,0.4,12.2
9519,85,0.21372549019607842,104.65882352941176
9520,53,0.2910014513788099,71.11320754716981
9521,3,1.0,31.333333333333332
9522,9,0.3611111111111111,40.888888888888886
9523,0,0.0,0.0
9524,61,0.2360655737704918,63.50819672131148
9525,74,0.30951499444650127,108.5945945945946
9526,66,0.23636363636363636,252.45454545454547
9527,33,0.16098484848484848,109.33333333333333
9528,19,0.3216374269005848,22.31578947368421
9529,5,0.3,177.4
9530,73,0.2987062404870624,181.0
9531,52,0.20889894419306185,55.84615384615385
9532,8,0.07142857142857142,10.0
9533,18,0.1568627450980392,150.38888888888889
9534,19,0.26900584795321636,104.52631578947368
9535,44,0.10570824524312897,63.77272727272727
9536,1,0.0,2.0
9537,2,0.0,21.5
9538,8,0.39285714285714285,127.125
9539,19,0.5321637426900585,402.0
9540,2,0.0,36.0
9541,3,0.3333333333333333,41.666666666666664
9542,74,0.21880784894483524,116.66216216216216
9543,120,0.16624649859943977,148.95833333333334
9544,6,0.2,11.333333333333334
9545,1,0.0,1.0
9546,61,0.3360655737704918,94.93442622950819
9547,39,0.5600539811066126,86.87179487179488
9548,5,0.4,46.0
9549,51,0.3325490196078431,84.05882352941177
9550,4,0.3333333333333333,12.75
9551,85,0.3047619047619048,79.48235294117647
9552,0,0.0,0.0
9553,10,0.2222222222222222,20.5
9554,2,1.0,8.0
9555,56,0.32987012987012987,129.07142857142858
9556,12,0.30303030303030304,27.5
9557,43,0.28017718715393136,68.37209302325581
9558,0,0.0,0.0
9559,3,0.3333333333333333,142.66666666666666
9560,7,0.47619047619047616,53.0
9561,7,0.2857142857142857,23.285714285714285
9562,56,0.18636363636363637,100.28571428571429
9563,13,0.5384615384615384,44.76923076923077
9564,8,0.39285714285714285,42.0
9565,0,0.0,0.0
9566,0,0.0,0.0
9567,113,0.12847661188369153,79.59292035398231
9568,4,0.16666666666666666,51.75
9569,6,0.9333333333333333,65.33333333333333
9570,11,0.21818181818181817,19.727272727272727
9571,19,0.23391812865497075,44.10526315789474
9572,4,0.3333333333333333,50.25
9573,10,0.5111111111111111,76.5
9574,11,0.18181818181818182,70.0909090909091
9575,5,0.3,21.0
9576,1,0.0,3.0
9577,52,0.22021116138763197,74.96153846153847
9578,37,0.7117117117117117,62.054054054054056
9579,36,0.5238095238095238,58.111111111111114
9580,44,0.686046511627907,84.86363636363636
9581,1,0.0,8.0
9582,19,0.16374269005847952,212.26315789473685
9583,10,0.4,33.0
9584,166,0.23001095290251916,150.47590361445782
9585,3,1.0,32.333333333333336
9586,7,0.19047619047619047,55.142857142857146
9587,39,0.3697705802968961,122.84615384615384
9588,12,0.30303030303030304,10.25
9589,19,0.6198830409356725,51.68421052631579
9590,5,0.7,12.4
9591,91,0.495970695970696,119.93406593406593
9592,189,0.2500281436451649,154.91534391534393
9593,18,0.23529411764705882,38.55555555555556
9594,0,0.0,0.0
9595,8,0.14285714285714285,189.75
9596,30,0.367816091954023,40.766666666666666
9597,26,0.19692307692307692,32.07692307692308
9598,27,0.2022792022792023,48.666666666666664
9599,2,0.0,21.0
9600,4,0.5,13.5
9601,49,0.461734693877551,81.53061224489795
9602,1,0.0,1.0
9603,3,1.0,17.333333333333332
9604,25,0.47,108.2
9605,50,0.11918367346938775,38.48
9606,16,0.31666666666666665,75.9375
9607,21,0.3380952380952381,31.952380952380953
9608,50,0.3020408163265306,38.7
9609,59,0.3383985973115137,108.86440677966101
9610,9,0.2777777777777778,33.44444444444444
9611,11,0.12727272727272726,34.27272727272727
9612,22,0.2813852813852814,74.68181818181819
9613,2,0.0,130.0
9614,7,0.2857142857142857,122.0
9615,62,0.18455843469063987,80.66129032258064
9616,194,0.07729287965386464,131.4742268041237
9617,1,0.0,1.0
9618,110,0.09074228523769808,34.945454545454545
9619,45,0.15151515151515152,85.4888888888889
9620,23,0.30039525691699603,46.95652173913044
9621,0,0.0,0.0
9622,53,0.19085631349782292,133.0188679245283
9623,11,0.10909090909090909,38.0
9624,25,0.53,51.12
9625,4,0.16666666666666666,69.25
9626,21,0.1380952380952381,80.61904761904762
9627,31,0.2021505376344086,244.74193548387098
9628,1,0.0,17.0
9629,4,0.5,33.25
9630,35,0.22521008403361345,45.34285714285714
9631,1,0.0,49.0
9632,10,0.6,87.9
9633,21,0.20476190476190476,96.95238095238095
9634,1,0.0,1.0
9635,11,0.3090909090909091,58.0
9636,24,0.22826086956521738,94.54166666666667
9637,10,0.2,34.3
9638,7,0.14285714285714285,74.28571428571429
9639,62,0.31253305129561076,78.61290322580645
9640,9,0.5833333333333334,56.0
9641,2,1.0,18.5
9642,34,0.7789661319073083,44.1764705882353
9643,47,0.30527289546716,56.744680851063826
9644,3,0.3333333333333333,82.33333333333333
9645,0,0.0,0.0
9646,2,0.0,40.0
9647,11,0.38181818181818183,52.54545454545455
9648,60,0.5440677966101695,160.08333333333334
9649,4,0.5,72.25
9650,32,0.2560483870967742,36.71875
9651,15,0.4095238095238095,40.6
9652,71,0.1283702213279678,88.74647887323944
9653,205,0.2722620755619321,118.41951219512195
9654,15,0.2761904761904762,73.73333333333333
9655,25,0.21666666666666667,55.08
9656,1,0.0,17.0
9657,5,0.4,11.2
9658,14,0.7692307692307693,42.285714285714285
9659,12,0.10606060606060606,64.66666666666667
9660,6,0.26666666666666666,16.5
9661,32,0.3548387096774194,88.1875
9662,0,0.0,0.0
9663,16,0.7583333333333333,43.5625
9664,38,0.2972972972972973,66.02631578947368
9665,5,0.1,58.0
9666,14,0.15384615384615385,19.0
9667,23,0.549407114624506,106.69565217391305
9668,56,0.7733766233766234,89.05357142857143
9669,18,0.42483660130718953,78.05555555555556
9670,7,0.047619047619047616,39.285714285714285
9671,5,0.1,82.2
9672,43,0.3222591362126246,83.95348837209302
9673,86,0.2426812585499316,125.74418604651163
9674,8,0.21428571428571427,33.0
9675,8,0.39285714285714285,30.0
9676,12,0.5909090909090909,26.166666666666668
9677,1,0.0,11.0
9678,24,0.2826086956521739,254.125
9679,18,0.29411764705882354,48.72222222222222
9680,91,0.708913308913309,121.26373626373626
9681,11,0.2909090909090909,56.36363636363637
9682,6,0.7333333333333333,60.5
9683,1,0.0,121.0
9684,67,0.5653550429669832,87.07462686567165
9685,79,0.15741642323920804,99.79746835443038
9686,20,0.4473684210526316,42.0
9687,8,0.5357142857142857,40.0
9688,7,0.9047619047619048,13.714285714285714
9689,0,0.0,0.0
9690,4,0.3333333333333333,35.75
9691,11,0.10909090909090909,33.0
9692,2,0.0,48.5
9693,300,0.12107023411371237,160.59333333333333
9694,23,0.28063241106719367,199.17391304347825
9695,43,0.7718715393133998,222.11627906976744
9696,104,0.30246452576549665,66.99038461538461
9697,64,0.2152777777777778,82.03125
9698,1,0.0,260.0
9699,2,0.0,4.0
9700,40,0.30256410256410254,53.85
9701,24,0.18840579710144928,86.125
9702,92,0.29956999522216915,72.97826086956522
9703,3,0.3333333333333333,101.66666666666667
9704,4,0.16666666666666666,7.75
9705,37,0.1996996996996997,39.945945945945944
9706,62,0.13167636171337915,63.75806451612903
9707,11,0.2545454545454545,27.727272727272727
9708,23,0.16600790513833993,147.6086956521739
9709,3,0.3333333333333333,15.333333333333334
9710,2,1.0,112.5
9711,12,0.48484848484848486,18.833333333333332
9712,64,0.5302579365079365,88.703125
9713,5,0.7,41.0
9714,70,0.1660455486542443,75.81428571428572
9715,0,0.0,0.0
9716,6,0.4,54.166666666666664
9717,8,0.35714285714285715,21.75
9718,5,0.0,36.8
9719,37,0.28378378378378377,57.7027027027027
9720,65,0.3730769230769231,66.27692307692308
9721,19,0.30409356725146197,120.26315789473684
9722,25,0.53,52.48
9723,33,0.30492424242424243,44.878787878787875
9724,9,0.3333333333333333,20.555555555555557
9725,111,0.23914823914823916,72.74774774774775
9726,54,0.4116002795248078,81.4074074074074
9727,68,0.21115013169446883,192.30882352941177
9728,24,0.6304347826086957,97.70833333333333
9729,5,0.1,39.4
9730,44,0.4619450317124736,72.68181818181819
9731,17,0.2647058823529412,73.94117647058823
9732,27,0.150997150997151,146.33333333333334
9733,15,0.37142857142857144,46.2
9734,2,0.0,12.0
9735,1,0.0,11.0
9736,38,0.30440967283072545,67.57894736842105
9737,22,0.5757575757575758,44.59090909090909
9738,10,0.3333333333333333,51.5
9739,6,0.3333333333333333,9.666666666666666
9740,30,0.4781609195402299,164.23333333333332
9741,82,0.20084311954230655,148.9268292682927
9742,33,0.23484848484848486,51.78787878787879
9743,14,0.3516483516483517,40.142857142857146
9744,1,0.0,6.0
9745,10,0.5777777777777777,61.7
9746,13,0.2692307692307692,24.615384615384617
9747,37,0.1831831831831832,57.810810810810814
9748,4,0.6666666666666666,29.25
9749,2,1.0,135.0
9750,9,0.3611111111111111,38.55555555555556
9751,18,0.4117647058823529,52.5
9752,19,0.19883040935672514,39.21052631578947
9753,2,1.0,19.0
9754,5,0.5,89.8
9755,19,0.30409356725146197,72.36842105263158
9756,3,0.3333333333333333,15.0
9757,1,0.0,7.0
9758,41,0.18536585365853658,142.46341463414635
9759,6,0.13333333333333333,85.83333333333333
9760,9,0.6666666666666666,32.55555555555556
9761,97,0.47079037800687284,72.51546391752578
9762,1,0.0,22.0
9763,18,0.32679738562091504,186.27777777777777
9764,115,0.40335621662852783,290.53913043478263
9765,5,0.6,6.6
9766,7,0.6190476190476191,64.28571428571429
9767,23,0.23715415019762845,48.391304347826086
9768,14,0.4945054945054945,167.28571428571428
9769,27,0.4358974358974359,38.333333333333336
9770,43,0.25249169435215946,54.44186046511628
9771,2,0.0,70.0
9772,24,0.75,62.083333333333336
9773,5,0.5,7.0
9774,3,0.3333333333333333,27.333333333333332
9775,67,0.3568521031207598,244.34328358208955
9776,26,0.26461538461538464,105.5
9777,49,0.3307823129251701,46.97959183673469
9778,166,0.1117926250456371,68.54819277108433
9779,8,0.42857142857142855,163.875
9780,97,0.25214776632302405,153.24742268041237
9781,13,0.6025641025641025,30.307692307692307
9782,55,0.09090909090909091,92.89090909090909
9783,7,0.47619047619047616,12.0
9784,92,0.08838987099856666,44.891304347826086
9785,6,0.3333333333333333,81.66666666666667
9786,3,0.6666666666666666,62.0
9787,3,0.6666666666666666,45.0
9788,18,0.46405228758169936,46.22222222222222
9789,50,0.4726530612244898,70.16
9790,2,1.0,4.5
9791,11,0.21818181818181817,17.818181818181817
9792,21,0.3380952380952381,33.095238095238095
9793,19,0.2046783625730994,130.52631578947367
9794,8,0.35714285714285715,42.875
9795,32,0.5100806451612904,36.6875
9796,4,0.6666666666666666,15.25
9797,3,0.0,6.333333333333333
9798,5,1.0,19.0
9799,4,0.16666666666666666,27.0
9800,49,0.5833333333333334,87.79591836734694
9801,31,0.25161290322580643,38.354838709677416
9802,1,0.0,6.0
9803,7,0.38095238095238093,31.285714285714285
9804,2,0.0,25.0
9805,27,0.584045584045584,64.37037037037037
9806,137,0.3862172606268785,81.16058394160584
9807,14,0.18681318681318682,21.928571428571427
9808,85,0.22240896358543416,70.03529411764706
9809,2,0.0,70.5
9810,57,0.20488721804511278,198.19298245614036
9811,8,0.25,25.0
9812,8,0.21428571428571427,123.125
9813,28,0.23809523809523808,61.785714285714285
9814,1,0.0,23.0
9815,3,0.0,33.333333333333336
9816,24,0.15942028985507245,85.08333333333333
9817,1,0.0,14.0
9818,66,0.40512820512820513,346.8484848484849
9819,9,0.75,115.0
9820,10,0.5333333333333333,20.2
9821,12,0.3939393939393939,54.916666666666664
9822,65,0.2144230769230769,82.33846153846154
9823,60,0.4604519774011299,98.73333333333333
9824,17,0.75,57.411764705882355
9825,60,0.315819209039548,130.43333333333334
9826,8,0.2857142857142857,42.0
9827,64,0.23660714285714285,101.140625
9828,128,0.11294291338582677,62.3671875
9829,75,0.2381981981981982,145.44
9830,11,0.23636363636363636,60.54545454545455
9831,12,0.3484848484848485,10.5
9832,56,0.1974025974025974,120.28571428571429
9833,4,0.5,39.0
9834,4,0.3333333333333333,37.5
9835,13,0.3974358974358974,284.7692307692308
9836,16,0.21666666666666667,55.1875
9837,59,0.5464640561075395,86.08474576271186
9838,76,0.26526315789473687,137.22368421052633
9839,0,0.0,0.0
9840,3,0.0,1.6666666666666667
9841,6,0.2,12.0
9842,4,0.16666666666666666,14.25
9843,8,0.17857142857142858,53.875
9844,74,0.2654572380599778,166.1081081081081
9845,26,0.35384615384615387,65.53846153846153
9846,2,1.0,70.5
9847,6,0.4,80.16666666666667
9848,32,0.19556451612903225,47.625
9849,8,0.4642857142857143,28.25
9850,16,0.19166666666666668,40.625
9851,3,0.3333333333333333,28.333333333333332
9852,10,0.6,50.4
9853,0,0.0,0.0
9854,9,0.16666666666666666,103.55555555555556
9855,65,0.27692307692307694,41.58461538461538
9856,12,0.3484848484848485,41.083333333333336
9857,59,0.26709526592635885,81.57627118644068
9858,2,1.0,25.0
9859,30,0.25517241379310346,123.83333333333333
9860,118,0.3246414602346806,146.58474576271186
9861,6,0.26666666666666666,102.66666666666667
9862,0,0.0,0.0
9863,8,0.14285714285714285,17.5
9864,24,0.18115942028985507,37.166666666666664
9865,37,0.3183183183183183,64.94594594594595
9866,1,0.0,4.0
9867,0,0.0,0.0
9868,53,0.44992743105950656,217.8679245283019
9869,0,0.0,0.0
9870,3,0.3333333333333333,47.0
9871,23,0.30039525691699603,47.47826086956522
9872,0,0.0,0.0
9873,204,0.1605814739688979,82.32843137254902
9874,57,0.09774436090225563,66.29824561403508
9875,0,0.0,0.0
9876,15,0.2571428571428571,44.6
9877,21,0.49523809523809526,46.04761904761905
9878,41,0.31341463414634146,98.65853658536585
9879,14,0.5494505494505495,83.85714285714286
9880,64,0.16666666666666666,122.421875
9881,25,0.32,88.12
9882,31,0.3956989247311828,174.51612903225808
9883,4,0.5,59.0
9884,55,0.49023569023569025,336.56363636363636
9885,47,0.19148936170212766,94.70212765957447
9886,41,0.38658536585365855,25.75609756097561
9887,8,0.21428571428571427,11.625
9888,31,0.35698924731182796,97.90322580645162
9889,8,0.21428571428571427,55.875
9890,8,0.42857142857142855,40.0
9891,5,0.6,41.0
9892,17,0.41911764705882354,96.6470588235294
9893,28,0.2566137566137566,48.75
9894,50,0.3485714285714286,89.48
9895,4,0.5,70.0
9896,18,0.35947712418300654,61.333333333333336
9897,14,0.45054945054945056,110.92857142857143
9898,22,0.30303030303030304,57.27272727272727
9899,34,0.3582887700534759,183.97058823529412
9900,5,0.6,31.6
9901,17,0.2867647058823529,41.1764705882353
9902,5,0.1,40.8
9903,25,0.3333333333333333,145.6
9904,17,0.47058823529411764,54.35294117647059
9905,15,0.45714285714285713,60.0
9906,1,0.0,5.0
9907,2,0.0,27.0
9908,9,0.7777777777777778,37.44444444444444
9909,28,0.5211640211640212,162.39285714285714
9910,16,0.21666666666666667,22.3125
9911,14,0.34065934065934067,82.28571428571429
9912,2,0.0,5.5
9913,74,0.2058496853017401,109.0945945945946
9914,24,0.391304347826087,99.20833333333333
9915,2,0.0,167.0
9916,16,0.225,73.0
9917,11,0.6909090909090909,59.27272727272727
9918,6,0.5333333333333333,26.833333333333332
9919,9,0.6666666666666666,68.77777777777777
9920,29,0.29310344827586204,75.72413793103448
9921,7,0.2857142857142857,55.42857142857143
9922,29,0.47044334975369456,52.793103448275865
9923,0,0.0,0.0
9924,12,0.3939393939393939,92.33333333333333
9925,202,0.09206443032362938,73.03465346534654
9926,27,0.4843304843304843,107.4074074074074
9927,113,0.5123261694058154,82.20353982300885
9928,9,0.2222222222222222,129.0
9929,57,0.7017543859649122,76.3157894736842
9930,4,1.0,21.5
9931,40,0.15897435897435896,36.8
9932,29,0.28078817733990147,27.275862068965516
9933,10,0.15555555555555556,28.8
9934,8,0.5714285714285714,31.875
9935,1,0.0,43.0
9936,37,0.2927927927927928,53.729729729729726
9937,9,0.3333333333333333,39.666666666666664
9938,79,0.29860434923726065,146.81012658227849
9939,42,0.15911730545876887,56.73809523809524
9940,21,0.8952380952380953,38.19047619047619
9941,18,0.40522875816993464,27.944444444444443
9942,43,0.4429678848283499,54.02325581395349
9943,6,0.3333333333333333,19.666666666666668
9944,3,0.6666666666666666,114.66666666666667
9945,19,0.6140350877192983,60.26315789473684
9946,15,0.10476190476190476,53.06666666666667
9947,4,0.16666666666666666,11.0
9948,91,0.5311355311355311,80.53846153846153
9949,29,0.4039408866995074,96.3103448275862
9950,27,0.6581196581196581,90.77777777777777
9951,40,0.22179487179487178,38.4
9952,103,0.35217970683419,160.83495145631068
9953,17,0.3161764705882353,204.1764705882353
9954,29,0.2660098522167488,42.93103448275862
9955,3,0.3333333333333333,9.333333333333334
9956,13,0.24358974358974358,31.153846153846153
9957,70,0.37598343685300206,213.4857142857143
9958,4,0.6666666666666666,11.0
9959,10,0.4222222222222222,90.6
9960,239,0.18933933405998382,194.94560669456067
9961,43,0.34219269102990035,36.23255813953488
9962,81,0.19783950617283952,156.80246913580248
9963,0,0.0,0.0
9964,8,0.5,27.125
9965,50,0.38285714285714284,165.84
9966,54,0.25716282320055905,105.33333333333333
9967,0,0.0,0.0
9968,4,0.3333333333333333,21.0
9969,0,0.0,0.0
9970,1,0.0,3.0
9971,21,0.5619047619047619,36.80952380952381
9972,6,0.6,64.33333333333333
9973,54,0.29280223619846263,56.888888888888886
9974,16,0.36666666666666664,47.25
9975,35,0.3798319327731092,184.4
9976,5,0.4,76.2
9977,3,0.3333333333333333,18.333333333333332
9978,8,0.17857142857142858,83.5
9979,8,0.10714285714285714,44.25
9980,78,0.3962703962703963,123.01282051282051
9981,57,0.20864661654135339,64.14035087719299
9982,39,0.3481781376518219,112.35897435897436
9983,5,0.4,20.4
9984,18,0.19607843137254902,37.05555555555556
9985,23,0.6758893280632411,55.608695652173914
9986,86,0.2875512995896033,123.86046511627907
9987,9,0.2777777777777778,69.11111111111111
9988,21,0.2523809523809524,62.57142857142857
9989,56,0.2688311688311688,77.26785714285714
9990,39,0.3603238866396761,96.41025641025641
9991,12,0.3181818181818182,190.33333333333334
9992,1,0.0,25.0
9993,4,0.3333333333333333,78.5
9994,1,0.0,7.0
9995,66,0.17762237762237762,48.71212121212121
9996,14,0.2967032967032967,57.07142857142857
9997,35,0.36134453781512604,52.857142857142854
9998,52,0.45625942684766213,86.84615384615384
9999,11,0.41818181818181815,58.72727272727273
10000,45,0.22525252525252526,38.111111111111114
10001,9,0.6388888888888888,275.55555555555554
10002,20,0.2578947368421053,30.7
10003,12,0.24242424242424243,27.25
10004,115,0.38443935926773454,194.26956521739132
10005,17,0.19852941176470587,57.705882352941174
10006,10,0.4,83.8
10007,163,0.19381958645762326,112.77914110429448
10008,3,1.0,45.666666666666664
10009,10,0.3111111111111111,35.9
10010,23,0.26877470355731226,54.0
10011,1,0.0,1.0
10012,1,0.0,16.0
10013,12,0.2878787878787879,51.5
10014,0,0.0,0.0
10015,2,0.0,84.5
10016,65,0.26153846153846155,118.52307692307693
10017,5,0.3,41.2
10018,30,0.34022988505747126,24.9
10019,8,0.75,54.625
10020,20,0.2,59.55
10021,4,0.6666666666666666,12.5
10022,10,0.28888888888888886,84.1
10023,36,0.7492063492063492,50.05555555555556
10024,45,0.4202020202020202,36.266666666666666
10025,4,0.8333333333333334,44.0
10026,1,0.0,11.0
10027,1,0.0,25.0
10028,0,0.0,0.0
10029,2,1.0,68.5
10030,47,0.25254394079555964,77.06382978723404
10031,5,0.3,51.0
10032,0,0.0,0.0
10033,45,0.6292929292929293,72.4
10034,20,0.4842105263157895,26.55
10035,59,0.3582700175336061,151.79661016949152
10036,20,0.49473684210526314,25.4
10037,16,0.5,31.875
10038,4,0.8333333333333334,418.5
10039,0,0.0,0.0
10040,14,0.2967032967032967,58.285714285714285
10041,11,0.6181818181818182,33.0
10042,52,0.6048265460030166,93.5
10043,3,0.0,11.666666666666666
10044,26,0.16615384615384615,30.615384615384617
10045,93,0.20500233754090696,79.05376344086021
10046,2,1.0,32.0
10047,21,0.22857142857142856,34.38095238095238
10048,71,0.13963782696177063,140.0
10049,27,0.27635327635327633,116.29629629629629
10050,56,0.2597402597402597,71.96428571428571
10051,7,0.42857142857142855,14.714285714285714
10052,6,0.3333333333333333,30.5
10053,71,0.27887323943661974,103.67605633802818
10054,4,0.0,24.25
10055,48,0.2296099290780142,34.791666666666664
10056,17,0.5441176470588235,80.23529411764706
10057,37,0.18018018018018017,55.32432432432432
10058,38,0.5277382645803699,59.81578947368421
10059,2,1.0,16.5
10060,16,0.26666666666666666,38.1875
10061,4,0.16666666666666666,3.25
10062,4,0.3333333333333333,32.0
10063,60,0.27175141242937856,75.75
10064,5,0.0,152.6
10065,19,0.13450292397660818,103.78947368421052
10066,17,0.17647058823529413,29.88235294117647
10067,2,0.0,26.5
10068,70,0.20662525879917185,104.8
10069,18,0.35947712418300654,46.5
10070,28,0.30952380952380953,64.0
10071,34,0.3048128342245989,41.35294117647059
10072,94,0.2507435369480668,72.06382978723404
10073,64,0.1423611111111111,112.875
10074,41,0.2597560975609756,77.63414634146342
10075,3,0.0,18.333333333333332
10076,21,0.4095238095238095,64.28571428571429
10077,110,0.1811509591326105,144.51818181818183
10078,0,0.0,0.0
10079,0,0.0,0.0
10080,14,0.3076923076923077,86.14285714285714
10081,12,0.5,36.5
10082,0,0.0,0.0
10083,3,0.0,10.666666666666666
10084,25,0.42,55.08
10085,7,0.38095238095238093,118.14285714285714
10086,15,0.3523809523809524,178.13333333333333
10087,66,0.2806526806526807,110.33333333333333
10088,38,0.25177809388335703,64.36842105263158
10089,92,0.5289058767319637,96.80434782608695
10090,11,0.32727272727272727,34.36363636363637
10091,37,0.25975975975975973,118.02702702702703
10092,3,0.3333333333333333,45.666666666666664
10093,28,0.1111111111111111,103.82142857142857
10094,19,0.4444444444444444,106.0
10095,40,0.2551282051282051,186.75
10096,21,0.1380952380952381,78.76190476190476
10097,20,0.26842105263157895,69.3
10098,6,0.3333333333333333,71.33333333333333
10099,116,0.24587706146926536,107.93103448275862
10100,88,0.14733542319749215,85.31818181818181
10101,0,0.0,0.0
10102,10,0.4222222222222222,17.2
10103,79,0.20025965595585848,166.72151898734177
10104,12,0.24242424242424243,7.666666666666667
10105,0,0.0,0.0
10106,89,0.16215526046986722,141.92134831460675
10107,41,0.3878048780487805,38.31707317073171
10108,0,0.0,0.0
10109,6,0.3333333333333333,275.5
10110,47,0.30434782608695654,98.65957446808511
10111,7,0.14285714285714285,14.285714285714286
10112,10,0.1111111111111111,69.0
10113,21,0.3380952380952381,30.80952380952381
10114,1,0.0,10.0
10115,15,0.42857142857142855,35.53333333333333
10116,2,1.0,5.0
10117,4,0.6666666666666666,6.0
10118,11,0.2545454545454545,47.45454545454545
10119,14,0.6373626373626373,46.642857142857146
10120,5,0.9,46.6
10121,20,0.5421052631578948,35.35
10122,1,0.0,7.0
10123,3,0.0,8.0
10124,53,0.4332365747460087,40.58490566037736
10125,13,0.21794871794871795,39.23076923076923
10126,33,0.4053030303030303,82.87878787878788
10127,12,0.4090909090909091,31.25
10128,16,0.3333333333333333,26.5
10129,51,0.323921568627451,58.333333333333336
10130,63,0.12698412698412698,95.82539682539682
10131,24,0.25,100.875
10132,42,0.5842044134727061,40.523809523809526
10133,15,0.47619047619047616,24.933333333333334
10134,1,0.0,13.0
10135,8,0.10714285714285714,48.375
10136,60,0.3129943502824859,155.61666666666667
10137,2,0.0,19.0
10138,6,0.2,141.83333333333334
10139,33,0.7310606060606061,95.06060606060606
10140,19,0.3157894736842105,55.73684210526316
10141,12,0.6515151515151515,62.083333333333336
10142,31,0.2752688172043011,42.87096774193548
10143,5,0.1,24.4
10144,51,0.48705882352941177,50.19607843137255
10145,3,0.0,46.333333333333336
10146,81,0.2021604938271605,60.19753086419753
10147,58,0.20024198427102238,143.10344827586206
10148,5,0.3,65.2
10149,260,0.12058212058212059,128.21153846153845
10150,36,0.7634920634920634,92.55555555555556
10151,3,1.0,54.666666666666664
10152,1,0.0,65.0
10153,2,0.0,6.0
10154,43,0.2602436323366556,105.90697674418605
10155,8,0.39285714285714285,95.5
10156,4,0.5,26.5
10157,69,0.2949701619778346,150.3768115942029
10158,23,0.31620553359683795,37.78260869565217
10159,0,0.0,0.0
10160,42,0.3821138211382114,104.0
10161,38,0.11806543385490754,35.13157894736842
10162,7,0.47619047619047616,33.142857142857146
10163,76,0.3529824561403509,118.14473684210526
10164,157,0.2748652621264086,81.96815286624204
10165,27,0.45014245014245013,39.0
10166,23,0.2727272727272727,55.52173913043478
10167,8,0.5357142857142857,16.5
10168,1,0.0,10.0
10169,5,0.1,36.6
10170,17,0.0661764705882353,27.705882352941178
10171,115,0.2463768115942029,99.16521739130435
10172,59,0.2863822326125073,72.28813559322033
10173,122,0.20593415526351444,110.1639344262295
10174,13,0.11538461538461539,27.53846153846154
10175,0,0.0,0.0
10176,1,0.0,2.0
10177,20,0.3263157894736842,206.1
10178,6,0.2,14.833333333333334
10179,0,0.0,0.0
10180,7,0.42857142857142855,21.0
10181,53,0.18722786647314948,92.24528301886792
10182,32,0.1693548387096774,107.71875
10183,2,1.0,5.5
10184,8,0.39285714285714285,12.875
10185,19,0.23391812865497075,15.263157894736842
10186,59,0.29281122150789013,101.72881355932203
10187,79,0.5894190197987667,76.25316455696202
10188,2,0.0,31.0
10189,14,0.5384615384615384,79.92857142857143
10190,68,0.437225636523266,76.97058823529412
10191,21,0.49047619047619045,49.04761904761905
10192,35,0.18823529411764706,33.97142857142857
10193,3,0.6666666666666666,64.66666666666667
10194,72,0.4217527386541471,99.41666666666667
10195,7,0.09523809523809523,19.714285714285715
10196,6,0.4,58.333333333333336
10197,22,0.5151515151515151,39.77272727272727
10198,9,0.4722222222222222,10.444444444444445
10199,3,0.6666666666666666,65.33333333333333
10200,84,0.5989672977624785,84.79761904761905
10201,2,0.0,24.0
10202,36,0.5492063492063493,49.75
10203,5,0.4,25.2
10204,19,0.21052631578947367,26.736842105263158
10205,59,0.40561075394506135,86.13559322033899
10206,21,0.2714285714285714,98.28571428571429
10207,15,0.47619047619047616,187.8
10208,30,0.6344827586206897,53.63333333333333
10209,47,0.23959296947271044,42.04255319148936
10210,6,0.4666666666666667,101.66666666666667
10211,5,0.6,18.0
10212,168,0.24964357000285145,110.53571428571429
10213,16,0.44166666666666665,44.1875
10214,62,0.2522474881015336,258.51612903225805
10215,44,0.47674418604651164,108.0909090909091
10216,3,0.0,12.333333333333334
10217,2,0.0,23.5
10218,0,0.0,0.0
10219,3,1.0,211.33333333333334
10220,22,0.1774891774891775,158.1818181818182
10221,5,0.8,8.4
10222,30,0.23218390804597702,53.6
10223,15,0.6761904761904762,52.666666666666664
10224,14,0.4175824175824176,41.642857142857146
10225,1,0.0,16.0
10226,7,0.42857142857142855,37.57142857142857
10227,1,0.0,1.0
10228,28,0.6005291005291006,58.67857142857143
10229,37,0.44894894894894893,83.43243243243244
10230,18,0.16339869281045752,60.666666666666664
10231,10,0.6222222222222222,17.2
10232,3,0.3333333333333333,23.333333333333332
10233,11,0.2909090909090909,95.81818181818181
10234,23,0.5375494071146245,49.30434782608695
10235,22,0.20346320346320346,35.36363636363637
10236,1,0.0,1.0
10237,8,0.17857142857142858,24.875
10238,4,0.16666666666666666,51.25
10239,64,0.21081349206349206,50.453125
10240,46,0.21642512077294687,135.19565217391303
10241,22,0.15584415584415584,46.22727272727273
10242,52,0.47888386123680243,63.09615384615385
10243,12,0.16666666666666666,59.333333333333336
10244,5,0.4,41.0
10245,9,0.3333333333333333,64.22222222222223
10246,74,0.5446131062569419,170.78378378378378
10247,0,0.0,0.0
10248,8,0.6785714285714286,30.25
10249,20,0.34210526315789475,35.95
10250,10,0.4,49.5
10251,20,0.1736842105263158,61.7
10252,54,0.2690426275331936,116.83333333333333
10253,9,0.2222222222222222,81.66666666666667
10254,75,0.23855855855855856,126.49333333333334
10255,9,0.6388888888888888,59.0
10256,109,0.19300033978933062,104.54128440366972
10257,96,0.22171052631578947,90.375
10258,0,0.0,0.0
10259,14,0.9340659340659341,46.357142857142854
10260,22,0.24675324675324675,56.18181818181818
10261,28,0.30158730158730157,71.0
10262,140,0.2171634121274409,137.59285714285716
10263,10,0.2,49.4
10264,32,0.4576612903225806,57.375
10265,125,0.259741935483871,114.4
10266,8,0.6071428571428571,18.5
10267,69,0.2237851662404092,119.3913043478261
10268,84,0.2532989099254159,89.21428571428571
10269,4,0.5,67.75
10270,0,0.0,0.0
10271,1,0.0,22.0
10272,1,0.0,8.0
10273,1,0.0,11.0
10274,29,0.47044334975369456,191.13793103448276
10275,40,0.24487179487179486,49.2
10276,51,0.3984313725490196,106.43137254901961
10277,6,0.4,34.166666666666664
10278,0,0.0,0.0
10279,2,1.0,17.5
10280,47,0.25161887141535616,35.04255319148936
10281,19,0.27485380116959063,55.0
10282,23,0.6126482213438735,102.30434782608695
10283,5,0.2,25.6
10284,15,0.6,78.13333333333334
10285,18,0.1568627450980392,138.11111111111111
10286,8,0.75,29.875
10287,65,0.5019230769230769,111.33846153846154
10288,17,0.19117647058823528,17.058823529411764
10289,3,0.3333333333333333,72.33333333333333
10290,13,0.19230769230769232,17.307692307692307
10291,62,0.4944473823373876,107.90322580645162
10292,7,0.6190476190476191,125.14285714285714
10293,59,0.42255990648743424,146.0677966101695
10294,16,0.275,218.875
10295,17,0.23529411764705882,50.588235294117645
10296,1,0.0,1.0
10297,29,0.6403940886699507,75.10344827586206
10298,20,0.20526315789473684,68.9
10299,5,0.0,43.4
10300,21,0.37142857142857144,47.04761904761905
10301,89,0.4108784473953013,122.71910112359551
10302,1,0.0,6.0
10303,22,0.6666666666666666,60.0
10304,230,0.18538067210936016,187.64347826086956
10305,7,0.19047619047619047,316.7142857142857
10306,0,0.0,0.0
10307,26,0.2123076923076923,42.15384615384615
10308,87,0.21839080459770116,67.8735632183908
10309,47,0.2645698427382054,53.851063829787236
10310,4,0.8333333333333334,26.25
10311,130,0.30065593321407275,151.93076923076924
10312,90,0.2009987515605493,107.25555555555556
10313,86,0.2782489740082079,145.02325581395348
10314,2,0.0,33.5
10315,13,0.2564102564102564,78.07692307692308
10316,6,0.4666666666666667,92.16666666666667
10317,73,0.15943683409436835,61.83561643835616
10318,135,0.1701492537313433,185.74074074074073
10319,9,0.2777777777777778,63.333333333333336
10320,22,0.36796536796536794,103.54545454545455
10321,6,0.2,8.5
10322,26,0.19384615384615383,163.1153846153846
10323,4,0.16666666666666666,3.5
10324,6,0.3333333333333333,29.666666666666668
10325,8,0.14285714285714285,31.875
10326,9,0.3888888888888889,113.55555555555556
10327,0,0.0,0.0
10328,14,0.5494505494505495,62.57142857142857
10329,37,0.13663663663663664,103.54054054054055
10330,22,0.3203463203463203,162.63636363636363
10331,13,0.6025641025641025,43.69230769230769
10332,8,0.2857142857142857,120.5
10333,33,0.3522727272727273,50.42424242424242
10334,6,0.5333333333333333,26.0
10335,17,0.5661764705882353,49.76470588235294
10336,6,0.5333333333333333,24.5
10337,38,0.3157894736842105,89.57894736842105
10338,48,0.17198581560283688,95.27083333333333
10339,47,0.2072155411655874,52.61702127659574
10340,40,0.5371794871794872,92.475
10341,12,0.16666666666666666,27.5
10342,28,0.20105820105820105,57.42857142857143
10343,2,0.0,97.0
10344,16,0.35833333333333334,49.3125
10345,13,0.5128205128205128,25.076923076923077
10346,36,0.5031746031746032,44.30555555555556
10347,11,0.32727272727272727,44.18181818181818
10348,6,0.8,53.833333333333336
10349,6,0.26666666666666666,26.833333333333332
10350,62,0.30195663670015865,30.06451612903226
10351,34,0.4117647058823529,42.55882352941177
10352,71,0.29698189134808856,138.1267605633803
10353,11,0.34545454545454546,46.18181818181818
10354,70,0.2492753623188406,66.64285714285714
10355,16,0.5583333333333333,84.5625
10356,58,0.4537205081669691,92.5
10357,167,0.18375297597575932,174.36526946107784
10358,17,0.375,70.70588235294117
10359,3,0.3333333333333333,11.666666666666666
10360,5,0.3,32.8
10361,9,0.5,14.0
10362,84,0.21113023522662078,114.05952380952381
10363,15,0.24761904761904763,236.6
10364,47,0.2238667900092507,61.851063829787236
10365,5,0.3,8.2
10366,14,0.43956043956043955,105.28571428571429
10367,34,0.25668449197860965,60.470588235294116
10368,25,0.52,73.2
10369,20,0.37894736842105264,98.2
10370,12,0.25757575757575757,16.833333333333332
10371,8,0.6785714285714286,76.75
10372,30,0.3448275862068966,105.26666666666667
10373,7,0.3333333333333333,103.0
10374,47,0.42368177613321,192.95744680851064
10375,7,0.5238095238095238,15.428571428571429
10376,8,0.42857142857142855,26.0
10377,32,0.3548387096774194,199.375
10378,18,0.2222222222222222,54.77777777777778
10379,81,0.3947530864197531,75.4320987654321
10380,182,0.12021128043227491,142.3131868131868
10381,34,0.20855614973262032,66.0
10382,19,0.5555555555555556,48.21052631578947
10383,3,0.0,37.333333333333336
10384,0,0.0,0.0
10385,7,0.5714285714285714,31.0
10386,31,0.3913978494623656,42.54838709677419
10387,3,0.0,7.0
10388,23,0.3359683794466403,38.21739130434783
10389,35,0.3697478991596639,102.28571428571429
10390,223,0.1728275360562356,156.31838565022423
10391,16,0.7333333333333333,40.1875
10392,6,0.2,30.166666666666668
10393,24,0.34782608695652173,36.0
10394,1,0.0,3.0
10395,57,0.3201754385964912,143.17543859649123
10396,37,0.3183183183183183,202.02702702702703
10397,83,0.594181604466647,78.7710843373494
10398,6,0.4,96.5
10399,2,1.0,29.0
10400,7,1.0,18.285714285714285
10401,13,0.8205128205128205,53.38461538461539
10402,56,0.15844155844155844,72.30357142857143
10403,40,0.5551282051282052,52.8
10404,5,0.3,57.6
10405,31,0.36989247311827955,64.93548387096774
10406,25,0.3933333333333333,69.2
10407,5,0.4,26.0
10408,40,0.41410256410256413,55.925
10409,17,0.16176470588235295,33.0
10410,51,0.4588235294117647,69.13725490196079
10411,114,0.12622263623660923,112.47368421052632
10412,6,0.6666666666666666,32.5
10413,14,0.17582417582417584,44.357142857142854
10414,37,0.5585585585585585,49.567567567567565
10415,5,0.1,7.8
10416,0,0.0,0.0
10417,3,0.0,75.0
10418,0,0.0,0.0
10419,14,0.15384615384615385,38.714285714285715
10420,28,0.5978835978835979,68.75
10421,4,0.0,12.0
10422,18,0.39869281045751637,113.5
10423,8,0.7142857142857143,50.75
10424,25,0.4033333333333333,109.88
10425,14,0.6153846153846154,122.28571428571429
10426,23,0.2015810276679842,33.34782608695652
10427,77,0.34859876965140124,68.77922077922078
10428,12,0.36363636363636365,31.25
10429,64,0.12301587301587301,62.109375
10430,49,0.22959183673469388,33.87755102040816
10431,5,0.9,35.8
10432,4,0.5,29.0
10433,46,0.4492753623188406,197.43478260869566
10434,24,0.2246376811594203,36.583333333333336
10435,44,0.2463002114164905,49.15909090909091
10436,20,0.25263157894736843,31.1
10437,5,0.7,52.4
10438,96,0.2307017543859649,175.64583333333334
10439,2,1.0,4.5
10440,14,0.6263736263736264,102.0
10441,2,0.0,37.0
10442,8,0.5,95.75
10443,2,1.0,65.5
10444,10,0.35555555555555557,30.3
10445,5,0.1,42.2
10446,7,0.047619047619047616,65.0
10447,2,1.0,3.5
10448,26,0.13538461538461538,73.38461538461539
10449,7,0.38095238095238093,294.7142857142857
10450,16,0.4666666666666667,46.375
10451,91,0.442002442002442,92.7032967032967
10452,19,0.543859649122807,63.526315789473685
10453,15,0.10476190476190476,24.2
10454,8,0.21428571428571427,76.375
10455,3,0.0,17.666666666666668
10456,20,0.18421052631578946,66.65
10457,25,0.29333333333333333,151.84
10458,46,0.40869565217391307,104.84782608695652
10459,23,0.19367588932806323,127.17391304347827
10460,52,0.3129713423831071,103.36538461538461
10461,15,0.3523809523809524,32.86666666666667
10462,201,0.1625870646766169,105.2587064676617
10463,18,0.13725490196078433,36.111111111111114
10464,66,0.41631701631701634,96.1969696969697
10465,17,0.5073529411764706,34.529411764705884
10466,4,0.16666666666666666,14.25
10467,8,0.6071428571428571,84.875
10468,39,0.38461538461538464,65.6923076923077
10469,7,0.19047619047619047,34.142857142857146
10470,84,0.42627653471026966,140.9404761904762
10471,8,0.25,26.75
10472,16,0.2916666666666667,49.9375
10473,5,0.6,26.2
10474,59,0.7030976037405027,86.08474576271186
10475,63,0.16641065028161803,52.63492063492063
10476,7,0.6666666666666666,24.285714285714285
10477,13,0.46153846153846156,58.0
10478,13,0.5,64.61538461538461
10479,74,0.2302850796001481,131.27027027027026
10480,33,0.5397727272727273,64.96969696969697
10481,40,0.3782051282051282,28.25
10482,1,0.0,11.0
10483,19,0.3567251461988304,49.8421052631579
10484,13,0.7307692307692307,143.76923076923077
10485,37,0.2777777777777778,88.75675675675676
10486,145,0.217816091954023,69.88275862068966
10487,11,0.09090909090909091,39.63636363636363
10488,45,0.8494949494949495,88.37777777777778
10489,1,0.0,96.0
10490,26,0.23076923076923078,61.65384615384615
10491,14,0.34065934065934067,121.28571428571429
10492,31,0.22795698924731184,173.51612903225808
10493,87,0.2651697407110398,94.33333333333333
10494,19,0.34502923976608185,140.8421052631579
10495,8,0.5714285714285714,52.5
10496,48,0.24822695035460993,229.70833333333334
10497,1,0.0,2.0
10498,72,0.17370892018779344,120.80555555555556
10499,39,0.562753036437247,57.84615384615385
10500,117,0.3349543177129384,99.3931623931624
10501,35,0.346218487394958,89.11428571428571
10502,1,0.0,36.0
10503,51,0.36470588235294116,39.64705882352941
10504,14,0.42857142857142855,25.571428571428573
10505,2,1.0,29.5
10506,46,0.34492753623188405,137.08695652173913
10507,97,0.3116408934707904,113.91752577319588
10508,4,0.5,38.0
10509,7,0.42857142857142855,39.857142857142854
10510,21,0.5428571428571428,29.047619047619047
10511,19,0.5964912280701754,67.89473684210526
10512,21,0.7,49.333333333333336
10513,0,0.0,0.0
10514,32,0.5362903225806451,60.25
10515,3,0.0,14.666666666666666
10516,2,1.0,834.0
10517,22,0.15584415584415584,61.0
10518,55,0.5878787878787879,51.89090909090909
10519,47,0.5337650323774283,73.34042553191489
10520,6,0.3333333333333333,67.83333333333333
10521,107,0.31158525833186385,123.1214953271028
10522,14,0.38461538461538464,33.92857142857143
10523,13,0.3717948717948718,27.384615384615383
10524,112,0.21428571428571427,96.58035714285714
10525,51,0.26588235294117646,84.29411764705883
10526,22,0.935064935064935,30.318181818181817
10527,4,0.16666666666666666,30.5
10528,0,0.0,0.0
10529,21,0.11904761904761904,34.285714285714285
10530,42,0.3786295005807201,45.19047619047619
10531,58,0.19177253478523895,134.31034482758622
10532,63,0.23655913978494625,60.15873015873016
10533,36,0.2111111111111111,63.47222222222222
10534,8,0.5357142857142857,27.0
10535,1,0.0,19.0
10536,130,0.26964818127608825,155.86153846153846
10537,161,0.24340062111801242,164.7950310559006
10538,70,0.19047619047619047,55.357142857142854
10539,1,0.0,26.0
10540,28,0.5343915343915344,42.42857142857143
10541,33,0.3181818181818182,68.93939393939394
10542,20,0.2789473684210526,189.7
10543,131,0.17615971814445097,75.94656488549619
10544,11,0.41818181818181815,136.45454545454547
10545,48,0.4875886524822695,44.770833333333336
10546,1,0.0,6.0
10547,29,0.29802955665024633,66.86206896551724
10548,53,0.2525399129172714,69.64150943396227
10549,5,0.8,51.2
10550,13,0.38461538461538464,29.923076923076923
10551,44,0.43023255813953487,71.56818181818181
10552,49,0.2687074829931973,38.55102040816327
10553,10,0.4444444444444444,44.4
10554,5,0.8,46.8
10555,159,0.31478385478863147,96.66666666666667
10556,11,0.14545454545454545,50.27272727272727
10557,129,0.28379360465116277,175.15503875968992
10558,31,0.17634408602150536,134.41935483870967
10559,0,0.0,0.0
10560,48,0.16489361702127658,73.125
10561,8,0.17857142857142858,22.75
10562,24,0.19927536231884058,56.208333333333336
10563,6,0.26666666666666666,55.166666666666664
10564,3,0.0,18.0
10565,38,0.20056899004267426,49.89473684210526
10566,33,0.2803030303030303,34.121212121212125
10567,5,1.0,14.6
10568,43,0.23034330011074197,259.74418604651163
10569,36,0.4888888888888889,49.44444444444444
10570,6,0.3333333333333333,35.5
10571,22,0.4155844155844156,85.5
10572,66,0.3202797202797203,37.68181818181818
10573,0,0.0,0.0
10574,5,0.4,40.0
10575,21,0.28095238095238095,49.38095238095238
10576,15,0.3619047619047619,202.86666666666667
10577,80,0.3022151898734177,98.2
10578,5,0.4,22.2
10579,9,0.19444444444444445,268.22222222222223
10580,1,0.0,5.0
10581,57,0.17982456140350878,74.59649122807018
10582,8,0.14285714285714285,19.0
10583,11,0.2909090909090909,19.181818181818183
10584,18,0.29411764705882354,66.22222222222223
10585,13,0.4358974358974359,20.0
10586,19,0.29239766081871343,36.94736842105263
10587,3,0.3333333333333333,34.0
10588,18,0.43790849673202614,42.611111111111114
10589,32,0.3185483870967742,91.0
10590,3,0.0,33.333333333333336
10591,9,0.3055555555555556,96.77777777777777
10592,17,0.25,20.470588235294116
10593,15,0.580952380952381,18.333333333333332
10594,41,0.25,46.75609756097561
10595,5,0.5,32.8
10596,12,0.24242424242424243,20.916666666666668
10597,0,0.0,0.0
10598,9,0.4166666666666667,18.22222222222222
10599,25,0.54,105.32
10600,12,0.5303030303030303,18.75
10601,37,0.2987987987987988,111.91891891891892
10602,40,0.2794871794871795,100.75
10603,25,0.5266666666666666,78.44
10604,42,0.22880371660859466,36.07142857142857
10605,7,0.47619047619047616,10.142857142857142
10606,17,0.5588235294117647,105.58823529411765
10607,3,1.0,5.666666666666667
10608,44,0.2441860465116279,44.11363636363637
10609,27,0.29914529914529914,138.03703703703704
10610,5,0.5,6.8
10611,41,0.13414634146341464,162.3658536585366
10612,111,0.19164619164619165,191.16216216216216
10613,12,0.3484848484848485,114.0
10614,17,0.4632352941176471,86.3529411764706
10615,5,0.4,38.2
10616,15,0.14285714285714285,55.46666666666667
10617,9,0.5,41.666666666666664
10618,6,0.2,35.333333333333336
10619,25,0.19,34.4
10620,6,0.3333333333333333,7.166666666666667
10621,18,0.2679738562091503,87.94444444444444
10622,13,0.358974358974359,38.92307692307692
10623,9,0.6388888888888888,31.666666666666668
10624,30,0.22758620689655173,49.833333333333336
10625,21,0.28095238095238095,55.476190476190474
10626,47,0.4921369102682701,43.02127659574468
10627,2,0.0,159.0
10628,7,0.38095238095238093,59.714285714285715
10629,2,0.0,101.0
10630,5,0.2,7.4
10631,29,0.6576354679802956,53.86206896551724
10632,4,0.8333333333333334,53.75
10633,12,0.3484848484848485,81.66666666666667
10634,8,0.42857142857142855,69.25
10635,7,0.19047619047619047,35.714285714285715
10636,155,0.2261416003351487,101.1741935483871
10637,23,0.20948616600790515,37.56521739130435
10638,62,0.19249074563722898,168.3548387096774
10639,2,0.0,25.0
10640,0,0.0,0.0
10641,7,0.8095238095238095,48.0
10642,1,0.0,3.0
10643,26,0.23076923076923078,247.76923076923077
10644,33,0.4318181818181818,38.57575757575758
10645,4,0.5,26.5
10646,16,0.6583333333333333,26.375
10647,1,0.0,89.0
10648,21,0.1619047619047619,113.28571428571429
10649,5,0.1,18.8
10650,8,0.14285714285714285,13.25
10651,1328,0.04175670277190147,114.47289156626506
10652,4,0.5,19.0
10653,7,0.3333333333333333,45.142857142857146
10654,14,0.13186813186813187,42.142857142857146
10655,9,0.19444444444444445,13.777777777777779
10656,74,0.3946686412439837,50.486486486486484
10657,3,1.0,85.66666666666667
10658,9,0.2777777777777778,98.0
10659,21,0.6761904761904762,70.23809523809524
10660,4,0.5,83.5
10661,8,0.35714285714285715,88.625
10662,8,0.32142857142857145,22.75
10663,1,0.0,3.0
10664,213,0.22840818495880946,105.84507042253522
10665,253,0.13476378693769997,132.4308300395257
10666,15,0.3047619047619048,99.8
10667,22,0.22510822510822512,19.636363636363637
10668,38,0.310099573257468,62.36842105263158
10669,104,0.23263629574309186,156.18269230769232
10670,19,0.17543859649122806,27.31578947368421
10671,26,0.24307692307692308,49.30769230769231
10672,8,0.35714285714285715,44.125
10673,94,0.3507206588881263,91.90425531914893
10674,19,0.26900584795321636,121.73684210526316
10675,18,0.5359477124183006,30.27777777777778
10676,61,0.9371584699453552,103.18032786885246
10677,8,0.2857142857142857,86.25
10678,6,1.0,898.3333333333334
10679,3,0.3333333333333333,51.333333333333336
10680,6,0.3333333333333333,20.666666666666668
10681,0,0.0,0.0
10682,67,0.3138851198552691,127.2089552238806
10683,3,1.0,22.0
10684,32,0.14919354838709678,67.96875
10685,13,0.2564102564102564,84.92307692307692
10686,13,0.2564102564102564,56.61538461538461
10687,27,0.1908831908831909,99.51851851851852
10688,10,0.17777777777777778,38.5
10689,11,0.41818181818181815,37.36363636363637
10690,7,0.3333333333333333,30.571428571428573
10691,28,0.4656084656084656,38.392857142857146
10692,4,0.16666666666666666,35.25
10693,101,0.3455445544554455,77.15841584158416
10694,0,0.0,0.0
10695,37,0.33633633633633636,65.67567567567568
10696,8,0.17857142857142858,46.5
10697,41,0.3829268292682927,39.26829268292683
10698,1,0.0,16.0
10699,62,0.3209941829719725,72.96774193548387
10700,71,0.23661971830985915,152.46478873239437
10701,22,0.39826839826839827,108.86363636363636
10702,75,0.4036036036036036,93.48
10703,27,0.49572649572649574,52.7037037037037
10704,7,0.2857142857142857,52.142857142857146
10705,14,0.43956043956043955,19.857142857142858
10706,56,0.42077922077922075,40.94642857142857
10707,72,0.1983568075117371,144.61111111111111
10708,69,0.15942028985507245,167.8840579710145
10709,26,0.2676923076923077,214.26923076923077
10710,3,0.3333333333333333,252.66666666666666
10711,183,0.236954302528073,86.06010928961749
10712,37,0.5330330330330331,38.45945945945946
10713,12,0.19696969696969696,55.583333333333336
10714,263,0.19763155603285634,112.71863117870723
10715,7,0.14285714285714285,37.142857142857146
10716,68,0.2489025460930641,83.45588235294117
10717,15,0.09523809523809523,76.73333333333333
10718,27,0.1452991452991453,92.07407407407408
10719,36,0.2126984126984127,185.36111111111111
10720,25,0.26666666666666666,79.16
10721,10,0.7333333333333333,49.5
10722,129,0.13965600775193798,153.984496124031
10723,38,0.2887624466571835,51.421052631578945
10724,5,0.3,175.8
10725,21,0.4857142857142857,62.333333333333336
10726,3,0.3333333333333333,54.0
10727,5,0.2,180.2
10728,13,0.5897435897435898,41.69230769230769
10729,3,0.3333333333333333,5.0
10730,0,0.0,0.0
10731,4,0.16666666666666666,9.75
10732,2,0.0,3.5
10733,8,0.5357142857142857,26.625
10734,38,0.2716927453769559,55.28947368421053
10735,6,0.06666666666666667,41.0
10736,59,0.2852133255406195,160.27118644067798
10737,15,0.3904761904761905,26.0
10738,79,0.29827977929243754,204.1139240506329
10739,182,0.22724789023131564,79.84615384615384
10740,14,0.23076923076923078,66.42857142857143
10741,69,0.31841432225063937,37.11594202898551
10742,0,0.0,0.0
10743,1,0.0,7.0
10744,8,0.8928571428571429,31.5
10745,135,0.3269209508015478,217.0962962962963
10746,5,0.4,44.4
10747,5,0.1,41.0
10748,163,0.2172233583276528,144.83435582822085
10749,20,0.4789473684210526,33.55
10750,3,0.3333333333333333,36.333333333333336
10751,33,0.3314393939393939,102.87878787878788
10752,28,0.21428571428571427,96.67857142857143
10753,50,0.2089795918367347,162.48
10754,321,0.11639408099688474,145.47040498442368
10755,1,0.0,17.0
10756,23,0.2648221343873518,32.56521739130435
10757,59,0.26417299824663937,68.23728813559322
10758,26,0.28,58.96153846153846
10759,36,0.17142857142857143,56.861111111111114
10760,11,0.6909090909090909,59.81818181818182
10761,7,0.14285714285714285,21.714285714285715
10762,4,0.0,28.0
10763,21,0.21428571428571427,34.76190476190476
10764,29,0.6206896551724138,66.34482758620689
10765,4,0.16666666666666666,16.75
10766,73,0.1510654490106545,102.52054794520548
10767,21,0.5190476190476191,42.80952380952381
10768,22,0.35064935064935066,44.90909090909091
10769,15,0.20952380952380953,51.0
10770,51,0.28941176470588237,51.68627450980392
10771,5,0.3,22.6
10772,20,0.4052631578947368,29.65
10773,1,0.0,21.0
10774,3,0.0,25.333333333333332
10775,1,0.0,3.0
10776,79,0.16066212268743915,148.56962025316454
10777,16,0.25,103.3125
10778,208,0.1489223337049424,178.79326923076923
10779,61,0.25901639344262295,88.49180327868852
10780,14,0.37362637362637363,20.5
10781,17,0.3014705882352941,50.23529411764706
10782,11,0.6545454545454545,131.0
10783,3,0.3333333333333333,9.666666666666666
10784,4,0.16666666666666666,27.25
10785,1,0.0,21.0
10786,13,0.23076923076923078,45.0
10787,35,0.2823529411764706,80.22857142857143
10788,19,0.09941520467836257,12.421052631578947
10789,104,0.5070948469006722,112.28846153846153
10790,94,0.27133379089453213,87.03191489361703
10791,30,0.5494252873563218,24.133333333333333
10792,1,0.0,52.0
10793,16,0.4166666666666667,43.75
10794,20,0.16842105263157894,33.25
10795,63,0.2708653353814644,130.76190476190476
10796,76,0.3508771929824561,41.026315789473685
10797,1,0.0,9.0
10798,1,0.0,14.0
10799,25,0.3233333333333333,181.08
10800,246,0.14886344781815164,174.96341463414635
10801,32,0.32661290322580644,50.90625
10802,2,0.0,67.5
10803,3,0.3333333333333333,24.0
10804,13,0.19230769230769232,44.61538461538461
10805,289,0.1446559015763168,153.86851211072664
10806,634,0.07830121448612336,134.6671924290221
10807,93,0.3489948574100047,103.80645161290323
10808,15,0.19047619047619047,131.8
10809,30,0.3103448275862069,195.33333333333334
10810,13,0.5897435897435898,28.23076923076923
10811,4,0.0,23.0
10812,67,0.35278154681139756,97.22388059701493
10813,7,0.19047619047619047,7.142857142857143
10814,0,0.0,0.0
10815,33,0.4962121212121212,22.78787878787879
10816,15,0.45714285714285713,37.666666666666664
10817,12,0.12121212121212122,36.0
10818,6,0.06666666666666667,41.5
10819,13,0.6153846153846154,18.53846153846154
10820,43,0.2768549280177187,49.372093023255815
10821,0,0.0,0.0
10822,4,0.3333333333333333,29.0
10823,62,0.16129032258064516,69.0
10824,77,0.3277511961722488,169.7922077922078
10825,13,0.08974358974358974,31.923076923076923
10826,1,0.0,22.0
10827,26,0.5292307692307693,36.65384615384615
10828,28,0.17724867724867724,31.321428571428573
10829,99,0.3578643578643579,153.04040404040404
10830,11,0.18181818181818182,21.545454545454547
10831,71,0.2317907444668008,89.26760563380282
10832,5,0.3,16.8
10833,73,0.2990867579908676,88.32876712328768
10834,1,0.0,6.0
10835,4,0.6666666666666666,54.25
10836,1,0.0,9.0
10837,16,0.4,66.875
10838,29,0.18226600985221675,61.96551724137931
10839,4,0.0,48.0
10840,52,0.6048265460030166,53.53846153846154
10841,4,0.16666666666666666,10.0
10842,1,0.0,5.0
10843,5,0.3,8.2
10844,49,0.5008503401360545,42.95918367346939
10845,4,1.0,24.0
10846,37,0.4099099099099099,56.270270270270274
10847,0,0.0,0.0
10848,4,1.0,10.0
10849,7,0.8095238095238095,74.0
10850,9,0.2777777777777778,214.66666666666666
10851,30,0.2597701149425287,52.96666666666667
10852,160,0.145125786163522,130.075
10853,19,0.3157894736842105,30.210526315789473
10854,31,0.2967741935483871,51.645161290322584
10855,25,0.33,133.72
10856,7,0.5714285714285714,74.85714285714286
10857,38,0.4011379800853485,186.8421052631579
10858,110,0.18548790658882403,124.63636363636364
10859,24,0.4420289855072464,202.75
10860,7,0.2857142857142857,47.0
10861,70,0.46045548654244306,90.5
10862,27,0.4131054131054131,44.18518518518518
10863,5,0.0,15.6
10864,53,0.19521044992743106,139.56603773584905
10865,22,0.42857142857142855,99.36363636363636
10866,105,0.4706959706959707,109.86666666666666
10867,7,0.42857142857142855,12.285714285714286
10868,7,0.3333333333333333,40.142857142857146
10869,5,0.4,78.0
10870,4,0.8333333333333334,94.0
10871,129,0.38238856589147285,85.51162790697674
10872,29,0.16995073891625614,36.758620689655174
10873,10,0.37777777777777777,61.5
10874,65,0.16682692307692307,52.43076923076923
10875,17,0.27205882352941174,22.235294117647058
10876,8,0.5714285714285714,18.125
10877,100,0.14545454545454545,40.12
10878,7,0.19047619047619047,54.285714285714285
10879,20,0.3894736842105263,43.45
10880,7,0.2857142857142857,41.285714285714285
10881,29,0.18719211822660098,242.68965517241378
10882,33,0.2708333333333333,47.24242424242424
10883,117,0.12039493073975832,140.22222222222223
10884,28,0.164021164021164,91.10714285714286
10885,17,0.18382352941176472,175.41176470588235
10886,9,0.3055555555555556,72.55555555555556
10887,32,0.1814516129032258,61.6875
10888,81,0.42098765432098767,141.12345679012347
10889,80,0.27246835443037976,102.1625
10890,75,0.3654054054054054,98.85333333333334
10891,21,0.23333333333333334,54.714285714285715
10892,55,0.21683501683501682,49.0
10893,72,0.27816901408450706,87.65277777777777
10894,79,0.33008763388510226,83.26582278481013
10895,2,0.0,1.0
10896,5,0.6,36.6
10897,17,0.18382352941176472,17.235294117647058
10898,31,0.21505376344086022,101.64516129032258
10899,29,0.18719211822660098,62.62068965517241
10900,5,0.1,97.2
10901,8,0.5,27.0
10902,31,0.5806451612903226,155.74193548387098
10903,22,0.18614718614718614,35.22727272727273
10904,18,0.41830065359477125,46.666666666666664
10905,72,0.3873239436619718,69.73611111111111
10906,7,0.2857142857142857,49.0
10907,10,0.24444444444444444,19.0
10908,11,0.6545454545454545,121.63636363636364
10909,43,0.07751937984496124,78.23255813953489
10910,72,0.21791862284820032,97.19444444444444
10911,8,0.5357142857142857,32.625
10912,5,0.5,11.0
10913,4,1.0,6.5
10914,17,0.27205882352941174,69.3529411764706
10915,1,0.0,12.0
10916,12,0.25757575757575757,30.333333333333332
10917,6,0.3333333333333333,109.33333333333333
10918,42,0.2764227642276423,177.52380952380952
10919,2,1.0,14.0
10920,19,0.47368421052631576,23.31578947368421
10921,68,0.23573309920983318,53.25
10922,5,0.1,7.4
10923,115,0.2334096109839817,95.43478260869566
10924,32,0.14919354838709678,75.21875
10925,48,0.4228723404255319,50.083333333333336
10926,127,0.4028246469191351,139.5748031496063
10927,0,0.0,0.0
10928,26,0.3046153846153846,51.15384615384615
10929,39,0.5033738191632928,40.87179487179487
10930,23,0.5335968379446641,69.6086956521739
10931,64,0.5317460317460317,149.234375
10932,44,0.6215644820295984,109.97727272727273
10933,106,0.5590296495956874,111.32075471698113
10934,7,0.47619047619047616,41.714285714285715
10935,13,0.3333333333333333,35.30769230769231
10936,5,1.0,37.8
10937,16,0.23333333333333334,44.1875
10938,7,0.6666666666666666,34.285714285714285
10939,162,0.2484472049689441,178.6604938271605
10940,15,0.22857142857142856,48.0
10941,12,0.4393939393939394,155.0
10942,92,0.3860487338748208,114.25
10943,39,0.23076923076923078,77.56410256410257
10944,4,0.6666666666666666,30.75
10945,25,0.39666666666666667,41.4
10946,14,0.4725274725274725,71.07142857142857
10947,5,0.5,38.6
10948,28,0.36772486772486773,119.0
10949,104,0.44100074682598955,87.5576923076923
10950,85,0.4294117647058823,96.27058823529411
10951,22,0.38961038961038963,74.77272727272727
10952,1,0.0,1.0
10953,13,0.5128205128205128,61.0
10954,33,0.19128787878787878,37.81818181818182
10955,32,0.1592741935483871,47.875
10956,1,0.0,18.0
10957,81,0.36049382716049383,149.50617283950618
10958,1,0.0,55.0
10959,4,0.16666666666666666,28.75
10960,74,0.3502406516105146,42.391891891891895
10961,3,1.0,29.666666666666668
10962,32,0.4375,32.875
10963,6,0.4666666666666667,41.166666666666664
10964,5,0.1,63.0
10965,2,0.0,16.5
10966,29,0.30295566502463056,25.896551724137932
10967,8,0.32142857142857145,19.625
10968,15,0.4380952380952381,43.0
10969,15,0.3333333333333333,33.13333333333333
10970,2,1.0,9.0
10971,3,1.0,7.666666666666667
10972,0,0.0,0.0
10973,8,0.42857142857142855,27.125
10974,1,0.0,15.0
10975,50,0.49387755102040815,49.64
10976,26,0.20615384615384616,87.11538461538461
10977,20,0.22105263157894736,63.45
10978,35,0.534453781512605,44.42857142857143
10979,15,0.34285714285714286,24.666666666666668
10980,167,0.23216218166077485,213.82634730538922
10981,69,0.37851662404092073,44.18840579710145
10982,78,0.24675324675324675,178.74358974358975
10983,1,0.0,2.0
10984,1,0.0,21.0
10985,4,0.16666666666666666,25.25
10986,25,0.32,36.48
10987,2,0.0,77.0
10988,37,0.14864864864864866,91.16216216216216
10989,19,0.5614035087719298,37.10526315789474
10990,4,0.5,32.5
10991,21,0.46190476190476193,68.42857142857143
10992,14,0.07692307692307693,78.92857142857143
10993,59,0.7475160724722385,99.62711864406779
10994,2,1.0,4.0
10995,15,0.23809523809523808,45.666666666666664
10996,22,0.5151515151515151,99.4090909090909
10997,10,0.5555555555555556,50.6
10998,19,0.3684210526315789,41.421052631578945
10999,12,0.21212121212121213,29.0
11000,15,0.44761904761904764,24.066666666666666
11001,16,0.48333333333333334,33.1875
11002,17,0.20588235294117646,37.05882352941177
11003,0,0.0,0.0
11004,11,0.9636363636363636,29.181818181818183
11005,8,0.21428571428571427,26.5
11006,16,0.35,20.9375
11007,8,0.25,44.625
11008,6,1.0,80.16666666666667
11009,29,0.39901477832512317,25.862068965517242
11010,89,0.2083758937691522,111.13483146067416
11011,37,0.2957957957957958,51.054054054054056
11012,56,0.23116883116883116,78.76785714285714
11013,17,0.2647058823529412,35.705882352941174
11014,18,0.26143790849673204,35.22222222222222
11015,16,0.15,98.0625
11016,46,0.4888888888888889,56.369565217391305
11017,1,0.0,54.0
11018,25,0.11,17.04
11019,7,0.7619047619047619,32.714285714285715
11020,24,0.22826086956521738,95.08333333333333
11021,33,0.39015151515151514,36.93939393939394
11022,1,0.0,73.0
11023,1,0.0,52.0
11024,36,0.3746031746031746,75.72222222222223
11025,15,0.3523809523809524,35.2
11026,27,0.27350427350427353,67.03703703703704
11027,4,0.6666666666666666,30.25
11028,224,0.2250560538116592,115.69196428571429
11029,0,0.0,0.0
11030,11,0.36363636363636365,46.90909090909091
11031,0,0.0,0.0
11032,0,0.0,0.0
11033,15,0.8095238095238095,51.8
11034,9,0.05555555555555555,18.22222222222222
11035,27,0.7150997150997151,43.0
11036,50,0.23755102040816325,67.4
11037,14,0.5934065934065934,37.214285714285715
11038,39,0.7759784075573549,78.02564102564102
11039,0,0.0,0.0
11040,8,0.5357142857142857,72.375
11041,7,0.2857142857142857,73.57142857142857
11042,4,0.3333333333333333,43.0
11043,1,0.0,15.0
11044,0,0.0,0.0
11045,25,0.15,37.28
11046,19,0.32748538011695905,95.94736842105263
11047,7,0.38095238095238093,70.57142857142857
11048,2,0.0,62.5
11049,32,0.4092741935483871,79.1875
11050,12,0.22727272727272727,38.083333333333336
11051,9,0.6111111111111112,52.44444444444444
11052,34,0.2620320855614973,73.0
11053,119,0.09998575701467027,46.075630252100844
11054,171,0.13402132782937737,129.01754385964912
11055,23,0.5296442687747036,40.04347826086956
11056,11,0.6181818181818182,33.27272727272727
11057,22,0.5454545454545454,50.59090909090909
11058,23,0.8656126482213439,79.43478260869566
11059,43,0.2956810631229236,169.74418604651163
11060,15,0.24761904761904763,75.33333333333333
11061,9,0.16666666666666666,27.444444444444443
11062,24,0.4166666666666667,31.625
11063,5,1.0,16.4
11064,147,0.22924238188426055,160.91156462585033
11065,58,0.7749546279491834,98.32758620689656
11066,24,0.2536231884057971,70.75
11067,15,0.24761904761904763,58.8
11068,8,0.35714285714285715,54.5
11069,21,0.4142857142857143,347.4761904761905
11070,16,0.16666666666666666,28.8125
11071,150,0.305592841163311,129.65333333333334
11072,51,0.3545098039215686,93.94117647058823
11073,27,0.2222222222222222,55.888888888888886
11074,1,0.0,27.0
11075,6,0.2,36.0
11076,1,0.0,2.0
11077,40,0.5089743589743589,43.35
11078,27,0.5698005698005698,67.85185185185185
11079,80,0.30791139240506327,154.075
11080,202,0.2585586916900645,126.15346534653466
11081,7,0.19047619047619047,21.0
11082,6,0.4666666666666667,22.833333333333332
11083,6,0.2,49.666666666666664
11084,16,0.2916666666666667,74.125
11085,4,0.8333333333333334,36.75
11086,5,0.2,23.0
11087,64,0.310515873015873,95.125
11088,23,0.2727272727272727,25.73913043478261
11089,31,0.35913978494623655,39.67741935483871
11090,21,0.4,70.95238095238095
11091,45,0.19595959595959597,99.28888888888889
11092,77,0.26452494873547505,37.688311688311686
11093,65,0.5548076923076923,82.92307692307692
11094,2,0.0,14.0
11095,9,0.1111111111111111,29.22222222222222
11096,3,0.3333333333333333,11.333333333333334
11097,15,0.45714285714285713,75.93333333333334
11098,83,0.23302967969438731,78.13253012048193
11099,33,0.16477272727272727,38.72727272727273
11100,89,0.1841164453524004,46.348314606741575
11101,308,0.17251152756038748,168.37987012987014
11102,7,0.3333333333333333,35.0
11103,28,0.3412698412698413,59.32142857142857
11104,53,0.44992743105950656,109.83018867924528
11105,66,0.3095571095571096,66.77272727272727
11106,368,0.1274878568889942,172.0570652173913
11107,9,0.3055555555555556,55.55555555555556
11108,88,0.24294670846394983,148.5681818181818
11109,3,0.6666666666666666,21.666666666666668
11110,2,0.0,10.0
11111,18,0.1895424836601307,54.72222222222222
11112,16,0.20833333333333334,25.5625
11113,21,0.3476190476190476,30.571428571428573
11114,19,0.08771929824561403,38.0
11115,4,1.0,19.5
11116,5,0.3,29.2
11117,72,0.36306729264475746,92.47222222222223
11118,175,0.16853858784893266,170.81714285714287
11119,20,0.20526315789473684,29.35
11120,5,0.8,14.6
11121,66,0.2456876456876457,194.63636363636363
11122,9,0.1388888888888889,21.444444444444443
11123,253,0.1963109354413702,197.1185770750988
11124,0,0.0,0.0
11125,5,0.2,38.6
11126,33,0.32954545454545453,165.33333333333334
11127,43,0.1849390919158361,50.13953488372093
11128,0,0.0,0.0
11129,4,0.0,21.25
11130,3,0.3333333333333333,35.666666666666664
11131,3,1.0,19.666666666666668
11132,8,0.6071428571428571,19.625
11133,3,0.3333333333333333,4.666666666666667
11134,57,0.6140350877192983,103.36842105263158
11135,5,0.1,15.2
11136,26,0.18153846153846154,26.26923076923077
11137,18,0.43790849673202614,45.833333333333336
11138,3,0.3333333333333333,32.0
11139,2,0.0,4.0
11140,4,0.3333333333333333,15.0
11141,0,0.0,0.0
11142,36,0.20952380952380953,56.05555555555556
11143,59,0.6569257744009351,84.27118644067797
11144,5,0.6,26.4
11145,0,0.0,0.0
11146,7,0.2857142857142857,36.142857142857146
11147,0,0.0,0.0
11148,2,0.0,1.5
11149,2,0.0,14.0
11150,20,0.25263157894736843,84.7
11151,7,0.2857142857142857,40.714285714285715
11152,52,0.2707390648567119,106.23076923076923
11153,9,0.6666666666666666,48.666666666666664
11154,6,0.6666666666666666,55.166666666666664
11155,5,0.1,12.8
11156,39,0.29959514170040485,102.82051282051282
11157,41,0.2426829268292683,71.21951219512195
11158,11,0.5636363636363636,152.1818181818182
11159,10,0.4,16.2
11160,20,0.23157894736842105,200.75
11161,46,0.3130434782608696,71.97826086956522
11162,45,0.3090909090909091,136.33333333333334
11163,0,0.0,0.0
11164,26,0.19384615384615383,104.23076923076923
11165,144,0.168997668997669,117.47222222222223
11166,37,0.35735735735735735,64.64864864864865
11167,40,0.38846153846153847,82.45
11168,64,0.1433531746031746,107.296875
11169,18,0.47058823529411764,59.111111111111114
11170,0,0.0,0.0
11171,29,0.5640394088669951,63.93103448275862
11172,35,0.26554621848739496,70.85714285714286
11173,36,0.2968253968253968,47.25
11174,30,0.20689655172413793,34.96666666666667
11175,6,0.4,37.0
11176,12,0.13636363636363635,10.416666666666666
11177,9,0.3333333333333333,38.55555555555556
11178,1,0.0,3.0
11179,7,0.19047619047619047,20.571428571428573
11180,18,0.20915032679738563,68.77777777777777
11181,1,0.0,66.0
11182,20,0.3526315789473684,52.4
11183,32,0.3004032258064516,41.03125
11184,68,0.16198419666374012,97.33823529411765
11185,86,0.19233926128590972,66.44186046511628
11186,31,0.18064516129032257,49.41935483870968
11187,27,0.17094017094017094,41.55555555555556
11188,56,0.8038961038961039,83.16071428571429
11189,26,0.13538461538461538,41.53846153846154
11190,56,0.21168831168831168,117.44642857142857
11191,21,0.3142857142857143,58.857142857142854
11192,14,0.2967032967032967,43.5
11193,17,0.3235294117647059,217.05882352941177
11194,1,0.0,39.0
11195,74,0.20992225101814144,174.0
11196,5,0.6,17.6
11197,8,0.21428571428571427,21.0
11198,14,0.45054945054945056,59.92857142857143
11199,1,0.0,1.0
11200,6,0.4,41.666666666666664
11201,250,0.06268273092369478,73.964
11202,9,0.3888888888888889,17.88888888888889
11203,4,0.5,18.5
11204,19,0.30994152046783624,68.36842105263158
11205,31,0.38064516129032255,53.193548387096776
11206,23,0.308300395256917,101.52173913043478
11207,13,0.21794871794871795,85.15384615384616
11208,14,0.2087912087912088,24.357142857142858
11209,76,0.27473684210526317,48.828947368421055
11210,14,0.15384615384615385,31.285714285714285
11211,34,0.6274509803921569,129.8235294117647
11212,2,1.0,16.0
11213,71,0.6543259557344064,80.73239436619718
11214,10,0.2,20.5
11215,16,0.7166666666666667,26.0
11216,34,0.6399286987522281,49.85294117647059
11217,39,0.5006747638326585,75.64102564102564
11218,0,0.0,0.0
11219,18,0.3137254901960784,38.27777777777778
11220,31,0.15053763440860216,91.3225806451613
11221,54,0.37176799440950387,50.666666666666664
11222,17,0.17647058823529413,69.0
11223,46,0.49468599033816424,92.26086956521739
11224,149,0.3651369490295665,99.75167785234899
11225,124,0.4305009179124049,110.79838709677419
11226,148,0.39860268431697005,99.60810810810811
11227,49,0.6122448979591837,121.83673469387755
11228,6,0.13333333333333333,22.333333333333332
11229,6,0.3333333333333333,38.0
11230,2,1.0,12.5
11231,23,0.16996047430830039,66.78260869565217
11232,91,0.22905982905982905,169.5164835164835
11233,3,0.0,80.66666666666667
11234,12,0.5909090909090909,37.916666666666664
11235,2,0.0,23.5
11236,2,0.0,12.5
11237,44,0.3477801268498943,42.45454545454545
11238,2,0.0,16.5
11239,39,0.6275303643724697,65.58974358974359
11240,56,0.34545454545454546,84.73214285714286
11241,0,0.0,0.0
11242,9,0.2777777777777778,15.555555555555555
11243,15,0.4666666666666667,96.93333333333334
11244,9,0.2777777777777778,66.22222222222223
11245,6,0.2,18.166666666666668
11246,57,0.40726817042606517,78.0701754385965
11247,0,0.0,0.0
11248,104,0.18857356235997014,87.82692307692308
11249,9,0.4444444444444444,18.555555555555557
11250,519,0.10834616614963435,154.41233140655106
11251,53,0.20029027576197386,235.9056603773585
11252,4,0.3333333333333333,30.5
11253,3,0.6666666666666666,55.333333333333336
11254,21,0.5476190476190477,64.28571428571429
11255,161,0.15683229813664595,125.74534161490683
11256,115,0.4279176201372998,212.35652173913044
11257,94,0.4861587737359872,75.02127659574468
11258,15,0.5523809523809524,37.6
11259,42,0.429732868757259,61.19047619047619
11260,19,0.24561403508771928,41.94736842105263
11261,22,0.3722943722943723,68.68181818181819
11262,13,0.358974358974359,160.30769230769232
11263,3,0.0,16.666666666666668
11264,7,0.47619047619047616,63.857142857142854
11265,5,0.6,18.0
11266,7,0.6666666666666666,13.0
11267,5,0.3,199.0
11268,38,0.24324324324324326,39.26315789473684
11269,37,0.10510510510510511,63.189189189189186
11270,47,0.19241443108233117,40.829787234042556
11271,45,0.37575757575757573,67.11111111111111
11272,34,0.49019607843137253,37.73529411764706
11273,25,0.11,65.72
11274,9,0.3888888888888889,229.22222222222223
11275,13,0.47435897435897434,32.76923076923077
11276,2,1.0,37.5
11277,15,0.5619047619047619,48.93333333333333
11278,24,0.30434782608695654,137.625
11279,4,0.3333333333333333,14.75
11280,55,0.2404040404040404,54.14545454545455
11281,47,0.24606845513413506,38.340425531914896
11282,23,0.1383399209486166,48.73913043478261
11283,63,0.2565284178187404,58.55555555555556
11284,48,0.3466312056737589,51.645833333333336
11285,103,0.5155149438416143,92.86407766990291
11286,2,0.0,87.0
11287,9,0.1388888888888889,17.0
11288,192,0.19638961605584643,205.06770833333334
11289,60,0.5615819209039548,88.71666666666667
11290,7,0.47619047619047616,27.857142857142858
11291,23,0.18972332015810275,27.043478260869566
11292,54,0.2641509433962264,179.22222222222223
11293,15,0.23809523809523808,43.666666666666664
11294,32,0.4032258064516129,27.21875
11295,14,0.5274725274725275,147.64285714285714
11296,0,0.0,0.0
11297,11,0.41818181818181815,17.09090909090909
11298,37,0.9069069069069069,87.45945945945945
11299,29,0.26108374384236455,32.89655172413793
11300,41,0.22317073170731708,136.85365853658536
11301,6,0.26666666666666666,36.333333333333336
11302,0,0.0,0.0
11303,11,0.7636363636363637,28.636363636363637
11304,57,0.20175438596491227,112.80701754385964
11305,2,0.0,190.0
11306,19,0.4502923976608187,117.42105263157895
11307,32,0.16330645161290322,30.1875
11308,14,0.5494505494505495,25.714285714285715
11309,24,0.2826086956521739,113.16666666666667
11310,2,1.0,24.5
11311,6,0.3333333333333333,6.333333333333333
11312,1,0.0,5.0
11313,10,0.4888888888888889,15.4
11314,9,0.5555555555555556,56.0
11315,61,0.14918032786885246,60.704918032786885
11316,2,1.0,8.5
11317,93,0.47194950911640954,81.46236559139786
11318,5,0.6,21.2
11319,5,0.1,33.2
11320,5,0.1,34.6
11321,1,0.0,1.0
11322,38,0.3328591749644381,66.13157894736842
11323,18,0.7058823529411765,24.38888888888889
11324,1,0.0,1.0
11325,1,0.0,14.0
11326,41,0.2280487804878049,50.1219512195122
11327,10,0.2222222222222222,30.9
11328,17,0.16911764705882354,22.823529411764707
11329,22,0.37662337662337664,92.31818181818181
11330,15,0.3238095238095238,62.8
11331,18,0.24183006535947713,60.27777777777778
11332,80,0.30253164556962026,124.1375
11333,84,0.21285140562248997,62.30952380952381
11334,1,0.0,44.0
11335,10,0.28888888888888886,46.3
11336,9,0.1111111111111111,18.0
11337,0,0.0,0.0
11338,71,0.4169014084507042,105.85915492957747
11339,16,0.36666666666666664,179.75
11340,4,0.3333333333333333,17.0
11341,2,1.0,36.5
11342,52,0.2571644042232277,67.42307692307692
11343,17,0.5441176470588235,96.23529411764706
11344,5,0.2,42.8
11345,143,0.22013198069536097,132.76923076923077
11346,87,0.3755680299385191,97.80459770114942
11347,81,0.15185185185185185,149.12345679012347
11348,1,0.0,2.0
11349,23,0.17786561264822134,49.43478260869565
11350,68,0.32001755926251096,107.22058823529412
11351,0,0.0,0.0
11352,12,0.36363636363636365,50.0
11353,97,0.1411082474226804,61.55670103092783
11354,19,0.4093567251461988,32.36842105263158
11355,19,0.27485380116959063,138.1578947368421
11356,27,0.27635327635327633,149.77777777777777
11357,1,0.0,3.0
11358,41,0.6792682926829269,80.5609756097561
11359,31,0.27741935483870966,27.129032258064516
11360,13,0.358974358974359,52.61538461538461
11361,14,0.26373626373626374,44.285714285714285
11362,4,0.3333333333333333,45.75
11363,48,0.3803191489361702,100.5625
11364,26,0.28923076923076924,165.5
11365,8,1.0,16.75
11366,31,0.1913978494623656,103.83870967741936
11367,16,0.9416666666666667,21.1875
11368,26,0.26153846153846155,88.84615384615384
11369,15,0.2,53.93333333333333
11370,4,0.5,52.25
11371,21,0.7238095238095238,28.904761904761905
11372,4,1.0,16.5
11373,88,0.3179205851619645,99.6590909090909
11374,23,0.7470355731225297,57.08695652173913
11375,60,0.18022598870056497,72.13333333333334
11376,7,0.6666666666666666,9.142857142857142
11377,61,0.3191256830601093,33.032786885245905
11378,42,0.15563298490127758,44.476190476190474
11379,6,0.13333333333333333,8.666666666666666
11380,3,1.0,10.0
11381,0,0.0,0.0
11382,13,0.47435897435897434,28.153846153846153
11383,3,0.3333333333333333,117.33333333333333
11384,49,0.1564625850340136,82.34693877551021
11385,61,0.2081967213114754,73.1639344262295
11386,11,0.14545454545454545,43.09090909090909
11387,21,0.40476190476190477,50.61904761904762
11388,4,0.16666666666666666,24.25
11389,16,0.20833333333333334,36.875
11390,13,0.6153846153846154,40.0
11391,122,0.43327462403468364,79.18032786885246
11392,1,0.0,7.0
11393,73,0.4311263318112633,83.67123287671232
11394,6,0.4666666666666667,235.33333333333334
11395,73,0.689117199391172,83.94520547945206
11396,4,0.3333333333333333,40.25
11397,89,0.5352400408580184,75.34831460674157
11398,3,1.0,8.333333333333334
11399,25,0.21333333333333335,50.08
11400,2,0.0,9.0
11401,3,0.3333333333333333,14.666666666666666
11402,25,0.31666666666666665,83.08
11403,42,0.09059233449477352,51.80952380952381
11404,23,0.16996047430830039,39.82608695652174
11405,50,0.21551020408163266,85.58
11406,89,0.45352400408580185,91.76404494382022
11407,2,0.0,7.5
11408,15,0.24761904761904763,19.933333333333334
11409,51,0.32235294117647056,90.80392156862744
11410,21,0.2904761904761905,42.61904761904762
11411,1,0.0,48.0
11412,21,0.3,41.61904761904762
11413,15,0.18095238095238095,49.6
11414,12,0.8939393939393939,168.66666666666666
11415,128,0.4124015748031496,85.2265625
11416,92,0.29861442904921165,81.28260869565217
11417,40,0.4269230769230769,51.025
11418,14,0.2857142857142857,28.142857142857142
11419,47,0.34782608695652173,131.29787234042553
11420,10,0.4444444444444444,213.0
11421,16,0.31666666666666665,43.4375
11422,6,0.9333333333333333,17.666666666666668
11423,20,0.24736842105263157,58.2
11424,3,1.0,12.333333333333334
11425,64,0.41865079365079366,133.171875
11426,30,0.3425287356321839,48.6
11427,2,1.0,125.5
11428,3,0.0,16.666666666666668
11429,9,0.3055555555555556,51.333333333333336
11430,57,0.4367167919799499,164.7719298245614
11431,4,1.0,24.0
11432,6,0.26666666666666666,19.833333333333332
11433,0,0.0,0.0
11434,93,0.3125292192613371,66.36559139784946
11435,20,0.5947368421052631,32.8
11436,3,0.3333333333333333,43.0
11437,0,0.0,0.0
11438,50,0.6465306122448979,127.68
11439,4,0.16666666666666666,70.5
11440,1,0.0,6.0
11441,23,0.25296442687747034,66.1304347826087
11442,108,0.5543440636898581,82.1574074074074
11443,19,0.4502923976608187,206.47368421052633
11444,64,0.1111111111111111,113.421875
11445,35,0.20336134453781513,46.371428571428574
11446,16,0.15833333333333333,29.5
11447,48,0.16666666666666666,74.4375
11448,15,0.8666666666666667,56.0
11449,31,0.3548387096774194,51.87096774193548
11450,8,0.42857142857142855,48.875
11451,40,0.3730769230769231,129.75
11452,3,0.0,12.0
11453,60,0.14689265536723164,79.45
11454,7,0.38095238095238093,54.714285714285715
11455,38,0.3157894736842105,50.421052631578945
11456,11,0.32727272727272727,11.909090909090908
11457,41,0.24634146341463414,134.65853658536585
11458,74,0.41910403554239173,136.51351351351352
11459,28,0.17724867724867724,106.07142857142857
11460,15,0.49523809523809526,27.6
11461,119,0.18943170488534397,157.7058823529412
11462,4,0.0,39.0
11463,79,0.22622525154170725,98.24050632911393
11464,20,0.2578947368421053,33.05
11465,22,0.3116883116883117,70.13636363636364
11466,9,0.7777777777777778,23.444444444444443
11467,22,0.42857142857142855,280.1363636363636
11468,104,0.20556385362210605,129.75
11469,22,0.8874458874458875,39.40909090909091
11470,19,0.2573099415204678,27.789473684210527
11471,12,0.2878787878787879,40.833333333333336
11472,42,0.6550522648083623,51.904761904761905
11473,21,0.6904761904761905,115.19047619047619
11474,35,0.4436974789915966,94.22857142857143
11475,3,1.0,40.333333333333336
11476,68,0.12906057945566285,80.6470588235294
11477,94,0.2143674216426447,90.19148936170212
11478,31,0.410752688172043,97.12903225806451
11479,16,0.48333333333333334,118.0625
11480,63,0.24321556579621095,83.04761904761905
11481,61,0.246448087431694,152.9344262295082
11482,42,0.3333333333333333,131.5952380952381
11483,30,0.2850574712643678,72.5
11484,67,0.25282677521483493,157.0597014925373
11485,48,0.36879432624113473,68.58333333333333
11486,31,0.3655913978494624,170.25806451612902
11487,16,0.175,146.875
11488,14,0.34065934065934067,52.42857142857143
11489,5,0.6,55.2
11490,69,0.13341858482523444,80.02898550724638
11491,16,0.26666666666666666,31.875
11492,5,0.1,34.0
11493,20,0.5631578947368421,54.95
11494,6,0.5333333333333333,237.83333333333334
11495,1,0.0,8.0
11496,11,0.16363636363636364,52.45454545454545
11497,0,0.0,0.0
11498,8,0.6428571428571429,57.875
11499,23,0.5177865612648221,288.82608695652175
11500,18,0.19607843137254902,45.22222222222222
11501,4,0.5,16.75
11502,5,0.2,27.2
11503,49,0.20493197278911565,113.22448979591837
11504,15,0.37142857142857144,61.86666666666667
11505,148,0.19939327082184224,137.50675675675674
11506,10,0.26666666666666666,40.8
11507,27,0.4131054131054131,49.18518518518518
11508,31,0.26881720430107525,288.7096774193548
11509,6,0.4,29.666666666666668
11510,17,0.39705882352941174,15.235294117647058
11511,17,0.35294117647058826,93.0
11512,13,0.23076923076923078,67.07692307692308
11513,61,0.5191256830601093,142.72131147540983
11514,44,0.16596194503171247,61.84090909090909
11515,19,0.13450292397660818,49.78947368421053
11516,4,0.3333333333333333,4.75
11517,114,0.21611551001397297,122.97368421052632
11518,2,0.0,53.5
11519,29,0.3226600985221675,147.13793103448276
11520,15,0.41904761904761906,52.86666666666667
11521,55,0.17777777777777778,80.83636363636364
11522,18,0.32679738562091504,315.5
11523,5,0.2,15.6
11524,26,0.3569230769230769,146.34615384615384
11525,49,0.2695578231292517,199.9795918367347
11526,34,0.30303030303030304,58.64705882352941
11527,5,0.3,9.4
11528,1,0.0,30.0
11529,8,0.35714285714285715,33.75
11530,19,0.23391812865497075,28.63157894736842
11531,37,0.29429429429429427,40.86486486486486
11532,20,0.3105263157894737,25.2
11533,33,0.5587121212121212,131.72727272727272
11534,36,0.3142857142857143,43.0
11535,4,0.16666666666666666,13.5
11536,53,0.1995645863570392,117.71698113207547
11537,22,0.46320346320346323,28.454545454545453
11538,3,0.3333333333333333,24.666666666666668
11539,23,0.2608695652173913,68.30434782608695
11540,11,0.2,139.27272727272728
11541,7,0.14285714285714285,15.0
11542,7,0.38095238095238093,21.0
11543,1,0.0,260.0
11544,40,0.2717948717948718,70.7
11545,17,0.3088235294117647,157.35294117647058
11546,10,0.26666666666666666,21.4
11547,11,0.18181818181818182,47.72727272727273
11548,11,0.34545454545454546,77.18181818181819
11549,217,0.20634920634920634,191.78341013824885
11550,123,0.21777955484472877,115.08130081300813
11551,1,0.0,50.0
11552,1,0.0,16.0
11553,9,0.3055555555555556,58.22222222222222
11554,79,0.3330087633885102,123.16455696202532
11555,8,0.10714285714285714,65.75
11556,18,0.2875816993464052,65.83333333333333
11557,23,0.3557312252964427,41.30434782608695
11558,2,0.0,39.5
11559,20,0.6789473684210526,31.1
11560,4,0.6666666666666666,17.0
11561,0,0.0,0.0
11562,60,0.20112994350282487,117.2
11563,4,0.5,32.25
11564,6,0.13333333333333333,7.5
11565,111,0.34545454545454546,82.23423423423424
11566,4,0.3333333333333333,50.5
11567,11,0.8181818181818182,57.36363636363637
11568,3,0.3333333333333333,28.333333333333332
11569,40,0.558974358974359,49.15
11570,0,0.0,0.0
11571,1,0.0,10.0
11572,45,0.3101010101010101,65.73333333333333
11573,2,1.0,6.5
11574,10,0.4444444444444444,105.3
11575,9,0.3055555555555556,52.55555555555556
11576,5,0.2,12.2
11577,1,0.0,68.0
11578,44,0.18604651162790697,60.27272727272727
11579,52,0.37631975867269984,65.90384615384616
11580,7,0.6190476190476191,68.57142857142857
11581,28,0.7354497354497355,61.035714285714285
11582,21,0.2619047619047619,47.857142857142854
11583,73,0.2343987823439878,112.21917808219177
11584,100,0.20747474747474748,147.04
11585,68,0.36347673397717295,67.23529411764706
11586,9,0.3333333333333333,23.444444444444443
11587,14,0.34065934065934067,42.92857142857143
11588,1,0.0,82.0
11589,35,0.33277310924369746,69.14285714285714
11590,9,0.6944444444444444,22.77777777777778
11591,23,0.6877470355731226,40.0
11592,26,0.3230769230769231,42.03846153846154
11593,6,0.2,70.0
11594,1,0.0,12.0
11595,10,0.2222222222222222,66.9
11596,56,0.12077922077922078,49.392857142857146
11597,1,0.0,22.0
11598,25,0.18,36.52
11599,27,0.4301994301994302,49.96296296296296
11600,80,0.20443037974683545,79.55
11601,63,0.32616487455197135,81.53968253968254
11602,12,0.4696969696969697,20.083333333333332
11603,10,0.5777777777777777,28.3
11604,11,0.36363636363636365,136.45454545454547
11605,19,0.19298245614035087,50.94736842105263
11606,18,0.13725490196078433,48.05555555555556
11607,11,0.18181818181818182,12.181818181818182
11608,4,0.5,73.5
11609,45,0.17474747474747473,47.666666666666664
11610,73,0.4531963470319635,72.02739726027397
11611,24,0.29347826086956524,146.58333333333334
11612,16,0.2916666666666667,40.625
11613,17,0.27205882352941174,68.41176470588235
11614,3,0.3333333333333333,29.333333333333332
11615,55,0.18787878787878787,131.12727272727273
11616,93,0.2992052360916316,135.90322580645162
11617,16,0.5166666666666667,137.375
11618,17,0.4117647058823529,53.88235294117647
11619,4,0.5,9.25
11620,11,0.4,45.63636363636363
11621,4,0.0,13.5
11622,13,0.32051282051282054,49.53846153846154
11623,4,0.0,59.25
11624,46,0.6193236714975845,89.15217391304348
11625,18,0.7320261437908496,37.5
11626,1,0.0,45.0
11627,7,0.38095238095238093,33.142857142857146
11628,7,0.5238095238095238,11.857142857142858
11629,7,0.5714285714285714,64.28571428571429
11630,11,0.3090909090909091,33.0
11631,67,0.2229760289461782,72.41791044776119
11632,1,0.0,35.0
11633,23,0.17391304347826086,62.130434782608695
11634,5,0.6,7.8
11635,6,0.26666666666666666,36.5
11636,0,0.0,0.0
11637,7,0.5714285714285714,107.71428571428571
11638,63,0.742447516641065,98.95238095238095
11639,0,0.0,0.0
11640,6,0.4,13.666666666666666
11641,14,0.4065934065934066,62.785714285714285
11642,0,0.0,0.0
11643,21,0.638095238095238,36.80952380952381
11644,16,0.575,123.625
11645,15,0.34285714285714286,24.933333333333334
11646,5,0.6,43.8
11647,51,0.6941176470588235,54.11764705882353
11648,32,0.4959677419354839,290.625
11649,82,0.14543812104787715,61.80487804878049
11650,13,0.5256410256410257,33.69230769230769
11651,250,0.18589558232931727,136.908
11652,12,0.3333333333333333,43.25
11653,49,0.42431972789115646,103.14285714285714
11654,7,0.09523809523809523,42.0
11655,37,0.33783783783783783,107.8108108108108
11656,13,0.5384615384615384,16.0
11657,36,0.44126984126984126,121.19444444444444
11658,8,0.2857142857142857,74.0
11659,90,0.1375780274656679,100.43333333333334
11660,4,0.0,20.25
11661,21,0.4857142857142857,32.904761904761905
11662,1,0.0,7.0
11663,24,0.18478260869565216,27.875
11664,5,0.5,158.0
11665,2,0.0,82.5
11666,66,0.317016317016317,143.42424242424244
11667,4,0.16666666666666666,37.25
11668,21,0.3523809523809524,148.38095238095238
11669,2,0.0,3.5
11670,6,0.26666666666666666,13.166666666666666
11671,14,0.38461538461538464,10.857142857142858
11672,13,0.2948717948717949,49.30769230769231
11673,10,0.2222222222222222,61.0
11674,15,0.49523809523809526,27.866666666666667
11675,61,0.7076502732240437,101.04918032786885
11676,15,0.3238095238095238,117.2
11677,15,0.3904761904761905,184.86666666666667
11678,6,0.26666666666666666,16.833333333333332
11679,15,0.23809523809523808,77.73333333333333
11680,14,0.31868131868131866,18.857142857142858
11681,45,0.24242424242424243,122.82222222222222
11682,20,0.2736842105263158,93.7
11683,80,0.22879746835443038,116.5
11684,6,0.26666666666666666,294.5
11685,22,0.2813852813852814,44.13636363636363
11686,4,0.0,17.75
11687,8,0.10714285714285714,79.0
11688,3,0.6666666666666666,12.333333333333334
11689,0,0.0,0.0
11690,22,0.19913419913419914,147.54545454545453
11691,1,0.0,40.0
11692,47,0.3755781683626272,39.51063829787234
11693,9,0.19444444444444445,69.66666666666667
11694,31,0.5634408602150538,122.93548387096774
11695,12,0.3787878787878788,124.83333333333333
11696,4,0.8333333333333334,17.5
11697,63,0.2416794674859191,149.6984126984127
11698,0,0.0,0.0
11699,20,0.6,212.25
11700,0,0.0,0.0
11701,4,0.3333333333333333,53.5
11702,22,0.3116883116883117,98.13636363636364
11703,32,0.20362903225806453,78.5625
11704,42,0.15911730545876887,62.214285714285715
11705,16,0.6833333333333333,28.6875
11706,2,0.0,20.5
11707,14,0.45054945054945056,74.0
11708,21,0.24761904761904763,51.142857142857146
11709,16,0.24166666666666667,26.875
11710,12,0.48484848484848486,26.166666666666668
11711,38,0.4366998577524893,149.94736842105263
11712,8,0.6071428571428571,161.125
11713,20,0.43157894736842106,275.1
11714,29,0.5147783251231527,144.79310344827587
11715,23,0.2134387351778656,84.56521739130434
11716,38,0.35135135135135137,64.8157894736842
11717,0,0.0,0.0
11718,85,0.326890756302521,125.4235294117647
11719,30,0.3103448275862069,130.03333333333333
11720,155,0.23829074151654797,110.81290322580645
11721,31,0.23440860215053763,92.90322580645162
11722,3,0.3333333333333333,27.333333333333332
11723,15,0.3904761904761905,28.466666666666665
11724,12,0.18181818181818182,16.916666666666668
11725,2,1.0,2.5
11726,26,0.28615384615384615,93.42307692307692
11727,2,0.0,5.5
11728,237,0.2982192662518773,126.74261603375527
11729,44,0.2536997885835095,100.5
11730,6,0.26666666666666666,68.5
11731,10,0.2222222222222222,51.5
11732,8,0.25,14.875
11733,19,0.28654970760233917,57.21052631578947
11734,15,0.5428571428571428,48.86666666666667
11735,39,0.7314439946018894,95.41025641025641
11736,2,0.0,6.0
11737,0,0.0,0.0
11738,7,0.42857142857142855,53.0
11739,6,0.5333333333333333,23.833333333333332
11740,6,0.4,19.333333333333332
11741,45,0.23030303030303031,51.08888888888889
11742,15,0.22857142857142856,144.93333333333334
11743,19,0.2222222222222222,43.8421052631579
11744,25,0.39,61.2
11745,0,0.0,0.0
11746,62,0.4838709677419355,45.516129032258064
11747,51,0.26588235294117646,57.294117647058826
11748,13,0.6538461538461539,18.53846153846154
11749,38,0.29871977240398295,65.42105263157895
11750,16,0.325,65.5
11751,31,0.11182795698924732,85.35483870967742
11752,1,0.0,131.0
11753,28,0.25925925925925924,63.0
11754,6,0.06666666666666667,96.5
11755,115,0.28405797101449276,74.70434782608696
11756,26,0.23692307692307693,35.57692307692308
11757,12,0.24242424242424243,50.0
11758,17,0.40441176470588236,24.941176470588236
11759,48,0.42907801418439717,98.20833333333333
11760,26,0.3353846153846154,37.69230769230769
11761,4,0.0,25.25
11762,37,0.35285285285285284,37.5945945945946
11763,64,0.2693452380952381,43.421875
11764,14,0.14285714285714285,133.14285714285714
11765,13,0.15384615384615385,39.07692307692308
11766,166,0.10551296093464768,108.23493975903614
11767,17,0.27941176470588236,63.705882352941174
11768,5,0.4,14.2
11769,28,0.24338624338624337,33.964285714285715
11770,2,0.0,17.0
11771,40,0.2858974358974359,89.45
11772,7,0.3333333333333333,17.0
11773,7,0.2857142857142857,70.28571428571429
11774,3,0.3333333333333333,30.666666666666668
11775,42,0.28222996515679444,86.0
11776,6,0.4666666666666667,60.166666666666664
11777,35,0.3411764705882353,143.34285714285716
11778,40,0.0782051282051282,78.95
11779,23,0.6798418972332015,68.08695652173913
11780,13,0.24358974358974358,19.53846153846154
11781,2,0.0,77.0
11782,93,0.21435250116877044,212.58064516129033
11783,9,0.25,63.111111111111114
11784,5,0.6,15.8
11785,43,0.33665559246954596,95.11627906976744
11786,8,0.2857142857142857,30.75
11787,62,0.26705446853516657,99.56451612903226
11788,28,0.5555555555555556,271.10714285714283
11789,7,0.47619047619047616,33.57142857142857
11790,5,1.0,121.8
11791,0,0.0,0.0
11792,79,0.36773774748458293,101.32911392405063
11793,57,0.25626566416040103,181.89473684210526
11794,69,0.1794543904518329,86.65217391304348
11795,12,0.2878787878787879,24.75
11796,1,0.0,23.0
11797,5,0.6,18.4
11798,30,0.22758620689655173,218.93333333333334
11799,8,0.14285714285714285,24.375
11800,9,0.3888888888888889,39.666666666666664
11801,5,0.2,10.4
11802,47,0.3274745605920444,52.276595744680854
11803,12,0.9696969696969697,83.75
11804,12,0.36363636363636365,77.08333333333333
11805,79,0.2898409607270367,67.60759493670886
11806,129,0.22977228682170542,216.1860465116279
11807,59,0.1864406779661017,106.86440677966101
11808,27,0.4444444444444444,69.18518518518519
11809,13,0.2948717948717949,30.23076923076923
11810,3,0.6666666666666666,12.0
11811,8,0.2857142857142857,17.25
11812,88,0.4320794148380355,112.48863636363636
11813,16,0.5416666666666666,54.25
11814,11,0.43636363636363634,67.81818181818181
11815,80,0.37816455696202533,94.5125
11816,33,0.14015151515151514,105.33333333333333
11817,2,0.0,14.5
11818,6,0.13333333333333333,146.5
11819,14,0.43956043956043955,49.42857142857143
11820,28,0.2724867724867725,62.67857142857143
11821,4,0.5,33.75
11822,45,0.3838383838383838,72.28888888888889
11823,33,0.6363636363636364,90.15151515151516
11824,44,0.16913319238900634,74.20454545454545
11825,1,0.0,17.0
11826,23,0.1225296442687747,49.47826086956522
11827,16,0.35,59.8125
11828,12,0.3787878787878788,33.916666666666664
11829,17,0.38235294117647056,95.94117647058823
11830,6,0.13333333333333333,85.66666666666667
11831,7,0.14285714285714285,16.857142857142858
11832,8,0.35714285714285715,28.125
11833,33,0.1268939393939394,91.96969696969697
11834,35,0.20504201680672268,41.857142857142854
11835,3,0.0,22.0
11836,26,0.42153846153846153,84.23076923076923
11837,76,0.31684210526315787,283.57894736842104
11838,107,0.29730206312819607,204.44859813084113
11839,5,0.7,62.6
11840,10,0.2222222222222222,20.4
11841,1,0.0,65.0
11842,37,0.17717717717717718,102.29729729729729
11843,13,0.23076923076923078,11.384615384615385
11844,3,0.0,504.0
11845,163,0.26592441111868514,145.74233128834356
11846,12,0.16666666666666666,56.666666666666664
11847,30,0.4160919540229885,44.166666666666664
11848,25,0.6,89.32
11849,7,0.14285714285714285,50.142857142857146
11850,36,0.526984126984127,74.22222222222223
11851,0,0.0,0.0
11852,108,0.14018691588785046,136.53703703703704
11853,4,0.6666666666666666,7.25
11854,16,0.38333333333333336,12.625
11855,4,0.6666666666666666,25.25
11856,14,0.42857142857142855,34.5
11857,3,1.0,27.666666666666668
11858,9,0.5555555555555556,23.0
11859,5,0.7,55.0
11860,12,0.42424242424242425,20.5
11861,69,0.2318840579710145,222.3768115942029
11862,25,0.4033333333333333,75.52
11863,15,0.22857142857142856,29.133333333333333
11864,5,0.1,106.4
11865,5,0.3,98.4
11866,31,0.27956989247311825,87.45161290322581
11867,4,0.16666666666666666,43.25
11868,20,0.20526315789473684,29.65
11869,0,0.0,0.0
11870,10,0.17777777777777778,210.9
11871,12,0.2878787878787879,43.25
11872,44,0.26744186046511625,59.81818181818182
11873,75,0.12,74.72
11874,29,0.4064039408866995,69.65517241379311
11875,17,0.5367647058823529,75.17647058823529
11876,22,0.2813852813852814,65.0909090909091
11877,8,0.5357142857142857,225.25
11878,58,0.6860254083484574,90.98275862068965
11879,9,0.8888888888888888,58.0
11880,39,0.3157894736842105,109.76923076923077
11881,14,0.7362637362637363,37.0
11882,11,0.21818181818181817,43.27272727272727
11883,15,0.2857142857142857,37.4
11884,23,0.22529644268774704,29.434782608695652
11885,1,0.0,12.0
11886,13,0.2692307692307692,51.0
11887,16,0.23333333333333334,68.875
11888,1,0.0,124.0
11889,58,0.5952813067150635,92.65517241379311
11890,20,0.28421052631578947,32.9
11891,35,0.6403361344537815,54.457142857142856
11892,32,0.37701612903225806,55.46875
11893,0,0.0,0.0
11894,25,0.36666666666666664,59.2
11895,47,0.16466234967622573,143.06382978723406
11896,63,0.40604198668714797,85.57142857142857
11897,19,0.15789473684210525,44.78947368421053
11898,18,0.49019607843137253,66.0
11899,87,0.4971932638331997,80.60919540229885
11900,32,0.2721774193548387,110.75
11901,18,0.19607843137254902,66.27777777777777
11902,5,0.4,49.0
11903,4,0.3333333333333333,58.0
11904,1,0.0,1.0
11905,20,0.22631578947368422,25.85
11906,3,0.3333333333333333,24.333333333333332
11907,1,0.0,7.0
11908,51,0.476078431372549,128.3921568627451
11909,11,0.2909090909090909,23.90909090909091
11910,15,0.37142857142857144,79.46666666666667
11911,33,0.5359848484848485,105.0
11912,25,0.16666666666666666,66.56
11913,58,0.24198427102238354,42.172413793103445
11914,32,0.4112903225806452,39.75
11915,95,0.15386338185890258,152.13684210526316
11916,18,0.47058823529411764,57.611111111111114
11917,10,0.3333333333333333,72.7
11918,1,0.0,7.0
11919,29,0.34236453201970446,57.689655172413794
11920,12,0.42424242424242425,42.25
11921,8,0.5357142857142857,108.25
11922,43,0.36212624584717606,95.62790697674419
11923,19,0.1111111111111111,36.63157894736842
11924,64,0.19543650793650794,65.203125
11925,19,0.2807017543859649,27.210526315789473
11926,9,0.4166666666666667,13.0
11927,2,0.0,12.5
11928,51,0.2996078431372549,42.333333333333336
11929,20,0.4473684210526316,79.25
11930,0,0.0,0.0
11931,11,0.36363636363636365,49.09090909090909
11932,17,0.6029411764705882,192.1764705882353
11933,14,0.8241758241758241,46.92857142857143
11934,4,0.5,14.0
11935,2,1.0,37.0
11936,7,0.5714285714285714,30.571428571428573
11937,17,0.6544117647058824,62.23529411764706
11938,3,0.0,72.66666666666667
11939,3,0.3333333333333333,75.0
11940,1,0.0,13.0
11941,91,0.3115995115995116,103.81318681318682
11942,7,0.14285714285714285,28.714285714285715
11943,6,0.3333333333333333,32.666666666666664
11944,63,0.286226318484383,69.39682539682539
11945,54,0.5632424877707897,116.48148148148148
11946,10,0.24444444444444444,31.9
11947,22,0.17316017316017315,26.545454545454547
11948,4,0.5,16.25
11949,5,0.8,23.2
11950,2,0.0,10.0
11951,3,1.0,62.0
11952,5,0.9,31.2
11953,2,0.0,48.5
11954,6,0.8,25.666666666666668
11955,2,1.0,14.5
11956,14,0.4065934065934066,322.14285714285717
11957,33,0.36174242424242425,67.93939393939394
11958,12,0.2878787878787879,66.16666666666667
11959,13,0.2692307692307692,13.307692307692308
11960,5,0.4,55.2
11961,54,0.24737945492662475,56.44444444444444
11962,1,0.0,16.0
11963,258,0.15543088106657013,151.89147286821705
11964,23,0.2727272727272727,55.73913043478261
11965,12,0.5454545454545454,167.0
11966,18,0.40522875816993464,104.22222222222223
11967,395,0.1407055195013815,158.25316455696202
11968,17,0.47794117647058826,65.29411764705883
11969,9,0.1111111111111111,11.222222222222221
11970,12,0.22727272727272727,28.833333333333332
11971,45,0.2737373737373737,182.17777777777778
11972,46,0.21545893719806763,89.97826086956522
11973,31,0.25806451612903225,48.12903225806452
11974,502,0.09979244697855286,154.58964143426294
11975,8,0.32142857142857145,115.375
11976,6,0.3333333333333333,17.5
11977,129,0.15625,68.3953488372093
11978,13,0.21794871794871795,48.61538461538461
11979,18,0.17647058823529413,62.611111111111114
11980,31,0.16774193548387098,90.80645161290323
11981,44,0.5095137420718816,49.11363636363637
11982,1,0.0,26.0
11983,27,0.19373219373219372,58.111111111111114
11984,4,0.16666666666666666,43.75
11985,64,0.5238095238095238,80.46875
11986,7,0.14285714285714285,35.57142857142857
11987,41,0.526829268292683,69.97560975609755
11988,58,0.2365396249243799,85.6896551724138
11989,15,0.18095238095238095,97.2
11990,12,0.10606060606060606,39.5
11991,7,0.47619047619047616,28.714285714285715
11992,9,0.5555555555555556,50.666666666666664
11993,0,0.0,0.0
11994,74,0.234727878563495,106.95945945945945
11995,14,0.45054945054945056,21.642857142857142
11996,16,0.8583333333333333,59.4375
11997,8,0.6785714285714286,22.5
11998,0,0.0,0.0
11999,15,0.6285714285714286,29.733333333333334
12000,19,0.23391812865497075,31.263157894736842
12001,6,0.26666666666666666,71.16666666666667
12002,6,0.13333333333333333,69.5
12003,0,0.0,0.0
12004,1,0.0,2.0
12005,1,0.0,8.0
12006,4,0.0,10.5
12007,1,0.0,2.0
12008,1,0.0,66.0
12009,0,0.0,0.0
12010,6,0.26666666666666666,59.333333333333336
12011,1,0.0,48.0
12012,10,0.2222222222222222,27.3
12013,40,0.28974358974358977,90.675
12014,2,0.0,3.0
12015,5,0.3,13.6
12016,33,0.1875,120.0909090909091
12017,97,0.17740549828178695,168.61855670103094
12018,47,0.1461609620721554,123.95744680851064
12019,1,0.0,6.0
12020,145,0.24683908045977013,100.9103448275862
12021,31,0.12688172043010754,102.48387096774194
12022,31,0.12688172043010754,89.90322580645162
12023,70,0.4501035196687371,88.04285714285714
12024,8,0.21428571428571427,58.625
12025,3,0.3333333333333333,118.33333333333333
12026,3,0.3333333333333333,15.0
12027,12,0.22727272727272727,43.416666666666664
12028,29,0.29064039408866993,91.86206896551724
12029,9,0.3888888888888889,19.333333333333332
12030,15,0.22857142857142856,25.333333333333332
12031,195,0.19936558287073752,100.47179487179487
12032,14,0.16483516483516483,61.214285714285715
12033,4,0.8333333333333334,8.75
12034,1,0.0,2.0
12035,6,0.26666666666666666,51.833333333333336
12036,17,0.18382352941176472,50.35294117647059
12037,36,0.3873015873015873,43.166666666666664
12038,58,0.2988505747126437,40.56896551724138
12039,133,0.3001822738664844,143.1954887218045
12040,4,0.3333333333333333,11.0
12041,63,0.42089093701996927,45.74603174603175
12042,48,0.1347517730496454,49.6875
12043,105,0.4824175824175824,85.04761904761905
12044,16,0.8916666666666667,75.3125
12045,8,0.17857142857142858,16.75
12046,13,0.28205128205128205,62.15384615384615
12047,0,0.0,0.0
12048,3,0.3333333333333333,51.333333333333336
12049,5,0.4,51.6
12050,52,0.4751131221719457,39.86538461538461
12051,54,0.23410202655485673,172.9814814814815
12052,12,0.15151515151515152,115.0
12053,15,0.22857142857142856,66.66666666666667
12054,2,0.0,87.5
12055,11,0.45454545454545453,35.63636363636363
12056,4,0.16666666666666666,56.25
12057,4,0.5,18.5
12058,2,0.0,8.5
12059,7,0.19047619047619047,76.71428571428571
12060,0,0.0,0.0
12061,0,0.0,0.0
12062,22,0.22943722943722944,130.5909090909091
12063,7,0.38095238095238093,28.142857142857142
12064,28,0.20899470899470898,67.71428571428571
12065,4,0.16666666666666666,204.25
12066,15,0.819047619047619,53.2
12067,1,0.0,22.0
12068,7,0.42857142857142855,21.857142857142858
12069,44,0.3171247357293869,55.36363636363637
12070,30,0.20689655172413793,114.9
12071,21,0.23333333333333334,40.57142857142857
12072,2,0.0,77.0
12073,0,0.0,0.0
12074,6,0.26666666666666666,147.33333333333334
12075,11,0.38181818181818183,26.0
12076,68,0.3476733977172959,109.42647058823529
12077,11,0.21818181818181817,62.90909090909091
12078,24,0.20652173913043478,45.375
12079,71,0.4579476861167002,49.647887323943664
12080,5,0.4,13.6
12081,5,0.8,18.8
12082,13,0.48717948717948717,41.15384615384615
12083,5,0.5,56.0
12084,34,0.17290552584670232,60.294117647058826
12085,18,0.40522875816993464,58.27777777777778
12086,12,0.16666666666666666,25.75
12087,22,0.4025974025974026,40.18181818181818
12088,35,0.6033613445378151,45.371428571428574
12089,5,0.3,15.0
12090,45,0.3474747474747475,47.422222222222224
12091,6,0.5333333333333333,279.8333333333333
12092,13,0.5256410256410257,38.15384615384615
12093,7,0.42857142857142855,32.857142857142854
12094,90,0.3188514357053683,104.0111111111111
12095,10,0.4666666666666667,62.0
12096,35,0.15126050420168066,92.94285714285714
12097,19,0.6666666666666666,61.10526315789474
12098,49,0.16241496598639457,62.06122448979592
12099,15,0.6476190476190476,66.73333333333333
12100,33,0.3806818181818182,32.90909090909091
12101,78,0.20745920745920746,45.05128205128205
12102,6,0.4,49.5
12103,28,0.1984126984126984,29.428571428571427
12104,16,0.275,31.3125
12105,6,0.4666666666666667,73.0
12106,108,0.23433714087919696,145.24074074074073
12107,5,0.6,20.6
12108,249,0.13881331778727815,131.81124497991968
12109,9,0.1388888888888889,29.555555555555557
12110,4,1.0,29.0
12111,22,0.48917748917748916,89.81818181818181
12112,41,0.22439024390243903,42.63414634146341
12113,54,0.3535988819007687,133.57407407407408
12114,3,1.0,26.0
12115,40,0.22435897435897437,137.75
12116,60,0.3338983050847458,66.35
12117,55,0.4861952861952862,116.6
12118,13,0.05128205128205128,23.46153846153846
12119,29,0.28078817733990147,66.24137931034483
12120,3,0.3333333333333333,11.333333333333334
12121,15,0.22857142857142856,60.46666666666667
12122,18,0.3137254901960784,45.22222222222222
12123,1,0.0,56.0
12124,10,0.5111111111111111,92.9
12125,27,0.2792022792022792,43.407407407407405
12126,15,0.20952380952380953,73.33333333333333
12127,14,0.25274725274725274,33.07142857142857
12128,3,0.0,16.666666666666668
12129,35,0.3495798319327731,102.2
12130,12,0.48484848484848486,37.833333333333336
12131,78,0.34032634032634035,56.67948717948718
12132,78,0.41891441891441894,132.07692307692307
12133,0,0.0,0.0
12134,28,0.4126984126984127,33.392857142857146
12135,76,0.17789473684210527,42.421052631578945
12136,59,0.3483343074225599,239.5593220338983
12137,2,0.0,11.0
12138,54,0.29979035639413,92.77777777777777
12139,21,0.22857142857142856,21.047619047619047
12140,12,0.8333333333333334,16.916666666666668
12141,22,0.3203463203463203,44.09090909090909
12142,1,0.0,24.0
12143,12,0.21212121212121213,45.083333333333336
12144,21,0.16666666666666666,40.61904761904762
12145,26,0.26153846153846155,42.03846153846154
12146,15,0.2857142857142857,121.0
12147,17,0.49264705882352944,44.411764705882355
12148,90,0.22771535580524344,110.43333333333334
12149,5,0.4,30.0
12150,16,0.225,27.9375
12151,8,0.2857142857142857,51.5
12152,29,0.29064039408866993,112.82758620689656
12153,88,0.21839080459770116,82.36363636363636
12154,5,0.0,39.8
12155,13,0.16666666666666666,31.615384615384617
12156,9,0.6944444444444444,41.44444444444444
12157,24,0.19202898550724637,70.16666666666667
12158,97,0.22852233676975944,159.39175257731958
12159,80,0.27943037974683543,147.25
12160,213,0.19820178935246702,169.60093896713616
12161,6,0.5333333333333333,87.0
12162,14,0.5054945054945055,27.142857142857142
12163,4,1.0,74.25
12164,9,0.3611111111111111,18.0
12165,2,1.0,9.0
12166,57,0.325187969924812,82.6140350877193
12167,42,0.6074332171893148,40.45238095238095
12168,11,0.23636363636363636,93.0909090909091
12169,614,0.1073643266681191,161.6058631921824
12170,9,0.5833333333333334,184.33333333333334
12171,15,0.41904761904761906,59.46666666666667
12172,41,0.697560975609756,73.04878048780488
12173,27,0.35327635327635326,56.25925925925926
12174,3,0.3333333333333333,31.333333333333332
12175,54,0.10971348707197764,96.11111111111111
12176,9,0.75,9.666666666666666
12177,24,0.30434782608695654,85.95833333333333
12178,36,0.20634920634920634,22.75
12179,75,0.28612612612612615,136.84
12180,13,0.46153846153846156,118.23076923076923
12181,1,0.0,1.0
12182,8,0.4642857142857143,61.625
12183,55,0.26936026936026936,30.727272727272727
12184,11,0.10909090909090909,45.81818181818182
12185,3,0.0,29.0
12186,9,0.16666666666666666,191.22222222222223
12187,15,0.49523809523809526,61.0
12188,0,0.0,0.0
12189,18,0.3660130718954248,45.388888888888886
12190,34,0.35294117647058826,115.41176470588235
12191,2,0.0,21.0
12192,1,0.0,8.0
12193,45,0.30505050505050507,87.77777777777777
12194,6,0.26666666666666666,22.333333333333332
12195,0,0.0,0.0
12196,1,0.0,49.0
12197,10,0.15555555555555556,25.6
12198,9,0.6388888888888888,133.33333333333334
12199,1,0.0,33.0
12200,2,0.0,3.5
12201,3,0.0,45.666666666666664
12202,7,0.23809523809523808,84.28571428571429
12203,16,0.825,29.0
12204,20,0.3526315789473684,106.75
12205,2,1.0,37.0
12206,5,0.3,70.4
12207,14,0.3516483516483517,31.142857142857142
12208,2,0.0,37.5
12209,2,0.0,26.0
12210,21,0.2571428571428571,25.333333333333332
12211,2,0.0,26.5
12212,15,0.4666666666666667,39.733333333333334
12213,37,0.23723723723723725,50.86486486486486
12214,31,0.2086021505376344,67.06451612903226
12215,52,0.6266968325791855,57.84615384615385
12216,19,0.3216374269005848,70.78947368421052
12217,3,1.0,86.33333333333333
12218,26,0.3323076923076923,33.80769230769231
12219,22,0.36363636363636365,59.90909090909091
12220,176,0.2405844155844156,165.1534090909091
12221,6,0.8,36.666666666666664
12222,4,0.5,16.5
12223,3,1.0,19.0
12224,15,0.21904761904761905,201.26666666666668
12225,6,0.6,54.833333333333336
12226,40,0.5205128205128206,107.475
12227,1,0.0,15.0
12228,32,0.28830645161290325,23.40625
12229,22,0.23376623376623376,93.27272727272727
12230,15,0.4380952380952381,47.6
12231,2,1.0,9.5
12232,9,0.2777777777777778,22.77777777777778
12233,71,0.23420523138833,62.605633802816904
12234,2,1.0,2.0
12235,82,0.1854862993074375,88.51219512195122
12236,209,0.20652373941847627,191.02392344497608
12237,126,0.0827936507936508,45.611111111111114
12238,55,0.20134680134680136,60.29090909090909
12239,93,0.182328190743338,204.8494623655914
12240,3,0.0,25.0
12241,28,0.32275132275132273,83.32142857142857
12242,11,0.21818181818181817,49.18181818181818
12243,6,0.26666666666666666,34.666666666666664
12244,14,0.45054945054945056,62.785714285714285
12245,7,0.09523809523809523,54.285714285714285
12246,13,0.7051282051282052,106.76923076923077
12247,32,0.5645161290322581,43.28125
12248,64,0.7470238095238095,92.546875
12249,15,0.4,25.8
12250,18,0.35947712418300654,31.11111111111111
12251,13,0.20512820512820512,52.38461538461539
12252,1,0.0,20.0
12253,9,0.5555555555555556,50.111111111111114
12254,40,0.22179487179487178,99.95
12255,149,0.22410665699256302,185.00671140939596
12256,141,0.31013171225937186,132.31205673758865
12257,82,0.5070761818729298,153.9512195121951
12258,1,0.0,7.0
12259,60,0.25536723163841807,38.6
12260,77,0.17464114832535885,89.40259740259741
12261,60,0.18531073446327684,180.18333333333334
12262,1,0.0,3.0
12263,0,0.0,0.0
12264,65,0.3245192307692308,64.83076923076923
12265,13,0.5384615384615384,16.0
12266,2,0.0,6.0
12267,50,0.49551020408163265,47.24
12268,4,0.0,29.75
12269,88,0.3322884012539185,127.45454545454545
12270,43,0.292358803986711,45.81395348837209
12271,22,0.6017316017316018,36.90909090909091
12272,1,0.0,20.0
12273,20,0.23684210526315788,48.15
12274,21,0.5476190476190477,36.19047619047619
12275,20,0.3368421052631579,32.05
12276,11,1.0,44.27272727272727
12277,16,0.225,35.25
12278,37,0.506006006006006,38.351351351351354
12279,10,0.3111111111111111,38.8
12280,25,0.10666666666666667,49.92
12281,51,0.6062745098039216,80.37254901960785
12282,4,0.5,21.0
12283,51,0.27137254901960783,66.07843137254902
12284,52,0.3597285067873303,109.8076923076923
12285,48,0.18528368794326242,33.208333333333336
12286,88,0.43286311389759663,69.11363636363636
12287,87,0.3028601978080727,57.42528735632184
12288,5,0.4,14.8
12289,32,0.20967741935483872,44.03125
12290,124,0.14057172829792813,67.39516129032258
12291,25,0.29333333333333333,76.76
12292,7,0.5238095238095238,150.42857142857142
12293,7,0.2857142857142857,66.0
12294,12,0.2878787878787879,57.083333333333336
12295,1,0.0,13.0
12296,23,0.4150197628458498,77.04347826086956
12297,21,0.38571428571428573,56.04761904761905
12298,18,0.5816993464052288,43.0
12299,64,0.1463293650793651,171.578125
12300,36,0.5079365079365079,45.416666666666664
12301,14,0.25274725274725274,50.57142857142857
12302,6,0.8,13.166666666666666
12303,9,0.5555555555555556,63.77777777777778
12304,2,1.0,30.5
12305,14,0.15384615384615385,72.21428571428571
12306,8,0.5357142857142857,20.75
12307,3,0.6666666666666666,29.333333333333332
12308,46,0.527536231884058,52.08695652173913
12309,7,0.6190476190476191,27.142857142857142
12310,44,0.2928118393234672,170.02272727272728
12311,43,0.3444075304540421,121.69767441860465
12312,28,0.28835978835978837,54.857142857142854
12313,27,0.6410256410256411,41.629629629629626
12314,2,0.0,61.5
12315,0,0.0,0.0
12316,7,0.23809523809523808,106.85714285714286
12317,10,0.2,27.0
12318,5,0.5,17.2
12319,6,0.4,35.833333333333336
12320,4,1.0,13.25
12321,49,0.32568027210884354,64.12244897959184
12322,17,0.07352941176470588,59.35294117647059
12323,6,0.13333333333333333,31.833333333333332
12324,66,0.20512820512820512,135.06060606060606
12325,6,0.3333333333333333,76.33333333333333
12326,14,0.3516483516483517,36.92857142857143
12327,65,0.18365384615384617,110.46153846153847
12328,111,0.30515970515970514,110.44144144144144
12329,76,0.6957894736842105,101.57894736842105
12330,16,0.9416666666666667,22.5
12331,40,0.36923076923076925,52.5
12332,15,0.1523809523809524,81.0
12333,6,0.26666666666666666,18.5
12334,132,0.24404348831829747,180.6060606060606
12335,3,0.3333333333333333,36.0
12336,15,0.23809523809523808,87.06666666666666
12337,9,0.3055555555555556,75.11111111111111
12338,29,0.16748768472906403,45.55172413793103
12339,29,0.3251231527093596,91.06896551724138
12340,56,0.40194805194805194,56.69642857142857
12341,50,0.36081632653061224,36.62
12342,29,0.3866995073891626,43.93103448275862
12343,32,0.32661290322580644,97.90625
12344,11,0.41818181818181815,45.81818181818182
12345,3,0.3333333333333333,13.0
12346,33,0.44696969696969696,67.06060606060606
12347,14,0.25274725274725274,29.714285714285715
12348,63,0.5376344086021505,113.95238095238095
12349,6,0.4666666666666667,71.83333333333333
12350,27,0.12535612535612536,50.81481481481482
12351,12,0.07575757575757576,13.25
12352,7,0.47619047619047616,16.428571428571427
12353,2,0.0,55.0
12354,6,0.13333333333333333,4.0
12355,9,0.16666666666666666,23.666666666666668
12356,0,0.0,0.0
12357,4,0.5,6.5
12358,15,0.0761904761904762,121.26666666666667
12359,45,0.3282828282828283,46.111111111111114
12360,12,0.5151515151515151,58.916666666666664
12361,78,0.2730602730602731,44.19230769230769
12362,49,0.5153061224489796,51.87755102040816
12363,19,0.6608187134502924,73.89473684210526
12364,109,0.2308868501529052,212.85321100917432
12365,14,0.4175824175824176,37.357142857142854
12366,0,0.0,0.0
12367,42,0.19047619047619047,234.3095238095238
12368,0,0.0,0.0
12369,28,0.5582010582010583,299.14285714285717
12370,0,0.0,0.0
12371,5,0.5,25.2
12372,2,1.0,19.5
12373,4,0.3333333333333333,61.0
12374,21,0.47619047619047616,43.38095238095238
12375,54,0.2781271837875611,111.55555555555556
12376,2,1.0,11.5
12377,13,0.41025641025641024,29.846153846153847
12378,47,0.6059204440333025,95.06382978723404
12379,16,0.2916666666666667,60.6875
12380,5,0.7,60.0
12381,49,0.34438775510204084,84.51020408163265
12382,7,0.5238095238095238,19.0
12383,6,0.06666666666666667,42.0
12384,4,0.3333333333333333,23.75
12385,3,1.0,31.0
12386,20,0.4368421052631579,66.95
12387,5,0.7,9.0
12388,8,0.5714285714285714,21.125
12389,34,0.46880570409982175,47.588235294117645
12390,16,0.325,19.8125
12391,2,0.0,57.5
12392,7,0.3333333333333333,7.0
12393,8,0.17857142857142858,52.875
12394,32,0.24193548387096775,18.78125
12395,0,0.0,0.0
12396,25,0.41,23.04
12397,21,0.1761904761904762,35.523809523809526
12398,19,0.5906432748538012,28.210526315789473
12399,13,0.20512820512820512,184.0
12400,3,0.3333333333333333,114.33333333333333
12401,20,0.46842105263157896,49.7
12402,30,0.18620689655172415,22.066666666666666
12403,20,0.24736842105263157,38.3
12404,85,0.642296918767507,94.36470588235294
12405,87,0.6514300989040364,119.98850574712644
12406,6,0.7333333333333333,64.83333333333333
12407,5,0.9,39.4
12408,9,0.2222222222222222,64.0
12409,30,0.7563218390804598,167.26666666666668
12410,39,0.36707152496626183,75.94871794871794
12411,3,0.3333333333333333,22.333333333333332
12412,26,0.3569230769230769,45.69230769230769
12413,26,0.2553846153846154,45.5
12414,175,0.17490968801313628,123.14285714285714
12415,89,0.3355464759959142,168.8314606741573
12416,12,0.42424242424242425,30.75
12417,5,0.1,2.6
12418,59,0.3103448275862069,56.52542372881356
12419,4,0.16666666666666666,31.75
12420,24,0.19202898550724637,49.916666666666664
12421,4,0.6666666666666666,101.75
12422,14,0.4175824175824176,68.28571428571429
12423,47,0.7012025901942646,78.7872340425532
12424,14,0.4945054945054945,50.57142857142857
12425,28,0.3915343915343915,87.85714285714286
12426,36,0.33174603174603173,110.61111111111111
12427,43,0.1539313399778516,149.65116279069767
12428,27,0.452991452991453,34.0
12429,10,0.37777777777777777,45.2
12430,52,0.31070889894419307,104.1923076923077
12431,0,0.0,0.0
12432,5,0.6,166.8
12433,214,0.14461848975472774,104.67289719626169
12434,12,0.2727272727272727,44.333333333333336
12435,43,0.1450719822812846,36.325581395348834
12436,9,0.19444444444444445,28.88888888888889
12437,6,0.3333333333333333,107.0
12438,6,0.26666666666666666,21.666666666666668
12439,85,0.22605042016806723,105.38823529411765
12440,64,0.564484126984127,122.359375
12441,8,0.5357142857142857,18.375
12442,3,0.6666666666666666,5.0
12443,5,0.1,43.8
12444,36,0.19365079365079366,42.638888888888886
12445,87,0.2346966051857792,34.40229885057471
12446,8,0.25,21.625
12447,1,0.0,25.0
12448,13,0.358974358974359,29.692307692307693
12449,11,0.6363636363636364,56.81818181818182
12450,22,0.5714285714285714,40.81818181818182
12451,1,0.0,11.0
12452,10,0.2222222222222222,24.1
12453,72,0.236697965571205,209.61111111111111
12454,3,0.3333333333333333,153.33333333333334
12455,8,1.0,18.625
12456,5,0.3,8.4
12457,49,0.1564625850340136,44.12244897959184
12458,26,0.28307692307692306,61.84615384615385
12459,6,0.2,19.333333333333332
12460,720,0.07144954411991965,134.07361111111112
12461,15,0.4,45.4
12462,94,0.4770075497597804,138.62765957446808
12463,18,0.28104575163398693,54.333333333333336
12464,52,0.3778280542986425,174.76923076923077
12465,2,0.0,15.5
12466,31,0.35698924731182796,66.38709677419355
12467,2,0.0,26.5
12468,9,0.25,18.11111111111111
12469,1,0.0,145.0
12470,6,0.26666666666666666,21.666666666666668
12471,13,0.23076923076923078,73.07692307692308
12472,5,0.2,18.6
12473,6,0.5333333333333333,38.333333333333336
12474,20,0.24736842105263157,36.1
12475,81,0.35401234567901235,72.0
12476,27,0.5185185185185185,155.44444444444446
12477,41,0.3902439024390244,48.31707317073171
12478,9,0.05555555555555555,39.666666666666664
12479,3,0.6666666666666666,6.333333333333333
12480,39,0.48313090418353577,149.89743589743588
12481,14,0.4725274725274725,180.0
12482,6,1.0,81.0
12483,32,0.23588709677419356,89.5625
12484,9,0.3055555555555556,49.0
12485,14,0.26373626373626374,62.142857142857146
12486,53,0.11756168359941944,123.9622641509434
12487,16,0.5833333333333334,282.75
12488,51,0.46352941176470586,72.05882352941177
12489,4,0.16666666666666666,116.75
12490,25,0.27,44.68
12491,2,0.0,257.5
12492,1,0.0,6.0
12493,42,0.8362369337979094,96.26190476190476
12494,45,0.7676767676767676,83.15555555555555
12495,2,1.0,6.5
12496,95,0.17939529675251958,57.83157894736842
12497,20,0.3894736842105263,46.15
12498,1,0.0,3.0
12499,84,0.11876075731497418,74.54761904761905
12500,1,0.0,11.0
12501,9,0.1111111111111111,100.66666666666667
12502,7,0.19047619047619047,30.428571428571427
12503,19,0.3157894736842105,27.36842105263158
12504,3,0.3333333333333333,272.3333333333333
12505,20,0.3,75.7
12506,79,0.3388510223953262,191.9493670886076
12507,38,0.34992887624466573,67.97368421052632
12508,63,0.452636968766001,133.47619047619048
12509,3,1.0,29.333333333333332
12510,36,0.20476190476190476,114.88888888888889
12511,66,0.4540792540792541,42.666666666666664
12512,62,0.3225806451612903,107.46774193548387
12513,49,0.30357142857142855,140.51020408163265
12514,2,0.0,31.0
12515,3,0.3333333333333333,20.666666666666668
12516,21,0.15714285714285714,122.80952380952381
12517,1,0.0,17.0
12518,106,0.4026954177897574,86.24528301886792
12519,61,0.21420765027322405,85.34426229508196
12520,2,0.0,55.0
12521,6,0.7333333333333333,20.166666666666668
12522,13,0.1794871794871795,64.0
12523,2,0.0,10.0
12524,2,1.0,57.5
12525,60,0.3135593220338983,87.55
12526,24,0.6159420289855072,35.25
12527,8,0.39285714285714285,37.25
12528,14,0.5824175824175825,33.785714285714285
12529,16,0.31666666666666665,47.5625
12530,13,0.5769230769230769,17.076923076923077
12531,11,0.16363636363636364,22.90909090909091
12532,13,0.5256410256410257,51.23076923076923
12533,1,0.0,1.0
12534,6,0.2,31.166666666666668
12535,12,0.3333333333333333,50.75
12536,102,0.29644729178800233,123.46078431372548
12537,3,1.0,8.0
12538,25,0.24333333333333335,54.16
12539,26,0.29846153846153844,90.1923076923077
12540,32,0.26814516129032256,62.5625
12541,8,0.2857142857142857,18.875
12542,3,0.3333333333333333,5.333333333333333
12543,77,0.12747778537252222,61.03896103896104
12544,5,0.6,50.8
12545,36,0.23174603174603176,25.72222222222222
12546,17,0.4411764705882353,38.8235294117647
12547,6,0.9333333333333333,39.833333333333336
12548,2,0.0,11.0
12549,7,0.6190476190476191,44.57142857142857
12550,26,0.6553846153846153,196.1153846153846
12551,8,0.75,61.0
12552,39,0.36707152496626183,99.12820512820512
12553,4,0.16666666666666666,7.5
12554,4,0.0,69.25
12555,102,0.46107551931663754,84.56862745098039
12556,25,0.30666666666666664,87.0
12557,6,0.3333333333333333,35.0
12558,2,0.0,24.0
12559,19,0.2573099415204678,54.89473684210526
12560,61,0.24918032786885247,151.95081967213116
12561,4,0.3333333333333333,7.25
12562,52,0.2986425339366516,36.0
12563,14,0.43956043956043955,27.285714285714285
12564,17,0.19852941176470587,71.58823529411765
12565,18,0.5359477124183006,114.0
12566,4,0.6666666666666666,32.75
12567,5,0.4,24.2
12568,39,0.5357624831309041,50.717948717948715
12569,20,0.18947368421052632,47.15
12570,16,0.30833333333333335,51.25
12571,21,0.19523809523809524,47.76190476190476
12572,53,0.3229317851959361,84.45283018867924
12573,68,0.7045654082528534,91.63235294117646
12574,5,0.3,78.6
12575,6,0.5333333333333333,89.5
12576,39,0.20917678812415655,48.87179487179487
12577,8,0.5357142857142857,75.625
12578,53,0.23802612481857766,101.16981132075472
12579,5,0.4,18.2
12580,6,0.4666666666666667,55.166666666666664
12581,25,0.35333333333333333,78.88
12582,17,0.2426470588235294,39.1764705882353
12583,0,0.0,0.0
12584,23,0.17391304347826086,66.34782608695652
12585,13,0.5,80.53846153846153
12586,16,0.6416666666666667,32.5
12587,1,0.0,2.0
12588,15,0.6,60.53333333333333
12589,43,0.2369878183831672,48.48837209302326
12590,21,0.5952380952380952,30.523809523809526
12591,16,0.25,33.9375
12592,1,0.0,3.0
12593,1,0.0,9.0
12594,3,0.0,20.666666666666668
12595,0,0.0,0.0
12596,1,0.0,18.0
12597,1,0.0,28.0
12598,11,0.2727272727272727,26.727272727272727
12599,20,0.23157894736842105,173.1
12600,3,0.3333333333333333,13.666666666666666
12601,3,0.0,11.333333333333334
12602,5,0.1,85.4
12603,61,0.31475409836065577,190.70491803278688
12604,15,0.3238095238095238,43.4
12605,17,0.4338235294117647,73.0
12606,6,0.2,3.6666666666666665
12607,13,0.15384615384615385,33.07692307692308
12608,6,0.26666666666666666,31.0
12609,50,0.21877551020408162,42.12
12610,8,0.21428571428571427,48.25
12611,27,0.20512820512820512,60.44444444444444
12612,9,0.2777777777777778,62.111111111111114
12613,52,0.3793363499245852,71.5
12614,12,0.25757575757575757,89.33333333333333
12615,11,0.2909090909090909,101.45454545454545
12616,44,0.1945031712473573,60.88636363636363
12617,19,0.19298245614035087,62.26315789473684
12618,3,1.0,14.666666666666666
12619,8,0.7142857142857143,22.375
12620,2,0.0,9.5
12621,119,0.2879931633670417,96.10084033613445
12622,9,0.3888888888888889,18.77777777777778
12623,185,0.22044653349001175,221.4
12624,39,0.659919028340081,53.51282051282051
12625,5,0.2,35.8
12626,12,0.5,63.916666666666664
12627,25,0.5866666666666667,40.76
12628,50,0.34775510204081633,38.2
12629,14,0.26373626373626374,29.214285714285715
12630,1,0.0,17.0
12631,23,0.4189723320158103,130.7391304347826
12632,12,0.4696969696969697,56.5
12633,5,0.5,64.6
12634,29,0.23891625615763548,52.03448275862069
12635,2,0.0,7.5
12636,9,0.19444444444444445,22.88888888888889
12637,5,0.4,47.4
12638,3,1.0,23.333333333333332
12639,14,0.26373626373626374,117.21428571428571
12640,8,0.5357142857142857,49.5
12641,0,0.0,0.0
12642,50,0.42122448979591837,87.26
12643,233,0.20586058901879534,137.61802575107296
12644,64,0.31994047619047616,68.5
12645,7,0.3333333333333333,26.714285714285715
12646,19,0.47953216374269003,45.05263157894737
12647,19,0.23976608187134502,71.36842105263158
12648,7,0.3333333333333333,22.0
12649,54,0.20125786163522014,122.42592592592592
12650,176,0.20136363636363636,124.22727272727273
12651,5,0.2,59.2
12652,5,0.9,18.2
12653,32,0.3084677419354839,205.15625
12654,458,0.1096480750671266,146.12008733624455
12655,5,0.3,27.4
12656,4,0.6666666666666666,12.25
12657,10,0.7111111111111111,43.2
12658,29,0.23645320197044334,82.17241379310344
12659,14,0.5164835164835165,33.5
12660,25,0.29,38.4
12661,14,0.4835164835164835,32.42857142857143
12662,34,0.26024955436720143,37.14705882352941
12663,8,0.35714285714285715,46.5
12664,30,0.4689655172413793,43.0
12665,34,0.21568627450980393,70.67647058823529
12666,18,0.27450980392156865,101.5
12667,7,0.42857142857142855,68.14285714285714
12668,45,0.2676767676767677,44.62222222222222
12669,1,0.0,26.0
12670,3,0.6666666666666666,9.0
12671,11,0.36363636363636365,26.09090909090909
12672,7,0.14285714285714285,42.57142857142857
12673,50,0.5681632653061225,85.16
12674,12,0.24242424242424243,30.333333333333332
12675,8,0.21428571428571427,159.375
12676,9,0.1111111111111111,10.11111111111111
12677,75,0.2627027027027027,129.33333333333334
12678,6,0.5333333333333333,34.166666666666664
12679,9,0.3055555555555556,108.11111111111111
12680,17,0.4485294117647059,111.41176470588235
12681,0,0.0,0.0
12682,8,0.9285714285714286,16.875
12683,23,0.308300395256917,52.47826086956522
12684,0,0.0,0.0
12685,20,0.6052631578947368,49.65
12686,142,0.1808011187693537,196.98591549295776
12687,9,0.2777777777777778,58.666666666666664
12688,81,0.195679012345679,142.2962962962963
12689,13,0.1794871794871795,55.23076923076923
12690,17,0.34558823529411764,28.705882352941178
12691,19,0.4152046783625731,16.94736842105263
12692,57,0.4805764411027569,53.10526315789474
12693,6,0.3333333333333333,24.166666666666668
12694,86,0.4114911080711354,149.8372093023256
12695,144,0.26136363636363635,97.9375
12696,5,1.0,59.8
12697,43,0.21373200442967885,102.93023255813954
12698,20,0.30526315789473685,37.3
12699,10,0.6222222222222222,47.9
12700,28,0.42857142857142855,309.2857142857143
12701,78,0.2887112887112887,49.30769230769231
12702,32,0.2842741935483871,98.125
12703,5,0.3,75.8
12704,8,0.17857142857142858,30.875
12705,2,1.0,21.0
12706,41,0.25609756097560976,101.48780487804878
12707,14,0.9010989010989011,68.71428571428571
12708,91,0.2805860805860806,91.15384615384616
12709,28,0.5714285714285714,31.607142857142858
12710,202,0.09699029604452983,117.3069306930693
12711,26,0.6892307692307692,52.0
12712,0,0.0,0.0
12713,22,0.2683982683982684,161.54545454545453
12714,3,0.3333333333333333,75.66666666666667
12715,25,0.5333333333333333,36.56
12716,26,0.2953846153846154,52.15384615384615
12717,37,0.3213213213213213,58.486486486486484
12718,5,0.3,14.8
12719,28,0.22486772486772486,227.21428571428572
12720,39,0.19568151147098514,42.256410256410255
12721,62,0.25859333685880487,84.62903225806451
12722,8,1.0,154.625
12723,53,0.3904208998548621,91.86792452830188
12724,45,0.22121212121212122,45.51111111111111
12725,10,0.8,61.5
12726,3,0.0,18.333333333333332
12727,111,0.18656838656838656,47.14414414414414
12728,0,0.0,0.0
12729,38,0.1891891891891892,27.55263157894737
12730,18,0.5098039215686274,46.5
12731,4,0.5,20.25
12732,3,0.3333333333333333,6.666666666666667
12733,10,0.35555555555555557,55.0
12734,28,0.21164021164021163,24.0
12735,8,0.25,13.125
12736,13,0.4358974358974359,42.0
12737,51,0.23921568627450981,175.0
12738,1,0.0,39.0
12739,23,0.20553359683794467,132.7826086956522
12740,7,0.6666666666666666,28.142857142857142
12741,8,0.32142857142857145,26.625
12742,23,0.20553359683794467,55.73913043478261
12743,3,0.0,13.333333333333334
12744,2,0.0,4.5
12745,32,0.2157258064516129,40.53125
12746,11,0.2727272727272727,17.181818181818183
12747,74,0.11069974083672714,71.75675675675676
12748,3,0.0,72.0
12749,101,0.27544554455445547,77.17821782178218
12750,38,0.577524893314367,45.1578947368421
12751,52,0.16817496229260936,174.01923076923077
12752,13,0.48717948717948717,52.61538461538461
12753,6,0.26666666666666666,9.333333333333334
12754,26,0.49230769230769234,68.3076923076923
12755,49,0.19472789115646258,80.3265306122449
12756,1,0.0,21.0
12757,9,0.5833333333333334,29.77777777777778
12758,11,0.14545454545454545,41.27272727272727
12759,11,0.7090909090909091,39.09090909090909
12760,15,0.7619047619047619,54.0
12761,71,0.19356136820925554,58.014084507042256
12762,0,0.0,0.0
12763,51,0.12627450980392158,57.23529411764706
12764,93,0.22346891070593736,140.11827956989248
12765,11,0.12727272727272726,51.27272727272727
12766,5,0.1,20.8
12767,22,0.23376623376623376,62.0
12768,9,0.19444444444444445,134.44444444444446
12769,18,0.27450980392156865,38.888888888888886
12770,2,0.0,2.0
12771,24,0.41304347826086957,28.125
12772,7,0.6666666666666666,18.714285714285715
12773,41,0.551219512195122,68.85365853658537
12774,5,0.6,21.2
12775,0,0.0,0.0
12776,33,0.2916666666666667,215.6969696969697
12777,76,0.24912280701754386,110.10526315789474
12778,5,0.2,48.4
12779,24,0.2246376811594203,111.25
12780,24,0.17028985507246377,93.125
12781,1,0.0,4.0
12782,8,0.32142857142857145,23.0
12783,7,0.38095238095238093,25.571428571428573
12784,50,0.16081632653061226,50.8
12785,10,0.13333333333333333,9.8
12786,21,0.41904761904761906,35.76190476190476
12787,22,0.43722943722943725,70.63636363636364
12788,11,0.2727272727272727,51.36363636363637
12789,3,0.3333333333333333,16.0
12790,12,0.8333333333333334,16.833333333333332
12791,41,0.14268292682926828,36.19512195121951
12792,3,0.0,12.666666666666666
12793,45,0.7,54.82222222222222
12794,0,0.0,0.0
12795,6,0.4,49.0
12796,31,0.24301075268817204,95.38709677419355
12797,4,0.16666666666666666,35.75
12798,15,0.26666666666666666,237.26666666666668
12799,14,0.3516483516483517,88.92857142857143
12800,5,0.2,43.8
12801,4,0.5,10.0
12802,75,0.13405405405405404,86.6
12803,16,0.275,46.625
12804,118,0.21889033753440534,184.92372881355934
12805,2,1.0,8.5
12806,41,0.21585365853658536,163.8048780487805
12807,18,0.3333333333333333,40.05555555555556
12808,16,0.35833333333333334,43.6875
12809,47,0.47548566142460685,93.40425531914893
12810,6,0.4,11.833333333333334
12811,20,0.38421052631578945,77.15
12812,34,0.2620320855614973,45.411764705882355
12813,1,0.0,45.0
12814,48,0.34929078014184395,61.5625
12815,3,0.3333333333333333,67.33333333333333
12816,16,0.18333333333333332,33.6875
12817,37,0.5645645645645646,83.83783783783784
12818,27,0.2678062678062678,52.074074074074076
12819,43,0.16611295681063123,71.0
12820,87,0.3301256348569901,88.73563218390805
12821,16,0.24166666666666667,40.6875
12822,41,0.13414634146341464,70.78048780487805
12823,60,0.21468926553672316,137.3
12824,59,0.6493278784336646,84.15254237288136
12825,23,0.2015810276679842,86.34782608695652
12826,15,0.4380952380952381,50.2
12827,1,0.0,1.0
12828,0,0.0,0.0
12829,11,0.16363636363636364,30.545454545454547
12830,2,1.0,26.5
12831,26,0.2553846153846154,39.03846153846154
12832,30,0.3264367816091954,208.6
12833,125,0.19716129032258065,91.128
12834,5,0.8,40.6
12835,11,0.32727272727272727,46.63636363636363
12836,28,0.15343915343915343,131.10714285714286
12837,22,0.15584415584415584,91.4090909090909
12838,2,0.0,19.0
12839,27,0.19943019943019943,48.666666666666664
12840,37,0.3408408408408408,123.16216216216216
12841,7,0.38095238095238093,9.428571428571429
12842,3,0.6666666666666666,57.666666666666664
12843,51,0.22509803921568627,97.11764705882354
12844,0,0.0,0.0
12845,4,0.5,36.0
12846,107,0.15023805325339445,63.48598130841121
12847,6,0.26666666666666666,63.0
12848,12,0.5606060606060606,46.166666666666664
12849,31,0.24516129032258063,33.12903225806452
12850,65,0.1951923076923077,112.53846153846153
12851,19,0.30994152046783624,16.263157894736842
12852,5,0.3,59.0
12853,13,0.3974358974358974,53.92307692307692
12854,37,0.3333333333333333,36.91891891891892
12855,4,0.5,48.75
12856,5,0.3,53.0
12857,63,0.3604710701484895,74.60317460317461
12858,7,0.5238095238095238,235.0
12859,9,0.2777777777777778,29.77777777777778
12860,18,0.38562091503267976,143.44444444444446
12861,2,0.0,13.0
12862,58,0.45069570477918935,133.18965517241378
12863,10,0.8,25.3
12864,0,0.0,0.0
12865,23,0.33992094861660077,55.91304347826087
12866,94,0.3566689544726607,83.20212765957447
12867,40,0.5871794871794872,139.05
12868,2,1.0,7.5
12869,0,0.0,0.0
12870,3,0.0,10.333333333333334
12871,6,0.5333333333333333,264.0
12872,12,0.42424242424242425,105.25
12873,3,1.0,90.0
12874,9,0.2777777777777778,16.666666666666668
12875,56,0.2584415584415584,61.642857142857146
12876,6,0.2,7.5
12877,20,0.3263157894736842,53.9
12878,11,0.2909090909090909,101.45454545454545
12879,108,0.3508134302526826,143.37962962962962
12880,7,0.19047619047619047,63.285714285714285
12881,16,0.4083333333333333,44.9375
12882,8,0.32142857142857145,114.625
12883,3,1.0,85.33333333333333
12884,3,0.6666666666666666,20.333333333333332
12885,8,0.6071428571428571,62.25
12886,0,0.0,0.0
12887,17,0.17647058823529413,83.47058823529412
12888,9,0.4444444444444444,40.22222222222222
12889,3,0.3333333333333333,16.666666666666668
12890,0,0.0,0.0
12891,36,0.21587301587301588,44.77777777777778
12892,14,0.14285714285714285,35.285714285714285
12893,41,0.29634146341463413,90.73170731707317
12894,5,0.1,34.4
12895,48,0.2730496453900709,36.854166666666664
12896,3,1.0,129.33333333333334
12897,17,0.5220588235294118,45.23529411764706
12898,15,0.22857142857142856,15.933333333333334
12899,2,0.0,7.5
12900,48,0.22872340425531915,52.854166666666664
12901,3,0.3333333333333333,15.666666666666666
12902,2,0.0,38.0
12903,12,0.4090909090909091,27.166666666666668
12904,10,0.4888888888888889,29.2
12905,41,0.30609756097560975,120.65853658536585
12906,5,0.6,21.4
12907,19,0.6666666666666666,52.89473684210526
12908,30,0.5747126436781609,25.633333333333333
12909,41,0.2951219512195122,91.04878048780488
12910,1,0.0,29.0
12911,2,0.0,43.0
12912,107,0.5402927173338036,84.69158878504673
12913,40,0.18846153846153846,191.475
12914,2,0.0,9.5
12915,7,0.47619047619047616,50.142857142857146
12916,6,0.6666666666666666,116.5
12917,28,0.656084656084656,88.0
12918,7,0.6190476190476191,54.57142857142857
12919,71,0.5561368209255533,74.63380281690141
12920,17,0.19852941176470587,93.29411764705883
12921,1,0.0,8.0
12922,22,0.24675324675324675,42.95454545454545
12923,3,1.0,72.33333333333333
12924,2,1.0,121.0
12925,8,0.9642857142857143,64.125
12926,2,1.0,8.0
12927,12,0.3181818181818182,40.166666666666664
12928,94,0.23221230839624799,110.80851063829788
12929,52,0.2149321266968326,77.3076923076923
12930,9,0.3333333333333333,118.44444444444444
12931,2,1.0,36.0
12932,15,0.1523809523809524,30.266666666666666
12933,6,0.3333333333333333,51.166666666666664
12934,11,0.12727272727272726,24.363636363636363
12935,17,0.3161764705882353,59.588235294117645
12936,12,0.18181818181818182,83.0
12937,0,0.0,0.0
12938,0,0.0,0.0
12939,0,0.0,0.0
12940,31,0.524731182795699,51.0
12941,38,0.6870554765291608,48.05263157894737
12942,1,0.0,7.0
12943,6,1.0,21.0
12944,7,0.7142857142857143,16.571428571428573
12945,92,0.2735308170090779,198.3804347826087
12946,13,0.2564102564102564,61.69230769230769
12947,17,0.75,69.05882352941177
12948,16,0.5166666666666667,46.9375
12949,12,0.8333333333333334,66.41666666666667
12950,8,0.6785714285714286,19.875
12951,11,0.16363636363636364,34.72727272727273
12952,7,0.19047619047619047,10.285714285714286
12953,44,0.3361522198731501,79.06818181818181
12954,8,0.14285714285714285,138.625
12955,9,0.3333333333333333,31.88888888888889
12956,6,0.06666666666666667,11.333333333333334
12957,18,0.1895424836601307,77.55555555555556
12958,4,0.5,31.75
12959,62,0.16816499206768906,144.7258064516129
12960,25,0.5433333333333333,33.08
12961,2,0.0,21.0
12962,101,0.25346534653465347,167.24752475247524
12963,26,0.2276923076923077,21.307692307692307
12964,60,0.28135593220338984,73.95
12965,51,0.4776470588235294,184.7450980392157
12966,13,0.15384615384615385,29.46153846153846
12967,0,0.0,0.0
12968,354,0.10689649653494662,147.81638418079095
12969,0,0.0,0.0
12970,18,0.35947712418300654,41.44444444444444
12971,15,0.5142857142857142,24.333333333333332
12972,105,0.2031135531135531,97.29523809523809
12973,30,0.23448275862068965,47.0
12974,25,0.29333333333333333,55.96
12975,15,0.22857142857142856,28.6
12976,68,0.4697102721685689,69.20588235294117
12977,30,0.2942528735632184,38.733333333333334
12978,251,0.19907569721115537,149.45019920318725
12979,10,0.35555555555555557,109.6
12980,89,0.5551583248212462,87.57303370786516
12981,64,0.37549603174603174,40.765625
12982,26,0.25846153846153846,121.84615384615384
12983,71,0.2941649899396378,110.35211267605634
12984,128,0.17556594488188976,82.8671875
12985,19,0.5614035087719298,24.05263157894737
12986,19,0.1695906432748538,42.421052631578945
12987,26,0.38153846153846155,76.96153846153847
12988,124,0.31405717282979284,119.18548387096774
12989,15,0.38095238095238093,53.6
12990,38,0.12944523470839261,50.78947368421053
12991,55,0.26801346801346804,108.47272727272727
12992,3,0.3333333333333333,15.333333333333334
12993,8,0.5714285714285714,26.0
12994,43,0.2713178294573643,54.18604651162791
12995,14,0.26373626373626374,38.285714285714285
12996,4,0.5,17.5
12997,138,0.17486512218343384,115.8913043478261
12998,3,1.0,18.0
12999,84,0.3072289156626506,121.01190476190476
13000,14,0.32967032967032966,87.85714285714286
13001,39,0.2834008097165992,129.7948717948718
13002,0,0.0,0.0
13003,23,0.25691699604743085,152.04347826086956
13004,0,0.0,0.0
13005,9,0.6666666666666666,105.88888888888889
13006,0,0.0,0.0
13007,18,0.20915032679738563,56.611111111111114
13008,3,0.6666666666666666,60.0
13009,0,0.0,0.0
13010,4,0.3333333333333333,101.75
13011,31,0.5010752688172043,79.0
13012,78,0.14518814518814518,175.02564102564102
13013,10,0.37777777777777777,86.3
13014,0,0.0,0.0
13015,33,0.32196969696969696,65.54545454545455
13016,1,0.0,21.0
13017,3,0.3333333333333333,5.666666666666667
13018,15,0.819047619047619,49.333333333333336
13019,19,0.2046783625730994,37.10526315789474
13020,12,0.3484848484848485,201.16666666666666
13021,9,0.6666666666666666,248.33333333333334
13022,96,0.1456140350877193,166.98958333333334
13023,18,0.2679738562091503,70.11111111111111
13024,180,0.23271260086902545,131.11111111111111
13025,11,0.36363636363636365,33.45454545454545
13026,12,0.7121212121212122,13.916666666666666
13027,5,0.6,33.2
13028,3,0.3333333333333333,6.666666666666667
13029,9,0.05555555555555555,40.77777777777778
13030,32,0.36693548387096775,59.78125
13031,0,0.0,0.0
13032,12,0.3484848484848485,36.416666666666664
13033,7,0.23809523809523808,24.714285714285715
13034,8,0.9642857142857143,45.875
13035,30,0.11724137931034483,54.43333333333333
13036,15,0.44761904761904764,31.8
13037,11,0.6545454545454545,86.0909090909091
13038,29,0.13793103448275862,47.793103448275865
13039,46,0.20483091787439614,151.30434782608697
13040,4,0.5,24.25
13041,26,0.15692307692307692,63.38461538461539
13042,3,0.3333333333333333,22.666666666666668
13043,21,0.30952380952380953,114.80952380952381
13044,2,0.0,12.0
13045,40,0.3346153846153846,101.925
13046,46,0.4995169082125604,74.6304347826087
13047,0,0.0,0.0
13048,28,0.1746031746031746,41.535714285714285
13049,18,0.3464052287581699,61.94444444444444
13050,10,0.4222222222222222,18.1
13051,3,1.0,6.666666666666667
13052,19,0.5029239766081871,46.578947368421055
13053,12,0.3787878787878788,92.0
13054,21,0.48095238095238096,25.142857142857142
13055,19,0.4444444444444444,62.31578947368421
13056,14,0.27472527472527475,34.285714285714285
13057,53,0.5674891146589259,73.28301886792453
13058,14,0.17582417582417584,337.2857142857143
13059,20,0.18421052631578946,44.2
13060,4,0.3333333333333333,16.5
13061,4,0.5,7.0
13062,68,0.14091308165057068,122.70588235294117
13063,38,0.41963015647226176,54.578947368421055
13064,7,0.14285714285714285,25.428571428571427
13065,14,0.6153846153846154,40.285714285714285
13066,68,0.47322212467076386,102.94117647058823
13067,2,0.0,12.0
13068,13,0.6282051282051282,17.76923076923077
13069,39,0.5856950067476383,78.33333333333333
13070,9,0.6111111111111112,40.666666666666664
13071,7,0.2857142857142857,18.285714285714285
13072,8,0.17857142857142858,13.25
13073,1,0.0,2.0
13074,1,0.0,6.0
13075,0,0.0,0.0
13076,14,0.4945054945054945,24.357142857142858
13077,4,0.16666666666666666,5.5
13078,10,0.15555555555555556,20.9
13079,8,0.6428571428571429,94.0
13080,11,0.45454545454545453,19.545454545454547
13081,157,0.3027927486526213,150.87898089171975
13082,88,0.156478578892372,143.85227272727272
13083,150,0.2588814317673378,196.14
13084,43,0.34219269102990035,48.23255813953488
13085,81,0.4561728395061728,86.98765432098766
13086,2,0.0,7.5
13087,24,0.18840579710144928,22.333333333333332
13088,1,0.0,3.0
13089,9,0.6388888888888888,94.77777777777777
13090,1,0.0,7.0
13091,77,0.2706766917293233,59.103896103896105
13092,1,0.0,19.0
13093,19,0.18128654970760233,43.78947368421053
13094,1,0.0,44.0
13095,18,0.6209150326797386,70.27777777777777
13096,43,0.17718715393134,59.18604651162791
13097,164,0.2460721232979201,150.65243902439025
13098,106,0.09847259658580414,56.04716981132076
13099,12,0.3484848484848485,19.333333333333332
13100,26,0.31384615384615383,94.03846153846153
13101,32,0.2540322580645161,61.78125
13102,6,0.3333333333333333,10.5
13103,10,0.24444444444444444,27.2
13104,2,1.0,65.5
13105,59,0.45061367621274107,145.10169491525423
13106,15,0.2,65.46666666666667
13107,0,0.0,0.0
13108,54,0.2389937106918239,70.01851851851852
13109,1,0.0,17.0
13110,2,1.0,7.5
13111,6,0.6,7.333333333333333
13112,1,0.0,52.0
13113,9,0.3055555555555556,40.55555555555556
13114,1,0.0,3.0
13115,6,0.26666666666666666,12.0
13116,20,0.35789473684210527,58.8
13117,57,0.12218045112781954,143.17543859649123
13118,9,0.5833333333333334,27.444444444444443
13119,90,0.3830212234706617,136.22222222222223
13120,10,0.6,192.2
13121,7,0.38095238095238093,92.71428571428571
13122,5,0.0,65.8
13123,60,0.5209039548022599,114.71666666666667
13124,33,0.4678030303030303,56.63636363636363
13125,3,0.3333333333333333,117.33333333333333
13126,0,0.0,0.0
13127,1,0.0,5.0
13128,16,0.425,20.1875
13129,34,0.6452762923351159,78.6470588235294
13130,48,0.17641843971631205,118.20833333333333
13131,1,0.0,3.0
13132,15,0.3142857142857143,32.06666666666667
13133,34,0.49376114081996436,51.44117647058823
13134,290,0.0976255816728314,113.38620689655173
13135,7,0.3333333333333333,74.14285714285714
13136,6,0.4666666666666667,35.833333333333336
13137,15,0.7333333333333333,35.6
13138,1,0.0,11.0
13139,71,0.41167002012072434,87.09859154929578
13140,5,0.4,70.6
13141,0,0.0,0.0
13142,1,0.0,6.0
13143,10,0.37777777777777777,39.8
13144,13,0.21794871794871795,25.53846153846154
13145,4,0.8333333333333334,21.25
13146,1,0.0,14.0
13147,2,0.0,93.5
13148,39,0.805668016194332,78.1025641025641
13149,23,0.5770750988142292,68.30434782608695
13150,2,0.0,22.0
13151,4,0.16666666666666666,18.75
13152,6,0.2,77.0
13153,11,0.18181818181818182,35.90909090909091
13154,12,0.36363636363636365,19.166666666666668
13155,0,0.0,0.0
13156,23,0.24110671936758893,61.52173913043478
13157,0,0.0,0.0
13158,21,0.19523809523809524,118.14285714285714
13159,20,0.22631578947368422,22.95
13160,2,0.0,124.0
13161,7,0.19047619047619047,45.42857142857143
13162,37,0.9159159159159159,109.86486486486487
13163,10,0.26666666666666666,42.0
13164,12,0.15151515151515152,12.833333333333334
13165,157,0.38812673526049324,94.24203821656052
13166,0,0.0,0.0
13167,17,0.5588235294117647,22.88235294117647
13168,0,0.0,0.0
13169,1,0.0,2.0
13170,147,0.31227285434721835,133.10204081632654
13171,0,0.0,0.0
13172,32,0.3649193548387097,75.84375
13173,26,0.12,50.26923076923077
13174,13,0.5641025641025641,24.384615384615383
13175,22,0.5367965367965368,164.86363636363637
13176,18,0.3137254901960784,39.05555555555556
13177,17,0.15441176470588236,50.05882352941177
13178,9,0.1111111111111111,43.888888888888886
13179,56,0.5292207792207793,76.17857142857143
13180,57,0.13283208020050125,67.94736842105263
13181,6,0.0,32.833333333333336
13182,4,0.3333333333333333,72.5
13183,14,0.42857142857142855,61.92857142857143
13184,9,0.4166666666666667,23.11111111111111
13185,2,1.0,18.5
13186,0,0.0,0.0
13187,51,0.10745098039215686,47.13725490196079
13188,0,0.0,0.0
13189,113,0.20970290771175726,161.30088495575222
13190,75,0.23855855855855856,87.61333333333333
13191,86,0.2590971272229822,87.12790697674419
13192,27,0.34472934472934474,45.333333333333336
13193,41,0.3170731707317073,57.73170731707317
13194,19,0.49122807017543857,91.3157894736842
13195,3,0.3333333333333333,96.33333333333333
13196,6,0.26666666666666666,40.5
13197,5,1.0,56.4
13198,11,0.34545454545454546,16.90909090909091
13199,0,0.0,0.0
13200,51,0.6337254901960784,70.72549019607843
13201,6,0.6666666666666666,17.0
13202,0,0.0,0.0
13203,3,0.3333333333333333,12.0
13204,1,0.0,15.0
13205,7,0.2857142857142857,34.42857142857143
13206,301,0.16234772978959025,185.01661129568106
13207,12,0.5454545454545454,52.166666666666664
13208,6,0.4,21.833333333333332
13209,66,0.1780885780885781,53.04545454545455
13210,23,0.17786561264822134,46.26086956521739
13211,2,0.0,10.5
13212,20,0.6526315789473685,24.4
13213,4,0.0,205.25
13214,59,0.25949736995908823,99.05084745762711
13215,5,0.3,27.4
13216,14,0.8021978021978022,28.571428571428573
13217,7,0.7142857142857143,32.714285714285715
13218,20,0.43157894736842106,162.9
13219,88,0.4205851619644723,78.30681818181819
13220,38,0.3058321479374111,236.44736842105263
13221,25,0.2966666666666667,172.72
13222,96,0.2706140350877193,133.75
13223,30,0.43448275862068964,34.46666666666667
13224,18,0.47058823529411764,28.88888888888889
13225,29,0.4014778325123153,40.10344827586207
13226,40,0.25256410256410255,34.3
13227,37,0.3063063063063063,140.0810810810811
13228,7,0.8571428571428571,74.14285714285714
13229,0,0.0,0.0
13230,26,0.5353846153846153,66.76923076923077
13231,31,0.49032258064516127,83.48387096774194
13232,16,0.11666666666666667,65.6875
13233,31,0.4021505376344086,44.645161290322584
13234,7,0.23809523809523808,61.57142857142857
13235,8,0.10714285714285714,40.875
13236,11,0.2909090909090909,26.636363636363637
13237,17,0.47058823529411764,30.352941176470587
13238,0,0.0,0.0
13239,5,0.1,12.4
13240,9,0.3333333333333333,36.666666666666664
13241,25,0.31333333333333335,59.4
13242,9,0.08333333333333333,42.77777777777778
13243,11,0.21818181818181817,22.09090909090909
13244,8,0.17857142857142858,48.25
13245,10,0.2222222222222222,41.6
13246,1,0.0,2.0
13247,4,0.3333333333333333,74.75
13248,3,0.3333333333333333,84.33333333333333
13249,88,0.24895506792058517,215.17045454545453
13250,31,0.3161290322580645,249.25806451612902
13251,9,0.3333333333333333,16.0
13252,31,0.21935483870967742,21.0
13253,11,0.5272727272727272,18.636363636363637
13254,10,0.3333333333333333,31.7
13255,4,0.5,84.75
13256,36,0.24761904761904763,73.36111111111111
13257,16,0.4083333333333333,35.625
13258,61,0.17486338797814208,51.26229508196721
13259,25,0.29,42.04
13260,30,0.2689655172413793,85.63333333333334
13261,3,1.0,8.0
13262,121,0.27603305785123966,241.02479338842974
13263,27,0.1623931623931624,55.333333333333336
13264,25,0.3566666666666667,34.04
13265,9,0.6388888888888888,56.888888888888886
13266,38,0.6642958748221907,101.1842105263158
13267,1,0.0,21.0
13268,4,0.3333333333333333,20.0
13269,35,0.173109243697479,25.8
13270,0,0.0,0.0
13271,13,0.6282051282051282,28.692307692307693
13272,116,0.3239880059970015,101.62068965517241
13273,15,0.5904761904761905,41.46666666666667
13274,7,0.47619047619047616,6.857142857142857
13275,36,0.3333333333333333,81.38888888888889
13276,3,0.3333333333333333,6.0
13277,9,0.25,18.555555555555557
13278,13,0.1794871794871795,18.615384615384617
13279,4,0.6666666666666666,7.5
13280,16,0.38333333333333336,39.125
13281,29,0.16748768472906403,42.724137931034484
13282,2,1.0,89.0
13283,24,0.18840579710144928,35.166666666666664
13284,29,0.1724137931034483,32.03448275862069
13285,0,0.0,0.0
13286,87,0.23549852980486502,169.82758620689654
13287,26,0.2,79.8076923076923
13288,2,0.0,11.0
13289,29,0.5492610837438424,34.827586206896555
13290,51,0.23607843137254902,47.411764705882355
13291,120,0.46862745098039216,80.375
13292,71,0.1682092555331992,130.83098591549296
13293,10,0.4,42.8
13294,3,0.3333333333333333,8.666666666666666
13295,24,0.6086956521739131,65.45833333333333
13296,8,0.21428571428571427,38.75
13297,23,0.31620553359683795,267.4782608695652
13298,129,0.36143410852713176,109.36434108527132
13299,2,1.0,21.5
13300,5,0.3,68.8
13301,144,0.31313131313131315,254.17361111111111
13302,107,0.25145476988185506,173.3177570093458
13303,6,0.06666666666666667,20.5
13304,66,0.20932400932400932,44.18181818181818
13305,3,0.3333333333333333,44.666666666666664
13306,13,0.21794871794871795,10.0
13307,3,0.6666666666666666,30.0
13308,5,0.2,19.4
13309,68,0.5267778753292361,61.44117647058823
13310,0,0.0,0.0
13311,7,0.47619047619047616,8.857142857142858
13312,29,0.1748768472906404,38.793103448275865
13313,31,0.5741935483870968,45.225806451612904
13314,4,0.3333333333333333,121.75
13315,0,0.0,0.0
13316,10,0.28888888888888886,71.0
13317,12,0.5606060606060606,22.333333333333332
13318,35,0.1865546218487395,75.91428571428571
13319,24,0.2536231884057971,146.95833333333334
13320,8,0.35714285714285715,70.875
13321,17,0.35294117647058826,55.11764705882353
13322,83,0.5254187481633853,92.81927710843374
13323,92,0.2312470138557095,57.78260869565217
13324,10,0.5111111111111111,69.1
13325,129,0.2550872093023256,189.28682170542635
13326,5,0.3,58.2
13327,39,0.27125506072874495,59.717948717948715
13328,21,0.34285714285714286,23.047619047619047
13329,12,0.8636363636363636,29.0
13330,14,0.5604395604395604,19.071428571428573
13331,42,0.14285714285714285,74.23809523809524
13332,16,0.30833333333333335,46.0625
13333,0,0.0,0.0
13334,9,0.5,26.333333333333332
13335,36,0.3,56.861111111111114
13336,59,0.5604909409701929,122.7457627118644
13337,9,0.19444444444444445,89.0
13338,44,0.27061310782241016,145.9090909090909
13339,47,0.31637372802960223,47.851063829787236
13340,10,0.3333333333333333,30.3
13341,2,0.0,23.5
13342,47,0.2784458834412581,47.91489361702128
13343,4,0.3333333333333333,9.5
13344,34,0.42424242424242425,50.3235294117647
13345,61,0.3218579234972678,159.31147540983608
13346,7,0.3333333333333333,79.42857142857143
13347,0,0.0,0.0
13348,11,0.6363636363636364,89.18181818181819
13349,7,0.7619047619047619,16.142857142857142
13350,27,0.47293447293447294,95.74074074074075
13351,80,0.2458860759493671,107.1125
13352,23,0.2766798418972332,104.47826086956522
13353,74,0.28619029988893,66.22972972972973
13354,49,0.16156462585034015,58.53061224489796
13355,9,0.3888888888888889,42.111111111111114
13356,14,0.26373626373626374,36.357142857142854
13357,17,0.3161764705882353,39.0
13358,11,0.36363636363636365,47.72727272727273
13359,6,0.26666666666666666,22.666666666666668
13360,4,0.3333333333333333,47.0
13361,12,0.09090909090909091,7.583333333333333
13362,20,0.2789473684210526,33.45
13363,10,0.7777777777777778,29.8
13364,26,0.2246153846153846,76.53846153846153
13365,142,0.2697033263410249,106.66197183098592
13366,42,0.2450638792102207,134.4047619047619
13367,2,0.0,89.0
13368,78,0.2430902430902431,34.34615384615385
13369,45,0.30505050505050507,169.57777777777778
13370,24,0.31521739130434784,54.708333333333336
13371,8,0.39285714285714285,29.75
13372,109,0.2546721032959565,199.37614678899084
13373,69,0.17902813299232737,197.02898550724638
13374,6,0.06666666666666667,13.333333333333334
13375,22,0.2857142857142857,69.04545454545455
13376,97,0.14175257731958762,144.2680412371134
13377,18,0.13071895424836602,50.05555555555556
13378,28,0.18253968253968253,69.78571428571429
13379,0,0.0,0.0
13380,111,0.37936117936117936,83.95495495495496
13381,3,0.3333333333333333,9.333333333333334
13382,2,0.0,31.0
13383,63,0.1638504864311316,59.111111111111114
13384,11,0.5454545454545454,35.27272727272727
13385,6,0.06666666666666667,26.833333333333332
13386,8,0.35714285714285715,163.25
13387,6,0.6,56.166666666666664
13388,13,0.41025641025641024,49.15384615384615
13389,73,0.2659817351598174,182.72602739726028
13390,19,0.8654970760233918,50.526315789473685
13391,37,0.6786786786786787,172.9189189189189
13392,1,0.0,8.0
13393,0,0.0,0.0
13394,23,0.2450592885375494,50.82608695652174
13395,15,0.34285714285714286,57.2
13396,3,0.0,8.333333333333334
13397,11,0.21818181818181817,42.63636363636363
13398,32,0.22379032258064516,74.59375
13399,23,0.31225296442687744,86.30434782608695
13400,7,1.0,40.0
13401,60,0.21016949152542372,91.15
13402,0,0.0,0.0
13403,7,0.7142857142857143,25.571428571428573
13404,6,0.26666666666666666,94.0
13405,1,0.0,12.0
13406,88,0.17711598746081506,145.95454545454547
13407,2,0.0,30.5
13408,18,0.41830065359477125,84.5
13409,112,0.3915701415701416,175.46428571428572
13410,70,0.24306418219461698,82.01428571428572
13411,5,0.5,92.0
13412,44,0.19873150105708245,54.5
13413,27,0.5014245014245015,80.48148148148148
13414,111,0.22113022113022113,174.40540540540542
13415,7,0.19047619047619047,36.285714285714285
13416,6,0.5333333333333333,18.5
13417,112,0.40074002574002576,83.125
13418,24,0.5398550724637681,47.916666666666664
13419,48,0.3466312056737589,160.27083333333334
13420,94,0.6694120338595287,87.54255319148936
13421,2,0.0,2.5
13422,19,0.2807017543859649,78.78947368421052
13423,66,0.27972027972027974,220.77272727272728
13424,0,0.0,0.0
13425,15,0.4857142857142857,21.666666666666668
13426,4,0.3333333333333333,42.75
13427,13,0.1282051282051282,31.923076923076923
13428,56,0.1974025974025974,162.73214285714286
13429,2,1.0,9.0
13430,15,0.4380952380952381,77.06666666666666
13431,41,0.2475609756097561,51.51219512195122
13432,20,0.531578947368421,93.65
13433,3,0.3333333333333333,15.0
13434,30,0.3103448275862069,33.46666666666667
13435,22,0.20346320346320346,32.04545454545455
13436,8,0.7857142857142857,42.25
13437,39,0.24426450742240216,116.92307692307692
13438,19,0.29239766081871343,143.68421052631578
13439,217,0.15122034476873186,182.23041474654377
13440,95,0.41478163493840986,76.88421052631578
13441,276,0.16806324110671936,183.6231884057971
13442,17,0.0661764705882353,21.647058823529413
13443,36,0.22063492063492063,94.97222222222223
13444,32,0.1310483870967742,49.90625
13445,8,0.4642857142857143,112.5
13446,33,0.23484848484848486,45.60606060606061
13447,19,0.49122807017543857,58.78947368421053
13448,8,0.10714285714285714,17.875
13449,15,0.3333333333333333,46.53333333333333
13450,3,0.6666666666666666,26.333333333333332
13451,0,0.0,0.0
13452,8,0.14285714285714285,55.125
13453,3,0.3333333333333333,10.0
13454,13,0.41025641025641024,48.61538461538461
13455,0,0.0,0.0
13456,4,0.16666666666666666,40.25
13457,10,0.17777777777777778,41.2
13458,3,0.6666666666666666,16.333333333333332
13459,3,0.6666666666666666,25.333333333333332
13460,13,0.1282051282051282,185.46153846153845
13461,21,0.13333333333333333,64.47619047619048
13462,114,0.4607980127309424,88.30701754385964
13463,43,0.13399778516057587,48.372093023255815
13464,33,0.32954545454545453,40.39393939393939
13465,3,0.0,66.0
13466,32,0.45161290322580644,70.28125
13467,1,0.0,11.0
13468,75,0.13261261261261262,165.90666666666667
13469,15,0.37142857142857144,42.13333333333333
13470,27,0.31054131054131057,96.74074074074075
13471,19,0.391812865497076,45.421052631578945
13472,2,0.0,56.0
13473,12,0.3181818181818182,19.75
13474,9,0.3611111111111111,348.0
13475,99,0.33147804576376005,85.0
13476,4,0.3333333333333333,25.25
13477,9,0.3888888888888889,21.555555555555557
13478,6,0.3333333333333333,28.0
13479,7,0.2857142857142857,47.142857142857146
13480,7,0.5238095238095238,35.57142857142857
13481,8,0.10714285714285714,57.25
13482,15,0.24761904761904763,67.2
13483,50,0.2,74.24
13484,15,0.1619047619047619,39.266666666666666
13485,3,0.3333333333333333,29.333333333333332
13486,2,0.0,80.0
13487,4,0.6666666666666666,26.5
13488,14,0.38461538461538464,30.285714285714285
13489,8,0.39285714285714285,45.625
13490,18,0.1895424836601307,63.611111111111114
13491,0,0.0,0.0
13492,27,0.5527065527065527,27.074074074074073
13493,1,0.0,11.0
13494,32,0.15725806451612903,55.0625
13495,12,0.21212121212121213,20.333333333333332
13496,4,0.8333333333333334,14.0
13497,66,0.2386946386946387,114.54545454545455
13498,74,0.22065901517956313,54.24324324324324
13499,39,0.19973009446693657,42.717948717948715
13500,32,0.2963709677419355,32.90625
13501,5,0.7,53.6
13502,12,0.36363636363636365,100.91666666666667
13503,3,0.3333333333333333,42.333333333333336
13504,13,0.2564102564102564,50.23076923076923
13505,22,0.48484848484848486,103.86363636363636
13506,12,0.48484848484848486,30.75
13507,10,0.26666666666666666,17.9
13508,24,0.1956521739130435,59.791666666666664
13509,17,0.29411764705882354,22.235294117647058
13510,21,0.46190476190476193,35.285714285714285
13511,5,0.4,50.4
13512,6,0.5333333333333333,32.833333333333336
13513,8,0.5714285714285714,82.5
13514,1,0.0,5.0
13515,3,0.0,17.0
13516,5,0.3,4.0
13517,3,0.0,107.0
13518,2,0.0,70.5
13519,3,0.0,39.666666666666664
13520,27,0.15669515669515668,114.11111111111111
13521,23,0.5454545454545454,38.0
13522,6,0.4,25.333333333333332
13523,16,0.6083333333333333,44.0
13524,0,0.0,0.0
13525,15,0.26666666666666666,38.6
13526,9,0.3611111111111111,33.22222222222222
13527,52,0.17345399698340874,131.8846153846154
13528,31,0.23010752688172043,81.35483870967742
13529,22,0.48484848484848486,96.45454545454545
13530,15,0.7238095238095238,206.66666666666666
13531,1,0.0,29.0
13532,7,0.8095238095238095,32.0
13533,20,0.5684210526315789,62.2
13534,4,0.6666666666666666,9.0
13535,91,0.1894993894993895,131.28571428571428
13536,42,0.20905923344947736,81.21428571428571
13537,31,0.5010752688172043,26.29032258064516
13538,4,0.3333333333333333,5.5
13539,36,0.5523809523809524,59.55555555555556
13540,1,0.0,15.0
13541,6,0.3333333333333333,45.833333333333336
13542,3,0.0,18.0
13543,14,0.25274725274725274,33.0
13544,15,0.18095238095238095,102.33333333333333
13545,28,0.14814814814814814,53.714285714285715
13546,69,0.4484228473998295,133.71014492753622
13547,3,1.0,257.3333333333333
13548,237,0.16473575055424444,155.66666666666666
13549,1,0.0,23.0
13550,21,0.3619047619047619,54.666666666666664
13551,3,0.3333333333333333,90.0
13552,0,0.0,0.0
13553,18,0.5032679738562091,65.83333333333333
13554,16,0.23333333333333334,35.4375
13555,121,0.2056473829201102,93.09917355371901
13556,35,0.13445378151260504,125.0
13557,1,0.0,5.0
13558,115,0.11700991609458429,86.89565217391305
13559,2,0.0,31.0
13560,64,0.1949404761904762,56.25
13561,1,0.0,11.0
13562,39,0.2699055330634278,62.69230769230769
13563,1,0.0,5.0
13564,58,0.17301875378100423,67.86206896551724
13565,1,0.0,5.0
13566,188,0.09107975878939584,145.78191489361703
13567,109,0.15834182806659872,112.96330275229357
13568,20,0.3736842105263158,38.7
13569,55,0.5528619528619528,104.0909090909091
13570,7,0.6190476190476191,16.0
13571,14,0.3626373626373626,25.285714285714285
13572,0,0.0,0.0
13573,24,0.2210144927536232,28.25
13574,21,0.3952380952380952,80.95238095238095
13575,5,0.3,36.4
13576,10,0.7333333333333333,23.3
13577,14,0.3076923076923077,18.285714285714285
13578,136,0.19150326797385622,174.71323529411765
13579,24,0.3115942028985507,54.666666666666664
13580,159,0.2230714115118223,69.44654088050315
13581,12,0.8787878787878788,39.5
13582,5,0.4,91.0
13583,55,0.36902356902356903,229.72727272727272
13584,32,0.5342741935483871,61.40625
13585,85,0.23445378151260504,94.2235294117647
13586,12,0.3939393939393939,19.0
13587,8,0.2857142857142857,95.375
13588,45,0.21414141414141413,112.13333333333334
13589,24,0.33695652173913043,42.208333333333336
13590,77,0.09056732740943267,33.57142857142857
13591,23,0.4268774703557312,30.695652173913043
13592,67,0.276797829036635,95.3731343283582
13593,41,0.3878048780487805,70.39024390243902
13594,10,0.26666666666666666,190.2
13595,13,0.2564102564102564,16.076923076923077
13596,2,1.0,9.5
13597,17,0.5808823529411765,98.70588235294117
13598,2,0.0,4.0
13599,51,0.2635294117647059,157.54901960784315
13600,8,0.25,132.625
13601,50,0.5689795918367347,61.18
13602,6,0.3333333333333333,41.833333333333336
13603,6,0.3333333333333333,39.5
13604,13,0.28205128205128205,43.69230769230769
13605,59,0.46113383985973116,216.96610169491527
13606,20,0.3736842105263158,26.65
13607,7,0.19047619047619047,54.285714285714285
13608,109,0.14780835881753313,183.60550458715596
13609,53,0.23004354136429608,231.62264150943398
13610,10,0.28888888888888886,40.4
13611,19,0.21637426900584794,47.05263157894737
13612,15,0.4857142857142857,20.533333333333335
13613,46,0.31980676328502416,49.65217391304348
13614,3,0.3333333333333333,11.666666666666666
13615,23,0.391304347826087,40.47826086956522
13616,85,0.4857142857142857,127.44705882352942
13617,14,0.3956043956043956,103.5
13618,2,0.0,26.5
13619,49,0.4557823129251701,122.55102040816327
13620,5,0.6,13.2
13621,81,0.5194444444444445,84.44444444444444
13622,4,0.5,5.0
13623,20,0.3105263157894737,15.25
13624,4,0.16666666666666666,15.75
13625,20,0.2578947368421053,60.1
13626,8,0.21428571428571427,13.125
13627,22,0.33766233766233766,61.45454545454545
13628,0,0.0,0.0
13629,39,0.2901484480431849,116.38461538461539
13630,17,0.38235294117647056,94.3529411764706
13631,30,0.46206896551724136,49.36666666666667
13632,1,0.0,12.0
13633,15,0.2761904761904762,47.333333333333336
13634,14,0.12087912087912088,51.857142857142854
13635,64,0.5124007936507936,49.171875
13636,13,0.6923076923076923,72.53846153846153
13637,0,0.0,0.0
13638,6,0.06666666666666667,24.5
13639,30,0.14482758620689656,155.0
13640,18,0.2875816993464052,57.22222222222222
13641,2,0.0,7.0
13642,11,0.2909090909090909,180.36363636363637
13643,48,0.18262411347517732,47.645833333333336
13644,1,0.0,20.0
13645,5,0.3,20.0
13646,103,0.1292594707786027,58.46601941747573
13647,1,0.0,9.0
13648,73,0.2104261796042618,143.73972602739727
13649,22,0.09523809523809523,22.045454545454547
13650,4,0.5,11.0
13651,33,0.17045454545454544,53.90909090909091
13652,23,0.47035573122529645,117.65217391304348
13653,73,0.4748858447488584,113.75342465753425
13654,53,0.251088534107402,73.62264150943396
13655,15,0.4380952380952381,163.33333333333334
13656,112,0.23552123552123552,216.80357142857142
13657,9,0.5833333333333334,111.44444444444444
13658,31,0.25161290322580643,103.70967741935483
13659,2,1.0,6.5
13660,0,0.0,0.0
13661,19,0.3684210526315789,29.473684210526315
13662,20,0.5,183.7
13663,1,0.0,114.0
13664,41,0.2329268292682927,49.41463414634146
13665,28,0.2328042328042328,74.25
13666,8,0.5357142857142857,128.125
13667,9,0.7777777777777778,27.333333333333332
13668,7,0.14285714285714285,93.57142857142857
13669,145,0.2574712643678161,68.0
13670,54,0.3053808525506639,82.48148148148148
13671,57,0.39786967418546365,81.15789473684211
13672,122,0.24400487738788781,121.45901639344262
13673,10,0.26666666666666666,74.6
13674,6,0.26666666666666666,32.0
13675,5,0.3,42.6
13676,2,1.0,24.0
13677,13,0.2564102564102564,68.46153846153847
13678,3,0.0,18.0
13679,225,0.14277777777777778,149.92444444444445
13680,12,0.25757575757575757,50.583333333333336
13681,7,0.42857142857142855,32.42857142857143
13682,36,0.22857142857142856,72.30555555555556
13683,4,0.3333333333333333,20.75
13684,3,1.0,91.33333333333333
13685,23,0.2134387351778656,54.0
13686,0,0.0,0.0
13687,6,0.5333333333333333,37.5
13688,3,0.3333333333333333,10.333333333333334
13689,16,0.35,55.0625
13690,24,0.7246376811594203,53.125
13691,0,0.0,0.0
13692,43,0.53156146179402,84.20930232558139
13693,43,0.7286821705426356,81.13953488372093
13694,19,0.15204678362573099,41.73684210526316
13695,0,0.0,0.0
13696,110,0.2819015846538782,193.07272727272726
13697,11,0.4,27.272727272727273
13698,42,0.4146341463414634,88.0
13699,24,0.15579710144927536,47.666666666666664
13700,28,0.2857142857142857,136.78571428571428
13701,37,0.2972972972972973,47.37837837837838
13702,3,0.3333333333333333,247.33333333333334
13703,53,0.3490566037735849,43.0
13704,2,1.0,23.5
13705,9,0.5833333333333334,107.22222222222223
13706,7,0.19047619047619047,261.0
13707,9,0.4444444444444444,30.22222222222222
13708,3,0.6666666666666666,18.0
13709,1,0.0,5.0
13710,56,0.17207792207792208,28.464285714285715
13711,1,0.0,728.0
13712,18,0.3202614379084967,183.94444444444446
13713,4,0.5,6.0
13714,25,0.08,55.92
13715,68,0.4240561896400351,155.35294117647058
13716,6,0.4666666666666667,37.333333333333336
13717,50,0.5273469387755102,56.14
13718,10,0.5777777777777777,83.5
13719,71,0.18993963782696177,87.02816901408451
13720,71,0.1573440643863179,102.29577464788733
13721,25,0.5933333333333334,90.8
13722,18,0.3464052287581699,32.77777777777778
13723,47,0.396854764107308,81.7872340425532
13724,29,0.21921182266009853,45.724137931034484
13725,23,0.308300395256917,61.869565217391305
13726,6,0.6666666666666666,48.333333333333336
13727,2,0.0,11.5
13728,6,0.26666666666666666,57.5
13729,25,0.28,82.64
13730,10,0.28888888888888886,48.2
13731,91,0.421001221001221,72.04395604395604
13732,34,0.2620320855614973,87.6470588235294
13733,35,0.4319327731092437,193.9142857142857
13734,74,0.3224731580895964,113.35135135135135
13735,35,0.33949579831932775,210.54285714285714
13736,2,1.0,151.0
13737,1,0.0,21.0
13738,53,0.6393323657474601,90.67924528301887
13739,55,0.1750841750841751,81.12727272727273
13740,3,0.0,1.6666666666666667
13741,34,0.19786096256684493,97.73529411764706
13742,7,0.19047619047619047,28.714285714285715
13743,3,0.3333333333333333,19.0
13744,21,0.30952380952380953,37.04761904761905
13745,3,0.3333333333333333,121.66666666666667
13746,102,0.20190254319549603,80.3921568627451
13747,2,0.0,24.0
13748,3,1.0,765.0
13749,13,0.3974358974358974,40.38461538461539
13750,51,0.3215686274509804,45.35294117647059
13751,5,0.3,15.8
13752,18,0.43137254901960786,39.666666666666664
13753,31,0.14623655913978495,124.2258064516129
13754,173,0.08428552224761393,75.79768786127168
13755,4,0.3333333333333333,77.5
13756,3,0.3333333333333333,51.333333333333336
13757,30,0.3724137931034483,128.36666666666667
13758,10,0.1111111111111111,107.6
13759,31,0.3870967741935484,67.29032258064517
13760,57,0.39536340852130325,187.35087719298247
13761,12,0.3181818181818182,13.75
13762,20,0.41578947368421054,192.1
13763,23,0.13438735177865613,111.73913043478261
13764,32,0.21975806451612903,73.96875
13765,135,0.11000552791597568,129.62962962962962
13766,9,0.19444444444444445,15.777777777777779
13767,9,0.19444444444444445,87.33333333333333
13768,66,0.20372960372960372,117.65151515151516
13769,12,0.24242424242424243,35.75
13770,19,0.08187134502923976,37.10526315789474
13771,0,0.0,0.0
13772,4,0.5,57.75
13773,20,0.2789473684210526,67.2
13774,2,1.0,6.5
13775,40,0.36923076923076925,47.575
13776,16,0.35833333333333334,36.6875
13777,108,0.2772585669781931,154.86111111111111
13778,59,0.25014611338398596,58.16949152542373
13779,2,1.0,11.0
13780,1,0.0,3.0
13781,63,0.3911930363543267,59.19047619047619
13782,28,0.21164021164021163,85.57142857142857
13783,10,0.4444444444444444,29.9
13784,11,0.38181818181818183,31.818181818181817
13785,4,0.16666666666666666,72.0
13786,13,0.5384615384615384,51.0
13787,16,0.4583333333333333,82.875
13788,131,0.11262477980035232,77.35114503816794
13789,4,1.0,13.25
13790,51,0.30117647058823527,110.27450980392157
13791,31,0.27741935483870966,39.0
13792,7,0.3333333333333333,15.285714285714286
13793,61,0.34262295081967215,121.52459016393442
13794,10,0.28888888888888886,17.1
13795,30,0.3816091954022989,23.9
13796,31,0.43655913978494626,330.7741935483871
13797,30,0.39770114942528734,47.1
13798,7,0.38095238095238093,21.0
13799,13,0.23076923076923078,13.0
13800,13,0.24358974358974358,21.53846153846154
13801,1,0.0,17.0
13802,3,0.3333333333333333,13.0
13803,2,0.0,33.5
13804,59,0.5423728813559322,57.779661016949156
13805,4,0.3333333333333333,24.75
13806,108,0.32866043613707163,122.9074074074074
13807,19,0.28654970760233917,54.78947368421053
13808,102,0.2956707435449427,70.45098039215686
13809,0,0.0,0.0
13810,7,0.38095238095238093,485.2857142857143
13811,26,0.23076923076923078,20.923076923076923
13812,12,0.3939393939393939,25.5
13813,2,1.0,34.5
13814,10,0.26666666666666666,38.1
13815,17,0.21323529411764705,56.470588235294116
13816,7,0.2857142857142857,20.428571428571427
13817,1,0.0,12.0
13818,6,0.6666666666666666,114.0
13819,89,0.2535750766087845,60.03370786516854
13820,21,0.21904761904761905,127.71428571428571
13821,3,0.3333333333333333,32.333333333333336
13822,7,0.09523809523809523,29.0
13823,16,0.5333333333333333,66.0625
13824,25,0.5666666666666667,43.64
13825,37,0.6981981981981982,146.43243243243242
13826,5,0.6,12.4
13827,26,0.3476923076923077,67.42307692307692
13828,6,0.9333333333333333,29.333333333333332
13829,23,0.31225296442687744,70.73913043478261
13830,6,0.2,10.666666666666666
13831,26,0.8,197.34615384615384
13832,37,0.487987987987988,140.40540540540542
13833,14,0.08791208791208792,71.35714285714286
13834,6,0.26666666666666666,37.833333333333336
13835,30,0.535632183908046,42.53333333333333
13836,8,0.9642857142857143,67.375
13837,19,0.5263157894736842,37.473684210526315
13838,3,0.0,16.0
13839,10,0.35555555555555557,66.2
13840,44,0.28012684989429176,70.5
13841,54,0.23340321453529,102.05555555555556
13842,9,0.6666666666666666,27.444444444444443
13843,27,0.36752136752136755,258.8888888888889
13844,31,0.17419354838709677,78.93548387096774
13845,16,0.21666666666666667,48.1875
13846,57,0.37092731829573933,236.3859649122807
13847,8,0.25,8.875
13848,0,0.0,0.0
13849,5,0.4,11.6
13850,8,0.75,56.125
13851,4,0.3333333333333333,10.25
13852,145,0.17155172413793104,89.77931034482759
13853,14,0.5164835164835165,35.5
13854,12,0.12121212121212122,90.0
13855,63,0.5750128008192524,87.36507936507937
13856,35,0.8621848739495799,101.97142857142858
13857,8,0.32142857142857145,77.125
13858,13,0.3076923076923077,66.23076923076923
13859,26,0.5692307692307692,173.80769230769232
13860,0,0.0,0.0
13861,9,0.4166666666666667,47.666666666666664
13862,69,0.7587382779198636,126.69565217391305
13863,2,0.0,12.5
13864,3,0.3333333333333333,25.666666666666668
13865,0,0.0,0.0
13866,13,0.5128205128205128,43.76923076923077
13867,7,0.9523809523809523,15.0
13868,11,0.5454545454545454,63.09090909090909
13869,1,0.0,10.0
13870,11,0.4,43.63636363636363
13871,0,0.0,0.0
13872,132,0.32211427249595187,85.81060606060606
13873,15,0.4666666666666667,54.06666666666667
13874,3,0.0,39.0
13875,0,0.0,0.0
13876,76,0.35964912280701755,137.18421052631578
13877,33,0.3731060606060606,37.78787878787879
13878,2,1.0,16.0
13879,18,0.28104575163398693,72.38888888888889
13880,7,0.3333333333333333,67.42857142857143
13881,41,0.18170731707317073,27.78048780487805
13882,30,0.38620689655172413,73.03333333333333
13883,1,0.0,38.0
13884,14,0.2967032967032967,49.714285714285715
13885,7,0.3333333333333333,82.57142857142857
13886,40,0.3294871794871795,107.975
13887,10,0.8222222222222222,57.5
13888,49,0.4175170068027211,93.71428571428571
13889,6,0.6666666666666666,50.0
13890,3,0.3333333333333333,43.666666666666664
13891,19,0.2573099415204678,153.3684210526316
13892,21,0.37142857142857144,49.285714285714285
13893,76,0.16456140350877194,121.73684210526316
13894,15,0.19047619047619047,104.4
13895,23,0.25691699604743085,101.43478260869566
13896,63,0.9068100358422939,101.2063492063492
13897,39,0.27800269905533065,102.53846153846153
13898,53,0.15820029027576196,82.9622641509434
13899,5,0.1,52.0
13900,43,0.3001107419712071,165.7906976744186
13901,3,1.0,14.333333333333334
13902,140,0.13648509763617678,98.61428571428571
13903,56,0.22597402597402597,146.01785714285714
13904,48,0.22340425531914893,141.10416666666666
13905,22,0.2813852813852814,79.5909090909091
13906,46,0.2463768115942029,112.5
13907,64,0.5064484126984127,49.28125
13908,17,0.22058823529411764,40.411764705882355
13909,10,1.0,73.1
13910,11,0.2727272727272727,51.72727272727273
13911,3,0.3333333333333333,7.666666666666667
13912,31,0.43870967741935485,57.38709677419355
13913,12,0.2878787878787879,22.333333333333332
13914,8,0.2857142857142857,20.625
13915,17,0.19852941176470587,58.05882352941177
13916,0,0.0,0.0
13917,87,0.25768511093290564,47.50574712643678
13918,18,0.477124183006536,435.0
13919,10,0.044444444444444446,29.9
13920,156,0.14929693961952026,132.69230769230768
13921,59,0.21566335476329632,257.59322033898303
13922,27,0.28205128205128205,58.666666666666664
13923,6,0.4666666666666667,51.0
13924,4,0.5,85.75
13925,39,0.5910931174089069,133.66666666666666
13926,1,0.0,5.0
13927,6,0.4,23.5
13928,23,0.5296442687747036,124.65217391304348
13929,30,0.4666666666666667,171.9
13930,73,0.4048706240487062,165.97260273972603
13931,7,0.5714285714285714,85.14285714285714
13932,60,0.4129943502824859,47.18333333333333
13933,23,0.43478260869565216,55.08695652173913
13934,46,0.3922705314009662,75.71739130434783
13935,21,0.21904761904761905,116.0
13936,55,0.5535353535353535,157.4
13937,1,0.0,1.0
13938,4,0.6666666666666666,16.5
13939,23,0.308300395256917,147.3913043478261
13940,66,0.4382284382284382,166.43939393939394
13941,5,0.3,51.4
13942,213,0.19789175303392684,196.02347417840375
13943,45,0.1797979797979798,57.577777777777776
13944,18,0.3464052287581699,33.833333333333336
13945,1,0.0,3.0
13946,102,0.1972432537371384,99.1470588235294
13947,6,0.26666666666666666,26.5
13948,35,0.24369747899159663,65.05714285714286
13949,0,0.0,0.0
13950,4,1.0,10.0
13951,1,0.0,21.0
13952,28,0.40476190476190477,65.85714285714286
13953,24,0.8152173913043478,60.75
13954,5,0.2,58.0
13955,0,0.0,0.0
13956,30,0.45057471264367815,140.6
13957,2,0.0,28.0
13958,43,0.5415282392026578,133.95348837209303
13959,1,0.0,43.0
13960,3,0.0,18.666666666666668
13961,4,0.16666666666666666,148.25
13962,0,0.0,0.0
13963,28,0.3439153439153439,64.64285714285714
13964,2,0.0,30.0
13965,4,0.5,24.75
13966,39,0.2321187584345479,59.205128205128204
13967,8,0.35714285714285715,37.75
13968,9,0.3055555555555556,35.111111111111114
13969,3,0.0,19.333333333333332
13970,36,0.22698412698412698,47.138888888888886
13971,6,0.4666666666666667,35.666666666666664
13972,29,0.29802955665024633,159.6206896551724
13973,22,0.5194805194805194,50.81818181818182
13974,7,0.09523809523809523,57.285714285714285
13975,34,0.44206773618538325,173.58823529411765
13976,112,0.3071106821106821,102.74107142857143
13977,33,0.2916666666666667,56.303030303030305
13978,0,0.0,0.0
13979,13,0.08974358974358974,30.846153846153847
13980,16,0.6333333333333333,75.4375
13981,24,0.4384057971014493,36.5
13982,18,0.35294117647058826,61.611111111111114
13983,27,0.29914529914529914,142.37037037037038
13984,0,0.0,0.0
13985,42,0.24041811846689895,124.45238095238095
13986,3,0.6666666666666666,53.333333333333336
13987,14,0.5054945054945055,34.92857142857143
13988,5,0.9,45.2
13989,22,0.1774891774891775,72.22727272727273
13990,9,0.9722222222222222,42.111111111111114
13991,3,0.3333333333333333,8.666666666666666
13992,13,0.38461538461538464,35.23076923076923
13993,13,0.28205128205128205,31.46153846153846
13994,24,0.8152173913043478,29.25
13995,57,0.5827067669172933,81.9298245614035
13996,23,0.38735177865612647,32.95652173913044
13997,17,0.49264705882352944,24.529411764705884
13998,9,0.16666666666666666,34.888888888888886
13999,34,0.3172905525846702,29.294117647058822
14000,14,0.4175824175824176,88.28571428571429
14001,18,0.3660130718954248,78.61111111111111
14002,40,0.4269230769230769,74.525
14003,1,0.0,7.0
14004,10,0.35555555555555557,41.0
14005,22,0.5454545454545454,95.4090909090909
14006,2,1.0,15.0
14007,58,0.2692075015124017,53.310344827586206
14008,34,0.20320855614973263,191.05882352941177
14009,22,0.4935064935064935,149.27272727272728
14010,28,0.3783068783068783,37.214285714285715
14011,15,0.3142857142857143,29.8
14012,25,0.20333333333333334,60.2
14013,19,0.7134502923976608,33.26315789473684
14014,9,0.5,106.66666666666667
14015,2,0.0,2.5
14016,4,0.5,24.0
14017,15,0.4,120.2
14018,26,0.46153846153846156,131.23076923076923
14019,106,0.17771787960467206,132.25471698113208
14020,63,0.3051715309779826,271.3015873015873
14021,7,0.38095238095238093,18.714285714285715
14022,16,0.21666666666666667,27.8125
14023,10,0.37777777777777777,77.5
14024,2,0.0,8.0
14025,70,0.18467908902691513,97.02857142857142
14026,16,0.48333333333333334,44.1875
14027,51,0.2909803921568627,53.588235294117645
14028,0,0.0,0.0
14029,87,0.4087142475273991,321.62068965517244
14030,26,0.17846153846153845,31.0
14031,10,0.6222222222222222,43.7
14032,0,0.0,0.0
14033,59,0.19579193454120397,38.74576271186441
14034,12,0.7272727272727273,26.916666666666668
14035,4,0.3333333333333333,36.5
14036,34,0.2638146167557932,53.55882352941177
14037,36,0.42698412698412697,90.0
14038,7,0.38095238095238093,25.285714285714285
14039,27,0.21367521367521367,43.51851851851852
14040,55,0.41952861952861953,63.4
14041,40,0.26666666666666666,99.825
14042,0,0.0,0.0
14043,1,0.0,14.0
14044,2,0.0,19.5
14045,6,0.26666666666666666,14.333333333333334
14046,58,0.2075015124016939,71.29310344827586
14047,24,0.39492753623188404,43.416666666666664
14048,17,0.38235294117647056,56.8235294117647
14049,21,0.22857142857142856,85.66666666666667
14050,92,0.1808408982322026,98.75
14051,37,0.37537537537537535,108.70270270270271
14052,3,0.3333333333333333,11.666666666666666
14053,5,0.6,25.4
14054,20,0.4842105263157895,91.55
14055,17,0.19852941176470587,67.3529411764706
14056,5,0.5,6.0
14057,46,0.3004830917874396,35.32608695652174
14058,1,0.0,15.0
14059,12,0.3181818181818182,56.833333333333336
14060,1,0.0,202.0
14061,4,0.16666666666666666,15.0
14062,1,0.0,2.0
14063,34,0.5525846702317291,42.64705882352941
14064,1,0.0,2.0
14065,2,1.0,5.5
14066,58,0.35813672111312767,38.241379310344826
14067,2,0.0,3.5
14068,4,0.5,76.25
14069,64,0.5863095238095238,79.546875
14070,44,0.3974630021141649,146.95454545454547
14071,5,0.4,19.4
14072,11,0.2545454545454545,65.54545454545455
14073,5,0.1,43.4
14074,27,0.25925925925925924,53.851851851851855
14075,15,0.18095238095238095,22.8
14076,55,0.17037037037037037,162.70909090909092
14077,9,0.1111111111111111,44.55555555555556
14078,57,0.11278195488721804,73.82456140350877
14079,109,0.34284743459055383,113.61467889908256
14080,52,0.19306184012066366,49.5
14081,2,0.0,112.5
14082,45,0.19595959595959597,58.84444444444444
14083,20,0.3526315789473684,39.65
14084,9,0.5,49.77777777777778
14085,24,0.41304347826086957,179.54166666666666
14086,22,0.5757575757575758,29.045454545454547
14087,14,0.4175824175824176,62.357142857142854
14088,23,0.5019762845849802,65.69565217391305
14089,2,0.0,210.5
14090,2,1.0,92.5
14091,31,0.26666666666666666,66.25806451612904
14092,24,0.3115942028985507,101.5
14093,5,0.3,20.6
14094,60,0.23163841807909605,115.18333333333334
14095,3,0.3333333333333333,136.66666666666666
14096,15,0.18095238095238095,84.2
14097,19,0.3333333333333333,13.842105263157896
14098,13,0.3974358974358974,32.07692307692308
14099,8,0.07142857142857142,27.125
14100,7,0.09523809523809523,32.42857142857143
14101,27,0.27350427350427353,60.22222222222222
14102,7,0.5714285714285714,17.142857142857142
14103,26,0.40923076923076923,57.65384615384615
14104,2,1.0,24.5
14105,30,0.3057471264367816,26.666666666666668
14106,69,0.29454390451832907,123.98550724637681
14107,31,0.36774193548387096,195.6451612903226
14108,6,0.13333333333333333,12.166666666666666
14109,12,0.21212121212121213,19.583333333333332
14110,10,0.26666666666666666,71.4
14111,23,0.383399209486166,82.26086956521739
14112,1,0.0,3.0
14113,288,0.09923054587688734,134.72222222222223
14114,0,0.0,0.0
14115,13,0.8589743589743589,112.76923076923077
14116,28,0.544973544973545,64.0
14117,3,0.3333333333333333,14.333333333333334
14118,46,0.2618357487922705,220.7391304347826
14119,2,1.0,43.0
14120,0,0.0,0.0
14121,39,0.18488529014844804,87.38461538461539
14122,7,0.42857142857142855,34.142857142857146
14123,19,0.7426900584795322,64.63157894736842
14124,162,0.25971934667586843,217.37037037037038
14125,53,0.432510885341074,132.16981132075472
14126,6,0.4666666666666667,129.5
14127,62,0.3511369645690111,77.48387096774194
14128,41,0.27195121951219514,50.853658536585364
14129,26,0.3384615384615385,31.923076923076923
14130,6,0.3333333333333333,16.333333333333332
14131,1,0.0,19.0
14132,3,0.0,36.333333333333336
14133,17,0.38235294117647056,39.64705882352941
14134,12,0.3939393939393939,63.75
14135,0,0.0,0.0
14136,2,0.0,10.0
14137,1,0.0,13.0
14138,4,0.0,6.75
14139,4,0.0,14.25
14140,0,0.0,0.0
14141,21,0.3380952380952381,154.0952380952381
14142,39,0.4885290148448043,67.97435897435898
14143,3,0.6666666666666666,11.666666666666666
14144,6,0.2,75.0
14145,46,0.19227053140096617,60.369565217391305
14146,11,0.23636363636363636,23.0
14147,19,0.27485380116959063,26.789473684210527
14148,3,0.0,34.333333333333336
14149,24,0.322463768115942,33.916666666666664
14150,16,0.4166666666666667,53.0625
14151,10,0.28888888888888886,35.4
14152,10,0.2,121.8
14153,19,0.22807017543859648,21.789473684210527
14154,10,0.24444444444444444,22.7
14155,10,0.4666666666666667,19.8
14156,15,0.3142857142857143,31.266666666666666
14157,2,0.0,27.0
14158,7,0.23809523809523808,64.28571428571429
14159,37,0.14264264264264265,109.51351351351352
14160,23,0.541501976284585,25.73913043478261
14161,12,0.6515151515151515,112.16666666666667
14162,139,0.2559691377332916,233.84892086330936
14163,9,0.5277777777777778,14.222222222222221
14164,20,0.3263157894736842,99.0
14165,26,0.31076923076923074,43.96153846153846
14166,60,0.15028248587570622,102.38333333333334
14167,38,0.3755334281650071,67.26315789473684
14168,7,0.42857142857142855,25.0
14169,91,0.24468864468864468,87.07692307692308
14170,10,0.6444444444444445,31.8
14171,0,0.0,0.0
14172,3,0.3333333333333333,6.666666666666667
14173,7,0.6190476190476191,23.571428571428573
14174,15,0.3523809523809524,234.66666666666666
14175,135,0.3800995024875622,125.37777777777778
14176,17,0.4264705882352941,37.76470588235294
14177,3,0.3333333333333333,4.666666666666667
14178,20,0.15263157894736842,43.55
14179,54,0.46680642907058,164.27777777777777
14180,10,0.3111111111111111,24.7
14181,3,1.0,35.0
14182,47,0.33209990749306195,111.91489361702128
14183,4,0.16666666666666666,60.75
14184,4,0.16666666666666666,59.5
14185,63,0.22990271377368152,131.65079365079364
14186,30,0.3471264367816092,52.43333333333333
14187,82,0.21559771153267088,65.35365853658537
14188,37,0.43243243243243246,59.78378378378378
14189,75,0.5282882882882883,141.78666666666666
14190,11,0.32727272727272727,75.63636363636364
14191,275,0.10524220305242203,87.97090909090909
14192,2,0.0,22.0
14193,7,0.2857142857142857,11.857142857142858
14194,60,0.4937853107344633,151.31666666666666
14195,8,0.39285714285714285,27.5
14196,7,0.38095238095238093,180.28571428571428
14197,5,0.6,75.2
14198,24,0.7101449275362319,37.833333333333336
14199,3,0.0,20.666666666666668
14200,6,0.13333333333333333,11.0
14201,19,0.2573099415204678,35.8421052631579
14202,0,0.0,0.0
14203,27,0.34472934472934474,87.74074074074075
14204,28,0.2830687830687831,76.46428571428571
14205,61,0.34098360655737703,52.67213114754098
14206,36,0.2920634920634921,34.02777777777778
14207,22,0.5930735930735931,62.59090909090909
14208,82,0.318578741342969,179.0731707317073
14209,2,1.0,64.0
14210,23,0.2885375494071146,117.1304347826087
14211,41,0.2682926829268293,51.170731707317074
14212,12,0.25757575757575757,58.333333333333336
14213,4,0.16666666666666666,21.5
14214,9,0.2777777777777778,10.777777777777779
14215,122,0.32258501558054464,79.22131147540983
14216,12,0.5151515151515151,41.166666666666664
14217,4,0.16666666666666666,25.25
14218,96,0.21469298245614035,205.55208333333334
14219,0,0.0,0.0
14220,8,0.39285714285714285,110.125
14221,1,0.0,15.0
14222,4,0.3333333333333333,179.75
14223,22,0.24675324675324675,89.54545454545455
14224,110,0.2920767306088407,126.99090909090908
14225,50,0.28489795918367344,125.0
14226,13,0.20512820512820512,21.23076923076923
14227,12,0.2727272727272727,31.333333333333332
14228,46,0.3285024154589372,95.65217391304348
14229,167,0.14941201933482431,95.94610778443113
14230,26,0.39384615384615385,120.3076923076923
14231,4,0.16666666666666666,37.25
14232,1,0.0,150.0
14233,0,0.0,0.0
14234,70,0.2111801242236025,58.18571428571428
14235,3,0.0,60.333333333333336
14236,22,0.3116883116883117,30.681818181818183
14237,14,0.3076923076923077,56.142857142857146
14238,16,0.3,31.0
14239,1,0.0,7.0
14240,2,1.0,26.5
14241,2,0.0,1.5
14242,20,0.11578947368421053,77.6
14243,77,0.23308270676691728,221.06493506493507
14244,10,0.4222222222222222,173.6
14245,7,0.47619047619047616,50.57142857142857
14246,113,0.10256005056890012,47.15929203539823
14247,13,0.44871794871794873,45.15384615384615
14248,8,0.10714285714285714,27.625
14249,51,0.6776470588235294,92.62745098039215
14250,112,0.3638996138996139,109.91964285714286
14251,8,0.5,29.875
14252,21,0.4095238095238095,51.285714285714285
14253,56,0.38766233766233765,77.51785714285714
14254,2,0.0,45.0
14255,0,0.0,0.0
14256,37,0.15165165165165165,36.972972972972975
14257,53,0.30914368650217705,88.52830188679245
14258,16,0.16666666666666666,70.4375
14259,5,1.0,17.4
14260,35,0.4151260504201681,47.91428571428571
14261,15,0.3238095238095238,34.733333333333334
14262,4,0.0,24.75
14263,0,0.0,0.0
14264,30,0.31494252873563217,44.56666666666667
14265,9,0.3333333333333333,31.444444444444443
14266,50,0.24244897959183673,106.6
14267,2,1.0,10.0
14268,3,0.3333333333333333,24.333333333333332
14269,2,0.0,42.0
14270,46,0.15555555555555556,56.58695652173913
14271,214,0.23912948093545697,171.30373831775702
14272,8,0.32142857142857145,65.25
14273,12,0.22727272727272727,63.333333333333336
14274,2,0.0,4.0
14275,6,0.4,30.166666666666668
14276,2,1.0,364.0
14277,130,0.2503279666070364,135.74615384615385
14278,5,0.3,66.8
14279,74,0.15845982969270642,140.97297297297297
14280,6,0.9333333333333333,38.333333333333336
14281,135,0.19690436705362077,205.14814814814815
14282,2,1.0,81.0
14283,10,0.3333333333333333,26.5
14284,114,0.2279149200434715,171.76315789473685
14285,35,0.11764705882352941,92.28571428571429
14286,4,0.16666666666666666,9.25
14287,31,0.4989247311827957,172.74193548387098
14288,16,0.21666666666666667,42.625
14289,22,0.341991341991342,37.27272727272727
14290,0,0.0,0.0
14291,22,0.45454545454545453,40.90909090909091
14292,28,0.1931216931216931,109.28571428571429
14293,82,0.6004215597711533,76.08536585365853
14294,2,1.0,15.0
14295,31,0.5956989247311828,105.19354838709677
14296,1,0.0,11.0
14297,17,0.3897058823529412,53.1764705882353
14298,1,0.0,4.0
14299,11,0.4909090909090909,70.18181818181819
14300,51,0.20392156862745098,54.450980392156865
14301,30,0.24367816091954023,46.93333333333333
14302,37,0.4099099099099099,87.91891891891892
14303,14,0.24175824175824176,167.64285714285714
14304,43,0.40753045404208194,53.13953488372093
14305,6,0.6666666666666666,11.333333333333334
14306,12,0.30303030303030304,50.833333333333336
14307,18,0.22875816993464052,33.111111111111114
14308,13,0.3974358974358974,16.615384615384617
14309,2,0.0,57.5
14310,24,0.2391304347826087,27.708333333333332
14311,18,0.30718954248366015,46.44444444444444
14312,6,0.3333333333333333,11.833333333333334
14313,21,0.46190476190476193,44.76190476190476
14314,110,0.27239366138448706,81.24545454545455
14315,29,0.22413793103448276,100.82758620689656
14316,5,0.1,65.2
14317,7,0.38095238095238093,38.0
14318,6,0.2,16.666666666666668
14319,11,0.6363636363636364,32.36363636363637
14320,17,0.125,136.05882352941177
14321,19,0.28654970760233917,100.84210526315789
14322,4,0.5,221.5
14323,74,0.4298407997038134,61.63513513513514
14324,17,0.5,37.76470588235294
14325,21,0.3380952380952381,141.57142857142858
14326,30,0.49885057471264366,46.9
14327,14,0.38461538461538464,15.928571428571429
14328,25,0.29,66.84
14329,1,0.0,67.0
14330,4,0.16666666666666666,67.25
14331,209,0.2514262053735738,81.9090909090909
14332,30,0.2574712643678161,97.6
14333,1,0.0,2.0
14334,25,0.44,31.96
14335,91,0.16361416361416362,45.57142857142857
14336,0,0.0,0.0
14337,73,0.8002283105022832,126.98630136986301
14338,23,0.541501976284585,107.43478260869566
14339,2,0.0,46.0
14340,9,0.1388888888888889,14.88888888888889
14341,9,0.4166666666666667,21.77777777777778
14342,12,0.4090909090909091,26.333333333333332
14343,5,0.1,23.6
14344,22,0.1774891774891775,84.0909090909091
14345,1,0.0,4.0
14346,1,0.0,149.0
14347,133,0.21052631578947367,72.18796992481202
14348,6,0.4,75.33333333333333
14349,27,0.07122507122507123,51.407407407407405
14350,12,0.6666666666666666,165.33333333333334
14351,9,0.25,38.44444444444444
14352,7,0.14285714285714285,28.142857142857142
14353,17,0.34558823529411764,38.23529411764706
14354,12,0.3939393939393939,34.5
14355,0,0.0,0.0
14356,1,0.0,43.0
14357,16,0.8666666666666667,50.3125
14358,1,0.0,6.0
14359,2,0.0,3.0
14360,6,0.7333333333333333,40.333333333333336
14361,42,0.14634146341463414,84.14285714285714
14362,18,0.32679738562091504,66.72222222222223
14363,9,0.3333333333333333,36.111111111111114
14364,353,0.13626706155034768,103.08498583569406
14365,42,0.24738675958188153,59.904761904761905
14366,9,0.2777777777777778,24.0
14367,8,0.35714285714285715,46.625
14368,73,0.3972602739726027,129.53424657534248
14369,12,0.25757575757575757,103.91666666666667
14370,19,0.32748538011695905,19.894736842105264
14371,17,0.2647058823529412,112.11764705882354
14372,47,0.2960222016651249,120.8936170212766
14373,47,0.7890841813135985,157.51063829787233
14374,44,0.28752642706131076,249.77272727272728
14375,1,0.0,5.0
14376,35,0.173109243697479,52.142857142857146
14377,23,0.2845849802371542,38.82608695652174
14378,5,0.6,18.4
14379,1,0.0,16.0
14380,10,0.2,118.9
14381,42,0.12311265969802555,117.66666666666667
14382,0,0.0,0.0
14383,5,0.1,77.0
14384,5,0.4,36.8
14385,13,0.48717948717948717,84.76923076923077
14386,110,0.17597998331943285,82.44545454545455
14387,91,0.3716727716727717,75.52747252747253
14388,6,0.7333333333333333,267.8333333333333
14389,33,0.45075757575757575,88.42424242424242
14390,2,1.0,84.0
14391,0,0.0,0.0
14392,3,1.0,12.333333333333334
14393,11,0.2727272727272727,32.27272727272727
14394,13,0.16666666666666666,55.23076923076923
14395,80,0.16265822784810127,40.5125
14396,3,1.0,163.66666666666666
14397,93,0.3637213651238897,53.86021505376344
14398,34,0.23172905525846701,65.47058823529412
14399,14,0.16483516483516483,21.571428571428573
14400,15,0.6,17.933333333333334
14401,20,0.45789473684210524,170.55
14402,4,1.0,24.25
14403,1,0.0,11.0
14404,32,0.15120967741935484,39.375
14405,0,0.0,0.0
14406,19,0.15789473684210525,41.36842105263158
14407,7,0.47619047619047616,42.285714285714285
14408,12,0.5606060606060606,39.333333333333336
14409,52,0.4358974358974359,45.94230769230769
14410,7,0.38095238095238093,48.42857142857143
14411,6,0.8666666666666667,39.5
14412,10,0.6444444444444445,44.6
14413,26,0.28307692307692306,54.26923076923077
14414,0,0.0,0.0
14415,40,0.5166666666666667,205.2
14416,50,0.21959183673469387,53.64
14417,163,0.3401499659168371,110.61349693251533
14418,33,0.2481060606060606,125.75757575757575
14419,95,0.4748040313549832,86.81052631578947
14420,0,0.0,0.0
14421,8,0.32142857142857145,17.375
14422,9,0.3333333333333333,32.77777777777778
14423,59,0.3395675043834015,151.01694915254237
14424,14,0.5164835164835165,173.71428571428572
14425,1,0.0,18.0
14426,33,0.3977272727272727,46.45454545454545
14427,79,0.17072379097695553,143.08860759493672
14428,3,0.0,27.333333333333332
14429,100,0.4824242424242424,110.29
14430,20,0.6263157894736842,33.4
14431,20,0.2631578947368421,45.45
14432,11,0.8727272727272727,52.27272727272727
14433,13,0.5256410256410257,17.153846153846153
14434,24,0.41304347826086957,49.083333333333336
14435,10,0.4,26.7
14436,21,0.10476190476190476,41.857142857142854
14437,4,0.3333333333333333,13.25
14438,35,0.31092436974789917,39.97142857142857
14439,27,0.29914529914529914,83.81481481481481
14440,106,0.5433962264150943,84.59433962264151
14441,17,0.4632352941176471,125.41176470588235
14442,11,0.5454545454545454,14.909090909090908
14443,55,0.16026936026936026,115.92727272727272
14444,48,0.20035460992907803,93.83333333333333
14445,5,0.4,67.4
14446,10,0.35555555555555557,20.8
14447,20,0.39473684210526316,263.2
14448,52,0.5935143288084465,63.5
14449,42,0.20557491289198607,70.30952380952381
14450,17,0.3235294117647059,193.11764705882354
14451,22,0.44155844155844154,63.59090909090909
14452,140,0.20894141829393628,164.54285714285714
14453,4,0.8333333333333334,14.0
14454,72,0.1596244131455399,84.01388888888889
14455,5,0.3,45.4
14456,13,0.20512820512820512,48.53846153846154
14457,2,1.0,11.5
14458,21,0.26666666666666666,48.80952380952381
14459,8,0.14285714285714285,27.5
14460,0,0.0,0.0
14461,16,0.5416666666666666,71.8125
14462,5,0.3,50.0
14463,8,0.6785714285714286,61.75
14464,9,0.5,93.44444444444444
14465,11,0.21818181818181817,52.09090909090909
14466,7,0.7142857142857143,75.14285714285714
14467,21,0.23809523809523808,30.61904761904762
14468,12,0.5909090909090909,40.25
14469,6,0.13333333333333333,29.333333333333332
14470,53,0.46081277213352684,147.49056603773585
14471,0,0.0,0.0
14472,4,0.3333333333333333,23.25
14473,60,0.4350282485875706,45.666666666666664
14474,36,0.18412698412698414,29.833333333333332
14475,1,0.0,84.0
14476,4,0.6666666666666666,13.75
14477,0,0.0,0.0
14478,35,0.2739495798319328,61.628571428571426
14479,63,0.24628776241679468,43.82539682539682
14480,4,0.0,26.5
14481,30,0.30344827586206896,43.8
14482,2,0.0,29.5
14483,3,0.6666666666666666,45.666666666666664
14484,71,0.11468812877263582,63.732394366197184
14485,24,0.4311594202898551,31.666666666666668
14486,8,0.5,12.375
14487,97,0.24527491408934707,188.44329896907217
14488,131,0.1809747504403993,89.8473282442748
14489,10,0.3111111111111111,54.4
14490,13,0.2692307692307692,123.53846153846153
14491,5,0.4,74.0
14492,14,0.10989010989010989,38.57142857142857
14493,8,0.32142857142857145,44.25
14494,6,0.26666666666666666,21.333333333333332
14495,19,0.23391812865497075,42.94736842105263
14496,22,0.33766233766233766,57.04545454545455
14497,32,0.7943548387096774,63.03125
14498,83,0.4025859535703791,104.19277108433735
14499,0,0.0,0.0
14500,44,0.21141649048625794,97.22727272727273
14501,17,0.4632352941176471,55.05882352941177
14502,50,0.11755102040816326,136.4
14503,0,0.0,0.0
14504,15,0.638095238095238,76.33333333333333
14505,0,0.0,0.0
14506,13,0.34615384615384615,43.53846153846154
14507,1,0.0,52.0
14508,20,0.26842105263157895,74.85
14509,1,0.0,69.0
14510,33,0.3181818181818182,224.8181818181818
14511,60,0.17005649717514124,107.68333333333334
14512,8,0.21428571428571427,28.5
14513,8,0.9642857142857143,27.375
14514,11,0.16363636363636364,31.727272727272727
14515,106,0.2504941599281222,231.68867924528303
14516,4,0.5,15.0
14517,1,0.0,108.0
14518,9,0.19444444444444445,83.33333333333333
14519,26,0.6307692307692307,47.53846153846154
14520,59,0.2635885447106955,49.69491525423729
14521,13,0.21794871794871795,19.923076923076923
14522,15,0.42857142857142855,182.86666666666667
14523,29,0.20935960591133004,62.13793103448276
14524,1,0.0,21.0
14525,13,0.2564102564102564,256.7692307692308
14526,24,0.3442028985507246,70.29166666666667
14527,8,0.42857142857142855,50.375
14528,15,0.4,14.466666666666667
14529,30,0.25517241379310346,47.666666666666664
14530,8,0.07142857142857142,44.125
14531,48,0.14893617021276595,48.625
14532,3,0.6666666666666666,5.666666666666667
14533,14,0.1978021978021978,28.214285714285715
14534,1,0.0,10.0
14535,55,0.33131313131313134,153.23636363636365
14536,1,0.0,3.0
14537,11,0.21818181818181817,94.45454545454545
14538,5,0.3,12.6
14539,6,0.2,65.16666666666667
14540,1,0.0,5.0
14541,11,0.23636363636363636,84.54545454545455
14542,22,0.1341991341991342,51.27272727272727
14543,25,0.15,67.4
14544,35,0.38823529411764707,98.31428571428572
14545,9,0.8611111111111112,35.333333333333336
14546,5,0.4,14.4
14547,38,0.6273115220483642,122.89473684210526
14548,0,0.0,0.0
14549,3,0.6666666666666666,36.0
14550,67,0.5545002261420172,68.58208955223881
14551,1,0.0,22.0
14552,20,0.2789473684210526,160.5
14553,10,0.37777777777777777,26.1
14554,75,0.46234234234234234,85.42666666666666
14555,6,0.2,55.666666666666664
14556,13,0.1794871794871795,31.53846153846154
14557,73,0.2945205479452055,273.1095890410959
14558,41,0.348780487804878,54.0
14559,4,0.3333333333333333,50.5
14560,15,0.3523809523809524,61.86666666666667
14561,26,0.14461538461538462,55.03846153846154
14562,7,0.42857142857142855,31.0
14563,56,0.2461038961038961,59.785714285714285
14564,48,0.3182624113475177,49.020833333333336
14565,6,0.13333333333333333,38.333333333333336
14566,48,0.601063829787234,59.520833333333336
14567,11,0.4909090909090909,33.63636363636363
14568,22,0.3463203463203463,32.54545454545455
14569,48,0.375886524822695,55.8125
14570,12,0.2878787878787879,15.166666666666666
14571,2,1.0,16.5
14572,17,0.15441176470588236,32.05882352941177
14573,95,0.12071668533034714,89.6
14574,2,1.0,5.0
14575,15,0.22857142857142856,49.86666666666667
14576,43,0.6002214839424141,58.74418604651163
14577,12,0.24242424242424243,44.833333333333336
14578,29,0.43596059113300495,142.20689655172413
14579,39,0.19568151147098514,54.87179487179487
14580,44,0.47780126849894294,237.04545454545453
14581,61,0.651912568306011,84.52459016393442
14582,22,0.19480519480519481,68.63636363636364
14583,20,0.28421052631578947,30.05
14584,3,1.0,61.333333333333336
14585,13,0.15384615384615385,32.69230769230769
14586,1,0.0,7.0
14587,2,0.0,2.5
14588,12,0.21212121212121213,85.75
14589,0,0.0,0.0
14590,130,0.3324985092426953,164.8923076923077
14591,23,0.5573122529644269,58.17391304347826
14592,10,0.2,76.5
14593,22,0.4025974025974026,24.727272727272727
14594,10,0.4,28.8
14595,29,0.3793103448275862,37.793103448275865
14596,16,0.6,124.4375
14597,37,0.34984984984984985,88.5945945945946
14598,48,0.22074468085106383,36.104166666666664
14599,14,0.32967032967032966,58.857142857142854
14600,15,0.580952380952381,49.13333333333333
14601,6,0.6666666666666666,10.0
14602,115,0.26636155606407325,165.95652173913044
14603,1,0.0,11.0
14604,10,0.28888888888888886,67.7
14605,9,0.4166666666666667,48.44444444444444
14606,25,0.57,45.92
14607,37,0.18618618618618618,97.91891891891892
14608,10,0.4,274.7
14609,35,0.5680672268907563,62.68571428571428
14610,76,0.29333333333333333,43.94736842105263
14611,1,0.0,3.0
14612,2,1.0,22.5
14613,24,0.286231884057971,187.04166666666666
14614,17,0.29411764705882354,38.1764705882353
14615,3,0.3333333333333333,11.333333333333334
14616,9,0.2222222222222222,227.88888888888889
14617,17,0.27941176470588236,23.647058823529413
14618,21,0.12857142857142856,78.0
14619,8,0.4642857142857143,42.25
14620,213,0.14416688812117992,147.69014084507043
14621,26,0.30153846153846153,59.11538461538461
14622,26,0.6153846153846154,62.61538461538461
14623,42,0.3089430894308943,61.30952380952381
14624,37,0.2552552552552553,114.56756756756756
14625,66,0.248018648018648,125.13636363636364
14626,4,0.16666666666666666,20.0
14627,11,0.41818181818181815,61.90909090909091
14628,0,0.0,0.0
14629,20,0.6052631578947368,26.5
14630,21,0.3380952380952381,30.047619047619047
14631,17,0.23529411764705882,28.352941176470587
14632,77,0.40567327409432674,89.03896103896103
14633,5,0.4,19.4
14634,7,0.23809523809523808,24.428571428571427
14635,58,0.08106473079249849,50.706896551724135
14636,18,0.43790849673202614,15.166666666666666
14637,0,0.0,0.0
14638,7,0.09523809523809523,83.42857142857143
14639,15,0.5333333333333333,43.86666666666667
14640,100,0.16686868686868686,194.78
14641,1,0.0,21.0
14642,0,0.0,0.0
14643,3,0.0,77.0
14644,1,0.0,5.0
14645,2,0.0,68.0
14646,12,0.19696969696969696,20.666666666666668
14647,7,0.3333333333333333,32.42857142857143
14648,6,0.4,9.833333333333334
14649,5,0.5,48.6
14650,36,0.3492063492063492,74.77777777777777
14651,2,0.0,10.0
14652,32,0.5262096774193549,107.0625
14653,64,0.23313492063492064,189.71875
14654,12,0.25757575757575757,349.9166666666667
14655,19,0.38596491228070173,66.05263157894737
14656,15,0.3333333333333333,106.13333333333334
14657,23,0.7865612648221344,39.17391304347826
14658,17,0.18382352941176472,107.3529411764706
14659,6,0.4,57.166666666666664
14660,0,0.0,0.0
14661,33,0.4015151515151515,158.3030303030303
14662,8,0.2857142857142857,44.5
14663,10,0.28888888888888886,34.4
14664,493,0.10354722208479691,150.78904665314403
14665,6,0.2,62.833333333333336
14666,13,0.23076923076923078,98.15384615384616
14667,25,0.5666666666666667,53.6
14668,66,0.6247086247086248,86.39393939393939
14669,16,0.525,29.0625
14670,1,0.0,8.0
14671,50,0.7387755102040816,147.12
14672,89,0.3158835546475996,46.561797752808985
14673,36,0.2984126984126984,76.69444444444444
14674,29,0.16995073891625614,50.689655172413794
14675,0,0.0,0.0
14676,22,0.24675324675324675,34.81818181818182
14677,20,0.6894736842105263,34.4
14678,14,0.43956043956043955,32.07142857142857
14679,23,0.2845849802371542,115.78260869565217
14680,2,0.0,15.0
14681,52,0.5188536953242836,55.69230769230769
14682,9,0.4166666666666667,58.77777777777778
14683,9,0.3888888888888889,21.22222222222222
14684,13,0.15384615384615385,80.84615384615384
14685,18,0.39215686274509803,97.94444444444444
14686,26,0.4307692307692308,41.26923076923077
14687,159,0.29233341294482923,162.54088050314465
14688,59,0.16189362945645822,110.52542372881356
14689,10,0.6222222222222222,35.2
14690,1,0.0,17.0
14691,44,0.1522198731501057,122.22727272727273
14692,16,0.10833333333333334,16.5
14693,75,0.3387387387387387,157.66666666666666
14694,11,0.509090909090909,47.27272727272727
14695,8,0.17857142857142858,90.125
14696,8,0.5714285714285714,116.25
14697,162,0.19691741430871865,185.320987654321
14698,23,0.17786561264822134,74.78260869565217
14699,42,0.19396051103368175,57.07142857142857
14700,5,0.4,44.4
14701,26,0.52,36.61538461538461
14702,31,0.34623655913978496,36.96774193548387
14703,2,1.0,26.5
14704,18,0.19607843137254902,30.5
14705,6,0.26666666666666666,13.333333333333334
14706,29,0.24630541871921183,54.241379310344826
14707,15,0.3619047619047619,52.53333333333333
14708,0,0.0,0.0
14709,66,0.21445221445221446,172.62121212121212
14710,16,0.19166666666666668,27.875
14711,1,0.0,9.0
14712,2,0.0,8.5
14713,132,0.14943326393708073,171.41666666666666
14714,41,0.24634146341463414,216.41463414634146
14715,23,0.2648221343873518,60.608695652173914
14716,3,0.6666666666666666,122.0
14717,94,0.2539464653397392,83.81914893617021
14718,12,0.10606060606060606,19.75
14719,17,0.36764705882352944,85.6470588235294
14720,1,0.0,24.0
14721,2,0.0,5.0
14722,3,1.0,22.333333333333332
14723,2,1.0,4.0
14724,0,0.0,0.0
14725,62,0.13749338974087785,66.06451612903226
14726,5,1.0,23.4
14727,33,0.553030303030303,53.72727272727273
14728,8,0.21428571428571427,48.625
14729,7,0.5714285714285714,58.285714285714285
14730,25,0.22666666666666666,43.0
14731,30,0.42758620689655175,101.6
14732,5,0.3,126.0
14733,136,0.3242919389978213,72.57352941176471
14734,48,0.4574468085106383,209.79166666666666
14735,14,0.31868131868131866,37.42857142857143
14736,1,0.0,23.0
14737,3,0.3333333333333333,14.333333333333334
14738,8,0.21428571428571427,21.75
14739,7,0.14285714285714285,22.857142857142858
14740,4,0.5,30.5
14741,9,0.2222222222222222,48.888888888888886
14742,11,0.6181818181818182,43.27272727272727
14743,74,0.24324324324324326,102.54054054054055
14744,22,0.12121212121212122,41.90909090909091
14745,17,0.2647058823529412,49.76470588235294
14746,38,0.17069701280227595,49.3421052631579
14747,24,0.8297101449275363,34.375
14748,0,0.0,0.0
14749,5,0.4,51.0
14750,29,0.24630541871921183,54.275862068965516
14751,61,0.22021857923497268,116.73770491803279
14752,55,0.27474747474747474,144.25454545454545
14753,0,0.0,0.0
14754,39,0.5762483130904184,56.1025641025641
14755,3,0.3333333333333333,28.666666666666668
14756,23,0.37549407114624506,65.30434782608695
14757,36,0.23333333333333334,48.611111111111114
14758,26,0.21846153846153846,63.42307692307692
14759,155,0.20536237955592795,182.2774193548387
14760,15,0.4380952380952381,58.6
14761,28,0.455026455026455,256.57142857142856
14762,1,0.0,1.0
14763,7,0.5714285714285714,51.0
14764,26,0.5415384615384615,92.3076923076923
14765,31,0.24731182795698925,122.58064516129032
14766,30,0.14942528735632185,56.43333333333333
14767,8,0.32142857142857145,32.125
14768,23,0.30434782608695654,122.47826086956522
14769,17,0.41911764705882354,39.88235294117647
14770,5,0.1,58.8
14771,10,1.0,77.7
14772,58,0.2849364791288566,57.51724137931034
14773,88,0.3218390804597701,108.57954545454545
14774,33,0.18181818181818182,30.636363636363637
14775,114,0.16503648501785437,68.55263157894737
14776,111,0.5138411138411139,111.0
14777,8,0.32142857142857145,197.75
14778,6,0.5333333333333333,16.333333333333332
14779,29,0.3669950738916256,179.13793103448276
14780,31,0.42795698924731185,130.1290322580645
14781,2,0.0,9.0
14782,3,0.3333333333333333,13.0
14783,7,0.2857142857142857,19.428571428571427
14784,9,0.4444444444444444,113.11111111111111
14785,26,0.52,50.88461538461539
14786,8,1.0,101.75
14787,25,0.22666666666666666,55.88
14788,2,1.0,33.5
14789,60,0.20451977401129945,164.35
14790,21,0.24285714285714285,41.04761904761905
14791,12,0.21212121212121213,72.0
14792,29,0.18719211822660098,31.20689655172414
14793,6,0.6666666666666666,74.33333333333333
14794,20,0.22631578947368422,60.75
14795,1,0.0,5.0
14796,10,0.5111111111111111,24.0
14797,7,0.23809523809523808,17.142857142857142
14798,26,0.31076923076923074,120.61538461538461
14799,207,0.21021528070915999,210.71014492753622
14800,32,0.24798387096774194,135.5
14801,8,0.2857142857142857,39.5
14802,41,0.22195121951219512,99.58536585365853
14803,0,0.0,0.0
14804,11,0.7454545454545455,170.63636363636363
14805,69,0.236999147485081,120.18840579710145
14806,9,0.6944444444444444,22.11111111111111
14807,6,0.6,31.166666666666668
14808,2,0.0,15.0
14809,17,0.2867647058823529,20.764705882352942
14810,30,0.4781609195402299,42.36666666666667
14811,8,0.5357142857142857,173.0
14812,31,0.17204301075268819,50.25806451612903
14813,2,0.0,2.0
14814,1,0.0,2.0
14815,52,0.24358974358974358,65.5
14816,152,0.23161380271871732,135.19078947368422
14817,82,0.34598012646793136,142.3658536585366
14818,130,0.28503279666070364,141.76923076923077
14819,0,0.0,0.0
14820,5,0.0,10.8
14821,2,1.0,4.0
14822,23,0.5335968379446641,54.34782608695652
14823,19,0.26900584795321636,87.63157894736842
14824,4,1.0,65.75
14825,1,0.0,42.0
14826,5,0.0,6.6
14827,1,0.0,20.0
14828,6,0.26666666666666666,222.0
14829,83,0.31178372024684103,91.3132530120482
14830,5,0.6,41.8
14831,113,0.1161504424778761,108.79646017699115
14832,151,0.15169977924944814,116.56291390728477
14833,25,0.24,60.24
14834,5,0.1,19.6
14835,18,0.2549019607843137,73.22222222222223
14836,3,0.3333333333333333,9.0
14837,7,0.23809523809523808,15.857142857142858
14838,70,0.22939958592132506,61.94285714285714
14839,33,0.11931818181818182,68.48484848484848
14840,7,0.7142857142857143,38.57142857142857
14841,9,0.2777777777777778,26.666666666666668
14842,40,0.29615384615384616,124.65
14843,7,0.2857142857142857,27.857142857142858
14844,8,0.14285714285714285,19.625
14845,7,0.8095238095238095,90.42857142857143
14846,15,0.22857142857142856,30.533333333333335
14847,2,1.0,48.0
14848,1,0.0,4.0
14849,9,0.16666666666666666,33.333333333333336
14850,9,0.4166666666666667,31.666666666666668
14851,42,0.28339140534262486,123.33333333333333
14852,3,0.0,12.0
14853,10,0.4444444444444444,49.6
14854,2,1.0,35.5
14855,13,0.6282051282051282,135.0
14856,78,0.23576423576423577,59.96153846153846
14857,40,0.19487179487179487,74.45
14858,14,0.3626373626373626,46.857142857142854
14859,1,0.0,4.0
14860,7,0.19047619047619047,47.42857142857143
14861,24,0.20652173913043478,46.75
14862,20,0.7368421052631579,41.4
14863,16,0.275,67.375
14864,11,0.2727272727272727,74.27272727272727
14865,14,0.45054945054945056,153.92857142857142
14866,27,0.396011396011396,87.33333333333333
14867,70,0.17556935817805383,73.17142857142858
14868,8,0.35714285714285715,117.75
14869,16,0.35833333333333334,95.5
14870,31,0.4967741935483871,29.967741935483872
14871,25,0.4666666666666667,48.8
14872,107,0.14865103156409804,43.8411214953271
14873,1,0.0,11.0
14874,0,0.0,0.0
14875,18,0.35947712418300654,42.22222222222222
14876,16,0.31666666666666665,38.75
14877,42,0.34727061556329847,67.73809523809524
14878,40,0.34487179487179487,35.35
14879,4,0.5,34.0
14880,6,0.4,262.0
14881,2,1.0,7.0
14882,8,0.42857142857142855,22.75
14883,3,0.0,51.0
14884,67,0.12663952962460426,109.83582089552239
14885,62,0.22845055526176627,172.0
14886,0,0.0,0.0
14887,11,0.38181818181818183,34.0
14888,3,1.0,123.0
14889,25,0.14666666666666667,102.72
14890,4,0.3333333333333333,38.75
14891,15,0.7333333333333333,42.0
14892,31,0.4129032258064516,37.32258064516129
14893,11,0.6727272727272727,14.545454545454545
14894,30,0.542528735632184,58.9
14895,32,0.37298387096774194,122.5625
14896,48,0.30407801418439717,115.02083333333333
14897,25,0.31666666666666665,83.48
14898,7,0.14285714285714285,28.142857142857142
14899,35,0.3142857142857143,60.8
14900,2,0.0,39.5
14901,32,0.17338709677419356,81.3125
14902,18,0.1111111111111111,73.5
14903,14,0.37362637362637363,52.42857142857143
14904,14,0.12087912087912088,49.57142857142857
14905,24,0.2826086956521739,45.291666666666664
14906,11,0.2545454545454545,39.81818181818182
14907,6,0.26666666666666666,27.166666666666668
14908,16,0.15,46.5
14909,1,0.0,24.0
14910,13,0.41025641025641024,48.92307692307692
14911,9,0.4722222222222222,26.11111111111111
14912,9,0.3888888888888889,87.44444444444444
14913,1,0.0,1.0
14914,11,0.23636363636363636,68.9090909090909
14915,8,0.25,86.375
14916,3,0.3333333333333333,13.666666666666666
14917,3,0.6666666666666666,17.666666666666668
14918,13,0.358974358974359,201.30769230769232
14919,10,0.6,164.0
14920,20,0.2789473684210526,45.95
14921,18,0.32679738562091504,93.61111111111111
14922,56,0.17792207792207793,73.76785714285714
14923,13,0.3717948717948718,105.07692307692308
14924,32,0.26411290322580644,61.25
14925,20,0.24210526315789474,112.25
14926,3,0.6666666666666666,42.0
14927,38,0.18207681365576103,49.31578947368421
14928,1,0.0,10.0
14929,35,0.13781512605042018,80.77142857142857
14930,3,1.0,7.333333333333333
14931,5,0.5,5.4
14932,3,0.0,9.0
14933,33,0.22727272727272727,39.72727272727273
14934,28,0.35978835978835977,42.785714285714285
14935,2,0.0,50.0
14936,60,0.47909604519774013,125.36666666666666
14937,36,0.4714285714285714,170.02777777777777
14938,42,0.3124274099883856,64.52380952380952
14939,2,1.0,50.5
14940,10,0.5333333333333333,47.8
14941,68,0.3735733099209833,203.75
14942,21,0.21904761904761905,62.42857142857143
14943,46,0.2714975845410628,119.76086956521739
14944,16,0.44166666666666665,14.1875
14945,107,0.09627931581731616,62.0
14946,3,0.0,5.333333333333333
14947,1,0.0,21.0
14948,10,0.5555555555555556,91.0
14949,2,1.0,6.0
14950,7,0.23809523809523808,46.857142857142854
14951,23,0.4308300395256917,56.91304347826087
14952,41,0.21829268292682927,75.29268292682927
14953,21,0.46190476190476193,78.52380952380952
14954,10,0.2222222222222222,38.4
14955,25,0.59,67.12
14956,3,0.3333333333333333,33.0
14957,6,0.4666666666666667,17.666666666666668
14958,7,0.5238095238095238,56.57142857142857
14959,1,0.0,1.0
14960,33,0.23674242424242425,71.12121212121212
14961,38,0.13513513513513514,50.05263157894737
14962,67,0.3242876526458616,94.70149253731343
14963,6,0.06666666666666667,15.0
14964,1,0.0,89.0
14965,38,0.1891891891891892,131.1578947368421
14966,8,0.17857142857142858,335.875
14967,6,0.6,17.666666666666668
14968,4,0.16666666666666666,44.5
14969,9,0.25,40.77777777777778
14970,1,0.0,7.0
14971,3,0.3333333333333333,11.333333333333334
14972,4,0.0,7.5
14973,0,0.0,0.0
14974,4,0.0,29.0
14975,8,0.6071428571428571,14.125
14976,2,0.0,22.5
14977,1,0.0,1.0
14978,13,0.6025641025641025,36.23076923076923
14979,6,0.6,42.5
14980,6,0.4666666666666667,33.666666666666664
14981,9,0.2777777777777778,76.55555555555556
14982,5,0.2,20.4
14983,31,0.5268817204301075,84.90322580645162
14984,0,0.0,0.0
14985,9,0.19444444444444445,79.44444444444444
14986,4,0.5,14.75
14987,6,0.3333333333333333,44.833333333333336
14988,12,0.30303030303030304,48.916666666666664
14989,12,0.4090909090909091,38.833333333333336
14990,2,1.0,26.0
14991,4,0.8333333333333334,125.5
14992,61,0.28852459016393445,116.34426229508196
14993,1,0.0,3.0
14994,21,0.8142857142857143,147.04761904761904
14995,7,0.14285714285714285,15.571428571428571
14996,55,0.24444444444444444,76.2
14997,5,0.6,54.2
14998,0,0.0,0.0
14999,73,0.4581430745814307,133.97260273972603
15000,30,0.11494252873563218,126.2
15001,109,0.4617737003058104,86.13761467889908
15002,13,0.6282051282051282,31.076923076923077
15003,3,0.3333333333333333,25.333333333333332
15004,16,0.25,67.125
15005,110,0.2822351959966639,165.65454545454546
15006,46,0.30917874396135264,121.58695652173913
15007,6,0.6666666666666666,54.0
15008,0,0.0,0.0
15009,1,0.0,3.0
15010,41,0.27439024390243905,48.63414634146341
15011,39,0.3940620782726046,74.97435897435898
15012,22,0.1645021645021645,43.54545454545455
15013,5,0.0,7.2
15014,51,0.5058823529411764,42.21568627450981
15015,20,0.5,87.75
15016,69,0.2612958226768968,109.3623188405797
15017,39,0.27530364372469635,170.53846153846155
15018,14,0.5164835164835165,46.857142857142854
15019,30,0.25287356321839083,62.36666666666667
15020,3,0.3333333333333333,110.0
15021,15,0.5904761904761905,53.333333333333336
15022,7,0.23809523809523808,17.714285714285715
15023,3,0.6666666666666666,25.333333333333332
15024,3,1.0,87.33333333333333
15025,9,0.5833333333333334,31.88888888888889
15026,31,0.44731182795698926,52.58064516129032
15027,27,0.27635327635327633,36.407407407407405
15028,0,0.0,0.0
15029,7,0.47619047619047616,56.42857142857143
15030,3,1.0,4.666666666666667
15031,76,0.391578947368421,76.15789473684211
15032,5,0.5,229.2
15033,24,0.17028985507246377,38.166666666666664
15034,5,0.6,32.8
15035,8,0.5714285714285714,30.25
15036,22,0.8138528138528138,53.04545454545455
15037,12,0.3484848484848485,155.33333333333334
15038,1,0.0,2.0
15039,65,0.4423076923076923,87.29230769230769
15040,5,0.2,52.6
15041,20,0.2578947368421053,69.7
15042,21,0.1380952380952381,78.28571428571429
15043,32,0.46169354838709675,66.6875
15044,39,0.2550607287449393,128.97435897435898
15045,16,0.49166666666666664,45.75
15046,96,0.33399122807017545,71.96875
15047,13,0.24358974358974358,30.307692307692307
15048,20,0.4052631578947368,32.5
15049,5,0.3,65.2
15050,1,0.0,5.0
15051,6,0.5333333333333333,12.5
15052,7,0.5714285714285714,62.0
15053,99,0.2230467944753659,54.04040404040404
15054,2,0.0,35.0
15055,8,0.32142857142857145,66.625
15056,9,0.4166666666666667,53.666666666666664
15057,181,0.15537139349294046,130.56906077348066
15058,58,0.1899576527525711,39.6551724137931
15059,19,0.2222222222222222,44.31578947368421
15060,1,0.0,1.0
15061,0,0.0,0.0
15062,48,0.2624113475177305,113.29166666666667
15063,17,0.3602941176470588,117.23529411764706
15064,25,0.30333333333333334,40.6
15065,1,0.0,5.0
15066,117,0.2574417919245505,134.84615384615384
15067,6,0.2,29.0
15068,28,0.2777777777777778,76.89285714285714
15069,5,0.4,31.8
15070,1,0.0,23.0
15071,80,0.3458860759493671,51.85
15072,8,0.4642857142857143,317.125
15073,116,0.5055472263868066,110.50862068965517
15074,40,0.1294871794871795,89.4
15075,120,0.18515406162464987,151.125
15076,99,0.18387961245104104,133.84848484848484
15077,3,0.0,26.666666666666668
15078,20,0.29473684210526313,48.15
15079,8,0.6071428571428571,67.125
15080,6,0.4,8.666666666666666
15081,16,0.3333333333333333,24.125
15082,0,0.0,0.0
15083,23,0.36363636363636365,155.3913043478261
15084,80,0.17120253164556962,145.1625
15085,4,1.0,15.75
15086,0,0.0,0.0
15087,94,0.2136810798444292,75.93617021276596
15088,5,0.8,59.0
15089,37,0.2702702702702703,51.351351351351354
15090,17,0.16176470588235295,30.0
15091,7,0.19047619047619047,37.142857142857146
15092,76,0.48175438596491227,92.72368421052632
15093,9,0.2222222222222222,31.333333333333332
15094,0,0.0,0.0
15095,13,0.1794871794871795,120.92307692307692
15096,1,0.0,56.0
15097,0,0.0,0.0
15098,15,0.3619047619047619,40.0
15099,1,0.0,8.0
15100,3,0.3333333333333333,3.3333333333333335
15101,5,0.3,5.2
15102,8,0.25,26.625
15103,6,0.4666666666666667,31.0
15104,72,0.486697965571205,92.43055555555556
15105,11,0.2,52.45454545454545
15106,118,0.13544835578733883,81.91525423728814
15107,8,0.6428571428571429,21.375
15108,7,0.3333333333333333,28.0
15109,9,0.7777777777777778,54.55555555555556
15110,17,0.3014705882352941,102.70588235294117
15111,6,1.0,23.333333333333332
15112,4,0.16666666666666666,18.25
15113,36,0.22857142857142856,66.88888888888889
15114,22,0.49783549783549785,70.5909090909091
15115,21,0.3952380952380952,64.04761904761905
15116,0,0.0,0.0
15117,5,1.0,37.2
15118,1,0.0,19.0
15119,6,0.13333333333333333,39.666666666666664
15120,10,0.37777777777777777,25.3
15121,35,0.2571428571428571,125.25714285714285
15122,13,0.4358974358974359,58.76923076923077
15123,29,0.20689655172413793,42.10344827586207
15124,62,0.31464833421470123,33.806451612903224
15125,4,0.5,32.75
15126,10,0.17777777777777778,125.5
15127,213,0.1496146691469572,174.61971830985917
15128,11,0.6181818181818182,23.09090909090909
15129,17,0.15441176470588236,41.470588235294116
15130,0,0.0,0.0
15131,2,0.0,27.5
15132,46,0.20483091787439614,38.06521739130435
15133,12,0.22727272727272727,90.83333333333333
15134,43,0.2779623477297896,195.25581395348837
15135,176,0.137987012987013,107.28977272727273
15136,36,0.30793650793650795,99.91666666666667
15137,15,0.5142857142857142,41.4
15138,90,0.3842696629213483,61.922222222222224
15139,187,0.21689379564142372,134.1818181818182
15140,30,0.2160919540229885,57.8
15141,35,0.20840336134453782,37.2
15142,0,0.0,0.0
15143,5,0.4,44.2
15144,58,0.21294615849969753,99.10344827586206
15145,11,0.21818181818181817,187.8181818181818
15146,3,0.3333333333333333,8.333333333333334
15147,61,0.3043715846994536,213.98360655737704
15148,3,1.0,4.666666666666667
15149,6,0.4666666666666667,16.833333333333332
15150,14,0.5824175824175825,63.785714285714285
15151,6,1.0,54.666666666666664
15152,18,0.28104575163398693,40.166666666666664
15153,12,0.2878787878787879,42.5
15154,15,0.5238095238095238,55.733333333333334
15155,10,0.2222222222222222,54.3
15156,6,0.6,43.5
15157,5,0.3,39.2
15158,18,0.7058823529411765,79.72222222222223
15159,8,0.32142857142857145,34.125
15160,39,0.7881241565452092,64.66666666666667
15161,72,0.21205007824726135,101.40277777777777
15162,17,0.29411764705882354,32.35294117647059
15163,4,0.3333333333333333,338.25
15164,1,0.0,16.0
15165,176,0.31285714285714283,143.9659090909091
15166,32,0.4012096774193548,59.4375
15167,60,0.4903954802259887,143.5
15168,14,0.26373626373626374,94.14285714285714
15169,13,0.32051282051282054,29.076923076923077
15170,24,0.35507246376811596,108.95833333333333
15171,4,0.16666666666666666,22.0
15172,1,0.0,61.0
15173,75,0.26846846846846845,108.25333333333333
15174,7,0.42857142857142855,29.571428571428573
15175,67,0.25237449118046135,65.28358208955224
15176,24,0.5652173913043478,44.958333333333336
15177,2,1.0,6.5
15178,10,0.28888888888888886,47.8
15179,28,0.7857142857142857,57.785714285714285
15180,2,0.0,36.5
15181,11,0.2545454545454545,174.36363636363637
15182,44,0.19027484143763213,54.61363636363637
15183,12,0.5303030303030303,158.58333333333334
15184,2,1.0,12.0
15185,26,0.38461538461538464,127.57692307692308
15186,8,0.32142857142857145,32.75
15187,49,0.35459183673469385,187.30612244897958
15188,5,0.1,10.4
15189,73,0.2465753424657534,130.46575342465752
15190,8,0.25,15.75
15191,42,0.4692218350754936,59.04761904761905
15192,29,0.4211822660098522,151.20689655172413
15193,21,0.18095238095238095,57.57142857142857
15194,10,0.6888888888888889,27.2
15195,1,0.0,52.0
15196,3,0.0,253.0
15197,4,0.3333333333333333,12.0
15198,18,0.40522875816993464,93.22222222222223
15199,23,0.2845849802371542,47.04347826086956
15200,16,0.375,128.9375
15201,124,0.1897456071334907,191.7016129032258
15202,159,0.19106759016001912,114.88050314465409
15203,5,0.5,13.2
15204,26,0.2153846153846154,119.76923076923077
15205,36,0.346031746031746,75.91666666666667
15206,19,0.15789473684210525,62.26315789473684
15207,19,0.5087719298245614,22.736842105263158
15208,14,0.2967032967032967,47.714285714285715
15209,46,0.25024154589371983,66.19565217391305
15210,87,0.15156375300721733,84.72413793103448
15211,16,0.20833333333333334,62.25
15212,38,0.3058321479374111,65.47368421052632
15213,2,1.0,12.0
15214,101,0.36495049504950494,69.06930693069307
15215,50,0.26040816326530614,85.1
15216,65,0.41346153846153844,112.70769230769231
15217,40,0.12692307692307692,52.825
15218,10,0.37777777777777777,66.4
15219,36,0.5015873015873016,71.05555555555556
15220,49,0.2687074829931973,80.55102040816327
15221,35,0.46218487394957986,58.542857142857144
15222,14,0.21978021978021978,52.07142857142857
15223,48,0.4352836879432624,88.35416666666667
15224,18,0.6078431372549019,90.72222222222223
15225,8,0.39285714285714285,109.375
15226,6,0.5333333333333333,39.666666666666664
15227,13,0.46153846153846156,68.23076923076923
15228,18,0.26143790849673204,35.55555555555556
15229,99,0.14842300556586271,74.74747474747475
15230,39,0.24021592442645073,47.8974358974359
15231,2,0.0,48.0
15232,5,0.3,117.8
15233,4,0.6666666666666666,23.5
15234,6,0.3333333333333333,38.833333333333336
15235,53,0.5682148040638607,78.45283018867924
15236,35,0.3042016806722689,89.54285714285714
15237,6,0.4666666666666667,29.5
15238,21,0.42857142857142855,81.14285714285714
15239,3,0.3333333333333333,20.333333333333332
15240,39,0.18353576248313092,52.282051282051285
15241,58,0.2577132486388385,233.60344827586206
15242,53,0.3214804063860668,87.01886792452831
15243,18,0.35947712418300654,33.111111111111114
15244,32,0.13911290322580644,65.78125
15245,63,0.31746031746031744,70.33333333333333
15246,1,0.0,720.0
15247,20,0.23157894736842105,30.05
15248,71,0.7895372233400403,99.70422535211267
15249,5,0.2,46.2
15250,20,0.4631578947368421,25.95
15251,10,0.4222222222222222,20.2
15252,1,0.0,9.0
15253,99,0.17336631622345908,82.43434343434343
15254,107,0.3308058543466761,142.42056074766356
15255,8,0.21428571428571427,33.5
15256,4,0.16666666666666666,32.25
15257,19,0.2982456140350877,63.36842105263158
15258,13,0.4358974358974359,76.23076923076923
15259,31,0.3161290322580645,50.32258064516129
15260,4,0.5,11.75
15261,10,0.4222222222222222,36.1
15262,73,0.3828006088280061,108.34246575342466
15263,4,0.16666666666666666,38.0
15264,12,0.18181818181818182,28.166666666666668
15265,2,0.0,5.5
15266,0,0.0,0.0
15267,88,0.3461337513061651,62.26136363636363
15268,11,0.38181818181818183,23.181818181818183
15269,1,0.0,77.0
15270,38,0.3684210526315789,94.21052631578948
15271,2,1.0,32.0
15272,1,0.0,34.0
15273,10,0.5111111111111111,22.3
15274,19,0.7251461988304093,169.1578947368421
15275,1,0.0,64.0
15276,9,0.2777777777777778,48.55555555555556
15277,6,0.4666666666666667,14.166666666666666
15278,2,1.0,18.5
15279,96,0.27631578947368424,88.69791666666667
15280,23,0.1383399209486166,79.04347826086956
15281,6,0.26666666666666666,31.333333333333332
15282,8,0.5,73.5
15283,4,1.0,59.75
15284,16,0.5166666666666667,72.6875
15285,10,0.4,77.6
15286,24,0.7427536231884058,27.375
15287,3,0.6666666666666666,21.333333333333332
15288,19,0.5964912280701754,51.73684210526316
15289,29,0.23645320197044334,47.275862068965516
15290,1,0.0,9.0
15291,49,0.22704081632653061,30.571428571428573
15292,147,0.16792470412822663,195.08163265306123
15293,2,1.0,10.0
15294,23,0.34782608695652173,129.34782608695653
15295,16,0.6083333333333333,53.8125
15296,5,0.3,58.4
15297,23,0.22924901185770752,54.391304347826086
15298,11,0.9272727272727272,21.727272727272727
15299,2,0.0,13.0
15300,2,0.0,4.5
15301,39,0.31713900134952766,38.717948717948715
15302,73,0.14383561643835616,114.24657534246575
15303,3,0.6666666666666666,60.333333333333336
15304,2,0.0,6.0
15305,130,0.2627310673822302,108.54615384615384
15306,3,0.3333333333333333,18.0
15307,9,0.19444444444444445,14.666666666666666
15308,58,0.18632788868723532,88.94827586206897
15309,22,0.2683982683982684,105.18181818181819
15310,12,0.13636363636363635,76.66666666666667
15311,541,0.1153761894981858,162.1608133086876
15312,19,0.5029239766081871,71.6842105263158
15313,8,0.2857142857142857,64.375
15314,19,0.30409356725146197,31.263157894736842
15315,47,0.2488436632747456,58.59574468085106
15316,39,0.29959514170040485,55.23076923076923
15317,9,0.6666666666666666,23.444444444444443
15318,5,0.5,9.2
15319,150,0.29718120805369125,132.02666666666667
15320,5,0.1,18.6
15321,19,0.3684210526315789,37.578947368421055
15322,25,0.33,61.48
15323,1,0.0,2.0
15324,7,0.2857142857142857,51.57142857142857
15325,19,0.3567251461988304,18.42105263157895
15326,59,0.22676797194623027,132.47457627118644
15327,4,1.0,5.75
15328,11,0.16363636363636364,33.18181818181818
15329,2,0.0,14.5
15330,1,0.0,1.0
15331,0,0.0,0.0
15332,2,1.0,101.5
15333,17,0.22058823529411764,47.23529411764706
15334,37,0.2087087087087087,94.21621621621621
15335,11,0.8545454545454545,38.90909090909091
15336,79,0.6436222005842259,82.84810126582279
15337,17,0.35294117647058826,64.52941176470588
15338,61,0.5885245901639344,86.9672131147541
15339,14,0.5934065934065934,78.0
15340,1,0.0,11.0
15341,5,0.1,10.0
15342,33,0.6439393939393939,43.333333333333336
15343,30,0.4459770114942529,30.866666666666667
15344,0,0.0,0.0
15345,23,0.5138339920948617,23.26086956521739
15346,7,0.6190476190476191,19.142857142857142
15347,34,0.23351158645276293,55.294117647058826
15348,13,0.41025641025641024,21.923076923076923
15349,8,0.14285714285714285,37.5
15350,24,0.3079710144927536,151.5
15351,4,0.5,59.5
15352,3,1.0,17.666666666666668
15353,68,0.28050921861281825,109.44117647058823
15354,81,0.3475308641975309,57.4320987654321
15355,14,0.34065934065934067,82.78571428571429
15356,37,0.12162162162162163,105.5945945945946
15357,73,0.3595890410958904,71.34246575342466
15358,17,0.7352941176470589,139.7058823529412
15359,65,0.2586538461538462,49.86153846153846
15360,8,0.6785714285714286,21.25
15361,22,0.23376623376623376,66.04545454545455
15362,46,0.5729468599033817,43.58695652173913
15363,6,0.2,42.166666666666664
15364,30,0.25287356321839083,55.833333333333336
15365,19,0.5263157894736842,38.36842105263158
15366,17,0.3602941176470588,35.0
15367,5,0.2,22.2
15368,29,0.2881773399014778,22.689655172413794
15369,37,0.1831831831831832,83.10810810810811
15370,1,0.0,3.0
15371,44,0.1638477801268499,42.72727272727273
15372,3,0.3333333333333333,8.0
15373,80,0.24778481012658227,63.625
15374,34,0.45989304812834225,117.5
15375,15,0.3047619047619048,55.6
15376,16,0.4583333333333333,56.9375
15377,9,0.2777777777777778,241.66666666666666
15378,33,0.2746212121212121,61.09090909090909
15379,7,0.0,21.142857142857142
15380,14,0.3626373626373626,81.28571428571429
15381,30,0.3333333333333333,69.13333333333334
15382,5,0.5,36.4
15383,7,0.2857142857142857,17.285714285714285
15384,156,0.39387923904052935,145.18589743589743
15385,5,0.2,34.0
15386,7,0.42857142857142855,16.142857142857142
15387,25,0.43333333333333335,77.8
15388,2,0.0,7.0
15389,32,0.2217741935483871,88.625
15390,32,0.3165322580645161,63.59375
15391,10,0.4666666666666667,57.3
15392,62,0.6922263352723427,98.0
15393,8,0.5,81.125
15394,36,0.25873015873015875,130.69444444444446
15395,2,1.0,30.0
15396,3,0.3333333333333333,34.0
15397,113,0.26485461441213654,153.30973451327435
15398,29,0.31527093596059114,148.6206896551724
15399,10,0.4666666666666667,357.5
15400,154,0.13801884390119684,118.01298701298701
15401,4,0.8333333333333334,60.5
15402,13,0.32051282051282054,44.69230769230769
15403,56,0.30454545454545456,282.0892857142857
15404,23,0.33201581027667987,120.52173913043478
15405,65,0.1673076923076923,45.89230769230769
15406,0,0.0,0.0
15407,13,0.23076923076923078,29.23076923076923
15408,30,0.22758620689655173,62.96666666666667
15409,2,1.0,17.0
15410,11,0.16363636363636364,83.0909090909091
15411,18,0.24836601307189543,37.166666666666664
15412,50,0.14775510204081632,44.76
15413,47,0.3811285846438483,237.3404255319149
15414,16,0.2,45.3125
15415,5,0.1,16.6
15416,42,0.18931475029036005,142.57142857142858
15417,58,0.5444646098003629,58.224137931034484
15418,35,0.6100840336134454,50.42857142857143
15419,15,0.22857142857142856,35.4
15420,24,0.2753623188405797,63.458333333333336
15421,2,0.0,18.5
15422,4,0.3333333333333333,28.5
15423,7,0.14285714285714285,15.428571428571429
15424,7,0.23809523809523808,22.142857142857142
15425,78,0.43956043956043955,78.71794871794872
15426,14,0.2857142857142857,30.357142857142858
15427,8,0.21428571428571427,65.375
15428,119,0.32488249537102976,84.80672268907563
15429,59,0.23085914669783753,140.76271186440678
15430,18,0.30718954248366015,76.44444444444444
15431,42,0.20441347270615565,128.1904761904762
15432,19,0.5789473684210527,36.10526315789474
15433,2,1.0,31.5
15434,67,0.49344188150158297,160.3134328358209
15435,13,0.47435897435897434,45.76923076923077
15436,1,0.0,3.0
15437,6,0.13333333333333333,13.5
15438,1,0.0,8.0
15439,0,0.0,0.0
15440,2,0.0,4.5
15441,2,0.0,102.5
15442,2,1.0,2.5
15443,11,0.16363636363636364,57.09090909090909
15444,2,0.0,13.5
15445,0,0.0,0.0
15446,0,0.0,0.0
15447,0,0.0,0.0
15448,1,0.0,16.0
15449,20,0.13157894736842105,54.5
15450,30,0.26436781609195403,111.46666666666667
15451,8,0.21428571428571427,84.625
15452,24,0.6557971014492754,30.958333333333332
15453,3,0.6666666666666666,27.333333333333332
15454,12,0.4090909090909091,114.33333333333333
15455,16,0.225,144.625
15456,13,0.11538461538461539,35.92307692307692
15457,9,0.4166666666666667,98.88888888888889
15458,38,0.41251778093883357,67.39473684210526
15459,9,0.5,10.333333333333334
15460,55,0.3872053872053872,53.45454545454545
15461,9,0.5,39.888888888888886
15462,36,0.5095238095238095,95.94444444444444
15463,20,0.49473684210526314,58.85
15464,42,0.4715447154471545,71.14285714285714
15465,99,0.4052772624201196,95.39393939393939
15466,16,0.6416666666666667,95.125
15467,2,0.0,27.0
15468,12,0.24242424242424243,73.25
15469,18,0.35294117647058826,134.33333333333334
15470,26,0.22153846153846155,78.84615384615384
15471,1,0.0,5.0
15472,70,0.21987577639751552,198.35714285714286
15473,73,0.16818873668188736,89.27397260273973
15474,58,0.28977616454930427,65.93103448275862
15475,6,0.2,34.166666666666664
15476,2,0.0,128.5
15477,6,0.5333333333333333,49.666666666666664
15478,4,0.5,16.75
15479,388,0.15625083246756707,182.2422680412371
15480,1,0.0,4.0
15481,34,0.14260249554367202,56.76470588235294
15482,28,0.4074074074074074,60.82142857142857
15483,36,0.30634920634920637,71.5
15484,3,0.3333333333333333,53.0
15485,5,0.5,23.2
15486,7,0.42857142857142855,46.57142857142857
15487,153,0.217578259373925,187.16993464052288
15488,1,0.0,12.0
15489,28,0.5211640211640212,48.42857142857143
15490,24,0.14855072463768115,81.95833333333333
15491,13,0.6538461538461539,61.46153846153846
15492,55,0.16094276094276094,39.72727272727273
15493,9,0.5277777777777778,97.66666666666667
15494,7,0.6666666666666666,46.0
15495,12,0.25757575757575757,109.83333333333333
15496,5,0.6,36.0
15497,59,0.12156633547632963,59.016949152542374
15498,13,0.358974358974359,27.846153846153847
15499,0,0.0,0.0
15500,3,1.0,38.666666666666664
15501,102,0.29644729178800233,76.6470588235294
15502,12,0.4090909090909091,21.833333333333332
15503,42,0.2682926829268293,102.38095238095238
15504,44,0.17124735729386892,77.27272727272727
15505,15,0.2,100.06666666666666
15506,11,0.34545454545454546,131.9090909090909
15507,96,0.19824561403508772,83.69791666666667
15508,7,0.2857142857142857,100.85714285714286
15509,0,0.0,0.0
15510,10,0.9333333333333333,75.9
15511,9,0.2777777777777778,8.0
15512,6,0.13333333333333333,168.5
15513,28,0.6746031746031746,72.75
15514,3,0.3333333333333333,11.666666666666666
15515,12,0.3181818181818182,99.58333333333333
15516,1,0.0,27.0
15517,5,0.4,47.8
15518,11,0.21818181818181817,51.09090909090909
15519,10,0.5333333333333333,24.0
15520,11,0.6363636363636364,32.18181818181818
15521,24,0.32608695652173914,38.958333333333336
15522,9,0.4166666666666667,24.333333333333332
15523,9,0.25,139.0
15524,3,1.0,122.66666666666667
15525,0,0.0,0.0
15526,26,0.27692307692307694,38.11538461538461
15527,5,0.9,95.2
15528,3,0.3333333333333333,62.666666666666664
15529,24,0.391304347826087,78.91666666666667
15530,58,0.34059286146400486,151.79310344827587
15531,30,0.30114942528735633,48.2
15532,17,0.2426470588235294,50.705882352941174
15533,40,0.42435897435897435,42.4
15534,7,0.3333333333333333,25.285714285714285
15535,8,0.4642857142857143,59.125
15536,40,0.6717948717948717,79.025
15537,32,0.29435483870967744,58.25
15538,13,0.3333333333333333,53.46153846153846
15539,3,0.3333333333333333,6.0
15540,20,0.4842105263157895,56.15
15541,33,0.5700757575757576,92.21212121212122
15542,59,0.3138515488018703,118.30508474576271
15543,25,0.6,45.28
15544,250,0.18599196787148595,199.256
15545,24,0.2717391304347826,58.208333333333336
15546,19,0.16374269005847952,38.68421052631579
15547,62,0.13590692755156003,119.14516129032258
15548,2,0.0,11.0
15549,5,0.6,20.8
15550,32,0.3024193548387097,63.5
15551,49,0.34438775510204084,46.326530612244895
15552,49,0.1989795918367347,73.20408163265306
15553,5,0.0,51.4
15554,20,0.28421052631578947,45.2
15555,0,0.0,0.0
15556,8,0.17857142857142858,19.25
15557,6,0.13333333333333333,20.666666666666668
15558,8,0.32142857142857145,46.375
15559,6,0.26666666666666666,32.666666666666664
15560,126,0.21142857142857144,143.46031746031747
15561,8,0.21428571428571427,70.0
15562,10,0.17777777777777778,48.7
15563,7,0.3333333333333333,29.428571428571427
15564,18,0.5490196078431373,37.77777777777778
15565,42,0.41579558652729387,139.47619047619048
15566,1,0.0,1.0
15567,13,0.3333333333333333,9.0
15568,48,0.38386524822695034,232.70833333333334
15569,106,0.26271338724168913,100.5754716981132
15570,3,0.3333333333333333,24.666666666666668
15571,1,0.0,13.0
15572,11,0.509090909090909,17.272727272727273
15573,3,0.6666666666666666,5.333333333333333
15574,6,0.5333333333333333,101.0
15575,5,0.4,15.6
15576,4,0.16666666666666666,13.5
15577,14,0.3076923076923077,54.214285714285715
15578,1,0.0,2.0
15579,0,0.0,0.0
15580,0,0.0,0.0
15581,20,0.23684210526315788,22.2
15582,17,0.33088235294117646,42.64705882352941
15583,50,0.26040816326530614,45.92
15584,2,0.0,17.5
15585,12,0.16666666666666666,48.166666666666664
15586,82,0.5389942788316772,96.7439024390244
15587,30,0.2,67.5
15588,5,0.4,35.4
15589,2,0.0,16.5
15590,5,1.0,91.2
15591,12,0.19696969696969696,97.91666666666667
15592,13,0.44871794871794873,45.53846153846154
15593,72,0.41784037558685444,61.611111111111114
15594,18,0.43790849673202614,69.16666666666667
15595,18,0.6013071895424836,120.33333333333333
15596,23,0.35177865612648224,86.8695652173913
15597,21,0.3333333333333333,42.42857142857143
15598,18,0.28104575163398693,37.333333333333336
15599,34,0.19073083778966132,77.02941176470588
15600,60,0.15649717514124295,175.35
15601,7,0.38095238095238093,54.0
15602,35,0.17983193277310924,37.885714285714286
15603,12,0.18181818181818182,34.166666666666664
15604,5,0.4,23.4
15605,168,0.3395352152837183,108.85119047619048
15606,31,0.12688172043010754,36.225806451612904
15607,48,0.250886524822695,86.77083333333333
15608,151,0.31920529801324504,80.80132450331126
15609,32,0.7137096774193549,39.8125
15610,11,0.12727272727272726,29.0
15611,36,0.553968253968254,102.58333333333333
15612,50,0.2383673469387755,46.4
15613,59,0.18351841028638224,51.76271186440678
15614,11,0.32727272727272727,35.0
15615,18,0.26143790849673204,92.33333333333333
15616,43,0.18604651162790697,37.06976744186046
15617,29,0.35714285714285715,33.206896551724135
15618,56,0.38961038961038963,126.39285714285714
15619,2,0.0,78.5
15620,36,0.7126984126984127,67.83333333333333
15621,32,0.1592741935483871,86.09375
15622,13,0.2948717948717949,23.692307692307693
15623,51,0.22431372549019607,80.56862745098039
15624,41,0.10609756097560975,46.68292682926829
15625,42,0.3124274099883856,53.0
15626,12,0.3939393939393939,53.083333333333336
15627,38,0.15789473684210525,49.0
15628,1,0.0,7.0
15629,15,0.20952380952380953,17.533333333333335
15630,43,0.21705426356589147,105.34883720930233
15631,102,0.2830518345952242,105.56862745098039
15632,2,0.0,30.0
15633,48,0.21808510638297873,81.35416666666667
15634,7,0.19047619047619047,30.857142857142858
15635,4,0.0,49.0
15636,1,0.0,3.0
15637,7,0.47619047619047616,41.714285714285715
15638,66,0.4344988344988345,93.78787878787878
15639,44,0.20084566596194503,49.15909090909091
15640,30,0.3724137931034483,101.66666666666667
15641,0,0.0,0.0
15642,0,0.0,0.0
15643,20,0.28421052631578947,48.4
15644,69,0.24808184143222506,66.15942028985508
15645,2,1.0,115.0
15646,54,0.49825296995108315,50.7962962962963
15647,10,0.4666666666666667,27.9
15648,4,0.16666666666666666,17.75
15649,49,0.31462585034013607,44.816326530612244
15650,5,0.8,37.6
15651,7,1.0,24.285714285714285
15652,32,0.3064516129032258,95.4375
15653,21,0.12857142857142856,26.476190476190474
15654,4,0.16666666666666666,7.75
15655,5,1.0,38.4
15656,13,0.3333333333333333,75.61538461538461
15657,183,0.29195940671350507,137.8087431693989
15658,131,0.29982384028185555,99.7557251908397
15659,58,0.31881427707199034,138.74137931034483
15660,0,0.0,0.0
15661,58,0.15668481548699334,97.8103448275862
15662,2,1.0,8.0
15663,15,0.3333333333333333,121.86666666666666
15664,30,0.12873563218390804,242.16666666666666
15665,7,0.23809523809523808,14.714285714285714
15666,16,0.35,30.4375
15667,49,0.32227891156462585,79.61224489795919
15668,4,0.6666666666666666,48.0
15669,24,0.34782608695652173,57.916666666666664
15670,6,0.13333333333333333,60.666666666666664
15671,49,0.717687074829932,82.57142857142857
15672,15,0.4095238095238095,29.266666666666666
15673,54,0.20475192173305382,41.407407407407405
15674,0,0.0,0.0
15675,17,0.15441176470588236,97.88235294117646
15676,182,0.1804990589520976,114.21428571428571
15677,0,0.0,0.0
15678,3,0.3333333333333333,4.0
15679,7,0.3333333333333333,37.57142857142857
15680,57,0.2932330827067669,164.56140350877192
15681,8,0.14285714285714285,11.75
15682,0,0.0,0.0
15683,8,0.5714285714285714,24.5
15684,17,0.47794117647058826,30.176470588235293
15685,0,0.0,0.0
15686,121,0.4256198347107438,144.95867768595042
15687,15,0.5714285714285714,43.666666666666664
15688,36,0.2015873015873016,77.33333333333333
15689,0,0.0,0.0
15690,11,0.10909090909090909,14.727272727272727
15691,46,0.21642512077294687,62.21739130434783
15692,0,0.0,0.0
15693,3,0.3333333333333333,57.666666666666664
15694,3,1.0,16.666666666666668
15695,15,0.2761904761904762,90.33333333333333
15696,19,0.38596491228070173,39.31578947368421
15697,14,0.12087912087912088,57.785714285714285
15698,13,0.24358974358974358,48.15384615384615
15699,6,0.06666666666666667,33.666666666666664
15700,7,0.5238095238095238,28.142857142857142
15701,52,0.33408748114630465,111.53846153846153
15702,1,0.0,14.0
15703,25,0.36333333333333334,104.4
15704,31,0.24086021505376345,67.48387096774194
15705,32,0.21975806451612903,48.78125
15706,88,0.3221003134796238,76.5340909090909
15707,5,0.2,32.8
15708,222,0.22298316415963476,150.01351351351352
15709,54,0.7512229210342418,72.9074074074074
15710,7,0.5238095238095238,27.285714285714285
15711,11,0.5272727272727272,272.0
15712,6,0.4666666666666667,125.16666666666667
15713,4,0.3333333333333333,36.0
15714,14,0.2087912087912088,85.71428571428571
15715,6,0.2,68.83333333333333
15716,0,0.0,0.0
15717,8,0.35714285714285715,26.125
15718,8,0.5714285714285714,16.125
15719,9,0.4444444444444444,31.88888888888889
15720,50,0.2146938775510204,124.9
15721,59,0.4751607247223846,143.83050847457628
15722,19,0.17543859649122806,115.36842105263158
15723,56,0.3025974025974026,72.35714285714286
15724,5,0.1,20.8
15725,113,0.22993046776232617,181.90265486725664
15726,346,0.1318254167713831,119.34104046242774
15727,18,0.2222222222222222,38.166666666666664
15728,2,1.0,48.0
15729,2,0.0,3.5
15730,4,0.3333333333333333,38.5
15731,131,0.1837933059307105,202.29007633587787
15732,3,0.0,2.6666666666666665
15733,40,0.21666666666666667,141.75
15734,19,0.2573099415204678,62.94736842105263
15735,118,0.5019556714471969,79.62711864406779
15736,2,0.0,51.0
15737,16,0.26666666666666666,38.375
15738,6,0.06666666666666667,40.833333333333336
15739,38,0.35135135135135137,66.44736842105263
15740,18,0.23529411764705882,109.88888888888889
15741,5,0.4,11.8
15742,32,0.6048387096774194,150.40625
15743,56,0.7636363636363637,88.19642857142857
15744,60,0.37401129943502825,70.03333333333333
15745,9,0.3333333333333333,38.55555555555556
15746,14,0.2087912087912088,24.5
15747,2,0.0,98.0
15748,2,0.0,3.5
15749,13,0.1794871794871795,39.92307692307692
15750,11,0.4,36.63636363636363
15751,14,0.45054945054945056,106.64285714285714
15752,23,0.45454545454545453,36.34782608695652
15753,14,0.21978021978021978,37.785714285714285
15754,10,0.24444444444444444,37.6
15755,47,0.13783533765032377,76.19148936170212
15756,0,0.0,0.0
15757,0,0.0,0.0
15758,51,0.8015686274509803,135.37254901960785
15759,11,0.14545454545454545,28.545454545454547
15760,52,0.21568627450980393,49.01923076923077
15761,58,0.17422867513611615,107.60344827586206
15762,2,0.0,15.5
15763,0,0.0,0.0
15764,65,0.10721153846153846,65.44615384615385
15765,24,0.2753623188405797,32.5
15766,149,0.1386722292762561,102.14765100671141
15767,3,0.0,9.0
15768,18,0.16993464052287582,103.88888888888889
15769,30,0.45057471264367815,113.46666666666667
15770,3,0.3333333333333333,52.333333333333336
15771,17,0.34558823529411764,46.470588235294116
15772,4,0.16666666666666666,17.75
15773,6,0.7333333333333333,36.5
15774,35,0.5243697478991597,79.51428571428572
15775,32,0.23387096774193547,91.375
15776,9,0.1388888888888889,51.888888888888886
15777,27,0.2678062678062678,79.81481481481481
15778,7,0.47619047619047616,61.57142857142857
15779,131,0.16136230182031708,97.83206106870229
15780,7,0.6666666666666666,134.42857142857142
15781,10,0.8444444444444444,59.4
15782,21,0.2523809523809524,63.76190476190476
15783,33,0.1534090909090909,111.39393939393939
15784,105,0.1924908424908425,190.54285714285714
15785,1,0.0,12.0
15786,25,0.64,104.68
15787,27,0.20512820512820512,62.22222222222222
15788,46,0.7082125603864734,58.06521739130435
15789,42,0.3321718931475029,51.166666666666664
15790,58,0.42165759225650334,54.6551724137931
15791,14,0.2857142857142857,41.642857142857146
15792,12,0.22727272727272727,101.5
15793,7,0.19047619047619047,24.142857142857142
15794,24,0.36231884057971014,56.291666666666664
15795,7,0.2857142857142857,148.71428571428572
15796,16,0.31666666666666665,72.3125
15797,3,0.3333333333333333,40.333333333333336
15798,36,0.38095238095238093,49.0
15799,7,0.8095238095238095,40.142857142857146
15800,106,0.28050314465408804,246.0
15801,0,0.0,0.0
15802,83,0.2727005583308845,236.3734939759036
15803,188,0.2013880987598134,192.0159574468085
15804,5,0.5,33.0
15805,1,0.0,4.0
15806,18,0.5686274509803921,54.333333333333336
15807,30,0.5540229885057472,64.43333333333334
15808,6,0.3333333333333333,53.0
15809,16,0.18333333333333332,45.125
15810,13,0.41025641025641024,8.153846153846153
15811,23,0.383399209486166,59.130434782608695
15812,20,0.4263157894736842,124.6
15813,35,0.29411764705882354,40.34285714285714
15814,12,0.15151515151515152,97.91666666666667
15815,15,0.5238095238095238,69.26666666666667
15816,16,0.43333333333333335,118.6875
15817,59,0.24605493863237873,156.4915254237288
15818,55,0.5468013468013468,89.98181818181818
15819,25,0.5133333333333333,184.44
15820,13,0.32051282051282054,79.3076923076923
15821,58,0.43920145190562615,140.3793103448276
15822,17,0.8823529411764706,80.70588235294117
15823,72,0.2546948356807512,122.19444444444444
15824,191,0.2319096169743731,127.90575916230367
15825,13,0.358974358974359,116.07692307692308
15826,39,0.5668016194331984,205.92307692307693
15827,17,0.4117647058823529,24.88235294117647
15828,77,0.23171565276828435,126.07792207792208
15829,3,0.3333333333333333,11.333333333333334
15830,22,0.7012987012987013,95.63636363636364
15831,1,0.0,17.0
15832,9,0.3055555555555556,24.555555555555557
15833,3,0.3333333333333333,18.666666666666668
15834,27,0.42735042735042733,37.888888888888886
15835,61,0.07814207650273224,57.49180327868852
15836,77,0.11278195488721804,56.532467532467535
15837,97,0.30584192439862545,213.03092783505156
15838,4,0.16666666666666666,9.25
15839,68,0.3687445127304653,62.779411764705884
15840,28,0.5105820105820106,132.10714285714286
15841,13,0.44871794871794873,35.92307692307692
15842,27,0.15954415954415954,55.7037037037037
15843,42,0.2682926829268293,63.023809523809526
15844,10,0.6444444444444445,79.7
15845,3,0.3333333333333333,6.333333333333333
15846,2,0.0,9.5
15847,6,0.6,115.5
15848,16,0.4583333333333333,49.5
15849,3,0.3333333333333333,61.333333333333336
15850,46,0.5497584541062802,74.30434782608695
15851,0,0.0,0.0
15852,32,0.2701612903225806,40.46875
15853,28,0.7698412698412699,103.96428571428571
15854,108,0.2398753894080997,130.4814814814815
15855,2,1.0,132.5
15856,6,0.0,141.5
15857,6,0.4666666666666667,39.333333333333336
15858,89,0.4014300306435138,73.26966292134831
15859,9,0.3055555555555556,222.11111111111111
15860,10,0.2222222222222222,19.7
15861,8,0.39285714285714285,83.0
15862,58,0.4053236539624924,121.60344827586206
15863,5,0.3,19.8
15864,30,0.2620689655172414,42.733333333333334
15865,43,0.2646733111849391,75.97674418604652
15866,33,0.2518939393939394,112.51515151515152
15867,25,0.54,127.12
15868,10,0.5333333333333333,25.8
15869,11,0.509090909090909,26.636363636363637
15870,5,0.1,27.8
15871,22,0.29004329004329005,44.09090909090909
15872,6,0.8,56.166666666666664
15873,1,0.0,8.0
15874,8,0.17857142857142858,40.0
15875,19,0.28654970760233917,154.1578947368421
15876,72,0.3798904538341158,165.77777777777777
15877,32,0.15725806451612903,36.125
15878,7,0.47619047619047616,26.571428571428573
15879,22,0.19480519480519481,118.72727272727273
15880,41,0.3829268292682927,95.29268292682927
15881,10,0.2,18.1
15882,20,0.3263157894736842,74.75
15883,0,0.0,0.0
15884,47,0.33765032377428306,98.12765957446808
15885,22,0.48484848484848486,212.6818181818182
15886,88,0.34691745036572624,87.97727272727273
15887,1,0.0,4.0
15888,9,0.16666666666666666,63.111111111111114
15889,317,0.15391526574292216,126.66246056782335
15890,15,0.2571428571428571,111.93333333333334
15891,1,0.0,2.0
15892,6,0.4666666666666667,34.166666666666664
15893,7,0.047619047619047616,5.0
15894,20,0.3631578947368421,41.2
15895,117,0.4123194812849985,76.17948717948718
15896,42,0.5331010452961672,69.23809523809524
15897,10,0.3111111111111111,114.6
15898,13,0.23076923076923078,12.23076923076923
15899,11,0.23636363636363636,47.54545454545455
15900,4,0.3333333333333333,34.75
15901,33,0.2481060606060606,22.21212121212121
15902,21,0.2714285714285714,27.047619047619047
15903,36,0.20952380952380953,47.02777777777778
15904,12,0.18181818181818182,37.083333333333336
15905,217,0.2979177334016044,128.70506912442397
15906,38,0.30014224751066854,137.42105263157896
15907,54,0.923130677847659,105.44444444444444
15908,8,0.5,66.25
15909,15,0.7142857142857143,36.266666666666666
15910,28,0.35185185185185186,76.03571428571429
15911,12,0.2878787878787879,95.58333333333333
15912,39,0.30364372469635625,131.89743589743588
15913,4,0.6666666666666666,84.25
15914,91,0.3545787545787546,160.67032967032966
15915,8,0.7142857142857143,677.5
15916,11,0.3090909090909091,42.90909090909091
15917,16,0.4,94.0625
15918,4,0.16666666666666666,19.75
15919,53,0.3193033381712627,62.77358490566038
15920,128,0.1360728346456693,142.671875
15921,27,0.37037037037037035,251.33333333333334
15922,11,0.4909090909090909,24.545454545454547
15923,19,0.21052631578947367,25.789473684210527
15924,13,0.32051282051282054,62.69230769230769
15925,20,0.8894736842105263,261.85
15926,27,0.2621082621082621,54.333333333333336
15927,5,0.4,7.8
15928,3,1.0,41.0
15929,2,1.0,17.5
15930,64,0.14434523809523808,145.140625
15931,1,0.0,5.0
15932,4,0.6666666666666666,16.25
15933,2,0.0,17.0
15934,25,0.6466666666666666,38.2
15935,5,0.6,12.4
15936,28,0.1164021164021164,71.25
15937,2,0.0,3.5
15938,0,0.0,0.0
15939,2,0.0,46.0
15940,9,0.08333333333333333,74.66666666666667
15941,16,0.675,46.1875
15942,27,0.19658119658119658,125.77777777777777
15943,5,0.3,33.6
15944,6,0.4666666666666667,64.16666666666667
15945,3,1.0,88.66666666666667
15946,91,0.39365079365079364,153.69230769230768
15947,21,0.28095238095238095,70.19047619047619
15948,9,1.0,179.0
15949,15,0.2,65.06666666666666
15950,45,0.7292929292929293,88.22222222222223
15951,11,0.23636363636363636,32.54545454545455
15952,8,0.07142857142857142,47.125
15953,6,0.13333333333333333,58.833333333333336
15954,2,0.0,15.5
15955,12,0.09090909090909091,43.666666666666664
15956,11,0.45454545454545453,24.636363636363637
15957,14,0.7582417582417582,41.07142857142857
15958,4,0.6666666666666666,17.75
15959,0,0.0,0.0
15960,8,0.5714285714285714,45.0
15961,24,0.5036231884057971,21.75
15962,19,0.1871345029239766,62.10526315789474
15963,11,0.3090909090909091,51.09090909090909
15964,17,0.2867647058823529,57.470588235294116
15965,13,0.5897435897435898,40.0
15966,21,0.35714285714285715,139.8095238095238
15967,13,0.28205128205128205,47.53846153846154
15968,194,0.20298061001014903,118.43298969072166
15969,33,0.32386363636363635,37.60606060606061
15970,46,0.34202898550724636,164.06521739130434
15971,22,0.3116883116883117,41.90909090909091
15972,9,0.3611111111111111,28.11111111111111
15973,57,0.262531328320802,98.50877192982456
15974,6,0.6,19.666666666666668
15975,13,0.6153846153846154,36.07692307692308
15976,5,0.2,16.4
15977,0,0.0,0.0
15978,4,1.0,448.0
15979,44,0.5391120507399577,37.88636363636363
15980,170,0.23042116254785938,109.45882352941176
15981,28,0.26455026455026454,21.0
15982,27,0.6524216524216524,82.88888888888889
15983,5,0.2,26.8
15984,45,0.5191919191919192,112.8
15985,1,0.0,16.0
15986,12,0.07575757575757576,31.666666666666668
15987,141,0.2012158054711246,76.2482269503546
15988,2,1.0,3.5
15989,55,0.6282828282828283,120.9090909090909
15990,0,0.0,0.0
15991,22,0.38095238095238093,70.68181818181819
15992,37,0.2672672672672673,43.5945945945946
15993,14,0.24175824175824176,83.21428571428571
15994,31,0.35698924731182796,48.41935483870968
15995,235,0.1563920712856883,166.331914893617
15996,37,0.7387387387387387,69.1891891891892
15997,4,0.5,44.75
15998,10,0.6222222222222222,39.3
15999,34,0.16934046345811052,86.70588235294117
16000,38,0.47368421052631576,59.76315789473684
16001,58,0.35753176043557167,87.51724137931035
16002,54,0.1684136967155835,168.57407407407408
16003,42,0.15447154471544716,80.47619047619048
16004,40,0.27564102564102566,121.35
16005,6,0.8666666666666667,56.333333333333336
16006,27,0.4444444444444444,69.03703703703704
16007,25,0.61,72.64
16008,10,0.28888888888888886,32.9
16009,30,0.3057471264367816,91.86666666666666
16010,6,0.0,8.333333333333334
16011,13,0.1282051282051282,39.61538461538461
16012,81,0.3490740740740741,65.4074074074074
16013,18,0.2679738562091503,69.22222222222223
16014,60,0.5790960451977402,82.65
16015,30,0.6206896551724138,71.8
16016,29,0.22413793103448276,62.10344827586207
16017,25,0.5833333333333334,49.48
16018,24,0.40942028985507245,128.25
16019,11,0.23636363636363636,61.63636363636363
16020,2,1.0,36.0
16021,10,0.24444444444444444,109.6
16022,5,0.2,36.8
16023,19,0.4327485380116959,76.36842105263158
16024,1,0.0,7.0
16025,0,0.0,0.0
16026,1,0.0,10.0
16027,26,0.30153846153846153,270.15384615384613
16028,6,0.6,43.5
16029,42,0.5400696864111498,103.76190476190476
16030,34,0.1746880570409982,61.5
16031,191,0.2980986497657757,109.95811518324608
16032,3,0.3333333333333333,10.0
16033,1,0.0,3.0
16034,45,0.14545454545454545,74.91111111111111
16035,14,0.5494505494505495,50.5
16036,27,0.37606837606837606,74.33333333333333
16037,20,0.26842105263157895,63.75
16038,16,0.25833333333333336,86.1875
16039,13,0.21794871794871795,23.692307692307693
16040,47,0.2802960222016651,38.95744680851064
16041,14,0.34065934065934067,41.642857142857146
16042,16,0.48333333333333334,47.75
16043,2,0.0,81.5
16044,10,0.4,21.9
16045,12,0.36363636363636365,31.333333333333332
16046,14,0.4065934065934066,32.57142857142857
16047,178,0.11699358852282105,101.73595505617978
16048,5,0.6,22.0
16049,34,0.2281639928698752,71.47058823529412
16050,19,0.2222222222222222,49.21052631578947
16051,24,0.1956521739130435,30.166666666666668
16052,3,0.0,7.333333333333333
16053,79,0.2869198312236287,167.86075949367088
16054,10,0.37777777777777777,55.3
16055,19,0.3333333333333333,39.0
16056,25,0.18,60.12
16057,10,0.9555555555555556,52.0
16058,6,0.4666666666666667,24.333333333333332
16059,35,0.33613445378151263,78.34285714285714
16060,10,0.2,16.3
16061,25,0.26,57.08
16062,2,0.0,35.0
16063,18,0.2875816993464052,55.94444444444444
16064,22,0.3463203463203463,55.5
16065,115,0.2594965675057208,136.9217391304348
16066,5,0.7,216.6
16067,24,0.2210144927536232,84.04166666666667
16068,44,0.14376321353065538,36.20454545454545
16069,8,0.8928571428571429,114.25
16070,3,0.6666666666666666,29.0
16071,5,1.0,50.2
16072,17,0.14705882352941177,27.470588235294116
16073,3,0.6666666666666666,193.33333333333334
16074,6,0.3333333333333333,71.83333333333333
16075,86,0.2424076607387141,160.6627906976744
16076,112,0.21026383526383527,90.83928571428571
16077,5,0.2,21.0
16078,2,0.0,27.0
16079,3,0.3333333333333333,10.0
16080,8,0.32142857142857145,145.5
16081,80,0.32056962025316454,151.15
16082,49,0.625,106.08163265306122
16083,9,0.08333333333333333,127.88888888888889
16084,9,0.3055555555555556,50.666666666666664
16085,4,0.5,15.25
16086,0,0.0,0.0
16087,8,0.2857142857142857,50.375
16088,26,0.36923076923076925,30.192307692307693
16089,11,0.45454545454545453,28.545454545454547
16090,6,0.4,106.16666666666667
16091,23,0.2015810276679842,87.95652173913044
16092,82,0.26738934056007224,101.76829268292683
16093,14,0.31868131868131866,204.21428571428572
16094,8,0.25,68.25
16095,6,0.4,24.0
16096,8,0.17857142857142858,19.875
16097,4,0.0,25.25
16098,0,0.0,0.0
16099,5,0.8,56.0
16100,2,0.0,88.5
16101,34,0.49019607843137253,38.73529411764706
16102,0,0.0,0.0
16103,16,0.5416666666666666,53.25
16104,60,0.1553672316384181,111.91666666666667
16105,0,0.0,0.0
16106,7,0.19047619047619047,18.428571428571427
16107,60,0.18587570621468927,53.833333333333336
16108,4,0.6666666666666666,159.0
16109,5,0.1,13.2
16110,2,0.0,36.5
16111,13,0.24358974358974358,157.30769230769232
16112,34,0.17647058823529413,83.91176470588235
16113,3,0.0,25.333333333333332
16114,125,0.4567741935483871,77.04
16115,18,0.24836601307189543,103.44444444444444
16116,3,0.0,23.333333333333332
16117,14,0.38461538461538464,38.07142857142857
16118,24,0.5398550724637681,53.333333333333336
16119,7,0.3333333333333333,28.0
16120,27,0.8575498575498576,108.70370370370371
16121,3,0.0,6.0
16122,3,0.6666666666666666,12.333333333333334
16123,41,0.17317073170731706,88.14634146341463
16124,3,0.6666666666666666,47.333333333333336
16125,9,0.5555555555555556,56.44444444444444
16126,0,0.0,0.0
16127,0,0.0,0.0
16128,15,0.2761904761904762,42.06666666666667
16129,12,0.36363636363636365,57.75
16130,16,0.225,106.25
16131,4,0.5,63.0
16132,9,0.2777777777777778,36.666666666666664
16133,9,0.25,12.88888888888889
16134,29,0.24630541871921183,47.6551724137931
16135,125,0.18658064516129033,126.712
16136,13,0.5,42.15384615384615
16137,9,0.4444444444444444,19.0
16138,157,0.20765964396537645,110.81528662420382
16139,31,0.3204301075268817,147.83870967741936
16140,16,0.3416666666666667,75.25
16141,3,1.0,50.0
16142,22,0.24242424242424243,46.04545454545455
16143,37,0.26126126126126126,28.35135135135135
16144,38,0.16500711237553342,43.526315789473685
16145,41,0.15121951219512195,69.1219512195122
16146,13,0.32051282051282054,26.23076923076923
16147,0,0.0,0.0
16148,5,0.5,15.0
16149,11,0.6181818181818182,153.0909090909091
16150,3,0.3333333333333333,6.333333333333333
16151,21,0.3142857142857143,36.857142857142854
16152,22,0.39826839826839827,52.5
16153,56,0.37272727272727274,258.7857142857143
16154,12,0.15151515151515152,18.083333333333332
16155,18,0.7647058823529411,63.388888888888886
16156,14,0.45054945054945056,30.142857142857142
16157,18,0.38562091503267976,32.333333333333336
16158,11,0.509090909090909,51.18181818181818
16159,19,0.25146198830409355,90.3157894736842
16160,102,0.25684333139196275,238.9313725490196
16161,8,0.25,16.875
16162,158,0.20366040474078853,221.24683544303798
16163,210,0.13634085213032582,144.17142857142858
16164,6,0.3333333333333333,40.166666666666664
16165,188,0.1251564455569462,154.14361702127658
16166,34,0.6559714795008913,180.91176470588235
16167,52,0.5060331825037707,92.15384615384616
16168,149,0.1436604389624524,94.7248322147651
16169,0,0.0,0.0
16170,5,0.3,264.2
16171,19,0.4619883040935672,34.8421052631579
16172,9,0.6944444444444444,41.55555555555556
16173,3,0.3333333333333333,80.0
16174,41,0.31097560975609756,202.4878048780488
16175,131,0.1625366999412801,141.64885496183206
16176,34,0.26559714795008915,58.73529411764706
16177,29,0.5369458128078818,73.20689655172414
16178,6,0.4666666666666667,8.166666666666666
16179,31,0.3849462365591398,143.51612903225808
16180,8,0.25,47.375
16181,32,0.34274193548387094,67.34375
16182,5,0.3,12.6
16183,23,0.23715415019762845,62.43478260869565
16184,24,0.09782608695652174,63.0
16185,42,0.6713124274099884,106.21428571428571
16186,57,0.23558897243107768,54.8421052631579
16187,2,0.0,6.0
16188,17,0.3161764705882353,23.352941176470587
16189,22,0.23809523809523808,53.63636363636363
16190,38,0.3385490753911807,39.94736842105263
16191,86,0.1890560875512996,169.34883720930233
16192,48,0.2074468085106383,35.666666666666664
16193,50,0.16408163265306122,109.06
16194,12,0.5151515151515151,133.25
16195,4,0.6666666666666666,99.5
16196,10,0.5777777777777777,23.6
16197,48,0.3874113475177305,110.79166666666667
16198,17,0.27205882352941174,35.411764705882355
16199,10,0.24444444444444444,169.4
16200,19,0.2573099415204678,56.36842105263158
16201,21,0.34285714285714286,54.95238095238095
16202,26,0.3169230769230769,46.69230769230769
16203,5,0.1,22.6
16204,0,0.0,0.0
16205,25,0.8466666666666667,45.76
16206,66,0.1547785547785548,170.37878787878788
16207,21,0.21428571428571427,113.85714285714286
16208,32,0.30443548387096775,44.625
16209,43,0.39424141749723146,37.0
16210,43,0.14950166112956811,75.93023255813954
16211,17,0.20588235294117646,87.82352941176471
16212,6,0.4,98.16666666666667
16213,221,0.17420814479638008,136.05882352941177
16214,31,0.1978494623655914,62.74193548387097
16215,20,0.2631578947368421,107.0
16216,15,0.22857142857142856,30.466666666666665
16217,24,0.6159420289855072,75.20833333333333
16218,51,0.2407843137254902,63.72549019607843
16219,4,0.8333333333333334,112.0
16220,14,0.43956043956043955,32.07142857142857
16221,18,0.16993464052287582,18.666666666666668
16222,19,0.4444444444444444,257.42105263157896
16223,28,0.36507936507936506,262.0
16224,21,0.6190476190476191,22.571428571428573
16225,4,0.5,8.5
16226,18,0.26143790849673204,52.22222222222222
16227,87,0.14461373964180702,150.90804597701148
16228,17,0.35294117647058826,23.88235294117647
16229,12,0.3484848484848485,30.416666666666668
16230,4,0.5,84.5
16231,8,0.32142857142857145,25.25
16232,1,0.0,3.0
16233,2,0.0,22.0
16234,5,0.6,12.4
16235,72,0.2625195618153365,128.20833333333334
16236,71,0.2937625754527163,196.09859154929578
16237,51,0.3388235294117647,143.8235294117647
16238,1,0.0,38.0
16239,0,0.0,0.0
16240,0,0.0,0.0
16241,4,0.16666666666666666,20.75
16242,8,0.4642857142857143,76.625
16243,115,0.18596491228070175,139.02608695652174
16244,3,0.3333333333333333,96.66666666666667
16245,40,0.2512820512820513,48.15
16246,22,0.1645021645021645,31.954545454545453
16247,2,0.0,9.5
16248,7,0.38095238095238093,22.285714285714285
16249,34,0.5365418894830659,63.3235294117647
16250,6,0.6,5.166666666666667
16251,8,0.4642857142857143,48.375
16252,15,0.18095238095238095,26.4
16253,13,0.3717948717948718,116.23076923076923
16254,3,0.0,49.333333333333336
16255,16,0.425,43.375
16256,10,0.24444444444444444,47.0
16257,38,0.4694167852062589,82.34210526315789
16258,11,0.5818181818181818,82.81818181818181
16259,10,0.6222222222222222,20.7
16260,32,0.3951612903225806,46.125
16261,28,0.8201058201058201,37.857142857142854
16262,0,0.0,0.0
16263,403,0.11078602027085417,148.3821339950372
16264,53,0.32365747460087085,32.75471698113208
16265,1,0.0,45.0
16266,15,0.18095238095238095,64.8
16267,33,0.3522727272727273,33.60606060606061
16268,24,0.3007246376811594,49.416666666666664
16269,12,0.21212121212121213,36.083333333333336
16270,105,0.28644688644688643,174.33333333333334
16271,26,0.8646153846153846,58.80769230769231
16272,9,0.2777777777777778,69.55555555555556
16273,99,0.31210059781488353,193.05050505050505
16274,16,0.2833333333333333,88.3125
16275,11,0.38181818181818183,41.63636363636363
16276,42,0.4099883855981417,47.26190476190476
16277,57,0.13721804511278196,190.08771929824562
16278,35,0.44537815126050423,58.42857142857143
16279,13,0.2692307692307692,33.07692307692308
16280,53,0.17706821480406387,69.58490566037736
16281,71,0.717102615694165,188.26760563380282
16282,1,0.0,34.0
16283,4,0.3333333333333333,96.25
16284,20,0.1368421052631579,64.85
16285,104,0.2438386855862584,115.92307692307692
16286,24,0.2826086956521739,107.16666666666667
16287,7,0.38095238095238093,245.28571428571428
16288,5,0.8,9.4
16289,141,0.30729483282674774,123.97872340425532
16290,0,0.0,0.0
16291,16,0.36666666666666664,133.125
16292,21,0.32857142857142857,72.95238095238095
16293,9,0.3055555555555556,37.666666666666664
16294,94,0.39579043697094485,93.80851063829788
16295,11,0.05454545454545454,15.727272727272727
16296,101,0.2021782178217822,78.66336633663366
16297,44,0.28118393234672306,127.18181818181819
16298,121,0.1797520661157025,128.3388429752066
16299,38,0.14082503556187767,59.60526315789474
16300,13,0.46153846153846156,80.61538461538461
16301,13,0.47435897435897434,31.384615384615383
16302,1,0.0,116.0
16303,0,0.0,0.0
16304,22,0.27705627705627706,44.68181818181818
16305,8,0.39285714285714285,19.375
16306,44,0.3488372093023256,50.86363636363637
16307,7,0.6666666666666666,69.71428571428571
16308,82,0.1493526046371575,106.09756097560975
16309,3,1.0,29.333333333333332
16310,11,0.2545454545454545,18.181818181818183
16311,0,0.0,0.0
16312,0,0.0,0.0
16313,2,0.0,20.0
16314,2,0.0,16.0
16315,2,0.0,20.5
16316,269,0.18087998668368196,145.19330855018586
16317,22,0.19047619047619047,57.95454545454545
16318,46,0.2647342995169082,74.1304347826087
16319,1,0.0,31.0
16320,26,0.7415384615384616,143.19230769230768
16321,84,0.3964429145152037,91.0
16322,68,0.27348551360842843,206.72058823529412
16323,10,0.15555555555555556,22.2
16324,78,0.2217782217782218,70.21794871794872
16325,2,0.0,30.0
16326,3,0.3333333333333333,16.666666666666668
16327,8,0.14285714285714285,13.875
16328,1,0.0,25.0
16329,26,0.5538461538461539,87.53846153846153
16330,18,0.673202614379085,93.22222222222223
16331,14,0.5934065934065934,33.357142857142854
16332,16,0.4583333333333333,28.9375
16333,46,0.2463768115942029,59.41304347826087
16334,7,0.5238095238095238,15.857142857142858
16335,0,0.0,0.0
16336,12,0.3333333333333333,29.833333333333332
16337,14,0.2967032967032967,135.5
16338,35,0.8336134453781513,89.48571428571428
16339,1,0.0,10.0
16340,28,0.25925925925925924,53.75
16341,4,0.8333333333333334,16.75
16342,44,0.38054968287526425,89.70454545454545
16343,2,1.0,14.5
16344,1,0.0,15.0
16345,2,0.0,125.5
16346,10,0.4666666666666667,63.5
16347,7,0.42857142857142855,31.142857142857142
16348,19,0.5263157894736842,80.15789473684211
16349,12,0.18181818181818182,17.166666666666668
16350,38,0.36984352773826457,70.89473684210526
16351,39,0.3724696356275304,75.33333333333333
16352,70,0.5271221532091097,71.54285714285714
16353,13,0.6025641025641025,76.46153846153847
16354,16,0.2,20.8125
16355,9,0.6111111111111112,27.11111111111111
16356,44,0.15961945031712474,140.52272727272728
16357,14,0.31868131868131866,103.78571428571429
16358,9,0.25,52.666666666666664
16359,0,0.0,0.0
16360,52,0.38687782805429866,64.61538461538461
16361,77,0.2836637047163363,139.2207792207792
16362,7,0.47619047619047616,19.428571428571427
16363,14,0.27472527472527475,32.07142857142857
16364,15,0.3142857142857143,53.266666666666666
16365,1,0.0,12.0
16366,70,0.7022774327122153,80.17142857142858
16367,33,0.24242424242424243,100.51515151515152
16368,1,0.0,3.0
16369,710,0.08270724487971552,145.02394366197183
16370,34,0.37967914438502676,50.61764705882353
16371,16,0.39166666666666666,64.625
16372,4,0.16666666666666666,50.0
16373,10,0.7555555555555555,59.6
16374,28,0.3783068783068783,75.14285714285714
16375,21,0.3047619047619048,54.523809523809526
16376,41,0.24024390243902438,112.53658536585365
16377,1,0.0,15.0
16378,113,0.2743362831858407,152.95575221238937
16379,23,0.12648221343873517,135.17391304347825
16380,210,0.21339712918660286,145.7952380952381
16381,12,0.3484848484848485,63.583333333333336
16382,33,0.24621212121212122,96.39393939393939
16383,11,0.32727272727272727,33.72727272727273
16384,65,0.25625,29.43076923076923
16385,81,0.18580246913580248,78.18518518518519
16386,2,0.0,11.0
16387,39,0.33063427800269907,70.71794871794872
16388,16,0.5666666666666667,19.6875
16389,0,0.0,0.0
16390,6,0.3333333333333333,40.333333333333336
16391,41,0.3975609756097561,74.34146341463415
16392,65,0.30673076923076925,186.46153846153845
16393,9,0.3055555555555556,16.555555555555557
16394,0,0.0,0.0
16395,3,0.0,27.333333333333332
16396,23,0.11857707509881422,33.17391304347826
16397,31,0.9526881720430107,77.03225806451613
16398,0,0.0,0.0
16399,21,0.7476190476190476,76.61904761904762
16400,0,0.0,0.0
16401,20,0.21578947368421053,39.3
16402,34,0.20320855614973263,81.94117647058823
16403,2,0.0,30.5
16404,8,0.5357142857142857,35.125
16405,56,0.44415584415584414,73.55357142857143
16406,37,0.3783783783783784,41.13513513513514
16407,0,0.0,0.0
16408,89,0.24795709908069458,91.04494382022472
16409,24,0.6920289855072463,39.583333333333336
16410,151,0.31805739514348785,118.17218543046357
16411,2,1.0,142.5
16412,14,0.2857142857142857,44.857142857142854
16413,4,0.3333333333333333,8.0
16414,0,0.0,0.0
16415,8,0.75,132.0
16416,8,0.25,53.25
16417,19,0.2222222222222222,41.36842105263158
16418,2,1.0,103.0
16419,60,0.18192090395480226,173.63333333333333
16420,20,0.20526315789473684,48.65
16421,0,0.0,0.0
16422,419,0.1258635849767617,171.20525059665871
16423,52,0.4095022624434389,95.09615384615384
16424,16,0.5166666666666667,23.625
16425,3,0.3333333333333333,17.333333333333332
16426,8,0.5357142857142857,27.625
16427,28,0.37037037037037035,43.714285714285715
16428,65,0.1841346153846154,98.75384615384615
16429,13,0.5769230769230769,41.38461538461539
16430,13,0.2948717948717949,96.3076923076923
16431,22,0.2987012987012987,211.4090909090909
16432,55,0.6148148148148148,99.12727272727273
16433,0,0.0,0.0
16434,9,0.19444444444444445,31.444444444444443
16435,4,0.5,62.75
16436,3,1.0,10.333333333333334
16437,6,1.0,19.5
16438,107,0.41862105448774467,117.58878504672897
16439,5,0.2,8.4
16440,35,0.2722689075630252,62.34285714285714
16441,9,0.3333333333333333,16.22222222222222
16442,5,1.0,10.8
16443,20,0.42105263157894735,57.65
16444,6,0.26666666666666666,15.333333333333334
16445,31,0.25591397849462366,37.83870967741935
16446,27,0.5584045584045584,63.03703703703704
16447,31,0.886021505376344,86.41935483870968
16448,31,0.2752688172043011,195.25806451612902
16449,23,0.4782608695652174,22.956521739130434
16450,20,0.30526315789473685,60.3
16451,51,0.14666666666666667,129.68627450980392
16452,68,0.22080772607550483,50.705882352941174
16453,55,0.362962962962963,45.58181818181818
16454,5,0.1,182.4
16455,22,0.3203463203463203,85.68181818181819
16456,18,0.16993464052287582,130.38888888888889
16457,0,0.0,0.0
16458,59,0.16773816481589712,118.69491525423729
16459,21,0.5523809523809524,44.38095238095238
16460,1,0.0,11.0
16461,62,0.5695399259650978,50.37096774193548
16462,44,0.49577167019027485,94.02272727272727
16463,43,0.24806201550387597,81.25581395348837
16464,12,0.3181818181818182,31.5
16465,23,0.2134387351778656,121.8695652173913
16466,2,0.0,308.5
16467,7,0.0,25.0
16468,6,0.6,39.333333333333336
16469,23,0.1541501976284585,53.608695652173914
16470,12,0.2727272727272727,19.083333333333332
16471,10,0.17777777777777778,84.2
16472,52,0.8107088989441931,86.34615384615384
16473,3,0.3333333333333333,19.666666666666668
16474,19,0.30409356725146197,75.10526315789474
16475,27,0.3190883190883191,42.48148148148148
16476,61,0.24918032786885247,93.9672131147541
16477,18,0.39215686274509803,41.44444444444444
16478,16,0.3,25.5
16479,79,0.13956507627393702,76.12658227848101
16480,14,0.3956043956043956,175.57142857142858
16481,66,0.19393939393939394,116.8030303030303
16482,3,0.6666666666666666,65.33333333333333
16483,44,0.25052854122621565,73.79545454545455
16484,12,0.6515151515151515,48.333333333333336
16485,4,0.3333333333333333,61.0
16486,20,0.32105263157894737,120.8
16487,1,0.0,77.0
16488,5,0.4,5.4
16489,43,0.30454042081949056,45.95348837209303
16490,9,0.08333333333333333,22.0
16491,26,0.22153846153846155,44.26923076923077
16492,3,0.6666666666666666,5.666666666666667
16493,131,0.20669406928948914,183.46564885496184
16494,41,0.22926829268292684,112.58536585365853
16495,6,0.2,145.5
16496,9,0.6111111111111112,40.77777777777778
16497,79,0.2145407335280753,50.734177215189874
16498,59,0.5318527177089422,240.03389830508473
16499,2,0.0,13.5
16500,6,0.4666666666666667,25.5
16501,27,0.5327635327635327,74.77777777777777
16502,30,0.38620689655172413,90.2
16503,5,0.2,33.2
16504,12,0.2878787878787879,40.666666666666664
16505,9,0.5,26.333333333333332
16506,1,0.0,9.0
16507,56,0.20064935064935066,102.625
16508,3,0.3333333333333333,10.0
16509,3,1.0,98.66666666666667
16510,43,0.5459579180509413,57.44186046511628
16511,59,0.5669199298655757,50.30508474576271
16512,11,0.14545454545454545,36.72727272727273
16513,56,0.4649350649350649,137.32142857142858
16514,24,0.40942028985507245,45.125
16515,13,0.28205128205128205,33.46153846153846
16516,100,0.3488888888888889,94.53
16517,8,0.5714285714285714,73.375
16518,44,0.4587737843551797,67.8409090909091
16519,0,0.0,0.0
16520,6,0.6,16.166666666666668
16521,2,0.0,12.5
16522,7,0.38095238095238093,123.42857142857143
16523,19,0.2573099415204678,48.78947368421053
16524,15,0.3238095238095238,78.93333333333334
16525,7,0.09523809523809523,49.42857142857143
16526,734,0.07866964547918115,138.12534059945503
16527,48,0.1976950354609929,217.9375
16528,20,0.4368421052631579,77.65
16529,13,0.6025641025641025,29.307692307692307
16530,95,0.2931690929451288,100.33684210526316
16531,11,0.2727272727272727,40.18181818181818
16532,0,0.0,0.0
16533,10,0.4222222222222222,67.5
16534,29,0.3497536945812808,140.58620689655172
16535,4,0.0,32.25
16536,15,0.24761904761904763,91.4
16537,90,0.2704119850187266,228.4111111111111
16538,19,0.36257309941520466,118.84210526315789
16539,2,1.0,74.5
16540,18,0.2679738562091503,52.388888888888886
16541,1,0.0,35.0
16542,1,0.0,46.0
16543,2,1.0,11.0
16544,55,0.32996632996632996,175.65454545454546
16545,10,0.28888888888888886,120.7
16546,17,0.4338235294117647,33.64705882352941
16547,19,0.5672514619883041,38.68421052631579
16548,4,0.8333333333333334,6.0
16549,22,0.29004329004329005,50.90909090909091
16550,6,0.26666666666666666,37.166666666666664
16551,13,0.32051282051282054,79.07692307692308
16552,10,0.3111111111111111,29.9
16553,40,0.8307692307692308,84.65
16554,1,0.0,37.0
16555,6,0.4,36.833333333333336
16556,5,0.6,43.2
16557,49,0.17431972789115646,52.95918367346939
16558,28,0.3201058201058201,43.57142857142857
16559,84,0.15347102696500287,104.64285714285714
16560,21,0.23809523809523808,108.19047619047619
16561,8,0.2857142857142857,10.125
16562,5,0.5,7.4
16563,6,0.4,152.66666666666666
16564,5,0.6,83.2
16565,1,0.0,52.0
16566,2,0.0,12.5
16567,28,0.3492063492063492,57.285714285714285
16568,55,0.7986531986531986,90.18181818181819
16569,21,0.4238095238095238,132.0952380952381
16570,9,0.3055555555555556,38.888888888888886
16571,10,0.5111111111111111,130.0
16572,30,0.1724137931034483,65.53333333333333
16573,48,0.17819148936170212,28.145833333333332
16574,32,0.3951612903225806,128.3125
16575,20,0.2631578947368421,75.45
16576,9,0.5,46.44444444444444
16577,11,0.21818181818181817,50.27272727272727
16578,82,0.3715748268593797,100.59756097560975
16579,49,0.20153061224489796,69.0204081632653
16580,11,0.6727272727272727,46.63636363636363
16581,27,0.5726495726495726,43.851851851851855
16582,1,0.0,3.0
16583,24,0.3442028985507246,99.20833333333333
16584,0,0.0,0.0
16585,12,0.2727272727272727,18.333333333333332
16586,2,0.0,43.0
16587,79,0.3047711781888997,175.59493670886076
16588,5,0.3,5.4
16589,2,1.0,5.0
16590,5,0.3,107.4
16591,20,0.5789473684210527,79.15
16592,22,0.7878787878787878,52.0
16593,32,0.5362903225806451,103.28125
16594,19,0.4444444444444444,55.05263157894737
16595,33,0.3560606060606061,36.515151515151516
16596,3,0.3333333333333333,17.666666666666668
16597,14,0.16483516483516483,158.64285714285714
16598,21,0.1523809523809524,113.52380952380952
16599,72,0.36502347417840375,105.90277777777777
16600,14,0.16483516483516483,66.71428571428571
16601,27,0.48717948717948717,40.51851851851852
16602,21,0.6285714285714286,33.523809523809526
16603,31,0.25161290322580643,61.354838709677416
16604,50,0.3510204081632653,71.86
16605,3,0.3333333333333333,57.333333333333336
16606,45,0.3191919191919192,144.55555555555554
16607,16,0.575,32.875
16608,4,0.5,8.25
16609,5,0.2,32.0
16610,6,0.4,20.333333333333332
16611,6,0.2,11.666666666666666
16612,3,1.0,7.666666666666667
16613,9,0.3333333333333333,105.66666666666667
16614,12,0.2727272727272727,24.833333333333332
16615,65,0.6163461538461539,82.58461538461539
16616,46,0.2743961352657005,64.06521739130434
16617,52,0.31598793363499245,123.98076923076923
16618,78,0.27206127206127206,148.24358974358975
16619,15,0.1619047619047619,59.06666666666667
16620,52,0.12745098039215685,39.63461538461539
16621,0,0.0,0.0
16622,8,0.5714285714285714,46.25
16623,30,0.2942528735632184,61.13333333333333
16624,55,0.235016835016835,85.4
16625,58,0.37507562008469447,44.0
16626,0,0.0,0.0
16627,14,0.4945054945054945,89.5
16628,0,0.0,0.0
16629,4,0.5,19.75
16630,18,0.35947712418300654,133.83333333333334
16631,29,0.46551724137931033,56.44827586206897
16632,0,0.0,0.0
16633,14,0.13186813186813187,53.285714285714285
16634,20,0.06315789473684211,38.95
16635,41,0.2073170731707317,95.60975609756098
16636,5,0.4,7.0
16637,3,0.0,8.666666666666666
16638,10,0.2222222222222222,59.9
16639,58,0.5710828796128251,78.25862068965517
16640,90,0.4444444444444444,142.37777777777777
16641,73,0.15791476407914765,148.53424657534248
16642,1,0.0,10.0
16643,24,0.19202898550724637,48.916666666666664
16644,33,0.1534090909090909,67.42424242424242
16645,0,0.0,0.0
16646,2,1.0,69.5
16647,5,1.0,30.2
16648,7,0.6666666666666666,38.142857142857146
16649,10,0.4888888888888889,50.0
16650,157,0.29421852033317003,152.77707006369425
16651,1,0.0,8.0
16652,8,0.10714285714285714,13.25
16653,3,0.3333333333333333,73.66666666666667
16654,36,0.834920634920635,56.666666666666664
16655,4,0.16666666666666666,46.5
16656,0,0.0,0.0
16657,1,0.0,110.0
16658,24,0.4673913043478261,48.625
16659,5,0.2,76.2
16660,29,0.4064039408866995,64.37931034482759
16661,160,0.1349056603773585,114.19375
16662,6,0.26666666666666666,39.166666666666664
16663,26,0.36615384615384616,53.38461538461539
16664,11,0.4,64.18181818181819
16665,6,0.26666666666666666,46.666666666666664
16666,4,0.16666666666666666,5.75
16667,14,0.3076923076923077,81.42857142857143
16668,25,0.27,80.84
16669,2,0.0,29.0
16670,50,0.3673469387755102,89.12
16671,10,0.8,228.1
16672,63,0.5212493599590374,69.03174603174604
16673,26,0.3630769230769231,70.34615384615384
16674,15,0.21904761904761905,12.8
16675,18,0.16339869281045752,32.05555555555556
16676,13,0.5128205128205128,40.07692307692308
16677,31,0.2537634408602151,56.483870967741936
16678,1,0.0,5.0
16679,91,0.4402930402930403,81.18681318681318
16680,44,0.1733615221987315,71.22727272727273
16681,3,0.0,91.0
16682,207,0.22109657145537265,112.4975845410628
16683,65,0.2798076923076923,97.55384615384615
16684,14,0.5054945054945055,60.214285714285715
16685,70,0.23768115942028986,59.357142857142854
16686,83,0.21392888627681458,56.674698795180724
16687,4,0.5,33.5
16688,51,0.3396078431372549,33.11764705882353
16689,357,0.13999307588203821,132.08963585434174
16690,31,0.7569892473118279,54.16129032258065
16691,10,0.6666666666666666,249.2
16692,10,0.5111111111111111,29.0
16693,11,0.45454545454545453,22.181818181818183
16694,1,0.0,1.0
16695,4,0.8333333333333334,107.0
16696,64,0.13988095238095238,62.265625
16697,13,0.6538461538461539,77.15384615384616
16698,16,0.125,57.0625
16699,8,0.5714285714285714,31.875
16700,24,0.42028985507246375,51.541666666666664
16701,9,0.19444444444444445,43.22222222222222
16702,106,0.31626235399820307,120.16981132075472
16703,39,0.3684210526315789,108.7948717948718
16704,6,0.7333333333333333,14.333333333333334
16705,1,0.0,19.0
16706,5,0.2,24.6
16707,0,0.0,0.0
16708,30,0.2942528735632184,24.633333333333333
16709,3,0.3333333333333333,15.666666666666666
16710,1,0.0,6.0
16711,1,0.0,2.0
16712,35,0.5865546218487395,63.91428571428571
16713,10,0.26666666666666666,18.4
16714,2,0.0,26.5
16715,78,0.5377955377955378,100.75641025641026
16716,13,0.3974358974358974,52.69230769230769
16717,8,0.39285714285714285,13.375
16718,11,0.36363636363636365,68.54545454545455
16719,5,0.1,9.8
16720,21,0.19523809523809524,62.857142857142854
16721,15,0.20952380952380953,86.53333333333333
16722,15,0.29523809523809524,101.26666666666667
16723,111,0.34463554463554463,133.65765765765767
16724,4,0.6666666666666666,50.25
16725,5,0.2,42.4
16726,1,0.0,2.0
16727,7,0.2857142857142857,9.571428571428571
16728,55,0.6936026936026936,86.58181818181818
16729,37,0.14114114114114115,103.27027027027027
16730,0,0.0,0.0
16731,19,0.4152046783625731,32.68421052631579
16732,26,0.28923076923076924,22.807692307692307
16733,4,0.16666666666666666,21.5
16734,36,0.15396825396825398,96.52777777777777
16735,2,1.0,6.0
16736,4,1.0,21.5
16737,15,0.45714285714285713,40.4
16738,4,0.3333333333333333,75.0
16739,305,0.1854616048317515,199.8065573770492
16740,10,0.3111111111111111,31.4
16741,21,0.5761904761904761,25.61904761904762
16742,3,0.3333333333333333,12.0
16743,29,0.1477832512315271,70.62068965517241
16744,33,0.2215909090909091,45.27272727272727
16745,13,0.3717948717948718,30.23076923076923
16746,2,1.0,379.5
16747,4,0.5,81.5
16748,4,0.6666666666666666,68.75
16749,77,0.2887901572112098,89.27272727272727
16750,7,0.6190476190476191,86.0
16751,11,0.32727272727272727,89.54545454545455
16752,2,1.0,15.0
16753,4,1.0,342.25
16754,130,0.22134764460345854,157.3846153846154
16755,15,0.5238095238095238,24.866666666666667
16756,59,0.27177089421391,251.3728813559322
16757,87,0.529270248596632,110.57471264367815
16758,16,0.425,215.3125
16759,66,0.18694638694638693,63.53030303030303
16760,17,0.27205882352941174,33.05882352941177
16761,147,0.12440592675426335,57.7687074829932
16762,2,0.0,1.0
16763,55,0.235016835016835,90.27272727272727
16764,18,0.1437908496732026,48.833333333333336
16765,6,0.2,8.0
16766,4,0.5,22.25
16767,21,0.2714285714285714,102.38095238095238
16768,4,0.5,131.5
16769,25,0.15666666666666668,41.72
16770,96,0.2149122807017544,134.47916666666666
16771,13,0.20512820512820512,28.846153846153847
16772,55,0.31717171717171716,115.72727272727273
16773,145,0.29444444444444445,159.70344827586206
16774,30,0.36091954022988504,158.06666666666666
16775,57,0.38345864661654133,62.96491228070175
16776,34,0.3850267379679144,66.97058823529412
16777,79,0.3213242453748783,220.0759493670886
16778,17,0.5147058823529411,104.6470588235294
16779,71,0.22736418511066397,111.69014084507042
16780,15,0.3523809523809524,26.0
16781,28,0.12433862433862433,34.32142857142857
16782,0,0.0,0.0
16783,13,0.23076923076923078,76.76923076923077
16784,7,0.23809523809523808,12.0
16785,16,0.3333333333333333,53.875
16786,51,0.10431372549019607,64.90196078431373
16787,5,0.6,20.2
16788,14,0.16483516483516483,43.214285714285715
16789,10,0.4222222222222222,58.9
16790,18,0.29411764705882354,46.388888888888886
16791,5,0.8,12.6
16792,7,0.3333333333333333,18.714285714285715
16793,72,0.30164319248826293,200.56944444444446
16794,4,0.5,24.0
16795,99,0.21954236239950525,55.55555555555556
16796,7,0.3333333333333333,29.857142857142858
16797,1,0.0,7.0
16798,2,0.0,27.0
16799,8,0.21428571428571427,10.75
16800,18,0.28104575163398693,135.22222222222223
16801,12,0.42424242424242425,94.91666666666667
16802,0,0.0,0.0
16803,104,0.4157953696788648,115.70192307692308
16804,21,0.24761904761904763,44.333333333333336
16805,4,0.16666666666666666,47.0
16806,12,0.24242424242424243,52.416666666666664
16807,3,0.3333333333333333,41.333333333333336
16808,8,0.39285714285714285,110.5
16809,44,0.3583509513742072,72.20454545454545
16810,23,0.5098814229249012,46.47826086956522
16811,26,0.24307692307692308,48.03846153846154
16812,43,0.17386489479512734,100.6046511627907
16813,9,0.3333333333333333,40.666666666666664
16814,68,0.19183494293239683,107.94117647058823
16815,8,0.42857142857142855,35.75
16816,1,0.0,56.0
16817,12,0.16666666666666666,88.08333333333333
16818,9,0.3611111111111111,56.111111111111114
16819,5,0.1,22.0
16820,16,0.20833333333333334,57.1875
16821,13,0.47435897435897434,50.30769230769231
16822,141,0.34599797365754814,77.51773049645391
16823,25,0.6233333333333333,69.92
16824,6,0.26666666666666666,18.166666666666668
16825,78,0.3646353646353646,70.93589743589743
16826,25,0.35333333333333333,51.12
16827,9,0.4166666666666667,29.22222222222222
16828,8,0.4642857142857143,24.25
16829,64,0.3501984126984127,162.578125
16830,4,0.16666666666666666,38.5
16831,309,0.1472702055226327,141.01618122977345
16832,42,0.41927990708478513,45.19047619047619
16833,65,0.24903846153846154,56.815384615384616
16834,56,0.37272727272727274,80.66071428571429
16835,1,0.0,1.0
16836,20,0.4105263157894737,76.45
16837,5,0.2,18.6
16838,170,0.14138531152105813,120.74117647058823
16839,8,0.2857142857142857,29.0
16840,8,0.5714285714285714,16.375
16841,91,0.4388278388278388,89.31868131868131
16842,1,0.0,9.0
16843,40,0.5474358974358975,60.525
16844,13,0.28205128205128205,54.30769230769231
16845,10,0.4,37.4
16846,11,0.6909090909090909,43.36363636363637
16847,11,0.21818181818181817,206.27272727272728
16848,18,0.19607843137254902,47.22222222222222
16849,8,0.07142857142857142,62.625
16850,28,0.5873015873015873,71.57142857142857
16851,11,0.32727272727272727,172.72727272727272
16852,1,0.0,2.0
16853,6,0.26666666666666666,29.5
16854,1,0.0,52.0
16855,10,0.6888888888888889,47.0
16856,18,0.29411764705882354,42.333333333333336
16857,171,0.2546955624355005,114.4093567251462
16858,1,0.0,1.0
16859,9,0.2777777777777778,12.88888888888889
16860,8,0.6785714285714286,12.25
16861,50,0.2506122448979592,134.3
16862,55,0.2080808080808081,83.9090909090909
16863,4,1.0,12.5
16864,5,0.3,37.4
16865,136,0.1934640522875817,144.39705882352942
16866,1,0.0,3.0
16867,0,0.0,0.0
16868,10,0.13333333333333333,34.2
16869,11,0.16363636363636364,43.27272727272727
16870,8,0.35714285714285715,21.25
16871,13,0.32051282051282054,40.30769230769231
16872,10,0.4,10.3
16873,0,0.0,0.0
16874,0,0.0,0.0
16875,2,0.0,45.0
16876,1,0.0,3.0
16877,101,0.20514851485148514,133.92079207920793
16878,4,0.6666666666666666,11.75
16879,15,0.19047619047619047,28.466666666666665
16880,18,0.5424836601307189,43.05555555555556
16881,5,0.1,17.4
16882,7,0.19047619047619047,10.0
16883,6,0.4,92.0
16884,14,0.5384615384615384,16.571428571428573
16885,50,0.3273469387755102,51.12
16886,1,0.0,16.0
16887,4,0.16666666666666666,31.25
16888,30,0.29195402298850576,62.13333333333333
16889,11,0.2727272727272727,45.36363636363637
16890,6,0.06666666666666667,18.333333333333332
16891,0,0.0,0.0
16892,117,0.2133804892425582,203.4017094017094
16893,68,0.1935908691834943,148.41176470588235
16894,32,0.11088709677419355,60.4375
16895,12,0.9242424242424242,177.25
16896,7,0.23809523809523808,68.42857142857143
16897,5,0.3,102.4
16898,84,0.19650028686173265,60.666666666666664
16899,93,0.3101916783543712,232.34408602150538
16900,66,0.193006993006993,134.16666666666666
16901,30,0.36551724137931035,47.43333333333333
16902,16,0.5583333333333333,106.8125
16903,3,0.0,25.333333333333332
16904,1,0.0,7.0
16905,231,0.13081121776773952,152.53679653679654
16906,4,0.6666666666666666,48.0
16907,40,0.23717948717948717,175.35
16908,18,0.5294117647058824,44.388888888888886
16909,103,0.23110603464686846,66.40776699029126
16910,22,0.24675324675324675,35.95454545454545
16911,20,0.3631578947368421,262.45
16912,18,0.5098039215686274,78.72222222222223
16913,36,0.2571428571428571,77.61111111111111
16914,5,0.2,14.6
16915,41,0.21829268292682927,169.9512195121951
16916,81,0.5419753086419753,80.33333333333333
16917,15,0.5904761904761905,33.53333333333333
16918,36,0.26031746031746034,82.97222222222223
16919,2,1.0,11.5
16920,70,0.115527950310559,66.77142857142857
16921,8,0.42857142857142855,28.125
16922,24,0.4782608695652174,30.416666666666668
16923,12,0.6060606060606061,22.666666666666668
16924,35,0.2235294117647059,41.34285714285714
16925,24,0.2427536231884058,150.58333333333334
16926,11,0.43636363636363634,34.27272727272727
16927,12,0.3333333333333333,148.08333333333334
16928,34,0.22459893048128343,88.58823529411765
16929,84,0.17728055077452667,144.6904761904762
16930,35,0.6470588235294118,51.0
16931,79,0.39824732229795523,121.34177215189874
16932,77,0.20300751879699247,58.36363636363637
16933,26,0.3476923076923077,122.42307692307692
16934,3,0.3333333333333333,210.33333333333334
16935,20,0.2578947368421053,36.7
16936,4,0.16666666666666666,28.75
16937,22,0.21645021645021645,60.77272727272727
16938,4,0.3333333333333333,18.75
16939,8,0.25,47.25
16940,13,0.19230769230769232,72.07692307692308
16941,10,0.28888888888888886,34.5
16942,2,0.0,17.5
16943,7,0.42857142857142855,7.428571428571429
16944,0,0.0,0.0
16945,24,0.2608695652173913,170.54166666666666
16946,16,0.13333333333333333,43.875
16947,3,1.0,4.333333333333333
16948,1,0.0,3.0
16949,0,0.0,0.0
16950,0,0.0,0.0
16951,165,0.23155949741315596,104.56363636363636
16952,1,0.0,1.0
16953,6,0.4666666666666667,145.83333333333334
16954,41,0.36829268292682926,91.85365853658537
16955,23,0.33992094861660077,30.0
16956,16,0.48333333333333334,34.8125
16957,1,0.0,6.0
16958,0,0.0,0.0
16959,17,0.3602941176470588,33.76470588235294
16960,9,0.08333333333333333,26.77777777777778
16961,20,0.22631578947368422,45.55
16962,0,0.0,0.0
16963,10,0.4444444444444444,19.4
16964,10,0.4,29.8
16965,10,0.8666666666666667,73.1
16966,17,0.27941176470588236,123.52941176470588
16967,28,0.18783068783068782,51.642857142857146
16968,1,0.0,10.0
16969,52,0.5512820512820513,136.8653846153846
16970,22,0.4199134199134199,30.318181818181817
16971,11,0.38181818181818183,45.90909090909091
16972,11,0.41818181818181815,36.27272727272727
16973,103,0.2389110984199505,95.22330097087378
16974,16,0.45,22.9375
16975,0,0.0,0.0
16976,2,1.0,5.5
16977,10,0.28888888888888886,29.3
16978,16,0.4083333333333333,31.25
16979,89,0.2093973442288049,89.14606741573034
16980,13,0.32051282051282054,17.76923076923077
16981,0,0.0,0.0
16982,2,1.0,67.5
16983,94,0.10340883093113704,89.48936170212765
16984,17,0.47794117647058826,38.705882352941174
16985,16,0.6583333333333333,24.875
16986,7,0.2857142857142857,54.42857142857143
16987,20,0.33157894736842103,20.95
16988,17,0.39705882352941174,66.29411764705883
16989,20,0.23157894736842105,80.3
16990,15,0.23809523809523808,213.33333333333334
16991,6,0.2,24.5
16992,115,0.1778794813119756,65.42608695652174
16993,48,0.43882978723404253,55.75
16994,26,0.3384615384615385,154.92307692307693
16995,115,0.188558352402746,62.643478260869564
16996,103,0.2309156672377689,131.7766990291262
16997,64,0.65625,141.046875
16998,56,0.3051948051948052,118.0
16999,32,0.2217741935483871,20.9375
17000,14,0.26373626373626374,287.07142857142856
17001,6,0.3333333333333333,9.666666666666666
17002,36,0.3603174603174603,50.02777777777778
17003,40,0.28846153846153844,62.35
17004,28,0.3783068783068783,49.75
17005,11,0.7272727272727273,67.81818181818181
17006,18,0.1111111111111111,12.722222222222221
17007,18,0.16339869281045752,17.27777777777778
17008,5,0.7,383.0
17009,16,0.4083333333333333,108.0625
17010,13,0.32051282051282054,43.53846153846154
17011,13,0.358974358974359,24.76923076923077
17012,36,0.2920634920634921,28.86111111111111
17013,58,0.47428917120387176,146.74137931034483
17014,0,0.0,0.0
17015,22,0.20346320346320346,69.72727272727273
17016,12,0.24242424242424243,193.08333333333334
17017,37,0.39039039039039036,36.054054054054056
17018,5,0.1,66.6
17019,15,0.6095238095238096,35.4
17020,1,0.0,4.0
17021,7,0.47619047619047616,61.142857142857146
17022,34,0.41354723707664887,44.88235294117647
17023,9,0.6666666666666666,104.33333333333333
17024,3,0.3333333333333333,25.666666666666668
17025,15,0.2857142857142857,48.86666666666667
17026,25,0.18,57.64
17027,27,0.21082621082621084,104.07407407407408
17028,12,0.42424242424242425,38.416666666666664
17029,1,0.0,17.0
17030,12,0.3787878787878788,28.5
17031,34,0.23885918003565063,51.088235294117645
17032,7,0.19047619047619047,56.0
17033,45,0.16464646464646465,107.62222222222222
17034,11,0.21818181818181817,81.18181818181819
17035,11,0.18181818181818182,112.18181818181819
17036,45,0.1898989898989899,52.37777777777778
17037,19,0.14035087719298245,132.42105263157896
17038,61,0.5169398907103825,165.01639344262296
17039,24,0.2536231884057971,77.45833333333333
17040,92,0.14930721452460582,153.3913043478261
17041,49,0.28741496598639454,178.42857142857142
17042,51,0.21490196078431373,57.78431372549019
17043,127,0.29271341082364705,103.51181102362204
17044,18,0.3202614379084967,45.388888888888886
17045,8,0.32142857142857145,57.625
17046,14,0.4175824175824176,35.642857142857146
17047,23,0.40711462450592883,50.65217391304348
17048,139,0.3128975080804921,86.29496402877697
17049,10,0.2,22.6
17050,128,0.23093011811023623,115.40625
17051,39,0.3265856950067476,44.12820512820513
17052,12,0.3939393939393939,91.66666666666667
17053,35,0.21176470588235294,39.48571428571429
17054,11,0.32727272727272727,18.454545454545453
17055,98,0.2932884494003787,127.24489795918367
17056,47,0.1341350601295097,62.04255319148936
17057,8,0.2857142857142857,17.0
17058,7,0.19047619047619047,29.0
17059,14,0.9340659340659341,72.21428571428571
17060,5,0.3,13.2
17061,14,0.5604395604395604,45.214285714285715
17062,2,1.0,19.0
17063,5,0.2,56.8
17064,49,0.19387755102040816,104.65306122448979
17065,4,0.16666666666666666,21.0
17066,10,0.7777777777777778,90.8
17067,33,0.24621212121212122,46.18181818181818
17068,14,0.2857142857142857,27.642857142857142
17069,1,0.0,20.0
17070,3,0.6666666666666666,39.333333333333336
17071,8,0.5714285714285714,22.25
17072,15,0.8571428571428571,63.06666666666667
17073,1,0.0,5.0
17074,16,0.38333333333333336,148.0
17075,83,0.17690273288275052,173.27710843373495
17076,2,0.0,13.0
17077,17,0.27205882352941174,21.764705882352942
17078,83,0.5251248898031149,158.87951807228916
17079,51,0.1992156862745098,69.80392156862744
17080,0,0.0,0.0
17081,9,0.19444444444444445,110.0
17082,3,0.0,4.0
17083,20,0.39473684210526316,61.1
17084,18,0.35947712418300654,34.333333333333336
17085,1,0.0,7.0
17086,17,0.27205882352941174,84.0
17087,85,0.49019607843137253,75.0
17088,19,0.30409356725146197,150.0
17089,84,0.22432587492828457,48.82142857142857
17090,22,0.43722943722943725,75.13636363636364
17091,106,0.132973944294699,128.83018867924528
17092,19,0.2982456140350877,38.63157894736842
17093,80,0.1778481012658228,141.0875
17094,37,0.3228228228228228,116.0
17095,5,1.0,33.6
17096,44,0.3773784355179704,105.86363636363636
17097,2,0.0,22.5
17098,34,0.22638146167557932,47.64705882352941
17099,2,0.0,11.5
17100,13,0.358974358974359,36.69230769230769
17101,19,0.8011695906432749,90.94736842105263
17102,9,0.3611111111111111,31.666666666666668
17103,3,0.3333333333333333,17.333333333333332
17104,123,0.3078768492602959,151.739837398374
17105,47,0.41350601295097134,99.53191489361703
17106,122,0.17978593686492345,147.38524590163934
17107,104,0.3954443614637789,70.34615384615384
17108,7,0.23809523809523808,22.428571428571427
17109,0,0.0,0.0
17110,190,0.1998329156223893,199.56315789473683
17111,133,0.13624971519708362,73.83458646616542
17112,63,0.6856118791602662,81.53968253968254
17113,4,0.16666666666666666,22.25
17114,2,0.0,15.0
17115,14,0.2857142857142857,47.285714285714285
17116,6,0.2,9.0
17117,4,0.5,63.75
17118,10,0.28888888888888886,100.6
17119,5,0.5,44.8
17120,22,0.1471861471861472,40.63636363636363
17121,6,0.13333333333333333,10.166666666666666
17122,41,0.3719512195121951,78.85365853658537
17123,13,0.3076923076923077,19.76923076923077
17124,6,1.0,58.333333333333336
17125,7,0.19047619047619047,17.285714285714285
17126,2,0.0,3.5
17127,2,0.0,138.0
17128,1480,0.029213493412276373,100.0945945945946
17129,3,1.0,20.0
17130,15,0.17142857142857143,53.733333333333334
17131,70,0.48819875776397514,90.0
17132,5,0.5,84.4
17133,9,0.4166666666666667,60.111111111111114
17134,25,0.30333333333333334,64.0
17135,13,0.16666666666666666,38.0
17136,19,0.47953216374269003,40.421052631578945
17137,26,0.24307692307692308,39.30769230769231
17138,6,0.13333333333333333,63.666666666666664
17139,0,0.0,0.0
17140,27,0.23076923076923078,46.074074074074076
17141,51,0.20627450980392156,111.62745098039215
17142,0,0.0,0.0
17143,7,0.14285714285714285,15.285714285714286
17144,65,0.15432692307692308,125.49230769230769
17145,10,0.1111111111111111,32.7
17146,69,0.2259164535379369,89.59420289855072
17147,20,0.49473684210526314,28.55
17148,27,0.33048433048433046,97.48148148148148
17149,16,0.35833333333333334,193.0
17150,26,0.7230769230769231,137.42307692307693
17151,20,0.8631578947368421,205.0
17152,21,0.6523809523809524,99.33333333333333
17153,66,0.2191142191142191,107.27272727272727
17154,5,0.5,34.2
17155,10,0.5333333333333333,144.1
17156,18,0.8823529411764706,33.666666666666664
17157,55,0.30505050505050507,62.8
17158,62,0.5224748810153358,81.87096774193549
17159,34,0.29590017825311943,59.911764705882355
17160,1,0.0,26.0
17161,154,0.21288515406162464,120.18831168831169
17162,44,0.7917547568710359,99.31818181818181
17163,8,0.25,15.5
17164,83,0.1892447840141052,59.08433734939759
17165,66,0.3184149184149184,62.34848484848485
17166,19,0.5906432748538012,21.68421052631579
17167,43,0.2912513842746401,96.3953488372093
17168,25,0.4033333333333333,132.76
17169,60,0.211864406779661,197.73333333333332
17170,20,0.17894736842105263,123.2
17171,5,0.2,15.4
17172,16,0.9083333333333333,113.5
17173,55,0.2781144781144781,48.6
17174,24,0.3442028985507246,60.666666666666664
17175,26,0.11076923076923077,57.88461538461539
17176,12,0.6818181818181818,23.166666666666668
17177,4,0.3333333333333333,25.0
17178,24,0.2463768115942029,83.83333333333333
17179,0,0.0,0.0
17180,43,0.4706533776301218,107.0
17181,3,0.0,6.333333333333333
17182,0,0.0,0.0
17183,128,0.24015748031496062,100.2734375
17184,3,1.0,71.33333333333333
17185,25,0.23,36.96
17186,3,0.3333333333333333,77.66666666666667
17187,3,0.0,8.333333333333334
17188,20,0.5052631578947369,148.5
17189,0,0.0,0.0
17190,0,0.0,0.0
17191,1,0.0,8.0
17192,1,0.0,3.0
17193,41,0.3378048780487805,101.92682926829268
17194,25,0.5433333333333333,139.52
17195,28,0.2037037037037037,198.35714285714286
17196,8,0.21428571428571427,30.25
17197,2,0.0,174.0
17198,1,0.0,20.0
17199,4,0.3333333333333333,2.75
17200,26,0.5723076923076923,32.34615384615385
17201,46,0.19516908212560385,79.3695652173913
17202,21,0.5619047619047619,67.61904761904762
17203,54,0.44025157232704404,68.51851851851852
17204,71,0.2591549295774648,76.45070422535211
17205,20,0.4052631578947368,81.95
17206,28,0.41534391534391535,19.714285714285715
17207,4,0.16666666666666666,25.5
17208,12,0.3939393939393939,31.0
17209,16,0.18333333333333332,33.5
17210,12,0.2878787878787879,95.0
17211,9,0.3333333333333333,64.55555555555556
17212,71,0.14366197183098592,58.63380281690141
17213,16,0.325,26.75
17214,1,0.0,13.0
17215,6,0.4666666666666667,18.166666666666668
17216,12,0.19696969696969696,111.33333333333333
17217,3,0.3333333333333333,16.333333333333332
17218,4,0.0,16.75
17219,10,0.4444444444444444,512.3
17220,31,0.6129032258064516,89.38709677419355
17221,10,0.15555555555555556,65.6
17222,3,0.6666666666666666,4.666666666666667
17223,91,0.2512820512820513,119.73626373626374
17224,30,0.31494252873563217,141.6
17225,59,0.26767971946230273,58.6271186440678
17226,0,0.0,0.0
17227,12,0.4696969696969697,36.416666666666664
17228,205,0.18751793400286945,203.6
17229,12,0.8333333333333334,49.333333333333336
17230,7,0.42857142857142855,36.285714285714285
17231,50,0.2310204081632653,107.0
17232,11,1.0,17.272727272727273
17233,30,0.2735632183908046,36.666666666666664
17234,24,0.2318840579710145,79.45833333333333
17235,9,0.1388888888888889,46.333333333333336
17236,69,0.32438192668371696,59.34782608695652
17237,9,0.4444444444444444,33.111111111111114
17238,31,0.3827956989247312,40.935483870967744
17239,3,0.3333333333333333,17.333333333333332
17240,28,0.5793650793650794,124.28571428571429
17241,51,0.3333333333333333,150.66666666666666
17242,10,0.6222222222222222,103.4
17243,25,0.7866666666666666,66.4
17244,31,0.24086021505376345,94.3225806451613
17245,0,0.0,0.0
17246,14,0.23076923076923078,37.642857142857146
17247,3,1.0,14.666666666666666
17248,20,0.8105263157894737,51.75
17249,5,0.2,24.4
17250,29,0.23645320197044334,54.172413793103445
17251,19,0.19298245614035087,29.68421052631579
17252,23,0.37549407114624506,50.73913043478261
17253,7,0.23809523809523808,12.428571428571429
17254,15,0.1619047619047619,17.2
17255,39,0.33468286099865047,284.2307692307692
17256,2,0.0,5.5
17257,103,0.2073101085094232,176.71844660194174
17258,4,0.8333333333333334,12.75
17259,1,0.0,15.0
17260,3,0.0,7.666666666666667
17261,7,0.42857142857142855,15.142857142857142
17262,12,0.3787878787878788,41.166666666666664
17263,3,0.6666666666666666,177.33333333333334
17264,17,0.4264705882352941,37.11764705882353
17265,6,0.5333333333333333,63.166666666666664
17266,39,0.25371120107962214,107.51282051282051
17267,11,0.14545454545454545,25.90909090909091
17268,28,0.4021164021164021,56.82142857142857
17269,24,0.35144927536231885,37.375
17270,6,0.2,43.5
17271,10,0.4888888888888889,53.0
17272,56,0.30324675324675326,114.92857142857143
17273,41,0.44634146341463415,87.90243902439025
17274,0,0.0,0.0
17275,66,0.23403263403263402,75.4090909090909
17276,49,0.11989795918367346,55.857142857142854
17277,18,0.35947712418300654,39.72222222222222
17278,2,1.0,679.5
17279,48,0.25975177304964536,112.27083333333333
17280,3,1.0,26.0
17281,525,0.08999636495819702,143.56761904761905
17282,55,0.14276094276094276,103.65454545454546
17283,2,0.0,5.5
17284,6,0.6,349.6666666666667
17285,15,0.6571428571428571,37.733333333333334
17286,11,0.38181818181818183,61.36363636363637
17287,19,0.08771929824561403,41.578947368421055
17288,8,0.2857142857142857,169.375
17289,2,1.0,22.0
17290,6,0.3333333333333333,22.0
17291,13,0.4358974358974359,24.0
17292,1,0.0,1.0
17293,18,0.35294117647058826,62.05555555555556
17294,6,0.13333333333333333,12.333333333333334
17295,78,0.3732933732933733,59.256410256410255
17296,9,0.16666666666666666,31.333333333333332
17297,4,0.16666666666666666,34.0
17298,1,0.0,18.0
17299,6,0.2,8.5
17300,4,0.3333333333333333,10.5
17301,34,0.2976827094474153,83.08823529411765
17302,35,0.21176470588235294,42.68571428571428
17303,28,0.2671957671957672,29.428571428571427
17304,106,0.3559748427672956,156.53773584905662
17305,25,0.7366666666666667,65.2
17306,33,0.26136363636363635,203.33333333333334
17307,17,0.5073529411764706,24.470588235294116
17308,82,0.19271303824149352,130.3658536585366
17309,16,0.1,52.375
17310,22,0.3593073593073593,87.13636363636364
17311,103,0.24861983628402817,197.60194174757282
17312,98,0.14748579844308857,65.75510204081633
17313,44,0.6268498942917548,69.27272727272727
17314,11,0.34545454545454546,16.272727272727273
17315,131,0.3048737522019965,254.6793893129771
17316,1,0.0,93.0
17317,6,0.4,61.166666666666664
17318,3,0.3333333333333333,22.333333333333332
17319,15,0.22857142857142856,43.46666666666667
17320,0,0.0,0.0
17321,25,0.21,67.88
17322,0,0.0,0.0
17323,6,0.26666666666666666,114.33333333333333
17324,34,0.3333333333333333,81.38235294117646
17325,161,0.1468167701863354,168.73291925465838
17326,2,0.0,58.0
17327,18,0.22875816993464052,169.33333333333334
17328,4,0.3333333333333333,18.5
17329,9,0.3611111111111111,95.44444444444444
17330,31,0.567741935483871,60.87096774193548
17331,35,0.5361344537815126,64.28571428571429
17332,13,0.3717948717948718,37.15384615384615
17333,1,0.0,16.0
17334,2,1.0,17.5
17335,4,0.16666666666666666,4.0
17336,7,0.23809523809523808,35.714285714285715
17337,16,0.19166666666666668,32.375
17338,10,0.5555555555555556,67.7
17339,45,0.25555555555555554,95.37777777777778
17340,23,0.3438735177865613,48.56521739130435
17341,10,0.28888888888888886,26.2
17342,10,0.6666666666666666,125.0
17343,90,0.1780274656679151,110.18888888888888
17344,20,0.3263157894736842,134.25
17345,28,0.1164021164021164,91.71428571428571
17346,19,0.5263157894736842,28.263157894736842
17347,60,0.43559322033898307,109.86666666666666
17348,19,0.24561403508771928,29.105263157894736
17349,30,0.3632183908045977,46.86666666666667
17350,113,0.27085967130214916,127.52212389380531
17351,94,0.6721574010523907,87.41489361702128
17352,20,0.6947368421052632,119.45
17353,0,0.0,0.0
17354,0,0.0,0.0
17355,74,0.574231766012588,76.44594594594595
17356,17,0.3382352941176471,197.58823529411765
17357,3,1.0,14.666666666666666
17358,1,0.0,6.0
17359,2,0.0,59.0
17360,4,0.3333333333333333,35.75
17361,34,0.17825311942959002,32.73529411764706
17362,23,0.2845849802371542,45.52173913043478
17363,8,0.21428571428571427,115.875
17364,1,0.0,28.0
17365,26,0.3292307692307692,70.57692307692308
17366,15,0.34285714285714286,54.733333333333334
17367,14,0.27472527472527475,12.714285714285714
17368,15,0.23809523809523808,65.06666666666666
17369,12,0.2727272727272727,37.833333333333336
17370,5,0.1,29.4
17371,8,0.4642857142857143,38.5
17372,0,0.0,0.0
17373,8,0.21428571428571427,45.0
17374,1,0.0,26.0
17375,4,0.6666666666666666,30.75
17376,2,0.0,35.0
17377,9,0.2222222222222222,8.88888888888889
17378,2,0.0,35.0
17379,50,0.2922448979591837,139.54
17380,27,0.5555555555555556,67.4074074074074
17381,7,0.38095238095238093,64.57142857142857
17382,23,0.9130434782608695,70.08695652173913
17383,47,0.3108233117483811,51.680851063829785
17384,19,0.5087719298245614,37.73684210526316
17385,4,0.3333333333333333,43.5
17386,6,0.06666666666666667,23.666666666666668
17387,5,0.2,78.8
17388,46,0.4222222222222222,134.6304347826087
17389,162,0.1677785445901388,161.95679012345678
17390,13,0.3333333333333333,47.76923076923077
17391,13,0.20512820512820512,38.92307692307692
17392,56,0.7597402597402597,88.82142857142857
17393,35,0.4336134453781513,136.4
17394,1,0.0,14.0
17395,2,1.0,17.0
17396,38,0.519203413940256,46.78947368421053
17397,9,0.3333333333333333,9.666666666666666
17398,3,0.3333333333333333,16.0
17399,1,0.0,39.0
17400,10,0.13333333333333333,59.0
17401,0,0.0,0.0
17402,3,0.0,34.666666666666664
17403,40,0.31025641025641026,49.625
17404,1,0.0,12.0
17405,14,0.3516483516483517,53.285714285714285
17406,292,0.12994868897989925,117.06164383561644
17407,50,0.20244897959183675,148.96
17408,41,0.17560975609756097,105.0
17409,22,0.2727272727272727,58.86363636363637
17410,5,0.8,66.8
17411,47,0.21646623496762257,161.51063829787233
17412,7,0.7142857142857143,41.42857142857143
17413,71,0.4370221327967807,171.56338028169014
17414,2,1.0,8.0
17415,27,0.31054131054131057,214.5185185185185
17416,59,0.21332554061952075,55.3728813559322
17417,7,0.19047619047619047,20.714285714285715
17418,112,0.1315958815958816,75.69642857142857
17419,3,0.0,26.666666666666668
17420,22,0.15151515151515152,38.81818181818182
17421,24,0.42391304347826086,331.5416666666667
17422,3,0.0,53.666666666666664
17423,54,0.20335429769392033,83.64814814814815
17424,40,0.2794871794871795,122.525
17425,5,0.3,15.4
17426,14,0.5384615384615384,56.142857142857146
17427,61,0.2284153005464481,110.08196721311475
17428,24,0.39855072463768115,47.416666666666664
17429,2,1.0,91.5
17430,7,0.2857142857142857,71.57142857142857
17431,3,0.0,3.6666666666666665
17432,27,0.2792022792022792,106.81481481481481
17433,1,0.0,12.0
17434,33,0.4147727272727273,67.51515151515152
17435,0,0.0,0.0
17436,83,0.26329709080223335,224.18072289156626
17437,28,0.17989417989417988,105.07142857142857
17438,36,0.21428571428571427,41.52777777777778
17439,6,0.26666666666666666,18.833333333333332
17440,45,0.17373737373737375,86.42222222222222
17441,24,0.2391304347826087,61.583333333333336
17442,12,0.30303030303030304,24.333333333333332
17443,2,0.0,99.5
17444,29,0.4014778325123153,46.55172413793103
17445,35,0.2638655462184874,26.085714285714285
17446,138,0.1757114143658098,127.3913043478261
17447,3,1.0,32.333333333333336
17448,22,0.3722943722943723,25.772727272727273
17449,3,0.0,13.333333333333334
17450,83,0.16426682339112547,128.10843373493975
17451,2,0.0,40.5
17452,3,1.0,7.0
17453,1,0.0,2.0
17454,5,0.9,33.8
17455,15,0.22857142857142856,21.866666666666667
17456,30,0.296551724137931,58.93333333333333
17457,38,0.18207681365576103,73.44736842105263
17458,39,0.33873144399460187,85.82051282051282
17459,66,0.22657342657342658,64.4090909090909
17460,61,0.2191256830601093,44.78688524590164
17461,20,0.2631578947368421,35.45
17462,52,0.1726998491704374,199.15384615384616
17463,125,0.3896774193548387,107.64
17464,0,0.0,0.0
17465,68,0.38937664618086043,65.22058823529412
17466,44,0.26215644820295986,42.18181818181818
17467,21,0.35714285714285715,31.80952380952381
17468,27,0.6951566951566952,63.55555555555556
17469,11,0.2727272727272727,17.181818181818183
17470,27,0.2678062678062678,58.48148148148148
17471,14,0.3626373626373626,74.21428571428571
17472,46,0.4405797101449275,86.1304347826087
17473,5,0.0,23.4
17474,25,0.6966666666666667,75.56
17475,22,0.15151515151515152,39.77272727272727
17476,39,0.24561403508771928,53.87179487179487
17477,25,0.56,231.24
17478,13,0.41025641025641024,20.923076923076923
17479,0,0.0,0.0
17480,5,0.6,39.8
17481,44,0.28858350951374206,119.56818181818181
17482,7,0.3333333333333333,34.142857142857146
17483,38,0.1806543385490754,58.55263157894737
17484,16,0.475,62.3125
17485,8,0.35714285714285715,27.0
17486,30,0.2896551724137931,80.73333333333333
17487,21,0.15714285714285714,51.333333333333336
17488,53,0.11756168359941944,29.22641509433962
17489,1,0.0,103.0
17490,23,0.13438735177865613,37.65217391304348
17491,0,0.0,0.0
17492,112,0.15733590733590733,171.48214285714286
17493,5,0.6,28.4
17494,0,0.0,0.0
17495,30,0.5885057471264368,97.5
17496,3,0.6666666666666666,17.0
17497,2,0.0,48.5
17498,11,0.16363636363636364,28.0
17499,5,0.9,88.2
17500,124,0.26042486231313927,148.8951612903226
17501,4,0.0,13.25
17502,1,0.0,13.0
17503,87,0.29804865009355785,274.4022988505747
17504,9,0.5,133.33333333333334
17505,11,0.3090909090909091,13.272727272727273
17506,23,0.24110671936758893,58.47826086956522
17507,19,0.21052631578947367,44.31578947368421
17508,35,0.346218487394958,331.77142857142854
17509,9,0.2222222222222222,70.22222222222223
17510,11,0.45454545454545453,122.36363636363636
17511,0,0.0,0.0
17512,15,0.11428571428571428,44.46666666666667
17513,16,0.275,23.5625
17514,7,0.7619047619047619,26.0
17515,30,0.2367816091954023,72.9
17516,19,0.30409356725146197,42.8421052631579
17517,11,0.2545454545454545,41.54545454545455
17518,9,0.75,179.33333333333334
17519,49,0.1445578231292517,43.06122448979592
17520,24,0.23550724637681159,29.375
17521,40,0.24871794871794872,92.775
17522,42,0.1173054587688734,40.976190476190474
17523,31,0.2623655913978495,53.12903225806452
17524,143,0.4092386486752684,97.45454545454545
17525,30,0.38620689655172413,63.9
17526,34,0.3582887700534759,83.94117647058823
17527,22,0.2554112554112554,27.045454545454547
17528,0,0.0,0.0
17529,103,0.19150961355415952,143.44660194174756
17530,29,0.4039408866995074,187.55172413793105
17531,2,1.0,18.5
17532,11,0.38181818181818183,63.27272727272727
17533,15,0.5333333333333333,109.66666666666667
17534,25,0.43333333333333335,85.48
17535,33,0.22727272727272727,66.9090909090909
17536,3,0.3333333333333333,6.666666666666667
17537,1,0.0,5.0
17538,7,0.3333333333333333,33.0
17539,30,0.3264367816091954,172.33333333333334
17540,11,0.4,53.63636363636363
17541,99,0.6534735106163677,117.92929292929293
17542,46,0.3130434782608696,55.108695652173914
17543,25,0.52,99.52
17544,105,0.18333333333333332,126.45714285714286
17545,71,0.05352112676056338,49.76056338028169
17546,5,0.6,56.2
17547,157,0.37840927649844847,96.69426751592357
17548,29,0.270935960591133,102.51724137931035
17549,5,0.1,23.2
17550,0,0.0,0.0
17551,4,0.0,20.75
17552,17,0.4264705882352941,52.8235294117647
17553,3,0.3333333333333333,4.666666666666667
17554,6,0.26666666666666666,10.666666666666666
17555,36,0.3746031746031746,94.88888888888889
17556,17,0.2647058823529412,61.411764705882355
17557,12,0.3181818181818182,169.75
17558,7,0.23809523809523808,55.42857142857143
17559,42,0.6016260162601627,85.95238095238095
17560,8,0.4642857142857143,29.25
17561,18,0.26143790849673204,35.111111111111114
17562,4,0.16666666666666666,77.5
17563,18,0.24836601307189543,38.833333333333336
17564,4,0.16666666666666666,6.0
17565,12,0.18181818181818182,54.333333333333336
17566,5,0.1,63.0
17567,33,0.24242424242424243,78.9090909090909
17568,4,0.16666666666666666,22.75
17569,2,0.0,8.5
17570,29,0.18719211822660098,49.89655172413793
17571,68,0.23002633889376647,52.51470588235294
17572,17,0.38235294117647056,44.94117647058823
17573,8,0.32142857142857145,25.375
17574,22,0.22943722943722944,114.4090909090909
17575,121,0.23870523415977962,103.65289256198348
17576,1,0.0,2.0
17577,29,0.30295566502463056,64.65517241379311
17578,39,0.18083670715249664,39.23076923076923
17579,17,0.39705882352941174,176.35294117647058
17580,24,0.358695652173913,61.5
17581,32,0.27419354838709675,123.4375
17582,13,0.21794871794871795,47.84615384615385
17583,3,1.0,5.666666666666667
17584,295,0.20518851608439986,123.51186440677967
17585,55,0.4208754208754209,60.8
17586,44,0.33509513742071884,19.477272727272727
17587,6,0.9333333333333333,42.333333333333336
17588,9,0.6111111111111112,25.0
17589,36,0.12222222222222222,93.44444444444444
17590,20,0.16842105263157894,39.05
17591,8,0.42857142857142855,35.0
17592,4,1.0,59.25
17593,10,0.35555555555555557,40.1
17594,1,0.0,26.0
17595,12,0.3181818181818182,68.58333333333333
17596,3,1.0,21.666666666666668
17597,4,0.6666666666666666,18.0
17598,31,0.32688172043010755,91.90322580645162
17599,1,0.0,36.0
17600,16,0.25,78.6875
17601,98,0.29391962970755314,103.37755102040816
17602,139,0.3537691585861745,128.37410071942446
17603,9,0.4166666666666667,70.88888888888889
17604,26,0.1723076923076923,63.23076923076923
17605,3,0.3333333333333333,18.0
17606,12,0.3484848484848485,34.5
17607,37,0.3738738738738739,55.027027027027025
17608,15,0.5428571428571428,69.26666666666667
17609,19,0.2222222222222222,165.10526315789474
17610,1,0.0,10.0
17611,100,0.2785858585858586,70.84
17612,114,0.26253687315634217,130.33333333333334
17613,59,0.4330800701344243,179.61016949152543
17614,39,0.2564102564102564,66.07692307692308
17615,57,0.24436090225563908,100.35087719298245
17616,4,0.16666666666666666,8.0
17617,45,0.19494949494949496,112.5111111111111
17618,42,0.13008130081300814,103.52380952380952
17619,45,0.2797979797979798,223.7111111111111
17620,180,0.1489137181874612,129.55555555555554
17621,0,0.0,0.0
17622,1,0.0,8.0
17623,4,0.5,11.5
17624,82,0.18096958747365252,75.85365853658537
17625,0,0.0,0.0
17626,13,0.3076923076923077,29.307692307692307
17627,62,0.23479640401903754,123.40322580645162
17628,98,0.15106248685041027,64.72448979591837
17629,2,0.0,13.0
17630,32,0.13911290322580644,153.09375
17631,34,0.5258467023172906,50.61764705882353
17632,43,0.40753045404208194,47.93023255813954
17633,31,0.18924731182795698,71.41935483870968
17634,5,0.6,19.4
17635,6,0.4,15.166666666666666
17636,5,0.6,52.0
17637,11,0.36363636363636365,84.0909090909091
17638,29,0.2315270935960591,56.0
17639,3,0.3333333333333333,18.666666666666668
17640,51,0.15294117647058825,135.2941176470588
17641,3,0.6666666666666666,8.333333333333334
17642,4,0.5,15.5
17643,5,0.2,27.8
17644,3,0.0,69.66666666666667
17645,58,0.1736237144585602,99.0
17646,39,0.3441295546558704,104.17948717948718
17647,5,0.2,14.4
17648,3,0.3333333333333333,22.0
17649,19,0.3684210526315789,46.89473684210526
17650,12,0.3181818181818182,87.91666666666667
17651,112,0.25965250965250963,72.04464285714286
17652,9,0.08333333333333333,29.22222222222222
17653,24,0.7028985507246377,63.958333333333336
17654,13,0.6410256410256411,32.69230769230769
17655,92,0.20258002866698518,67.47826086956522
17656,58,0.7477313974591652,103.29310344827586
17657,267,0.252456985159528,121.33333333333333
17658,23,0.6403162055335968,36.95652173913044
17659,3,0.3333333333333333,33.666666666666664
17660,20,0.3684210526315789,55.15
17661,10,0.7555555555555555,50.9
17662,63,0.22734254992319508,135.23809523809524
17663,13,0.5384615384615384,53.76923076923077
17664,4,0.3333333333333333,399.0
17665,18,0.16993464052287582,58.888888888888886
17666,5,0.0,49.8
17667,24,0.9057971014492754,65.91666666666667
17668,44,0.22410147991543342,74.63636363636364
17669,90,0.4926342072409488,112.95555555555555
17670,3,0.0,26.666666666666668
17671,128,0.06779035433070867,65.640625
17672,8,0.14285714285714285,31.375
17673,60,0.2593220338983051,105.48333333333333
17674,0,0.0,0.0
17675,80,0.16487341772151898,47.525
17676,29,0.10591133004926108,32.275862068965516
17677,29,0.1896551724137931,110.55172413793103
17678,27,0.2849002849002849,51.2962962962963
17679,21,0.40476190476190477,114.0952380952381
17680,112,0.1364221364221364,111.96428571428571
17681,30,0.26666666666666666,138.26666666666668
17682,22,0.13852813852813853,34.72727272727273
17683,9,0.16666666666666666,21.0
17684,72,0.22887323943661972,110.76388888888889
17685,7,0.09523809523809523,74.57142857142857
17686,58,0.3599516031457955,106.10344827586206
17687,13,0.4358974358974359,48.23076923076923
17688,2,0.0,33.0
17689,10,0.4666666666666667,251.8
17690,56,0.6487012987012987,62.375
17691,6,0.4,53.333333333333336
17692,4,0.3333333333333333,12.75
17693,0,0.0,0.0
17694,4,0.16666666666666666,63.75
17695,0,0.0,0.0
17696,11,0.23636363636363636,33.81818181818182
17697,10,0.37777777777777777,22.0
17698,11,0.2909090909090909,54.63636363636363
17699,5,0.3,21.0
17700,9,0.8333333333333334,60.55555555555556
17701,41,0.20853658536585365,20.5609756097561
17702,5,0.3,10.2
17703,64,0.16468253968253968,132.9375
17704,4,0.3333333333333333,11.0
17705,11,0.6181818181818182,16.181818181818183
17706,3,0.6666666666666666,33.666666666666664
17707,1,0.0,91.0
17708,4,1.0,35.75
17709,46,0.15845410628019324,144.19565217391303
17710,37,0.16666666666666666,38.4054054054054
17711,40,0.19230769230769232,103.675
17712,46,0.3458937198067633,56.97826086956522
17713,340,0.17850078084331078,195.62058823529412
17714,30,0.20229885057471264,115.53333333333333
17715,11,0.18181818181818182,124.27272727272727
17716,184,0.2988833452126396,119.1086956521739
17717,6,0.6,59.166666666666664
17718,9,0.3055555555555556,73.44444444444444
17719,12,0.3181818181818182,27.333333333333332
17720,17,0.19852941176470587,121.94117647058823
17721,59,0.36937463471654003,111.88135593220339
17722,9,0.8055555555555556,63.44444444444444
17723,3,0.6666666666666666,31.666666666666668
17724,11,0.18181818181818182,32.0
17725,90,0.17677902621722846,46.977777777777774
17726,39,0.22807017543859648,34.07692307692308
17727,60,0.1768361581920904,59.9
17728,14,0.37362637362637363,33.214285714285715
17729,1,0.0,1.0
17730,23,0.16205533596837945,155.95652173913044
17731,44,0.24947145877378435,157.8181818181818
17732,26,0.3169230769230769,43.84615384615385
17733,75,0.26126126126126126,241.13333333333333
17734,7,0.38095238095238093,14.428571428571429
17735,127,0.18397700287464067,153.5275590551181
17736,3,1.0,7.0
17737,10,0.6444444444444445,51.6
17738,3,0.3333333333333333,22.333333333333332
17739,4,0.3333333333333333,19.5
17740,52,0.17873303167420815,49.5
17741,3,0.3333333333333333,17.333333333333332
17742,20,0.4,16.8
17743,33,0.3996212121212121,52.90909090909091
17744,2,1.0,15.5
17745,21,0.3047619047619048,87.9047619047619
17746,2,0.0,9.0
17747,21,0.20476190476190476,31.19047619047619
17748,53,0.3432510885341074,94.26415094339623
17749,3,0.6666666666666666,19.0
17750,1,0.0,17.0
17751,1,0.0,34.0
17752,0,0.0,0.0
17753,31,0.17634408602150536,144.41935483870967
17754,35,0.2605042016806723,77.91428571428571
17755,56,0.13766233766233765,33.80357142857143
17756,16,0.25,74.625
17757,27,0.2934472934472934,44.44444444444444
17758,0,0.0,0.0
17759,8,0.5714285714285714,156.25
17760,118,0.14356077067941475,132.8135593220339
17761,38,0.43385490753911804,132.89473684210526
17762,13,0.24358974358974358,57.0
17763,5,0.3,244.6
17764,15,0.24761904761904763,22.266666666666666
17765,16,0.2833333333333333,41.875
17766,55,0.3528619528619529,140.12727272727273
17767,8,0.25,124.375
17768,6,0.4666666666666667,88.5
17769,54,0.32005590496156533,81.18518518518519
17770,0,0.0,0.0
17771,16,0.48333333333333334,41.625
17772,0,0.0,0.0
17773,8,0.14285714285714285,7.25
17774,19,0.3333333333333333,64.36842105263158
17775,16,0.2,45.75
17776,218,0.20175030651502981,144.79357798165137
17777,16,0.44166666666666665,321.5
17778,47,0.42183163737280294,110.02127659574468
17779,7,0.42857142857142855,39.57142857142857
17780,18,0.1437908496732026,25.72222222222222
17781,18,0.6078431372549019,55.666666666666664
17782,17,0.3088235294117647,133.7058823529412
17783,79,0.41090555014605645,53.56962025316456
17784,31,0.23870967741935484,57.74193548387097
17785,5,0.1,63.8
17786,14,0.1978021978021978,144.92857142857142
17787,63,0.2529441884280594,210.12698412698413
17788,3,1.0,37.666666666666664
17789,66,0.4195804195804196,175.96969696969697
17790,1,0.0,2.0
17791,1,0.0,25.0
17792,29,0.09852216748768473,48.37931034482759
17793,79,0.13988964621876016,99.29113924050633
17794,46,0.1748792270531401,84.04347826086956
17795,0,0.0,0.0
17796,1,0.0,21.0
17797,6,0.6666666666666666,23.0
17798,29,0.5172413793103449,68.93103448275862
17799,12,0.19696969696969696,37.583333333333336
17800,2,1.0,4.0
17801,10,0.35555555555555557,13.1
17802,13,0.0641025641025641,34.53846153846154
17803,54,0.48497554157931516,46.25925925925926
17804,14,0.27472527472527475,64.14285714285714
17805,9,0.5277777777777778,15.777777777777779
17806,9,0.19444444444444445,14.666666666666666
17807,5,0.0,36.8
17808,12,0.25757575757575757,159.16666666666666
17809,38,0.21621621621621623,46.3421052631579
17810,4,0.0,54.0
17811,17,0.1323529411764706,45.529411764705884
17812,6,0.13333333333333333,17.333333333333332
17813,40,0.3282051282051282,55.85
17814,5,0.6,49.0
17815,47,0.211840888066605,81.7872340425532
17816,36,0.22857142857142856,38.30555555555556
17817,17,0.022058823529411766,21.11764705882353
17818,0,0.0,0.0
17819,43,0.1805094130675526,72.97674418604652
17820,58,0.3430127041742287,118.1896551724138
17821,17,0.45588235294117646,53.05882352941177
17822,2,0.0,33.5
17823,40,0.17051282051282052,68.55
17824,7,0.047619047619047616,37.714285714285715
17825,5,0.9,46.8
17826,2,1.0,21.0
17827,3,0.0,32.333333333333336
17828,4,0.3333333333333333,62.0
17829,29,0.15270935960591134,47.48275862068966
17830,1,0.0,25.0
17831,218,0.30604997251934213,130.69266055045873
17832,4,0.3333333333333333,64.5
17833,38,0.3058321479374111,54.18421052631579
17834,16,0.15833333333333333,117.8125
17835,22,0.5411255411255411,19.818181818181817
17836,1,0.0,14.0
17837,20,0.8263157894736842,41.5
17838,8,0.35714285714285715,65.625
17839,3,1.0,13.333333333333334
17840,3,0.0,5.0
17841,2,0.0,43.5
17842,60,0.22542372881355932,94.83333333333333
17843,14,0.26373626373626374,31.357142857142858
17844,6,0.6,9.333333333333334
17845,4,0.0,21.75
17846,3,0.0,24.333333333333332
17847,19,0.43859649122807015,171.78947368421052
17848,4,0.16666666666666666,45.25
17849,10,0.5555555555555556,27.2
17850,16,0.5083333333333333,32.875
17851,3,0.6666666666666666,69.33333333333333
17852,14,0.18681318681318682,175.57142857142858
17853,0,0.0,0.0
17854,1,0.0,6.0
17855,21,0.5095238095238095,127.80952380952381
17856,36,0.21904761904761905,106.83333333333333
17857,7,0.3333333333333333,23.428571428571427
17858,17,0.22794117647058823,64.6470588235294
17859,4,0.6666666666666666,12.5
17860,7,0.09523809523809523,46.42857142857143
17861,18,0.4444444444444444,60.72222222222222
17862,17,0.33088235294117646,285.6470588235294
17863,16,0.4666666666666667,28.3125
17864,4,0.6666666666666666,222.5
17865,20,0.15263157894736842,126.7
17866,17,0.3897058823529412,19.58823529411765
17867,43,0.2967884828349945,44.372093023255815
17868,7,0.6190476190476191,8.571428571428571
17869,4,0.8333333333333334,19.5
17870,16,0.21666666666666667,85.3125
17871,6,0.8,14.833333333333334
17872,25,0.38,39.76
17873,10,0.4444444444444444,67.9
17874,204,0.2218197623877137,124.56372549019608
17875,28,0.16137566137566137,39.0
17876,6,0.06666666666666667,21.333333333333332
17877,38,0.519203413940256,41.578947368421055
17878,45,0.6595959595959596,53.422222222222224
17879,19,0.7134502923976608,19.68421052631579
17880,24,0.6884057971014492,112.20833333333333
17881,32,0.16129032258064516,49.96875
17882,57,0.6478696741854637,61.07017543859649
17883,24,0.286231884057971,25.916666666666668
17884,22,0.5108225108225108,27.318181818181817
17885,0,0.0,0.0
17886,251,0.18766533864541832,200.38645418326692
17887,10,0.28888888888888886,13.1
17888,26,0.3476923076923077,42.03846153846154
17889,32,0.43951612903225806,65.46875
17890,5,0.0,32.8
17891,16,0.4666666666666667,50.1875
17892,8,0.75,38.0
17893,11,0.8909090909090909,55.18181818181818
17894,31,0.3053763440860215,37.903225806451616
17895,38,0.21763869132290184,41.421052631578945
17896,26,0.6276923076923077,86.88461538461539
17897,10,0.4888888888888889,49.4
17898,54,0.41998602375960864,148.87037037037038
17899,35,0.2134453781512605,148.68571428571428
17900,17,0.4338235294117647,36.294117647058826
17901,8,0.39285714285714285,29.0
17902,72,0.18701095461658843,47.416666666666664
17903,259,0.2600640507617252,120.92277992277992
17904,5,0.6,15.0
17905,51,0.6572549019607843,60.490196078431374
17906,103,0.3797829811536265,152.07766990291262
17907,40,0.4166666666666667,43.45
17908,4,0.16666666666666666,36.0
17909,37,0.24924924924924924,71.37837837837837
17910,23,0.16996047430830039,35.56521739130435
17911,57,0.6228070175438597,61.78947368421053
17912,32,0.3407258064516129,54.34375
17913,2,0.0,371.5
17914,7,0.42857142857142855,282.14285714285717
17915,129,0.4895833333333333,122.59689922480621
17916,3,0.0,78.0
17917,4,0.16666666666666666,50.75
17918,25,0.21666666666666667,94.84
17919,8,0.2857142857142857,55.625
17920,171,0.2643962848297214,129.6140350877193
17921,6,0.13333333333333333,8.5
17922,1,0.0,1.0
17923,1,0.0,1.0
17924,23,0.4189723320158103,83.95652173913044
17925,3,0.6666666666666666,11.333333333333334
17926,13,0.2692307692307692,20.307692307692307
17927,2,1.0,3.5
17928,25,0.5166666666666667,112.52
17929,13,0.20512820512820512,25.0
17930,12,0.803030303030303,47.916666666666664
17931,2,0.0,5.0
17932,43,0.8626799557032115,143.13953488372093
17933,2,1.0,17.0
17934,71,0.262374245472837,34.57746478873239
17935,1,0.0,3.0
17936,1,0.0,2.0
17937,5,0.3,31.0
17938,42,0.6132404181184669,42.142857142857146
17939,1,0.0,3.0
17940,188,0.10450563204005006,123.42021276595744
17941,4,0.3333333333333333,21.75
17942,4,1.0,25.0
17943,12,0.4696969696969697,61.666666666666664
17944,55,0.2781144781144781,63.945454545454545
17945,2,1.0,41.0
17946,31,0.6559139784946236,55.645161290322584
17947,18,0.41830065359477125,55.388888888888886
17948,0,0.0,0.0
17949,8,0.14285714285714285,39.0
17950,201,0.18577114427860697,209.2189054726368
17951,90,0.26217228464419473,116.47777777777777
17952,1,0.0,2.0
17953,3,1.0,44.333333333333336
17954,4,0.16666666666666666,59.25
17955,3,0.0,30.333333333333332
17956,24,0.22826086956521738,63.0
17957,7,0.5238095238095238,44.42857142857143
17958,13,0.2948717948717949,19.692307692307693
17959,6,0.2,16.0
17960,48,0.2402482269503546,38.395833333333336
17961,23,0.2490118577075099,67.69565217391305
17962,16,0.3416666666666667,63.875
17963,60,0.207909604519774,133.55
17964,65,0.16298076923076923,32.66153846153846
17965,108,0.5076150917272413,155.12037037037038
17966,85,0.2411764705882353,96.87058823529412
17967,12,0.5151515151515151,32.083333333333336
17968,24,0.8840579710144928,92.45833333333333
17969,47,0.35892691951896394,51.59574468085106
17970,13,0.5,50.92307692307692
17971,5,0.1,21.8
17972,39,0.42105263157894735,24.564102564102566
17973,2,1.0,11.5
17974,15,0.34285714285714286,179.86666666666667
17975,1,0.0,28.0
17976,22,0.4199134199134199,40.68181818181818
17977,11,0.2909090909090909,14.363636363636363
17978,38,0.2759601706970128,121.94736842105263
17979,28,0.6851851851851852,42.642857142857146
17980,67,0.19448213478064225,80.26865671641791
17981,110,0.4115095913261051,97.0
17982,4,0.5,12.5
17983,15,0.4380952380952381,60.666666666666664
17984,119,0.24740065517732518,57.445378151260506
17985,9,0.2222222222222222,71.33333333333333
17986,65,0.5432692307692307,57.246153846153845
17987,0,0.0,0.0
17988,31,0.23225806451612904,101.19354838709677
17989,7,0.14285714285714285,90.28571428571429
17990,86,0.28700410396716824,136.98837209302326
17991,12,0.21212121212121213,50.333333333333336
17992,26,0.3261538461538461,76.53846153846153
17993,11,0.23636363636363636,55.45454545454545
17994,8,0.17857142857142858,8.875
17995,11,0.4,68.36363636363636
17996,10,0.3111111111111111,44.1
17997,13,0.2564102564102564,26.0
17998,3,0.3333333333333333,7.666666666666667
17999,38,0.2503556187766714,44.55263157894737
18000,255,0.12947352169214144,132.16470588235293
18001,33,0.2178030303030303,115.78787878787878
18002,2,1.0,13.0
18003,25,0.14333333333333334,40.4
18004,0,0.0,0.0
18005,0,0.0,0.0
18006,5,0.3,85.6
18007,2,1.0,9.5
18008,1,0.0,5.0
18009,7,0.42857142857142855,33.857142857142854
18010,52,0.23001508295625941,131.07692307692307
18011,93,0.10892940626460963,60.97849462365591
18012,1,0.0,19.0
18013,70,0.23271221532091096,103.44285714285714
18014,27,0.6153846153846154,69.48148148148148
18015,3,0.3333333333333333,42.0
18016,18,0.30718954248366015,32.22222222222222
18017,11,0.3090909090909091,86.18181818181819
18018,2,1.0,53.0
18019,15,0.20952380952380953,80.8
18020,165,0.3558758314855876,96.19393939393939
18021,5,0.5,152.2
18022,15,0.3333333333333333,65.73333333333333
18023,15,0.6666666666666666,41.53333333333333
18024,13,0.5384615384615384,24.307692307692307
18025,12,0.7727272727272727,26.25
18026,8,0.14285714285714285,21.875
18027,0,0.0,0.0
18028,21,0.4714285714285714,67.95238095238095
18029,4,0.16666666666666666,9.25
18030,30,0.2620689655172414,98.46666666666667
18031,10,0.28888888888888886,30.3
18032,38,0.3442389758179232,220.26315789473685
18033,18,0.7843137254901961,144.27777777777777
18034,8,0.32142857142857145,17.5
18035,30,0.4850574712643678,61.13333333333333
18036,16,0.175,22.625
18037,4,0.3333333333333333,5.75
18038,126,0.10184126984126984,100.65079365079364
18039,14,0.6373626373626373,65.57142857142857
18040,4,0.5,176.5
18041,12,0.48484848484848486,56.583333333333336
18042,2,1.0,32.0
18043,2,1.0,22.5
18044,13,0.358974358974359,29.153846153846153
18045,31,0.6559139784946236,68.06451612903226
18046,15,0.20952380952380953,63.666666666666664
18047,0,0.0,0.0
18048,1,0.0,2.0
18049,42,0.34494773519163763,118.28571428571429
18050,10,0.4,32.4
18051,14,0.2857142857142857,25.928571428571427
18052,1,0.0,14.0
18053,43,0.301218161683278,56.04651162790697
18054,3,0.3333333333333333,7.666666666666667
18055,4,0.16666666666666666,11.0
18056,10,0.6222222222222222,27.2
18057,18,0.21568627450980393,69.0
18058,46,0.4628019323671498,116.30434782608695
18059,63,0.18996415770609318,98.01587301587301
18060,63,0.20993343573988735,50.92063492063492
18061,15,0.18095238095238095,54.86666666666667
18062,72,0.25273865414710484,49.47222222222222
18063,33,0.22537878787878787,136.87878787878788
18064,15,0.21904761904761905,84.33333333333333
18065,33,0.2859848484848485,62.63636363636363
18066,6,0.4666666666666667,146.0
18067,18,0.23529411764705882,133.16666666666666
18068,11,0.2,62.90909090909091
18069,28,0.5211640211640212,190.89285714285714
18070,43,0.38981173864894797,145.27906976744185
18071,11,0.23636363636363636,61.63636363636363
18072,9,0.5277777777777778,20.444444444444443
18073,32,0.5362903225806451,49.78125
18074,3,0.0,24.333333333333332
18075,6,0.4,58.5
18076,1,0.0,1.0
18077,1,0.0,8.0
18078,11,0.9090909090909091,25.636363636363637
18079,7,0.7142857142857143,68.28571428571429
18080,6,0.13333333333333333,28.5
18081,27,0.3190883190883191,36.333333333333336
18082,23,0.2885375494071146,45.56521739130435
18083,2,1.0,70.5
18084,57,0.5469924812030075,104.03508771929825
18085,4,0.16666666666666666,116.5
18086,11,0.2,112.36363636363636
18087,1,0.0,9.0
18088,44,0.23044397463002114,90.06818181818181
18089,109,0.18280665987088004,189.1834862385321
18090,20,0.4052631578947368,27.25
18091,463,0.1039896029096893,143.83585313174947
18092,16,0.3,102.375
18093,69,0.2988064791133845,137.59420289855072
18094,5,0.2,19.0
18095,15,0.34285714285714286,109.0
18096,64,0.40327380952380953,74.09375
18097,6,0.6666666666666666,25.666666666666668
18098,17,0.4264705882352941,39.35294117647059
18099,10,0.3333333333333333,50.2
18100,56,0.2753246753246753,88.01785714285714
18101,43,0.1450719822812846,49.2093023255814
18102,5,0.3,81.2
18103,50,0.4555102040816327,50.2
18104,42,0.20557491289198607,121.78571428571429
18105,42,0.24390243902439024,41.04761904761905
18106,14,0.4835164835164835,87.42857142857143
18107,3,1.0,326.6666666666667
18108,44,0.2917547568710359,61.47727272727273
18109,21,0.5047619047619047,52.57142857142857
18110,2,0.0,58.5
18111,0,0.0,0.0
18112,15,0.7619047619047619,50.0
18113,2,1.0,35.5
18114,3,1.0,86.33333333333333
18115,30,0.4091954022988506,40.8
18116,19,0.2631578947368421,38.526315789473685
18117,16,0.85,128.5625
18118,1,0.0,35.0
18119,21,0.08571428571428572,27.61904761904762
18120,11,0.21818181818181817,53.54545454545455
18121,74,0.16068122917437985,78.04054054054055
18122,3,0.0,14.666666666666666
18123,9,0.3055555555555556,51.44444444444444
18124,14,0.15384615384615385,36.714285714285715
18125,4,0.16666666666666666,41.0
18126,4,0.6666666666666666,27.0
18127,1,0.0,16.0
18128,43,0.3333333333333333,36.02325581395349
18129,132,0.27052972472819803,145.82575757575756
18130,0,0.0,0.0
18131,11,0.23636363636363636,25.363636363636363
18132,3,0.0,14.333333333333334
18133,0,0.0,0.0
18134,10,0.17777777777777778,113.0
18135,9,0.4166666666666667,46.22222222222222
18136,8,0.4642857142857143,21.0
18137,6,0.3333333333333333,61.5
18138,1,0.0,13.0
18139,22,0.22510822510822512,45.63636363636363
18140,0,0.0,0.0
18141,28,0.3941798941798942,171.67857142857142
18142,2,1.0,4.0
18143,40,0.16538461538461538,105.925
18144,25,0.45,155.12
18145,1,0.0,7.0
18146,0,0.0,0.0
18147,82,0.41222523336344474,177.1341463414634
18148,16,0.325,49.75
18149,149,0.13586069290767278,177.4765100671141
18150,89,0.1118488253319714,60.79775280898876
18151,7,0.6666666666666666,20.142857142857142
18152,5,0.4,30.6
18153,0,0.0,0.0
18154,15,0.21904761904761905,66.0
18155,38,0.44950213371266,77.28947368421052
18156,68,0.3999122036874451,133.72058823529412
18157,2,1.0,33.0
18158,51,0.27058823529411763,82.58823529411765
18159,9,0.3611111111111111,106.44444444444444
18160,4,0.3333333333333333,57.25
18161,4,1.0,51.75
18162,2,1.0,55.0
18163,11,0.4,31.363636363636363
18164,5,0.6,17.2
18165,2,1.0,16.0
18166,19,0.28654970760233917,51.78947368421053
18167,16,0.08333333333333333,38.125
18168,10,0.28888888888888886,16.7
18169,20,0.4105263157894737,81.35
18170,34,0.39572192513368987,102.23529411764706
18171,1,0.0,8.0
18172,5,0.6,163.0
18173,37,0.3108108108108108,43.108108108108105
18174,20,0.5052631578947369,43.85
18175,6,0.3333333333333333,18.333333333333332
18176,3,0.0,21.0
18177,1,0.0,6.0
18178,1,0.0,119.0
18179,1,0.0,8.0
18180,25,0.24666666666666667,84.92
18181,50,0.41959183673469386,92.8
18182,13,0.47435897435897434,29.384615384615383
18183,37,0.15765765765765766,61.62162162162162
18184,4,0.16666666666666666,60.5
18185,0,0.0,0.0
18186,16,0.4,118.0625
18187,12,0.6060606060606061,21.75
18188,31,0.5311827956989247,43.32258064516129
18189,14,0.2087912087912088,69.57142857142857
18190,9,0.2222222222222222,36.55555555555556
18191,5,0.2,34.6
18192,5,0.9,27.0
18193,49,0.272108843537415,102.81632653061224
18194,22,0.24675324675324675,111.18181818181819
18195,2,0.0,12.5
18196,9,0.4444444444444444,43.77777777777778
18197,92,0.36574295269947443,110.02173913043478
18198,6,0.2,50.666666666666664
18199,6,0.4,27.666666666666668
18200,112,0.17326254826254825,87.58928571428571
18201,26,0.4153846153846154,88.65384615384616
18202,26,0.36923076923076925,37.19230769230769
18203,0,0.0,0.0
18204,9,0.5555555555555556,75.88888888888889
18205,16,0.24166666666666667,31.3125
18206,0,0.0,0.0
18207,52,0.3295625942684766,145.1346153846154
18208,47,0.8233117483811286,138.25531914893617
18209,15,0.3904761904761905,39.8
18210,3,0.3333333333333333,15.666666666666666
18211,6,0.3333333333333333,22.833333333333332
18212,69,0.3277919863597613,51.21739130434783
18213,1,0.0,22.0
18214,7,0.19047619047619047,36.142857142857146
18215,16,0.45,71.625
18216,12,0.19696969696969696,74.0
18217,16,0.35833333333333334,52.75
18218,28,0.2328042328042328,27.357142857142858
18219,61,0.17923497267759564,81.49180327868852
18220,4,1.0,22.5
18221,68,0.41308165057067603,295.55882352941177
18222,30,0.38850574712643676,63.733333333333334
18223,1,0.0,15.0
18224,30,0.23218390804597702,137.33333333333334
18225,12,0.2727272727272727,46.416666666666664
18226,16,0.20833333333333334,59.3125
18227,37,0.31981981981981983,41.027027027027025
18228,0,0.0,0.0
18229,104,0.5832710978342046,130.375
18230,3,1.0,20.0
18231,13,0.47435897435897434,496.0769230769231
18232,82,0.15959048479373683,76.7439024390244
18233,9,0.25,64.77777777777777
18234,14,0.24175824175824176,23.285714285714285
18235,24,0.2028985507246377,72.95833333333333
18236,9,0.4722222222222222,43.666666666666664
18237,20,0.37894736842105264,36.6
18238,0,0.0,0.0
18239,10,0.4444444444444444,21.5
18240,3,0.0,14.0
18241,39,0.203778677462888,40.94871794871795
18242,2,1.0,10.0
18243,11,0.6727272727272727,39.27272727272727
18244,42,0.17886178861788618,37.785714285714285
18245,9,0.4166666666666667,33.77777777777778
18246,6,0.4666666666666667,26.833333333333332
18247,46,0.18164251207729468,64.21739130434783
18248,11,0.41818181818181815,24.0
18249,12,0.18181818181818182,38.5
18250,28,0.455026455026455,40.67857142857143
18251,57,0.20927318295739347,42.78947368421053
18252,3,0.3333333333333333,35.333333333333336
18253,19,0.49122807017543857,21.05263157894737
18254,2,1.0,20.5
18255,1,0.0,17.0
18256,28,0.41798941798941797,118.67857142857143
18257,19,0.19883040935672514,55.526315789473685
18258,69,0.30264279624893436,51.53623188405797
18259,5,0.3,44.2
18260,5,0.0,15.6
18261,78,0.25041625041625043,96.91025641025641
18262,27,0.21367521367521367,61.407407407407405
18263,143,0.1966906333103516,127.24475524475524
18264,10,0.17777777777777778,20.8
18265,9,0.2777777777777778,55.22222222222222
18266,8,0.14285714285714285,27.75
18267,8,0.5357142857142857,107.25
18268,32,0.26814516129032256,51.46875
18269,10,0.6222222222222222,21.9
18270,5,0.8,16.2
18271,6,0.4666666666666667,17.333333333333332
18272,36,0.14126984126984127,29.166666666666668
18273,83,0.4754628269174258,102.53012048192771
18274,105,0.39798534798534796,111.16190476190476
18275,66,0.21491841491841493,125.89393939393939
18276,23,0.38735177865612647,91.69565217391305
18277,13,0.6025641025641025,72.84615384615384
18278,6,0.06666666666666667,24.666666666666668
18279,48,0.32180851063829785,102.08333333333333
18280,10,0.35555555555555557,35.4
18281,37,0.13813813813813813,24.72972972972973
18282,33,0.2481060606060606,60.18181818181818
18283,5,0.7,25.8
18284,9,0.3055555555555556,63.55555555555556
18285,16,0.25833333333333336,69.3125
18286,16,0.5416666666666666,170.0
18287,178,0.20345331048054338,101.47191011235955
18288,28,0.24867724867724866,37.107142857142854
18289,10,0.6444444444444445,33.0
18290,13,0.5897435897435898,32.30769230769231
18291,24,0.3188405797101449,76.0
18292,13,0.3076923076923077,56.76923076923077
18293,10,0.28888888888888886,93.3
18294,41,0.19146341463414634,67.95121951219512
18295,119,0.1917105825381,113.42857142857143
18296,53,0.2155297532656023,75.24528301886792
18297,18,0.42483660130718953,33.55555555555556
18298,84,0.3258749282845668,68.1547619047619
18299,13,0.2948717948717949,178.0
18300,80,0.529113924050633,160.575
18301,3,0.3333333333333333,84.66666666666667
18302,7,0.047619047619047616,26.0
18303,38,0.16642958748221906,36.63157894736842
18304,3,0.0,29.0
18305,0,0.0,0.0
18306,68,0.2721685689201054,81.07352941176471
18307,34,0.4919786096256685,96.11764705882354
18308,9,0.1388888888888889,34.44444444444444
18309,27,0.11965811965811966,49.77777777777778
18310,57,0.3333333333333333,131.57894736842104
18311,6,0.6666666666666666,54.666666666666664
18312,12,0.36363636363636365,33.333333333333336
18313,10,0.4,32.1
18314,8,0.2857142857142857,24.75
18315,200,0.24587939698492461,221.91
18316,3,0.3333333333333333,17.0
18317,29,0.21674876847290642,105.51724137931035
18318,54,0.2585604472396925,74.62962962962963
18319,20,0.5210526315789473,137.1
18320,14,0.3516483516483517,86.71428571428571
18321,8,0.5714285714285714,115.5
18322,9,0.16666666666666666,25.88888888888889
18323,140,0.25210688591983554,76.63571428571429
18324,4,1.0,64.0
18325,3,0.3333333333333333,13.333333333333334
18326,20,0.7052631578947368,145.15
18327,5,0.2,39.6
18328,6,0.6666666666666666,27.666666666666668
18329,11,0.09090909090909091,21.545454545454547
18330,57,0.12468671679197994,81.0
18331,57,0.12781954887218044,43.526315789473685
18332,39,0.2631578947368421,46.30769230769231
18333,45,0.45454545454545453,51.733333333333334
18334,10,0.26666666666666666,61.1
18335,51,0.6392156862745098,125.94117647058823
18336,1,0.0,40.0
18337,8,0.35714285714285715,40.875
18338,77,0.26657552973342447,122.87012987012987
18339,46,0.37874396135265703,79.6304347826087
18340,42,0.4250871080139373,54.642857142857146
18341,31,0.4172043010752688,39.74193548387097
18342,56,0.7253246753246754,84.28571428571429
18343,16,0.25833333333333336,115.5
18344,14,0.32967032967032966,113.57142857142857
18345,36,0.3761904761904762,44.361111111111114
18346,63,0.22324628776241678,39.714285714285715
18347,4,0.16666666666666666,68.75
18348,14,0.7252747252747253,89.57142857142857
18349,85,0.3697478991596639,53.1764705882353
18350,13,0.4230769230769231,130.6153846153846
18351,10,0.37777777777777777,68.7
18352,8,0.25,47.875
18353,5,0.8,35.8
18354,1,0.0,16.0
18355,13,0.11538461538461539,54.92307692307692
18356,41,0.4329268292682927,68.0
18357,9,0.2777777777777778,93.77777777777777
18358,83,0.1839553335292389,117.72289156626506
18359,22,0.5757575757575758,41.59090909090909
18360,11,0.4,48.54545454545455
18361,26,0.11384615384615385,115.57692307692308
18362,0,0.0,0.0
18363,8,0.5,92.375
18364,14,0.5274725274725275,18.071428571428573
18365,170,0.20529063696484512,93.05882352941177
18366,9,0.3333333333333333,67.11111111111111
18367,68,0.20237050043898155,210.8235294117647
18368,15,0.19047619047619047,39.93333333333333
18369,72,0.2378716744913928,61.15277777777778
18370,21,0.4523809523809524,176.76190476190476
18371,51,0.6258823529411764,99.27450980392157
18372,38,0.15647226173541964,98.78947368421052
18373,48,0.36436170212765956,56.9375
18374,13,0.21794871794871795,38.46153846153846
18375,129,0.4958817829457364,129.02325581395348
18376,6,0.06666666666666667,10.666666666666666
18377,29,0.41379310344827586,70.10344827586206
18378,90,0.2861423220973783,128.1888888888889
18379,40,0.39871794871794874,150.975
18380,95,0.49608062709966405,82.10526315789474
18381,24,0.14130434782608695,58.416666666666664
18382,12,0.19696969696969696,32.916666666666664
18383,8,0.35714285714285715,76.25
18384,5,0.2,84.6
18385,3,1.0,60.0
18386,131,0.3995302407516148,103.74809160305344
18387,8,0.14285714285714285,16.0
18388,2,0.0,35.5
18389,12,0.3484848484848485,31.0
18390,46,0.30434782608695654,67.3913043478261
18391,11,0.3090909090909091,46.72727272727273
18392,43,0.5780730897009967,39.651162790697676
18393,7,0.2857142857142857,20.0
18394,36,0.5396825396825397,50.97222222222222
18395,41,0.21097560975609755,98.46341463414635
18396,1,0.0,1.0
18397,9,0.5,40.666666666666664
18398,34,0.5240641711229946,26.352941176470587
18399,4,0.16666666666666666,27.0
18400,88,0.18521421107628006,159.60227272727272
18401,4,0.3333333333333333,13.25
18402,67,0.1854364540931705,84.95522388059702
18403,13,0.28205128205128205,104.23076923076923
18404,11,0.32727272727272727,131.54545454545453
18405,11,0.2727272727272727,27.09090909090909
18406,2,0.0,30.5
18407,3,0.3333333333333333,18.0
18408,4,0.0,56.0
18409,14,0.1978021978021978,39.857142857142854
18410,10,0.4,32.1
18411,8,0.10714285714285714,30.625
18412,14,0.45054945054945056,55.0
18413,2,0.0,167.0
18414,10,0.4444444444444444,19.2
18415,2,0.0,29.5
18416,1,0.0,21.0
18417,39,0.2496626180836707,137.23076923076923
18418,1,0.0,63.0
18419,48,0.3554964539007092,39.5
18420,30,0.23448275862068965,95.7
18421,59,0.21449444769140855,135.135593220339
18422,74,0.27508330248056273,94.95945945945945
18423,18,0.9084967320261438,132.5
18424,3,0.3333333333333333,69.33333333333333
18425,6,0.13333333333333333,12.5
18426,5,0.2,48.2
18427,37,0.33933933933933935,53.13513513513514
18428,22,0.23376623376623376,96.68181818181819
18429,65,0.1673076923076923,193.53846153846155
18430,71,0.1762575452716298,105.19718309859155
18431,13,0.1794871794871795,35.69230769230769
18432,41,0.28780487804878047,49.46341463414634
18433,14,0.3516483516483517,29.428571428571427
18434,5,0.2,25.8
18435,4,1.0,17.25
18436,41,0.28780487804878047,91.51219512195122
18437,92,0.48924988055422836,159.42391304347825
18438,8,0.2857142857142857,22.375
18439,15,0.5047619047619047,13.933333333333334
18440,6,0.13333333333333333,37.0
18441,12,0.25757575757575757,29.0
18442,16,0.15833333333333333,37.5625
18443,36,0.21904761904761905,84.91666666666667
18444,79,0.4083089905874716,58.50632911392405
18445,10,0.24444444444444444,47.3
18446,3,0.3333333333333333,25.0
18447,58,0.4089534180278282,69.3103448275862
18448,3,0.6666666666666666,5.666666666666667
18449,14,0.4065934065934066,42.642857142857146
18450,2,1.0,12.0
18451,9,0.1388888888888889,44.22222222222222
18452,3,1.0,64.0
18453,1,0.0,8.0
18454,28,0.35978835978835977,51.67857142857143
18455,0,0.0,0.0
18456,0,0.0,0.0
18457,12,0.5757575757575758,44.416666666666664
18458,11,0.4,58.63636363636363
18459,44,0.19978858350951373,66.13636363636364
18460,92,0.2649307214524606,107.56521739130434
18461,36,0.2253968253968254,27.444444444444443
18462,8,0.35714285714285715,12.5
18463,8,0.21428571428571427,53.375
18464,229,0.16172527388339844,163.24454148471617
18465,60,0.12372881355932204,43.266666666666666
18466,7,0.38095238095238093,15.857142857142858
18467,46,0.3826086956521739,44.65217391304348
18468,2,0.0,37.0
18469,93,0.3345021037868163,75.13978494623656
18470,1,0.0,33.0
18471,26,0.28615384615384615,47.42307692307692
18472,105,0.6203296703296703,116.4095238095238
18473,22,0.3246753246753247,47.18181818181818
18474,5,0.4,28.8
18475,27,0.34472934472934474,51.18518518518518
18476,8,0.5714285714285714,27.5
18477,32,0.0846774193548387,31.71875
18478,36,0.7571428571428571,120.44444444444444
18479,6,0.4666666666666667,16.333333333333332
18480,41,0.21951219512195122,52.8780487804878
18481,10,0.4222222222222222,27.3
18482,7,0.19047619047619047,94.0
18483,5,0.5,51.8
18484,13,0.10256410256410256,24.615384615384617
18485,43,0.2591362126245847,72.69767441860465
18486,44,0.4619450317124736,97.61363636363636
18487,19,0.32748538011695905,39.05263157894737
18488,8,0.4642857142857143,117.125
18489,1,0.0,85.0
18490,72,0.32198748043818465,42.111111111111114
18491,37,0.17717717717717718,90.83783783783784
18492,23,0.43478260869565216,52.08695652173913
18493,5,0.2,158.0
18494,83,0.5486335586247428,107.90361445783132
18495,20,0.25263157894736843,23.0
18496,37,0.41291291291291293,161.7027027027027
18497,75,0.1272072072072072,94.64
18498,2,0.0,104.0
18499,41,0.7560975609756098,95.41463414634147
18500,26,0.5969230769230769,43.92307692307692
18501,81,0.6854938271604938,123.60493827160494
18502,3,0.0,43.333333333333336
18503,116,0.2853073463268366,118.35344827586206
18504,19,0.34502923976608185,62.78947368421053
18505,16,0.11666666666666667,25.9375
18506,6,0.2,49.333333333333336
18507,16,0.15833333333333333,21.375
18508,54,0.1264849755415793,104.0
18509,3,0.6666666666666666,29.666666666666668
18510,13,0.3717948717948718,49.38461538461539
18511,3,1.0,8.0
18512,5,0.3,6.6
18513,15,0.26666666666666666,48.8
18514,31,0.2086021505376344,39.12903225806452
18515,35,0.3663865546218487,37.77142857142857
18516,0,0.0,0.0
18517,45,0.6222222222222222,102.44444444444444
18518,43,0.3034330011074197,111.88372093023256
18519,6,0.0,16.333333333333332
18520,11,0.2545454545454545,28.90909090909091
18521,6,0.4666666666666667,101.5
18522,73,0.11035007610350075,75.63013698630137
18523,30,0.5195402298850574,95.23333333333333
18524,11,0.12727272727272726,27.09090909090909
18525,46,0.42028985507246375,139.7826086956522
18526,4,0.0,15.5
18527,15,0.7333333333333333,39.93333333333333
18528,13,0.4358974358974359,44.92307692307692
18529,4,0.16666666666666666,43.25
18530,11,0.36363636363636365,48.90909090909091
18531,52,0.4079939668174962,59.94230769230769
18532,9,0.8611111111111112,254.0
18533,4,0.5,11.0
18534,12,0.13636363636363635,61.166666666666664
18535,42,0.26248548199767713,64.38095238095238
18536,27,0.20797720797720798,48.51851851851852
18537,53,0.3838896952104499,69.01886792452831
18538,70,0.2070393374741201,142.02857142857144
18539,100,0.2498989898989899,90.93
18540,7,0.19047619047619047,25.0
18541,18,0.23529411764705882,113.11111111111111
18542,6,0.6666666666666666,38.833333333333336
18543,4,0.3333333333333333,34.75
18544,13,0.20512820512820512,69.07692307692308
18545,1,0.0,27.0
18546,34,0.2994652406417112,116.47058823529412
18547,76,0.26456140350877194,143.0921052631579
18548,29,0.6650246305418719,44.275862068965516
18549,31,0.3935483870967742,63.354838709677416
18550,10,0.6444444444444445,74.1
18551,18,0.29411764705882354,48.94444444444444
18552,20,0.1368421052631579,30.95
18553,72,0.6208920187793427,96.55555555555556
18554,11,0.32727272727272727,14.363636363636363
18555,0,0.0,0.0
18556,28,0.373015873015873,154.82142857142858
18557,53,0.16618287373004353,76.83018867924528
18558,5,0.2,10.6
18559,6,0.26666666666666666,28.333333333333332
18560,19,0.7251461988304093,91.84210526315789
18561,1,0.0,2.0
18562,39,0.5856950067476383,77.94871794871794
18563,9,0.3888888888888889,33.333333333333336
18564,55,0.26666666666666666,164.6909090909091
18565,18,0.41830065359477125,57.44444444444444
18566,5,0.9,32.6
18567,24,0.22826086956521738,30.166666666666668
18568,8,0.5,37.75
18569,3,0.0,35.0
18570,24,0.4057971014492754,52.333333333333336
18571,38,0.3712660028449502,83.05263157894737
18572,41,0.3195121951219512,59.926829268292686
18573,8,0.32142857142857145,43.125
18574,4,0.5,11.25
18575,442,0.11235263336103672,156.99773755656108
18576,6,0.6666666666666666,20.5
18577,5,0.6,13.4
18578,140,0.24573484069886947,236.72142857142856
18579,17,0.6544117647058824,49.470588235294116
18580,16,0.2833333333333333,19.875
18581,47,0.3071230342275671,47.06382978723404
18582,27,0.2564102564102564,40.925925925925924
18583,92,0.652651696129957,119.55434782608695
18584,12,0.3333333333333333,49.75
18585,4,0.5,13.5
18586,23,0.3438735177865613,22.869565217391305
18587,27,0.29914529914529914,57.0
18588,27,0.1623931623931624,29.37037037037037
18589,3,0.3333333333333333,9.333333333333334
18590,7,0.3333333333333333,25.285714285714285
18591,103,0.32990671996954124,132.37864077669903
18592,1,0.0,3.0
18593,72,0.3904538341158059,75.66666666666667
18594,25,0.21333333333333335,46.64
18595,51,0.37098039215686274,304.1372549019608
18596,88,0.33672936259143155,173.9318181818182
18597,20,0.6631578947368421,41.35
18598,2,0.0,11.5
18599,27,0.3732193732193732,86.66666666666667
18600,27,0.27635327635327633,78.44444444444444
18601,42,0.429732868757259,58.80952380952381
18602,143,0.13109425785482123,171.9020979020979
18603,17,0.16911764705882354,37.64705882352941
18604,21,0.30952380952380953,75.9047619047619
18605,34,0.19607843137254902,58.35294117647059
18606,11,0.5636363636363636,34.0
18607,0,0.0,0.0
18608,3,0.3333333333333333,14.333333333333334
18609,6,0.9333333333333333,107.0
18610,79,0.6293411230120091,80.0
18611,67,0.18769787426503845,42.74626865671642
18612,5,0.5,9.2
18613,5,0.1,89.2
18614,82,0.49623607347184584,92.17073170731707
18615,62,0.4558434690639873,98.1774193548387
18616,20,0.2736842105263158,99.65
18617,1,0.0,11.0
18618,156,0.20380479735318446,213.8397435897436
18619,5,0.4,83.0
18620,3,0.6666666666666666,13.0
18621,11,0.41818181818181815,34.72727272727273
18622,21,0.2523809523809524,183.76190476190476
18623,62,0.1866737176097303,111.61290322580645
18624,64,0.5808531746031746,114.4375
18625,132,0.3896599583622484,121.46212121212122
18626,6,0.7333333333333333,90.83333333333333
18627,16,0.31666666666666665,59.25
18628,3,0.0,45.0
18629,9,0.2777777777777778,51.55555555555556
18630,34,0.4295900178253119,49.35294117647059
18631,51,0.1623529411764706,118.29411764705883
18632,19,0.19298245614035087,39.421052631578945
18633,8,0.7142857142857143,14.0
18634,10,0.4444444444444444,13.3
18635,1,0.0,5.0
18636,24,0.322463768115942,30.5
18637,22,0.8831168831168831,150.27272727272728
18638,71,0.2784708249496982,103.16901408450704
18639,4,0.16666666666666666,32.25
18640,3,0.3333333333333333,75.33333333333333
18641,63,0.18381976446492576,61.666666666666664
18642,6,0.13333333333333333,17.5
18643,2,0.0,21.0
18644,17,0.3602941176470588,156.8235294117647
18645,1,0.0,6.0
18646,8,0.35714285714285715,14.625
18647,39,0.08636977058029689,39.794871794871796
18648,15,0.24761904761904763,34.8
18649,0,0.0,0.0
18650,10,0.13333333333333333,51.5
18651,22,0.15151515151515152,21.818181818181817
18652,35,0.11764705882352941,37.371428571428574
18653,11,0.05454545454545454,18.545454545454547
18654,35,0.17647058823529413,114.22857142857143
18655,40,0.19615384615384615,88.625
18656,19,0.18128654970760233,54.10526315789474
18657,4,0.5,8.5
18658,5,0.6,8.6
18659,29,0.43103448275862066,114.89655172413794
18660,49,0.30952380952380953,148.73469387755102
18661,8,0.5,31.875
18662,6,1.0,31.5
18663,1,0.0,2.0
18664,58,0.22807017543859648,90.86206896551724
18665,44,0.313953488372093,47.29545454545455
18666,25,0.7,48.68
18667,1,0.0,21.0
18668,17,0.16176470588235295,43.94117647058823
18669,53,0.3033381712626996,70.24528301886792
18670,38,0.16073968705547653,63.63157894736842
18671,99,0.17810760667903525,118.32323232323232
18672,19,0.4502923976608187,206.1578947368421
18673,19,0.4093567251461988,31.68421052631579
18674,38,0.6785206258890469,203.1315789473684
18675,0,0.0,0.0
18676,15,0.5904761904761905,30.133333333333333
18677,2,1.0,23.5
18678,14,0.32967032967032966,77.14285714285714
18679,1,0.0,19.0
18680,13,0.1794871794871795,22.0
18681,11,0.4727272727272727,125.27272727272727
18682,30,0.5011494252873563,60.2
18683,143,0.23007977937555402,188.65734265734267
18684,2,1.0,21.0
18685,5,0.3,18.0
18686,100,0.25636363636363635,39.73
18687,45,0.26666666666666666,64.22222222222223
18688,4,0.16666666666666666,13.25
18689,13,0.24358974358974358,40.92307692307692
18690,6,0.6666666666666666,37.5
18691,15,0.2571428571428571,16.866666666666667
18692,87,0.3769045709703288,92.55172413793103
18693,68,0.3674275680421422,69.5
18694,17,0.375,26.58823529411765
18695,10,0.3111111111111111,177.0
18696,63,0.12749615975422426,91.66666666666667
18697,10,0.2222222222222222,26.3
18698,14,0.3626373626373626,26.857142857142858
18699,6,0.06666666666666667,17.833333333333332
18700,4,1.0,128.75
18701,2,0.0,14.5
18702,7,0.2857142857142857,92.85714285714286
18703,17,0.33088235294117646,21.647058823529413
18704,20,0.43157894736842106,52.75
18705,10,0.2,18.2
18706,11,0.2727272727272727,23.0
18707,4,1.0,30.75
18708,9,0.4166666666666667,67.0
18709,149,0.18628695809903864,131.73154362416108
18710,1,0.0,443.0
18711,4,0.6666666666666666,5.25
18712,9,0.1111111111111111,26.666666666666668
18713,36,0.19365079365079366,39.55555555555556
18714,18,0.27450980392156865,185.27777777777777
18715,20,0.5789473684210527,211.7
18716,107,0.2195380003526715,73.85981308411215
18717,45,0.24141414141414141,190.6
18718,197,0.28737180151248315,137.9492385786802
18719,4,1.0,110.25
18720,103,0.5075195126594327,109.59223300970874
18721,37,0.31681681681681684,54.891891891891895
18722,1,0.0,15.0
18723,9,0.3611111111111111,14.444444444444445
18724,1,0.0,3.0
18725,86,0.6106703146374829,114.01162790697674
18726,41,0.6378048780487805,91.34146341463415
18727,7,0.6666666666666666,70.14285714285714
18728,5,1.0,23.4
18729,19,0.1695906432748538,32.21052631578947
18730,3,0.0,10.0
18731,32,0.12096774193548387,45.0625
18732,10,0.13333333333333333,18.9
18733,233,0.21906911351191358,122.25751072961373
18734,9,0.25,75.11111111111111
18735,84,0.21285140562248997,138.85714285714286
18736,3,0.3333333333333333,15.666666666666666
18737,5,0.3,42.4
18738,10,0.4222222222222222,84.4
18739,7,0.2857142857142857,31.0
18740,59,0.17182933956750437,94.32203389830508
18741,4,0.5,39.25
18742,2,1.0,4.5
18743,53,0.14804063860667635,81.88679245283019
18744,4,0.16666666666666666,16.5
18745,2,0.0,16.5
18746,5,0.2,25.4
18747,2,0.0,89.0
18748,19,0.45614035087719296,50.78947368421053
18749,18,0.1895424836601307,114.11111111111111
18750,12,0.24242424242424243,51.0
18751,23,0.32806324110671936,31.130434782608695
18752,29,0.21674876847290642,39.275862068965516
18753,8,0.32142857142857145,60.125
18754,6,0.3333333333333333,46.0
18755,54,0.5045422781271838,181.37037037037038
18756,8,0.5357142857142857,31.0
18757,68,0.5184372256365233,90.98529411764706
18758,20,0.15789473684210525,32.5
18759,5,0.1,20.4
18760,3,0.6666666666666666,17.333333333333332
18761,8,0.35714285714285715,38.125
18762,1,0.0,11.0
18763,7,0.047619047619047616,24.428571428571427
18764,4,0.0,11.75
18765,13,0.5,20.307692307692307
18766,22,0.7012987012987013,98.0909090909091
18767,44,0.2642706131078224,106.56818181818181
18768,35,0.38487394957983195,148.5142857142857
18769,12,0.30303030303030304,45.166666666666664
18770,126,0.26780952380952383,69.16666666666667
18771,8,0.42857142857142855,32.25
18772,23,0.4426877470355731,58.52173913043478
18773,5,0.3,26.4
18774,3,0.0,58.666666666666664
18775,43,0.2115171650055371,123.16279069767442
18776,18,0.1111111111111111,70.94444444444444
18777,20,0.29473684210526313,32.05
18778,1,0.0,29.0
18779,11,0.38181818181818183,78.0909090909091
18780,4,0.5,17.25
18781,0,0.0,0.0
18782,16,0.2916666666666667,20.25
18783,48,0.2624113475177305,59.354166666666664
18784,66,0.19393939393939394,42.53030303030303
18785,13,0.32051282051282054,34.46153846153846
18786,120,0.514985994397759,108.01666666666667
18787,17,0.3235294117647059,70.23529411764706
18788,29,0.27832512315270935,40.96551724137931
18789,42,0.12427409988385599,48.785714285714285
18790,4,1.0,38.75
18791,3,0.3333333333333333,111.66666666666667
18792,4,0.16666666666666666,9.25
18793,0,0.0,0.0
18794,126,0.1798095238095238,129.52380952380952
18795,75,0.44432432432432434,145.18666666666667
18796,147,0.23203802068772714,91.5578231292517
18797,77,0.36363636363636365,65.48051948051948
18798,13,0.14102564102564102,43.07692307692308
18799,0,0.0,0.0
18800,99,0.23376623376623376,74.15151515151516
18801,31,0.4924731182795699,37.87096774193548
18802,0,0.0,0.0
18803,45,0.3747474747474748,76.71111111111111
18804,13,0.41025641025641024,28.76923076923077
18805,41,0.49146341463414633,149.09756097560975
18806,65,0.2706730769230769,106.16923076923077
18807,16,0.6,24.5
18808,43,0.3588039867109635,53.55813953488372
18809,33,0.1856060606060606,45.09090909090909
18810,34,0.2531194295900178,70.05882352941177
18811,8,0.25,35.0
18812,71,0.1766599597585513,152.42253521126761
18813,24,0.16666666666666666,44.416666666666664
18814,45,0.34040404040404043,79.4
18815,16,0.15833333333333333,57.75
18816,24,0.18840579710144928,32.875
18817,123,0.19272291083566573,122.04065040650407
18818,18,0.22875816993464052,84.22222222222223
18819,20,0.32105263157894737,44.7
18820,145,0.3022030651340996,135.42758620689656
18821,1,0.0,1.0
18822,1,0.0,1.0
18823,15,0.4095238095238095,36.666666666666664
18824,4,0.5,30.25
18825,4,0.16666666666666666,95.25
18826,12,0.36363636363636365,44.25
18827,5,0.3,14.0
18828,4,0.3333333333333333,17.25
18829,8,0.6071428571428571,90.625
18830,30,0.20229885057471264,41.36666666666667
18831,64,0.1691468253968254,60.84375
18832,40,0.22692307692307692,37.0
18833,21,0.3619047619047619,85.61904761904762
18834,56,0.1487012987012987,43.17857142857143
18835,5,0.3,14.8
18836,16,0.49166666666666664,59.8125
18837,4,0.16666666666666666,70.5
18838,78,0.1958041958041958,52.62820512820513
18839,19,0.6023391812865497,189.89473684210526
18840,0,0.0,0.0
18841,4,0.16666666666666666,19.0
18842,72,0.18035993740219092,79.09722222222223
18843,28,0.48677248677248675,133.42857142857142
18844,21,0.2904761904761905,195.52380952380952
18845,19,0.19883040935672514,61.31578947368421
18846,3,0.6666666666666666,21.666666666666668
18847,62,0.20200951877313592,54.46774193548387
18848,13,0.6153846153846154,53.92307692307692
18849,8,0.75,60.375
18850,8,0.25,79.125
18851,13,0.34615384615384615,85.0
18852,19,0.36257309941520466,54.63157894736842
18853,5,0.5,26.8
18854,28,0.1455026455026455,58.357142857142854
18855,1,0.0,39.0
18856,16,0.75,60.9375
18857,28,0.4365079365079365,53.07142857142857
18858,28,0.37037037037037035,94.78571428571429
18859,20,0.2894736842105263,30.35
18860,13,0.4358974358974359,64.0
18861,6,0.7333333333333333,85.33333333333333
18862,20,0.6263157894736842,103.1
18863,32,0.6713709677419355,80.46875
18864,46,0.4888888888888889,86.17391304347827
18865,7,0.2857142857142857,10.0
18866,1,0.0,168.0
18867,8,0.39285714285714285,16.375
18868,40,0.28974358974358977,57.125
18869,3,0.3333333333333333,6.0
18870,5,0.6,61.2
18871,44,0.38477801268498946,35.36363636363637
18872,62,0.28820729772607084,126.58064516129032
18873,180,0.1685288640595903,109.41666666666667
18874,6,0.2,29.5
18875,7,0.5238095238095238,42.285714285714285
18876,42,0.3333333333333333,77.66666666666667
18877,77,0.18899521531100477,70.42857142857143
18878,15,0.23809523809523808,46.2
18879,21,0.24285714285714285,171.47619047619048
18880,4,0.5,18.0
18881,5,0.8,21.4
18882,1,0.0,3.0
18883,2,0.0,6.5
18884,18,0.3333333333333333,22.055555555555557
18885,12,0.13636363636363635,33.833333333333336
18886,14,0.27472527472527475,37.285714285714285
18887,24,0.14492753623188406,43.25
18888,13,0.5897435897435898,44.46153846153846
18889,7,0.3333333333333333,29.714285714285715
18890,12,0.2727272727272727,30.583333333333332
18891,10,0.15555555555555556,19.5
18892,5,0.0,22.2
18893,81,0.31666666666666665,39.79012345679013
18894,64,0.18501984126984128,62.546875
18895,30,0.21149425287356322,63.8
18896,51,0.23529411764705882,61.21568627450981
18897,114,0.544170159913057,117.03508771929825
18898,9,0.19444444444444445,27.555555555555557
18899,29,0.15763546798029557,44.86206896551724
18900,54,0.24178895877009085,194.11111111111111
18901,12,0.21212121212121213,67.08333333333333
18902,25,0.23,48.84
18903,6,0.26666666666666666,33.166666666666664
18904,10,0.4666666666666667,91.6
18905,11,0.4,24.272727272727273
18906,0,0.0,0.0
18907,49,0.30272108843537415,111.08163265306122
18908,4,0.5,16.25
18909,7,0.19047619047619047,20.285714285714285
18910,91,0.34163614163614164,167.07692307692307
18911,35,0.6974789915966386,90.05714285714286
18912,1,0.0,43.0
18913,1,0.0,53.0
18914,18,0.33986928104575165,84.77777777777777
18915,1,0.0,3.0
18916,29,0.4014778325123153,25.24137931034483
18917,2,0.0,56.0
18918,12,0.9696969696969697,89.41666666666667
18919,24,0.2318840579710145,20.75
18920,165,0.2163340724316334,100.86060606060606
18921,26,0.2676923076923077,92.3076923076923
18922,70,0.4236024844720497,98.92857142857143
18923,20,0.3736842105263158,88.65
18924,10,0.4222222222222222,32.7
18925,6,0.3333333333333333,16.0
18926,3,0.3333333333333333,10.333333333333334
18927,13,0.28205128205128205,60.07692307692308
18928,13,0.5897435897435898,80.84615384615384
18929,40,0.44487179487179485,78.325
18930,70,0.2774327122153209,49.628571428571426
18931,7,0.2857142857142857,31.857142857142858
18932,44,0.3118393234672304,52.45454545454545
18933,10,0.2222222222222222,10.7
18934,17,0.13970588235294118,78.88235294117646
18935,24,0.22826086956521738,98.33333333333333
18936,3,0.3333333333333333,29.333333333333332
18937,6,0.5333333333333333,42.0
18938,10,0.17777777777777778,14.3
18939,17,0.3014705882352941,66.58823529411765
18940,49,0.54421768707483,176.55102040816325
18941,49,0.20578231292517007,139.0612244897959
18942,6,0.4666666666666667,55.5
18943,1,0.0,9.0
18944,38,0.17923186344238975,37.6578947368421
18945,34,0.5347593582887701,56.23529411764706
18946,45,0.4414141414141414,159.88888888888889
18947,12,0.5909090909090909,64.75
18948,19,0.7017543859649122,47.73684210526316
18949,72,0.23591549295774647,75.06944444444444
18950,50,0.6971428571428572,104.72
18951,1,0.0,79.0
18952,12,0.36363636363636365,26.333333333333332
18953,0,0.0,0.0
18954,13,0.3974358974358974,51.84615384615385
18955,0,0.0,0.0
18956,18,0.1895424836601307,21.166666666666668
18957,10,0.2222222222222222,19.1
18958,17,0.5441176470588235,79.82352941176471
18959,12,0.4090909090909091,35.833333333333336
18960,16,0.325,59.3125
18961,132,0.11982419616007402,125.49242424242425
18962,11,0.9272727272727272,26.0
18963,1,0.0,41.0
18964,34,0.19607843137254902,52.911764705882355
18965,1,0.0,38.0
18966,50,0.35346938775510206,104.38
18967,1,0.0,2.0
18968,58,0.5523290986085905,46.293103448275865
18969,1,0.0,31.0
18970,6,0.6,45.166666666666664
18971,1,0.0,39.0
18972,69,0.43052003410059675,59.73913043478261
18973,36,0.24126984126984127,102.86111111111111
18974,5,0.0,13.6
18975,5,0.9,29.2
18976,9,0.8611111111111112,61.333333333333336
18977,146,0.41842229570146433,97.42465753424658
18978,6,0.6666666666666666,309.1666666666667
18979,26,0.20923076923076922,57.46153846153846
18980,139,0.3600250234594933,140.22302158273382
18981,210,0.17361585782638414,105.84761904761905
18982,58,0.23714458560193588,38.93103448275862
18983,67,0.6313885119855269,81.76119402985074
18984,16,0.35833333333333334,28.0625
18985,75,0.22018018018018018,47.266666666666666
18986,11,0.2727272727272727,99.54545454545455
18987,8,0.21428571428571427,18.75
18988,8,0.25,289.625
18989,4,0.0,63.0
18990,39,0.4925775978407557,49.61538461538461
18991,30,0.2367816091954023,48.43333333333333
18992,10,0.4,38.9
18993,160,0.1511006289308176,98.975
18994,21,0.18571428571428572,53.904761904761905
18995,12,0.3484848484848485,44.0
18996,10,0.5555555555555556,140.6
18997,20,0.4368421052631579,48.9
18998,0,0.0,0.0
18999,8,0.8928571428571429,30.875
19000,40,0.24743589743589745,153.475
19001,48,0.23138297872340424,92.85416666666667
19002,2,0.0,7.0
19003,2,1.0,42.5
19004,5,0.2,22.2
19005,1,0.0,19.0
19006,4,0.16666666666666666,18.5
19007,3,1.0,17.0
19008,11,0.3090909090909091,23.727272727272727
19009,13,0.6153846153846154,52.61538461538461
19010,22,0.21645021645021645,108.36363636363636
19011,50,0.6448979591836734,200.2
19012,57,0.3508771929824561,41.91228070175438
19013,8,0.35714285714285715,70.25
19014,159,0.1760210174349176,86.23899371069183
19015,6,0.3333333333333333,81.0
19016,26,0.6984615384615385,54.92307692307692
19017,9,0.1388888888888889,33.888888888888886
19018,85,0.2445378151260504,62.811764705882354
19019,52,0.19683257918552036,187.5
19020,11,0.5636363636363636,34.0
19021,74,0.501666049611255,85.8108108108108
19022,55,0.30437710437710436,79.21818181818182
19023,5,0.6,63.6
19024,6,0.6,46.166666666666664
19025,23,0.1383399209486166,57.869565217391305
19026,39,0.5155195681511471,54.743589743589745
19027,7,0.09523809523809523,18.0
19028,35,0.16974789915966387,47.91428571428571
19029,77,0.10013670539986329,74.36363636363636
19030,39,0.40350877192982454,39.17948717948718
19031,2,0.0,81.0
19032,29,0.29802955665024633,146.24137931034483
19033,109,0.5521576622494053,116.77981651376147
19034,79,0.2947095098993833,107.74683544303798
19035,18,0.2549019607843137,56.833333333333336
19036,61,0.29508196721311475,64.81967213114754
19037,48,0.4157801418439716,64.25
19038,5,0.3,43.6
19039,15,0.11428571428571428,59.266666666666666
19040,1,0.0,14.0
19041,2,0.0,13.5
19042,16,0.25833333333333336,74.6875
19043,4,0.3333333333333333,320.25
19044,1,0.0,190.0
19045,380,0.15532564921538675,182.32105263157894
19046,14,0.25274725274725274,373.14285714285717
19047,4,0.5,40.0
19048,3,0.3333333333333333,36.333333333333336
19049,10,0.26666666666666666,12.4
19050,13,0.28205128205128205,201.46153846153845
19051,3,0.3333333333333333,15.0
19052,7,0.9523809523809523,24.571428571428573
19053,3,0.0,15.0
19054,20,0.5789473684210527,42.25
19055,8,0.32142857142857145,59.875
19056,9,0.3055555555555556,80.0
19057,1,0.0,21.0
19058,120,0.25434173669467786,108.55833333333334
19059,5,0.6,50.8
19060,50,0.15591836734693879,102.94
19061,29,0.33497536945812806,67.55172413793103
19062,35,0.38823529411764707,120.34285714285714
19063,3,0.6666666666666666,6.666666666666667
19064,45,0.5868686868686869,70.88888888888889
19065,0,0.0,0.0
19066,7,0.42857142857142855,25.285714285714285
19067,1,0.0,204.0
19068,31,0.11397849462365592,65.6774193548387
19069,6,0.3333333333333333,63.333333333333336
19070,14,0.3076923076923077,99.57142857142857
19071,7,0.23809523809523808,13.714285714285714
19072,9,0.16666666666666666,45.888888888888886
19073,110,0.09374478732276897,111.26363636363637
19074,15,0.38095238095238093,27.0
19075,75,0.11279279279279279,76.66666666666667
19076,3,0.3333333333333333,15.666666666666666
19077,4,0.8333333333333334,7.75
19078,10,0.5333333333333333,24.8
19079,101,0.5281188118811881,112.46534653465346
19080,11,0.32727272727272727,31.181818181818183
19081,1,0.0,2.0
19082,14,0.2087912087912088,60.214285714285715
19083,7,0.42857142857142855,87.85714285714286
19084,8,0.5357142857142857,110.75
19085,37,0.566066066066066,89.62162162162163
19086,6,0.26666666666666666,24.166666666666668
19087,33,0.08522727272727272,83.87878787878788
19088,8,0.14285714285714285,74.75
19089,38,0.3015647226173542,158.60526315789474
19090,120,0.20868347338935575,221.375
19091,12,0.4696969696969697,138.75
19092,11,0.2909090909090909,178.0909090909091
19093,0,0.0,0.0
19094,67,0.24559023066485752,58.23880597014925
19095,10,0.17777777777777778,10.4
19096,3,0.0,34.333333333333336
19097,34,0.07130124777183601,56.588235294117645
19098,6,0.26666666666666666,56.5
19099,14,0.5824175824175825,124.92857142857143
19100,26,0.3046153846153846,87.57692307692308
19101,205,0.22682926829268293,106.25365853658536
19102,5,0.1,24.6
19103,16,0.18333333333333332,101.75
19104,260,0.13656073656073656,173.41923076923078
19105,37,0.08108108108108109,99.37837837837837
19106,24,0.2536231884057971,38.375
19107,76,0.13859649122807016,143.32894736842104
19108,36,0.22698412698412698,133.75
19109,37,0.493993993993994,133.24324324324326
19110,22,0.2987012987012987,88.13636363636364
19111,58,0.25650332728372655,256.3965517241379
19112,14,0.4175824175824176,52.285714285714285
19113,6,0.13333333333333333,31.333333333333332
19114,92,0.4558050645007167,165.2608695652174
19115,5,0.6,31.4
19116,26,0.10153846153846154,44.53846153846154
19117,9,0.6388888888888888,12.11111111111111
19118,20,0.3,71.85
19119,19,0.21052631578947367,26.0
19120,19,0.3333333333333333,57.8421052631579
19121,2,0.0,40.0
19122,7,0.42857142857142855,6.714285714285714
19123,0,0.0,0.0
19124,4,0.16666666666666666,28.5
19125,41,0.31341463414634146,100.04878048780488
19126,27,0.17663817663817663,110.18518518518519
19127,74,0.1403184005923732,109.44594594594595
19128,6,0.26666666666666666,52.0
19129,32,0.17137096774193547,65.125
19130,68,0.28094820017559263,154.02941176470588
19131,19,0.3333333333333333,145.1578947368421
19132,1,0.0,25.0
19133,14,0.32967032967032966,51.42857142857143
19134,28,0.23544973544973544,238.17857142857142
19135,36,0.15396825396825398,59.638888888888886
19136,65,0.6096153846153847,86.0923076923077
19137,12,0.4090909090909091,25.083333333333332
19138,0,0.0,0.0
19139,21,0.23809523809523808,73.95238095238095
19140,9,0.4166666666666667,61.55555555555556
19141,28,0.24338624338624337,175.89285714285714
19142,17,0.22058823529411764,50.0
19143,7,0.23809523809523808,71.71428571428571
19144,32,0.2540322580645161,34.5
19145,10,0.4,13.4
19146,40,0.22564102564102564,71.825
19147,9,0.7777777777777778,42.888888888888886
19148,49,0.33163265306122447,75.40816326530613
19149,2,0.0,63.0
19150,14,0.12087912087912088,49.42857142857143
19151,44,0.22093023255813954,132.4090909090909
19152,5,0.3,52.0
19153,20,0.4263157894736842,34.95
19154,20,0.5210526315789473,30.4
19155,3,0.3333333333333333,3.0
19156,1,0.0,66.0
19157,2,1.0,76.0
19158,36,0.3476190476190476,49.611111111111114
19159,21,0.15714285714285714,73.33333333333333
19160,23,0.33201581027667987,102.8695652173913
19161,79,0.17851346965271017,109.9367088607595
19162,2,0.0,173.5
19163,0,0.0,0.0
19164,20,0.2,131.7
19165,21,0.13333333333333333,21.714285714285715
19166,7,0.14285714285714285,15.428571428571429
19167,35,0.453781512605042,66.77142857142857
19168,40,0.46282051282051284,74.3
19169,25,0.23333333333333334,52.84
19170,5,0.6,22.4
19171,81,0.333641975308642,124.0
19172,21,0.4095238095238095,53.714285714285715
19173,4,0.5,13.0
19174,17,0.23529411764705882,148.94117647058823
19175,7,0.3333333333333333,51.42857142857143
19176,9,0.6111111111111112,70.33333333333333
19177,4,0.16666666666666666,85.5
19178,0,0.0,0.0
19179,9,0.3055555555555556,25.666666666666668
19180,72,0.6447574334898278,87.43055555555556
19181,1,0.0,4.0
19182,97,0.19909793814432988,88.22680412371135
19183,43,0.26356589147286824,75.37209302325581
19184,8,0.17857142857142858,37.5
19185,4,0.16666666666666666,21.25
19186,18,0.2679738562091503,189.55555555555554
19187,2,1.0,7.0
19188,36,0.2507936507936508,52.111111111111114
19189,11,0.38181818181818183,30.0
19190,108,0.453963309103496,84.69444444444444
19191,0,0.0,0.0
19192,7,0.2857142857142857,19.142857142857142
19193,0,0.0,0.0
19194,45,0.2767676767676768,44.51111111111111
19195,22,0.45021645021645024,145.22727272727272
19196,25,0.16333333333333333,107.68
19197,5,0.2,27.6
19198,12,0.22727272727272727,108.75
19199,13,0.2564102564102564,38.15384615384615
19200,18,0.12418300653594772,44.44444444444444
19201,14,0.054945054945054944,41.07142857142857
19202,49,0.20408163265306123,92.42857142857143
19203,22,0.5670995670995671,41.54545454545455
19204,15,0.4,28.0
19205,37,0.47147147147147145,92.37837837837837
19206,9,0.1388888888888889,69.44444444444444
19207,8,0.4642857142857143,140.0
19208,22,0.20346320346320346,96.72727272727273
19209,11,0.38181818181818183,13.727272727272727
19210,1,0.0,3.0
19211,2,1.0,16.5
19212,79,0.15481986368062317,32.63291139240506
19213,2,0.0,91.5
19214,8,0.21428571428571427,105.875
19215,23,0.83399209486166,63.08695652173913
19216,5,0.0,7.4
19217,28,0.6322751322751323,100.78571428571429
19218,144,0.3197358197358197,85.42361111111111
19219,12,0.3787878787878788,14.25
19220,17,0.33088235294117646,64.0
19221,8,0.25,10.125
19222,4,0.5,56.25
19223,22,0.2554112554112554,50.0
19224,20,0.21052631578947367,21.0
19225,8,0.17857142857142858,25.125
19226,69,0.17391304347826086,147.30434782608697
19227,5,0.6,15.4
19228,3,0.3333333333333333,41.666666666666664
19229,26,0.48,36.73076923076923
19230,117,0.15207780725022105,79.45299145299145
19231,10,0.4888888888888889,33.6
19232,23,0.7470355731225297,110.08695652173913
19233,63,0.2980030721966206,60.12698412698413
19234,1,0.0,1.0
19235,5,0.2,32.4
19236,27,0.5698005698005698,51.44444444444444
19237,11,0.6545454545454545,45.63636363636363
19238,1,0.0,13.0
19239,46,0.12753623188405797,35.84782608695652
19240,11,0.6909090909090909,33.90909090909091
19241,48,0.09840425531914894,88.1875
19242,17,0.11764705882352941,71.82352941176471
19243,163,0.22790274937514202,174.72392638036808
19244,18,0.1111111111111111,41.05555555555556
19245,54,0.11390635918937805,95.75925925925925
19246,17,0.21323529411764705,67.23529411764706
19247,6,0.4,24.666666666666668
19248,34,0.16042780748663102,66.76470588235294
19249,12,0.2727272727272727,188.08333333333334
19250,1,0.0,21.0
19251,21,0.638095238095238,150.57142857142858
19252,17,0.3088235294117647,36.705882352941174
19253,24,0.2463768115942029,28.041666666666668
19254,3,0.0,13.333333333333334
19255,2,0.0,233.5
19256,31,0.32903225806451614,61.225806451612904
19257,37,0.1816816816816817,52.486486486486484
19258,19,0.4152046783625731,36.63157894736842
19259,33,0.32007575757575757,282.8181818181818
19260,114,0.3533612793044558,77.98245614035088
19261,32,0.19153225806451613,46.96875
19262,24,0.3442028985507246,280.2916666666667
19263,24,0.286231884057971,61.541666666666664
19264,8,0.10714285714285714,29.5
19265,2,1.0,94.5
19266,15,0.19047619047619047,29.466666666666665
19267,6,0.3333333333333333,43.5
19268,32,0.5423387096774194,83.125
19269,13,0.358974358974359,29.23076923076923
19270,3,1.0,31.333333333333332
19271,54,0.8511530398322851,94.87037037037037
19272,0,0.0,0.0
19273,70,0.37598343685300206,84.48571428571428
19274,3,1.0,45.666666666666664
19275,85,0.36834733893557425,52.62352941176471
19276,44,0.3752642706131078,102.02272727272727
19277,20,0.18421052631578946,36.45
19278,15,0.37142857142857144,22.266666666666666
19279,41,0.35365853658536583,49.829268292682926
19280,5,0.4,28.6
19281,93,0.1753155680224404,75.46236559139786
19282,1,0.0,20.0
19283,3,0.3333333333333333,149.33333333333334
19284,15,0.2761904761904762,76.73333333333333
19285,8,0.75,21.625
19286,8,0.32142857142857145,15.375
19287,18,0.20915032679738563,27.666666666666668
19288,16,0.2,96.0
19289,0,0.0,0.0
19290,32,0.2862903225806452,34.03125
19291,8,0.17857142857142858,25.875
19292,110,0.23836530442035028,100.05454545454545
19293,20,0.4789473684210526,88.25
19294,52,0.7737556561085973,143.1153846153846
19295,80,0.18417721518987343,174.5375
19296,10,0.4666666666666667,16.2
19297,3,0.3333333333333333,24.666666666666668
19298,3,0.3333333333333333,94.33333333333333
19299,19,0.2631578947368421,56.8421052631579
19300,24,0.39855072463768115,56.041666666666664
19301,1,0.0,14.0
19302,34,0.19073083778966132,21.852941176470587
19303,27,0.2336182336182336,26.22222222222222
19304,45,0.2868686868686869,153.51111111111112
19305,0,0.0,0.0
19306,6,0.4666666666666667,74.66666666666667
19307,2,1.0,21.0
19308,1,0.0,1.0
19309,19,0.6023391812865497,452.5263157894737
19310,52,0.14027149321266968,56.59615384615385
19311,5,0.8,75.2
19312,46,0.11594202898550725,65.58695652173913
19313,19,0.5906432748538012,41.10526315789474
19314,66,0.5328671328671328,179.15151515151516
19315,8,0.5357142857142857,49.375
19316,14,0.6263736263736264,37.42857142857143
19317,18,0.45098039215686275,117.61111111111111
19318,191,0.30597960870763297,126.20942408376963
19319,20,0.12105263157894737,92.2
19320,15,0.3238095238095238,151.26666666666668
19321,4,0.16666666666666666,10.5
19322,8,0.5714285714285714,97.875
19323,132,0.2195234790654638,139.46969696969697
19324,67,0.2591587516960651,100.02985074626865
19325,28,0.4497354497354497,49.392857142857146
19326,4,0.3333333333333333,13.5
19327,1,0.0,15.0
19328,14,0.2087912087912088,94.21428571428571
19329,1,0.0,43.0
19330,6,0.4666666666666667,130.5
19331,48,0.2987588652482269,60.083333333333336
19332,10,0.28888888888888886,233.3
19333,3,0.3333333333333333,35.0
19334,3,1.0,90.33333333333333
19335,15,0.3047619047619048,85.26666666666667
19336,38,0.2930298719772404,141.6578947368421
19337,21,0.2714285714285714,86.71428571428571
19338,1,0.0,38.0
19339,54,0.40041928721174,52.46296296296296
19340,22,0.23376623376623376,177.0
19341,9,0.2222222222222222,26.444444444444443
19342,88,0.3944618599791014,90.625
19343,9,0.19444444444444445,56.666666666666664
19344,243,0.16719382375948033,198.89711934156378
19345,9,0.3333333333333333,21.11111111111111
19346,25,0.26666666666666666,222.96
19347,6,0.7333333333333333,77.0
19348,7,0.7619047619047619,43.42857142857143
19349,0,0.0,0.0
19350,9,0.08333333333333333,34.22222222222222
19351,3,0.0,23.666666666666668
19352,4,0.0,35.5
19353,29,0.1724137931034483,56.48275862068966
19354,5,0.4,59.4
19355,1,0.0,1.0
19356,10,0.5111111111111111,111.5
19357,36,0.39206349206349206,75.77777777777777
19358,37,0.0945945945945946,46.648648648648646
19359,0,0.0,0.0
19360,3,0.3333333333333333,12.333333333333334
19361,134,0.18909213331837055,133.06716417910448
19362,43,0.18272425249169436,78.48837209302326
19363,18,0.24836601307189543,38.111111111111114
19364,33,0.2215909090909091,70.0909090909091
19365,9,0.08333333333333333,15.555555555555555
19366,54,0.30468204053109715,87.20370370370371
19367,112,0.2311776061776062,172.20535714285714
19368,240,0.16248256624825663,169.36666666666667
19369,8,0.14285714285714285,109.875
19370,3,0.0,14.333333333333334
19371,43,0.20930232558139536,42.18604651162791
19372,35,0.2453781512605042,89.22857142857143
19373,44,0.3086680761099366,103.45454545454545
19374,20,0.41578947368421054,32.1
19375,38,0.3015647226173542,52.55263157894737
19376,12,0.21212121212121213,12.833333333333334
19377,20,0.18421052631578946,53.75
19378,49,0.21258503401360543,52.53061224489796
19379,4,0.16666666666666666,62.5
19380,6,0.26666666666666666,147.0
19381,36,0.4365079365079365,58.22222222222222
19382,1,0.0,59.0
19383,180,0.2857231533209187,176.75555555555556
19384,8,0.07142857142857142,23.625
19385,19,0.5847953216374269,36.31578947368421
19386,0,0.0,0.0
19387,171,0.09872721018231854,100.71929824561404
19388,23,0.3201581027667984,37.78260869565217
19389,29,0.16995073891625614,177.44827586206895
19390,14,0.27472527472527475,28.428571428571427
19391,14,0.4065934065934066,94.64285714285714
19392,0,0.0,0.0
19393,49,0.4413265306122449,40.89795918367347
19394,24,0.39855072463768115,33.458333333333336
19395,10,0.37777777777777777,16.8
19396,24,0.6630434782608695,108.79166666666667
19397,20,0.25263157894736843,46.1
19398,55,0.4148148148148148,79.30909090909091
19399,4,0.16666666666666666,35.25
19400,3,0.3333333333333333,72.66666666666667
19401,21,0.45714285714285713,61.333333333333336
19402,9,0.16666666666666666,24.333333333333332
19403,91,0.6026862026862027,149.4065934065934
19404,54,0.2606568832983927,119.05555555555556
19405,10,0.2222222222222222,38.7
19406,11,0.7090909090909091,24.272727272727273
19407,53,0.3127721335268505,55.301886792452834
19408,14,0.5604395604395604,172.64285714285714
19409,4,0.16666666666666666,39.0
19410,43,0.2591362126245847,246.41860465116278
19411,8,0.10714285714285714,16.125
19412,6,0.06666666666666667,10.5
19413,113,0.13416561314791403,45.823008849557525
19414,10,0.5333333333333333,53.3
19415,10,0.35555555555555557,34.2
19416,24,0.2572463768115942,17.583333333333332
19417,10,0.2,37.7
19418,11,0.3090909090909091,197.63636363636363
19419,8,0.8214285714285714,41.375
19420,59,0.2653419053185272,137.5084745762712
19421,66,0.4195804195804196,153.72727272727272
19422,44,0.18076109936575052,215.95454545454547
19423,2,1.0,176.5
19424,9,0.3888888888888889,24.555555555555557
19425,24,0.35144927536231885,47.833333333333336
19426,6,0.13333333333333333,37.666666666666664
19427,53,0.3671988388969521,249.0754716981132
19428,22,0.33766233766233766,27.272727272727273
19429,4,0.3333333333333333,13.0
19430,17,0.5441176470588235,33.588235294117645
19431,26,0.20615384615384616,60.34615384615385
19432,4,0.16666666666666666,45.0
19433,4,0.16666666666666666,89.0
19434,12,0.6060606060606061,125.33333333333333
19435,9,0.2777777777777778,35.666666666666664
19436,3,0.3333333333333333,29.333333333333332
19437,22,0.7532467532467533,65.45454545454545
19438,34,0.2281639928698752,138.97058823529412
19439,9,0.4722222222222222,27.555555555555557
19440,1,0.0,3.0
19441,39,0.40350877192982454,53.794871794871796
19442,79,0.38234339500162284,61.18987341772152
19443,68,0.11589113257243196,61.588235294117645
19444,16,0.6916666666666667,126.75
19445,33,0.3409090909090909,155.96969696969697
19446,5,0.4,35.2
19447,7,0.3333333333333333,52.714285714285715
19448,67,0.3921302578018996,107.19402985074628
19449,12,0.6060606060606061,53.0
19450,7,0.3333333333333333,23.571428571428573
19451,9,0.3611111111111111,112.22222222222223
19452,23,0.6758893280632411,69.95652173913044
19453,7,0.3333333333333333,26.142857142857142
19454,16,0.3416666666666667,28.375
19455,17,0.5441176470588235,34.588235294117645
19456,2,0.0,12.0
19457,9,0.19444444444444445,73.77777777777777
19458,7,0.38095238095238093,109.14285714285714
19459,14,0.3516483516483517,30.571428571428573
19460,1,0.0,8.0
19461,102,0.18520675596971461,127.3529411764706
19462,5,0.3,110.6
19463,10,0.5111111111111111,177.5
19464,45,0.19797979797979798,28.377777777777776
19465,14,0.3516483516483517,115.71428571428571
19466,20,0.2,51.15
19467,68,0.3353819139596137,286.44117647058823
19468,20,0.5578947368421052,104.6
19469,23,0.4268774703557312,60.21739130434783
19470,2,1.0,29.5
19471,5,0.3,8.2
19472,144,0.17531080031080032,156.38194444444446
19473,10,0.4222222222222222,19.6
19474,12,0.3939393939393939,24.25
19475,11,0.10909090909090909,56.0
19476,3,0.3333333333333333,64.66666666666667
19477,13,0.3974358974358974,42.30769230769231
19478,25,0.28,56.48
19479,5,0.2,56.2
19480,8,0.32142857142857145,22.5
19481,7,0.38095238095238093,97.57142857142857
19482,0,0.0,0.0
19483,6,0.2,48.833333333333336
19484,13,0.1282051282051282,32.46153846153846
19485,32,0.3245967741935484,42.25
19486,42,0.31823461091753774,100.83333333333333
19487,29,0.4605911330049261,46.96551724137931
19488,6,0.3333333333333333,25.0
19489,1,0.0,35.0
19490,9,0.7777777777777778,52.55555555555556
19491,42,0.7224157955865272,87.66666666666667
19492,26,0.5692307692307692,181.5
19493,10,0.28888888888888886,66.5
19494,50,0.24489795918367346,74.8
19495,25,0.5,113.84
19496,8,0.5,10.0
19497,45,0.22828282828282828,75.71111111111111
19498,5,0.4,37.2
19499,19,0.16374269005847952,94.47368421052632
19500,21,0.4857142857142857,41.38095238095238
19501,13,0.38461538461538464,21.076923076923077
19502,95,0.14669652855543114,112.36842105263158
19503,4,0.0,38.0
19504,2,1.0,27.0
19505,23,0.16205533596837945,22.782608695652176
19506,4,0.3333333333333333,25.5
19507,74,0.43687523139577933,72.93243243243244
19508,13,0.47435897435897434,39.53846153846154
19509,90,0.23845193508114856,68.42222222222222
19510,11,0.2909090909090909,40.63636363636363
19511,12,0.6515151515151515,30.166666666666668
19512,4,0.16666666666666666,27.5
19513,13,0.7307692307692307,92.23076923076923
19514,10,0.3111111111111111,28.0
19515,6,0.9333333333333333,15.333333333333334
19516,51,0.3466666666666667,79.82352941176471
19517,11,0.23636363636363636,159.63636363636363
19518,14,0.0989010989010989,123.78571428571429
19519,20,0.22631578947368422,42.05
19520,23,0.25296442687747034,110.0
19521,114,0.24530352429746935,83.75438596491227
19522,1,0.0,16.0
19523,22,0.23376623376623376,26.818181818181817
19524,17,0.19852941176470587,57.8235294117647
19525,68,0.17339771729587358,152.05882352941177
19526,1,0.0,13.0
19527,24,0.4963768115942029,47.333333333333336
19528,2,1.0,6.5
19529,49,0.5314625850340136,181.71428571428572
19530,12,0.48484848484848486,70.0
19531,14,0.23076923076923078,17.928571428571427
19532,18,0.16993464052287582,36.0
19533,19,0.17543859649122806,55.0
19534,1,0.0,13.0
19535,10,0.4222222222222222,111.0
19536,64,0.24404761904761904,125.25
19537,9,0.5,32.44444444444444
19538,14,0.6593406593406593,38.214285714285715
19539,6,0.9333333333333333,48.666666666666664
19540,28,0.4497354497354497,84.57142857142857
19541,6,0.7333333333333333,16.166666666666668
19542,34,0.20320855614973263,109.3529411764706
19543,1,0.0,8.0
19544,12,0.3484848484848485,11.583333333333334
19545,71,0.20764587525150904,94.61971830985915
19546,50,0.24816326530612245,62.0
19547,9,0.3333333333333333,63.0
19548,25,0.44666666666666666,54.88
19549,49,0.2032312925170068,90.12244897959184
19550,34,0.3172905525846702,316.7352941176471
19551,6,0.4,34.833333333333336
19552,24,0.12318840579710146,64.29166666666667
19553,14,0.15384615384615385,24.785714285714285
19554,63,0.17767537122375832,76.33333333333333
19555,14,0.2087912087912088,71.0
19556,10,0.2,43.5
19557,5,0.3,55.4
19558,41,0.4585365853658537,83.48780487804878
19559,2,1.0,34.5
19560,76,0.19157894736842104,38.39473684210526
19561,12,0.5303030303030303,90.66666666666667
19562,46,0.3826086956521739,109.73913043478261
19563,2,1.0,17.5
19564,124,0.37647521636506687,144.99193548387098
19565,14,0.3076923076923077,69.92857142857143
19566,77,0.21804511278195488,198.1818181818182
19567,5,0.5,36.8
19568,90,0.19850187265917604,82.42222222222222
19569,1,0.0,14.0
19570,10,0.15555555555555556,40.6
19571,38,0.3186344238975818,263.9736842105263
19572,68,0.6773485513608428,84.1029411764706
19573,15,0.5142857142857142,52.86666666666667
19574,2,1.0,26.5
19575,18,0.24836601307189543,82.61111111111111
19576,25,0.3,80.56
19577,8,0.5714285714285714,76.75
19578,20,0.2631578947368421,32.9
19579,40,0.15128205128205127,47.5
19580,31,0.210752688172043,147.0
19581,181,0.2529158993247391,242.21546961325967
19582,44,0.2854122621564482,81.45454545454545
19583,0,0.0,0.0
19584,16,0.4583333333333333,29.875
19585,0,0.0,0.0
19586,90,0.199250936329588,167.07777777777778
19587,33,0.20643939393939395,256.27272727272725
19588,38,0.25177809388335703,103.36842105263158
19589,12,0.48484848484848486,56.666666666666664
19590,18,0.22875816993464052,44.77777777777778
19591,28,0.1164021164021164,18.642857142857142
19592,5,0.4,13.4
19593,71,0.13601609657947686,75.15492957746478
19594,11,0.8181818181818182,101.0909090909091
19595,143,0.36836403033586135,140.8881118881119
19596,2,0.0,28.5
19597,8,0.07142857142857142,37.5
19598,2,1.0,10.5
19599,0,0.0,0.0
19600,24,0.13768115942028986,92.375
19601,3,0.6666666666666666,38.333333333333336
19602,39,0.19838056680161945,201.56410256410257
19603,2,0.0,76.5
19604,44,0.11945031712473574,49.13636363636363
19605,45,0.2191919191919192,25.977777777777778
19606,1,0.0,13.0
19607,5,0.6,22.8
19608,21,0.24285714285714285,21.952380952380953
19609,42,0.21254355400696864,99.11904761904762
19610,52,0.22926093514328807,79.4423076923077
19611,19,0.2807017543859649,31.842105263157894
19612,116,0.3272863568215892,142.6206896551724
19613,4,0.5,30.75
19614,26,0.40307692307692305,51.84615384615385
19615,10,0.2,49.1
19616,9,0.6111111111111112,54.55555555555556
19617,24,0.5942028985507246,36.416666666666664
19618,1,0.0,7.0
19619,18,0.16993464052287582,21.22222222222222
19620,47,0.5217391304347826,83.91489361702128
19621,35,0.5966386554621849,115.08571428571429
19622,5,0.9,19.2
19623,14,0.21978021978021978,21.142857142857142
19624,145,0.40373563218390807,159.49655172413793
19625,47,0.11563367252543941,47.57446808510638
19626,24,0.19927536231884058,77.08333333333333
19627,38,0.3385490753911807,88.97368421052632
19628,20,0.3473684210526316,46.3
19629,1,0.0,10.0
19630,29,0.7167487684729064,67.86206896551724
19631,13,0.41025641025641024,72.23076923076923
19632,6,0.6,6.833333333333333
19633,7,0.3333333333333333,264.0
19634,1,0.0,1.0
19635,15,0.4380952380952381,39.86666666666667
19636,9,0.5277777777777778,42.55555555555556
19637,25,0.20333333333333334,22.12
19638,7,0.38095238095238093,10.142857142857142
19639,5,0.2,26.4
19640,20,0.1368421052631579,26.3
19641,243,0.22820800598578375,128.43621399176953
19642,6,0.4,16.5
19643,30,0.3586206896551724,211.56666666666666
19644,19,0.27485380116959063,44.78947368421053
19645,7,0.47619047619047616,57.142857142857146
19646,3,0.3333333333333333,27.0
19647,91,0.36678876678876676,114.74725274725274
19648,9,0.8611111111111112,9.777777777777779
19649,27,0.39886039886039887,102.18518518518519
19650,2,1.0,6.0
19651,4,0.8333333333333334,19.0
19652,8,0.6428571428571429,52.375
19653,5,0.2,105.0
19654,61,0.2284153005464481,83.19672131147541
19655,24,0.427536231884058,39.583333333333336
19656,27,0.3162393162393162,44.77777777777778
19657,3,0.0,17.666666666666668
19658,37,0.17417417417417416,29.45945945945946
19659,5,0.9,20.8
19660,9,0.3888888888888889,69.0
19661,13,0.24358974358974358,61.15384615384615
19662,82,0.24962360734718458,66.96341463414635
19663,10,0.2222222222222222,48.8
19664,4,0.5,7.0
19665,10,0.4,22.8
19666,5,1.0,40.4
19667,15,0.2,42.53333333333333
19668,54,0.3228511530398323,53.48148148148148
19669,74,0.22954461310625693,190.27027027027026
19670,8,0.10714285714285714,71.625
19671,28,0.30423280423280424,26.285714285714285
19672,12,0.3484848484848485,19.5
19673,35,0.16806722689075632,72.02857142857142
19674,16,0.225,30.6875
19675,30,0.33793103448275863,38.166666666666664
19676,12,0.4393939393939394,164.33333333333334
19677,25,0.48,57.24
19678,14,0.2087912087912088,106.64285714285714
19679,50,0.2693877551020408,91.74
19680,12,0.2727272727272727,53.333333333333336
19681,5,0.5,61.4
19682,6,0.4,77.16666666666667
19683,3,0.0,27.0
19684,18,0.22875816993464052,37.77777777777778
19685,0,0.0,0.0
19686,45,0.1686868686868687,115.64444444444445
19687,2,1.0,11.5
19688,5,0.3,26.8
19689,3,0.0,43.0
19690,29,0.21428571428571427,172.86206896551724
19691,29,0.312807881773399,132.0
19692,30,0.3080459770114943,65.76666666666667
19693,36,0.37142857142857144,58.861111111111114
19694,1,0.0,63.0
19695,38,0.30725462304409673,71.42105263157895
19696,18,0.21568627450980393,42.888888888888886
19697,91,0.5233211233211233,85.51648351648352
19698,57,0.6604010025062657,156.4561403508772
19699,0,0.0,0.0
19700,10,0.35555555555555557,134.6
19701,26,0.3292307692307692,47.15384615384615
19702,18,0.5555555555555556,272.8333333333333
19703,19,0.49707602339181284,71.84210526315789
19704,19,0.6666666666666666,57.94736842105263
19705,52,0.2028657616892911,30.884615384615383
19706,35,0.5882352941176471,78.85714285714286
19707,2,1.0,8.5
19708,15,0.4,57.0
19709,11,0.32727272727272727,30.272727272727273
19710,0,0.0,0.0
19711,10,0.5111111111111111,24.2
19712,118,0.1305229610314356,55.813559322033896
19713,29,0.16009852216748768,70.17241379310344
19714,92,0.2111801242236025,130.7826086956522
19715,19,0.3742690058479532,32.05263157894737
19716,89,0.15296220633299284,169.75280898876406
19717,51,0.30901960784313726,44.09803921568628
19718,9,0.6944444444444444,32.666666666666664
19719,5,0.6,33.4
19720,25,0.37333333333333335,378.8
19721,16,0.11666666666666667,18.0
19722,42,0.5842044134727061,116.54761904761905
19723,10,0.3333333333333333,72.2
19724,27,0.5555555555555556,103.74074074074075
19725,168,0.18662674650698602,202.32142857142858
19726,1,0.0,2.0
19727,63,0.23655913978494625,78.39682539682539
19728,15,0.5714285714285714,34.333333333333336
19729,3,1.0,65.33333333333333
19730,21,0.580952380952381,44.42857142857143
19731,30,0.5678160919540229,45.63333333333333
19732,18,0.2549019607843137,50.22222222222222
19733,11,0.5818181818181818,15.090909090909092
19734,71,0.47766599597585513,178.81690140845072
19735,10,0.2,95.5
19736,4,0.3333333333333333,30.25
19737,28,0.1746031746031746,57.964285714285715
19738,64,0.23115079365079366,232.265625
19739,20,0.3,31.65
19740,45,0.43636363636363634,61.22222222222222
19741,11,0.7818181818181819,57.09090909090909
19742,18,0.22875816993464052,41.05555555555556
19743,17,0.3161764705882353,156.88235294117646
19744,18,0.1830065359477124,43.72222222222222
19745,23,0.549407114624506,46.52173913043478
19746,59,0.5902980713033313,80.47457627118644
19747,7,0.9047619047619048,18.428571428571427
19748,40,0.45384615384615384,153.9
19749,15,0.18095238095238095,24.666666666666668
19750,11,0.36363636363636365,32.09090909090909
19751,31,0.3053763440860215,43.38709677419355
19752,153,0.26616787065703473,89.43790849673202
19753,10,0.28888888888888886,27.9
19754,2,1.0,13.0
19755,24,0.21739130434782608,65.70833333333333
19756,128,0.11983267716535433,89.3984375
19757,83,0.38995004407875405,157.34939759036143
19758,6,0.13333333333333333,17.333333333333332
19759,48,0.37322695035460995,49.083333333333336
19760,62,0.2897937599153887,106.09677419354838
19761,150,0.3628635346756152,110.39333333333333
19762,64,0.20734126984126985,45.734375
19763,35,0.5512605042016807,42.02857142857143
19764,190,0.30749094959621276,97.5
19765,6,0.4,13.166666666666666
19766,13,0.5897435897435898,120.53846153846153
19767,0,0.0,0.0
19768,63,0.38965693804403484,69.6984126984127
19769,9,0.5833333333333334,33.666666666666664
19770,52,0.2918552036199095,54.44230769230769
19771,82,0.09183980728696176,42.40243902439025
19772,28,0.164021164021164,78.96428571428571
19773,5,0.5,16.2
19774,35,0.1815126050420168,38.371428571428574
19775,90,0.4102372034956305,148.55555555555554
19776,15,0.8666666666666667,48.13333333333333
19777,88,0.2894461859979101,92.94318181818181
19778,44,0.14904862579281183,56.56818181818182
19779,28,0.32275132275132273,61.42857142857143
19780,18,0.1568627450980392,91.72222222222223
19781,5,0.2,109.6
19782,15,0.3142857142857143,64.53333333333333
19783,110,0.3419516263552961,143.27272727272728
19784,100,0.3298989898989899,90.66
19785,2,0.0,36.0
19786,17,0.5367647058823529,56.294117647058826
19787,17,0.40441176470588236,19.705882352941178
19788,20,0.5421052631578948,96.0
19789,7,0.14285714285714285,22.142857142857142
19790,53,0.772133526850508,136.32075471698113
19791,6,0.6,48.666666666666664
19792,2,0.0,7.5
19793,6,0.6666666666666666,245.83333333333334
19794,10,0.3333333333333333,127.4
19795,1,0.0,114.0
19796,15,0.3619047619047619,122.73333333333333
19797,10,0.5333333333333333,47.0
19798,4,0.0,91.5
19799,10,0.17777777777777778,16.6
19800,22,0.3333333333333333,285.45454545454544
19801,52,0.21568627450980393,109.38461538461539
19802,15,0.37142857142857144,90.4
19803,4,0.16666666666666666,113.0
19804,1,0.0,17.0
19805,11,0.2,19.363636363636363
19806,18,0.20261437908496732,43.666666666666664
19807,151,0.373598233995585,165.80132450331126
19808,31,0.2623655913978495,105.35483870967742
19809,5,0.1,12.6
19810,3,0.3333333333333333,65.0
19811,1,0.0,7.0
19812,4,0.3333333333333333,56.75
19813,16,0.23333333333333334,97.5625
19814,27,0.3817663817663818,69.03703703703704
19815,1,0.0,27.0
19816,52,0.14404223227752638,40.03846153846154
19817,43,0.16500553709856036,135.88372093023256
19818,15,0.3904761904761905,106.93333333333334
19819,1,0.0,27.0
19820,30,0.6666666666666666,58.63333333333333
19821,53,0.24818577648766327,61.60377358490566
19822,3,0.6666666666666666,10.333333333333334
19823,5,0.5,18.2
19824,8,0.21428571428571427,18.75
19825,16,0.20833333333333334,67.125
19826,30,0.11954022988505747,27.733333333333334
19827,35,0.6100840336134454,53.371428571428574
19828,43,0.2757475083056478,118.48837209302326
19829,3,0.3333333333333333,115.0
19830,36,0.4380952380952381,63.916666666666664
19831,11,0.10909090909090909,24.727272727272727
19832,63,0.2309267793138761,77.25396825396825
19833,1,0.0,7.0
19834,0,0.0,0.0
19835,9,0.3055555555555556,12.777777777777779
19836,34,0.5133689839572193,46.3235294117647
19837,12,0.2727272727272727,24.583333333333332
19838,8,0.21428571428571427,46.375
19839,5,0.7,95.8
19840,47,0.7187789084181314,61.06382978723404
19841,59,0.4213909994155465,78.03389830508475
19842,8,0.42857142857142855,24.625
19843,0,0.0,0.0
19844,1,0.0,7.0
19845,3,0.3333333333333333,12.0
19846,48,0.5434397163120568,124.875
19847,16,0.15,21.3125
19848,0,0.0,0.0
19849,15,0.09523809523809523,23.266666666666666
19850,41,0.3548780487804878,72.41463414634147
19851,21,0.3380952380952381,26.142857142857142
19852,15,0.780952380952381,60.2
19853,8,0.42857142857142855,63.125
19854,34,0.48663101604278075,97.05882352941177
19855,49,0.5850340136054422,87.79591836734694
19856,4,0.3333333333333333,36.5
19857,47,0.11378353376503238,37.48936170212766
19858,19,0.6081871345029239,160.6315789473684
19859,36,0.20634920634920634,38.0
19860,17,0.6764705882352942,198.2941176470588
19861,17,0.6323529411764706,36.76470588235294
19862,43,0.46511627906976744,39.604651162790695
19863,23,0.8695652173913043,29.17391304347826
19864,13,0.6025641025641025,19.46153846153846
19865,34,0.22103386809269163,31.558823529411764
19866,12,0.22727272727272727,47.916666666666664
19867,23,0.2490118577075099,67.73913043478261
19868,5,0.2,28.6
19869,57,0.24812030075187969,269.2631578947368
19870,2,0.0,2.5
19871,123,0.445421831267493,156.5609756097561
19872,12,0.5757575757575758,26.083333333333332
19873,5,0.1,15.8
19874,5,0.4,58.2
19875,8,0.4642857142857143,42.0
19876,46,0.2811594202898551,71.6304347826087
19877,34,0.21568627450980393,81.05882352941177
19878,3,1.0,4.666666666666667
19879,3,0.3333333333333333,69.33333333333333
19880,21,0.7095238095238096,188.14285714285714
19881,8,0.17857142857142858,24.25
19882,16,0.3416666666666667,55.125
19883,42,0.31010452961672474,314.23809523809524
19884,42,0.5389082462253194,74.92857142857143
19885,5,0.5,18.6
19886,50,0.38448979591836735,144.14
19887,52,0.2066365007541478,101.48076923076923
19888,0,0.0,0.0
19889,56,0.22077922077922077,76.60714285714286
19890,90,0.22397003745318353,133.56666666666666
19891,1,0.0,11.0
19892,55,0.3138047138047138,112.2
19893,22,0.24242424242424243,25.045454545454547
19894,108,0.20422291450328833,193.2962962962963
19895,16,0.21666666666666667,24.6875
19896,24,0.39855072463768115,149.66666666666666
19897,13,0.4230769230769231,21.46153846153846
19898,19,0.2046783625730994,92.57894736842105
19899,5,0.6,105.0
19900,11,0.45454545454545453,73.27272727272727
19901,10,0.3333333333333333,32.2
19902,4,0.0,10.25
19903,128,0.30548720472440943,78.875
19904,45,0.30303030303030304,151.53333333333333
19905,15,0.17142857142857143,40.333333333333336
19906,34,0.2976827094474153,84.70588235294117
19907,6,0.6666666666666666,140.0
19908,26,0.12,47.57692307692308
19909,6,0.4666666666666667,9.0
19910,9,0.3055555555555556,35.0
19911,9,0.3333333333333333,12.333333333333334
19912,285,0.18838645910551025,111.64912280701755
19913,5,0.3,22.2
19914,0,0.0,0.0
19915,103,0.234342280601561,97.70873786407768
19916,28,0.18253968253968253,75.92857142857143
19917,90,0.27240948813982524,151.46666666666667
19918,40,0.16282051282051282,41.575
19919,39,0.46153846153846156,147.30769230769232
19920,24,0.677536231884058,68.70833333333333
19921,3,0.3333333333333333,3.3333333333333335
19922,22,0.2943722943722944,39.81818181818182
19923,6,0.26666666666666666,54.5
19924,33,0.3106060606060606,100.72727272727273
19925,22,0.12554112554112554,38.09090909090909
19926,0,0.0,0.0
19927,10,0.13333333333333333,25.5
19928,1,0.0,1.0
19929,61,0.16775956284153004,140.8360655737705
19930,36,0.5079365079365079,48.888888888888886
19931,55,0.24848484848484848,44.92727272727273
19932,18,0.49673202614379086,54.388888888888886
19933,8,0.21428571428571427,15.625
19934,31,0.5655913978494623,28.096774193548388
19935,21,0.21428571428571427,48.95238095238095
19936,0,0.0,0.0
19937,12,0.2727272727272727,11.833333333333334
19938,72,0.07863849765258216,63.138888888888886
19939,8,0.6785714285714286,26.375
19940,1,0.0,12.0
19941,1,0.0,7.0
19942,35,0.4016806722689076,98.71428571428571
19943,23,0.1225296442687747,81.1304347826087
19944,15,0.4857142857142857,84.66666666666667
19945,166,0.22387732749178532,221.6987951807229
19946,10,0.5333333333333333,95.7
19947,12,0.4090909090909091,38.0
19948,0,0.0,0.0
19949,52,0.14102564102564102,36.86538461538461
19950,141,0.2530901722391084,78.76595744680851
19951,1,0.0,5.0
19952,178,0.18726591760299627,204.69662921348313
19953,16,0.16666666666666666,31.1875
19954,4,0.3333333333333333,37.0
19955,24,0.2826086956521739,118.04166666666667
19956,9,0.5555555555555556,19.22222222222222
19957,74,0.16808589411329136,109.22972972972973
19958,24,0.2391304347826087,107.41666666666667
19959,16,0.275,198.375
19960,7,0.47619047619047616,34.857142857142854
19961,95,0.47256438969764836,75.14736842105263
19962,4,0.16666666666666666,52.75
19963,14,0.945054945054945,55.0
19964,67,0.19448213478064225,92.46268656716418
19965,20,0.43157894736842106,39.5
19966,10,0.7777777777777778,26.1
19967,3,1.0,54.666666666666664
19968,38,0.3883357041251778,146.05263157894737
19969,57,0.45864661654135336,74.19298245614036
19970,15,0.3142857142857143,58.666666666666664
19971,5,0.7,48.2
19972,14,0.3626373626373626,60.285714285714285
19973,154,0.2634750870044988,124.33766233766234
19974,13,0.3974358974358974,46.76923076923077
19975,9,0.19444444444444445,21.555555555555557
19976,25,0.6633333333333333,90.04
19977,17,0.3897058823529412,21.58823529411765
19978,8,0.39285714285714285,65.625
19979,16,0.23333333333333334,10.5625
19980,0,0.0,0.0
19981,67,0.26322930800542743,82.40298507462687
19982,6,0.4,29.666666666666668
19983,30,0.4114942528735632,129.1
19984,23,0.22529644268774704,62.69565217391305
19985,13,0.32051282051282054,24.846153846153847
19986,10,0.26666666666666666,84.9
19987,2,0.0,14.5
19988,13,0.47435897435897434,90.6923076923077
19989,10,0.5333333333333333,18.5
19990,542,0.07905273137759104,136.8929889298893
19991,19,0.10526315789473684,38.1578947368421
19992,4,0.16666666666666666,8.75
19993,10,0.13333333333333333,26.9
19994,257,0.2389956225680934,143.08949416342412
19995,10,0.5333333333333333,38.3
19996,135,0.33300165837479273,147.11851851851853
19997,20,0.07894736842105263,54.9
19998,19,0.2982456140350877,40.31578947368421
19999,20,0.33157894736842103,28.9
20000,65,0.5192307692307693,85.35384615384615
20001,0,0.0,0.0
20002,5,0.4,73.8
20003,10,0.4222222222222222,29.5
20004,20,0.1631578947368421,53.05
20005,1,0.0,1.0
20006,24,0.3115942028985507,38.875
20007,13,0.358974358974359,55.38461538461539
20008,6,0.4666666666666667,40.5
20009,47,0.18131359851988899,105.53191489361703
20010,13,0.2692307692307692,51.30769230769231
20011,57,0.5394736842105263,139.0
20012,4,0.8333333333333334,51.25
20013,3,0.6666666666666666,136.0
20014,15,0.8666666666666667,68.86666666666666
20015,6,0.2,23.166666666666668
20016,14,0.054945054945054944,30.142857142857142
20017,11,0.34545454545454546,31.181818181818183
20018,1,0.0,1.0
20019,18,0.45098039215686275,29.27777777777778
20020,27,0.4843304843304843,88.81481481481481
20021,15,0.10476190476190476,34.333333333333336
20022,12,0.07575757575757576,18.5
20023,26,0.76,42.26923076923077
20024,84,0.434021801491681,68.67857142857143
20025,5,1.0,46.2
20026,18,0.2679738562091503,19.166666666666668
20027,3,0.3333333333333333,16.666666666666668
20028,0,0.0,0.0
20029,150,0.23033557046979866,201.14
20030,63,0.38146441372247825,99.53968253968254
20031,63,0.4551971326164875,113.44444444444444
20032,82,0.3152664859981933,144.6829268292683
20033,13,0.38461538461538464,45.07692307692308
20034,41,0.22073170731707317,146.09756097560975
20035,10,0.3333333333333333,33.6
20036,99,0.28220985363842505,244.84848484848484
20037,54,0.16352201257861634,80.61111111111111
20038,67,0.21483491632745363,126.56716417910448
20039,8,0.75,22.625
20040,198,0.25790903963492795,96.57070707070707
20041,27,0.1737891737891738,41.333333333333336
20042,40,0.23846153846153847,78.9
20043,26,0.42153846153846153,72.84615384615384
20044,26,0.5876923076923077,81.23076923076923
20045,2,1.0,15.0
20046,19,0.27485380116959063,29.157894736842106
20047,5,0.4,93.0
20048,15,0.23809523809523808,26.8
20049,2,0.0,17.0
20050,13,0.34615384615384615,50.0
20051,3,0.3333333333333333,162.0
20052,3,0.3333333333333333,34.0
20053,38,0.2574679943100996,38.28947368421053
20054,171,0.1585827313381493,151.87134502923976
20055,20,0.5,39.8
20056,169,0.1749084249084249,146.7869822485207
20057,40,0.8038461538461539,94.75
20058,3,0.3333333333333333,14.333333333333334
20059,21,0.1523809523809524,51.476190476190474
20060,37,0.42792792792792794,48.54054054054054
20061,33,0.17992424242424243,29.545454545454547
20062,1,0.0,60.0
20063,11,0.3090909090909091,24.272727272727273
20064,36,0.5015873015873016,139.61111111111111
20065,2,0.0,40.0
20066,37,0.13663663663663664,86.02702702702703
20067,4,0.3333333333333333,29.25
20068,8,0.4642857142857143,203.875
20069,26,0.28,70.57692307692308
20070,32,0.3911290322580645,67.59375
20071,35,0.22521008403361345,55.25714285714286
20072,145,0.33869731800766284,200.31724137931033
20073,15,0.14285714285714285,21.2
20074,20,0.4368421052631579,66.6
20075,42,0.3600464576074332,107.47619047619048
20076,2,1.0,17.5
20077,17,0.22794117647058823,65.52941176470588
20078,9,0.16666666666666666,39.44444444444444
20079,40,0.358974358974359,66.875
20080,5,0.1,46.6
20081,160,0.24536163522012577,158.5625
20082,2,0.0,41.5
20083,4,0.3333333333333333,11.25
20084,13,0.16666666666666666,122.0
20085,46,0.4077294685990338,46.56521739130435
20086,18,0.6862745098039216,75.5
20087,6,0.6666666666666666,42.5
20088,4,0.0,15.5
20089,3,0.0,4.0
20090,20,0.4105263157894737,212.75
20091,2,0.0,31.0
20092,22,0.1774891774891775,77.45454545454545
20093,52,0.11990950226244344,80.82692307692308
20094,0,0.0,0.0
20095,8,0.17857142857142858,21.625
20096,57,0.21052631578947367,53.73684210526316
20097,2,1.0,10.0
20098,58,0.16636418632788869,140.06896551724137
20099,9,0.3055555555555556,101.44444444444444
20100,5,0.6,55.0
20101,55,0.1892255892255892,84.41818181818182
20102,47,0.41350601295097134,170.4468085106383
20103,112,0.32175032175032175,95.55357142857143
20104,44,0.5306553911205074,90.20454545454545
20105,47,0.21646623496762257,132.85106382978722
20106,1,0.0,2.0
20107,18,0.23529411764705882,22.38888888888889
20108,166,0.3103322380430814,108.46987951807229
20109,39,0.4925775978407557,70.23076923076923
20110,11,0.3090909090909091,34.90909090909091
20111,138,0.47011530730984874,108.27536231884058
20112,33,0.2765151515151515,81.6969696969697
20113,153,0.32722738218094255,78.31372549019608
20114,89,0.3123084780388151,107.93258426966293
20115,42,0.5760743321718932,184.1904761904762
20116,2,0.0,30.5
20117,41,0.4719512195121951,50.19512195121951
20118,62,0.3046007403490217,85.0
20119,7,0.14285714285714285,28.285714285714285
20120,75,0.56,127.93333333333334
20121,191,0.30101956461835216,91.40837696335079
20122,87,0.10612135792568832,80.55172413793103
20123,23,0.2766798418972332,76.08695652173913
20124,14,0.3956043956043956,42.57142857142857
20125,27,0.24786324786324787,208.77777777777777
20126,11,0.6,27.0
20127,8,0.21428571428571427,57.75
20128,6,0.06666666666666667,57.5
20129,1,0.0,28.0
20130,182,0.3197741485034303,148.71978021978023
20131,16,0.24166666666666667,24.75
20132,3,0.3333333333333333,14.666666666666666
20133,39,0.29554655870445345,36.30769230769231
20134,12,0.3333333333333333,158.08333333333334
20135,3,0.3333333333333333,31.333333333333332
20136,12,0.30303030303030304,36.583333333333336
20137,4,0.16666666666666666,9.75
20138,83,0.24449015574493094,144.9156626506024
20139,51,0.5686274509803921,125.19607843137256
20140,13,0.0641025641025641,25.692307692307693
20141,2,1.0,8.0
20142,152,0.22699546880446148,78.1842105263158
20143,6,0.26666666666666666,53.5
20144,18,0.22875816993464052,69.38888888888889
20145,7,0.19047619047619047,21.142857142857142
20146,19,0.21052631578947367,77.15789473684211
20147,9,0.25,15.777777777777779
20148,3,1.0,25.666666666666668
20149,17,0.34558823529411764,39.294117647058826
20150,31,0.23440860215053763,42.096774193548384
20151,6,0.26666666666666666,13.5
20152,1,0.0,1.0
20153,0,0.0,0.0
20154,40,0.28205128205128205,74.25
20155,1,0.0,33.0
20156,1,0.0,8.0
20157,10,0.5777777777777777,85.7
20158,8,0.5,20.125
20159,49,0.17346938775510204,77.95918367346938
20160,22,0.2813852813852814,38.45454545454545
20161,0,0.0,0.0
20162,20,0.41578947368421054,23.8
20163,125,0.2936774193548387,233.744
20164,96,0.4219298245614035,147.0625
20165,26,0.2153846153846154,120.8076923076923
20166,9,0.75,9.777777777777779
20167,41,0.23414634146341465,74.65853658536585
20168,9,0.75,10.0
20169,12,0.4393939393939394,14.0
20170,0,0.0,0.0
20171,15,0.2571428571428571,128.46666666666667
20172,22,0.36363636363636365,43.36363636363637
20173,12,0.19696969696969696,136.16666666666666
20174,11,0.8181818181818182,18.272727272727273
20175,5,0.4,21.2
20176,47,0.4884366327474561,92.68085106382979
20177,69,0.10699062233589088,80.18840579710145
20178,7,0.09523809523809523,29.285714285714285
20179,0,0.0,0.0
20180,15,0.3142857142857143,101.13333333333334
20181,99,0.28097299525870956,70.01010101010101
20182,9,0.7777777777777778,57.44444444444444
20183,17,0.2867647058823529,18.58823529411765
20184,9,0.4444444444444444,336.1111111111111
20185,3,0.3333333333333333,6.0
20186,0,0.0,0.0
20187,26,0.3076923076923077,106.8076923076923
20188,19,0.27485380116959063,47.78947368421053
20189,44,0.2854122621564482,47.5
20190,112,0.11341698841698841,138.84821428571428
20191,67,0.28493894165535955,153.82089552238807
20192,13,0.6153846153846154,203.76923076923077
20193,2,0.0,4.5
20194,32,0.22379032258064516,168.71875
20195,26,0.17846153846153845,170.3846153846154
20196,56,0.4597402597402597,81.875
20197,22,0.354978354978355,15.636363636363637
20198,7,0.42857142857142855,68.57142857142857
20199,56,0.29415584415584417,49.660714285714285
20200,144,0.3923853923853924,115.73611111111111
20201,89,0.5296220633299284,73.80898876404494
20202,4,0.16666666666666666,14.25
20203,18,0.1568627450980392,70.0
20204,6,0.6666666666666666,44.833333333333336
20205,2,0.0,4.5
20206,15,0.09523809523809523,41.46666666666667
20207,0,0.0,0.0
20208,16,0.23333333333333334,26.9375
20209,12,0.6060606060606061,53.916666666666664
20210,7,0.19047619047619047,33.142857142857146
20211,86,0.213406292749658,150.1627906976744
20212,21,0.08095238095238096,59.61904761904762
20213,7,0.7142857142857143,46.142857142857146
20214,4,0.0,19.5
20215,99,0.5048443619872192,180.77777777777777
20216,215,0.09932623342751576,119.46511627906976
20217,48,0.43439716312056736,93.33333333333333
20218,6,0.26666666666666666,37.333333333333336
20219,9,0.25,15.11111111111111
20220,1,0.0,5.0
20221,11,0.2545454545454545,54.72727272727273
20222,10,0.2,34.7
20223,11,0.34545454545454546,122.36363636363636
20224,50,0.1673469387755102,71.22
20225,27,0.4131054131054131,153.03703703703704
20226,9,0.1111111111111111,38.44444444444444
20227,50,0.7142857142857143,54.26
20228,6,0.6,42.0
20229,18,0.20261437908496732,179.0
20230,7,1.0,278.14285714285717
20231,6,0.2,32.5
20232,3,0.3333333333333333,13.333333333333334
20233,10,0.2,41.3
20234,5,0.1,23.2
20235,16,0.23333333333333334,57.3125
20236,27,0.7663817663817664,102.03703703703704
20237,40,0.31794871794871793,45.125
20238,8,0.32142857142857145,40.125
20239,5,0.2,70.8
20240,32,0.3084677419354839,58.15625
20241,16,0.1,11.125
20242,43,0.2292358803986711,92.4186046511628
20243,55,0.3212121212121212,44.72727272727273
20244,4,0.16666666666666666,21.75
20245,16,0.3416666666666667,45.875
20246,7,0.19047619047619047,25.285714285714285
20247,9,0.19444444444444445,45.666666666666664
20248,20,0.4,35.5
20249,57,0.4367167919799499,156.3684210526316
20250,12,0.5303030303030303,21.333333333333332
20251,58,0.24379915305505143,77.44827586206897
20252,14,0.45054945054945056,33.285714285714285
20253,55,0.3151515151515151,198.01818181818183
20254,13,0.24358974358974358,44.38461538461539
20255,14,0.5054945054945055,22.714285714285715
20256,29,0.1748768472906404,77.44827586206897
20257,0,0.0,0.0
20258,1,0.0,51.0
20259,13,0.28205128205128205,58.76923076923077
20260,3,1.0,7.666666666666667
20261,38,0.30014224751066854,43.526315789473685
20262,71,0.16861167002012073,45.70422535211268
20263,17,0.4852941176470588,123.88235294117646
20264,66,0.30582750582750584,115.43939393939394
20265,14,0.5934065934065934,24.785714285714285
20266,43,0.1583610188261351,171.8139534883721
20267,58,0.16999395039322443,122.58620689655173
20268,9,0.25,67.11111111111111
20269,18,0.8888888888888888,72.83333333333333
20270,19,0.30409356725146197,204.3684210526316
20271,6,0.4,24.5
20272,47,0.3996299722479186,61.46808510638298
20273,1,0.0,2.0
20274,50,0.48653061224489796,46.56
20275,4,0.6666666666666666,15.5
20276,32,0.31451612903225806,77.71875
20277,20,0.7421052631578947,118.5
20278,6,0.26666666666666666,10.833333333333334
20279,57,0.22932330827067668,48.6140350877193
20280,117,0.2524314765694076,149.72649572649573
20281,13,0.4358974358974359,140.07692307692307
20282,287,0.20092103018932286,132.37282229965157
20283,87,0.2413793103448276,80.67816091954023
20284,31,0.3634408602150538,67.7741935483871
20285,34,0.13725490196078433,127.8529411764706
20286,2,0.0,73.5
20287,147,0.4014537321778026,132.55102040816325
20288,1,0.0,41.0
20289,17,0.39705882352941174,23.0
20290,7,0.19047619047619047,10.428571428571429
20291,36,0.5396825396825397,44.611111111111114
20292,16,0.8333333333333334,46.875
20293,60,0.1553672316384181,70.78333333333333
20294,0,0.0,0.0
20295,25,0.2733333333333333,119.96
20296,11,0.23636363636363636,36.27272727272727
20297,79,0.24050632911392406,112.35443037974683
20298,0,0.0,0.0
20299,15,0.1523809523809524,33.53333333333333
20300,8,0.14285714285714285,50.375
20301,18,0.26143790849673204,59.27777777777778
20302,7,0.38095238095238093,38.857142857142854
20303,23,0.5296442687747036,59.869565217391305
20304,19,0.32748538011695905,68.47368421052632
20305,18,0.2222222222222222,31.22222222222222
20306,11,0.41818181818181815,90.63636363636364
20307,2,1.0,83.5
20308,17,0.16911764705882354,47.23529411764706
20309,6,0.4,26.0
20310,16,0.36666666666666664,87.9375
20311,21,0.2523809523809524,219.04761904761904
20312,33,0.16477272727272727,58.878787878787875
20313,20,0.2894736842105263,57.8
20314,1,0.0,1.0
20315,27,0.48717948717948717,165.2962962962963
20316,15,0.3523809523809524,20.533333333333335
20317,38,0.21621621621621623,92.55263157894737
20318,158,0.24002257518342338,214.91139240506328
20319,68,0.6676909569798068,82.83823529411765
20320,18,0.6666666666666666,65.5
20321,27,0.07122507122507123,52.370370370370374
20322,56,0.3168831168831169,144.48214285714286
20323,17,0.47058823529411764,44.0
20324,6,0.4,28.333333333333332
20325,50,0.2522448979591837,111.28
20326,53,0.20972423802612483,102.30188679245283
20327,12,0.6212121212121212,19.833333333333332
20328,88,0.6468129571577848,123.625
20329,17,0.7279411764705882,37.294117647058826
20330,5,0.5,5.2
20331,1,0.0,32.0
20332,2,0.0,14.5
20333,17,0.3602941176470588,38.11764705882353
20334,0,0.0,0.0
20335,78,0.42923742923742925,169.7051282051282
20336,49,0.18877551020408162,44.775510204081634
20337,59,0.5476329631794272,115.47457627118644
20338,4,0.8333333333333334,29.25
20339,11,0.10909090909090909,87.0
20340,24,0.3079710144927536,55.833333333333336
20341,25,0.41333333333333333,168.08
20342,11,0.45454545454545453,31.363636363636363
20343,10,0.35555555555555557,16.5
20344,22,0.2554112554112554,76.31818181818181
20345,1,0.0,1.0
20346,0,0.0,0.0
20347,3,0.0,5.666666666666667
20348,11,0.2909090909090909,43.09090909090909
20349,23,0.16600790513833993,92.56521739130434
20350,4,0.3333333333333333,19.0
20351,24,0.3442028985507246,53.833333333333336
20352,5,0.5,37.2
20353,1,0.0,12.0
20354,12,0.3181818181818182,160.83333333333334
20355,23,0.1976284584980237,193.34782608695653
20356,7,0.42857142857142855,45.57142857142857
20357,7,0.2857142857142857,354.85714285714283
20358,16,0.45,26.875
20359,33,0.2689393939393939,66.45454545454545
20360,37,0.3993993993993994,39.4054054054054
20361,8,0.5714285714285714,16.5
20362,41,0.20121951219512196,50.951219512195124
20363,46,0.37777777777777777,56.04347826086956
20364,8,0.17857142857142858,10.625
20365,2,0.0,15.5
20366,3,0.0,33.666666666666664
20367,36,0.29365079365079366,30.52777777777778
20368,7,0.23809523809523808,24.428571428571427
20369,9,0.5555555555555556,27.666666666666668
20370,12,0.22727272727272727,13.916666666666666
20371,18,0.3790849673202614,64.11111111111111
20372,30,0.2413793103448276,39.06666666666667
20373,18,0.3202614379084967,72.33333333333333
20374,8,0.32142857142857145,51.25
20375,37,0.36186186186186187,46.513513513513516
20376,49,0.272108843537415,226.0204081632653
20377,58,0.47368421052631576,94.43103448275862
20378,9,0.5555555555555556,14.88888888888889
20379,29,0.2561576354679803,58.3448275862069
20380,56,0.09610389610389611,83.07142857142857
20381,6,0.3333333333333333,30.833333333333332
20382,65,0.23557692307692307,215.56923076923076
20383,10,0.6,68.7
20384,50,0.3706122448979592,70.9
20385,8,0.42857142857142855,49.0
20386,0,0.0,0.0
20387,717,0.0721075555347779,113.87308228730822
20388,5,0.2,106.8
20389,43,0.18383167220376523,104.4186046511628
20390,5,0.3,25.8
20391,26,0.6369230769230769,85.53846153846153
20392,1,0.0,2.0
20393,13,0.48717948717948717,42.23076923076923
20394,10,0.15555555555555556,31.6
20395,19,0.18128654970760233,58.0
20396,10,0.2,17.0
20397,4,0.16666666666666666,17.75
20398,26,0.3323076923076923,72.5
20399,34,0.2727272727272727,246.0
20400,16,0.15833333333333333,63.1875
20401,119,0.19498646916393675,163.99159663865547
20402,45,0.15252525252525254,107.11111111111111
20403,1,0.0,39.0
20404,20,0.25263157894736843,62.45
20405,7,0.42857142857142855,35.0
20406,52,0.18778280542986425,81.9423076923077
20407,3,0.3333333333333333,4.333333333333333
20408,5,0.2,10.0
20409,72,0.23708920187793428,205.40277777777777
20410,23,0.1976284584980237,125.6086956521739
20411,6,0.06666666666666667,58.166666666666664
20412,4,0.8333333333333334,34.0
20413,12,0.13636363636363635,50.166666666666664
20414,5,0.3,17.4
20415,8,0.21428571428571427,23.625
20416,9,0.1388888888888889,47.888888888888886
20417,9,0.3055555555555556,64.44444444444444
20418,9,0.8888888888888888,34.44444444444444
20419,19,0.695906432748538,53.421052631578945
20420,21,0.3,74.14285714285714
20421,22,0.1471861471861472,26.545454545454547
20422,28,0.21693121693121692,97.14285714285714
20423,74,0.18104405775638652,33.554054054054056
20424,4,0.3333333333333333,17.5
20425,19,0.2631578947368421,35.421052631578945
20426,8,0.35714285714285715,15.125
20427,0,0.0,0.0
20428,45,0.15353535353535352,51.733333333333334
20429,3,0.0,32.333333333333336
20430,34,0.24242424242424243,46.64705882352941
20431,20,0.24210526315789474,16.35
20432,6,0.4,9.166666666666666
20433,20,0.21052631578947367,47.35
20434,11,0.14545454545454545,25.363636363636363
20435,2,1.0,18.0
20436,9,0.16666666666666666,78.66666666666667
20437,71,0.5408450704225352,93.7605633802817
20438,4,0.3333333333333333,72.25
20439,125,0.2249032258064516,138.488
20440,17,0.19852941176470587,25.764705882352942
20441,13,0.3717948717948718,30.307692307692307
20442,8,0.14285714285714285,30.375
20443,34,0.8502673796791443,77.32352941176471
20444,18,0.1568627450980392,37.72222222222222
20445,0,0.0,0.0
20446,41,0.19146341463414634,39.4390243902439
20447,2,0.0,8.0
20448,96,0.14627192982456141,51.958333333333336
20449,7,0.23809523809523808,32.42857142857143
20450,2,1.0,12.5
20451,76,0.11789473684210526,79.36842105263158
20452,36,0.12698412698412698,91.80555555555556
20453,0,0.0,0.0
20454,5,0.1,29.4
20455,8,0.6785714285714286,18.375
20456,53,0.5399129172714079,59.62264150943396
20457,17,0.40441176470588236,77.29411764705883
20458,21,0.13333333333333333,99.14285714285714
20459,6,0.2,11.5
20460,34,0.28698752228163993,172.35294117647058
20461,2,0.0,9.5
20462,45,0.4919191919191919,130.75555555555556
20463,3,0.0,21.333333333333332
20464,5,0.5,22.4
20465,29,0.6108374384236454,59.51724137931034
20466,17,0.5441176470588235,54.411764705882355
20467,53,0.5689404934687954,95.71698113207547
20468,44,0.11733615221987315,101.43181818181819
20469,18,0.35947712418300654,30.333333333333332
20470,15,0.10476190476190476,19.4
20471,31,0.4064516129032258,48.58064516129032
20472,9,0.3055555555555556,29.333333333333332
20473,7,0.19047619047619047,13.571428571428571
20474,41,0.29634146341463413,41.609756097560975
20475,8,0.35714285714285715,9.5
20476,1,0.0,18.0
20477,80,0.5189873417721519,135.65
20478,60,0.376271186440678,135.5
20479,2,0.0,48.0
20480,20,0.18421052631578946,124.25
20481,14,0.25274725274725274,30.357142857142858
20482,5,0.4,40.8
20483,1,0.0,13.0
20484,3,0.0,21.0
20485,1,0.0,4.0
20486,18,0.3137254901960784,46.44444444444444
20487,6,0.3333333333333333,40.333333333333336
20488,53,0.2757619738751814,88.52830188679245
20489,11,0.3090909090909091,40.81818181818182
20490,119,0.294402506765418,140.98319327731093
20491,1,0.0,5.0
20492,151,0.13801324503311257,170.83443708609272
20493,34,0.10160427807486631,21.41176470588235
20494,4,0.6666666666666666,20.75
20495,10,0.26666666666666666,51.0
20496,2,0.0,37.0
20497,8,0.6785714285714286,26.25
20498,146,0.39282002834199337,99.56849315068493
20499,2,0.0,5.5
20500,2,1.0,24.5
20501,1,0.0,6.0
20502,10,0.6222222222222222,13.0
20503,45,0.7080808080808081,51.53333333333333
20504,26,0.48615384615384616,54.88461538461539
20505,10,0.37777777777777777,98.3
20506,3,0.0,36.333333333333336
20507,21,0.20952380952380953,91.14285714285714
20508,1,0.0,44.0
20509,7,0.23809523809523808,90.42857142857143
20510,53,0.1806966618287373,71.0377358490566
20511,24,0.4782608695652174,44.583333333333336
20512,7,0.19047619047619047,36.857142857142854
20513,10,0.5333333333333333,90.7
20514,17,0.4485294117647059,28.294117647058822
20515,12,0.3181818181818182,18.916666666666668
20516,103,0.12659432705120882,121.60194174757281
20517,12,0.22727272727272727,29.833333333333332
20518,3,0.3333333333333333,200.0
20519,39,0.3157894736842105,115.35897435897436
20520,222,0.309852839264604,128.1936936936937
20521,44,0.2727272727272727,76.11363636363636
20522,12,0.18181818181818182,27.416666666666668
20523,28,0.30687830687830686,122.25
20524,1,0.0,2.0
20525,50,0.22122448979591836,51.98
20526,6,0.26666666666666666,44.166666666666664
20527,3,0.3333333333333333,7.666666666666667
20528,3,1.0,35.333333333333336
20529,56,0.5487012987012987,91.57142857142857
20530,1,0.0,2.0
20531,6,0.4666666666666667,103.0
20532,5,0.4,66.4
20533,17,0.125,70.47058823529412
20534,19,0.6491228070175439,34.31578947368421
20535,21,0.49047619047619045,32.76190476190476
20536,28,0.19047619047619047,81.75
20537,19,0.4853801169590643,56.36842105263158
20538,84,0.15261044176706828,118.04761904761905
20539,13,0.6025641025641025,32.30769230769231
20540,164,0.29133622624569805,107.5060975609756
20541,2,1.0,4.5
20542,42,0.25551684088269455,83.0952380952381
20543,1,0.0,20.0
20544,22,0.35064935064935066,65.4090909090909
20545,3,0.3333333333333333,7.666666666666667
20546,72,0.12284820031298904,158.08333333333334
20547,20,0.3157894736842105,93.9
20548,63,0.22580645161290322,157.44444444444446
20549,35,0.25882352941176473,67.34285714285714
20550,6,0.3333333333333333,41.5
20551,2,0.0,14.0
20552,1,0.0,6.0
20553,0,0.0,0.0
20554,3,1.0,56.333333333333336
20555,11,0.18181818181818182,156.1818181818182
20556,6,0.6666666666666666,34.0
20557,81,0.18549382716049384,72.76543209876543
20558,2,1.0,4.0
20559,16,0.6,41.4375
20560,6,0.6,48.166666666666664
20561,26,0.3230769230769231,36.88461538461539
20562,11,0.4727272727272727,49.90909090909091
20563,2,1.0,59.5
20564,1,0.0,79.0
20565,24,0.2427536231884058,36.708333333333336
20566,0,0.0,0.0
20567,8,0.4642857142857143,12.75
20568,4,0.6666666666666666,17.75
20569,8,0.21428571428571427,48.625
20570,0,0.0,0.0
20571,55,0.22424242424242424,134.72727272727272
20572,176,0.21707792207792206,92.73863636363636
20573,68,0.22651448639157157,162.72058823529412
20574,253,0.14263755568103395,113.94466403162055
20575,21,0.26666666666666666,124.04761904761905
20576,125,0.2110967741935484,128.584
20577,52,0.29034690799396684,67.03846153846153
20578,9,0.6944444444444444,27.11111111111111
20579,11,0.5636363636363636,30.636363636363637
20580,84,0.23522662076878945,114.71428571428571
20581,2,0.0,13.0
20582,9,0.2222222222222222,21.666666666666668
20583,32,0.20362903225806453,21.375
20584,89,0.1128702757916241,39.359550561797754
20585,17,0.27205882352941174,16.764705882352942
20586,42,0.34727061556329847,160.4047619047619
20587,96,0.42390350877192984,76.0
20588,1,0.0,54.0
20589,27,0.1623931623931624,83.55555555555556
20590,12,0.6212121212121212,17.833333333333332
20591,6,0.3333333333333333,38.5
20592,2,1.0,17.0
20593,65,0.2956730769230769,107.15384615384616
20594,6,0.4666666666666667,31.166666666666668
20595,104,0.41280806572068707,128.5096153846154
20596,155,0.2669459572685379,93.75483870967741
20597,3,1.0,166.0
20598,14,0.5824175824175825,67.35714285714286
20599,15,0.2,49.46666666666667
20600,3,0.0,20.0
20601,44,0.3097251585623679,118.86363636363636
20602,4,1.0,10.0
20603,14,0.1978021978021978,54.642857142857146
20604,0,0.0,0.0
20605,18,0.24836601307189543,21.88888888888889
20606,9,0.3333333333333333,141.22222222222223
20607,38,0.18776671408250356,78.05263157894737
20608,52,0.46530920060331826,103.15384615384616
20609,12,0.5757575757575758,53.5
20610,37,0.4624624624624625,105.45945945945945
20611,41,0.2097560975609756,52.90243902439025
20612,1,0.0,5.0
20613,0,0.0,0.0
20614,19,0.3157894736842105,187.73684210526315
20615,4,1.0,25.25
20616,0,0.0,0.0
20617,27,0.37606837606837606,70.5925925925926
20618,14,0.17582417582417584,46.142857142857146
20619,6,0.3333333333333333,32.666666666666664
20620,25,0.55,50.68
20621,259,0.2550357666636736,124.10424710424711
20622,8,0.75,72.25
20623,3,0.3333333333333333,23.666666666666668
20624,113,0.2157079646017699,219.44247787610618
20625,62,0.27287149656266524,34.725806451612904
20626,2,0.0,21.0
20627,7,0.38095238095238093,38.857142857142854
20628,43,0.3133997785160576,40.325581395348834
20629,13,0.14102564102564102,30.692307692307693
20630,14,0.34065934065934067,117.42857142857143
20631,18,0.40522875816993464,72.77777777777777
20632,6,0.7333333333333333,31.166666666666668
20633,16,0.30833333333333335,27.0
20634,25,0.7133333333333334,104.2
20635,29,0.2832512315270936,106.03448275862068
20636,37,0.4744744744744745,75.62162162162163
20637,59,0.23845704266510812,49.30508474576271
20638,42,0.45528455284552843,79.0952380952381
20639,154,0.18546812664459722,178.96103896103895
20640,33,0.21401515151515152,92.63636363636364
20641,2,1.0,71.0
20642,1,0.0,5.0
20643,2,0.0,8.5
20644,6,0.2,40.166666666666664
20645,23,0.3794466403162055,39.21739130434783
20646,54,0.4549266247379455,70.94444444444444
20647,6,0.5333333333333333,10.833333333333334
20648,21,0.24761904761904763,120.57142857142857
20649,3,0.3333333333333333,14.0
20650,29,0.4039408866995074,121.24137931034483
20651,18,0.5163398692810458,49.611111111111114
20652,13,0.38461538461538464,41.46153846153846
20653,4,0.5,47.75
20654,3,0.0,15.666666666666666
20655,93,0.37821411874707805,240.67741935483872
20656,64,0.20238095238095238,41.796875
20657,21,0.5047619047619047,18.19047619047619
20658,56,0.18896103896103897,77.75
20659,46,0.30917874396135264,47.608695652173914
20660,15,0.29523809523809524,102.2
20661,54,0.10202655485674354,51.629629629629626
20662,55,0.1542087542087542,100.67272727272727
20663,2,0.0,14.5
20664,34,0.45276292335115864,76.47058823529412
20665,26,0.12615384615384614,34.61538461538461
20666,3,1.0,24.666666666666668
20667,8,0.39285714285714285,21.875
20668,11,0.5272727272727272,53.0
20669,32,0.14717741935483872,40.71875
20670,42,0.3716608594657375,115.95238095238095
20671,18,0.39869281045751637,33.94444444444444
20672,24,0.4311594202898551,33.791666666666664
20673,16,0.225,44.5
20674,4,1.0,66.25
20675,4,0.16666666666666666,55.25
20676,131,0.21937756899588962,226.06106870229007
20677,116,0.26866566716641677,119.20689655172414
20678,21,0.5190476190476191,36.476190476190474
20679,48,0.2854609929078014,39.104166666666664
20680,15,0.6,63.666666666666664
20681,12,0.21212121212121213,24.166666666666668
20682,17,0.22058823529411764,56.411764705882355
20683,1,0.0,51.0
20684,41,0.1475609756097561,42.75609756097561
20685,19,0.7134502923976608,58.421052631578945
20686,52,0.2993966817496229,124.76923076923077
20687,15,0.2,16.533333333333335
20688,0,0.0,0.0
20689,31,0.14408602150537633,144.41935483870967
20690,30,0.4781609195402299,55.1
20691,2,0.0,25.0
20692,16,0.5666666666666667,51.25
20693,3,1.0,12.0
20694,18,0.29411764705882354,50.111111111111114
20695,0,0.0,0.0
20696,15,0.6,32.4
20697,3,0.3333333333333333,6.333333333333333
20698,4,0.6666666666666666,90.25
20699,17,0.7058823529411765,22.647058823529413
20700,4,0.16666666666666666,9.5
20701,2,0.0,2.0
20702,0,0.0,0.0
20703,75,0.23207207207207206,142.58666666666667
20704,80,0.34145569620253163,76.2875
20705,4,0.0,86.75
20706,43,0.6921373200442967,66.27906976744185
20707,49,0.1828231292517007,141.3265306122449
20708,8,0.21428571428571427,35.125
20709,18,0.22875816993464052,58.22222222222222
20710,43,0.2502768549280177,30.53488372093023
20711,2,0.0,27.5
20712,61,0.6573770491803279,98.67213114754098
20713,24,0.3007246376811594,28.958333333333332
20714,48,0.29432624113475175,112.9375
20715,11,0.32727272727272727,99.9090909090909
20716,2,0.0,12.5
20717,7,0.7142857142857143,47.857142857142854
20718,55,0.2377104377104377,54.96363636363636
20719,9,0.3333333333333333,17.11111111111111
20720,38,0.17496443812233287,63.526315789473685
20721,2,0.0,29.5
20722,5,1.0,177.2
20723,12,0.5303030303030303,26.333333333333332
20724,11,1.0,17.272727272727273
20725,6,0.4,25.0
20726,7,0.38095238095238093,64.71428571428571
20727,10,0.35555555555555557,44.6
20728,11,0.5454545454545454,123.0
20729,37,0.5165165165165165,87.02702702702703
20730,3,0.3333333333333333,64.0
20731,44,0.17758985200845667,91.86363636363636
20732,43,0.1184939091915836,82.37209302325581
20733,2,0.0,37.5
20734,53,0.18505079825834542,110.24528301886792
20735,70,0.1772256728778468,144.04285714285714
20736,0,0.0,0.0
20737,13,0.10256410256410256,22.923076923076923
20738,11,0.6363636363636364,53.36363636363637
20739,251,0.11212749003984064,165.62549800796813
20740,0,0.0,0.0
20741,5,0.1,17.8
20742,2,1.0,4.0
20743,12,0.2727272727272727,18.916666666666668
20744,20,0.24210526315789474,218.75
20745,19,0.21052631578947367,38.31578947368421
20746,2,0.0,12.0
20747,29,0.26108374384236455,23.79310344827586
20748,6,0.13333333333333333,16.0
20749,31,0.24516129032258063,85.09677419354838
20750,5,0.1,31.0
20751,17,0.6985294117647058,26.058823529411764
20752,8,0.14285714285714285,60.125
20753,29,0.24630541871921183,98.89655172413794
20754,12,0.25757575757575757,168.33333333333334
20755,20,0.21052631578947367,93.85
20756,0,0.0,0.0
20757,7,0.23809523809523808,15.428571428571429
20758,8,0.5714285714285714,21.25
20759,16,0.26666666666666666,79.5
20760,14,0.38461538461538464,39.0
20761,7,0.3333333333333333,30.857142857142858
20762,82,0.20445648900933452,190.82926829268294
20763,7,0.14285714285714285,21.857142857142858
20764,12,0.36363636363636365,21.333333333333332
20765,1,0.0,1.0
20766,28,0.23809523809523808,18.857142857142858
20767,30,0.16091954022988506,128.4
20768,16,0.375,27.6875
20769,10,0.2,23.4
20770,28,0.15079365079365079,59.57142857142857
20771,21,0.7476190476190476,47.19047619047619
20772,28,0.2619047619047619,41.25
20773,1,0.0,24.0
20774,22,0.38095238095238093,57.77272727272727
20775,9,0.5833333333333334,30.0
20776,0,0.0,0.0
20777,13,0.3717948717948718,89.92307692307692
20778,1,0.0,1.0
20779,8,0.2857142857142857,28.625
20780,13,0.6153846153846154,25.307692307692307
20781,20,0.6263157894736842,70.5
20782,2,0.0,101.0
20783,20,0.19473684210526315,48.5
20784,3,0.0,19.333333333333332
20785,24,0.4891304347826087,40.208333333333336
20786,1,0.0,4.0
20787,12,0.36363636363636365,24.416666666666668
20788,8,0.42857142857142855,181.75
20789,54,0.3535988819007687,162.44444444444446
20790,14,0.25274725274725274,28.142857142857142
20791,8,0.2857142857142857,19.625
20792,107,0.5254805149003703,158.94392523364485
20793,33,0.5113636363636364,39.96969696969697
20794,0,0.0,0.0
20795,36,0.32857142857142857,71.77777777777777
20796,26,0.5876923076923077,44.30769230769231
20797,10,0.3111111111111111,67.3
20798,124,0.3999475478625754,170.5483870967742
20799,20,0.14736842105263157,35.1
20800,8,0.14285714285714285,114.25
20801,88,0.16927899686520376,80.35227272727273
20802,5,0.1,50.0
20803,21,0.05238095238095238,25.80952380952381
20804,55,0.3723905723905724,53.09090909090909
20805,36,0.1634920634920635,81.75
20806,26,0.24,62.92307692307692
20807,33,0.2537878787878788,30.151515151515152
20808,12,0.16666666666666666,48.166666666666664
20809,48,0.2916666666666667,256.875
20810,1,0.0,39.0
20811,5,0.6,20.0
20812,9,0.19444444444444445,47.333333333333336
20813,4,0.5,24.5
20814,16,0.2833333333333333,50.0
20815,1,0.0,3.0
20816,150,0.24501118568232663,238.62666666666667
20817,2,0.0,14.5
20818,1,0.0,40.0
20819,51,0.3058823529411765,145.35294117647058
20820,65,0.5822115384615385,148.30769230769232
20821,17,0.07352941176470588,93.23529411764706
20822,156,0.14665012406947892,173.28846153846155
20823,42,0.20789779326364694,59.61904761904762
20824,9,0.19444444444444445,14.666666666666666
20825,7,0.23809523809523808,19.0
20826,91,0.15848595848595848,177.85714285714286
20827,25,0.2966666666666667,36.4
20828,196,0.12783882783882783,113.76530612244898
20829,3,0.3333333333333333,7.333333333333333
20830,92,0.3542761586239847,191.92391304347825
20831,0,0.0,0.0
20832,19,0.2222222222222222,29.105263157894736
20833,23,0.26877470355731226,42.0
20834,97,0.1791237113402062,115.44329896907216
20835,7,0.3333333333333333,92.57142857142857
20836,1,0.0,7.0
20837,1,0.0,7.0
20838,37,0.1036036036036036,100.64864864864865
20839,2,1.0,25.0
20840,34,0.7664884135472371,74.47058823529412
20841,75,0.1974774774774775,121.26666666666667
20842,8,0.5357142857142857,24.125
20843,45,0.3101010101010101,54.48888888888889
20844,31,0.3935483870967742,32.32258064516129
20845,69,0.31202046035805625,218.5072463768116
20846,2,0.0,70.0
20847,126,0.15657142857142858,132.94444444444446
20848,0,0.0,0.0
20849,1,0.0,19.0
20850,25,0.52,34.76
20851,13,0.41025641025641024,16.384615384615383
20852,13,0.24358974358974358,151.15384615384616
20853,11,0.3090909090909091,72.0
20854,1,0.0,3.0
20855,22,0.22077922077922077,62.90909090909091
20856,5,0.2,9.0
20857,49,0.24829931972789115,134.53061224489795
20858,59,0.3495032144944477,89.37288135593221
20859,8,0.35714285714285715,86.75
20860,8,0.6428571428571429,163.5
20861,3,0.6666666666666666,34.0
20862,7,0.47619047619047616,40.285714285714285
20863,7,0.09523809523809523,15.285714285714286
20864,33,0.20265151515151514,23.636363636363637
20865,9,0.08333333333333333,13.444444444444445
20866,3,0.0,30.333333333333332
20867,4,1.0,34.0
20868,9,0.3888888888888889,20.333333333333332
20869,19,0.23976608187134502,95.10526315789474
20870,47,0.32469935245143383,65.7872340425532
20871,1,0.0,9.0
20872,65,0.36490384615384613,113.24615384615385
20873,30,0.25517241379310346,82.9
20874,43,0.35437430786268,157.93023255813952
20875,27,0.23076923076923078,32.22222222222222
20876,29,0.1896551724137931,27.0
20877,12,0.48484848484848486,32.666666666666664
20878,23,0.5059288537549407,43.30434782608695
20879,50,0.396734693877551,103.38
20880,9,0.5833333333333334,51.888888888888886
20881,3,1.0,3.3333333333333335
20882,191,0.28200606227610914,98.02094240837697
20883,15,0.3047619047619048,60.86666666666667
20884,49,0.5544217687074829,129.55102040816325
20885,42,0.41231126596980255,103.4047619047619
20886,22,0.5238095238095238,81.45454545454545
20887,58,0.12825166364186327,124.05172413793103
20888,103,0.533028745478774,110.75728155339806
20889,92,0.43741041567128525,78.8586956521739
20890,17,0.3235294117647059,84.17647058823529
20891,19,0.36257309941520466,97.26315789473684
20892,48,0.4450354609929078,78.08333333333333
20893,27,0.3162393162393162,61.74074074074074
20894,0,0.0,0.0
20895,12,0.4696969696969697,50.0
20896,8,0.32142857142857145,374.125
20897,12,0.7878787878787878,68.83333333333333
20898,31,0.35913978494623655,99.83870967741936
20899,35,0.1949579831932773,40.0
20900,7,0.38095238095238093,11.0
20901,33,0.6060606060606061,89.36363636363636
20902,24,0.25,79.16666666666667
20903,12,0.30303030303030304,54.416666666666664
20904,5,0.6,23.8
20905,7,0.23809523809523808,9.0
20906,47,0.14893617021276595,90.14893617021276
20907,4,0.6666666666666666,62.0
20908,98,0.20765832106038293,113.73469387755102
20909,42,0.4367015098722416,107.97619047619048
20910,5,0.3,17.4
20911,2,1.0,3.0
20912,8,0.35714285714285715,20.0
20913,26,0.27384615384615385,85.8076923076923
20914,19,0.2631578947368421,38.8421052631579
20915,9,0.3888888888888889,6.888888888888889
20916,73,0.3146879756468798,204.34246575342465
20917,105,0.5197802197802198,112.88571428571429
20918,28,0.18253968253968253,51.107142857142854
20919,28,0.1931216931216931,45.82142857142857
20920,35,0.2991596638655462,203.4857142857143
20921,49,0.6386054421768708,136.18367346938774
20922,7,0.42857142857142855,29.714285714285715
20923,48,0.17109929078014185,43.416666666666664
20924,12,0.48484848484848486,56.25
20925,1,0.0,9.0
20926,73,0.3713850837138508,80.16438356164383
20927,24,0.2246376811594203,37.875
20928,9,0.75,40.0
20929,15,0.4,64.46666666666667
20930,63,0.1715309779825909,76.25396825396825
20931,12,0.3484848484848485,38.833333333333336
20932,28,0.28835978835978837,85.39285714285714
20933,19,0.2222222222222222,38.21052631578947
20934,9,0.4722222222222222,159.33333333333334
20935,49,0.32142857142857145,145.10204081632654
20936,144,0.29292929292929293,147.19444444444446
20937,2,0.0,11.0
20938,11,0.03636363636363636,37.81818181818182
20939,19,0.22807017543859648,34.31578947368421
20940,11,0.9818181818181818,50.18181818181818
20941,9,0.3333333333333333,37.0
20942,20,0.46842105263157896,76.4
20943,3,0.3333333333333333,58.666666666666664
20944,3,0.6666666666666666,11.666666666666666
20945,33,0.32954545454545453,72.81818181818181
20946,41,0.1524390243902439,97.09756097560975
20947,17,0.09558823529411764,61.05882352941177
20948,27,0.13105413105413105,36.333333333333336
20949,41,0.3195121951219512,90.78048780487805
20950,8,0.5357142857142857,133.625
20951,38,0.17496443812233287,50.921052631578945
20952,45,0.09191919191919191,31.822222222222223
20953,2,0.0,33.0
20954,0,0.0,0.0
20955,25,0.4666666666666667,28.88
20956,9,0.1388888888888889,16.666666666666668
20957,5,0.6,12.4
20958,107,0.20172809028390054,52.2803738317757
20959,18,0.21568627450980393,159.11111111111111
20960,17,0.2647058823529412,47.705882352941174
20961,4,0.16666666666666666,21.25
20962,37,0.16966966966966968,39.567567567567565
20963,4,0.8333333333333334,109.75
20964,36,0.14126984126984127,80.61111111111111
20965,111,0.4683046683046683,116.0
20966,5,0.7,82.8
20967,22,0.11255411255411256,50.63636363636363
20968,12,0.3787878787878788,91.25
20969,32,0.844758064516129,99.875
20970,5,0.2,51.4
20971,2,0.0,13.0
20972,22,0.38961038961038963,26.5
20973,13,0.3333333333333333,67.6923076923077
20974,15,0.42857142857142855,54.46666666666667
20975,158,0.2908167378859953,146.1139240506329
20976,7,0.47619047619047616,68.71428571428571
20977,4,0.3333333333333333,63.0
20978,39,0.24156545209176788,258.38461538461536
20979,43,0.3289036544850498,86.88372093023256
20980,3,0.3333333333333333,31.0
20981,5,0.4,35.4
20982,10,0.2222222222222222,24.7
20983,189,0.3353596757852077,129.8783068783069
20984,8,0.35714285714285715,16.375
20985,6,0.3333333333333333,42.5
20986,2,1.0,26.5
20987,2,1.0,121.5
20988,23,0.36363636363636365,27.0
20989,5,0.1,9.0
20990,39,0.2078272604588394,53.333333333333336
20991,12,0.3939393939393939,17.416666666666668
20992,94,0.16129032258064516,47.01063829787234
20993,70,0.3064182194616977,142.81428571428572
20994,1,0.0,5.0
20995,17,0.3161764705882353,25.823529411764707
20996,7,0.42857142857142855,32.42857142857143
20997,8,0.42857142857142855,21.25
20998,1,0.0,5.0
20999,27,0.1737891737891738,37.7037037037037
21000,32,0.42338709677419356,163.625
21001,20,0.2,54.95
21002,82,0.3878349894610057,93.02439024390245
21003,16,0.10833333333333334,88.625
21004,6,0.06666666666666667,13.666666666666666
21005,2,1.0,13.5
21006,60,0.16214689265536722,89.05
21007,3,0.3333333333333333,111.0
21008,92,0.3456760630673674,106.18478260869566
21009,0,0.0,0.0
21010,2,0.0,65.0
21011,33,0.7178030303030303,57.42424242424242
21012,6,0.4666666666666667,57.833333333333336
21013,1,0.0,10.0
21014,38,0.32432432432432434,79.05263157894737
21015,25,0.33666666666666667,67.72
21016,34,0.27450980392156865,25.735294117647058
21017,8,0.7857142857142857,37.375
21018,60,0.2943502824858757,161.18333333333334
21019,15,0.44761904761904764,40.06666666666667
21020,9,0.5277777777777778,43.77777777777778
21021,25,0.5066666666666667,89.84
21022,16,0.19166666666666668,29.6875
21023,45,0.18484848484848485,47.977777777777774
21024,26,0.16923076923076924,95.46153846153847
21025,36,0.2777777777777778,60.80555555555556
21026,4,0.6666666666666666,28.25
21027,14,0.3956043956043956,45.285714285714285
21028,27,0.2962962962962963,47.77777777777778
21029,148,0.32763375620518476,145.1081081081081
21030,9,0.4722222222222222,38.22222222222222
21031,17,0.16176470588235295,64.0
21032,4,0.3333333333333333,67.75
21033,32,0.7842741935483871,43.9375
21034,52,0.3574660633484163,146.6153846153846
21035,12,0.22727272727272727,33.5
21036,83,0.2418454305024978,218.14457831325302
21037,223,0.2510806770896457,139.21973094170403
21038,69,0.2144075021312873,205.66666666666666
21039,29,0.26108374384236455,43.10344827586207
21040,3,0.0,28.0
21041,24,0.4420289855072464,33.583333333333336
21042,15,0.2,20.8
21043,2,0.0,12.5
21044,5,0.3,34.2
21045,7,0.47619047619047616,16.428571428571427
21046,28,0.29365079365079366,53.92857142857143
21047,29,0.5689655172413793,86.41379310344827
21048,13,0.07692307692307693,161.15384615384616
21049,56,0.6246753246753247,59.75
21050,19,0.25146198830409355,154.78947368421052
21051,35,0.13949579831932774,106.48571428571428
21052,57,0.48370927318295737,77.21052631578948
21053,2,0.0,26.0
21054,12,0.19696969696969696,33.666666666666664
21055,97,0.47680412371134023,112.78350515463917
21056,8,0.39285714285714285,13.25
21057,39,0.25371120107962214,153.28205128205127
21058,3,1.0,70.66666666666667
21059,6,0.2,12.833333333333334
21060,22,0.39826839826839827,44.77272727272727
21061,5,0.2,104.0
21062,9,0.4166666666666667,60.666666666666664
21063,5,0.2,33.6
21064,33,0.1893939393939394,47.121212121212125
21065,17,0.09558823529411764,59.588235294117645
21066,6,0.06666666666666667,23.5
21067,4,0.8333333333333334,67.75
21068,33,0.23863636363636365,84.57575757575758
21069,31,0.4666666666666667,122.0
21070,333,0.18206157965194109,102.17717717717717
21071,139,0.24043373996455009,125.51079136690647
21072,10,0.8222222222222222,32.4
21073,1,0.0,68.0
21074,14,0.2967032967032967,18.357142857142858
21075,73,0.3234398782343988,141.87671232876713
21076,5,0.2,14.2
21077,16,0.5416666666666666,86.8125
21078,5,1.0,269.6
21079,173,0.30057803468208094,124.25433526011561
21080,4,0.5,18.75
21081,33,0.7443181818181818,61.36363636363637
21082,5,0.2,26.6
21083,4,0.8333333333333334,20.25
21084,11,0.3090909090909091,19.09090909090909
21085,54,0.36198462613556953,162.25925925925927
21086,1,0.0,11.0
21087,23,0.33992094861660077,37.869565217391305
21088,49,0.1913265306122449,79.51020408163265
21089,34,0.21390374331550802,190.61764705882354
21090,151,0.3916997792494481,98.81456953642385
21091,2,1.0,44.0
21092,27,0.2706552706552707,50.55555555555556
21093,49,0.20918367346938777,186.30612244897958
21094,37,0.6786786786786787,92.97297297297297
21095,2,1.0,4.5
21096,52,0.13650075414781296,110.21153846153847
21097,3,1.0,210.0
21098,99,0.2168625025767883,132.21212121212122
21099,1,0.0,8.0
21100,9,0.3611111111111111,18.333333333333332
21101,147,0.21796663871027863,149.48299319727892
21102,2,1.0,19.5
21103,7,0.2857142857142857,33.142857142857146
21104,25,0.22666666666666666,57.44
21105,3,0.3333333333333333,154.0
21106,15,0.7142857142857143,47.2
21107,20,0.8105263157894737,58.9
21108,132,0.46877168632893823,103.88636363636364
21109,4,0.0,16.5
21110,11,0.4727272727272727,38.63636363636363
21111,11,0.21818181818181817,130.63636363636363
21112,39,0.11470985155195682,17.641025641025642
21113,7,0.5238095238095238,21.428571428571427
21114,3,0.3333333333333333,17.666666666666668
21115,22,0.09090909090909091,19.09090909090909
21116,51,0.22588235294117648,68.92156862745098
21117,4,0.3333333333333333,61.75
21118,7,0.42857142857142855,23.285714285714285
21119,28,0.08465608465608465,190.35714285714286
21120,103,0.39958119169998096,103.80582524271844
21121,13,0.4358974358974359,17.692307692307693
21122,15,0.3142857142857143,60.86666666666667
21123,4,0.16666666666666666,6.5
21124,11,0.8181818181818182,83.81818181818181
21125,22,0.45454545454545453,89.45454545454545
21126,5,0.3,16.4
21127,4,0.16666666666666666,9.5
21128,18,0.32679738562091504,104.66666666666667
21129,8,0.5,28.75
21130,9,0.16666666666666666,38.111111111111114
21131,48,0.22695035460992907,38.520833333333336
21132,6,0.8,50.166666666666664
21133,43,0.6378737541528239,59.93023255813954
21134,12,0.3939393939393939,17.666666666666668
21135,7,0.19047619047619047,18.714285714285715
21136,1,0.0,58.0
21137,5,0.3,22.6
21138,70,0.15610766045548655,179.4142857142857
21139,128,0.17888779527559054,157.5
21140,39,0.6005398110661269,83.66666666666667
21141,2,0.0,11.5
21142,23,0.4426877470355731,110.56521739130434
21143,219,0.24653345063047213,125.0958904109589
21144,33,0.1571969696969697,118.42424242424242
21145,4,1.0,14.5
21146,69,0.2553282182438193,131.91304347826087
21147,23,0.17391304347826086,138.1304347826087
21148,35,0.48067226890756304,50.457142857142856
21149,15,0.13333333333333333,53.0
21150,17,0.8014705882352942,113.3529411764706
21151,6,0.8666666666666667,47.0
21152,8,0.10714285714285714,13.75
21153,5,0.8,21.8
21154,17,0.3602941176470588,20.88235294117647
21155,7,0.6666666666666666,67.85714285714286
21156,5,0.3,23.8
21157,10,0.4666666666666667,9.7
21158,5,0.0,60.0
21159,9,0.3611111111111111,56.0
21160,28,0.41534391534391535,22.928571428571427
21161,32,0.2923387096774194,174.15625
21162,61,0.719672131147541,109.88524590163935
21163,1,0.0,39.0
21164,10,0.2222222222222222,64.5
21165,62,0.38921205711263884,41.87096774193548
21166,4,0.0,23.0
21167,6,0.13333333333333333,53.833333333333336
21168,5,0.0,36.6
21169,47,0.2969472710453284,62.0
21170,106,0.14070080862533693,65.29245283018868
21171,8,0.07142857142857142,24.5
21172,4,0.6666666666666666,22.75
21173,52,0.1689291101055807,76.98076923076923
21174,24,0.322463768115942,43.208333333333336
21175,6,1.0,64.33333333333333
21176,156,0.14507857733664184,169.26282051282053
21177,25,0.19,72.8
21178,10,0.2,19.0
21179,3,0.3333333333333333,11.333333333333334
21180,18,0.3790849673202614,101.94444444444444
21181,14,0.25274725274725274,40.714285714285715
21182,5,0.5,37.2
21183,35,0.3176470588235294,203.94285714285715
21184,37,0.14114114114114115,65.10810810810811
21185,45,0.2383838383838384,44.666666666666664
21186,15,0.1523809523809524,83.0
21187,22,0.7748917748917749,51.22727272727273
21188,24,0.5507246376811594,33.5
21189,11,0.21818181818181817,44.54545454545455
21190,11,0.3090909090909091,22.545454545454547
21191,4,0.3333333333333333,70.75
21192,71,0.1806841046277666,63.19718309859155
21193,7,0.2857142857142857,5.0
21194,87,0.4520181769580326,74.55172413793103
21195,55,0.54006734006734,59.6
21196,21,0.638095238095238,63.904761904761905
21197,15,0.22857142857142856,94.4
21198,82,0.2821439325504366,128.35365853658536
21199,1,0.0,5.0
21200,25,0.20333333333333334,52.72
21201,49,0.26105442176870747,91.12244897959184
21202,7,0.047619047619047616,68.57142857142857
21203,10,0.17777777777777778,13.3
21204,0,0.0,0.0
21205,6,0.8666666666666667,138.16666666666666
21206,0,0.0,0.0
21207,20,0.3,143.25
21208,28,0.7116402116402116,90.67857142857143
21209,36,0.23174603174603176,65.88888888888889
21210,32,0.3870967741935484,50.65625
21211,18,0.42483660130718953,45.111111111111114
21212,31,0.13118279569892474,29.387096774193548
21213,0,0.0,0.0
21214,4,0.5,12.75
21215,11,0.4,55.90909090909091
21216,2,0.0,28.0
21217,61,0.4174863387978142,89.18032786885246
21218,4,0.5,38.75
21219,11,0.6181818181818182,27.363636363636363
21220,12,0.5151515151515151,34.0
21221,5,0.1,10.0
21222,11,0.32727272727272727,71.45454545454545
21223,1,0.0,6.0
21224,104,0.2169529499626587,92.58653846153847
21225,27,0.2905982905982906,61.333333333333336
21226,112,0.5408622908622909,81.96428571428571
21227,2,0.0,34.0
21228,15,0.17142857142857143,80.13333333333334
21229,32,0.23387096774193547,55.65625
21230,2,1.0,10.5
21231,62,0.523532522474881,114.64516129032258
21232,11,0.41818181818181815,73.63636363636364
21233,29,0.4827586206896552,87.82758620689656
21234,5,0.4,13.4
21235,17,0.7867647058823529,46.88235294117647
21236,16,0.25833333333333336,19.0
21237,1,0.0,50.0
21238,3,0.3333333333333333,102.33333333333333
21239,9,0.16666666666666666,75.11111111111111
21240,6,0.4,75.83333333333333
21241,3,1.0,11.0
21242,21,0.5476190476190477,127.80952380952381
21243,87,0.27506014434643145,40.49425287356322
21244,18,0.43137254901960786,62.72222222222222
21245,1,0.0,1.0
21246,61,0.3087431693989071,78.52459016393442
21247,8,0.35714285714285715,42.75
21248,11,0.7090909090909091,199.9090909090909
21249,16,0.25833333333333336,56.0625
21250,13,0.4230769230769231,31.23076923076923
21251,1,0.0,12.0
21252,24,0.3007246376811594,40.333333333333336
21253,0,0.0,0.0
21254,2,0.0,6.5
21255,28,0.36507936507936506,136.78571428571428
21256,4,0.3333333333333333,17.5
21257,1,0.0,14.0
21258,12,0.45454545454545453,22.75
21259,3,1.0,18.333333333333332
21260,1,0.0,285.0
21261,12,0.2878787878787879,114.66666666666667
21262,41,0.5390243902439025,40.926829268292686
21263,3,0.3333333333333333,58.333333333333336
21264,16,0.18333333333333332,71.8125
21265,150,0.39400447427293067,151.46666666666667
21266,7,0.5714285714285714,49.0
21267,8,0.32142857142857145,31.375
21268,144,0.13296425796425795,80.08333333333333
21269,125,0.4487741935483871,77.304
21270,219,0.1255917221733484,154.4337899543379
21271,6,0.6666666666666666,36.0
21272,37,0.8183183183183184,83.35135135135135
21273,20,0.3894736842105263,87.6
21274,105,0.25695970695970693,124.63809523809523
21275,18,0.6405228758169934,82.55555555555556
21276,15,0.22857142857142856,169.2
21277,4,0.0,344.0
21278,1,0.0,3.0
21279,79,0.35150925024342744,68.83544303797468
21280,53,0.3795355587808418,39.15094339622642
21281,5,0.5,96.2
21282,6,0.2,58.166666666666664
21283,38,0.3812233285917496,73.71052631578948
21284,12,0.8939393939393939,64.0
21285,16,0.20833333333333334,18.8125
21286,125,0.42129032258064514,86.472
21287,20,0.3368421052631579,39.1
21288,109,0.31566428814135233,98.76146788990826
21289,14,0.38461538461538464,20.357142857142858
21290,39,0.22672064777327935,63.743589743589745
21291,8,0.21428571428571427,25.125
21292,20,0.2894736842105263,86.8
21293,23,0.19367588932806323,28.0
21294,15,0.24761904761904763,14.933333333333334
21295,0,0.0,0.0
21296,2,1.0,7.5
21297,38,0.23186344238975817,108.05263157894737
21298,13,0.24358974358974358,95.07692307692308
21299,2,1.0,147.0
21300,4,0.0,26.5
21301,1,0.0,7.0
21302,25,0.33,55.96
21303,11,0.32727272727272727,153.9090909090909
21304,33,0.2708333333333333,102.54545454545455
21305,5,0.1,29.4
21306,2,1.0,76.5
21307,46,0.15072463768115943,45.45652173913044
21308,3,1.0,77.66666666666667
21309,18,0.35947712418300654,33.166666666666664
21310,28,0.783068783068783,161.17857142857142
21311,1,0.0,4.0
21312,16,0.30833333333333335,81.875
21313,83,0.23273582133411697,123.44578313253012
21314,9,0.2777777777777778,18.88888888888889
21315,2,0.0,95.5
21316,14,0.2087912087912088,56.285714285714285
21317,15,0.22857142857142856,52.666666666666664
21318,23,0.25691699604743085,110.1304347826087
21319,1,0.0,16.0
21320,7,0.2857142857142857,25.714285714285715
21321,21,0.45714285714285713,33.76190476190476
21322,25,0.24333333333333335,65.52
21323,5,0.4,46.4
21324,23,0.28063241106719367,40.69565217391305
21325,28,0.2698412698412698,71.03571428571429
21326,6,0.4,17.166666666666668
21327,173,0.1749563113321683,171.79768786127167
21328,26,0.5538461538461539,69.76923076923077
21329,3,1.0,302.6666666666667
21330,42,0.47851335656213706,98.95238095238095
21331,6,1.0,63.0
21332,4,0.16666666666666666,13.5
21333,0,0.0,0.0
21334,16,0.4,39.75
21335,1,0.0,1.0
21336,35,0.43865546218487395,91.97142857142858
21337,30,0.19770114942528735,54.0
21338,6,0.2,21.833333333333332
21339,15,0.24761904761904763,43.666666666666664
21340,4,0.6666666666666666,94.0
21341,12,0.7121212121212122,55.166666666666664
21342,3,1.0,87.66666666666667
21343,90,0.1021223470661673,118.96666666666667
21344,20,0.5473684210526316,38.05
21345,2,1.0,36.0
21346,0,0.0,0.0
21347,71,0.15935613682092556,64.70422535211267
21348,154,0.08038366861896273,105.71428571428571
21349,19,0.4853801169590643,57.21052631578947
21350,13,0.10256410256410256,39.61538461538461
21351,7,0.5714285714285714,23.714285714285715
21352,1,0.0,173.0
21353,51,0.14588235294117646,138.11764705882354
21354,72,0.36971830985915494,60.47222222222222
21355,36,0.20793650793650795,89.52777777777777
21356,66,0.772027972027972,104.07575757575758
21357,171,0.19497764017887856,86.17543859649123
21358,2,0.0,7.5
21359,33,0.48484848484848486,50.121212121212125
21360,38,0.19487908961593173,138.26315789473685
21361,42,0.4065040650406504,60.80952380952381
21362,8,0.14285714285714285,18.875
21363,3,0.0,36.333333333333336
21364,3,1.0,17.0
21365,34,0.46345811051693403,52.55882352941177
21366,3,0.0,5.0
21367,3,0.0,31.666666666666668
21368,38,0.26458036984352773,82.39473684210526
21369,8,0.14285714285714285,139.125
21370,0,0.0,0.0
21371,5,0.6,30.2
21372,0,0.0,0.0
21373,2,0.0,45.0
21374,0,0.0,0.0
21375,1,0.0,8.0
21376,170,0.3049773755656109,82.6
21377,30,0.2574712643678161,167.76666666666668
21378,6,0.4666666666666667,65.33333333333333
21379,19,0.8245614035087719,81.63157894736842
21380,4,0.5,166.0
21381,7,0.23809523809523808,23.142857142857142
21382,17,0.35294117647058826,123.88235294117646
21383,46,0.20676328502415459,80.52173913043478
21384,3,0.3333333333333333,8.0
21385,5,0.3,22.2
21386,0,0.0,0.0
21387,46,0.20096618357487922,67.95652173913044
21388,17,0.18382352941176472,66.17647058823529
21389,26,0.27076923076923076,71.53846153846153
21390,58,0.19600725952813067,91.36206896551724
21391,6,0.4,26.5
21392,3,0.6666666666666666,59.333333333333336
21393,10,0.3111111111111111,28.9
21394,6,0.26666666666666666,17.0
21395,0,0.0,0.0
21396,9,0.5555555555555556,39.22222222222222
21397,42,0.140534262485482,83.80952380952381
21398,42,0.2264808362369338,82.95238095238095
21399,15,0.2761904761904762,64.26666666666667
21400,0,0.0,0.0
21401,26,0.36615384615384616,50.92307692307692
21402,113,0.4320480404551201,162.99115044247787
21403,1,0.0,3.0
21404,9,0.16666666666666666,49.888888888888886
21405,8,0.14285714285714285,30.875
21406,0,0.0,0.0
21407,5,0.1,102.4
21408,9,0.5277777777777778,11.555555555555555
21409,12,0.13636363636363635,19.916666666666668
21410,21,0.09523809523809523,97.80952380952381
21411,17,0.3161764705882353,35.88235294117647
21412,12,0.25757575757575757,46.0
21413,85,0.3022408963585434,151.94117647058823
21414,80,0.24240506329113923,94.5
21415,1,0.0,10.0
21416,107,0.4016928231352495,179.66355140186917
21417,52,0.3310708898944193,68.1923076923077
21418,11,0.12727272727272726,38.09090909090909
21419,43,0.2425249169435216,234.53488372093022
21420,6,0.26666666666666666,38.833333333333336
21421,74,0.31951129211403184,81.98648648648648
21422,2,1.0,43.0
21423,22,0.7532467532467533,77.54545454545455
21424,6,0.26666666666666666,38.833333333333336
21425,12,0.3939393939393939,90.16666666666667
21426,0,0.0,0.0
21427,2,0.0,12.5
21428,3,0.6666666666666666,34.666666666666664
21429,14,0.12087912087912088,13.071428571428571
21430,7,0.23809523809523808,53.57142857142857
21431,0,0.0,0.0
21432,0,0.0,0.0
21433,0,0.0,0.0
21434,1,0.0,4.0
21435,26,0.2123076923076923,171.34615384615384
21436,61,0.21475409836065573,43.59016393442623
21437,3,1.0,5.666666666666667
21438,11,0.2909090909090909,44.90909090909091
21439,24,0.29347826086956524,124.58333333333333
21440,42,0.22067363530778164,68.0
21441,1,0.0,97.0
21442,4,0.0,52.0
21443,76,0.19894736842105262,199.17105263157896
21444,5,0.0,39.4
21445,10,0.4222222222222222,19.0
21446,1,0.0,5.0
21447,66,0.358974358974359,100.3030303030303
21448,9,0.25,20.444444444444443
21449,201,0.2373134328358209,137.63681592039802
21450,150,0.15203579418344518,63.75333333333333
21451,5,0.4,48.4
21452,16,0.175,7.75
21453,5,0.6,143.2
21454,8,0.10714285714285714,53.875
21455,21,0.3,35.714285714285715
21456,29,0.2955665024630542,32.48275862068966
21457,17,0.4338235294117647,80.23529411764706
21458,62,0.4775251189846642,112.66129032258064
21459,16,0.24166666666666667,52.25
21460,27,0.21367521367521367,20.51851851851852
21461,8,0.21428571428571427,122.0
21462,31,0.16989247311827957,25.93548387096774
21463,222,0.20390526272879214,172.24324324324326
21464,2,0.0,4.0
21465,70,0.4616977225672878,114.52857142857142
21466,0,0.0,0.0
21467,22,0.2077922077922078,145.04545454545453
21468,5,0.1,92.0
21469,1,0.0,12.0
21470,16,0.725,23.0
21471,16,0.2916666666666667,75.6875
21472,109,0.19130139313625552,157.54128440366972
21473,29,0.3817733990147783,176.72413793103448
21474,69,0.20460358056265984,182.40579710144928
21475,11,0.16363636363636364,44.45454545454545
21476,74,0.2791558681969641,122.74324324324324
21477,12,0.30303030303030304,274.5
21478,8,0.35714285714285715,237.5
21479,43,0.22259136212624583,46.906976744186046
21480,26,0.26153846153846155,48.23076923076923
21481,2,1.0,8.0
21482,1,0.0,94.0
21483,24,0.37318840579710144,83.45833333333333
21484,30,0.4896551724137931,80.63333333333334
21485,0,0.0,0.0
21486,21,0.5714285714285714,108.47619047619048
21487,5,0.8,47.2
21488,19,0.3742690058479532,92.36842105263158
21489,145,0.42595785440613027,114.57931034482759
21490,4,0.8333333333333334,12.5
21491,1,0.0,1.0
21492,4,0.16666666666666666,89.0
21493,91,0.27106227106227104,96.79120879120879
21494,35,0.292436974789916,62.91428571428571
21495,53,0.33454281567489114,179.9056603773585
21496,5,0.4,69.2
21497,10,0.35555555555555557,44.4
21498,4,0.16666666666666666,22.5
21499,4,0.3333333333333333,70.0
21500,21,0.4,37.0
21501,8,0.35714285714285715,29.375
21502,5,0.4,31.4
21503,20,0.30526315789473685,91.55
21504,24,0.14492753623188406,36.041666666666664
21505,6,0.4,29.833333333333332
21506,4,0.3333333333333333,35.25
21507,3,0.0,60.333333333333336
21508,10,0.15555555555555556,33.6
21509,93,0.49368863955119213,133.32258064516128
21510,96,0.3335526315789474,65.10416666666667
21511,16,0.425,19.125
21512,77,0.35509227614490774,109.79220779220779
21513,3,0.3333333333333333,21.666666666666668
21514,17,0.22058823529411764,97.0
21515,26,0.4461538461538462,25.692307692307693
21516,71,0.14366197183098592,143.57746478873239
21517,6,0.2,28.166666666666668
21518,164,0.19579530151129731,190.3048780487805
21519,14,0.2967032967032967,122.92857142857143
21520,19,0.2573099415204678,169.47368421052633
21521,6,0.13333333333333333,27.833333333333332
21522,18,0.45098039215686275,193.0
21523,27,0.32763532763532766,51.851851851851855
21524,19,0.3508771929824561,84.94736842105263
21525,3,0.0,2.3333333333333335
21526,168,0.2435129740518962,189.7202380952381
21527,40,0.5435897435897435,52.7
21528,4,0.0,49.0
21529,1,0.0,28.0
21530,2,0.0,29.0
21531,86,0.3548563611491108,85.72093023255815
21532,16,0.23333333333333334,18.0
21533,9,0.6111111111111112,18.444444444444443
21534,1,0.0,63.0
21535,19,0.3391812865497076,41.05263157894737
21536,0,0.0,0.0
21537,1,0.0,56.0
21538,14,0.21978021978021978,36.857142857142854
21539,0,0.0,0.0
21540,14,0.5494505494505495,61.42857142857143
21541,18,0.2875816993464052,58.22222222222222
21542,0,0.0,0.0
21543,13,0.3076923076923077,62.23076923076923
21544,7,0.047619047619047616,11.571428571428571
21545,3,0.6666666666666666,16.666666666666668
21546,115,0.4198321891685736,83.42608695652174
21547,33,0.29734848484848486,120.18181818181819
21548,9,0.4444444444444444,93.88888888888889
21549,0,0.0,0.0
21550,47,0.26364477335800185,50.361702127659576
21551,11,0.2727272727272727,53.54545454545455
21552,71,0.30704225352112674,51.67605633802817
21553,17,0.16911764705882354,117.6470588235294
21554,201,0.23348258706467662,130.98507462686567
21555,0,0.0,0.0
21556,88,0.6956635318704284,121.57954545454545
21557,29,0.39408866995073893,74.27586206896552
21558,70,0.45134575569358176,146.71428571428572
21559,1,0.0,51.0
21560,27,0.31339031339031337,45.81481481481482
21561,210,0.29551150603782184,133.92380952380952
21562,41,0.35121951219512193,26.21951219512195
21563,27,0.1452991452991453,62.0
21564,0,0.0,0.0
21565,45,0.18888888888888888,107.13333333333334
21566,11,0.21818181818181817,51.09090909090909
21567,3,0.0,85.0
21568,0,0.0,0.0
21569,133,0.1316928685349738,50.26315789473684
21570,37,0.26576576576576577,50.83783783783784
21571,8,0.14285714285714285,196.75
21572,156,0.25177832919768406,130.37820512820514
21573,16,0.36666666666666664,38.8125
21574,8,0.03571428571428571,20.0
21575,29,0.6330049261083743,77.24137931034483
21576,10,0.6888888888888889,63.0
21577,80,0.4477848101265823,58.5875
21578,56,0.32857142857142857,119.0
21579,2,1.0,5.0
21580,6,0.4666666666666667,69.83333333333333
21581,65,0.225,85.6
21582,15,0.21904761904761905,71.73333333333333
21583,6,0.06666666666666667,6.833333333333333
21584,0,0.0,0.0
21585,16,0.3,70.0625
21586,44,0.4397463002114165,96.02272727272727
21587,30,0.15632183908045977,74.43333333333334
21588,119,0.3614869676684233,273.6302521008403
21589,153,0.43584451324389406,150.2483660130719
21590,180,0.3036002482929857,94.99444444444444
21591,18,0.477124183006536,167.05555555555554
21592,7,0.5238095238095238,34.142857142857146
21593,64,0.29365079365079366,95.8125
21594,182,0.3174063505555218,135.57142857142858
21595,33,0.08522727272727272,91.54545454545455
21596,0,0.0,0.0
21597,22,0.2683982683982684,77.63636363636364
21598,9,0.4722222222222222,120.44444444444444
21599,0,0.0,0.0
21600,29,0.3251231527093596,42.62068965517241
21601,2,0.0,6.5
21602,114,0.2676603011954665,131.51754385964912
21603,47,0.3635522664199815,83.93617021276596
21604,21,0.3142857142857143,48.285714285714285
21605,17,0.33088235294117646,50.94117647058823
21606,6,0.6,29.333333333333332
21607,7,0.3333333333333333,20.857142857142858
21608,69,0.1423699914748508,43.98550724637681
21609,24,0.322463768115942,30.083333333333332
21610,6,0.06666666666666667,61.0
21611,36,0.22380952380952382,55.30555555555556
21612,10,0.4,30.5
21613,0,0.0,0.0
21614,42,0.3321718931475029,166.0
21615,16,0.525,92.8125
21616,1,0.0,76.0
21617,9,0.3888888888888889,22.444444444444443
21618,136,0.4620915032679739,101.77941176470588
21619,48,0.3980496453900709,86.02083333333333
21620,1,0.0,6.0
21621,17,0.20588235294117646,49.0
21622,1,0.0,5.0
21623,1,0.0,19.0
21624,40,0.19743589743589743,57.225
21625,8,0.32142857142857145,12.625
21626,19,0.43859649122807015,107.10526315789474
21627,58,0.3841500302480339,86.48275862068965
21628,9,0.5555555555555556,68.55555555555556
21629,28,0.5608465608465608,46.857142857142854
21630,11,0.23636363636363636,102.72727272727273
21631,53,0.18940493468795355,175.03773584905662
21632,8,0.39285714285714285,33.375
21633,11,0.23636363636363636,26.181818181818183
21634,2,1.0,35.5
21635,40,0.4897435897435897,49.125
21636,8,0.17857142857142858,13.0
21637,2,0.0,49.0
21638,0,0.0,0.0
21639,22,0.23809523809523808,54.0
21640,3,0.3333333333333333,34.666666666666664
21641,7,0.6190476190476191,76.14285714285714
21642,5,1.0,56.0
21643,12,0.3939393939393939,61.0
21644,14,0.5934065934065934,59.5
21645,4,0.0,15.75
21646,15,0.6285714285714286,18.666666666666668
21647,92,0.12995699952221693,95.70652173913044
21648,9,0.1388888888888889,10.555555555555555
21649,3,0.6666666666666666,28.666666666666668
21650,3,0.3333333333333333,24.666666666666668
21651,9,0.4722222222222222,18.22222222222222
21652,2,0.0,10.5
21653,26,0.32,37.65384615384615
21654,182,0.27782162588792425,131.30769230769232
21655,16,0.3416666666666667,38.6875
21656,5,1.0,43.6
21657,22,0.2987012987012987,88.13636363636364
21658,2,1.0,39.5
21659,4,0.5,20.0
21660,0,0.0,0.0
21661,19,0.631578947368421,19.94736842105263
21662,1,0.0,32.0
21663,38,0.2773826458036984,43.28947368421053
21664,16,0.49166666666666664,219.625
21665,14,0.17582417582417584,73.21428571428571
21666,10,0.2222222222222222,41.6
21667,24,0.31521739130434784,34.083333333333336
21668,169,0.17371090448013524,106.43786982248521
21669,7,0.047619047619047616,31.571428571428573
21670,2,0.0,121.0
21671,91,0.4442002442002442,74.45054945054945
21672,52,0.14479638009049775,81.17307692307692
21673,127,0.4330708661417323,79.92125984251969
21674,10,0.3333333333333333,19.6
21675,1,0.0,12.0
21676,35,0.3092436974789916,105.77142857142857
21677,4,0.16666666666666666,69.0
21678,4,0.5,22.0
21679,43,0.43853820598006643,110.90697674418605
21680,18,0.1437908496732026,85.22222222222223
21681,4,0.16666666666666666,25.0
21682,4,0.16666666666666666,24.5
21683,4,0.16666666666666666,26.75
21684,1,0.0,16.0
21685,33,0.21212121212121213,103.12121212121212
21686,11,0.34545454545454546,31.545454545454547
21687,19,0.47368421052631576,83.3157894736842
21688,45,0.41414141414141414,161.0888888888889
21689,34,0.1622103386809269,79.32352941176471
21690,1,0.0,12.0
21691,9,0.25,45.888888888888886
21692,28,0.7513227513227513,164.78571428571428
21693,62,0.39079851930195664,139.6290322580645
21694,6,0.4,95.83333333333333
21695,14,0.1978021978021978,29.5
21696,5,0.3,26.6
21697,13,0.23076923076923078,23.692307692307693
21698,26,0.5538461538461539,234.07692307692307
21699,24,0.7934782608695652,71.58333333333333
21700,1,0.0,9.0
21701,5,0.6,32.6
21702,77,0.37969924812030076,94.8051948051948
21703,33,0.3939393939393939,35.39393939393939
21704,199,0.21496370742601897,133.8643216080402
21705,1,0.0,41.0
21706,18,0.1830065359477124,23.166666666666668
21707,4,0.8333333333333334,62.0
21708,8,0.35714285714285715,43.0
21709,7,0.6666666666666666,35.857142857142854
21710,70,0.37267080745341613,65.95714285714286
21711,22,0.38095238095238093,97.81818181818181
21712,43,0.5282392026578073,52.76744186046512
21713,7,0.09523809523809523,10.714285714285714
21714,0,0.0,0.0
21715,49,0.7312925170068028,158.83673469387756
21716,23,0.4150197628458498,45.0
21717,48,0.6932624113475178,99.72916666666667
21718,6,0.3333333333333333,29.333333333333332
21719,2,0.0,16.0
21720,56,0.22987012987012986,88.57142857142857
21721,21,0.3619047619047619,29.904761904761905
21722,6,0.13333333333333333,17.833333333333332
21723,4,0.16666666666666666,32.75
21724,12,0.5,25.0
21725,42,0.12195121951219512,84.21428571428571
21726,10,0.6,37.7
21727,6,1.0,22.166666666666668
21728,12,0.3787878787878788,15.333333333333334
21729,3,0.6666666666666666,103.66666666666667
21730,5,0.1,19.0
21731,16,0.6,43.625
21732,5,0.7,741.2
21733,18,0.6078431372549019,65.5
21734,52,0.35822021116138764,57.65384615384615
21735,88,0.5227272727272727,117.875
21736,50,0.1853061224489796,137.48
21737,50,0.2873469387755102,73.88
21738,36,0.6507936507936508,45.05555555555556
21739,26,0.27384615384615385,57.23076923076923
21740,10,0.5555555555555556,16.8
21741,12,0.3484848484848485,29.833333333333332
21742,19,0.2222222222222222,156.52631578947367
21743,0,0.0,0.0
21744,73,0.3721461187214612,101.78082191780823
21745,19,0.22807017543859648,55.63157894736842
21746,0,0.0,0.0
21747,15,0.3333333333333333,36.13333333333333
21748,106,0.34663072776280324,125.51886792452831
21749,6,0.06666666666666667,40.666666666666664
21750,119,0.16479134026491954,45.075630252100844
21751,54,0.24109014675052412,89.85185185185185
21752,65,0.5971153846153846,78.83076923076923
21753,18,0.35947712418300654,31.61111111111111
21754,35,0.3142857142857143,267.85714285714283
21755,12,0.19696969696969696,59.833333333333336
21756,12,0.6060606060606061,36.833333333333336
21757,24,0.5434782608695652,113.91666666666667
21758,40,0.26153846153846155,50.425
21759,5,0.4,48.2
21760,2,1.0,69.0
21761,104,0.2974234503360717,120.14423076923077
21762,31,0.21505376344086022,120.64516129032258
21763,7,0.7142857142857143,36.42857142857143
21764,331,0.09975281516067015,143.76737160120845
21765,127,0.1713535808023997,184.0708661417323
21766,39,0.582995951417004,45.84615384615385
21767,24,0.34057971014492755,57.166666666666664
21768,3,0.6666666666666666,5.0
21769,36,0.29365079365079366,72.66666666666667
21770,0,0.0,0.0
21771,32,0.5766129032258065,105.6875
21772,55,0.5818181818181818,98.50909090909092
21773,0,0.0,0.0
21774,7,1.0,79.57142857142857
21775,158,0.2796097718293961,138.62025316455697
21776,31,0.1870967741935484,52.32258064516129
21777,10,0.9777777777777777,272.0
21778,2,0.0,22.5
21779,2,1.0,198.5
21780,11,0.6363636363636364,24.272727272727273
21781,11,0.2545454545454545,30.181818181818183
21782,94,0.4552733928162892,78.91489361702128
21783,19,0.4269005847953216,112.73684210526316
21784,9,0.3333333333333333,223.33333333333334
21785,44,0.22938689217758984,112.0909090909091
21786,72,0.3794992175273865,54.236111111111114
21787,42,0.35423925667828104,149.64285714285714
21788,2,1.0,32.5
21789,9,0.3055555555555556,24.555555555555557
21790,15,0.22857142857142856,55.06666666666667
21791,37,0.5525525525525525,58.75675675675676
21792,11,0.4,30.09090909090909
21793,3,0.3333333333333333,28.333333333333332
21794,10,0.26666666666666666,30.2
21795,13,0.21794871794871795,80.3076923076923
21796,21,0.2571428571428571,55.04761904761905
21797,4,0.16666666666666666,22.25
21798,73,0.21537290715372906,179.46575342465752
21799,2,0.0,25.0
21800,9,0.19444444444444445,57.22222222222222
21801,23,0.3794466403162055,38.73913043478261
21802,11,0.2727272727272727,88.0909090909091
21803,21,0.20476190476190476,44.95238095238095
21804,42,0.2508710801393728,40.69047619047619
21805,13,0.2692307692307692,49.15384615384615
21806,89,0.6248723186925434,115.48314606741573
21807,25,0.28,27.52
21808,12,0.4393939393939394,27.25
21809,6,0.3333333333333333,27.0
21810,4,0.3333333333333333,88.25
21811,0,0.0,0.0
21812,3,0.0,37.0
21813,1,0.0,22.0
21814,18,0.30718954248366015,67.66666666666667
21815,2,1.0,102.5
21816,23,0.32806324110671936,36.21739130434783
21817,2,1.0,71.0
21818,7,0.3333333333333333,17.142857142857142
21819,74,0.1769714920399852,51.945945945945944
21820,5,0.3,27.0
21821,19,0.3391812865497076,40.1578947368421
21822,3,0.0,19.333333333333332
21823,9,0.5,73.0
21824,60,0.319774011299435,76.88333333333334
21825,6,0.6666666666666666,71.66666666666667
21826,158,0.1744739176005805,84.5886075949367
21827,4,0.16666666666666666,14.75
21828,2,0.0,43.0
21829,35,0.5529411764705883,61.857142857142854
21830,12,0.4393939393939394,53.5
21831,12,0.6363636363636364,56.666666666666664
21832,6,0.3333333333333333,125.16666666666667
21833,27,0.2849002849002849,168.92592592592592
21834,74,0.5046279155868197,136.3918918918919
21835,12,0.12121212121212122,40.083333333333336
21836,262,0.21061097949752858,129.5229007633588
21837,22,0.4458874458874459,42.09090909090909
21838,21,0.37142857142857144,55.285714285714285
21839,13,0.5256410256410257,85.07692307692308
21840,133,0.21747550694919116,107.06766917293233
21841,10,0.7555555555555555,54.9
21842,3,0.0,54.333333333333336
21843,17,0.38235294117647056,39.0
21844,1,0.0,12.0
21845,21,0.22857142857142856,43.23809523809524
21846,19,0.3742690058479532,75.36842105263158
21847,44,0.14587737843551796,53.09090909090909
21848,24,0.3115942028985507,191.58333333333334
21849,1,0.0,34.0
21850,42,0.29036004645760743,46.642857142857146
21851,7,0.19047619047619047,36.42857142857143
21852,2,0.0,11.5
21853,1,0.0,3.0
21854,59,0.5534774985388662,155.66101694915255
21855,1,0.0,4.0
21856,5,0.6,73.0
21857,61,0.14153005464480875,138.4262295081967
21858,153,0.3460612315101479,103.2156862745098
21859,4,0.16666666666666666,15.25
21860,4,0.5,69.75
21861,9,0.5555555555555556,68.44444444444444
21862,21,0.5571428571428572,24.095238095238095
21863,7,0.14285714285714285,59.285714285714285
21864,70,0.3747412008281574,130.05714285714285
21865,13,0.5,261.61538461538464
21866,5,1.0,20.0
21867,53,0.2910014513788099,66.9622641509434
21868,10,0.26666666666666666,57.9
21869,37,0.3858858858858859,309.94594594594594
21870,17,0.38235294117647056,93.0
21871,1,0.0,4.0
21872,5,0.1,75.8
21873,14,0.25274725274725274,22.714285714285715
21874,1,0.0,16.0
21875,116,0.1464767616191904,144.77586206896552
21876,3,0.0,28.0
21877,1,0.0,48.0
21878,0,0.0,0.0
21879,1,0.0,7.0
21880,18,0.24836601307189543,127.5
21881,24,0.2608695652173913,44.958333333333336
21882,124,0.34736428009441384,79.4274193548387
21883,30,0.5540229885057472,70.83333333333333
21884,6,0.06666666666666667,51.166666666666664
21885,156,0.22894954507857734,76.25
21886,57,0.13909774436090225,179.03508771929825
21887,21,0.14761904761904762,69.9047619047619
21888,7,1.0,85.57142857142857
21889,23,0.32806324110671936,87.47826086956522
21890,44,0.48731501057082455,51.02272727272727
21891,1,0.0,8.0
21892,15,0.14285714285714285,43.333333333333336
21893,15,0.5523809523809524,135.0
21894,28,0.7433862433862434,195.67857142857142
21895,19,0.22807017543859648,66.89473684210526
21896,52,0.19155354449472098,59.80769230769231
21897,57,0.16228070175438597,126.64912280701755
21898,26,0.23076923076923078,134.42307692307693
21899,25,0.25666666666666665,58.28
21900,5,0.3,116.0
21901,2,0.0,9.0
21902,25,0.21666666666666667,42.08
21903,16,0.35833333333333334,21.1875
21904,26,0.3507692307692308,73.46153846153847
21905,20,0.23157894736842105,40.2
21906,85,0.26554621848739496,40.98823529411764
21907,1,0.0,1.0
21908,3,1.0,11.666666666666666
21909,7,0.0,16.0
21910,21,0.21904761904761905,230.71428571428572
21911,8,0.6071428571428571,36.0
21912,3,0.0,14.0
21913,0,0.0,0.0
21914,42,0.8327526132404182,144.28571428571428
21915,24,0.36231884057971014,78.91666666666667
21916,0,0.0,0.0
21917,14,0.5494505494505495,24.785714285714285
21918,2,1.0,6.0
21919,54,0.2676450034940601,47.092592592592595
21920,3,1.0,20.0
21921,14,0.2967032967032967,31.214285714285715
21922,2,1.0,182.5
21923,10,0.24444444444444444,57.3
21924,0,0.0,0.0
21925,383,0.1517914507949093,103.43603133159269
21926,0,0.0,0.0
21927,57,0.13471177944862156,154.4561403508772
21928,3,0.3333333333333333,18.333333333333332
21929,69,0.2050298380221654,129.71014492753622
21930,15,0.4666666666666667,38.333333333333336
21931,6,0.4,45.5
21932,14,0.15384615384615385,44.285714285714285
21933,33,0.30492424242424243,63.303030303030305
21934,1,0.0,84.0
21935,1,0.0,13.0
21936,17,0.15441176470588236,44.705882352941174
21937,7,0.5238095238095238,51.857142857142854
21938,82,0.36133694670280037,145.73170731707316
21939,53,0.1988388969521045,126.64150943396227
21940,9,0.3333333333333333,90.66666666666667
21941,7,0.42857142857142855,25.428571428571427
21942,16,0.20833333333333334,16.3125
21943,31,0.1827956989247312,114.12903225806451
21944,12,0.5303030303030303,153.25
21945,14,0.25274725274725274,17.285714285714285
21946,12,0.3787878787878788,58.833333333333336
21947,6,0.2,134.66666666666666
21948,29,0.5812807881773399,60.241379310344826
21949,37,0.26876876876876876,41.648648648648646
21950,13,0.10256410256410256,31.615384615384617
21951,2,0.0,17.0
21952,4,0.16666666666666666,29.25
21953,21,0.2571428571428571,59.95238095238095
21954,1,0.0,4.0
21955,44,0.459830866807611,54.65909090909091
21956,6,0.3333333333333333,33.666666666666664
21957,4,0.5,13.25
21958,8,0.25,62.0
21959,13,0.0641025641025641,160.53846153846155
21960,4,0.3333333333333333,12.5
21961,186,0.18622493461203138,141.49462365591398
21962,30,0.14942528735632185,99.56666666666666
21963,47,0.21369102682701202,59.765957446808514
21964,57,0.37468671679197996,91.91228070175438
21965,16,0.4083333333333333,98.875
21966,10,0.2222222222222222,79.9
21967,33,0.2196969696969697,66.75757575757575
21968,108,0.3283142956040152,141.97222222222223
21969,20,0.2578947368421053,40.25
21970,14,0.23076923076923078,55.57142857142857
21971,4,0.5,19.25
21972,28,0.2222222222222222,98.28571428571429
21973,26,0.12,44.42307692307692
21974,4,0.5,22.25
21975,66,0.38927738927738925,66.28787878787878
21976,0,0.0,0.0
21977,84,0.357429718875502,107.14285714285714
21978,5,0.6,99.2
21979,4,0.3333333333333333,2.25
21980,8,0.17857142857142858,15.875
21981,10,0.24444444444444444,25.3
21982,11,0.10909090909090909,17.0
21983,0,0.0,0.0
21984,7,0.47619047619047616,83.85714285714286
21985,30,0.6850574712643678,168.36666666666667
21986,4,0.16666666666666666,13.75
21987,10,0.3111111111111111,42.6
21988,51,0.38509803921568625,131.01960784313727
21989,18,0.42483660130718953,30.666666666666668
21990,18,0.22875816993464052,68.77777777777777
21991,84,0.12421113023522662,97.95238095238095
21992,33,0.4393939393939394,46.75757575757576
21993,86,0.2779753761969904,149.25581395348837
21994,15,0.29523809523809524,65.73333333333333
21995,4,0.3333333333333333,84.0
21996,27,0.20512820512820512,88.03703703703704
21997,36,0.49523809523809526,45.083333333333336
21998,1,0.0,34.0
21999,4,0.3333333333333333,23.75
22000,46,0.34299516908212563,142.06521739130434
22001,33,0.3977272727272727,44.93939393939394
22002,11,0.21818181818181817,72.72727272727273
22003,17,0.3602941176470588,41.76470588235294
22004,17,0.3014705882352941,93.29411764705883
22005,14,0.2857142857142857,87.35714285714286
22006,17,0.6176470588235294,29.176470588235293
22007,7,0.2857142857142857,18.714285714285715
22008,44,0.22727272727272727,124.18181818181819
22009,26,0.3476923076923077,32.76923076923077
22010,4,0.5,17.5
22011,64,0.38095238095238093,74.421875
22012,80,0.4506329113924051,150.775
22013,34,0.24777183600713013,74.88235294117646
22014,8,0.7142857142857143,73.5
22015,6,0.4,94.66666666666667
22016,1,0.0,9.0
22017,17,0.2867647058823529,19.058823529411764
22018,0,0.0,0.0
22019,77,0.6637047163362952,132.03896103896105
22020,47,0.26179463459759483,212.38297872340425
22021,40,0.29102564102564105,45.5
22022,8,0.42857142857142855,19.125
22023,36,0.1634920634920635,155.11111111111111
22024,14,0.2857142857142857,57.07142857142857
22025,26,0.39384615384615385,156.15384615384616
22026,19,0.4093567251461988,87.26315789473684
22027,6,0.6666666666666666,29.666666666666668
22028,7,0.5238095238095238,129.14285714285714
22029,5,0.5,18.8
22030,0,0.0,0.0
22031,1,0.0,3.0
22032,0,0.0,0.0
22033,87,0.4672547447206629,157.09195402298852
22034,27,0.6809116809116809,26.11111111111111
22035,7,0.47619047619047616,13.0
22036,0,0.0,0.0
22037,24,0.25,52.416666666666664
22038,24,0.17391304347826086,30.916666666666668
22039,9,0.3888888888888889,30.88888888888889
22040,7,0.47619047619047616,18.714285714285715
22041,8,0.32142857142857145,46.125
22042,4,0.3333333333333333,11.25
22043,54,0.31795946890286514,44.51851851851852
22044,17,0.23529411764705882,66.94117647058823
22045,63,0.43676395289298514,91.14285714285714
22046,12,0.19696969696969696,75.83333333333333
22047,3,0.0,27.0
22048,31,0.15483870967741936,99.87096774193549
22049,0,0.0,0.0
22050,28,0.5873015873015873,49.464285714285715
22051,61,0.36775956284153005,94.1639344262295
22052,1,0.0,10.0
22053,149,0.10284781425721023,44.691275167785236
22054,67,0.5368611488014473,82.34328358208955
22055,6,0.0,40.333333333333336
22056,129,0.33502906976744184,147.84496124031008
22057,149,0.2836023943406494,205.83221476510067
22058,32,0.38306451612903225,238.78125
22059,18,0.45751633986928103,41.22222222222222
22060,33,0.6231060606060606,66.36363636363636
22061,1,0.0,14.0
22062,13,0.2692307692307692,53.38461538461539
22063,24,0.39855072463768115,51.291666666666664
22064,6,0.26666666666666666,18.666666666666668
22065,109,0.3581379544682297,97.64220183486239
22066,61,0.260655737704918,86.73770491803279
22067,2,1.0,364.5
22068,14,0.3516483516483517,16.428571428571427
22069,60,0.7067796610169491,180.25
22070,15,0.22857142857142856,62.86666666666667
22071,5,0.3,115.2
22072,30,0.23908045977011494,108.06666666666666
22073,27,0.2849002849002849,14.37037037037037
22074,98,0.30233536713654535,141.62244897959184
22075,16,0.375,94.3125
22076,66,0.1986013986013986,74.86363636363636
22077,69,0.16965046888320545,139.47826086956522
22078,4,0.16666666666666666,11.5
22079,2,1.0,35.5
22080,3,0.3333333333333333,41.333333333333336
22081,11,0.07272727272727272,75.36363636363636
22082,1,0.0,1.0
22083,8,0.25,73.0
22084,16,0.375,29.625
22085,91,0.28766788766788765,65.47252747252747
22086,48,0.19414893617021275,58.416666666666664
22087,35,0.6638655462184874,47.02857142857143
22088,12,0.4393939393939394,38.75
22089,5,0.5,26.6
22090,60,0.36666666666666664,39.233333333333334
22091,4,0.16666666666666666,12.5
22092,164,0.1664671554691007,195.5121951219512
22093,41,0.49634146341463414,59.46341463414634
22094,16,0.39166666666666666,34.75
22095,6,0.26666666666666666,21.333333333333332
22096,77,0.583732057416268,77.85714285714286
22097,18,0.6470588235294118,32.166666666666664
22098,1,0.0,69.0
22099,5,0.6,10.2
22100,2,0.0,9.0
22101,31,0.38924731182795697,65.38709677419355
22102,208,0.2414994425863991,91.11538461538461
22103,0,0.0,0.0
22104,1,0.0,2.0
22105,0,0.0,0.0
22106,11,0.10909090909090909,38.63636363636363
22107,1,0.0,6.0
22108,12,0.19696969696969696,51.75
22109,54,0.3885394828791055,36.44444444444444
22110,18,0.1895424836601307,28.22222222222222
22111,8,0.42857142857142855,64.25
22112,11,0.4909090909090909,31.272727272727273
22113,1,0.0,3.0
22114,120,0.25,149.26666666666668
22115,49,0.7151360544217688,90.3265306122449
22116,148,0.33029968744254457,148.47972972972974
22117,150,0.1966890380313199,131.78666666666666
22118,24,0.41304347826086957,41.333333333333336
22119,9,0.5,62.77777777777778
22120,2,0.0,11.0
22121,10,0.28888888888888886,62.5
22122,17,0.7794117647058824,27.705882352941178
22123,12,0.15151515151515152,73.33333333333333
22124,84,0.17555938037865748,205.22619047619048
22125,39,0.18758434547908232,33.05128205128205
22126,13,0.38461538461538464,13.692307692307692
22127,39,0.18218623481781376,69.61538461538461
22128,0,0.0,0.0
22129,47,0.4375578168362627,69.42553191489361
22130,40,0.8294871794871795,92.05
22131,19,0.5263157894736842,73.73684210526316
22132,140,0.3356628982528263,140.28571428571428
22133,9,0.3333333333333333,14.555555555555555
22134,16,0.30833333333333335,47.8125
22135,132,0.4775618783252371,109.39393939393939
22136,16,0.45,96.25
22137,48,0.17641843971631205,129.02083333333334
22138,88,0.40308254963427376,79.31818181818181
22139,5,1.0,24.6
22140,2,1.0,12.0
22141,3,0.3333333333333333,25.333333333333332
22142,37,0.1921921921921922,57.729729729729726
22143,8,0.4642857142857143,27.625
22144,14,0.4065934065934066,78.57142857142857
22145,2,0.0,22.5
22146,6,0.6,183.83333333333334
22147,9,0.5555555555555556,83.22222222222223
22148,5,0.5,46.4
22149,100,0.5618181818181818,136.68
22150,5,0.2,87.0
22151,8,0.32142857142857145,16.5
22152,4,0.6666666666666666,38.25
22153,24,0.8514492753623188,61.25
22154,10,0.28888888888888886,55.6
22155,4,0.0,19.25
22156,1,0.0,10.0
22157,10,0.5777777777777777,21.9
22158,151,0.2067991169977925,121.3841059602649
22159,15,0.22857142857142856,116.6
22160,4,0.0,13.5
22161,15,0.5142857142857142,26.466666666666665
22162,20,0.22105263157894736,73.0
22163,34,0.22281639928698752,52.529411764705884
22164,13,0.3974358974358974,226.30769230769232
22165,4,0.5,31.0
22166,0,0.0,0.0
22167,131,0.08796241926012918,64.30534351145039
22168,98,0.29728592467915,134.1326530612245
22169,15,0.34285714285714286,18.0
22170,41,0.14878048780487804,85.2439024390244
22171,9,0.8611111111111112,68.66666666666667
22172,1,0.0,15.0
22173,55,0.2074074074074074,130.0909090909091
22174,4,0.3333333333333333,18.25
22175,3,0.3333333333333333,28.0
22176,14,0.5384615384615384,250.14285714285714
22177,1,0.0,23.0
22178,72,0.47926447574334896,89.48611111111111
22179,1,0.0,99.0
22180,1,0.0,13.0
22181,14,0.18681318681318682,22.428571428571427
22182,19,0.3684210526315789,27.36842105263158
22183,43,0.5968992248062015,59.25581395348837
22184,53,0.4825834542815675,72.79245283018868
22185,93,0.21575502571294997,92.61290322580645
22186,6,0.3333333333333333,20.166666666666668
22187,103,0.1206929373691224,61.61165048543689
22188,13,0.24358974358974358,46.46153846153846
22189,2,0.0,13.5
22190,27,0.19373219373219372,81.14814814814815
22191,0,0.0,0.0
22192,21,0.18571428571428572,172.8095238095238
22193,22,0.29004329004329005,150.3181818181818
22194,3,0.0,22.333333333333332
22195,3,0.6666666666666666,39.666666666666664
22196,1,0.0,26.0
22197,14,0.32967032967032966,32.07142857142857
22198,8,0.21428571428571427,40.75
22199,0,0.0,0.0
22200,17,0.3161764705882353,30.647058823529413
22201,3,0.3333333333333333,10.333333333333334
22202,8,0.5,62.5
22203,15,0.4,61.2
22204,52,0.2616892911010558,31.923076923076923
22205,10,0.15555555555555556,45.2
22206,19,0.6374269005847953,178.05263157894737
22207,13,0.38461538461538464,32.0
22208,54,0.17470300489168414,121.18518518518519
22209,15,0.2571428571428571,65.33333333333333
22210,63,0.1382488479262673,49.95238095238095
22211,13,0.1794871794871795,49.53846153846154
22212,6,0.26666666666666666,13.666666666666666
22213,9,0.08333333333333333,43.0
22214,26,0.3723076923076923,155.07692307692307
22215,10,0.4666666666666667,17.5
22216,98,0.282137597306964,98.11224489795919
22217,5,0.8,15.2
22218,2,0.0,24.5
22219,1,0.0,4.0
22220,9,0.2777777777777778,52.666666666666664
22221,57,0.2211779448621554,61.31578947368421
22222,1,0.0,6.0
22223,1,0.0,2.0
22224,123,0.1563374650139944,121.79674796747967
22225,20,0.12105263157894737,48.1
22226,46,0.41835748792270533,60.08695652173913
22227,268,0.18715411705517357,140.19776119402985
22228,11,0.21818181818181817,31.818181818181817
22229,10,0.8,25.1
22230,13,0.2564102564102564,173.15384615384616
22231,8,0.39285714285714285,13.875
22232,14,0.34065934065934067,41.92857142857143
22233,27,0.21652421652421652,220.4814814814815
22234,4,0.5,39.75
22235,8,0.2857142857142857,36.625
22236,104,0.3325242718446602,105.6826923076923
22237,16,0.25,21.5
22238,1,0.0,71.0
22239,13,0.4230769230769231,107.53846153846153
22240,12,0.24242424242424243,42.666666666666664
22241,15,0.3619047619047619,84.2
22242,37,0.3663663663663664,82.62162162162163
22243,12,0.16666666666666666,22.666666666666668
22244,1,0.0,13.0
22245,4,0.3333333333333333,38.0
22246,94,0.304735758407687,128.80851063829786
22247,4,0.16666666666666666,11.0
22248,63,0.3143881208397337,94.06349206349206
22249,33,0.17045454545454544,78.15151515151516
22250,6,0.06666666666666667,50.5
22251,17,0.40441176470588236,34.94117647058823
22252,30,0.5724137931034483,90.7
22253,8,0.35714285714285715,76.25
22254,63,0.3430619559651818,67.12698412698413
22255,9,0.4444444444444444,24.666666666666668
22256,115,0.1780320366132723,96.64347826086957
22257,24,0.39492753623188404,43.666666666666664
22258,95,0.3601343784994401,94.3578947368421
22259,10,0.24444444444444444,16.4
22260,1,0.0,20.0
22261,13,0.28205128205128205,14.846153846153847
22262,44,0.7970401691331924,97.1590909090909
22263,1,0.0,7.0
22264,9,0.2777777777777778,27.77777777777778
22265,96,0.4135964912280702,91.15625
22266,5,0.7,139.4
22267,10,0.6222222222222222,43.2
22268,52,0.36726998491704377,78.09615384615384
22269,24,0.39492753623188404,92.625
22270,3,0.0,51.333333333333336
22271,202,0.20353677158760652,196.33168316831683
22272,39,0.5668016194331984,208.51282051282053
22273,26,0.08615384615384615,48.23076923076923
22274,8,0.6785714285714286,14.375
22275,57,0.5877192982456141,162.57894736842104
22276,3,0.6666666666666666,6.333333333333333
22277,67,0.8276797829036635,134.80597014925374
22278,1,0.0,6.0
22279,9,0.2777777777777778,377.44444444444446
22280,10,0.6222222222222222,35.0
22281,11,0.36363636363636365,127.81818181818181
22282,1,0.0,2.0
22283,7,0.2857142857142857,40.857142857142854
22284,3,0.6666666666666666,32.333333333333336
22285,158,0.30549060711118275,132.1772151898734
22286,11,0.5272727272727272,42.54545454545455
22287,8,0.2857142857142857,31.5
22288,2,0.0,61.5
22289,15,0.37142857142857144,78.06666666666666
22290,12,0.3484848484848485,72.91666666666667
22291,25,0.2733333333333333,74.24
22292,14,0.43956043956043955,40.42857142857143
22293,9,0.16666666666666666,13.222222222222221
22294,3,0.0,108.0
22295,19,0.47368421052631576,73.63157894736842
22296,46,0.2927536231884058,55.891304347826086
22297,10,0.3111111111111111,16.3
22298,10,0.24444444444444444,33.6
22299,0,0.0,0.0
22300,56,0.21233766233766233,181.48214285714286
22301,11,0.5454545454545454,193.9090909090909
22302,5,0.4,22.8
22303,6,0.2,41.333333333333336
22304,27,0.6410256410256411,56.851851851851855
22305,7,0.14285714285714285,46.57142857142857
22306,0,0.0,0.0
22307,73,0.3070776255707763,110.34246575342466
22308,53,0.6233671988388969,51.471698113207545
22309,74,0.18992965568308035,127.0945945945946
22310,11,0.16363636363636364,33.54545454545455
22311,10,0.4666666666666667,12.7
22312,8,0.14285714285714285,12.875
22313,2,0.0,31.5
22314,6,0.3333333333333333,456.6666666666667
22315,107,0.2526891200846412,112.59813084112149
22316,3,0.0,40.0
22317,2,1.0,6.0
22318,11,0.3090909090909091,93.27272727272727
22319,37,0.21921921921921922,60.945945945945944
22320,15,0.2857142857142857,112.33333333333333
22321,4,0.5,26.5
22322,12,0.3181818181818182,92.25
22323,29,0.5,54.44827586206897
22324,44,0.17653276955602537,60.56818181818182
22325,16,0.08333333333333333,110.9375
22326,7,0.2857142857142857,278.85714285714283
22327,8,0.5,33.125
22328,5,0.0,45.6
22329,11,0.12727272727272726,45.63636363636363
22330,88,0.1044932079414838,57.92045454545455
22331,20,0.4368421052631579,124.3
22332,6,0.3333333333333333,55.833333333333336
22333,1,0.0,2.0
22334,4,0.5,60.25
22335,11,0.41818181818181815,97.54545454545455
22336,1,0.0,24.0
22337,5,0.6,11.6
22338,0,0.0,0.0
22339,3,0.0,3.3333333333333335
22340,3,0.3333333333333333,3.0
22341,4,0.16666666666666666,19.75
22342,8,0.25,20.75
22343,0,0.0,0.0
22344,38,0.2702702702702703,53.921052631578945
22345,38,0.7183499288762447,197.8684210526316
22346,12,0.19696969696969696,42.166666666666664
22347,45,0.19797979797979798,112.04444444444445
22348,3,0.0,74.33333333333333
22349,25,0.25,224.44
22350,6,0.13333333333333333,24.0
22351,19,0.2631578947368421,13.473684210526315
22352,41,0.3170731707317073,118.65853658536585
22353,19,0.1695906432748538,38.21052631578947
22354,5,0.3,19.6
22355,32,0.25,73.25
22356,24,0.18840579710144928,85.625
22357,0,0.0,0.0
22358,2,0.0,20.5
22359,0,0.0,0.0
22360,3,0.3333333333333333,29.333333333333332
22361,25,0.23666666666666666,59.2
22362,51,0.13411764705882354,44.13725490196079
22363,12,0.30303030303030304,113.75
22364,1,0.0,12.0
22365,13,0.9230769230769231,57.84615384615385
22366,32,0.3629032258064516,44.5
22367,5,0.5,148.8
22368,99,0.24737167594310452,229.40404040404042
22369,21,0.3333333333333333,132.0
22370,22,0.22943722943722944,95.45454545454545
22371,12,0.21212121212121213,37.0
22372,7,0.47619047619047616,25.428571428571427
22373,10,0.8888888888888888,61.3
22374,65,0.5033653846153846,109.23076923076923
22375,4,0.16666666666666666,4.25
22376,6,0.4,27.666666666666668
22377,0,0.0,0.0
22378,14,0.14285714285714285,46.07142857142857
22379,68,0.16417910447761194,38.970588235294116
22380,35,0.25882352941176473,129.77142857142857
22381,84,0.4529546758462421,107.89285714285714
22382,114,0.23055426176059618,216.78070175438597
22383,99,0.11853226138940424,39.24242424242424
22384,12,0.21212121212121213,52.666666666666664
22385,1,0.0,1.0
22386,176,0.23175324675324677,108.14204545454545
22387,1,0.0,60.0
22388,9,0.1388888888888889,70.66666666666667
22389,4,0.0,31.75
22390,22,0.3246753246753247,30.363636363636363
22391,89,0.21424923391215525,186.3932584269663
22392,25,0.20666666666666667,103.68
22393,8,0.39285714285714285,29.625
22394,2,0.0,20.0
22395,41,0.3231707317073171,77.36585365853658
22396,41,0.24878048780487805,154.7560975609756
22397,6,0.2,7.666666666666667
22398,53,0.26197387518142234,147.81132075471697
22399,11,0.5636363636363636,63.45454545454545
22400,28,0.2830687830687831,109.42857142857143
22401,74,0.3335801554979637,124.78378378378379
22402,12,0.8181818181818182,110.66666666666667
22403,279,0.14870684097882983,159.73835125448028
22404,5,0.8,20.6
22405,2,1.0,6.0
22406,58,0.7229280096793709,103.62068965517241
22407,116,0.27706146926536734,95.72413793103448
22408,1,0.0,33.0
22409,15,0.14285714285714285,53.86666666666667
22410,4,0.5,23.75
22411,3,0.3333333333333333,15.0
22412,86,0.3004103967168263,100.81395348837209
22413,39,0.6329284750337382,47.333333333333336
22414,42,0.6016260162601627,143.3095238095238
22415,17,0.1323529411764706,25.647058823529413
22416,7,0.38095238095238093,11.0
22417,2,1.0,130.5
22418,18,0.42483660130718953,74.05555555555556
22419,19,0.3333333333333333,58.578947368421055
22420,114,0.34233814625058223,123.46491228070175
22421,36,0.2761904761904762,50.44444444444444
22422,21,0.4,36.523809523809526
22423,74,0.12476860422065901,77.48648648648648
22424,2,0.0,59.0
22425,167,0.2222061900295794,149.0
22426,30,0.5816091954022988,66.7
22427,8,0.5357142857142857,45.0
22428,2,1.0,65.0
22429,24,0.17391304347826086,113.08333333333333
22430,25,0.3333333333333333,150.84
22431,71,0.35975855130784706,110.97183098591549
22432,11,0.5636363636363636,198.72727272727272
22433,10,0.8,27.9
22434,10,0.26666666666666666,59.8
22435,10,0.28888888888888886,19.4
22436,3,1.0,10.666666666666666
22437,0,0.0,0.0
22438,30,0.2482758620689655,65.46666666666667
22439,7,0.3333333333333333,83.28571428571429
22440,65,0.2528846153846154,34.4
22441,8,0.35714285714285715,21.25
22442,9,0.3888888888888889,63.666666666666664
22443,8,0.5357142857142857,38.625
22444,8,0.14285714285714285,45.125
22445,31,0.5634408602150538,68.29032258064517
22446,28,0.21428571428571427,108.82142857142857
22447,29,0.6502463054187192,47.62068965517241
22448,38,0.40540540540540543,66.05263157894737
22449,23,0.28063241106719367,36.34782608695652
22450,5,1.0,15.6
22451,9,0.2777777777777778,78.11111111111111
22452,3,1.0,198.0
22453,34,0.7040998217468806,104.3529411764706
22454,194,0.28892687356444635,95.20618556701031
22455,12,0.2727272727272727,128.83333333333334
22456,23,0.2766798418972332,51.34782608695652
22457,30,0.12873563218390804,43.56666666666667
22458,138,0.2805458584576325,223.97101449275362
22459,2,0.0,47.5
22460,5,0.3,18.0
22461,11,0.2,30.818181818181817
22462,9,0.3611111111111111,27.333333333333332
22463,1,0.0,1.0
22464,1,0.0,1.0
22465,87,0.31836407377706494,86.79310344827586
22466,21,0.21904761904761905,19.238095238095237
22467,10,0.13333333333333333,38.7
22468,58,0.39624924379915305,86.27586206896552
22469,0,0.0,0.0
22470,13,0.5128205128205128,53.38461538461539
22471,13,0.20512820512820512,100.38461538461539
22472,159,0.24337234296632435,188.38993710691824
22473,13,0.5,41.23076923076923
22474,43,0.7009966777408638,76.30232558139535
22475,13,0.5256410256410257,21.307692307692307
22476,21,0.22857142857142856,30.952380952380953
22477,17,0.38235294117647056,33.88235294117647
22478,46,0.421256038647343,108.02173913043478
22479,3,0.0,5.333333333333333
22480,16,0.5083333333333333,40.25
22481,0,0.0,0.0
22482,8,0.07142857142857142,16.625
22483,0,0.0,0.0
22484,198,0.08901194687996719,128.76262626262627
22485,19,0.391812865497076,120.63157894736842
22486,4,0.3333333333333333,6.0
22487,13,0.2564102564102564,93.6923076923077
22488,26,0.5507692307692308,35.34615384615385
22489,9,0.2777777777777778,28.0
22490,27,0.27635327635327633,269.9259259259259
22491,4,1.0,38.25
22492,26,0.29846153846153844,97.84615384615384
22493,22,0.5064935064935064,73.77272727272727
22494,11,0.2,47.09090909090909
22495,7,0.38095238095238093,21.857142857142858
22496,21,0.37142857142857144,50.904761904761905
22497,27,0.27635327635327633,40.407407407407405
22498,3,0.6666666666666666,14.666666666666666
22499,189,0.10998536530451423,147.62962962962962
22500,39,0.33738191632928477,37.38461538461539
22501,7,0.42857142857142855,24.857142857142858
22502,9,0.19444444444444445,9.444444444444445
22503,106,0.3363881401617251,156.8679245283019
22504,0,0.0,0.0
22505,3,1.0,51.0
22506,30,0.6091954022988506,47.4
22507,11,0.07272727272727272,37.27272727272727
22508,7,0.38095238095238093,19.428571428571427
22509,2,1.0,32.0
22510,114,0.2263623660922217,78.2280701754386
22511,1,0.0,4.0
22512,30,0.2735632183908046,93.03333333333333
22513,20,0.34210526315789475,100.85
22514,54,0.5150244584206848,181.33333333333334
22515,38,0.2759601706970128,60.5
22516,12,0.4393939393939394,42.166666666666664
22517,5,0.8,19.2
22518,135,0.2759535655058043,123.17037037037036
22519,12,0.45454545454545453,98.0
22520,62,0.12903225806451613,75.6774193548387
22521,4,0.5,23.5
22522,2,1.0,77.5
22523,19,0.2631578947368421,32.26315789473684
22524,21,0.2904761904761905,18.61904761904762
22525,9,0.6388888888888888,34.55555555555556
22526,79,0.6124634858812074,83.54430379746836
22527,3,0.3333333333333333,30.666666666666668
22528,18,0.7320261437908496,20.72222222222222
22529,10,0.6888888888888889,29.4
22530,2,0.0,8.0
22531,35,0.3126050420168067,201.9142857142857
22532,123,0.32227109156337463,108.28455284552845
22533,3,0.3333333333333333,51.333333333333336
22534,5,0.4,55.2
22535,22,0.341991341991342,47.22727272727273
22536,10,0.6222222222222222,38.0
22537,38,0.46799431009957326,68.1842105263158
22538,11,0.2727272727272727,27.454545454545453
22539,1,0.0,188.0
22540,14,0.5054945054945055,102.64285714285714
22541,5,0.4,168.0
22542,31,0.3935483870967742,73.87096774193549
22543,12,1.0,85.33333333333333
22544,78,0.5134865134865135,163.03846153846155
22545,15,0.21904761904761905,125.66666666666667
22546,15,0.5333333333333333,26.066666666666666
22547,4,0.5,24.5
22548,2,1.0,32.5
22549,40,0.22564102564102564,53.45
22550,25,0.47333333333333333,70.88
22551,11,0.5454545454545454,89.0909090909091
22552,2,0.0,12.5
22553,14,0.5384615384615384,47.714285714285715
22554,58,0.29038112522686027,259.2586206896552
22555,3,0.6666666666666666,168.33333333333334
22556,16,0.15,98.75
22557,76,0.2231578947368421,186.23684210526315
22558,26,0.13230769230769232,38.73076923076923
22559,5,0.7,11.0
22560,14,0.24175824175824176,125.85714285714286
22561,35,0.3445378151260504,174.62857142857143
22562,62,0.2332099418297197,41.17741935483871
22563,13,0.6153846153846154,54.92307692307692
22564,42,0.34146341463414637,141.38095238095238
22565,21,0.5333333333333333,142.1904761904762
22566,10,0.17777777777777778,55.0
22567,159,0.16185017116471617,114.72955974842768
22568,30,0.24367816091954023,43.06666666666667
22569,26,0.29846153846153844,63.34615384615385
22570,174,0.2097535047505149,105.99425287356321
22571,27,0.33903133903133903,115.4074074074074
22572,1,0.0,39.0
22573,4,0.16666666666666666,12.75
22574,1,0.0,734.0
22575,36,0.19047619047619047,29.166666666666668
22576,63,0.2073732718894009,166.9047619047619
22577,1,0.0,6.0
22578,25,0.5766666666666667,54.2
22579,2,1.0,25.0
22580,14,0.43956043956043955,62.357142857142854
22581,17,0.4117647058823529,65.70588235294117
22582,5,0.6,15.6
22583,18,0.35294117647058826,162.72222222222223
22584,279,0.23924086537221836,122.97849462365592
22585,22,0.42424242424242425,290.45454545454544
22586,2,1.0,7.0
22587,0,0.0,0.0
22588,25,0.41,98.52
22589,0,0.0,0.0
22590,5,0.4,60.4
22591,49,0.6215986394557823,156.51020408163265
22592,7,0.2857142857142857,29.0
22593,41,0.32926829268292684,44.926829268292686
22594,19,0.7192982456140351,72.89473684210526
22595,1,0.0,22.0
22596,10,0.3333333333333333,49.1
22597,22,0.19047619047619047,67.77272727272727
22598,29,0.7241379310344828,62.48275862068966
22599,14,0.45054945054945056,28.571428571428573
22600,13,0.28205128205128205,86.84615384615384
22601,51,0.323921568627451,70.74509803921569
22602,17,0.15441176470588236,27.352941176470587
22603,3,1.0,7.333333333333333
22604,3,0.6666666666666666,17.0
22605,8,0.21428571428571427,112.375
22606,19,0.1286549707602339,55.94736842105263
22607,21,0.18571428571428572,44.714285714285715
22608,38,0.24751066856330015,35.36842105263158
22609,3,0.0,115.33333333333333
22610,15,0.1619047619047619,37.266666666666666
22611,14,0.08791208791208792,52.5
22612,10,0.6,20.3
22613,363,0.17519747956714304,108.70798898071625
22614,66,0.372960372960373,87.33333333333333
22615,8,0.25,19.75
22616,92,0.387482083134257,174.93478260869566
22617,0,0.0,0.0
22618,3,0.0,12.333333333333334
22619,2,0.0,42.0
22620,44,0.24735729386892177,235.0
22621,149,0.2578450934155632,155.11409395973155
22622,21,0.35714285714285715,35.76190476190476
22623,31,0.24086021505376345,50.354838709677416
22624,7,0.38095238095238093,41.42857142857143
22625,1,0.0,38.0
22626,170,0.28847894187260703,139.28235294117647
22627,5,0.1,25.0
22628,3,0.6666666666666666,26.0
22629,17,0.3235294117647059,35.94117647058823
22630,9,0.25,21.0
22631,11,0.34545454545454546,18.454545454545453
22632,4,0.3333333333333333,53.25
22633,28,0.35714285714285715,69.57142857142857
22634,68,0.29850746268656714,80.42647058823529
22635,25,0.24666666666666667,49.8
22636,38,0.41109530583214793,118.92105263157895
22637,38,0.3200568990042674,139.42105263157896
22638,33,0.23295454545454544,109.72727272727273
22639,39,0.2901484480431849,47.30769230769231
22640,78,0.2837162837162837,156.39743589743588
22641,175,0.3052216748768473,88.12
22642,18,0.24836601307189543,137.33333333333334
22643,53,0.3251088534107402,122.20754716981132
22644,16,0.35833333333333334,41.125
22645,30,0.4896551724137931,42.0
22646,66,0.5226107226107226,93.18181818181819
22647,62,0.34584875727128506,90.46774193548387
22648,10,0.5111111111111111,68.2
22649,37,0.23423423423423423,41.108108108108105
22650,18,0.4117647058823529,28.055555555555557
22651,0,0.0,0.0
22652,20,0.7526315789473684,41.45
22653,46,0.17004830917874397,62.869565217391305
22654,38,0.2759601706970128,34.921052631578945
22655,21,0.35714285714285715,364.8095238095238
22656,1,0.0,6.0
22657,40,0.17307692307692307,58.2
22658,7,0.3333333333333333,16.857142857142858
22659,1,0.0,38.0
22660,65,0.5350961538461538,113.92307692307692
22661,50,0.4048979591836735,90.4
22662,18,0.28104575163398693,26.5
22663,57,0.32644110275689225,62.29824561403509
22664,52,0.4539969834087481,102.42307692307692
22665,7,0.47619047619047616,21.428571428571427
22666,6,0.26666666666666666,67.33333333333333
22667,29,0.2881773399014778,33.51724137931034
22668,75,0.49945945945945946,137.36
22669,8,0.8571428571428571,43.5
22670,20,0.3631578947368421,31.9
22671,38,0.1593172119487909,57.44736842105263
22672,5,0.4,35.8
22673,36,0.3888888888888889,41.138888888888886
22674,44,0.6374207188160677,50.90909090909091
22675,0,0.0,0.0
22676,38,0.3385490753911807,224.60526315789474
22677,7,0.047619047619047616,70.57142857142857
22678,40,0.3371794871794872,52.525
22679,21,0.3761904761904762,47.142857142857146
22680,9,0.08333333333333333,22.77777777777778
22681,25,0.31333333333333335,97.16
22682,7,0.3333333333333333,19.0
22683,30,0.2896551724137931,23.666666666666668
22684,2,0.0,47.5
22685,3,0.3333333333333333,12.333333333333334
22686,42,0.1602787456445993,41.642857142857146
22687,17,0.375,38.0
22688,16,0.2833333333333333,165.625
22689,27,0.5726495726495726,24.77777777777778
22690,16,0.8083333333333333,40.5
22691,11,0.6363636363636364,21.09090909090909
22692,57,0.4392230576441103,48.75438596491228
22693,4,0.16666666666666666,18.0
22694,29,0.1921182266009852,210.82758620689654
22695,5,0.4,38.2
22696,52,0.6259426847662142,85.13461538461539
22697,4,0.3333333333333333,6.0
22698,6,0.13333333333333333,74.0
22699,3,0.3333333333333333,9.0
22700,16,0.175,36.6875
22701,7,0.47619047619047616,49.285714285714285
22702,21,0.15714285714285714,141.47619047619048
22703,5,0.3,21.4
22704,37,0.2132132132132132,89.21621621621621
22705,0,0.0,0.0
22706,11,0.14545454545454545,21.363636363636363
22707,89,0.2872829417773238,129.91011235955057
22708,1,0.0,13.0
22709,69,0.2259164535379369,129.4927536231884
22710,99,0.16408987837559266,49.86868686868687
22711,164,0.13616639233877,171.15243902439025
22712,1,0.0,8.0
22713,16,0.3,27.625
22714,115,0.3127383676582761,145.0695652173913
22715,115,0.4791762013729977,115.19130434782609
22716,3,0.3333333333333333,23.0
22717,18,0.5098039215686274,25.61111111111111
22718,19,0.09941520467836257,28.0
22719,21,0.7523809523809524,41.857142857142854
22720,8,0.75,34.75
22721,5,0.2,25.0
22722,34,0.34402852049910876,19.647058823529413
22723,0,0.0,0.0
22724,8,0.35714285714285715,17.875
22725,28,0.17724867724867724,54.25
22726,9,0.2777777777777778,64.66666666666667
22727,41,0.424390243902439,75.92682926829268
22728,121,0.12630853994490357,146.73553719008265
22729,4,0.16666666666666666,52.25
22730,3,0.3333333333333333,7.0
22731,14,0.2967032967032967,45.357142857142854
22732,5,0.6,41.2
22733,24,0.6268115942028986,58.666666666666664
22734,27,0.4985754985754986,180.62962962962962
22735,5,0.4,43.2
22736,41,0.2951219512195122,43.4390243902439
22737,4,0.16666666666666666,35.5
22738,5,0.2,15.2
22739,9,0.5833333333333334,47.55555555555556
22740,38,0.5334281650071123,48.21052631578947
22741,2,0.0,14.0
22742,17,0.4338235294117647,43.35294117647059
22743,8,0.21428571428571427,52.5
22744,102,0.2719860221316249,101.74509803921569
22745,34,0.08912655971479501,70.41176470588235
22746,1,0.0,67.0
22747,38,0.21052631578947367,60.94736842105263
22748,33,0.2481060606060606,90.63636363636364
22749,68,0.1900790166812994,36.4264705882353
22750,3,0.0,55.333333333333336
22751,52,0.3469079939668175,87.28846153846153
22752,58,0.3278886872353297,95.17241379310344
22753,12,0.25757575757575757,76.0
22754,0,0.0,0.0
22755,1,0.0,1.0
22756,46,0.17971014492753623,73.52173913043478
22757,77,0.10047846889952153,62.45454545454545
22758,2,0.0,33.5
22759,9,0.3333333333333333,333.22222222222223
22760,16,0.25833333333333336,67.75
22761,53,0.4158200290275762,73.05660377358491
22762,86,0.2503419972640219,235.02325581395348
22763,14,0.4065934065934066,145.64285714285714
22764,44,0.6976744186046512,62.09090909090909
22765,1,0.0,2.0
22766,75,0.16036036036036036,86.73333333333333
22767,106,0.4230008984725966,170.18867924528303
22768,0,0.0,0.0
22769,0,0.0,0.0
22770,5,0.6,58.8
22771,51,0.5819607843137254,149.7843137254902
22772,71,0.3183098591549296,106.38028169014085
22773,31,0.3096774193548387,70.19354838709677
22774,7,0.19047619047619047,56.285714285714285
22775,9,0.5,14.666666666666666
22776,28,0.19047619047619047,45.285714285714285
22777,36,0.6396825396825396,84.66666666666667
22778,9,0.2222222222222222,23.22222222222222
22779,6,0.5333333333333333,16.5
22780,10,0.15555555555555556,25.4
22781,6,0.4666666666666667,129.5
22782,18,0.2549019607843137,74.55555555555556
22783,3,0.3333333333333333,88.66666666666667
22784,3,0.3333333333333333,54.333333333333336
22785,1,0.0,56.0
22786,45,0.31616161616161614,56.8
22787,23,0.2450592885375494,34.78260869565217
22788,18,0.38562091503267976,58.666666666666664
22789,11,0.03636363636363636,25.818181818181817
22790,1,0.0,67.0
22791,58,0.4089534180278282,153.75862068965517
22792,3,0.0,8.333333333333334
22793,27,0.2934472934472934,65.18518518518519
22794,19,0.5964912280701754,46.1578947368421
22795,24,0.2572463768115942,95.58333333333333
22796,30,0.2735632183908046,40.266666666666666
22797,5,0.2,46.4
22798,48,0.2225177304964539,67.91666666666667
22799,0,0.0,0.0
22800,9,0.6111111111111112,69.44444444444444
22801,14,0.17582417582417584,41.785714285714285
22802,10,0.3111111111111111,134.9
22803,30,0.2689655172413793,25.8
22804,91,0.41611721611721614,85.48351648351648
22805,5,0.3,26.4
22806,28,0.328042328042328,42.107142857142854
22807,1,0.0,8.0
22808,77,0.18831168831168832,118.75324675324676
22809,60,0.2994350282485876,58.266666666666666
22810,29,0.7241379310344828,183.44827586206895
22811,16,0.25833333333333336,25.625
22812,54,0.14395527603074773,91.22222222222223
22813,72,0.2883411580594679,82.66666666666667
22814,9,0.3055555555555556,62.44444444444444
22815,8,0.7142857142857143,30.625
22816,2,1.0,10.0
22817,37,0.5345345345345346,57.7027027027027
22818,48,0.24556737588652483,76.04166666666667
22819,10,0.26666666666666666,20.5
22820,33,0.32196969696969696,53.0
22821,59,0.2162478082992402,119.11864406779661
22822,7,0.7619047619047619,37.0
22823,12,0.9393939393939394,75.58333333333333
22824,13,0.3333333333333333,24.692307692307693
22825,44,0.1638477801268499,56.68181818181818
22826,10,0.1111111111111111,25.7
22827,59,0.16306253652834599,93.94915254237289
22828,4,0.3333333333333333,6.0
22829,4,0.16666666666666666,7.75
22830,15,0.41904761904761906,39.266666666666666
22831,10,0.6444444444444445,35.8
22832,35,0.3663865546218487,67.34285714285714
22833,5,0.7,33.8
22834,41,0.3780487804878049,94.48780487804878
22835,12,0.2727272727272727,15.75
22836,0,0.0,0.0
22837,66,0.27505827505827507,115.36363636363636
22838,3,1.0,9.0
22839,20,0.2578947368421053,76.5
22840,0,0.0,0.0
22841,6,0.8666666666666667,26.666666666666668
22842,6,0.06666666666666667,26.333333333333332
22843,20,0.4105263157894737,38.3
22844,0,0.0,0.0
22845,1,0.0,7.0
22846,0,0.0,0.0
22847,9,0.3333333333333333,20.555555555555557
22848,4,0.5,32.5
22849,0,0.0,0.0
22850,0,0.0,0.0
22851,10,0.5555555555555556,170.7
22852,4,0.8333333333333334,59.5
22853,1,0.0,7.0
22854,17,0.41911764705882354,45.588235294117645
22855,35,0.20336134453781513,48.628571428571426
22856,47,0.29417206290471787,67.7872340425532
22857,102,0.31624927198602215,148.36274509803923
22858,20,0.6684210526315789,98.85
22859,85,0.26330532212885155,222.94117647058823
22860,6,0.3333333333333333,51.666666666666664
22861,1,0.0,16.0
22862,13,0.44871794871794873,34.84615384615385
22863,9,0.5,18.666666666666668
22864,8,0.5357142857142857,34.25
22865,54,0.1816911250873515,168.5
22866,4,1.0,97.75
22867,0,0.0,0.0
22868,9,0.6111111111111112,74.22222222222223
22869,15,0.7904761904761904,40.46666666666667
22870,2,0.0,7.0
22871,0,0.0,0.0
22872,71,0.34567404426559356,112.02816901408451
22873,2,0.0,18.0
22874,8,0.14285714285714285,47.625
22875,22,0.7965367965367965,38.27272727272727
22876,11,0.5818181818181818,132.0909090909091
22877,57,0.23558897243107768,218.80701754385964
22878,58,0.4059286146400484,51.706896551724135
22879,0,0.0,0.0
22880,2,1.0,25.0
22881,8,0.2857142857142857,24.875
22882,2,1.0,8.0
22883,51,0.636078431372549,71.68627450980392
22884,12,0.4696969696969697,35.916666666666664
22885,34,0.6203208556149733,44.0
22886,15,0.17142857142857143,184.13333333333333
22887,7,0.7142857142857143,20.857142857142858
22888,2,1.0,27.0
22889,41,0.15121951219512195,41.707317073170735
22890,12,0.4090909090909091,36.5
22891,111,0.26109746109746107,137.54954954954954
22892,3,0.0,21.0
22893,0,0.0,0.0
22894,13,0.3974358974358974,32.07692307692308
22895,37,0.17717717717717718,102.48648648648648
22896,4,0.3333333333333333,10.75
22897,44,0.5845665961945031,97.95454545454545
22898,0,0.0,0.0
22899,5,0.7,267.8
22900,9,0.4166666666666667,16.555555555555557
22901,5,0.2,10.4
22902,24,0.4528985507246377,49.291666666666664
22903,16,0.225,44.9375
22904,0,0.0,0.0
22905,27,0.358974358974359,77.07407407407408
22906,22,0.13852813852813853,51.5
22907,18,0.33986928104575165,72.72222222222223
22908,34,0.49019607843137253,81.67647058823529
22909,47,0.1637372802960222,124.44680851063829
22910,27,0.2336182336182336,75.29629629629629
22911,15,0.19047619047619047,46.4
22912,9,0.5555555555555556,42.888888888888886
22913,25,0.21666666666666667,54.0
22914,4,0.16666666666666666,10.0
22915,286,0.20301803459698198,122.63636363636364
22916,18,0.43137254901960786,97.61111111111111
22917,5,0.2,38.0
22918,8,0.2857142857142857,40.875
22919,24,0.7137681159420289,40.75
22920,80,0.19525316455696204,102.55
22921,63,0.4306195596518177,86.55555555555556
22922,66,0.20932400932400932,96.57575757575758
22923,51,0.4031372549019608,143.84313725490196
22924,26,0.16307692307692306,125.73076923076923
22925,43,0.6334440753045404,128.0
22926,2,1.0,8.5
22927,3,0.3333333333333333,24.333333333333332
22928,14,0.26373626373626374,84.21428571428571
22929,31,0.12258064516129032,66.0
22930,5,0.1,24.8
22931,16,0.9416666666666667,21.1875
22932,33,0.3428030303030303,62.333333333333336
22933,8,0.42857142857142855,50.25
22934,0,0.0,0.0
22935,11,0.2909090909090909,19.272727272727273
22936,2,1.0,18.5
22937,5,0.4,47.4
22938,27,0.14814814814814814,72.77777777777777
22939,3,0.0,15.666666666666666
22940,6,0.2,17.666666666666668
22941,1,0.0,6.0
22942,19,0.32748538011695905,74.6842105263158
22943,7,0.47619047619047616,23.428571428571427
22944,23,0.5059288537549407,82.82608695652173
22945,3,0.3333333333333333,15.666666666666666
22946,31,0.5956989247311828,93.70967741935483
22947,10,0.17777777777777778,17.7
22948,8,0.25,53.25
22949,14,0.26373626373626374,67.57142857142857
22950,178,0.17571256268647242,81.15168539325843
22951,68,0.17383669885864794,82.61764705882354
22952,3,1.0,64.33333333333333
22953,24,0.2210144927536232,32.333333333333336
22954,7,0.42857142857142855,197.57142857142858
22955,16,0.35833333333333334,22.875
22956,2,0.0,12.0
22957,20,0.46842105263157896,120.9
22958,7,0.3333333333333333,27.857142857142858
22959,8,0.4642857142857143,52.5
22960,18,0.21568627450980393,103.77777777777777
22961,19,0.15789473684210525,161.6315789473684
22962,1,0.0,5.0
22963,1,0.0,71.0
22964,31,0.17419354838709677,96.16129032258064
22965,38,0.40256045519203415,107.5
22966,46,0.4386473429951691,118.45652173913044
22967,9,0.25,24.22222222222222
22968,6,0.3333333333333333,14.833333333333334
22969,11,0.2727272727272727,55.63636363636363
22970,11,0.45454545454545453,40.09090909090909
22971,31,0.556989247311828,46.45161290322581
22972,18,0.32679738562091504,32.888888888888886
22973,4,0.0,19.0
22974,43,0.3798449612403101,105.5813953488372
22975,4,0.3333333333333333,32.5
22976,20,0.24736842105263157,62.85
22977,8,0.5714285714285714,49.25
22978,32,0.3689516129032258,82.90625
22979,8,0.17857142857142858,37.25
22980,21,0.26666666666666666,207.85714285714286
22981,1,0.0,73.0
22982,14,0.7252747252747253,42.5
22983,14,0.34065934065934067,47.57142857142857
22984,6,0.26666666666666666,30.0
22985,15,0.5714285714285714,184.4
22986,25,0.22666666666666666,71.0
22987,12,0.25757575757575757,98.33333333333333
22988,0,0.0,0.0
22989,5,0.3,24.6
22990,8,0.17857142857142858,36.0
22991,315,0.20495399858457183,111.19365079365079
22992,3,0.0,24.666666666666668
22993,5,0.4,15.6
22994,5,0.1,16.0
22995,36,0.13015873015873017,129.58333333333334
22996,11,0.6181818181818182,86.9090909090909
22997,114,0.3904673187393262,88.13157894736842
22998,4,0.5,54.75
22999,2,0.0,104.0
23000,3,0.3333333333333333,39.333333333333336
23001,0,0.0,0.0
23002,38,0.20910384068278806,92.73684210526316
23003,36,0.15873015873015872,80.72222222222223
23004,4,0.0,33.0
23005,10,0.13333333333333333,67.8
23006,4,0.6666666666666666,25.25
23007,6,0.3333333333333333,11.5
23008,26,0.16923076923076924,37.03846153846154
23009,23,0.2450592885375494,52.34782608695652
23010,0,0.0,0.0
23011,81,0.28672839506172837,125.07407407407408
23012,43,0.22812846068660023,70.11627906976744
23013,48,0.34308510638297873,81.25
23014,0,0.0,0.0
23015,38,0.7396870554765291,84.42105263157895
23016,4,0.16666666666666666,9.5
23017,31,0.21505376344086022,72.48387096774194
23018,68,0.28928884986830555,264.05882352941177
23019,3,1.0,19.0
23020,123,0.3539917366386779,79.82113821138212
23021,120,0.11666666666666667,124.48333333333333
23022,6,0.2,33.833333333333336
23023,0,0.0,0.0
23024,15,0.5904761904761905,43.266666666666666
23025,78,0.44655344655344653,69.15384615384616
23026,21,0.28095238095238095,96.0952380952381
23027,155,0.2868035190615836,107.06451612903226
23028,7,0.047619047619047616,20.857142857142858
23029,23,0.38735177865612647,160.95652173913044
23030,33,0.7821969696969697,62.60606060606061
23031,57,0.18483709273182958,61.1578947368421
23032,5,0.2,53.4
23033,7,0.42857142857142855,96.57142857142857
23034,13,0.24358974358974358,24.307692307692307
23035,9,0.7222222222222222,29.22222222222222
23036,22,0.30303030303030304,110.45454545454545
23037,2,1.0,48.5
23038,65,0.08846153846153847,78.44615384615385
23039,1,0.0,21.0
23040,14,0.5054945054945055,16.571428571428573
23041,14,0.10989010989010989,30.571428571428573
23042,12,0.21212121212121213,117.33333333333333
23043,31,0.5118279569892473,45.25806451612903
23044,6,0.2,63.666666666666664
23045,4,0.5,45.0
23046,4,1.0,33.75
23047,24,0.8297101449275363,29.666666666666668
23048,8,0.4642857142857143,53.75
23049,44,0.23255813953488372,82.45454545454545
23050,8,0.10714285714285714,37.375
23051,11,0.38181818181818183,68.72727272727273
23052,44,0.07188160676532769,50.77272727272727
23053,25,0.17,59.6
23054,4,0.6666666666666666,47.25
23055,14,0.43956043956043955,32.214285714285715
23056,22,0.5021645021645021,121.5
23057,16,0.21666666666666667,114.4375
23058,10,0.3111111111111111,38.8
23059,6,0.2,78.16666666666667
23060,0,0.0,0.0
23061,45,0.24343434343434345,203.82222222222222
23062,32,0.3407258064516129,47.8125
23063,10,0.26666666666666666,35.2
23064,20,0.17894736842105263,45.9
23065,65,0.14326923076923076,86.8923076923077
23066,3,0.3333333333333333,5.666666666666667
23067,35,0.6134453781512605,228.37142857142857
23068,2,1.0,68.0
23069,0,0.0,0.0
23070,22,0.5194805194805194,81.13636363636364
23071,26,0.38769230769230767,90.38461538461539
23072,26,0.3507692307692308,87.96153846153847
23073,6,0.26666666666666666,25.666666666666668
23074,18,0.21568627450980393,43.833333333333336
23075,64,0.22569444444444445,155.03125
23076,6,0.6,32.166666666666664
23077,9,0.3333333333333333,24.77777777777778
23078,282,0.12450468186062946,175.81205673758865
23079,62,0.44368059227921736,105.41935483870968
23080,0,0.0,0.0
23081,23,0.2648221343873518,29.130434782608695
23082,21,0.2714285714285714,30.904761904761905
23083,10,0.6222222222222222,34.4
23084,37,0.2972972972972973,85.56756756756756
23085,11,0.34545454545454546,85.63636363636364
23086,6,0.6666666666666666,29.0
23087,17,0.47058823529411764,34.23529411764706
23088,6,0.2,44.166666666666664
23089,3,0.3333333333333333,14.333333333333334
23090,5,0.4,21.6
23091,60,0.17740112994350282,99.9
23092,76,0.5568421052631579,165.0921052631579
23093,3,0.3333333333333333,14.0
23094,2,0.0,9.0
23095,1,0.0,2.0
23096,35,0.3563025210084034,55.91428571428571
23097,41,0.2280487804878049,106.02439024390245
23098,18,0.5359477124183006,51.0
23099,54,0.2893081761006289,59.96296296296296
23100,5,0.4,34.6
23101,25,0.17333333333333334,20.08
23102,11,0.38181818181818183,87.27272727272727
23103,0,0.0,0.0
23104,5,1.0,275.8
23105,5,0.3,40.0
23106,77,0.2077922077922078,64.40259740259741
23107,2,0.0,23.0
23108,13,0.5384615384615384,52.30769230769231
23109,56,0.37012987012987014,150.94642857142858
23110,41,0.19878048780487806,76.02439024390245
23111,2,1.0,4.5
23112,4,0.16666666666666666,65.25
23113,5,0.2,9.2
23114,0,0.0,0.0
23115,1,0.0,131.0
23116,33,0.20454545454545456,65.78787878787878
23117,3,1.0,6.666666666666667
23118,2,1.0,19.0
23119,27,0.21082621082621084,22.037037037037038
23120,2,0.0,55.5
23121,21,0.4095238095238095,27.428571428571427
23122,9,0.9722222222222222,77.88888888888889
23123,41,0.17073170731707318,141.78048780487805
23124,18,0.19607843137254902,81.55555555555556
23125,16,0.475,59.9375
23126,0,0.0,0.0
23127,20,0.18947368421052632,87.4
23128,4,0.3333333333333333,41.0
23129,33,0.24431818181818182,50.878787878787875
23130,21,0.45714285714285713,28.523809523809526
23131,25,0.23,38.2
23132,5,0.1,23.6
23133,92,0.2594362159579551,125.73913043478261
23134,57,0.11779448621553884,59.85964912280702
23135,33,0.2803030303030303,110.18181818181819
23136,9,0.3611111111111111,28.88888888888889
23137,4,0.16666666666666666,19.0
23138,43,0.25359911406423036,95.65116279069767
23139,8,0.7142857142857143,22.125
23140,48,0.45390070921985815,42.041666666666664
23141,10,0.4222222222222222,40.1
23142,14,0.07692307692307693,28.142857142857142
23143,1,0.0,52.0
23144,20,0.5473684210526316,81.45
23145,6,0.4666666666666667,61.0
23146,3,1.0,24.333333333333332
23147,4,0.5,19.5
23148,2,0.0,5.5
23149,26,0.36923076923076925,150.80769230769232
23150,71,0.45875251509054327,90.02816901408451
23151,16,0.18333333333333332,60.0
23152,11,0.36363636363636365,13.454545454545455
23153,10,0.5111111111111111,38.7
23154,55,0.5905723905723905,91.52727272727273
23155,1,0.0,8.0
23156,42,0.36585365853658536,97.54761904761905
23157,116,0.19385307346326835,93.22413793103448
23158,0,0.0,0.0
23159,4,0.5,31.75
23160,4,0.16666666666666666,78.5
23161,6,0.2,58.333333333333336
23162,109,0.2743798844716276,97.5137614678899
23163,84,0.3080895008605852,221.10714285714286
23164,5,0.6,22.4
23165,15,0.10476190476190476,53.93333333333333
23166,30,0.2482758620689655,64.6
23167,9,0.4444444444444444,26.555555555555557
23168,29,0.458128078817734,57.44827586206897
23169,4,0.5,11.0
23170,54,0.20545073375262055,146.5185185185185
23171,34,0.31194295900178254,69.91176470588235
23172,5,0.4,16.0
23173,12,0.18181818181818182,35.083333333333336
23174,43,0.2691029900332226,58.44186046511628
23175,645,0.06611295681063123,114.22635658914729
23176,33,0.4753787878787879,86.21212121212122
23177,4,0.3333333333333333,11.75
23178,3,0.0,7.333333333333333
23179,5,0.2,50.0
23180,102,0.42690739662201516,108.11764705882354
23181,11,0.34545454545454546,39.90909090909091
23182,5,0.3,24.8
23183,2,0.0,112.5
23184,40,0.258974358974359,80.05
23185,5,0.6,226.6
23186,145,0.28812260536398465,135.35172413793103
23187,45,0.5898989898989899,104.13333333333334
23188,33,0.06628787878787878,26.03030303030303
23189,5,0.2,17.8
23190,1,0.0,4.0
23191,10,0.28888888888888886,80.8
23192,121,0.21570247933884298,133.1487603305785
23193,3,0.3333333333333333,25.666666666666668
23194,11,0.12727272727272726,41.36363636363637
23195,3,0.3333333333333333,41.333333333333336
23196,113,0.3599873577749684,157.83185840707964
23197,7,0.2857142857142857,14.0
23198,12,0.6818181818181818,52.416666666666664
23199,36,0.5619047619047619,36.888888888888886
23200,1,0.0,13.0
23201,4,0.3333333333333333,59.0
23202,52,0.4215686274509804,148.21153846153845
23203,44,0.20718816067653276,76.68181818181819
23204,19,0.14035087719298245,128.21052631578948
23205,1,0.0,124.0
23206,67,0.38670284938941657,147.26865671641792
23207,21,0.4380952380952381,106.28571428571429
23208,41,0.3329268292682927,246.82926829268294
23209,34,0.27807486631016043,82.8529411764706
23210,16,0.8083333333333333,36.5
23211,11,0.2545454545454545,38.45454545454545
23212,0,0.0,0.0
23213,12,0.42424242424242425,54.25
23214,4,0.3333333333333333,64.25
23215,2,0.0,54.5
23216,41,0.6036585365853658,78.1219512195122
23217,4,0.16666666666666666,38.75
23218,32,0.2661290322580645,29.03125
23219,13,0.41025641025641024,61.07692307692308
23220,4,0.5,22.5
23221,8,0.25,68.0
23222,10,0.26666666666666666,108.3
23223,1,0.0,38.0
23224,36,0.7857142857142857,129.05555555555554
23225,5,0.4,19.2
23226,61,0.42295081967213116,56.08196721311475
23227,64,0.18154761904761904,43.40625
23228,34,0.20855614973262032,24.235294117647058
23229,23,0.13438735177865613,49.26086956521739
23230,11,0.34545454545454546,36.0
23231,2,0.0,22.0
23232,8,0.25,10.5
23233,28,0.14285714285714285,93.28571428571429
23234,13,0.2564102564102564,81.38461538461539
23235,13,0.3076923076923077,86.15384615384616
23236,11,0.6181818181818182,40.45454545454545
23237,27,0.15669515669515668,68.66666666666667
23238,4,0.3333333333333333,19.75
23239,18,0.43137254901960786,99.33333333333333
23240,26,0.13538461538461538,75.34615384615384
23241,87,0.18524458700882118,173.4367816091954
23242,151,0.2229580573951435,95.89403973509934
23243,10,0.2,136.6
23244,28,0.20634920634920634,55.535714285714285
23245,68,0.12291483757682177,123.6470588235294
23246,111,0.3595413595413595,210.24324324324326
23247,18,0.32679738562091504,29.0
23248,20,0.2736842105263158,65.75
23249,69,0.20332480818414322,128.92753623188406
23250,10,0.8444444444444444,31.8
23251,6,0.7333333333333333,40.333333333333336
23252,45,0.502020202020202,127.66666666666667
23253,34,0.3493761140819964,33.64705882352941
23254,46,0.2570048309178744,256.7173913043478
23255,26,0.8707692307692307,153.23076923076923
23256,6,0.2,19.833333333333332
23257,18,0.6078431372549019,62.0
23258,25,0.3,26.76
23259,35,0.33277310924369746,102.34285714285714
23260,3,0.0,8.0
23261,48,0.39184397163120566,187.66666666666666
23262,1,0.0,36.0
23263,7,0.09523809523809523,51.57142857142857
23264,9,0.4166666666666667,88.88888888888889
23265,21,0.8142857142857143,167.57142857142858
23266,181,0.280049109883364,130.51381215469613
23267,42,0.5168408826945412,73.28571428571429
23268,27,0.1908831908831909,118.03703703703704
23269,30,0.09195402298850575,51.2
23270,139,0.4393702429360859,117.89928057553956
23271,16,0.25833333333333336,125.625
23272,17,0.5147058823529411,30.647058823529413
23273,47,0.4375578168362627,104.14893617021276
23274,0,0.0,0.0
23275,1,0.0,11.0
23276,36,0.8333333333333334,76.08333333333333
23277,88,0.24007314524555903,44.875
23278,7,0.9523809523809523,106.0
23279,8,0.39285714285714285,24.25
23280,29,0.7413793103448276,172.6551724137931
23281,118,0.13791105316529045,180.6949152542373
23282,22,0.4199134199134199,49.68181818181818
23283,5,0.3,21.8
23284,5,0.1,11.8
23285,144,0.41763791763791763,140.27777777777777
23286,52,0.19909502262443438,122.53846153846153
23287,45,0.5676767676767677,63.68888888888889
23288,21,0.2571428571428571,48.61904761904762
23289,112,0.30115830115830117,89.1875
23290,11,0.5272727272727272,43.36363636363637
23291,88,0.21055381400208986,105.45454545454545
23292,13,0.6025641025641025,51.15384615384615
23293,9,0.2777777777777778,15.777777777777779
23294,3,0.3333333333333333,74.33333333333333
23295,62,0.12480169222633528,96.24193548387096
23296,66,0.2275058275058275,240.4090909090909
23297,2,0.0,10.5
23298,49,0.19047619047619047,83.06122448979592
23299,11,0.6363636363636364,67.36363636363636
23300,4,0.0,48.75
23301,15,0.2857142857142857,64.06666666666666
23302,4,0.0,8.75
23303,17,0.2426470588235294,77.3529411764706
23304,8,0.5357142857142857,29.75
23305,28,0.701058201058201,27.642857142857142
23306,1,0.0,100.0
23307,21,0.9619047619047619,97.42857142857143
23308,70,0.6699792960662526,103.97142857142858
23309,12,0.45454545454545453,32.916666666666664
23310,2,0.0,9.0
23311,158,0.2256712085785697,202.51898734177215
23312,116,0.3139430284857571,101.12068965517241
23313,1,0.0,17.0
23314,36,0.20317460317460317,48.72222222222222
23315,0,0.0,0.0
23316,6,0.6666666666666666,33.666666666666664
23317,1,0.0,35.0
23318,22,0.22510822510822512,74.77272727272727
23319,8,0.21428571428571427,21.875
23320,65,0.41201923076923075,133.30769230769232
23321,2,1.0,8.5
23322,28,0.30423280423280424,40.67857142857143
23323,7,0.2857142857142857,56.57142857142857
23324,49,0.2576530612244898,83.93877551020408
23325,5,0.2,19.8
23326,7,0.19047619047619047,36.57142857142857
23327,2,0.0,12.0
23328,1,0.0,39.0
23329,21,0.2523809523809524,76.33333333333333
23330,33,0.3958333333333333,45.63636363636363
23331,13,0.6282051282051282,66.84615384615384
23332,8,0.21428571428571427,13.125
23333,24,0.4528985507246377,55.0
23334,34,0.16934046345811052,40.5
23335,7,0.23809523809523808,50.285714285714285
23336,1,0.0,108.0
23337,4,0.0,31.5
23338,22,0.26406926406926406,157.95454545454547
23339,3,0.3333333333333333,17.0
23340,8,0.25,92.625
23341,37,0.3228228228228228,67.67567567567568
23342,6,0.26666666666666666,57.0
23343,27,0.19658119658119658,143.22222222222223
23344,11,0.45454545454545453,24.727272727272727
23345,1,0.0,3.0
23346,16,0.19166666666666668,28.125
23347,7,0.14285714285714285,34.42857142857143
23348,4,0.8333333333333334,81.5
23349,30,0.3839080459770115,335.6333333333333
23350,24,0.2971014492753623,61.208333333333336
23351,6,0.8666666666666667,29.166666666666668
23352,86,0.27332421340629276,172.87209302325581
23353,6,0.3333333333333333,28.5
23354,46,0.14492753623188406,142.7608695652174
23355,8,0.5357142857142857,34.625
23356,11,0.23636363636363636,34.27272727272727
23357,3,0.3333333333333333,35.0
23358,12,0.22727272727272727,19.583333333333332
23359,16,0.23333333333333334,123.75
23360,3,0.3333333333333333,61.333333333333336
23361,9,0.3611111111111111,44.0
23362,25,0.19666666666666666,80.68
23363,14,0.6153846153846154,35.0
23364,8,0.21428571428571427,28.375
23365,55,0.2781144781144781,84.0
23366,6,0.5333333333333333,14.166666666666666
23367,2,1.0,23.0
23368,0,0.0,0.0
23369,6,0.5333333333333333,23.166666666666668
23370,93,0.2935951379149135,92.84946236559139
23371,0,0.0,0.0
23372,11,0.21818181818181817,28.818181818181817
23373,33,0.2689393939393939,191.6060606060606
23374,8,0.32142857142857145,8.25
23375,186,0.23859343214181924,155.99462365591398
23376,44,0.29809725158562367,49.04545454545455
23377,13,0.28205128205128205,53.69230769230769
23378,0,0.0,0.0
23379,5,0.4,19.4
23380,121,0.462534435261708,157.1900826446281
23381,25,0.56,35.32
23382,3,0.0,26.666666666666668
23383,8,0.5357142857142857,120.875
23384,23,0.21739130434782608,32.47826086956522
23385,2,0.0,26.0
23386,2,1.0,34.5
23387,80,0.24873417721518987,103.9125
23388,9,0.4444444444444444,113.55555555555556
23389,2,1.0,6.5
23390,2,0.0,17.0
23391,1,0.0,59.0
23392,25,0.21333333333333335,34.32
23393,12,0.4393939393939394,121.25
23394,21,0.5904761904761905,35.523809523809526
23395,6,0.3333333333333333,57.333333333333336
23396,24,0.29347826086956524,20.375
23397,9,0.6111111111111112,35.55555555555556
23398,10,0.7555555555555555,55.5
23399,86,0.3266757865937073,151.7093023255814
23400,29,0.24876847290640394,32.172413793103445
23401,2,0.0,16.5
23402,4,0.8333333333333334,19.75
23403,24,0.18478260869565216,34.666666666666664
23404,39,0.3940620782726046,58.46153846153846
23405,10,0.28888888888888886,42.3
23406,35,0.3563025210084034,184.2
23407,38,0.3783783783783784,42.68421052631579
23408,4,0.8333333333333334,18.75
23409,12,0.45454545454545453,22.75
23410,6,0.4,107.83333333333333
23411,18,0.2875816993464052,163.33333333333334
23412,51,0.2556862745098039,67.90196078431373
23413,11,0.10909090909090909,26.636363636363637
23414,8,0.7142857142857143,29.25
23415,29,0.2955665024630542,26.24137931034483
23416,26,0.49230769230769234,32.42307692307692
23417,7,0.2857142857142857,26.285714285714285
23418,25,0.20666666666666667,46.12
23419,2,0.0,2.5
23420,5,0.9,167.8
23421,11,0.38181818181818183,51.72727272727273
23422,7,0.47619047619047616,59.0
23423,12,0.25757575757575757,57.583333333333336
23424,6,0.4,5.833333333333333
23425,4,0.3333333333333333,27.5
23426,52,0.5316742081447964,63.44230769230769
23427,1,0.0,7.0
23428,18,0.19607843137254902,40.666666666666664
23429,32,0.7318548387096774,85.84375
23430,11,0.2545454545454545,109.0909090909091
23431,18,0.38562091503267976,44.22222222222222
23432,5,0.1,38.6
23433,3,0.0,18.0
23434,11,0.2909090909090909,20.545454545454547
23435,10,0.15555555555555556,36.7
23436,26,0.25846153846153846,36.03846153846154
23437,9,0.16666666666666666,47.44444444444444
23438,73,0.4204718417047184,99.3013698630137
23439,45,0.20404040404040405,66.4888888888889
23440,2,0.0,10.0
23441,32,0.6854838709677419,75.21875
23442,4,1.0,8.75
23443,1,0.0,36.0
23444,9,0.6111111111111112,13.555555555555555
23445,199,0.22536927059540124,76.44221105527639
23446,3,0.0,22.333333333333332
23447,70,0.2331262939958592,169.18571428571428
23448,24,0.2318840579710145,37.458333333333336
23449,19,0.40350877192982454,48.10526315789474
23450,6,0.0,34.333333333333336
23451,6,0.2,16.666666666666668
23452,14,0.34065934065934067,77.07142857142857
23453,11,0.2545454545454545,32.81818181818182
23454,3,0.0,47.333333333333336
23455,4,0.3333333333333333,15.0
23456,6,0.4,20.0
23457,124,0.47731445056386046,104.29032258064517
23458,10,0.26666666666666666,18.1
23459,30,0.6229885057471264,40.0
23460,6,0.8,147.0
23461,1,0.0,9.0
23462,34,0.6131907308377896,64.02941176470588
23463,16,0.11666666666666667,27.9375
23464,92,0.31175346392737696,84.03260869565217
23465,17,0.2867647058823529,45.35294117647059
23466,10,0.35555555555555557,78.5
23467,3,0.3333333333333333,29.333333333333332
23468,4,1.0,44.75
23469,25,0.38666666666666666,75.16
23470,9,0.2777777777777778,37.0
23471,5,0.5,87.6
23472,12,0.3181818181818182,61.583333333333336
23473,19,0.32748538011695905,105.84210526315789
23474,16,0.35,36.5625
23475,2,0.0,31.5
23476,36,0.3761904761904762,97.0
23477,4,0.16666666666666666,13.5
23478,57,0.38533834586466165,57.56140350877193
23479,18,0.33986928104575165,67.16666666666667
23480,13,0.2948717948717949,28.692307692307693
23481,18,0.23529411764705882,49.888888888888886
23482,83,0.5421686746987951,75.67469879518072
23483,6,0.4666666666666667,32.833333333333336
23484,1,0.0,7.0
23485,41,0.4841463414634146,161.7560975609756
23486,10,0.4222222222222222,29.5
23487,19,0.15204678362573099,67.57894736842105
23488,8,0.2857142857142857,14.25
23489,56,0.8480519480519481,83.28571428571429
23490,5,0.2,20.6
23491,47,0.5393154486586494,86.31914893617021
23492,12,0.8787878787878788,25.083333333333332
23493,16,0.3416666666666667,18.125
23494,5,0.4,20.8
23495,40,0.31025641025641026,60.925
23496,41,0.23780487804878048,56.26829268292683
23497,28,0.12433862433862433,99.78571428571429
23498,7,0.38095238095238093,20.857142857142858
23499,38,0.1763869132290185,83.89473684210526
23500,49,0.6096938775510204,164.85714285714286
23501,40,0.21025641025641026,134.25
23502,27,0.23076923076923078,128.2962962962963
23503,26,0.25846153846153846,47.69230769230769
23504,239,0.21015435462888085,142.40167364016736
23505,12,0.18181818181818182,40.666666666666664
23506,8,0.5714285714285714,23.25
23507,5,0.4,29.6
23508,13,0.16666666666666666,31.153846153846153
23509,13,0.6923076923076923,23.692307692307693
23510,16,0.25,53.0
23511,4,0.3333333333333333,142.0
23512,49,0.4957482993197279,125.57142857142857
23513,15,0.42857142857142855,30.4
23514,3,0.0,15.333333333333334
23515,10,0.6222222222222222,66.7
23516,23,0.36363636363636365,98.0
23517,0,0.0,0.0
23518,57,0.224937343358396,144.75438596491227
23519,1,0.0,3.0
23520,1,0.0,34.0
23521,3,0.0,23.666666666666668
23522,28,0.6005291005291006,75.07142857142857
23523,7,1.0,48.285714285714285
23524,36,0.6285714285714286,209.69444444444446
23525,8,0.14285714285714285,24.625
23526,25,0.61,118.2
23527,14,0.3076923076923077,38.92857142857143
23528,0,0.0,0.0
23529,16,0.2916666666666667,67.5625
23530,160,0.17319182389937107,183.9
23531,39,0.3265856950067476,80.35897435897436
23532,15,0.3523809523809524,63.0
23533,3,0.0,15.333333333333334
23534,45,0.13131313131313133,83.31111111111112
23535,105,0.556959706959707,121.13333333333334
23536,19,0.5964912280701754,22.63157894736842
23537,14,0.34065934065934067,32.857142857142854
23538,18,0.35947712418300654,79.66666666666667
23539,19,0.17543859649122806,11.736842105263158
23540,2,0.0,21.0
23541,40,0.32564102564102565,71.5
23542,35,0.5378151260504201,66.11428571428571
23543,2,1.0,4.5
23544,7,0.5238095238095238,98.28571428571429
23545,2,1.0,27.5
23546,62,0.18350079323109467,135.17741935483872
23547,2,0.0,12.0
23548,13,0.23076923076923078,124.23076923076923
23549,15,0.38095238095238093,36.2
23550,2,0.0,1.5
23551,19,0.7134502923976608,62.526315789473685
23552,6,0.2,37.666666666666664
23553,31,0.44086021505376344,88.7741935483871
23554,7,0.7142857142857143,41.285714285714285
23555,8,0.6785714285714286,25.5
23556,51,0.2627450980392157,170.07843137254903
23557,197,0.2746296488138403,142.94416243654823
23558,3,0.0,28.0
23559,3,0.3333333333333333,39.333333333333336
23560,11,0.6909090909090909,79.18181818181819
23561,2,0.0,14.5
23562,5,0.5,15.8
23563,29,0.24876847290640394,90.58620689655173
23564,20,0.5210526315789473,79.3
23565,21,0.1761904761904762,91.57142857142857
23566,9,0.4722222222222222,71.44444444444444
23567,5,0.1,40.6
23568,34,0.3939393939393939,122.52941176470588
23569,18,0.33986928104575165,40.05555555555556
23570,35,0.18487394957983194,233.11428571428573
23571,61,0.20382513661202187,48.19672131147541
23572,93,0.1989247311827957,113.35483870967742
23573,20,0.39473684210526316,51.3
23574,2,0.0,5.0
23575,8,0.6785714285714286,25.625
23576,22,0.3116883116883117,181.5909090909091
23577,31,0.14408602150537633,60.61290322580645
23578,15,0.18095238095238095,85.4
23579,18,0.09803921568627451,73.33333333333333
23580,10,0.2,40.6
23581,31,0.8623655913978494,67.7741935483871
23582,5,0.8,31.6
23583,147,0.22970832168483832,113.81632653061224
23584,84,0.15978198508318991,56.035714285714285
23585,15,0.3619047619047619,60.0
23586,18,0.37254901960784315,53.111111111111114
23587,1,0.0,10.0
23588,69,0.21142369991474852,93.72463768115942
23589,0,0.0,0.0
23590,29,0.19458128078817735,48.310344827586206
23591,26,0.27692307692307694,96.88461538461539
23592,43,0.18383167220376523,72.93023255813954
23593,671,0.083137220010232,146.24292101341283
23594,8,0.2857142857142857,19.0
23595,1,0.0,7.0
23596,21,0.09523809523809523,111.80952380952381
23597,54,0.23340321453529,97.16666666666667
23598,77,0.5509227614490773,82.59740259740259
23599,17,0.47794117647058826,42.94117647058823
23600,16,0.175,95.25
23601,7,0.14285714285714285,15.571428571428571
23602,27,0.22792022792022792,67.55555555555556
23603,255,0.1645514898872935,117.78039215686275
23604,54,0.5262054507337526,139.85185185185185
23605,11,0.41818181818181815,150.63636363636363
23606,27,0.7806267806267806,90.03703703703704
23607,25,0.43333333333333335,129.52
23608,13,0.5512820512820513,53.69230769230769
23609,3,0.0,20.333333333333332
23610,0,0.0,0.0
23611,33,0.2821969696969697,89.33333333333333
23612,3,0.3333333333333333,39.333333333333336
23613,19,0.4853801169590643,55.36842105263158
23614,20,0.23684210526315788,50.2
23615,46,0.2135265700483092,40.891304347826086
23616,38,0.13229018492176386,64.34210526315789
23617,150,0.19140939597315437,129.17333333333335
23618,10,0.24444444444444444,26.2
23619,11,0.18181818181818182,90.18181818181819
23620,6,0.4,106.0
23621,8,0.42857142857142855,82.375
23622,18,0.39869281045751637,28.944444444444443
23623,38,0.19914651493598862,62.13157894736842
23624,49,0.29081632653061223,106.83673469387755
23625,35,0.4084033613445378,66.31428571428572
23626,8,0.17857142857142858,29.875
23627,93,0.26180458158017766,191.4516129032258
23628,84,0.3602983362019507,119.02380952380952
23629,3,0.0,9.666666666666666
23630,17,0.16911764705882354,168.88235294117646
23631,23,0.30039525691699603,42.43478260869565
23632,9,0.3611111111111111,15.333333333333334
23633,2,1.0,18.0
23634,75,0.45225225225225224,54.48
23635,39,0.5924426450742241,52.15384615384615
23636,2,1.0,6.0
23637,12,0.6818181818181818,32.916666666666664
23638,20,0.37894736842105264,63.9
23639,228,0.2505989643712806,128.25438596491227
23640,153,0.21241830065359477,82.02614379084967
23641,111,0.36265356265356263,114.0
23642,2,1.0,36.0
23643,12,0.45454545454545453,24.333333333333332
23644,4,0.5,9.0
23645,1,0.0,274.0
23646,0,0.0,0.0
23647,3,0.0,35.0
23648,15,0.7619047619047619,50.13333333333333
23649,41,0.2707317073170732,95.41463414634147
23650,7,0.19047619047619047,35.57142857142857
23651,20,0.3105263157894737,66.45
23652,31,0.2129032258064516,105.87096774193549
23653,1,0.0,16.0
23654,22,0.5584415584415584,53.40909090909091
23655,7,0.7142857142857143,91.85714285714286
23656,32,0.5262096774193549,41.5625
23657,140,0.1725590955806783,101.81428571428572
23658,26,0.16,55.96153846153846
23659,11,0.38181818181818183,38.45454545454545
23660,5,0.1,14.4
23661,11,0.6,35.63636363636363
23662,144,0.12645687645687645,148.91666666666666
23663,13,0.3974358974358974,386.9230769230769
23664,9,0.8888888888888888,25.333333333333332
23665,1,0.0,4.0
23666,7,0.19047619047619047,17.142857142857142
23667,21,0.23333333333333334,38.95238095238095
23668,2,0.0,17.0
23669,97,0.19072164948453607,113.24742268041237
23670,3,0.0,43.333333333333336
23671,13,0.5,58.15384615384615
23672,0,0.0,0.0
23673,20,0.2631578947368421,68.25
23674,31,0.27956989247311825,48.96774193548387
23675,41,0.16829268292682928,85.92682926829268
23676,1,0.0,21.0
23677,19,0.3508771929824561,110.26315789473684
23678,57,0.40726817042606517,97.19298245614036
23679,10,0.24444444444444444,36.8
23680,2,1.0,15.0
23681,8,0.32142857142857145,80.125
23682,86,0.5395348837209303,83.43023255813954
23683,3,0.3333333333333333,27.333333333333332
23684,8,0.39285714285714285,11.0
23685,60,0.3949152542372881,77.4
23686,9,0.5833333333333334,145.88888888888889
23687,131,0.16934820904286554,186.5267175572519
23688,55,0.1420875420875421,51.89090909090909
23689,20,0.32105263157894737,58.45
23690,13,0.16666666666666666,30.846153846153847
23691,29,0.15024630541871922,96.55172413793103
23692,16,0.23333333333333334,24.125
23693,91,0.5384615384615384,93.3076923076923
23694,13,0.3717948717948718,60.69230769230769
23695,9,0.6388888888888888,17.666666666666668
23696,3,0.3333333333333333,19.333333333333332
23697,0,0.0,0.0
23698,8,0.32142857142857145,42.625
23699,8,0.10714285714285714,91.25
23700,11,0.3090909090909091,45.18181818181818
23701,13,0.34615384615384615,56.92307692307692
23702,16,0.125,133.0
23703,3,0.3333333333333333,21.0
23704,19,0.28654970760233917,39.526315789473685
23705,19,0.3684210526315789,52.36842105263158
23706,6,0.13333333333333333,22.833333333333332
23707,2,1.0,28.5
23708,1,0.0,34.0
23709,12,0.22727272727272727,40.25
23710,9,0.2222222222222222,13.666666666666666
23711,3,0.3333333333333333,19.666666666666668
23712,13,0.38461538461538464,64.3076923076923
23713,16,0.15833333333333333,95.1875
23714,1,0.0,8.0
23715,4,0.5,24.0
23716,12,0.3181818181818182,35.833333333333336
23717,45,0.26565656565656565,53.62222222222222
23718,1,0.0,44.0
23719,23,0.4308300395256917,31.347826086956523
23720,0,0.0,0.0
23721,1,0.0,10.0
23722,23,0.2450592885375494,33.0
23723,2,1.0,30.0
23724,45,0.397979797979798,98.42222222222222
23725,1,0.0,239.0
23726,12,0.45454545454545453,60.083333333333336
23727,33,0.16856060606060605,45.84848484848485
23728,35,0.3798319327731092,51.0
23729,2,0.0,4.5
23730,13,0.08974358974358974,26.923076923076923
23731,26,0.19384615384615383,195.6153846153846
23732,6,0.4,14.666666666666666
23733,6,0.3333333333333333,26.833333333333332
23734,20,0.3894736842105263,30.85
23735,6,0.3333333333333333,46.166666666666664
23736,45,0.7828282828282829,112.04444444444445
23737,1,0.0,4.0
23738,10,0.2222222222222222,106.2
23739,13,0.10256410256410256,60.53846153846154
23740,8,0.17857142857142858,45.625
23741,4,0.5,42.5
23742,9,0.4166666666666667,12.11111111111111
23743,7,0.09523809523809523,21.285714285714285
23744,41,0.1524390243902439,60.951219512195124
23745,2,0.0,1.5
23746,47,0.4727104532839963,42.659574468085104
23747,24,0.30434782608695654,98.0
23748,4,0.16666666666666666,28.75
23749,15,0.5523809523809524,33.266666666666666
23750,0,0.0,0.0
23751,1,0.0,8.0
23752,7,0.5238095238095238,27.0
23753,16,0.16666666666666666,12.1875
23754,14,0.2967032967032967,25.857142857142858
23755,20,0.26842105263157895,149.65
23756,24,0.4891304347826087,25.75
23757,6,0.7333333333333333,54.333333333333336
23758,26,0.27692307692307694,80.0
23759,16,0.7666666666666667,77.0625
23760,33,0.6458333333333334,87.84848484848484
23761,214,0.24922118380062305,131.81308411214954
23762,32,0.2842741935483871,43.25
23763,77,0.49077238550922764,173.67532467532467
23764,18,0.4117647058823529,31.22222222222222
23765,24,0.463768115942029,104.5
23766,10,0.13333333333333333,25.0
23767,13,0.10256410256410256,16.153846153846153
23768,27,0.25925925925925924,33.0
23769,172,0.33319733442132465,102.06395348837209
23770,13,0.20512820512820512,37.84615384615385
23771,3,0.3333333333333333,33.0
23772,24,0.5471014492753623,96.83333333333333
23773,5,0.0,25.2
23774,1,0.0,8.0
23775,25,0.37333333333333335,27.44
23776,4,0.0,36.25
23777,21,0.3523809523809524,69.38095238095238
23778,76,0.5207017543859649,121.85526315789474
23779,3,0.3333333333333333,14.333333333333334
23780,1,0.0,12.0
23781,68,0.47673397717295873,184.4264705882353
23782,17,0.33088235294117646,89.41176470588235
23783,58,0.2619479733817302,52.12068965517241
23784,5,0.3,461.2
23785,24,0.6376811594202898,44.875
23786,2,0.0,15.0
23787,121,0.45826446280991734,86.83471074380165
23788,1,0.0,1.0
23789,1,0.0,16.0
23790,117,0.3541114058355438,101.35042735042735
23791,4,0.3333333333333333,10.75
23792,139,0.4041288708163904,131.72661870503597
23793,31,0.33763440860215055,177.96774193548387
23794,2,1.0,32.0
23795,20,0.23157894736842105,232.3
23796,3,0.0,29.666666666666668
23797,1,0.0,12.0
23798,9,0.3333333333333333,22.555555555555557
23799,6,0.4666666666666667,21.833333333333332
23800,1,0.0,5.0
23801,62,0.15864621893178213,35.82258064516129
23802,3,0.0,1.3333333333333333
23803,5,0.4,54.0
23804,0,0.0,0.0
23805,61,0.2677595628415301,42.278688524590166
23806,3,0.3333333333333333,34.0
23807,6,0.8,41.5
23808,91,0.3592185592185592,165.0879120879121
23809,26,0.04923076923076923,43.11538461538461
23810,9,0.1388888888888889,22.555555555555557
23811,58,0.32244404113732605,81.22413793103448
23812,12,0.45454545454545453,78.0
23813,54,0.5010482180293501,70.27777777777777
23814,26,0.16923076923076924,32.5
23815,1,0.0,10.0
23816,3,0.3333333333333333,17.666666666666668
23817,28,0.2698412698412698,25.642857142857142
23818,27,0.1623931623931624,38.74074074074074
23819,7,0.23809523809523808,24.0
23820,3,0.6666666666666666,21.666666666666668
23821,4,0.3333333333333333,50.25
23822,35,0.40672268907563025,130.4
23823,25,0.8133333333333334,45.0
23824,4,0.16666666666666666,10.0
23825,1,0.0,50.0
23826,9,0.6388888888888888,29.0
23827,7,0.47619047619047616,17.571428571428573
23828,0,0.0,0.0
23829,3,0.3333333333333333,31.666666666666668
23830,29,0.8719211822660099,169.3448275862069
23831,23,0.3438735177865613,36.26086956521739
23832,25,0.31,70.64
23833,7,1.0,131.14285714285714
23834,21,0.7476190476190476,88.14285714285714
23835,29,0.2857142857142857,125.62068965517241
23836,8,0.2857142857142857,18.75
23837,8,0.39285714285714285,24.25
23838,28,0.6137566137566137,85.60714285714286
23839,0,0.0,0.0
23840,13,0.4230769230769231,159.69230769230768
23841,7,0.23809523809523808,112.42857142857143
23842,50,0.48489795918367345,104.68
23843,2,0.0,3.0
23844,17,0.4632352941176471,61.11764705882353
23845,1,0.0,29.0
23846,47,0.23219241443108232,96.55319148936171
23847,32,0.20766129032258066,61.09375
23848,18,0.7320261437908496,63.111111111111114
23849,8,0.5714285714285714,25.5
23850,85,0.1991596638655462,90.6470588235294
23851,2,1.0,84.5
23852,0,0.0,0.0
23853,1,0.0,15.0
23854,6,0.26666666666666666,42.833333333333336
23855,25,0.19666666666666666,85.36
23856,19,0.23976608187134502,94.78947368421052
23857,4,0.16666666666666666,4.75
23858,8,0.10714285714285714,54.25
23859,16,0.325,32.125
23860,14,0.3516483516483517,31.857142857142858
23861,1,0.0,2.0
23862,6,0.4666666666666667,90.83333333333333
23863,16,0.3416666666666667,273.875
23864,7,0.14285714285714285,42.857142857142854
23865,1,0.0,2.0
23866,14,0.27472527472527475,20.714285714285715
23867,79,0.29925348912690686,119.34177215189874
23868,2,0.0,42.0
23869,23,0.7114624505928854,81.78260869565217
23870,44,0.35306553911205074,38.40909090909091
23871,16,0.5083333333333333,262.0
23872,19,0.24561403508771928,43.78947368421053
23873,1,0.0,27.0
23874,7,0.2857142857142857,32.857142857142854
23875,3,0.3333333333333333,11.0
23876,9,0.08333333333333333,65.33333333333333
23877,21,0.5333333333333333,34.476190476190474
23878,44,0.20190274841437633,61.18181818181818
23879,14,0.4065934065934066,91.0
23880,8,0.39285714285714285,35.875
23881,5,0.2,23.8
23882,5,0.9,29.0
23883,29,0.23891625615763548,90.37931034482759
23884,3,0.3333333333333333,24.0
23885,0,0.0,0.0
23886,96,0.12346491228070175,53.364583333333336
23887,5,0.4,14.6
23888,4,0.6666666666666666,9.0
23889,2,0.0,25.0
23890,0,0.0,0.0
23891,14,0.7032967032967034,99.92857142857143
23892,16,0.475,65.1875
23893,52,0.17194570135746606,43.86538461538461
23894,1,0.0,13.0
23895,33,0.5189393939393939,43.303030303030305
23896,174,0.16557039399375456,179.1551724137931
23897,16,0.18333333333333332,47.625
23898,10,0.5777777777777777,17.8
23899,11,0.18181818181818182,45.45454545454545
23900,13,0.28205128205128205,53.0
23901,59,0.24196376388077148,67.38983050847457
23902,28,0.26455026455026454,63.214285714285715
23903,26,0.23076923076923078,46.80769230769231
23904,5,0.2,16.0
23905,5,0.6,42.2
23906,2,0.0,32.5
23907,2,0.0,12.0
23908,58,0.4470659407138536,63.758620689655174
23909,9,0.3611111111111111,66.0
23910,20,0.3684210526315789,43.4
23911,23,0.35968379446640314,50.130434782608695
23912,3,0.3333333333333333,24.333333333333332
23913,28,0.42592592592592593,92.07142857142857
23914,3,0.3333333333333333,6.0
23915,2,0.0,15.5
23916,0,0.0,0.0
23917,12,0.4090909090909091,41.666666666666664
23918,53,0.18287373004354138,42.15094339622642
23919,36,0.39365079365079364,41.0
23920,6,0.7333333333333333,8.333333333333334
23921,36,0.13333333333333333,71.16666666666667
23922,2,0.0,27.5
23923,47,0.5920444033302498,51.97872340425532
23924,39,0.1902834008097166,48.8974358974359
23925,5,0.1,63.4
23926,6,0.4666666666666667,75.16666666666667
23927,73,0.4067732115677321,55.205479452054796
23928,7,0.3333333333333333,70.28571428571429
23929,4,0.3333333333333333,23.25
23930,30,0.19080459770114944,66.26666666666667
23931,9,0.19444444444444445,26.77777777777778
23932,433,0.14167949704901206,109.11547344110855
23933,9,0.19444444444444445,76.77777777777777
23934,83,0.616808698207464,126.71084337349397
23935,23,0.18181818181818182,31.26086956521739
23936,5,0.3,22.6
23937,8,0.6071428571428571,39.0
23938,62,0.19249074563722898,116.46774193548387
23939,48,0.40691489361702127,123.8125
23940,8,0.75,18.5
23941,7,0.5238095238095238,15.857142857142858
23942,19,0.6608187134502924,105.73684210526316
23943,22,0.7142857142857143,53.81818181818182
23944,19,0.935672514619883,65.36842105263158
23945,16,0.45,81.75
23946,0,0.0,0.0
23947,3,0.0,26.333333333333332
23948,38,0.1379800853485064,59.63157894736842
23949,6,0.4,31.166666666666668
23950,175,0.19645320197044336,207.58857142857144
23951,21,0.4714285714285714,140.1904761904762
23952,1,0.0,17.0
23953,6,0.4666666666666667,14.166666666666666
23954,8,0.17857142857142858,17.0
23955,23,0.7114624505928854,54.95652173913044
23956,51,0.43058823529411766,90.80392156862744
23957,8,0.42857142857142855,45.5
23958,33,0.22537878787878787,101.03030303030303
23959,0,0.0,0.0
23960,17,0.13970588235294118,53.76470588235294
23961,1,0.0,24.0
23962,12,0.3939393939393939,30.583333333333332
23963,6,0.4,361.8333333333333
23964,1,0.0,5.0
23965,0,0.0,0.0
23966,24,0.572463768115942,157.54166666666666
23967,54,0.22012578616352202,88.11111111111111
23968,33,0.20833333333333334,91.36363636363636
23969,67,0.30574400723654455,92.56716417910448
23970,48,0.2845744680851064,92.85416666666667
23971,10,0.1111111111111111,17.9
23972,2,0.0,6.5
23973,3,0.0,62.666666666666664
23974,82,0.43902439024390244,137.59756097560975
23975,9,0.4166666666666667,57.888888888888886
23976,57,0.4655388471177945,91.03508771929825
23977,4,1.0,11.75
23978,32,0.2862903225806452,149.5
23979,8,0.7142857142857143,26.0
23980,6,0.8,49.833333333333336
23981,93,0.4948574100046751,122.87096774193549
23982,1,0.0,4.0
23983,39,0.21862348178137653,80.66666666666667
23984,2,0.0,109.0
23985,22,0.5974025974025974,186.36363636363637
23986,0,0.0,0.0
23987,8,0.5714285714285714,128.25
23988,4,0.16666666666666666,90.5
23989,0,0.0,0.0
23990,25,0.7366666666666667,69.96
23991,7,0.47619047619047616,20.428571428571427
23992,8,0.14285714285714285,23.125
23993,4,0.5,97.75
23994,13,0.1794871794871795,78.15384615384616
23995,76,0.24701754385964914,41.75
23996,9,0.19444444444444445,14.777777777777779
23997,13,0.23076923076923078,65.15384615384616
23998,1,0.0,6.0
23999,57,0.4091478696741855,44.578947368421055
24000,27,0.10256410256410256,62.851851851851855
24001,10,0.5111111111111111,28.2
24002,20,0.4421052631578947,56.75
24003,101,0.36475247524752474,67.63366336633663
24004,30,0.22298850574712645,62.96666666666667
24005,31,0.4344086021505376,48.483870967741936
24006,118,0.3524554541503694,95.8135593220339
24007,72,0.44561815336463223,105.30555555555556
24008,16,0.4166666666666667,20.3125
24009,8,0.6785714285714286,136.25
24010,10,0.28888888888888886,49.1
24011,9,0.1111111111111111,60.22222222222222
24012,19,0.38011695906432746,107.36842105263158
24013,0,0.0,0.0
24014,18,0.20915032679738563,26.333333333333332
24015,56,0.32402597402597405,98.80357142857143
24016,21,0.2619047619047619,14.095238095238095
24017,0,0.0,0.0
24018,4,0.8333333333333334,12.25
24019,4,0.16666666666666666,15.75
24020,28,0.41005291005291006,60.892857142857146
24021,70,0.10766045548654245,59.51428571428571
24022,17,0.34558823529411764,56.23529411764706
24023,53,0.2931785195936139,84.81132075471699
24024,3,0.3333333333333333,20.333333333333332
24025,3,0.3333333333333333,27.333333333333332
24026,10,0.37777777777777777,190.6
24027,1,0.0,81.0
24028,7,1.0,29.571428571428573
24029,23,0.3241106719367589,70.73913043478261
24030,25,0.7466666666666667,43.56
24031,58,0.4482758620689655,66.10344827586206
24032,15,0.08571428571428572,20.2
24033,21,0.1523809523809524,25.238095238095237
24034,11,0.21818181818181817,170.8181818181818
24035,0,0.0,0.0
24036,7,0.2857142857142857,33.857142857142854
24037,1,0.0,30.0
24038,31,0.7268817204301076,103.16129032258064
24039,11,0.6181818181818182,87.9090909090909
24040,0,0.0,0.0
24041,8,0.03571428571428571,30.125
24042,9,0.2222222222222222,23.444444444444443
24043,42,0.27293844367015097,44.95238095238095
24044,3,0.0,22.666666666666668
24045,24,0.07971014492753623,42.833333333333336
24046,16,0.3416666666666667,23.875
24047,54,0.2543675751222921,47.370370370370374
24048,218,0.19638100875153258,123.88073394495413
24049,4,0.6666666666666666,16.25
24050,4,0.0,75.0
24051,14,0.5164835164835165,65.57142857142857
24052,69,0.4352088661551577,115.3623188405797
24053,1,0.0,13.0
24054,48,0.47429078014184395,67.66666666666667
24055,16,0.24166666666666667,31.5
24056,7,0.3333333333333333,14.0
24057,59,0.2653419053185272,38.20338983050848
24058,5,0.5,16.8
24059,148,0.212998712998713,207.8581081081081
24060,91,0.2634920634920635,57.51648351648352
24061,21,0.9333333333333333,31.238095238095237
24062,46,0.21256038647342995,97.78260869565217
24063,2,0.0,18.5
24064,2,0.0,27.0
24065,3,0.0,14.0
24066,15,0.24761904761904763,90.73333333333333
24067,0,0.0,0.0
24068,4,0.16666666666666666,4.0
24069,8,1.0,22.375
24070,15,0.13333333333333333,44.2
24071,50,0.22775510204081634,66.5
24072,0,0.0,0.0
24073,39,0.2145748987854251,65.33333333333333
24074,87,0.326650628174285,137.89655172413794
24075,6,0.3333333333333333,28.166666666666668
24076,9,0.25,43.0
24077,9,0.2777777777777778,15.88888888888889
24078,43,0.13399778516057587,51.16279069767442
24079,23,0.4505928853754941,170.7391304347826
24080,103,0.15857605177993528,63.85436893203884
24081,6,0.5333333333333333,72.66666666666667
24082,15,0.3047619047619048,33.46666666666667
24083,20,0.2,81.6
24084,1,0.0,2.0
24085,25,0.4666666666666667,57.72
24086,21,0.2523809523809524,80.9047619047619
24087,37,0.30930930930930933,108.1891891891892
24088,37,0.3993993993993994,65.48648648648648
24089,13,0.28205128205128205,55.53846153846154
24090,105,0.30915750915750917,120.28571428571429
24091,3,0.3333333333333333,15.333333333333334
24092,70,0.12049689440993788,74.1
24093,12,0.30303030303030304,161.16666666666666
24094,35,0.3697478991596639,215.74285714285713
24095,3,0.3333333333333333,17.333333333333332
24096,4,0.5,50.75
24097,43,0.19269102990033224,58.906976744186046
24098,608,0.10906745859706928,161.20230263157896
24099,19,0.27485380116959063,15.842105263157896
24100,102,0.3550766841390021,140.5392156862745
24101,7,0.3333333333333333,28.571428571428573
24102,5,0.3,55.4
24103,24,0.39492753623188404,70.66666666666667
24104,3,0.3333333333333333,76.0
24105,41,0.8621951219512195,93.39024390243902
24106,23,0.20553359683794467,67.21739130434783
24107,67,0.4920850293984622,46.26865671641791
24108,6,0.3333333333333333,75.0
24109,3,0.3333333333333333,11.0
24110,1,0.0,5.0
24111,4,0.3333333333333333,188.5
24112,27,0.49002849002849,36.22222222222222
24113,32,0.2318548387096774,110.03125
24114,15,0.6,44.53333333333333
24115,21,0.5047619047619047,76.66666666666667
24116,43,0.4141749723145072,54.48837209302326
24117,15,0.3619047619047619,24.4
24118,33,0.42424242424242425,180.63636363636363
24119,1,0.0,3.0
24120,51,0.21568627450980393,30.50980392156863
24121,20,0.2578947368421053,30.0
24122,15,0.45714285714285713,108.93333333333334
24123,30,0.6068965517241379,95.26666666666667
24124,2,1.0,15.0
24125,4,0.3333333333333333,19.75
24126,3,1.0,14.666666666666666
24127,43,0.4263565891472868,128.1627906976744
24128,115,0.08588863463005339,60.84347826086957
24129,3,0.3333333333333333,179.33333333333334
24130,31,0.2537634408602151,23.580645161290324
24131,13,0.44871794871794873,57.38461538461539
24132,2,0.0,12.0
24133,7,0.3333333333333333,36.42857142857143
24134,59,0.18118059614260668,103.42372881355932
24135,16,0.225,154.875
24136,32,0.10685483870967742,46.53125
24137,5,0.3,21.8
24138,12,0.3484848484848485,47.583333333333336
24139,7,0.7142857142857143,51.285714285714285
24140,41,0.2304878048780488,59.951219512195124
24141,28,0.5714285714285714,85.42857142857143
24142,6,0.5333333333333333,322.8333333333333
24143,13,0.16666666666666666,22.384615384615383
24144,15,0.38095238095238093,99.86666666666666
24145,98,0.21375973069640228,100.54081632653062
24146,3,0.3333333333333333,6.666666666666667
24147,14,0.1978021978021978,46.857142857142854
24148,16,0.2,137.6875
24149,63,0.6748591909882232,178.8095238095238
24150,9,0.5555555555555556,32.111111111111114
24151,20,0.5736842105263158,105.3
24152,23,0.2490118577075099,53.21739130434783
24153,11,0.5636363636363636,19.727272727272727
24154,4,0.5,24.0
24155,3,0.3333333333333333,24.333333333333332
24156,14,0.23076923076923078,56.285714285714285
24157,15,0.3238095238095238,64.66666666666667
24158,20,0.3631578947368421,56.7
24159,321,0.17398753894080998,198.26168224299064
24160,4,0.8333333333333334,6.5
24161,120,0.24971988795518207,105.31666666666666
24162,59,0.21566335476329632,199.3728813559322
24163,5,0.6,25.8
24164,71,0.1710261569416499,64.1830985915493
24165,1,0.0,4.0
24166,1,0.0,8.0
24167,28,0.5158730158730159,51.035714285714285
24168,8,0.42857142857142855,34.125
24169,12,0.21212121212121213,43.75
24170,1,0.0,12.0
24171,8,0.42857142857142855,57.125
24172,3,0.3333333333333333,8.666666666666666
24173,14,0.2857142857142857,57.214285714285715
24174,49,0.15901360544217688,57.183673469387756
24175,6,0.8666666666666667,13.333333333333334
24176,45,0.32525252525252524,169.35555555555555
24177,2,0.0,11.0
24178,30,0.15632183908045977,37.733333333333334
24179,6,0.4666666666666667,14.166666666666666
24180,24,0.5833333333333334,68.125
24181,1,0.0,6.0
24182,8,0.2857142857142857,11.375
24183,28,0.3306878306878307,41.75
24184,4,0.16666666666666666,16.75
24185,33,0.26325757575757575,39.15151515151515
24186,3,0.6666666666666666,20.333333333333332
24187,6,0.5333333333333333,29.333333333333332
24188,9,0.05555555555555555,103.22222222222223
24189,14,0.2967032967032967,64.35714285714286
24190,47,0.29417206290471787,103.42553191489361
24191,2,0.0,4.0
24192,14,0.24175824175824176,59.357142857142854
24193,6,0.5333333333333333,40.833333333333336
24194,31,0.2086021505376344,57.38709677419355
24195,2,0.0,43.5
24196,12,0.21212121212121213,41.666666666666664
24197,3,1.0,32.666666666666664
24198,12,0.21212121212121213,60.166666666666664
24199,11,0.509090909090909,41.72727272727273
24200,24,0.463768115942029,71.58333333333333
24201,15,0.6476190476190476,62.0
24202,4,0.16666666666666666,91.75
24203,30,0.21839080459770116,73.33333333333333
24204,13,0.358974358974359,30.53846153846154
24205,1,0.0,170.0
24206,5,0.4,64.4
24207,20,0.3473684210526316,44.1
24208,165,0.20606060606060606,96.47878787878788
24209,24,0.2644927536231884,60.916666666666664
24210,13,0.358974358974359,145.6153846153846
24211,5,0.3,21.8
24212,39,0.7948717948717948,89.35897435897436
24213,12,0.6060606060606061,18.083333333333332
24214,1,0.0,3.0
24215,4,0.16666666666666666,36.0
24216,1,0.0,46.0
24217,10,0.4666666666666667,68.7
24218,91,0.3396825396825397,135.53846153846155
24219,8,0.21428571428571427,28.375
24220,2,0.0,41.5
24221,8,0.25,163.5
24222,31,0.6795698924731183,46.935483870967744
24223,42,0.454123112659698,69.71428571428571
24224,1,0.0,8.0
24225,13,0.2692307692307692,50.15384615384615
24226,9,0.1111111111111111,23.88888888888889
24227,8,0.2857142857142857,53.375
24228,2,0.0,98.0
24229,9,0.2222222222222222,22.88888888888889
24230,10,0.9333333333333333,37.9
24231,50,0.4897959183673469,113.22
24232,33,0.21401515151515152,60.121212121212125
24233,8,0.21428571428571427,27.0
24234,11,0.2545454545454545,51.63636363636363
24235,63,0.3932411674347158,53.98412698412698
24236,46,0.34396135265700484,62.84782608695652
24237,26,0.28923076923076924,48.61538461538461
24238,21,0.2,40.857142857142854
24239,11,0.4727272727272727,109.81818181818181
24240,43,0.4108527131782946,166.88372093023256
24241,16,0.375,34.8125
24242,4,0.16666666666666666,8.75
24243,134,0.23364381102008752,128.16417910447763
24244,44,0.24841437632135308,58.90909090909091
24245,12,0.19696969696969696,15.166666666666666
24246,10,0.28888888888888886,27.7
24247,0,0.0,0.0
24248,42,0.7224157955865272,122.85714285714286
24249,13,0.358974358974359,32.38461538461539
24250,19,0.05263157894736842,58.526315789473685
24251,1,0.0,9.0
24252,24,0.4891304347826087,48.625
24253,62,0.15282919090428346,69.80645161290323
24254,0,0.0,0.0
24255,46,0.2995169082125604,37.630434782608695
24256,8,0.2857142857142857,45.875
24257,4,0.16666666666666666,20.75
24258,18,0.39215686274509803,65.0
24259,0,0.0,0.0
24260,15,0.5714285714285714,277.0
24261,21,0.7333333333333333,91.80952380952381
24262,238,0.26206431939864555,125.41596638655462
24263,1,0.0,2.0
24264,1,0.0,45.0
24265,17,0.14705882352941177,89.58823529411765
24266,67,0.13025780189959293,140.80597014925374
24267,46,0.3526570048309179,153.47826086956522
24268,7,0.7619047619047619,88.0
24269,1,0.0,16.0
24270,124,0.3241542092840283,61.61290322580645
24271,90,0.3585518102372035,64.92222222222222
24272,12,0.5,199.91666666666666
24273,13,0.38461538461538464,53.69230769230769
24274,3,0.3333333333333333,11.666666666666666
24275,0,0.0,0.0
24276,1,0.0,17.0
24277,3,0.0,19.666666666666668
24278,2,1.0,48.5
24279,3,0.3333333333333333,19.0
24280,4,0.5,24.5
24281,11,0.23636363636363636,63.36363636363637
24282,55,0.3346801346801347,65.21818181818182
24283,201,0.11343283582089553,140.20398009950247
24284,151,0.37624724061810155,132.5562913907285
24285,23,0.25296442687747034,24.91304347826087
24286,27,0.2905982905982906,60.0
24287,1,0.0,34.0
24288,9,0.3611111111111111,37.55555555555556
24289,190,0.29451406293511556,93.0421052631579
24290,3,0.6666666666666666,25.0
24291,10,1.0,38.3
24292,13,0.23076923076923078,41.15384615384615
24293,14,0.1978021978021978,31.214285714285715
24294,21,0.35714285714285715,27.0
24295,3,1.0,59.333333333333336
24296,3,0.3333333333333333,6.333333333333333
24297,42,0.18583042973286876,46.54761904761905
24298,12,0.36363636363636365,47.75
24299,12,0.7424242424242424,33.916666666666664
24300,30,0.5816091954022988,161.43333333333334
24301,20,0.4368421052631579,64.6
24302,34,0.1408199643493761,31.558823529411764
24303,25,0.6566666666666666,77.12
24304,25,0.5433333333333333,41.52
24305,29,0.4630541871921182,166.3448275862069
24306,2,0.0,10.0
24307,18,0.23529411764705882,45.111111111111114
24308,6,0.5333333333333333,72.66666666666667
24309,48,0.5735815602836879,112.79166666666667
24310,10,0.3111111111111111,38.5
24311,63,0.4572452636968766,84.15873015873017
24312,26,0.4646153846153846,82.88461538461539
24313,13,0.32051282051282054,113.6923076923077
24314,28,0.2566137566137566,100.60714285714286
24315,12,0.25757575757575757,121.41666666666667
24316,8,0.5714285714285714,31.125
24317,33,0.5890151515151515,87.81818181818181
24318,3,1.0,5.0
24319,101,0.25762376237623763,175.1980198019802
24320,4,0.5,7.5
24321,123,0.23297347727575637,160.8211382113821
24322,21,0.4,67.9047619047619
24323,23,0.13043478260869565,63.391304347826086
24324,30,0.20689655172413793,68.9
24325,2,0.0,13.5
24326,3,1.0,6.666666666666667
24327,0,0.0,0.0
24328,36,0.3746031746031746,56.666666666666664
24329,26,0.1723076923076923,73.73076923076923
24330,28,0.35714285714285715,103.75
24331,4,0.5,10.75
24332,31,0.24086021505376345,88.93548387096774
24333,3,0.0,79.66666666666667
24334,3,1.0,553.0
24335,8,0.21428571428571427,64.375
24336,13,0.2564102564102564,123.76923076923077
24337,178,0.1796483209547388,120.20224719101124
24338,16,0.7166666666666667,34.9375
24339,2,0.0,59.0
24340,7,0.5238095238095238,188.14285714285714
24341,18,0.11764705882352941,89.72222222222223
24342,22,0.4199134199134199,93.13636363636364
24343,14,0.37362637362637363,178.35714285714286
24344,3,0.6666666666666666,113.66666666666667
24345,2,0.0,68.0
24346,5,0.4,53.0
24347,28,0.6904761904761905,91.64285714285714
24348,117,0.5281461833185971,109.77777777777777
24349,12,0.15151515151515152,39.5
24350,10,0.2222222222222222,48.3
24351,46,0.2541062801932367,156.2391304347826
24352,26,0.2,54.80769230769231
24353,3,0.3333333333333333,34.666666666666664
24354,113,0.5553097345132744,107.00884955752213
24355,18,0.8888888888888888,72.33333333333333
24356,11,0.3090909090909091,32.36363636363637
24357,2,0.0,14.0
24358,73,0.5878995433789954,115.10958904109589
24359,73,0.3162100456621005,167.67123287671234
24360,1,0.0,8.0
24361,2,0.0,52.0
24362,35,0.20168067226890757,23.714285714285715
24363,43,0.654485049833887,107.13953488372093
24364,3,0.3333333333333333,10.666666666666666
24365,20,0.3631578947368421,32.3
24366,22,0.35064935064935066,60.77272727272727
24367,42,0.09291521486643438,113.14285714285714
24368,51,0.21254901960784314,122.49019607843137
24369,44,0.23995771670190275,130.0909090909091
24370,4,0.0,26.5
24371,70,0.4020703933747412,43.97142857142857
24372,45,0.20505050505050504,55.022222222222226
24373,16,0.475,49.1875
24374,12,0.8333333333333334,18.5
24375,1,0.0,18.0
24376,6,0.06666666666666667,34.666666666666664
24377,0,0.0,0.0
24378,3,1.0,114.66666666666667
24379,0,0.0,0.0
24380,21,0.5619047619047619,28.0
24381,7,0.7142857142857143,52.285714285714285
24382,28,0.2777777777777778,31.142857142857142
24383,2,1.0,42.0
24384,51,0.33725490196078434,126.01960784313725
24385,33,0.29924242424242425,46.15151515151515
24386,13,0.3333333333333333,61.0
24387,2,0.0,21.0
24388,70,0.6815734989648033,83.02857142857142
24389,17,0.4632352941176471,19.58823529411765
24390,2,1.0,46.0
24391,27,0.36752136752136755,126.48148148148148
24392,17,0.27941176470588236,97.58823529411765
24393,2,0.0,1.0
24394,1,0.0,5.0
24395,1,0.0,1.0
24396,22,0.22077922077922077,31.40909090909091
24397,43,0.14174972314507198,127.81395348837209
24398,10,0.28888888888888886,55.4
24399,7,0.14285714285714285,46.0
24400,70,0.24306418219461698,85.55714285714286
24401,71,0.17987927565392353,102.45070422535211
24402,66,0.17575757575757575,75.06060606060606
24403,20,0.21578947368421053,85.2
24404,14,0.45054945054945056,20.285714285714285
24405,75,0.46054054054054056,61.946666666666665
24406,2,0.0,7.5
24407,55,0.3898989898989899,37.0
24408,8,0.35714285714285715,16.0
24409,95,0.6326987681970885,85.97894736842105
24410,11,0.2909090909090909,65.0
24411,6,0.6666666666666666,13.333333333333334
24412,2,0.0,51.5
24413,4,0.3333333333333333,83.75
24414,2,1.0,27.0
24415,13,0.5128205128205128,49.92307692307692
24416,19,0.38596491228070173,63.73684210526316
24417,2,0.0,4.5
24418,23,0.33201581027667987,302.82608695652175
24419,63,0.19969278033794163,125.87301587301587
24420,17,0.20588235294117646,25.11764705882353
24421,4,0.8333333333333334,8.25
24422,12,0.12121212121212122,55.833333333333336
24423,2,1.0,19.0
24424,37,0.0990990990990991,61.4054054054054
24425,1,0.0,2.0
24426,103,0.35903293356177424,90.57281553398059
24427,15,0.2571428571428571,22.733333333333334
24428,48,0.16400709219858156,66.91666666666667
24429,52,0.12669683257918551,63.51923076923077
24430,6,0.06666666666666667,36.166666666666664
24431,25,0.5233333333333333,138.28
24432,23,0.24110671936758893,42.130434782608695
24433,126,0.15885714285714286,115.34920634920636
24434,2,0.0,35.5
24435,14,0.38461538461538464,32.07142857142857
24436,14,0.5494505494505495,142.0
24437,13,0.5128205128205128,68.15384615384616
24438,127,0.3178352705911761,142.7244094488189
24439,16,0.36666666666666664,151.1875
24440,4,0.8333333333333334,78.5
24441,9,0.5833333333333334,34.77777777777778
24442,21,0.3523809523809524,50.95238095238095
24443,4,0.5,25.25
24444,18,0.7712418300653595,34.72222222222222
24445,16,0.875,141.5
24446,6,0.13333333333333333,27.166666666666668
24447,6,0.3333333333333333,116.5
24448,82,0.16440831074977416,142.6829268292683
24449,11,0.14545454545454545,27.0
24450,5,0.1,18.2
24451,13,0.20512820512820512,19.153846153846153
24452,145,0.3385057471264368,128.26206896551724
24453,47,0.12303422756706753,103.85106382978724
24454,10,0.4888888888888889,46.0
24455,7,0.47619047619047616,99.57142857142857
24456,19,0.34502923976608185,39.10526315789474
24457,9,0.3888888888888889,24.444444444444443
24458,11,0.41818181818181815,101.0909090909091
24459,69,0.14364876385336744,67.69565217391305
24460,14,0.4065934065934066,49.285714285714285
24461,28,0.2724867724867725,43.57142857142857
24462,5,0.6,28.4
24463,2,0.0,38.5
24464,30,0.14022988505747128,31.966666666666665
24465,7,0.19047619047619047,21.857142857142858
24466,40,0.7782051282051282,99.675
24467,1,0.0,4.0
24468,36,0.35079365079365077,31.944444444444443
24469,310,0.2082889654452448,108.84516129032258
24470,0,0.0,0.0
24471,0,0.0,0.0
24472,9,0.3888888888888889,65.44444444444444
24473,9,0.4722222222222222,45.333333333333336
24474,28,0.29894179894179895,41.57142857142857
24475,11,0.34545454545454546,78.81818181818181
24476,120,0.2896358543417367,142.53333333333333
24477,124,0.491869918699187,150.91129032258064
24478,5,0.2,19.2
24479,17,0.38235294117647056,46.470588235294116
24480,11,0.2727272727272727,63.0
24481,14,0.42857142857142855,80.71428571428571
24482,10,0.37777777777777777,17.4
24483,151,0.10931567328918322,83.20529801324503
24484,24,0.16304347826086957,145.125
24485,34,0.06951871657754011,56.76470588235294
24486,16,0.4583333333333333,212.1875
24487,2,0.0,5.5
24488,19,0.14619883040935672,19.31578947368421
24489,80,0.22626582278481014,155.3625
24490,28,0.36243386243386244,55.0
24491,36,0.3904761904761905,136.5
24492,32,0.1814516129032258,35.5625
24493,9,0.1388888888888889,70.88888888888889
24494,26,0.14153846153846153,57.5
24495,46,0.5352657004830917,48.69565217391305
24496,27,0.8347578347578347,59.666666666666664
24497,19,0.21637426900584794,47.1578947368421
24498,8,0.07142857142857142,86.25
24499,2,0.0,12.5
24500,68,0.16549604916593502,30.36764705882353
24501,8,0.5357142857142857,35.75
24502,23,0.3557312252964427,135.2608695652174
24503,15,0.2,128.2
24504,0,0.0,0.0
24505,0,0.0,0.0
24506,11,0.2727272727272727,44.27272727272727
24507,9,0.3055555555555556,118.11111111111111
24508,9,0.6944444444444444,69.44444444444444
24509,94,0.15396934339967971,121.54255319148936
24510,38,0.9402560455192034,102.07894736842105
24511,7,0.3333333333333333,20.428571428571427
24512,16,0.625,86.0625
24513,1,0.0,36.0
24514,10,0.3111111111111111,49.2
24515,10,0.4888888888888889,171.4
24516,48,0.2429078014184397,190.5
24517,17,0.5,45.0
24518,47,0.10083256244218317,87.65957446808511
24519,15,0.21904761904761905,36.2
24520,99,0.4588744588744589,112.33333333333333
24521,2,0.0,1.0
24522,21,0.14285714285714285,27.523809523809526
24523,18,0.16339869281045752,52.27777777777778
24524,29,0.20689655172413793,92.3103448275862
24525,20,0.3,90.65
24526,6,0.2,22.666666666666668
24527,15,0.29523809523809524,33.86666666666667
24528,35,0.17647058823529413,123.11428571428571
24529,227,0.26439515028653854,119.58149779735683
24530,32,0.3528225806451613,135.625
24531,29,0.45073891625615764,53.41379310344828
24532,17,0.34558823529411764,34.529411764705884
24533,1,0.0,4.0
24534,11,0.4,191.9090909090909
24535,25,0.4866666666666667,67.0
24536,27,0.150997150997151,29.88888888888889
24537,58,0.24500907441016334,45.36206896551724
24538,25,0.4166666666666667,73.24
24539,3,1.0,138.33333333333334
24540,23,0.6798418972332015,42.65217391304348
24541,1,0.0,16.0
24542,24,0.3188405797101449,151.54166666666666
24543,58,0.5995160314579552,159.06896551724137
24544,2,0.0,99.5
24545,5,0.4,32.6
24546,0,0.0,0.0
24547,30,0.7379310344827587,61.43333333333333
24548,14,0.21978021978021978,18.214285714285715
24549,9,0.2222222222222222,27.333333333333332
24550,0,0.0,0.0
24551,2,0.0,27.0
24552,28,0.23809523809523808,65.57142857142857
24553,39,0.1767881241565452,196.94871794871796
24554,12,0.2878787878787879,77.41666666666667
24555,25,0.31666666666666665,53.28
24556,39,0.47233468286099867,59.1025641025641
24557,75,0.30414414414414415,117.4
24558,0,0.0,0.0
24559,83,0.16015280634734058,166.6265060240964
24560,20,0.6526315789473685,124.9
24561,28,0.5158730158730159,57.964285714285715
24562,6,0.13333333333333333,40.333333333333336
24563,13,0.41025641025641024,43.46153846153846
24564,29,0.24876847290640394,83.93103448275862
24565,33,0.7651515151515151,103.96969696969697
24566,5,0.1,52.6
24567,9,0.3055555555555556,7.111111111111111
24568,16,0.4666666666666667,63.0625
24569,23,0.6837944664031621,48.26086956521739
24570,26,0.28,46.07692307692308
24571,46,0.20676328502415459,95.65217391304348
24572,5,0.2,8.4
24573,16,0.25833333333333336,36.25
24574,1,0.0,175.0
24575,44,0.6162790697674418,123.54545454545455
24576,1,0.0,42.0
24577,1,0.0,97.0
24578,25,0.14,140.72
24579,17,0.25735294117647056,64.94117647058823
24580,94,0.2065888812628689,134.12765957446808
24581,22,0.19913419913419914,60.13636363636363
24582,29,0.12561576354679804,55.10344827586207
24583,4,0.0,29.5
24584,9,0.5555555555555556,66.44444444444444
24585,6,0.26666666666666666,18.833333333333332
24586,37,0.4624624624624625,71.27027027027027
24587,24,0.2210144927536232,106.5
24588,230,0.18036833111828365,132.0782608695652
24589,9,0.5555555555555556,24.11111111111111
24590,72,0.33568075117370894,48.22222222222222
24591,56,0.1357142857142857,131.44642857142858
24592,47,0.4246068455134135,71.42553191489361
24593,3,0.0,21.0
24594,1,0.0,156.0
24595,17,0.17647058823529413,21.176470588235293
24596,2,1.0,13.5
24597,13,0.3717948717948718,42.92307692307692
24598,20,0.21578947368421053,46.5
24599,11,1.0,166.9090909090909
24600,33,0.8484848484848485,101.39393939393939
24601,7,0.09523809523809523,31.714285714285715
24602,6,1.0,34.166666666666664
24603,4,0.3333333333333333,28.5
24604,49,0.4064625850340136,37.06122448979592
24605,115,0.14096109839816934,60.904347826086955
24606,26,0.35384615384615387,39.23076923076923
24607,91,0.4647130647130647,161.47252747252747
24608,4,0.16666666666666666,61.25
24609,2,0.0,19.0
24610,194,0.1800117515090006,181.1701030927835
24611,5,0.4,33.6
24612,69,0.4185848252344416,100.31884057971014
24613,2,0.0,29.0
24614,1,0.0,14.0
24615,139,0.3498071108330727,108.45323741007195
24616,4,0.5,23.25
24617,23,0.7035573122529645,156.56521739130434
24618,14,0.0989010989010989,80.71428571428571
24619,25,0.32,198.16
24620,74,0.20029618659755646,151.2027027027027
24621,2,1.0,327.5
24622,6,0.26666666666666666,6.166666666666667
24623,30,0.15172413793103448,91.96666666666667
24624,34,0.1497326203208556,161.8235294117647
24625,4,0.16666666666666666,9.0
24626,19,0.30994152046783624,29.94736842105263
24627,2,1.0,43.5
24628,12,0.45454545454545453,34.916666666666664
24629,37,0.17717717717717718,79.75675675675676
24630,11,0.2909090909090909,190.9090909090909
24631,4,0.6666666666666666,11.75
24632,4,0.3333333333333333,59.0
24633,28,0.3835978835978836,45.464285714285715
24634,19,0.5380116959064327,62.89473684210526
24635,22,0.42424242424242425,88.22727272727273
24636,144,0.2804972804972805,129.38888888888889
24637,7,0.3333333333333333,66.57142857142857
24638,8,0.4642857142857143,20.25
24639,3,0.3333333333333333,9.0
24640,9,0.19444444444444445,54.77777777777778
24641,9,0.4444444444444444,31.666666666666668
24642,35,0.23697478991596638,51.42857142857143
24643,73,0.460806697108067,78.9041095890411
24644,7,0.14285714285714285,53.857142857142854
24645,35,0.18487394957983194,25.17142857142857
24646,8,0.14285714285714285,17.75
24647,12,0.4090909090909091,17.583333333333332
24648,2,1.0,11.0
24649,36,0.30634920634920637,59.02777777777778
24650,89,0.18003064351378958,126.58426966292134
24651,14,0.12087912087912088,31.142857142857142
24652,19,0.5614035087719298,26.105263157894736
24653,12,0.18181818181818182,47.166666666666664
24654,2,0.0,24.5
24655,5,0.4,72.8
24656,40,0.23333333333333334,36.275
24657,8,0.25,63.25
24658,16,0.325,71.25
24659,5,0.3,16.4
24660,17,0.7867647058823529,25.529411764705884
24661,22,0.3722943722943723,118.5909090909091
24662,9,0.2222222222222222,36.0
24663,11,0.3090909090909091,33.18181818181818
24664,4,0.5,41.25
24665,52,0.4517345399698341,91.46153846153847
24666,7,0.5238095238095238,35.142857142857146
24667,31,0.45806451612903226,104.58064516129032
24668,51,0.5098039215686274,68.23529411764706
24669,32,0.2963709677419355,23.34375
24670,0,0.0,0.0
24671,46,0.11980676328502415,148.2173913043478
24672,1,0.0,84.0
24673,1,0.0,17.0
24674,130,0.15217650566487775,167.13846153846154
24675,6,0.5333333333333333,46.833333333333336
24676,7,0.23809523809523808,40.0
24677,17,0.2647058823529412,20.529411764705884
24678,69,0.23145780051150894,123.68115942028986
24679,11,0.2,20.09090909090909
24680,18,0.22875816993464052,63.166666666666664
24681,96,0.15197368421052632,52.833333333333336
24682,5,0.3,35.4
24683,174,0.29207361637100526,133.78735632183907
24684,6,0.8,27.833333333333332
24685,26,0.27692307692307694,76.84615384615384
24686,8,0.7857142857142857,67.25
24687,30,0.1632183908045977,48.666666666666664
24688,56,0.2649350649350649,108.28571428571429
24689,14,0.7362637362637363,113.21428571428571
24690,112,0.3861003861003861,80.77678571428571
24691,63,0.3159242191500256,57.57142857142857
24692,16,0.175,54.6875
24693,36,0.6587301587301587,102.05555555555556
24694,34,0.6203208556149733,97.73529411764706
24695,0,0.0,0.0
24696,8,0.5714285714285714,57.125
24697,2,0.0,25.0
24698,5,0.1,34.2
24699,9,0.5555555555555556,30.11111111111111
24700,59,0.25949736995908823,42.220338983050844
24701,19,0.38596491228070173,30.473684210526315
24702,3,1.0,45.0
24703,10,0.4444444444444444,96.3
24704,3,0.6666666666666666,14.0
24705,6,0.5333333333333333,11.333333333333334
24706,13,0.038461538461538464,35.07692307692308
24707,11,0.2909090909090909,35.72727272727273
24708,21,0.3619047619047619,165.47619047619048
24709,33,0.23295454545454544,106.63636363636364
24710,3,0.0,14.333333333333334
24711,24,0.1956521739130435,59.5
24712,7,0.19047619047619047,28.571428571428573
24713,13,0.28205128205128205,27.692307692307693
24714,54,0.46261355695317957,101.48148148148148
24715,1,0.0,35.0
24716,4,0.5,51.0
24717,30,0.23908045977011494,63.8
24718,41,0.6634146341463415,69.51219512195122
24719,2,0.0,63.5
24720,2,0.0,33.5
24721,54,0.6149545772187281,154.40740740740742
24722,6,0.2,21.166666666666668
24723,21,0.1523809523809524,45.61904761904762
24724,18,0.16993464052287582,34.888888888888886
24725,18,0.7712418300653595,60.166666666666664
24726,84,0.3089500860585198,274.14285714285717
24727,15,0.42857142857142855,30.8
24728,25,0.37666666666666665,32.16
24729,16,0.5666666666666667,75.25
24730,43,0.301218161683278,46.325581395348834
24731,5,0.6,27.6
24732,11,0.4727272727272727,126.0
24733,28,0.35714285714285715,96.14285714285714
24734,245,0.1694881231180997,194.59591836734694
24735,10,0.4888888888888889,38.7
24736,12,0.25757575757575757,56.75
24737,7,0.38095238095238093,57.285714285714285
24738,38,0.33428165007112376,101.23684210526316
24739,6,0.4666666666666667,45.5
24740,19,0.1286549707602339,84.36842105263158
24741,1,0.0,5.0
24742,5,0.5,22.0
24743,131,0.3153258954785672,138.10687022900763
24744,15,1.0,34.46666666666667
24745,52,0.3235294117647059,246.19230769230768
24746,9,0.2777777777777778,90.66666666666667
24747,10,0.7555555555555555,26.8
24748,67,0.5097241067390321,112.61194029850746
24749,5,0.7,50.2
24750,29,0.35960591133004927,160.51724137931035
24751,93,0.18583450210378682,109.3225806451613
24752,6,0.13333333333333333,38.5
24753,51,0.3796078431372549,53.27450980392157
24754,19,0.631578947368421,39.26315789473684
24755,9,0.75,17.22222222222222
24756,55,0.21818181818181817,106.52727272727273
24757,28,0.22486772486772486,63.357142857142854
24758,5,0.4,4.4
24759,20,0.4421052631578947,22.55
24760,6,0.6666666666666666,22.333333333333332
24761,0,0.0,0.0
24762,12,0.3484848484848485,61.0
24763,83,0.17014399059653249,132.14457831325302
24764,14,0.1978021978021978,53.785714285714285
24765,3,0.3333333333333333,61.333333333333336
24766,31,0.5032258064516129,154.96774193548387
24767,16,0.2833333333333333,24.0625
24768,7,0.19047619047619047,19.0
24769,6,0.3333333333333333,46.166666666666664
24770,2,0.0,56.0
24771,10,0.4666666666666667,44.3
24772,27,0.2535612535612536,145.2962962962963
24773,10,0.24444444444444444,54.3
24774,10,0.6,42.9
24775,4,0.5,33.0
24776,17,0.2426470588235294,87.3529411764706
24777,9,0.3611111111111111,101.77777777777777
24778,1,0.0,7.0
24779,13,0.16666666666666666,54.92307692307692
24780,2,1.0,18.0
24781,2,0.0,37.5
24782,30,0.3080459770114943,90.56666666666666
24783,26,0.16307692307692306,44.11538461538461
24784,14,0.13186813186813187,49.07142857142857
24785,0,0.0,0.0
24786,48,0.33599290780141844,85.625
24787,11,0.6363636363636364,58.0
24788,25,0.19666666666666666,66.2
24789,0,0.0,0.0
24790,23,0.42292490118577075,62.73913043478261
24791,3,0.3333333333333333,29.333333333333332
24792,13,0.5256410256410257,37.23076923076923
24793,34,0.31194295900178254,62.23529411764706
24794,3,0.0,7.0
24795,24,0.2391304347826087,51.125
24796,11,0.41818181818181815,25.272727272727273
24797,139,0.1027004483369826,81.45323741007195
24798,6,0.2,45.0
24799,33,0.16856060606060605,162.06060606060606
24800,9,0.16666666666666666,32.22222222222222
24801,0,0.0,0.0
24802,2,1.0,8.5
24803,9,0.16666666666666666,32.888888888888886
24804,27,0.21937321937321938,248.1851851851852
24805,6,0.4666666666666667,66.66666666666667
24806,17,0.17647058823529413,53.64705882352941
24807,9,0.6944444444444444,72.66666666666667
24808,31,0.2903225806451613,56.516129032258064
24809,59,0.3173582700175336,61.50847457627118
24810,20,0.18947368421052632,149.15
24811,49,0.15476190476190477,176.3265306122449
24812,1,0.0,37.0
24813,21,0.6761904761904762,26.047619047619047
24814,2,1.0,4.0
24815,21,0.21904761904761905,100.9047619047619
24816,11,0.12727272727272726,20.09090909090909
24817,93,0.6977559607293128,123.09677419354838
24818,33,0.6382575757575758,34.36363636363637
24819,38,0.5092460881934566,154.57894736842104
24820,18,0.7581699346405228,48.44444444444444
24821,61,0.3765027322404372,52.24590163934426
24822,8,0.25,43.875
24823,6,0.13333333333333333,29.166666666666668
24824,8,0.5357142857142857,94.875
24825,5,0.3,39.0
24826,0,0.0,0.0
24827,32,0.29435483870967744,30.96875
24828,58,0.3121597096188748,100.17241379310344
24829,13,0.21794871794871795,38.15384615384615
24830,27,0.2621082621082621,56.25925925925926
24831,19,0.47953216374269003,172.05263157894737
24832,0,0.0,0.0
24833,71,0.22776659959758552,89.26760563380282
24834,11,0.6545454545454545,77.54545454545455
24835,34,0.1925133689839572,157.38235294117646
24836,13,0.44871794871794873,84.53846153846153
24837,25,0.32666666666666666,43.04
24838,37,0.3918918918918919,107.94594594594595
24839,19,0.16374269005847952,73.47368421052632
24840,6,0.4,22.5
24841,15,0.6095238095238096,48.86666666666667
24842,12,0.7121212121212122,44.75
24843,22,0.6666666666666666,29.772727272727273
24844,1,0.0,5.0
24845,0,0.0,0.0
24846,0,0.0,0.0
24847,12,0.13636363636363635,38.0
24848,110,0.2890742285237698,110.05454545454545
24849,0,0.0,0.0
24850,9,0.1388888888888889,52.111111111111114
24851,0,0.0,0.0
24852,71,0.24869215291750504,57.859154929577464
24853,103,0.41595278888254333,147.873786407767
24854,10,0.3111111111111111,25.7
24855,66,0.18974358974358974,52.74242424242424
24856,15,0.3142857142857143,60.333333333333336
24857,18,0.6797385620915033,55.72222222222222
24858,24,0.322463768115942,82.95833333333333
24859,5,0.0,55.4
24860,26,0.3169230769230769,136.1153846153846
24861,12,0.3181818181818182,76.58333333333333
24862,31,0.33978494623655914,153.58064516129033
24863,56,0.55,61.267857142857146
24864,5,0.6,39.4
24865,6,0.4,152.16666666666666
24866,10,0.5333333333333333,57.0
24867,3,0.3333333333333333,25.333333333333332
24868,6,0.4,121.66666666666667
24869,1,0.0,3.0
24870,0,0.0,0.0
24871,8,0.75,18.5
24872,9,0.5555555555555556,128.11111111111111
24873,1,0.0,25.0
24874,57,0.40601503759398494,68.56140350877193
24875,9,0.3055555555555556,32.111111111111114
24876,6,0.3333333333333333,54.333333333333336
24877,5,0.5,9.2
24878,48,0.39273049645390073,81.75
24879,62,0.22263352723426758,139.32258064516128
24880,6,0.4,23.833333333333332
24881,13,0.4230769230769231,37.84615384615385
24882,4,0.3333333333333333,55.0
24883,15,0.638095238095238,81.06666666666666
24884,13,0.6282051282051282,35.07692307692308
24885,5,0.3,74.0
24886,13,0.32051282051282054,18.23076923076923
24887,2,0.0,56.0
24888,34,0.2709447415329768,163.47058823529412
24889,5,0.5,103.2
24890,2,1.0,47.0
24891,10,0.4444444444444444,29.9
24892,119,0.2549494374020795,101.46218487394958
24893,50,0.37387755102040815,112.8
24894,2,1.0,6.5
24895,51,0.41411764705882353,65.96078431372548
24896,59,0.5265926358854471,193.57627118644066
24897,18,0.45098039215686275,54.611111111111114
24898,7,0.2857142857142857,61.0
24899,25,0.4866666666666667,112.96
24900,14,0.21978021978021978,173.57142857142858
24901,179,0.1842320005021656,151.12849162011173
24902,4,0.5,52.5
24903,33,0.5378787878787878,93.51515151515152
24904,80,0.189873417721519,58.05
24905,0,0.0,0.0
24906,0,0.0,0.0
24907,7,0.23809523809523808,49.42857142857143
24908,6,0.26666666666666666,22.333333333333332
24909,3,0.3333333333333333,4.333333333333333
24910,13,0.15384615384615385,14.153846153846153
24911,61,0.2005464480874317,91.26229508196721
24912,147,0.4289441804118908,102.64625850340136
24913,76,0.14842105263157895,149.3421052631579
24914,21,0.3333333333333333,37.04761904761905
24915,120,0.25952380952380955,134.45
24916,5,0.2,53.6
24917,36,0.6888888888888889,59.27777777777778
24918,76,0.16210526315789472,107.21052631578948
24919,12,0.6666666666666666,60.166666666666664
24920,2,1.0,9.5
24921,34,0.12299465240641712,79.88235294117646
24922,3,1.0,9.666666666666666
24923,5,0.3,248.0
24924,19,0.3333333333333333,22.789473684210527
24925,14,0.5494505494505495,39.5
24926,5,0.2,57.4
24927,8,0.7142857142857143,49.375
24928,89,0.2236976506639428,237.9438202247191
24929,2,1.0,32.0
24930,20,0.21052631578947367,13.9
24931,3,0.0,40.0
24932,7,0.09523809523809523,75.0
24933,96,0.24276315789473685,132.10416666666666
24934,21,0.6238095238095238,41.523809523809526
24935,18,0.37254901960784315,45.27777777777778
24936,48,0.21631205673758866,62.145833333333336
24937,2,0.0,76.5
24938,83,0.6132823978842198,171.80722891566265
24939,5,0.3,28.0
24940,1,0.0,25.0
24941,7,0.14285714285714285,44.857142857142854
24942,57,0.4974937343358396,186.05263157894737
24943,11,0.38181818181818183,33.90909090909091
24944,5,0.0,21.0
24945,5,0.6,40.8
24946,97,0.12199312714776632,151.64948453608247
24947,5,0.3,38.0
24948,12,0.4393939393939394,17.75
24949,60,0.2288135593220339,100.9
24950,30,0.24367816091954023,53.333333333333336
24951,60,0.5689265536723164,116.95
24952,29,0.33004926108374383,44.55172413793103
24953,1,0.0,14.0
24954,1,0.0,4.0
24955,0,0.0,0.0
24956,13,0.24358974358974358,114.6923076923077
24957,87,0.37129109863672816,72.74712643678161
24958,11,0.7090909090909091,54.90909090909091
24959,6,0.4666666666666667,19.0
24960,47,0.301572617946346,44.48936170212766
24961,5,0.3,45.0
24962,52,0.30392156862745096,89.11538461538461
24963,3,1.0,4.333333333333333
24964,36,0.5777777777777777,163.36111111111111
24965,5,0.3,4.2
24966,22,0.354978354978355,100.18181818181819
24967,9,0.6111111111111112,43.44444444444444
24968,6,0.2,36.833333333333336
24969,16,0.8333333333333334,132.3125
24970,1,0.0,3.0
24971,3,0.0,61.0
24972,5,0.4,25.4
24973,20,0.4842105263157895,57.35
24974,31,0.443010752688172,53.29032258064516
24975,1,0.0,27.0
24976,4,0.5,85.5
24977,12,0.2727272727272727,140.66666666666666
24978,50,0.17469387755102042,111.14
24979,13,0.14102564102564102,46.15384615384615
24980,4,0.5,33.0
24981,4,0.0,17.75
24982,11,0.41818181818181815,100.18181818181819
24983,32,0.2661290322580645,75.21875
24984,0,0.0,0.0
24985,14,0.37362637362637363,62.0
24986,6,0.4666666666666667,20.666666666666668
24987,15,0.34285714285714286,55.0
24988,2,0.0,10.5
24989,42,0.5354239256678281,66.95238095238095
24990,2,0.0,54.0
24991,69,0.35294117647058826,226.1159420289855
24992,13,0.20512820512820512,51.30769230769231
24993,0,0.0,0.0
24994,6,0.2,38.166666666666664
24995,9,0.16666666666666666,68.33333333333333
24996,118,0.11255975662755324,115.40677966101696
24997,15,0.22857142857142856,33.13333333333333
24998,8,0.5357142857142857,33.375
24999,0,0.0,0.0
25000,0,0.0,0.0
25001,24,0.20652173913043478,71.41666666666667
25002,52,0.2993966817496229,243.92307692307693
25003,28,0.31216931216931215,51.464285714285715
25004,19,0.16374269005847952,193.0
25005,1,0.0,25.0
25006,22,0.42424242424242425,28.09090909090909
25007,6,0.26666666666666666,152.16666666666666
25008,6,0.3333333333333333,21.833333333333332
25009,3,1.0,36.333333333333336
25010,15,0.4095238095238095,51.733333333333334
25011,4,0.0,7.5
25012,23,0.2015810276679842,22.08695652173913
25013,18,0.32679738562091504,31.944444444444443
25014,75,0.4079279279279279,102.94666666666667
25015,2,1.0,26.5
25016,7,0.7142857142857143,13.0
25017,5,0.5,18.6
25018,17,0.19852941176470587,16.705882352941178
25019,27,0.6866096866096866,67.25925925925925
25020,33,0.32386363636363635,37.06060606060606
25021,54,0.46680642907058,51.648148148148145
25022,26,0.13230769230769232,62.38461538461539
25023,7,0.3333333333333333,233.85714285714286
25024,13,0.23076923076923078,30.23076923076923
25025,13,0.32051282051282054,17.307692307692307
25026,37,0.25675675675675674,68.89189189189189
25027,16,0.24166666666666667,71.0625
25028,4,1.0,25.75
25029,13,0.6923076923076923,39.0
25030,95,0.1368421052631579,99.93684210526315
25031,12,0.6666666666666666,71.83333333333333
25032,43,0.39867109634551495,55.348837209302324
25033,34,0.22103386809269163,99.82352941176471
25034,2,1.0,27.5
25035,7,0.09523809523809523,48.142857142857146
25036,64,0.19543650793650794,102.28125
25037,7,0.047619047619047616,17.428571428571427
25038,2,1.0,16.5
25039,78,0.7395937395937396,94.1025641025641
25040,150,0.23749440715883668,97.39333333333333
25041,10,0.8666666666666667,16.0
25042,17,0.125,55.705882352941174
25043,4,0.5,27.25
25044,14,0.23076923076923078,48.714285714285715
25045,4,0.5,17.75
25046,102,0.2079207920792079,117.24509803921569
25047,1,0.0,10.0
25048,69,0.2612958226768968,58.768115942028984
25049,6,0.2,125.0
25050,114,0.3151684521037106,163.03508771929825
25051,32,0.19153225806451613,20.65625
25052,43,0.24473975636766335,74.46511627906976
25053,1,0.0,4.0
25054,0,0.0,0.0
25055,16,0.8166666666666667,30.0625
25056,41,0.5109756097560976,169.5609756097561
25057,78,0.37196137196137197,87.02564102564102
25058,1,0.0,27.0
25059,111,0.16936936936936936,101.21621621621621
25060,68,0.23573309920983318,85.3529411764706
25061,54,0.21523410202655485,97.77777777777777
25062,36,0.2634920634920635,67.16666666666667
25063,15,0.2761904761904762,102.8
25064,7,0.14285714285714285,31.428571428571427
25065,168,0.34060450527516395,104.54761904761905
25066,10,0.4,43.9
25067,29,0.5960591133004927,32.55172413793103
25068,11,0.12727272727272726,32.54545454545455
25069,25,0.3233333333333333,165.56
25070,15,0.18095238095238095,28.666666666666668
25071,57,0.2412280701754386,88.63157894736842
25072,4,0.3333333333333333,26.75
25073,3,0.3333333333333333,24.0
25074,4,0.16666666666666666,16.0
25075,21,0.2,78.95238095238095
25076,39,0.24696356275303644,31.58974358974359
25077,3,0.3333333333333333,116.33333333333333
25078,4,0.5,112.75
25079,14,0.2857142857142857,48.92857142857143
25080,15,0.2,25.6
25081,10,0.1111111111111111,34.5
25082,18,0.22875816993464052,24.555555555555557
25083,137,0.17893945899527694,200.07299270072994
25084,1,0.0,28.0
25085,49,0.23299319727891157,43.95918367346939
25086,6,0.06666666666666667,20.0
25087,15,0.19047619047619047,47.86666666666667
25088,9,0.3888888888888889,18.88888888888889
25089,47,0.8085106382978723,102.40425531914893
25090,9,0.4444444444444444,96.66666666666667
25091,7,0.23809523809523808,63.0
25092,78,0.1874791874791875,98.43589743589743
25093,22,0.4155844155844156,198.8181818181818
25094,6,0.4666666666666667,12.5
25095,3,0.3333333333333333,23.333333333333332
25096,15,0.21904761904761905,239.93333333333334
25097,12,0.12121212121212122,35.166666666666664
25098,11,0.23636363636363636,49.63636363636363
25099,15,0.8095238095238095,41.93333333333333
25100,18,0.39869281045751637,60.77777777777778
25101,12,0.5303030303030303,79.66666666666667
25102,33,0.3143939393939394,39.42424242424242
25103,94,0.12239762068176618,112.57446808510639
25104,3,0.3333333333333333,12.666666666666666
25105,9,0.3888888888888889,47.55555555555556
25106,6,1.0,27.666666666666668
25107,28,0.656084656084656,45.892857142857146
25108,3,0.0,39.333333333333336
25109,18,0.4117647058823529,33.388888888888886
25110,42,0.2926829268292683,130.73809523809524
25111,18,0.13071895424836602,37.388888888888886
25112,26,0.24,77.1923076923077
25113,67,0.22116689280868385,86.34328358208955
25114,1,0.0,16.0
25115,11,0.9090909090909091,27.363636363636363
25116,19,0.1286549707602339,95.52631578947368
25117,5,0.0,5.4
25118,15,0.6,36.266666666666666
25119,13,0.34615384615384615,28.692307692307693
25120,5,0.4,52.0
25121,11,0.4727272727272727,47.45454545454545
25122,13,0.3974358974358974,44.30769230769231
25123,12,0.6666666666666666,39.166666666666664
25124,6,0.26666666666666666,112.33333333333333
25125,10,0.4,29.7
25126,11,0.5272727272727272,112.63636363636364
25127,4,0.8333333333333334,10.5
25128,31,0.1978494623655914,27.322580645161292
25129,39,0.20242914979757085,179.33333333333334
25130,25,0.25333333333333335,124.4
25131,12,0.3484848484848485,37.0
25132,1,0.0,53.0
25133,9,0.16666666666666666,67.33333333333333
25134,11,0.14545454545454545,41.0
25135,3,1.0,48.333333333333336
25136,28,0.4656084656084656,62.285714285714285
25137,16,0.4,201.625
25138,8,0.5714285714285714,24.875
25139,6,0.4666666666666667,71.0
25140,29,0.21674876847290642,51.724137931034484
25141,6,0.4666666666666667,18.0
25142,7,0.23809523809523808,12.0
25143,0,0.0,0.0
25144,3,1.0,68.0
25145,2,1.0,22.5
25146,9,0.3888888888888889,27.88888888888889
25147,19,0.45614035087719296,78.3157894736842
25148,6,0.4,20.333333333333332
25149,26,0.20923076923076922,174.15384615384616
25150,103,0.38720731010850945,147.126213592233
25151,13,0.23076923076923078,27.153846153846153
25152,19,0.3333333333333333,141.57894736842104
25153,13,0.28205128205128205,50.38461538461539
25154,32,0.5524193548387096,90.90625
25155,14,0.17582417582417584,43.57142857142857
25156,7,0.19047619047619047,33.42857142857143
25157,10,0.37777777777777777,95.4
25158,7,0.3333333333333333,24.714285714285715
25159,13,0.10256410256410256,45.92307692307692
25160,9,0.3055555555555556,68.55555555555556
25161,74,0.4072565716401333,71.37837837837837
25162,32,0.33669354838709675,33.875
25163,56,0.18636363636363637,122.08928571428571
25164,28,0.3412698412698413,79.71428571428571
25165,3,0.0,28.333333333333332
25166,8,0.2857142857142857,38.375
25167,5,0.0,33.0
25168,91,0.32673992673992674,76.41758241758242
25169,32,0.9092741935483871,107.09375
25170,50,0.43020408163265306,78.0
25171,3,0.3333333333333333,59.666666666666664
25172,0,0.0,0.0
25173,181,0.1850828729281768,121.76795580110497
25174,13,0.6923076923076923,104.84615384615384
25175,9,0.19444444444444445,39.888888888888886
25176,11,0.7272727272727273,40.90909090909091
25177,33,0.22537878787878787,31.151515151515152
25178,10,0.35555555555555557,178.7
25179,33,0.4602272727272727,48.0
25180,8,0.25,22.625
25181,23,0.31620553359683795,71.95652173913044
25182,7,0.23809523809523808,6.428571428571429
25183,37,0.2672672672672673,101.54054054054055
25184,16,0.75,33.4375
25185,18,0.3464052287581699,150.16666666666666
25186,44,0.27906976744186046,89.8409090909091
25187,17,0.21323529411764705,112.47058823529412
25188,29,0.21182266009852216,229.3793103448276
25189,4,0.16666666666666666,44.75
25190,14,0.8021978021978022,104.28571428571429
25191,45,0.30404040404040406,217.06666666666666
25192,25,0.17333333333333334,75.44
25193,13,0.358974358974359,84.84615384615384
25194,0,0.0,0.0
25195,0,0.0,0.0
25196,12,0.19696969696969696,87.83333333333333
25197,26,0.26153846153846155,36.69230769230769
25198,3,0.3333333333333333,64.66666666666667
25199,35,0.573109243697479,62.628571428571426
25200,150,0.18863534675615212,130.16666666666666
25201,1,0.0,5.0
25202,7,0.23809523809523808,39.857142857142854
25203,30,0.1632183908045977,95.2
25204,2,1.0,49.5
25205,40,0.3384615384615385,91.5
25206,22,0.30303030303030304,65.5
25207,7,0.23809523809523808,11.714285714285714
25208,66,0.40606060606060607,151.36363636363637
25209,9,0.1388888888888889,27.0
25210,41,0.25853658536585367,44.048780487804876
25211,4,0.16666666666666666,37.0
25212,5,0.2,114.8
25213,26,0.20615384615384616,39.19230769230769
25214,12,0.3787878787878788,25.833333333333332
25215,6,0.2,15.666666666666666
25216,3,1.0,11.666666666666666
25217,8,0.39285714285714285,36.375
25218,1,0.0,6.0
25219,30,0.3195402298850575,39.833333333333336
25220,29,0.29064039408866993,56.96551724137931
25221,16,0.8583333333333333,56.1875
25222,13,0.41025641025641024,92.92307692307692
25223,15,0.29523809523809524,59.333333333333336
25224,1,0.0,20.0
25225,25,0.30333333333333334,43.56
25226,20,0.4263157894736842,175.0
25227,32,0.46169354838709675,45.3125
25228,6,0.6666666666666666,34.5
25229,0,0.0,0.0
25230,11,0.21818181818181817,53.63636363636363
25231,3,0.3333333333333333,12.666666666666666
25232,2,1.0,30.0
25233,21,0.3047619047619048,83.57142857142857
25234,7,0.5238095238095238,34.285714285714285
25235,5,0.5,27.2
25236,65,0.26490384615384616,199.52307692307693
25237,83,0.540405524537173,139.09638554216866
25238,11,0.2727272727272727,33.09090909090909
25239,185,0.23431257344300824,216.33513513513515
25240,111,0.29009009009009007,137.3963963963964
25241,3,1.0,18.666666666666668
25242,28,0.17989417989417988,131.89285714285714
25243,22,0.7142857142857143,160.8181818181818
25244,19,0.2222222222222222,31.789473684210527
25245,20,0.7842105263157895,96.75
25246,1,0.0,38.0
25247,4,0.16666666666666666,13.25
25248,8,0.21428571428571427,25.5
25249,7,0.2857142857142857,21.571428571428573
25250,10,0.35555555555555557,96.8
25251,22,0.2987012987012987,36.54545454545455
25252,4,0.0,17.5
25253,6,0.3333333333333333,13.166666666666666
25254,8,0.32142857142857145,39.75
25255,6,0.2,8.833333333333334
25256,0,0.0,0.0
25257,25,0.25,38.04
25258,65,0.30673076923076925,173.36923076923077
25259,2,1.0,17.0
25260,6,0.4,68.66666666666667
25261,1,0.0,12.0
25262,170,0.28040375913679083,112.30588235294118
25263,17,0.14705882352941177,46.05882352941177
25264,17,0.5073529411764706,60.76470588235294
25265,8,0.10714285714285714,26.25
25266,21,0.19523809523809524,122.61904761904762
25267,2,1.0,23.0
25268,19,0.5029239766081871,81.26315789473684
25269,14,0.32967032967032966,15.142857142857142
25270,17,0.5661764705882353,68.58823529411765
25271,6,0.6666666666666666,57.333333333333336
25272,5,0.2,6.4
25273,1,0.0,4.0
25274,28,0.30952380952380953,70.07142857142857
25275,22,0.3593073593073593,25.227272727272727
25276,5,0.2,30.4
25277,8,0.0,13.75
25278,0,0.0,0.0
25279,1,0.0,40.0
25280,34,0.2709447415329768,82.5
25281,9,0.3055555555555556,23.11111111111111
25282,5,0.7,28.8
25283,55,0.5461279461279461,197.85454545454544
25284,1,0.0,7.0
25285,9,0.4444444444444444,24.22222222222222
25286,21,0.5428571428571428,73.33333333333333
25287,7,0.6666666666666666,115.28571428571429
25288,17,0.2647058823529412,32.11764705882353
25289,11,0.14545454545454545,32.0
25290,39,0.24426450742240216,85.35897435897436
25291,274,0.15499585572578273,112.32846715328468
25292,3,0.3333333333333333,17.666666666666668
25293,16,0.7166666666666667,80.6875
25294,9,0.3055555555555556,17.333333333333332
25295,0,0.0,0.0
25296,11,0.4,44.90909090909091
25297,21,0.41904761904761906,75.33333333333333
25298,3,0.3333333333333333,9.333333333333334
25299,10,0.044444444444444446,12.0
25300,16,0.4083333333333333,50.5
25301,10,0.26666666666666666,37.1
25302,5,0.6,25.8
25303,108,0.27379716164762896,125.8425925925926
25304,53,0.3853410740203193,160.43396226415095
25305,19,0.6140350877192983,69.0
25306,2,0.0,22.0
25307,4,0.6666666666666666,16.75
25308,8,0.35714285714285715,46.5
25309,11,0.3090909090909091,43.0
25310,5,0.4,15.0
25311,11,0.3090909090909091,16.545454545454547
25312,70,0.622360248447205,118.84285714285714
25313,4,0.3333333333333333,9.5
25314,23,0.39920948616600793,61.869565217391305
25315,5,0.3,55.6
25316,4,0.0,22.5
25317,4,0.0,47.25
25318,1,0.0,12.0
25319,75,0.35603603603603606,65.38666666666667
25320,1,0.0,1328.0
25321,2,0.0,6.5
25322,10,0.4666666666666667,21.0
25323,0,0.0,0.0
25324,18,0.6013071895424836,44.94444444444444
25325,35,0.5462184873949579,53.4
25326,12,0.5303030303030303,29.166666666666668
25327,40,0.48717948717948717,49.675
25328,89,0.4693564862104188,72.95505617977528
25329,9,0.3888888888888889,49.888888888888886
25330,48,0.5425531914893617,159.66666666666666
25331,3,0.6666666666666666,34.666666666666664
25332,75,0.14306306306306307,76.18666666666667
25333,12,0.07575757575757576,65.58333333333333
25334,126,0.47415873015873017,101.39682539682539
25335,3,0.0,33.0
25336,19,0.30994152046783624,49.31578947368421
25337,14,0.21978021978021978,79.28571428571429
25338,117,0.2642204538756263,231.0854700854701
25339,13,0.16666666666666666,99.23076923076923
25340,23,0.5454545454545454,122.34782608695652
25341,8,0.42857142857142855,18.0
25342,0,0.0,0.0
25343,0,0.0,0.0
25344,40,0.17051282051282052,26.55
25345,0,0.0,0.0
25346,63,0.3758320532514081,79.93650793650794
25347,80,0.3920886075949367,87.3375
25348,4,0.0,397.25
25349,55,0.24848484848484848,96.81818181818181
25350,28,0.25132275132275134,43.0
25351,0,0.0,0.0
25352,16,0.26666666666666666,51.25
25353,5,0.2,26.6
25354,12,0.36363636363636365,30.0
25355,23,0.4308300395256917,46.21739130434783
25356,25,0.31333333333333335,29.16
25357,51,0.14823529411764705,39.450980392156865
25358,16,0.19166666666666668,23.0625
25359,3,0.0,8.666666666666666
25360,22,0.3246753246753247,112.77272727272727
25361,15,0.19047619047619047,45.733333333333334
25362,81,0.6077160493827161,78.39506172839506
25363,18,0.45098039215686275,70.22222222222223
25364,3,0.0,17.666666666666668
25365,30,0.3425287356321839,96.06666666666666
25366,10,0.37777777777777777,42.5
25367,41,0.35,80.63414634146342
25368,62,0.2855631940772078,41.70967741935484
25369,4,0.16666666666666666,24.5
25370,40,0.4230769230769231,76.2
25371,123,0.3473277355724377,96.53658536585365
25372,5,0.4,8.8
25373,5,0.4,92.8
25374,58,0.147005444646098,151.48275862068965
25375,3,0.0,74.66666666666667
25376,20,0.46842105263157896,104.45
25377,22,0.23376623376623376,86.31818181818181
25378,2,0.0,8.0
25379,10,0.28888888888888886,44.7
25380,15,0.4095238095238095,92.93333333333334
25381,24,0.38768115942028986,63.291666666666664
25382,5,0.4,16.4
25383,49,0.2304421768707483,68.28571428571429
25384,77,0.47026657552973344,93.75324675324676
25385,39,0.5573549257759784,48.17948717948718
25386,9,0.3888888888888889,69.0
25387,28,0.7037037037037037,148.17857142857142
25388,1,0.0,16.0
25389,3,0.0,16.666666666666668
25390,10,0.06666666666666667,23.0
25391,5,0.0,8.6
25392,13,0.2692307692307692,67.3076923076923
25393,3,0.0,10.666666666666666
25394,10,0.3111111111111111,42.8
25395,5,0.5,41.6
25396,32,0.4596774193548387,127.5625
25397,0,0.0,0.0
25398,6,0.6666666666666666,50.5
25399,37,0.36786786786786785,151.59459459459458
25400,2,0.0,20.0
25401,1,0.0,5.0
25402,70,0.37763975155279506,134.37142857142857
25403,17,0.3235294117647059,12.882352941176471
25404,133,0.16814764183185235,129.01503759398497
25405,11,0.41818181818181815,30.454545454545453
25406,6,0.8666666666666667,13.833333333333334
25407,6,0.8666666666666667,13.833333333333334
25408,40,0.43846153846153846,104.45
25409,24,0.17028985507246377,120.66666666666667
25410,19,0.49122807017543857,46.94736842105263
25411,25,0.2733333333333333,70.08
25412,1,0.0,27.0
25413,25,0.20666666666666667,95.8
25414,12,0.21212121212121213,69.41666666666667
25415,12,0.21212121212121213,163.16666666666666
25416,23,0.2450592885375494,94.73913043478261
25417,30,0.5954022988505747,74.6
25418,55,0.10909090909090909,66.03636363636363
25419,19,0.47368421052631576,128.94736842105263
25420,3,0.3333333333333333,40.666666666666664
25421,119,0.22261786070360348,120.4453781512605
25422,5,0.3,65.4
25423,1,0.0,16.0
25424,15,0.23809523809523808,55.2
25425,3,1.0,70.33333333333333
25426,42,0.3670150987224158,148.21428571428572
25427,40,0.4153846153846154,90.55
25428,25,0.30333333333333334,92.84
25429,34,0.18538324420677363,26.529411764705884
25430,11,0.6727272727272727,21.363636363636363
25431,1,0.0,16.0
25432,10,0.6666666666666666,76.1
25433,37,0.4519519519519519,174.94594594594594
25434,15,0.580952380952381,34.8
25435,8,0.5357142857142857,10.0
25436,40,0.5897435897435898,53.675
25437,28,0.24867724867724866,68.5
25438,0,0.0,0.0
25439,8,0.6428571428571429,31.25
25440,3,0.6666666666666666,54.666666666666664
25441,51,0.15058823529411763,55.88235294117647
25442,29,0.3226600985221675,48.827586206896555
25443,32,0.21169354838709678,87.53125
25444,102,0.21277421859833043,213.2450980392157
25445,84,0.5272518646012622,174.04761904761904
25446,13,0.3974358974358974,34.46153846153846
25447,11,0.4,133.72727272727272
25448,63,0.2805939580133128,135.9047619047619
25449,17,0.16911764705882354,55.23529411764706
25450,5,0.4,160.0
25451,69,0.17263427109974425,102.8695652173913
25452,16,0.15833333333333333,34.875
25453,127,0.2659667541557305,108.29133858267717
25454,124,0.3922108575924469,152.3548387096774
25455,12,0.13636363636363635,63.5
25456,14,0.6373626373626373,87.0
25457,7,0.3333333333333333,133.14285714285714
25458,4,0.5,54.5
25459,6,0.9333333333333333,29.333333333333332
25460,13,0.358974358974359,116.61538461538461
25461,44,0.226215644820296,187.95454545454547
25462,10,0.4222222222222222,44.5
25463,11,0.16363636363636364,87.9090909090909
25464,1,0.0,28.0
25465,52,0.4276018099547511,168.26923076923077
25466,30,0.4114942528735632,126.96666666666667
25467,48,0.18351063829787234,80.9375
25468,60,0.5779661016949152,71.11666666666666
25469,4,0.3333333333333333,102.25
25470,21,0.21428571428571427,42.80952380952381
25471,27,0.28205128205128205,32.2962962962963
25472,21,0.2904761904761905,53.476190476190474
25473,6,0.7333333333333333,26.166666666666668
25474,1,0.0,9.0
25475,2,0.0,32.0
25476,6,0.13333333333333333,44.333333333333336
25477,25,0.18333333333333332,83.36
25478,134,0.4171249018067557,109.35074626865672
25479,1,0.0,4.0
25480,34,0.33511586452762926,91.29411764705883
25481,5,0.5,85.6
25482,5,0.4,57.2
25483,9,0.16666666666666666,30.88888888888889
25484,151,0.17306843267108168,172.11920529801324
25485,192,0.1950807155322862,136.47395833333334
25486,4,1.0,85.25
25487,7,0.047619047619047616,55.142857142857146
25488,52,0.13951734539969834,87.51923076923077
25489,389,0.13994381575808973,135.82005141388174
25490,9,0.5277777777777778,21.666666666666668
25491,17,0.23529411764705882,32.64705882352941
25492,68,0.2642669007901668,120.19117647058823
25493,49,0.6394557823129252,93.65306122448979
25494,2,1.0,36.5
25495,4,0.5,29.5
25496,0,0.0,0.0
25497,1,0.0,4.0
25498,76,0.15403508771929825,84.03947368421052
25499,10,0.3111111111111111,137.1
25500,49,0.32568027210884354,99.6938775510204
25501,4,0.16666666666666666,5.0
25502,8,0.39285714285714285,20.25
25503,15,0.21904761904761905,184.53333333333333
25504,15,0.5142857142857142,91.53333333333333
25505,9,0.2222222222222222,27.444444444444443
25506,4,0.5,7.75
25507,197,0.2423598881176836,149.0761421319797
25508,3,0.0,22.333333333333332
25509,8,0.5357142857142857,43.5
25510,36,0.22063492063492063,40.30555555555556
25511,14,0.6593406593406593,32.57142857142857
25512,7,1.0,25.285714285714285
25513,4,0.3333333333333333,60.75
25514,1,0.0,1.0
25515,16,0.4,38.0
25516,8,0.39285714285714285,122.375
25517,12,0.4393939393939394,56.25
25518,34,0.40819964349376114,37.294117647058826
25519,15,0.18095238095238095,94.13333333333334
25520,4,0.16666666666666666,26.75
25521,223,0.2876015028481396,129.71748878923768
25522,53,0.5986937590711175,118.9622641509434
25523,39,0.09851551956815115,93.48717948717949
25524,22,0.45021645021645024,50.5
25525,7,0.19047619047619047,98.85714285714286
25526,76,0.26596491228070174,80.86842105263158
25527,0,0.0,0.0
25528,6,0.2,13.833333333333334
25529,10,0.28888888888888886,25.4
25530,25,0.5933333333333334,172.4
25531,21,0.6095238095238096,140.0952380952381
25532,4,0.3333333333333333,9.75
25533,133,0.1622237411711096,153.7218045112782
25534,22,0.21212121212121213,22.59090909090909
25535,7,0.47619047619047616,26.714285714285715
25536,9,0.9722222222222222,93.22222222222223
25537,23,0.4505928853754941,56.0
25538,44,0.22938689217758984,174.25
25539,9,0.19444444444444445,66.88888888888889
25540,29,0.4975369458128079,91.51724137931035
25541,7,0.2857142857142857,42.142857142857146
25542,13,0.14102564102564102,26.846153846153847
25543,28,0.16666666666666666,59.892857142857146
25544,21,0.42857142857142855,79.95238095238095
25545,5,0.2,8.6
25546,19,0.3333333333333333,70.94736842105263
25547,17,0.6617647058823529,61.470588235294116
25548,2,0.0,2.5
25549,18,0.3137254901960784,93.33333333333333
25550,61,0.1540983606557377,35.32786885245902
25551,14,0.5714285714285714,30.928571428571427
25552,52,0.08748114630467571,118.8076923076923
25553,9,0.8333333333333334,51.666666666666664
25554,18,0.738562091503268,42.166666666666664
25555,9,0.3888888888888889,41.111111111111114
25556,11,0.2545454545454545,55.36363636363637
25557,81,0.6006172839506173,118.65432098765432
25558,22,0.341991341991342,29.772727272727273
25559,0,0.0,0.0
25560,34,0.28342245989304815,41.05882352941177
25561,33,0.35984848484848486,44.515151515151516
25562,0,0.0,0.0
25563,12,0.3333333333333333,36.833333333333336
25564,8,0.17857142857142858,81.0
25565,206,0.25972057778830215,225.08252427184465
25566,16,0.1,22.1875
25567,0,0.0,0.0
25568,12,0.4696969696969697,19.25
25569,71,0.4732394366197183,113.1830985915493
25570,10,0.7111111111111111,57.5
25571,4,0.3333333333333333,51.25
25572,74,0.34838948537578673,170.64864864864865
25573,14,0.38461538461538464,30.071428571428573
25574,13,0.5512820512820513,21.0
25575,10,0.2222222222222222,88.1
25576,15,0.23809523809523808,75.33333333333333
25577,1,0.0,25.0
25578,79,0.36968516715352157,139.43037974683546
25579,3,0.3333333333333333,50.0
25580,16,0.35833333333333334,27.9375
25581,29,0.27586206896551724,30.586206896551722
25582,71,0.6261569416498994,120.8169014084507
25583,6,0.6,59.166666666666664
25584,13,0.7051282051282052,121.84615384615384
25585,16,0.125,92.625
25586,0,0.0,0.0
25587,75,0.14738738738738738,143.53333333333333
25588,2,1.0,12.0
25589,3,0.3333333333333333,5.0
25590,13,0.4230769230769231,39.23076923076923
25591,28,0.23809523809523808,120.28571428571429
25592,16,0.18333333333333332,21.4375
25593,29,0.16748768472906403,77.6896551724138
25594,245,0.19337571094011374,149.06938775510204
25595,3,0.6666666666666666,23.666666666666668
25596,3,0.3333333333333333,49.0
25597,1,0.0,40.0
25598,3,1.0,112.66666666666667
25599,123,0.45981607357057175,128.34146341463415
25600,89,0.31741573033707865,96.19101123595506
25601,27,0.32193732193732194,30.14814814814815
25602,5,0.0,7.6
25603,17,0.33088235294117646,43.294117647058826
25604,5,0.6,6.4
25605,79,0.18792599805258034,75.89873417721519
25606,32,0.34475806451612906,257.40625
25607,28,0.5052910052910053,62.285714285714285
25608,11,0.45454545454545453,28.272727272727273
25609,42,0.14982578397212543,169.52380952380952
25610,19,0.15789473684210525,126.42105263157895
25611,183,0.30210772833723654,108.88524590163935
25612,6,0.06666666666666667,10.166666666666666
25613,168,0.3471628172226975,91.14285714285714
25614,16,0.1,36.75
25615,31,0.3333333333333333,54.45161290322581
25616,52,0.43665158371040724,38.90384615384615
25617,65,0.17548076923076922,101.86153846153846
25618,3,0.3333333333333333,550.6666666666666
25619,6,0.4,13.666666666666666
25620,1,0.0,52.0
25621,17,0.1323529411764706,116.41176470588235
25622,59,0.27469316189362947,150.4406779661017
25623,43,0.3399778516057586,274.7674418604651
25624,1,0.0,6.0
25625,9,0.2222222222222222,50.44444444444444
25626,16,0.4083333333333333,107.9375
25627,11,0.6727272727272727,25.90909090909091
25628,165,0.1662971175166297,116.96363636363637
25629,16,0.30833333333333335,42.5
25630,1,0.0,19.0
25631,20,0.2894736842105263,44.2
25632,38,0.13655761024182078,118.44736842105263
25633,2,1.0,75.5
25634,4,0.5,10.0
25635,2,0.0,24.5
25636,8,0.25,67.75
25637,18,0.5555555555555556,55.833333333333336
25638,21,0.6476190476190476,67.0
25639,6,1.0,65.0
25640,2,0.0,10.5
25641,1,0.0,15.0
25642,23,0.7391304347826086,37.30434782608695
25643,4,0.16666666666666666,19.5
25644,22,0.3333333333333333,40.95454545454545
25645,17,0.41911764705882354,66.05882352941177
25646,114,0.12498059307560938,160.0438596491228
25647,11,0.41818181818181815,340.3636363636364
25648,19,0.2573099415204678,78.15789473684211
25649,6,1.0,18.833333333333332
25650,11,0.2727272727272727,24.272727272727273
25651,1,0.0,13.0
25652,87,0.17187917669072442,85.16091954022988
25653,30,0.22528735632183908,52.46666666666667
25654,3,0.3333333333333333,32.666666666666664
25655,11,0.41818181818181815,40.27272727272727
25656,26,0.6123076923076923,128.96153846153845
25657,0,0.0,0.0
25658,20,0.23157894736842105,237.35
25659,14,0.38461538461538464,235.92857142857142
25660,6,0.06666666666666667,19.833333333333332
25661,6,0.2,7.0
25662,25,0.39666666666666667,51.12
25663,2,1.0,8.5
25664,21,0.49523809523809526,33.523809523809526
25665,3,0.3333333333333333,9.333333333333334
25666,22,0.26406926406926406,40.59090909090909
25667,11,0.3090909090909091,43.0
25668,7,0.47619047619047616,10.285714285714286
25669,95,0.3169092945128779,131.18947368421053
25670,2,0.0,11.5
25671,60,0.4016949152542373,190.93333333333334
25672,31,0.2924731182795699,72.12903225806451
25673,10,0.4222222222222222,86.6
25674,33,0.6818181818181818,160.9090909090909
25675,16,0.5166666666666667,30.75
25676,44,0.31606765327695563,128.29545454545453
25677,12,0.21212121212121213,77.75
25678,99,0.20366934652648938,90.13131313131314
25679,12,0.4090909090909091,20.166666666666668
25680,6,0.4,18.166666666666668
25681,5,0.4,54.2
25682,21,0.2571428571428571,53.04761904761905
25683,28,0.626984126984127,59.82142857142857
25684,5,1.0,14.0
25685,0,0.0,0.0
25686,8,0.32142857142857145,43.0
25687,71,0.641851106639839,175.45070422535213
25688,0,0.0,0.0
25689,14,0.4945054945054945,23.0
25690,1,0.0,27.0
25691,2,1.0,30.0
25692,3,0.3333333333333333,23.0
25693,16,0.6666666666666666,138.625
25694,33,0.3106060606060606,107.87878787878788
25695,20,0.29473684210526313,90.5
25696,15,0.37142857142857144,60.333333333333336
25697,3,0.3333333333333333,16.333333333333332
25698,6,0.13333333333333333,82.66666666666667
25699,13,0.34615384615384615,39.46153846153846
25700,37,0.40540540540540543,116.64864864864865
25701,23,0.2766798418972332,65.65217391304348
25702,7,0.19047619047619047,54.142857142857146
25703,5,0.1,23.0
25704,41,0.32439024390243903,36.68292682926829
25705,12,0.19696969696969696,31.5
25706,16,0.18333333333333332,103.25
25707,19,0.34502923976608185,67.63157894736842
25708,5,0.3,23.8
25709,60,0.2248587570621469,208.46666666666667
25710,66,0.14918414918414918,87.74242424242425
25711,1,0.0,21.0
25712,63,0.5678443420378905,129.9206349206349
25713,102,0.3265385362065618,66.62745098039215
25714,3,1.0,18.666666666666668
25715,2,1.0,17.5
25716,160,0.3356918238993711,96.2625
25717,10,0.7777777777777778,86.9
25718,82,0.2649804275820536,93.07317073170732
25719,21,0.6047619047619047,55.666666666666664
25720,82,0.21318879855465223,78.01219512195122
25721,17,0.5,84.82352941176471
25722,14,0.4175824175824176,69.28571428571429
25723,10,0.4222222222222222,69.1
25724,19,0.5497076023391813,219.26315789473685
25725,6,0.26666666666666666,18.0
25726,48,0.17109929078014185,59.8125
25727,8,0.39285714285714285,36.0
25728,13,0.19230769230769232,15.0
25729,7,1.0,46.0
25730,0,0.0,0.0
25731,67,0.44052464947987335,165.044776119403
25732,98,0.5914159478224279,117.70408163265306
25733,2,1.0,85.5
25734,32,0.6834677419354839,82.09375
25735,3,0.3333333333333333,9.333333333333334
25736,0,0.0,0.0
25737,0,0.0,0.0
25738,69,0.37894288150042627,98.76811594202898
25739,84,0.3918531267928858,151.79761904761904
25740,10,0.5111111111111111,46.5
25741,1,0.0,44.0
25742,34,0.49554367201426025,53.029411764705884
25743,0,0.0,0.0
25744,8,0.5,23.25
25745,11,0.21818181818181817,22.272727272727273
25746,115,0.5052631578947369,159.61739130434782
25747,17,0.47058823529411764,33.94117647058823
25748,4,0.5,8.5
25749,9,0.8611111111111112,9.777777777777779
25750,11,0.5818181818181818,153.63636363636363
25751,57,0.16917293233082706,68.01754385964912
25752,57,0.47869674185463656,65.57894736842105
25753,16,0.39166666666666666,39.75
25754,44,0.339323467230444,43.59090909090909
25755,4,0.16666666666666666,69.75
25756,94,0.3061084420041181,145.45744680851064
25757,26,0.36923076923076925,87.96153846153847
25758,0,0.0,0.0
25759,41,0.16219512195121952,37.073170731707314
25760,29,0.2733990147783251,86.65517241379311
25761,4,0.16666666666666666,29.25
25762,175,0.28663382594417075,140.27428571428572
25763,6,0.4,9.0
25764,18,0.3202614379084967,34.05555555555556
25765,9,0.5,98.77777777777777
25766,71,0.28088531187122734,122.16901408450704
25767,0,0.0,0.0
25768,49,0.342687074829932,83.16326530612245
25769,5,0.6,32.8
25770,8,0.32142857142857145,22.125
25771,12,0.09090909090909091,53.916666666666664
25772,2,1.0,5.5
25773,0,0.0,0.0
25774,26,0.38461538461538464,88.76923076923077
25775,7,0.7142857142857143,71.14285714285714
25776,0,0.0,0.0
25777,1,0.0,199.0
25778,13,0.28205128205128205,18.53846153846154
25779,31,0.14193548387096774,113.7741935483871
25780,33,0.4109848484848485,51.84848484848485
25781,18,0.17647058823529413,116.72222222222223
25782,4,0.16666666666666666,41.25
25783,9,0.08333333333333333,86.77777777777777
25784,46,0.4811594202898551,78.0
25785,25,0.5833333333333334,46.4
25786,0,0.0,0.0
25787,50,0.12653061224489795,40.58
25788,53,0.1509433962264151,94.0754716981132
25789,15,0.37142857142857144,34.8
25790,7,0.23809523809523808,63.0
25791,3,0.3333333333333333,4.666666666666667
25792,29,0.3793103448275862,21.896551724137932
25793,16,0.425,54.25
25794,8,0.2857142857142857,13.125
25795,1,0.0,8.0
25796,3,0.6666666666666666,5.333333333333333
25797,0,0.0,0.0
25798,0,0.0,0.0
25799,0,0.0,0.0
25800,10,0.35555555555555557,26.7
25801,76,0.24035087719298245,32.28947368421053
25802,8,0.39285714285714285,71.75
25803,1,0.0,233.0
25804,6,0.6,7.833333333333333
25805,45,0.36666666666666664,82.95555555555555
25806,6,0.13333333333333333,39.0
25807,140,0.381294964028777,141.7642857142857
25808,20,0.22631578947368422,43.2
25809,18,0.30718954248366015,61.72222222222222
25810,108,0.4124264451367255,143.87962962962962
25811,12,0.13636363636363635,14.75
25812,31,0.36989247311827955,47.74193548387097
25813,2,1.0,28.0
25814,0,0.0,0.0
25815,24,0.36594202898550726,44.916666666666664
25816,50,0.28653061224489795,79.16
25817,3,0.3333333333333333,7.333333333333333
25818,1,0.0,6.0
25819,40,0.2141025641025641,47.35
25820,8,0.5357142857142857,7.875
25821,9,0.3611111111111111,51.666666666666664
25822,32,0.22379032258064516,59.71875
25823,2,1.0,44.0
25824,10,0.5777777777777777,95.5
25825,18,0.37254901960784315,31.0
25826,15,0.47619047619047616,31.466666666666665
25827,65,0.38509615384615387,96.66153846153846
25828,6,0.3333333333333333,36.0
25829,10,0.6,42.5
25830,8,0.42857142857142855,78.125
25831,22,0.3722943722943723,94.45454545454545
25832,30,0.4459770114942529,186.36666666666667
25833,58,0.205686630369026,48.810344827586206
25834,87,0.12483293237102379,62.758620689655174
25835,86,0.16716826265389878,99.82558139534883
25836,10,0.37777777777777777,50.0
25837,7,0.42857142857142855,73.42857142857143
25838,21,0.20476190476190476,162.38095238095238
25839,42,0.7084785133565621,129.5952380952381
25840,3,0.3333333333333333,21.333333333333332
25841,6,0.4,54.833333333333336
25842,10,0.6666666666666666,80.1
25843,5,0.9,63.2
25844,71,0.5987927565392354,79.36619718309859
25845,4,0.3333333333333333,317.0
25846,37,0.1891891891891892,93.05405405405405
25847,4,1.0,55.75
25848,6,0.4,54.5
25849,7,0.047619047619047616,28.0
25850,2,0.0,16.0
25851,47,0.38482886216466233,191.17021276595744
25852,39,0.50472334682861,45.15384615384615
25853,54,0.21663172606568834,126.94444444444444
25854,0,0.0,0.0
25855,7,0.14285714285714285,39.714285714285715
25856,12,0.9090909090909091,33.166666666666664
25857,49,0.26700680272108845,67.93877551020408
25858,53,0.21190130624092887,80.01886792452831
25859,81,0.44166666666666665,80.5925925925926
25860,4,0.0,10.25
25861,14,0.0989010989010989,38.857142857142854
25862,2,1.0,5.5
25863,0,0.0,0.0
25864,29,0.16502463054187191,58.758620689655174
25865,97,0.31550687285223367,119.81443298969072
25866,0,0.0,0.0
25867,1,0.0,28.0
25868,4,0.5,14.75
25869,5,0.6,66.6
25870,13,0.2564102564102564,78.07692307692308
25871,51,0.2596078431372549,62.68627450980392
25872,13,0.7692307692307693,56.30769230769231
25873,40,0.29615384615384616,85.5
25874,3,0.0,17.333333333333332
25875,27,0.21652421652421652,120.48148148148148
25876,9,0.19444444444444445,24.22222222222222
