,Degree,Clustering_coefficient,Mean_degree_NN
0,0,0.0,0.0
1,13,0.01282051282051282,92.61538461538461
2,6,0.06666666666666667,96.0
3,64,0.009424603174603174,81.1875
4,6,0.0,86.5
5,42,0.019744483159117306,127.16666666666667
6,3,0.0,141.0
7,2,0.0,111.5
8,1,0.0,67.0
9,6,0.06666666666666667,105.83333333333333
10,18,0.006535947712418301,105.27777777777777
11,5,0.0,56.8
12,64,0.01636904761904762,112.71875
13,93,0.017064048620850866,130.13978494623655
14,0,0.0,0.0
15,32,0.016129032258064516,95.09375
16,19,0.0,94.89473684210526
17,6,0.0,109.83333333333333
18,9,0.0,86.33333333333333
19,1,0.0,146.0
20,9,0.0,124.0
21,2,0.0,21.5
22,68,0.00877963125548727,75.01470588235294
23,2,0.0,51.5
24,8,0.0,145.125
25,48,0.018617021276595744,135.79166666666666
26,5,0.0,48.2
27,54,0.014675052410901468,96.38888888888889
28,148,0.012961941533370104,101.18243243243244
29,9,0.0,85.66666666666667
30,14,0.03296703296703297,135.07142857142858
31,62,0.010576414595452142,104.54838709677419
32,1,0.0,29.0
33,10,0.022222222222222223,122.4
34,21,0.009523809523809525,73.9047619047619
35,21,0.014285714285714285,110.9047619047619
36,18,0.006535947712418301,95.38888888888889
37,1,0.0,16.0
38,26,0.006153846153846154,72.92307692307692
39,11,0.0,75.54545454545455
40,40,0.010256410256410256,89.75
41,10,0.0,45.5
42,3,0.0,24.333333333333332
43,38,0.011379800853485065,98.0
44,6,0.0,63.333333333333336
45,2,0.0,62.5
46,8,0.0,90.0
47,31,0.023655913978494623,114.16129032258064
48,36,0.0031746031746031746,70.97222222222223
49,3,0.0,22.0
50,8,0.0,167.125
51,7,0.0,90.28571428571429
52,5,0.0,44.2
53,2,0.0,162.0
54,39,0.005398110661268556,109.8974358974359
55,106,0.011859838274932614,93.10377358490567
56,39,0.008097165991902834,90.02564102564102
57,16,0.008333333333333333,126.0
58,3,0.0,46.333333333333336
59,17,0.04411764705882353,166.05882352941177
60,13,0.01282051282051282,69.53846153846153
61,11,0.0,74.36363636363636
62,24,0.0036231884057971015,98.33333333333333
63,13,0.01282051282051282,91.15384615384616
64,1,0.0,140.0
65,54,0.018867924528301886,141.46296296296296
66,12,0.0,73.91666666666667
67,89,0.024514811031664963,145.23595505617976
68,34,0.0106951871657754,82.52941176470588
69,19,0.017543859649122806,78.21052631578948
70,61,0.020765027322404372,119.85245901639344
71,55,0.01616161616161616,107.96363636363637
72,21,0.009523809523809525,123.71428571428571
73,5,0.0,87.0
74,15,0.0,68.26666666666667
75,46,0.01352657004830918,89.97826086956522
76,11,0.03636363636363636,102.18181818181819
77,39,0.001349527665317139,53.41025641025641
78,5,0.1,63.8
79,26,0.021538461538461538,95.65384615384616
80,111,0.01294021294021294,91.47747747747748
81,7,0.0,77.28571428571429
82,43,0.014396456256921373,91.67441860465117
83,28,0.010582010582010581,87.64285714285714
84,1,0.0,43.0
85,94,0.018073667353008464,110.45744680851064
86,0,0.0,0.0
87,207,0.015477698044181793,103.53140096618357
88,2,0.0,255.5
89,7,0.0,138.85714285714286
90,99,0.018140589569160998,113.07070707070707
91,28,0.005291005291005291,106.96428571428571
92,5,0.0,100.2
93,4,0.16666666666666666,123.75
94,18,0.013071895424836602,104.72222222222223
95,12,0.015151515151515152,65.25
96,89,0.014555669050051073,111.74157303370787
97,62,0.008461131676361713,85.79032258064517
98,28,0.021164021164021163,117.57142857142857
99,27,0.017094017094017096,118.03703703703704
100,16,0.03333333333333333,143.125
101,13,0.0,65.92307692307692
102,66,0.008391608391608392,90.22727272727273
103,156,0.012241521918941274,93.21794871794872
104,14,0.01098901098901099,145.28571428571428
105,10,0.0,44.5
106,53,0.015239477503628448,127.52830188679245
107,63,0.010240655401945725,102.14285714285714
108,33,0.011363636363636364,98.81818181818181
109,24,0.025362318840579712,151.5
110,80,0.014240506329113924,108.1625
111,74,0.00777489818585709,80.43243243243244
112,14,0.01098901098901099,141.28571428571428
113,2,0.0,82.0
114,21,0.02857142857142857,89.95238095238095
115,9,0.027777777777777776,43.333333333333336
116,88,0.01018808777429467,90.55681818181819
117,18,0.006535947712418301,76.33333333333333
118,1,0.0,19.0
119,26,0.012307692307692308,97.76923076923077
120,99,0.015873015873015872,99.4949494949495
121,4,0.0,381.25
122,22,0.021645021645021644,108.81818181818181
123,121,0.009366391184573003,84.53719008264463
124,11,0.0,109.54545454545455
125,10,0.022222222222222223,78.1
126,7,0.047619047619047616,220.85714285714286
127,214,0.015093677328770129,110.83177570093459
128,4,0.0,40.75
129,3,0.0,98.66666666666667
130,6,0.0,84.16666666666667
131,45,0.007070707070707071,77.35555555555555
132,6,0.0,56.166666666666664
133,2,0.0,131.0
134,5,0.0,111.6
135,1,0.0,120.0
136,8,0.0,65.75
137,21,0.009523809523809525,62.333333333333336
138,9,0.0,106.77777777777777
139,0,0.0,0.0
140,6,0.0,49.0
141,79,0.012333657903278157,99.53164556962025
142,40,0.016666666666666666,122.625
143,35,0.0067226890756302525,90.85714285714286
144,28,0.005291005291005291,58.892857142857146
145,118,0.01086484137331595,88.61016949152543
146,29,0.0024630541871921183,72.03448275862068
147,32,0.008064516129032258,109.375
148,82,0.015055706112616682,99.91463414634147
149,2,0.0,77.5
150,42,0.010452961672473868,96.47619047619048
151,51,0.00784313725490196,71.07843137254902
152,14,0.01098901098901099,55.142857142857146
153,21,0.009523809523809525,55.80952380952381
154,81,0.018827160493827162,104.91358024691358
155,57,0.02882205513784461,131.59649122807016
156,105,0.011538461538461539,104.84761904761905
157,16,0.008333333333333333,86.875
158,10,0.06666666666666667,241.2
159,19,0.029239766081871343,88.84210526315789
160,7,0.0,89.28571428571429
161,1,0.0,55.0
162,112,0.015765765765765764,107.58035714285714
163,6,0.0,138.5
164,213,0.013995925236956329,104.47887323943662
165,4,0.0,43.5
166,27,0.014245014245014245,89.0
167,4,0.0,24.5
168,8,0.0,101.625
169,24,0.0036231884057971015,69.75
170,2,0.0,139.5
171,4,0.0,48.5
172,10,0.0,57.7
173,43,0.01107419712070875,101.32558139534883
174,14,0.0,74.35714285714286
175,6,0.0,68.16666666666667
176,1,0.0,24.0
177,3,0.0,22.333333333333332
178,14,0.02197802197802198,73.35714285714286
179,5,0.0,58.2
180,8,0.03571428571428571,82.0
181,13,0.0,167.30769230769232
182,18,0.013071895424836602,86.27777777777777
183,5,0.0,76.2
184,3,0.0,285.0
185,9,0.0,135.22222222222223
186,232,0.01336020301537543,103.34482758620689
187,56,0.01753246753246753,112.375
188,1,0.0,13.0
189,9,0.0,68.22222222222223
190,5,0.0,80.8
191,6,0.0,69.5
192,4,0.0,67.0
193,2,0.0,17.5
194,8,0.03571428571428571,75.0
195,63,0.00972862263184844,97.33333333333333
196,11,0.0,55.18181818181818
197,85,0.011484593837535015,89.34117647058824
198,34,0.012477718360071301,110.91176470588235
199,2,0.0,27.5
200,23,0.015810276679841896,136.30434782608697
201,12,0.045454545454545456,142.0
202,15,0.009523809523809525,88.6
203,27,0.011396011396011397,86.29629629629629
204,24,0.0036231884057971015,72.25
205,5,0.0,36.2
206,10,0.0,47.0
207,7,0.0,243.42857142857142
208,38,0.008534850640113799,87.73684210526316
209,12,0.030303030303030304,78.08333333333333
210,5,0.0,54.2
211,8,0.0,76.25
212,2,0.0,72.5
213,19,0.011695906432748537,59.31578947368421
214,45,0.01616161616161616,100.53333333333333
215,2,0.0,28.0
216,27,0.005698005698005698,96.29629629629629
217,149,0.01569018683112643,106.6241610738255
218,74,0.0074046649389115145,89.82432432432432
219,22,0.008658008658008658,62.13636363636363
220,103,0.009137635636778984,85.0873786407767
221,226,0.012822025565388397,97.929203539823
222,88,0.009665621734587251,93.67045454545455
223,62,0.01850872554204125,118.66129032258064
224,55,0.00808080808080808,87.03636363636363
225,41,0.00975609756097561,85.0
226,16,0.016666666666666666,96.75
227,71,0.011267605633802818,90.43661971830986
228,1,0.0,59.0
229,48,0.0070921985815602835,84.60416666666667
230,34,0.0053475935828877,54.88235294117647
231,7,0.0,104.57142857142857
232,9,0.027777777777777776,63.55555555555556
233,164,0.012718838844830166,99.7439024390244
234,49,0.008503401360544218,114.51020408163265
235,30,0.011494252873563218,77.83333333333333
236,6,0.0,294.5
237,11,0.0,122.63636363636364
238,32,0.008064516129032258,83.625
239,8,0.0,71.5
240,62,0.022739291380222106,117.06451612903226
241,77,0.01469583048530417,106.6103896103896
242,2,0.0,53.0
243,61,0.026775956284153007,148.68852459016392
244,23,0.007905138339920948,84.82608695652173
245,7,0.0,37.42857142857143
246,34,0.016042780748663103,84.29411764705883
247,125,0.0070967741935483875,73.496
248,20,0.010526315789473684,88.4
249,0,0.0,0.0
250,7,0.0,100.14285714285714
251,42,0.009291521486643438,99.5
252,0,0.0,0.0
253,67,0.01990049751243781,116.02985074626865
254,7,0.0,29.428571428571427
255,6,0.0,118.16666666666667
256,6,0.0,45.666666666666664
257,34,0.0196078431372549,115.61764705882354
258,3,0.0,39.666666666666664
259,20,0.015789473684210527,84.45
260,140,0.009969167523124357,87.45
261,12,0.0,65.66666666666667
262,9,0.0,58.666666666666664
263,6,0.0,50.833333333333336
264,12,0.015151515151515152,46.916666666666664
265,3,0.0,19.0
266,38,0.01991465149359886,135.39473684210526
267,30,0.027586206896551724,163.36666666666667
268,1,0.0,1134.0
269,143,0.019600118191667487,118.01398601398601
270,1,0.0,14.0
271,13,0.0,82.23076923076923
272,106,0.01096136567834681,99.5
273,120,0.013725490196078431,110.875
274,215,0.01078026515974788,92.26046511627906
275,5,0.0,113.2
276,100,0.01575757575757576,104.82
277,1,0.0,26.0
278,48,0.008865248226950355,107.70833333333333
279,24,0.018115942028985508,136.875
280,7,0.0,53.0
281,12,0.0,52.666666666666664
282,11,0.0,96.72727272727273
283,24,0.014492753623188406,159.29166666666666
284,1,0.0,95.0
285,1,0.0,84.0
286,10,0.022222222222222223,72.7
287,1,0.0,4.0
288,36,0.015873015873015872,129.97222222222223
289,9,0.0,69.66666666666667
290,11,0.03636363636363636,223.8181818181818
291,11,0.0,97.54545454545455
292,8,0.03571428571428571,88.0
293,20,0.021052631578947368,131.6
294,60,0.014689265536723164,101.95
295,3,0.0,126.0
296,11,0.0,173.0
297,3,0.0,94.66666666666667
298,13,0.01282051282051282,111.46153846153847
299,7,0.0,47.57142857142857
300,66,0.023310023310023312,142.07575757575756
301,14,0.03296703296703297,123.5
302,4,0.0,39.5
303,5,0.0,41.6
304,54,0.023759608665269043,100.22222222222223
305,5,0.0,67.0
306,17,0.0,92.05882352941177
307,56,0.007142857142857143,72.03571428571429
308,23,0.003952569169960474,84.8695652173913
309,15,0.009523809523809525,92.26666666666667
310,5,0.0,72.6
311,9,0.027777777777777776,142.0
312,37,0.024024024024024024,152.21621621621622
313,17,0.0,70.58823529411765
314,129,0.01065891472868217,97.4186046511628
315,43,0.004429678848283499,70.74418604651163
316,97,0.012671821305841924,93.11340206185567
317,40,0.005128205128205128,75.875
318,13,0.02564102564102564,106.76923076923077
319,70,0.011594202898550725,92.4
320,2,0.0,68.5
321,15,0.0,93.13333333333334
322,13,0.02564102564102564,109.07692307692308
323,9,0.0,95.33333333333333
324,68,0.015364354697102721,111.51470588235294
325,68,0.007462686567164179,81.70588235294117
326,15,0.0,145.86666666666667
327,9,0.027777777777777776,103.44444444444444
328,0,0.0,0.0
329,6,0.0,170.83333333333334
330,87,0.01256348569901096,102.45977011494253
331,12,0.015151515151515152,78.91666666666667
332,60,0.0096045197740113,93.63333333333334
333,25,0.0033333333333333335,71.2
334,9,0.027777777777777776,172.44444444444446
335,9,0.0,23.333333333333332
336,7,0.0,58.285714285714285
337,64,0.010912698412698412,106.921875
338,7,0.0,49.285714285714285
339,7,0.09523809523809523,121.85714285714286
340,20,0.021052631578947368,85.9
341,21,0.04285714285714286,152.04761904761904
342,20,0.0,90.1
343,2,0.0,85.5
344,16,0.025,153.625
345,40,0.010256410256410256,66.375
346,3,0.0,92.0
347,23,0.0,64.69565217391305
348,0,0.0,0.0
349,25,0.05333333333333334,173.48
350,79,0.012982797792924375,109.07594936708861
351,4,0.0,102.25
352,122,0.015445061644763582,102.60655737704919
353,119,0.018943170488534396,120.26890756302521
354,12,0.0,84.5
355,30,0.022988505747126436,155.1
356,58,0.009679370840895343,83.94827586206897
357,40,0.01282051282051282,114.35
358,18,0.013071895424836602,109.27777777777777
359,47,0.012950971322849213,87.40425531914893
360,14,0.0,57.285714285714285
361,24,0.03260869565217391,139.79166666666666
362,5,0.0,70.8
363,122,0.010838639750711285,93.50819672131148
364,3,0.0,43.333333333333336
365,17,0.007352941176470588,103.6470588235294
366,69,0.014919011082693947,102.71014492753623
367,4,0.0,159.0
368,3,0.0,67.0
369,18,0.0,86.94444444444444
370,49,0.01445578231292517,103.14285714285714
371,3,0.0,38.666666666666664
372,7,0.0,61.857142857142854
373,5,0.0,26.4
374,28,0.0026455026455026454,80.92857142857143
375,13,0.01282051282051282,82.46153846153847
376,59,0.014611338398597311,99.77966101694915
377,40,0.011538461538461539,91.325
378,18,0.006535947712418301,102.66666666666667
379,2,0.0,28.5
380,15,0.01904761904761905,98.0
381,10,0.022222222222222223,125.0
382,8,0.0,51.875
383,5,0.0,62.8
384,4,0.16666666666666666,133.5
385,4,0.0,74.75
386,3,0.0,162.0
387,33,0.013257575757575758,100.48484848484848
388,21,0.02857142857142857,134.85714285714286
389,31,0.01935483870967742,118.0
390,0,0.0,0.0
391,11,0.01818181818181818,112.27272727272727
392,17,0.0,84.11764705882354
393,43,0.006644518272425249,94.3953488372093
394,24,0.010869565217391304,68.75
395,64,0.021825396825396824,118.6875
396,4,0.0,44.0
397,46,0.008695652173913044,85.19565217391305
398,20,0.005263157894736842,74.0
399,86,0.015321477428180574,98.3953488372093
400,33,0.015151515151515152,127.87878787878788
401,4,0.0,58.25
402,6,0.0,91.83333333333333
403,32,0.020161290322580645,86.875
404,14,0.01098901098901099,71.71428571428571
405,14,0.0,68.92857142857143
406,52,0.00980392156862745,119.76923076923077
407,146,0.013226263580538498,106.15753424657534
408,15,0.0,67.0
409,16,0.008333333333333333,71.5
410,49,0.017857142857142856,92.36734693877551
411,12,0.0,64.25
412,42,0.004645760743321719,75.16666666666667
413,24,0.0036231884057971015,82.625
414,20,0.005263157894736842,67.95
415,0,0.0,0.0
416,39,0.010796221322537112,93.35897435897436
417,5,0.0,62.0
418,24,0.010869565217391304,95.91666666666667
419,3,0.0,110.0
420,0,0.0,0.0
421,3,0.0,225.33333333333334
422,1,0.0,187.0
423,42,0.003484320557491289,72.64285714285714
424,8,0.0,61.625
425,5,0.0,50.2
426,1,0.0,45.0
427,64,0.010912698412698412,91.3125
428,5,0.0,133.8
429,152,0.01124085047054723,91.14473684210526
430,4,0.0,239.0
431,39,0.006747638326585695,69.41025641025641
432,0,0.0,0.0
433,0,0.0,0.0
434,30,0.020689655172413793,121.26666666666667
435,9,0.0,75.22222222222223
436,10,0.022222222222222223,120.3
437,6,0.0,81.33333333333333
438,0,0.0,0.0
439,26,0.009230769230769232,132.80769230769232
440,16,0.008333333333333333,73.375
441,35,0.0033613445378151263,81.4
442,42,0.010452961672473868,87.0
443,15,0.0,104.53333333333333
444,1,0.0,22.0
445,48,0.010638297872340425,74.3125
446,74,0.010736764161421697,82.86486486486487
447,17,0.014705882352941176,114.0
448,8,0.0,88.125
449,4,0.0,57.25
450,6,0.0,315.6666666666667
451,26,0.012307692307692308,82.84615384615384
452,5,0.0,208.4
453,1,0.0,31.0
454,3,0.0,234.0
455,10,0.0,105.2
456,13,0.0,54.92307692307692
457,12,0.0,68.0
458,10,0.0,38.7
459,32,0.008064516129032258,93.875
460,15,0.009523809523809525,142.93333333333334
461,17,0.0,72.76470588235294
462,7,0.047619047619047616,213.57142857142858
463,100,0.012323232323232323,85.9
464,25,0.01,85.64
465,41,0.01707317073170732,90.82926829268293
466,14,0.01098901098901099,88.71428571428571
467,182,0.01129257482848643,92.2032967032967
468,18,0.0,68.72222222222223
469,8,0.0,87.25
470,5,0.0,42.6
471,34,0.0374331550802139,172.58823529411765
472,44,0.006342494714587738,72.43181818181819
473,168,0.014756201881950384,101.8452380952381
474,23,0.019762845849802372,137.17391304347825
475,223,0.013048923362824708,99.08968609865471
476,48,0.016843971631205674,98.5625
477,19,0.0,66.78947368421052
478,17,0.007352941176470588,90.29411764705883
479,18,0.0,79.22222222222223
480,142,0.013884726800519429,102.0774647887324
481,36,0.02857142857142857,117.75
482,36,0.03650793650793651,180.19444444444446
483,57,0.017543859649122806,99.59649122807018
484,34,0.0106951871657754,93.6470588235294
485,39,0.005398110661268556,107.07692307692308
486,7,0.0,64.14285714285714
487,20,0.010526315789473684,54.45
488,18,0.0196078431372549,94.44444444444444
489,4,0.16666666666666666,463.5
490,43,0.015503875968992248,104.83720930232558
491,6,0.0,118.16666666666667
492,7,0.0,124.28571428571429
493,41,0.014634146341463415,91.5609756097561
494,1,0.0,119.0
495,16,0.008333333333333333,59.125
496,6,0.0,72.83333333333333
497,19,0.011695906432748537,165.21052631578948
498,24,0.010869565217391304,115.0
499,3,0.0,68.66666666666667
500,9,0.0,72.44444444444444
501,4,0.0,84.75
502,9,0.05555555555555555,126.55555555555556
503,10,0.0,97.3
504,5,0.0,125.2
505,14,0.0,73.5
506,136,0.011982570806100218,92.23529411764706
507,6,0.0,67.0
508,25,0.006666666666666667,82.12
509,59,0.009351256575102279,91.13559322033899
510,5,0.0,44.4
511,42,0.020905923344947737,131.78571428571428
512,79,0.012658227848101266,92.75949367088607
513,2,0.0,62.5
514,16,0.016666666666666666,60.9375
515,34,0.016042780748663103,90.52941176470588
516,25,0.0,72.28
517,12,0.0,97.83333333333333
518,1,0.0,77.0
519,16,0.025,98.1875
520,2,0.0,30.5
521,2,0.0,38.5
522,5,0.0,55.8
523,41,0.025609756097560974,108.34146341463415
524,8,0.0,77.5
525,2,0.0,69.5
526,1,0.0,24.0
527,3,0.3333333333333333,16.333333333333332
528,0,0.0,0.0
529,3,0.0,18.666666666666668
530,58,0.0102843315184513,90.01724137931035
531,33,0.011363636363636364,88.54545454545455
532,2,0.0,61.5
533,42,0.011614401858304297,96.19047619047619
534,0,0.0,0.0
535,221,0.013780337309749074,100.24886877828054
536,3,0.0,36.666666666666664
537,2,0.0,223.5
538,201,0.02044776119402985,117.50746268656717
539,43,0.031007751937984496,166.62790697674419
540,10,0.0,99.4
541,5,0.0,36.8
542,50,0.011428571428571429,105.48
543,25,0.013333333333333334,102.72
544,6,0.0,50.833333333333336
545,19,0.0,62.94736842105263
546,0,0.0,0.0
547,22,0.021645021645021644,133.36363636363637
548,24,0.021739130434782608,116.91666666666667
549,35,0.018487394957983194,115.82857142857142
550,4,0.0,36.25
551,28,0.005291005291005291,57.67857142857143
552,5,0.0,84.2
553,15,0.0,86.46666666666667
554,4,0.0,72.5
555,68,0.013608428446005268,108.07352941176471
556,23,0.007905138339920948,73.47826086956522
557,16,0.0,95.9375
558,26,0.012307692307692308,62.57692307692308
559,19,0.005847953216374269,88.89473684210526
560,10,0.0,219.3
561,12,0.06060606060606061,238.66666666666666
562,28,0.015873015873015872,85.57142857142857
563,5,0.0,194.4
564,1,0.0,54.0
565,1,0.0,12.0
566,18,0.0,81.55555555555556
567,6,0.0,60.166666666666664
568,25,0.006666666666666667,58.88
569,34,0.0196078431372549,124.17647058823529
570,4,0.0,49.5
571,10,0.0,79.5
572,6,0.06666666666666667,415.5
573,21,0.0,113.33333333333333
574,49,0.007653061224489796,83.26530612244898
575,36,0.007936507936507936,72.33333333333333
576,1,0.0,52.0
577,12,0.0,54.083333333333336
578,21,0.004761904761904762,86.0
579,34,0.016042780748663103,112.91176470588235
580,6,0.0,163.83333333333334
581,65,0.012980769230769231,110.96923076923076
582,24,0.03260869565217391,139.70833333333334
583,23,0.019762845849802372,129.17391304347825
584,7,0.0,94.71428571428571
585,13,0.0,64.3076923076923
586,2,0.0,26.5
587,20,0.0,91.85
588,80,0.014556962025316455,109.1
589,11,0.01818181818181818,213.72727272727272
590,47,0.012950971322849213,83.72340425531915
591,128,0.01439468503937008,103.0625
592,1,0.0,57.0
593,30,0.020689655172413793,116.5
594,13,0.01282051282051282,69.15384615384616
595,136,0.013071895424836602,103.94852941176471
596,11,0.03636363636363636,130.27272727272728
597,41,0.015853658536585366,118.53658536585365
598,31,0.004301075268817204,84.61290322580645
599,7,0.0,124.71428571428571
600,8,0.0,110.125
601,9,0.0,32.77777777777778
602,4,0.0,100.25
603,22,0.017316017316017316,76.22727272727273
604,1,0.0,104.0
605,51,0.01803921568627451,113.25490196078431
606,2,0.0,27.0
607,33,0.01893939393939394,83.66666666666667
608,11,0.0,51.81818181818182
609,255,0.013987957387679481,101.89803921568627
610,8,0.0,84.75
611,39,0.008097165991902834,90.46153846153847
612,5,0.0,147.6
613,5,0.0,108.0
614,9,0.0,72.66666666666667
615,38,0.007112375533428165,105.26315789473684
616,0,0.0,0.0
617,82,0.009334537789822343,86.3048780487805
618,1,0.0,197.0
619,7,0.0,65.71428571428571
620,28,0.013227513227513227,131.03571428571428
621,7,0.047619047619047616,76.85714285714286
622,1,0.0,19.0
623,13,0.01282051282051282,90.53846153846153
624,5,0.0,107.2
625,8,0.0,115.875
626,129,0.015019379844961241,112.69767441860465
627,4,0.0,99.5
628,10,0.0,72.9
629,43,0.021040974529346623,100.76744186046511
630,3,0.3333333333333333,112.66666666666667
631,29,0.007389162561576354,114.06896551724138
632,12,0.045454545454545456,195.25
633,2,0.0,10.0
634,25,0.0033333333333333335,66.12
635,9,0.0,74.11111111111111
636,17,0.007352941176470588,70.52941176470588
637,17,0.0,68.47058823529412
638,16,0.0,87.375
639,74,0.013328396890040726,88.36486486486487
640,96,0.017543859649122806,124.69791666666667
641,3,0.0,67.0
642,101,0.008514851485148515,83.5940594059406
643,9,0.05555555555555555,123.88888888888889
644,3,0.0,97.0
645,4,0.0,78.75
646,45,0.014141414141414142,86.86666666666666
647,11,0.01818181818181818,169.36363636363637
648,45,0.024242424242424242,115.26666666666667
649,3,0.0,303.0
650,58,0.016333938294010888,108.15517241379311
651,57,0.010025062656641603,85.05263157894737
652,0,0.0,0.0
653,2,0.0,45.0
654,23,0.007905138339920948,70.6086956521739
655,14,0.0,54.07142857142857
656,5,0.0,59.6
657,11,0.01818181818181818,76.0909090909091
658,33,0.017045454545454544,128.03030303030303
659,21,0.023809523809523808,92.76190476190476
660,16,0.008333333333333333,69.625
661,5,0.1,69.4
662,2,0.0,209.5
663,1,0.0,111.0
664,87,0.014969259556268377,106.1264367816092
665,30,0.006896551724137931,73.5
666,104,0.01568334578043316,110.59615384615384
667,59,0.009351256575102279,81.79661016949153
668,10,0.0,127.6
669,16,0.0,71.5625
670,22,0.012987012987012988,81.04545454545455
671,30,0.016091954022988506,158.86666666666667
672,20,0.02631578947368421,144.0
673,32,0.014112903225806451,155.46875
674,38,0.012802275960170697,103.76315789473684
675,22,0.021645021645021644,98.9090909090909
676,73,0.016362252663622526,121.35616438356165
677,3,0.0,40.0
678,18,0.032679738562091505,146.72222222222223
679,18,0.006535947712418301,73.11111111111111
680,4,0.0,42.75
681,10,0.0,63.5
682,14,0.0,77.21428571428571
683,58,0.0102843315184513,106.93103448275862
684,6,0.0,61.166666666666664
685,15,0.01904761904761905,121.8
686,6,0.0,85.33333333333333
687,22,0.008658008658008658,109.04545454545455
688,8,0.03571428571428571,75.25
689,4,0.0,89.75
690,28,0.0026455026455026454,65.10714285714286
691,29,0.017241379310344827,114.65517241379311
692,44,0.024312896405919663,149.79545454545453
693,15,0.01904761904761905,139.13333333333333
694,41,0.00975609756097561,93.07317073170732
695,64,0.01488095238095238,109.09375
696,22,0.008658008658008658,81.36363636363636
697,8,0.03571428571428571,120.625
698,2,0.0,20.5
699,1,0.0,171.0
700,54,0.006289308176100629,85.05555555555556
701,36,0.007936507936507936,96.86111111111111
702,108,0.009865005192107996,90.73148148148148
703,29,0.007389162561576354,83.03448275862068
704,9,0.0,31.0
705,3,0.0,28.333333333333332
706,18,0.013071895424836602,67.55555555555556
707,36,0.0,71.0
708,12,0.0,74.33333333333333
709,22,0.004329004329004329,75.5909090909091
710,58,0.015124016938898971,113.58620689655173
711,8,0.07142857142857142,231.875
712,65,0.012980769230769231,86.75384615384615
713,17,0.0,56.11764705882353
714,12,0.030303030303030304,96.66666666666667
715,32,0.006048387096774193,80.46875
716,0,0.0,0.0
717,6,0.0,52.166666666666664
718,69,0.017902813299232736,146.28985507246378
719,92,0.006688963210702341,74.57608695652173
720,67,0.009950248756218905,105.5223880597015
721,63,0.014336917562724014,101.85714285714286
722,21,0.023809523809523808,129.04761904761904
723,33,0.001893939393939394,61.27272727272727
724,100,0.01090909090909091,96.71
725,10,0.022222222222222223,66.0
726,27,0.011396011396011397,123.77777777777777
727,10,0.022222222222222223,82.7
728,38,0.00995732574679943,81.02631578947368
729,2,0.0,12.5
730,1,0.0,209.0
731,9,0.0,131.22222222222223
732,46,0.01642512077294686,123.6304347826087
733,2,0.0,45.5
734,10,0.0,51.0
735,1,0.0,80.0
736,2,0.0,55.0
737,1,0.0,136.0
738,3,0.0,104.66666666666667
739,3,0.0,29.666666666666668
740,13,0.01282051282051282,90.6923076923077
741,19,0.005847953216374269,98.47368421052632
742,6,0.0,147.0
743,18,0.0,116.66666666666667
744,69,0.0076726342710997444,82.40579710144928
745,35,0.031932773109243695,130.45714285714286
746,22,0.021645021645021644,132.9090909090909
747,7,0.0,103.42857142857143
748,21,0.01904761904761905,104.0952380952381
749,45,0.00404040404040404,78.75555555555556
750,9,0.027777777777777776,125.77777777777777
751,3,0.0,83.66666666666667
752,7,0.0,60.857142857142854
753,3,0.0,80.0
754,57,0.007518796992481203,78.2280701754386
755,27,0.017094017094017096,82.29629629629629
756,36,0.0031746031746031746,76.25
757,7,0.0,46.142857142857146
758,2,0.0,109.5
759,30,0.022988505747126436,117.6
760,398,0.011771704871966887,96.21105527638191
761,80,0.012974683544303797,106.9
762,27,0.045584045584045586,191.1851851851852
763,0,0.0,0.0
764,30,0.01839080459770115,100.93333333333334
765,0,0.0,0.0
766,9,0.0,57.55555555555556
767,12,0.0,72.08333333333333
768,113,0.009639696586599241,85.86725663716814
769,21,0.014285714285714285,179.61904761904762
770,12,0.0,80.0
771,6,0.0,53.166666666666664
772,35,0.005042016806722689,85.68571428571428
773,0,0.0,0.0
774,8,0.0,78.125
775,6,0.06666666666666667,76.66666666666667
776,1,0.0,235.0
777,28,0.023809523809523808,123.32142857142857
778,1,0.0,57.0
779,25,0.013333333333333334,65.72
780,7,0.0,52.0
781,0,0.0,0.0
782,4,0.0,21.5
783,0,0.0,0.0
784,16,0.0,89.75
785,14,0.01098901098901099,148.35714285714286
786,45,0.022222222222222223,137.73333333333332
787,95,0.012989921612541993,103.30526315789474
788,42,0.010452961672473868,106.83333333333333
789,9,0.027777777777777776,161.33333333333334
790,2,0.0,244.5
791,2,0.0,95.5
792,2,0.0,49.0
793,5,0.0,133.6
794,14,0.01098901098901099,109.07142857142857
795,37,0.006006006006006006,71.97297297297297
796,16,0.016666666666666666,84.1875
797,18,0.006535947712418301,109.44444444444444
798,32,0.020161290322580645,96.625
799,0,0.0,0.0
800,18,0.006535947712418301,94.05555555555556
801,20,0.005263157894736842,96.65
802,33,0.007575757575757576,86.87878787878788
803,72,0.01643192488262911,104.875
804,17,0.022058823529411766,157.8235294117647
805,6,0.0,49.833333333333336
806,12,0.0,45.0
807,65,0.014423076923076924,110.29230769230769
808,4,0.16666666666666666,159.75
809,9,0.0,57.333333333333336
810,1,0.0,11.0
811,23,0.007905138339920948,74.56521739130434
812,7,0.0,283.85714285714283
813,3,0.0,61.666666666666664
814,368,0.011817320222722427,97.24184782608695
815,63,0.024065540194572452,119.68253968253968
816,22,0.021645021645021644,126.45454545454545
817,63,0.013312852022529442,111.23809523809524
818,5,0.0,72.4
819,25,0.0033333333333333335,82.0
820,10,0.022222222222222223,68.4
821,17,0.03676470588235294,151.8235294117647
822,4,0.0,81.0
823,4,0.0,38.5
824,90,0.019225967540574283,112.73333333333333
825,112,0.014157014157014158,100.70535714285714
826,27,0.008547008547008548,90.96296296296296
827,17,0.007352941176470588,80.47058823529412
828,56,0.012987012987012988,88.66071428571429
829,44,0.023255813953488372,114.0
830,5,0.0,77.2
831,5,0.0,170.0
832,48,0.02127659574468085,101.9375
833,21,0.009523809523809525,113.61904761904762
834,107,0.013225180744136837,102.16822429906541
835,36,0.015873015873015872,115.36111111111111
836,3,0.0,28.666666666666668
837,8,0.0,76.625
838,5,0.0,135.6
839,1,0.0,331.0
840,23,0.03162055335968379,137.43478260869566
841,27,0.03418803418803419,116.11111111111111
842,10,0.0,61.6
843,10,0.022222222222222223,146.6
844,3,0.0,147.0
845,346,0.015565049845019687,108.42485549132948
846,528,0.012779598642976252,99.21212121212122
847,60,0.00903954802259887,75.83333333333333
848,29,0.0024630541871921183,78.48275862068965
849,6,0.0,41.166666666666664
850,38,0.00995732574679943,101.44736842105263
851,69,0.010230179028132993,114.78260869565217
852,48,0.014184397163120567,95.64583333333333
853,2,0.0,38.0
854,9,0.027777777777777776,100.0
855,7,0.0,65.71428571428571
856,3,0.0,43.0
857,115,0.009610983981693364,83.5304347826087
858,8,0.0,48.625
859,2,0.0,10.5
860,2,0.0,24.5
861,7,0.0,291.7142857142857
862,34,0.008912655971479501,91.47058823529412
863,66,0.023776223776223775,129.42424242424244
864,25,0.0033333333333333335,70.72
865,13,0.02564102564102564,122.38461538461539
866,4,0.0,64.75
867,30,0.013793103448275862,82.93333333333334
868,16,0.016666666666666666,94.25
869,15,0.0761904761904762,207.4
870,146,0.0136986301369863,98.47945205479452
871,19,0.005847953216374269,159.6315789473684
872,15,0.01904761904761905,77.46666666666667
873,56,0.013636363636363636,101.05357142857143
874,24,0.0,111.08333333333333
875,22,0.012987012987012988,82.27272727272727
876,62,0.004230565838180857,90.62903225806451
877,93,0.013557737260402058,101.35483870967742
878,5,0.0,86.0
879,72,0.006259780907668232,74.11111111111111
880,35,0.013445378151260505,111.34285714285714
881,1,0.0,88.0
882,16,0.0,80.125
883,45,0.00909090909090909,100.71111111111111
884,1,0.0,74.0
885,9,0.0,46.666666666666664
886,101,0.01782178217821782,110.63366336633663
887,9,0.027777777777777776,67.88888888888889
888,2,0.0,191.0
889,19,0.005847953216374269,121.57894736842105
890,20,0.005263157894736842,69.65
891,41,0.01951219512195122,115.46341463414635
892,5,0.0,82.6
893,1,0.0,39.0
894,22,0.004329004329004329,91.31818181818181
895,4,0.0,53.25
896,88,0.018025078369905956,100.31818181818181
897,5,0.0,196.0
898,5,0.0,47.0
899,27,0.002849002849002849,65.0
900,4,0.0,41.75
901,114,0.017699115044247787,114.7280701754386
902,173,0.012972173679257964,97.45086705202313
903,11,0.0,119.54545454545455
904,48,0.007978723404255319,74.08333333333333
905,121,0.01115702479338843,90.66115702479338
906,154,0.012647483235718529,100.33766233766234
907,38,0.012802275960170697,121.76315789473684
908,63,0.004608294930875576,69.60317460317461
909,21,0.0,62.95238095238095
910,10,0.044444444444444446,116.6
911,13,0.0,57.23076923076923
912,50,0.010612244897959184,106.36
913,8,0.0,73.0
914,3,0.0,146.33333333333334
915,15,0.01904761904761905,149.53333333333333
916,0,0.0,0.0
917,49,0.011904761904761904,100.6938775510204
918,15,0.01904761904761905,84.4
919,16,0.041666666666666664,154.625
920,18,0.006535947712418301,62.22222222222222
921,89,0.01787538304392237,105.89887640449439
922,29,0.0049261083743842365,79.75862068965517
923,3,0.0,155.66666666666666
924,11,0.0,79.72727272727273
925,63,0.011776753712237584,102.52380952380952
926,1,0.0,122.0
927,13,0.01282051282051282,167.76923076923077
928,12,0.015151515151515152,119.75
929,6,0.0,29.833333333333332
930,18,0.0,89.72222222222223
931,17,0.03676470588235294,108.41176470588235
932,12,0.0,117.75
933,47,0.01572617946345976,110.8936170212766
934,51,0.00784313725490196,87.31372549019608
935,23,0.003952569169960474,119.21739130434783
936,84,0.00946643717728055,86.36904761904762
937,6,0.0,50.333333333333336
938,19,0.0,101.94736842105263
939,22,0.004329004329004329,67.63636363636364
940,2,0.0,100.5
941,14,0.0,59.642857142857146
942,2,0.0,69.5
943,14,0.04395604395604396,169.35714285714286
944,15,0.047619047619047616,174.2
945,2,0.0,130.0
946,33,0.017045454545454544,113.78787878787878
947,28,0.018518518518518517,74.85714285714286
948,23,0.007905138339920948,92.91304347826087
949,97,0.02469931271477663,125.48453608247422
950,2,0.0,62.0
951,19,0.023391812865497075,178.1578947368421
952,1,0.0,259.0
953,9,0.0,57.666666666666664
954,34,0.0106951871657754,86.52941176470588
955,60,0.00903954802259887,77.5
956,5,0.0,58.4
957,5,0.0,262.0
958,27,0.03133903133903134,112.66666666666667
959,7,0.0,106.28571428571429
960,5,0.0,120.0
961,44,0.006342494714587738,75.36363636363636
962,7,0.0,82.71428571428571
963,29,0.009852216748768473,92.75862068965517
964,29,0.012315270935960592,72.79310344827586
965,7,0.0,266.2857142857143
966,16,0.016666666666666666,116.375
967,7,0.047619047619047616,95.14285714285714
968,17,0.0,63.411764705882355
969,101,0.0075247524752475245,72.92079207920793
970,20,0.015789473684210527,99.45
971,28,0.0026455026455026454,83.64285714285714
972,3,0.0,50.666666666666664
973,12,0.0,207.83333333333334
974,21,0.0,74.95238095238095
975,30,0.004597701149425287,77.26666666666667
976,52,0.017345399698340876,104.6923076923077
977,33,0.005681818181818182,96.18181818181819
978,82,0.009033423667570008,75.01219512195122
979,7,0.0,69.85714285714286
980,75,0.015855855855855857,107.30666666666667
981,0,0.0,0.0
982,17,0.007352941176470588,74.11764705882354
983,2,0.0,52.5
984,17,0.022058823529411766,136.23529411764707
985,33,0.005681818181818182,79.18181818181819
986,3,0.0,82.66666666666667
987,19,0.011695906432748537,124.10526315789474
988,10,0.0,68.5
989,31,0.0064516129032258064,87.25806451612904
990,36,0.011111111111111112,106.19444444444444
991,14,0.01098901098901099,69.07142857142857
992,235,0.00978359701763957,89.32765957446809
993,5,0.0,169.0
994,5,0.0,157.2
995,31,0.004301075268817204,83.74193548387096
996,1,0.0,106.0
997,87,0.015771184175354183,104.13793103448276
998,58,0.016333938294010888,114.5
999,52,0.00980392156862745,88.36538461538461
1000,42,0.010452961672473868,83.69047619047619
1001,4,0.0,149.25
1002,7,0.0,41.42857142857143
1003,24,0.007246376811594203,78.625
1004,7,0.0,135.28571428571428
1005,51,0.006274509803921568,74.52941176470588
1006,21,0.014285714285714285,85.42857142857143
1007,25,0.013333333333333334,97.36
1008,46,0.018357487922705314,92.8913043478261
1009,51,0.01019607843137255,95.19607843137256
1010,9,0.0,45.111111111111114
1011,10,0.0,88.6
1012,63,0.00972862263184844,76.34920634920636
1013,21,0.004761904761904762,106.76190476190476
1014,94,0.018073667353008464,118.76595744680851
1015,29,0.014778325123152709,105.0
1016,36,0.025396825396825397,150.22222222222223
1017,124,0.01980068187778652,124.54032258064517
1018,65,0.027403846153846154,137.09230769230768
1019,45,0.01818181818181818,122.08888888888889
1020,19,0.011695906432748537,163.47368421052633
1021,12,0.0,39.416666666666664
1022,5,0.0,50.2
1023,11,0.0,60.72727272727273
1024,76,0.013333333333333334,92.32894736842105
1025,19,0.011695906432748537,79.73684210526316
1026,60,0.02711864406779661,131.98333333333332
1027,16,0.008333333333333333,91.3125
1028,4,0.0,75.5
1029,6,0.0,41.166666666666664
1030,9,0.0,90.77777777777777
1031,9,0.0,42.666666666666664
1032,9,0.0,62.55555555555556
1033,3,0.0,122.0
1034,7,0.0,56.57142857142857
1035,15,0.009523809523809525,47.0
1036,27,0.017094017094017096,119.22222222222223
1037,10,0.022222222222222223,94.1
1038,0,0.0,0.0
1039,87,0.010425020048115477,93.14942528735632
1040,14,0.01098901098901099,106.28571428571429
1041,50,0.005714285714285714,65.82
1042,14,0.01098901098901099,109.85714285714286
1043,38,0.021337126600284494,102.60526315789474
1044,32,0.028225806451612902,160.9375
1045,33,0.032196969696969696,163.57575757575756
1046,30,0.009195402298850575,89.4
1047,13,0.01282051282051282,93.3076923076923
1048,24,0.007246376811594203,104.08333333333333
1049,26,0.015384615384615385,118.96153846153847
1050,13,0.0641025641025641,207.15384615384616
1051,114,0.01273094240024841,94.15789473684211
1052,7,0.0,77.14285714285714
1053,10,0.0,69.3
1054,15,0.009523809523809525,79.66666666666667
1055,13,0.0,136.30769230769232
1056,144,0.016414141414141416,108.38194444444444
1057,15,0.0,83.13333333333334
1058,1,0.0,78.0
1059,20,0.015789473684210527,99.45
1060,67,0.02804161013116237,145.5820895522388
1061,62,0.014806980433632998,88.98387096774194
1062,14,0.01098901098901099,62.357142857142854
1063,23,0.003952569169960474,51.0
1064,6,0.0,98.5
1065,4,0.0,274.0
1066,12,0.030303030303030304,63.333333333333336
1067,0,0.0,0.0
1068,32,0.008064516129032258,93.84375
1069,25,0.016666666666666666,90.28
1070,4,0.0,83.0
1071,64,0.00992063492063492,86.6875
1072,9,0.0,67.11111111111111
1073,17,0.0,111.41176470588235
1074,21,0.004761904761904762,83.23809523809524
1075,13,0.01282051282051282,86.38461538461539
1076,39,0.010796221322537112,99.33333333333333
1077,66,0.01351981351981352,97.01515151515152
1078,74,0.022954461310625694,126.89189189189189
1079,26,0.012307692307692308,61.65384615384615
1080,10,0.044444444444444446,200.4
1081,1,0.0,135.0
1082,34,0.026737967914438502,105.61764705882354
1083,1,0.0,3.0
1084,41,0.013414634146341463,84.26829268292683
1085,55,0.012121212121212121,85.85454545454546
1086,20,0.015789473684210527,100.25
1087,13,0.01282051282051282,144.46153846153845
1088,20,0.015789473684210527,101.65
1089,41,0.015853658536585366,117.97560975609755
1090,2,0.0,5.0
1091,14,0.0,80.28571428571429
1092,11,0.01818181818181818,75.0
1093,3,0.0,47.0
1094,49,0.0195578231292517,111.75510204081633
1095,20,0.0,52.45
1096,4,0.0,104.0
1097,31,0.0064516129032258064,90.3225806451613
1098,3,0.0,48.0
1099,36,0.011111111111111112,87.88888888888889
1100,70,0.009109730848861283,90.47142857142858
1101,15,0.01904761904761905,96.86666666666666
1102,5,0.0,54.8
1103,31,0.021505376344086023,117.19354838709677
1104,2,0.0,24.5
1105,136,0.01982570806100218,122.44117647058823
1106,69,0.015345268542199489,108.56521739130434
1107,5,0.0,27.6
1108,64,0.010416666666666666,85.75
1109,16,0.016666666666666666,141.25
1110,0,0.0,0.0
1111,17,0.007352941176470588,86.88235294117646
1112,20,0.005263157894736842,104.85
1113,19,0.005847953216374269,98.84210526315789
1114,20,0.010526315789473684,68.15
1115,4,0.16666666666666666,91.0
1116,89,0.009448416751787538,91.69662921348315
1117,15,0.02857142857142857,92.33333333333333
1118,72,0.017214397496087636,106.18055555555556
1119,10,0.022222222222222223,171.7
1120,61,0.02185792349726776,115.09836065573771
1121,216,0.015460809646856158,111.30555555555556
1122,78,0.010656010656010656,101.74358974358974
1123,434,0.013345962686646588,105.80184331797236
1124,0,0.0,0.0
1125,27,0.03133903133903134,130.96296296296296
1126,10,0.0,59.3
1127,37,0.006006006006006006,104.67567567567568
1128,18,0.032679738562091505,62.833333333333336
1129,1,0.0,31.0
1130,47,0.009250693802035153,85.42553191489361
1131,2,0.0,121.0
1132,1,0.0,80.0
1133,25,0.006666666666666667,76.56
1134,114,0.0104021114733737,89.45614035087719
1135,10,0.06666666666666667,92.2
1136,8,0.0,103.75
1137,1,0.0,93.0
1138,8,0.0,126.5
1139,21,0.004761904761904762,119.9047619047619
1140,9,0.027777777777777776,115.66666666666667
1141,31,0.002150537634408602,81.64516129032258
1142,2,0.0,37.5
1143,0,0.0,0.0
1144,3,0.0,31.333333333333332
1145,5,0.1,76.4
1146,13,0.02564102564102564,84.07692307692308
1147,1,0.0,238.0
1148,25,0.013333333333333334,109.48
1149,130,0.008228980322003579,82.06923076923077
1150,34,0.0106951871657754,66.88235294117646
1151,129,0.013687015503875969,107.89922480620154
1152,1,0.0,31.0
1153,27,0.017094017094017096,112.96296296296296
1154,16,0.03333333333333333,246.8125
1155,8,0.0,65.625
1156,27,0.017094017094017096,137.25925925925927
1157,10,0.0,45.0
1158,144,0.021756021756021756,126.54861111111111
1159,187,0.0219653843942269,130.90374331550802
1160,117,0.013852048334806955,102.31623931623932
1161,8,0.03571428571428571,91.0
1162,32,0.012096774193548387,76.3125
1163,25,0.0033333333333333335,97.48
1164,104,0.019230769230769232,120.53846153846153
1165,0,0.0,0.0
1166,15,0.01904761904761905,160.86666666666667
1167,72,0.023474178403755867,132.04166666666666
1168,42,0.029036004645760744,125.21428571428571
1169,34,0.0053475935828877,64.73529411764706
1170,6,0.0,48.0
1171,12,0.015151515151515152,66.75
1172,25,0.01,83.24
1173,14,0.0,56.0
1174,51,0.017254901960784313,112.76470588235294
1175,63,0.004608294930875576,75.03174603174604
1176,0,0.0,0.0
1177,71,0.014084507042253521,105.3943661971831
1178,46,0.014492753623188406,127.6304347826087
1179,43,0.013289036544850499,85.53488372093024
1180,14,0.02197802197802198,61.92857142857143
1181,32,0.010080645161290322,110.4375
1182,17,0.0,57.705882352941174
1183,105,0.010622710622710623,90.04761904761905
1184,23,0.007905138339920948,66.0
1185,59,0.01636469900642899,109.0
1186,22,0.0,59.36363636363637
1187,243,0.012311668877325443,94.01234567901234
1188,22,0.012987012987012988,81.72727272727273
1189,3,0.0,35.666666666666664
1190,30,0.03218390804597701,160.93333333333334
1191,7,0.0,103.71428571428571
1192,29,0.007389162561576354,62.13793103448276
1193,2,0.0,31.0
1194,47,0.012950971322849213,97.29787234042553
1195,72,0.012519561815336464,100.27777777777777
1196,12,0.0,70.91666666666667
1197,63,0.026625704045058884,163.04761904761904
1198,3,0.0,28.333333333333332
1199,40,0.014102564102564103,95.175
1200,24,0.007246376811594203,79.79166666666667
1201,20,0.010526315789473684,78.9
1202,7,0.0,84.42857142857143
1203,5,0.0,84.8
1204,12,0.0,107.58333333333333
1205,9,0.0,20.555555555555557
1206,1,0.0,238.0
1207,48,0.01950354609929078,101.83333333333333
1208,14,0.03296703296703297,115.28571428571429
1209,4,0.0,133.25
1210,0,0.0,0.0
1211,15,0.009523809523809525,108.8
1212,27,0.014245014245014245,105.18518518518519
1213,5,0.1,153.0
1214,3,0.3333333333333333,21.666666666666668
1215,20,0.02631578947368421,111.8
1216,24,0.0036231884057971015,69.58333333333333
1217,38,0.005689900426742532,75.0
1218,80,0.01930379746835443,121.125
1219,5,0.0,79.8
1220,38,0.00995732574679943,81.23684210526316
1221,7,0.0,78.0
1222,111,0.015397215397215397,108.18018018018019
1223,21,0.004761904761904762,87.23809523809524
1224,7,0.0,102.14285714285714
1225,3,0.0,69.33333333333333
1226,43,0.02768549280177187,107.0
1227,31,0.017204301075268817,130.06451612903226
1228,4,0.0,201.25
1229,7,0.0,57.57142857142857
1230,1,0.0,43.0
1231,18,0.006535947712418301,55.666666666666664
1232,55,0.013468013468013467,102.58181818181818
1233,6,0.0,123.33333333333333
1234,12,0.030303030303030304,155.5
1235,10,0.022222222222222223,41.8
1236,32,0.014112903225806451,109.53125
1237,6,0.0,21.333333333333332
1238,7,0.0,110.14285714285714
1239,2,0.0,121.0
1240,9,0.0,74.55555555555556
1241,62,0.0222104706504495,121.74193548387096
1242,12,0.015151515151515152,93.66666666666667
1243,5,0.0,33.8
1244,81,0.009876543209876543,85.55555555555556
1245,31,0.004301075268817204,101.12903225806451
1246,20,0.021052631578947368,110.55
1247,21,0.0,62.0
1248,3,0.0,111.33333333333333
1249,125,0.011483870967741935,92.336
1250,3,0.0,106.66666666666667
1251,53,0.011611030478955007,89.16981132075472
1252,96,0.009649122807017544,75.46875
1253,5,0.0,98.0
1254,13,0.038461538461538464,224.76923076923077
1255,17,0.007352941176470588,80.0
1256,21,0.01904761904761905,125.28571428571429
1257,58,0.016333938294010888,99.3103448275862
1258,105,0.011904761904761904,97.17142857142858
1259,79,0.009737098344693282,84.41772151898734
1260,11,0.0,104.27272727272727
1261,9,0.08333333333333333,78.22222222222223
1262,24,0.025362318840579712,100.20833333333333
1263,12,0.045454545454545456,189.41666666666666
1264,5,0.0,98.8
1265,46,0.01352657004830918,92.47826086956522
1266,65,0.015384615384615385,109.0923076923077
1267,26,0.006153846153846154,94.07692307692308
1268,10,0.022222222222222223,90.5
1269,57,0.020676691729323307,121.08771929824562
1270,13,0.01282051282051282,46.46153846153846
1271,6,0.0,108.16666666666667
1272,76,0.008771929824561403,92.72368421052632
1273,26,0.006153846153846154,118.76923076923077
1274,0,0.0,0.0
1275,22,0.004329004329004329,80.77272727272727
1276,52,0.013574660633484163,99.1923076923077
1277,2,0.0,31.0
1278,3,0.0,469.6666666666667
1279,27,0.011396011396011397,116.0
1280,24,0.014492753623188406,118.79166666666667
1281,10,0.0,67.9
1282,10,0.022222222222222223,54.8
1283,1,0.0,22.0
1284,0,0.0,0.0
1285,48,0.00975177304964539,96.45833333333333
1286,77,0.013328776486671223,99.63636363636364
1287,30,0.006896551724137931,80.76666666666667
1288,98,0.010098884914790659,86.15306122448979
1289,12,0.0,47.916666666666664
1290,82,0.01084010840108401,82.59756097560975
1291,26,0.018461538461538463,114.07692307692308
1292,13,0.02564102564102564,119.92307692307692
1293,13,0.01282051282051282,118.76923076923077
1294,132,0.01272264631043257,99.74242424242425
1295,29,0.017241379310344827,109.75862068965517
1296,36,0.015873015873015872,110.02777777777777
1297,12,0.0,108.75
1298,34,0.016042780748663103,86.02941176470588
1299,7,0.0,90.14285714285714
1300,40,0.00641025641025641,75.675
1301,50,0.009795918367346938,76.22
1302,119,0.012818686796752599,96.46218487394958
1303,45,0.022222222222222223,114.66666666666667
1304,0,0.0,0.0
1305,74,0.008515364679748241,83.37837837837837
1306,55,0.02154882154882155,117.14545454545454
1307,30,0.013793103448275862,99.96666666666667
1308,22,0.0,58.04545454545455
1309,52,0.010558069381598794,89.21153846153847
1310,15,0.0,45.0
1311,22,0.012987012987012988,81.13636363636364
1312,6,0.0,184.66666666666666
1313,2,0.0,16.0
1314,12,0.015151515151515152,80.0
1315,10,0.022222222222222223,249.2
1316,23,0.015810276679841896,124.08695652173913
1317,6,0.06666666666666667,88.5
1318,19,0.011695906432748537,99.0
1319,1,0.0,52.0
1320,17,0.029411764705882353,65.52941176470588
1321,82,0.013550135501355014,96.79268292682927
1322,31,0.010752688172043012,110.90322580645162
1323,4,0.0,59.75
1324,98,0.014306753629286767,107.61224489795919
1325,1,0.0,5.0
1326,16,0.025,136.3125
1327,8,0.0,54.25
1328,74,0.01740096260644206,119.54054054054055
1329,28,0.005291005291005291,71.75
1330,24,0.018115942028985508,72.375
1331,11,0.01818181818181818,107.36363636363636
1332,17,0.014705882352941176,106.41176470588235
1333,125,0.017161290322580645,114.616
1334,311,0.013131417902707188,98.51768488745981
1335,51,0.01568627450980392,108.17647058823529
1336,16,0.0,77.5
1337,235,0.01458446990361884,102.51063829787235
1338,3,0.0,76.66666666666667
1339,12,0.0,91.66666666666667
1340,24,0.007246376811594203,74.375
1341,13,0.0,71.61538461538461
1342,12,0.0,73.33333333333333
1343,38,0.011379800853485065,91.60526315789474
1344,22,0.004329004329004329,81.27272727272727
1345,39,0.008097165991902834,90.46153846153847
1346,57,0.014411027568922305,106.21052631578948
1347,81,0.022222222222222223,128.679012345679
1348,143,0.01753176401063725,114.67832167832168
1349,106,0.009164420485175202,79.43396226415095
1350,20,0.015789473684210527,181.8
1351,7,0.09523809523809523,163.28571428571428
1352,7,0.0,77.71428571428571
1353,72,0.012519561815336464,103.625
1354,26,0.009230769230769232,103.92307692307692
1355,29,0.017241379310344827,99.17241379310344
1356,15,0.02857142857142857,184.46666666666667
1357,86,0.01121751025991792,95.23255813953489
1358,38,0.011379800853485065,99.5
1359,4,0.0,101.25
1360,18,0.006535947712418301,66.55555555555556
1361,4,0.0,117.5
1362,9,0.0,51.55555555555556
1363,21,0.01904761904761905,132.95238095238096
1364,0,0.0,0.0
1365,0,0.0,0.0
1366,146,0.012659423712801134,90.76712328767124
1367,64,0.012896825396825396,106.21875
1368,109,0.014271151885830785,96.5137614678899
1369,5,0.0,49.0
1370,45,0.022222222222222223,126.42222222222222
1371,63,0.016897081413210446,129.85714285714286
1372,22,0.004329004329004329,84.0909090909091
1373,51,0.009411764705882352,89.2156862745098
1374,78,0.012987012987012988,98.37179487179488
1375,34,0.0196078431372549,111.61764705882354
1376,4,0.0,125.5
1377,34,0.008912655971479501,69.97058823529412
1378,14,0.01098901098901099,95.71428571428571
1379,14,0.01098901098901099,94.78571428571429
1380,13,0.0,118.84615384615384
1381,8,0.0,84.375
1382,5,0.0,122.6
1383,50,0.013877551020408163,110.8
1384,16,0.03333333333333333,77.6875
1385,12,0.0,58.833333333333336
1386,38,0.011379800853485065,75.57894736842105
1387,0,0.0,0.0
1388,49,0.0195578231292517,95.77551020408163
1389,0,0.0,0.0
1390,10,0.0,79.5
1391,42,0.008130081300813009,68.38095238095238
1392,5,0.0,82.6
1393,36,0.007936507936507936,97.63888888888889
1394,80,0.013291139240506329,98.6125
1395,74,0.021843761569788966,112.48648648648648
1396,2,0.0,16.5
1397,26,0.024615384615384615,159.42307692307693
1398,9,0.027777777777777776,103.11111111111111
1399,1,0.0,2.0
1400,64,0.015873015873015872,107.109375
1401,173,0.015593493749159833,109.02890173410404
1402,10,0.0,143.7
1403,83,0.013223626212165737,96.71084337349397
1404,19,0.0,55.63157894736842
1405,40,0.011538461538461539,93.775
1406,30,0.034482758620689655,149.96666666666667
1407,22,0.03463203463203463,163.72727272727272
1408,41,0.014634146341463415,102.51219512195122
1409,0,0.0,0.0
1410,34,0.0106951871657754,97.26470588235294
1411,5,0.0,133.8
1412,27,0.005698005698005698,71.51851851851852
1413,15,0.01904761904761905,114.66666666666667
1414,10,0.0,38.7
1415,11,0.0,109.72727272727273
1416,29,0.0049261083743842365,76.41379310344827
1417,5,0.0,139.8
1418,218,0.010188982370101045,90.68807339449542
1419,0,0.0,0.0
1420,15,0.0,84.26666666666667
1421,124,0.011408339889850511,96.30645161290323
1422,17,0.0,62.705882352941174
1423,23,0.02766798418972332,129.65217391304347
1424,47,0.010175763182238668,93.27659574468085
1425,4,0.0,103.0
1426,5,0.0,84.0
1427,9,0.0,74.88888888888889
1428,18,0.006535947712418301,107.44444444444444
1429,25,0.006666666666666667,119.64
1430,42,0.009291521486643438,93.80952380952381
1431,37,0.009009009009009009,107.08108108108108
1432,40,0.028205128205128206,120.975
1433,14,0.0,139.42857142857142
1434,12,0.015151515151515152,45.083333333333336
1435,1,0.0,10.0
1436,25,0.023333333333333334,96.56
1437,6,0.0,127.66666666666667
1438,4,0.0,58.75
1439,32,0.008064516129032258,79.1875
1440,7,0.047619047619047616,104.14285714285714
1441,24,0.010869565217391304,119.08333333333333
1442,140,0.016341212744090443,107.27857142857142
1443,2,0.0,65.5
1444,32,0.04233870967741935,138.28125
1445,24,0.010869565217391304,93.33333333333333
1446,6,0.0,126.16666666666667
1447,19,0.011695906432748537,61.78947368421053
1448,2,0.0,61.5
1449,27,0.02564102564102564,142.59259259259258
1450,141,0.02066869300911854,122.26950354609929
1451,4,0.0,54.25
1452,6,0.0,53.333333333333336
1453,2,0.0,72.0
1454,2,0.0,57.0
1455,23,0.019762845849802372,145.95652173913044
1456,62,0.015335801163405606,102.61290322580645
1457,3,0.0,66.0
1458,12,0.015151515151515152,113.08333333333333
1459,16,0.008333333333333333,85.1875
1460,13,0.0641025641025641,120.07692307692308
1461,15,0.009523809523809525,104.2
1462,25,0.006666666666666667,84.28
1463,5,0.0,58.4
1464,6,0.0,80.16666666666667
1465,0,0.0,0.0
1466,151,0.010242825607064018,87.78807947019868
1467,14,0.0,92.85714285714286
1468,9,0.0,92.55555555555556
1469,17,0.0,55.23529411764706
1470,21,0.014285714285714285,133.1904761904762
1471,36,0.014285714285714285,105.38888888888889
1472,5,0.0,67.4
1473,91,0.011721611721611722,102.97802197802197
1474,7,0.0,135.0
1475,5,0.0,139.4
1476,5,0.0,109.2
1477,7,0.0,72.85714285714286
1478,5,0.0,113.0
1479,92,0.020544672718585764,132.7391304347826
1480,19,0.005847953216374269,78.42105263157895
1481,66,0.01724941724941725,102.95454545454545
1482,2,0.0,217.5
1483,7,0.0,55.0
1484,6,0.0,139.33333333333334
1485,38,0.008534850640113799,69.71052631578948
1486,17,0.0,76.41176470588235
1487,11,0.0,93.27272727272727
1488,25,0.006666666666666667,66.36
1489,1,0.0,62.0
1490,103,0.017323434228060156,121.66019417475728
1491,21,0.01904761904761905,97.57142857142857
1492,28,0.010582010582010581,99.07142857142857
1493,140,0.014182939362795478,107.47142857142858
1494,3,0.0,147.66666666666666
1495,7,0.0,44.0
1496,1,0.0,75.0
1497,23,0.0,77.65217391304348
1498,64,0.009424603174603174,81.90625
1499,21,0.009523809523809525,115.38095238095238
1500,6,0.0,93.66666666666667
1501,3,0.0,181.0
1502,51,0.008627450980392156,84.19607843137256
1503,15,0.009523809523809525,126.66666666666667
1504,43,0.008859357696566999,86.93023255813954
1505,15,0.0,50.13333333333333
1506,6,0.0,27.666666666666668
1507,2,0.0,221.5
1508,17,0.007352941176470588,82.6470588235294
1509,5,0.1,66.8
1510,15,0.01904761904761905,125.46666666666667
1511,27,0.014245014245014245,97.29629629629629
1512,18,0.006535947712418301,69.55555555555556
1513,108,0.009691934925579786,89.18518518518519
1514,52,0.008295625942684766,72.21153846153847
1515,100,0.018787878787878787,118.09
1516,0,0.0,0.0
1517,9,0.027777777777777776,88.0
1518,7,0.0,127.71428571428571
1519,5,0.0,68.2
1520,11,0.01818181818181818,116.27272727272727
1521,365,0.013969592051783832,102.33972602739726
1522,25,0.006666666666666667,97.4
1523,12,0.0,47.166666666666664
1524,17,0.007352941176470588,94.52941176470588
1525,43,0.0033222591362126247,76.86046511627907
1526,15,0.009523809523809525,77.33333333333333
1527,11,0.0,65.9090909090909
1528,60,0.020903954802259886,112.18333333333334
1529,48,0.01152482269503546,84.64583333333333
1530,21,0.004761904761904762,105.19047619047619
1531,2,0.0,77.5
1532,137,0.011914984972091026,98.06569343065694
1533,4,0.0,82.25
1534,6,0.0,59.166666666666664
1535,88,0.009404388714733543,96.93181818181819
1536,33,0.020833333333333332,96.57575757575758
1537,29,0.009852216748768473,105.82758620689656
1538,36,0.009523809523809525,81.08333333333333
1539,47,0.012025901942645698,100.46808510638297
1540,135,0.011276948590381426,96.72592592592592
1541,9,0.027777777777777776,82.33333333333333
1542,34,0.008912655971479501,97.91176470588235
1543,3,0.0,74.66666666666667
1544,10,0.0,56.9
1545,14,0.01098901098901099,96.28571428571429
1546,60,0.011299435028248588,87.6
1547,17,0.014705882352941176,66.52941176470588
1548,80,0.018037974683544303,114.475
1549,27,0.014245014245014245,79.37037037037037
1550,7,0.0,92.0
1551,9,0.0,78.66666666666667
1552,6,0.0,131.0
1553,27,0.011396011396011397,72.66666666666667
1554,41,0.007317073170731708,91.5609756097561
1555,4,0.0,122.75
1556,19,0.005847953216374269,87.15789473684211
1557,16,0.008333333333333333,97.6875
1558,15,0.01904761904761905,144.2
1559,1,0.0,126.0
1560,17,0.014705882352941176,126.82352941176471
1561,48,0.00975177304964539,76.29166666666667
1562,6,0.0,42.5
1563,3,0.0,12.333333333333334
1564,18,0.05228758169934641,166.66666666666666
1565,13,0.0,99.6923076923077
1566,0,0.0,0.0
1567,5,0.0,130.8
1568,52,0.007541478129713424,74.23076923076923
1569,95,0.023964165733482642,144.86315789473684
1570,61,0.010382513661202186,93.91803278688525
1571,15,0.02857142857142857,118.4
1572,3,0.0,153.66666666666666
1573,28,0.0026455026455026454,91.82142857142857
1574,27,0.008547008547008548,63.851851851851855
1575,20,0.010526315789473684,66.35
1576,12,0.06060606060606061,96.75
1577,21,0.02857142857142857,161.9047619047619
1578,6,0.0,103.33333333333333
1579,35,0.010084033613445379,84.14285714285714
1580,5,0.0,82.2
1581,13,0.01282051282051282,124.23076923076923
1582,10,0.0,63.3
1583,220,0.013242009132420091,100.29545454545455
1584,14,0.0,72.57142857142857
1585,6,0.0,138.66666666666666
1586,35,0.008403361344537815,109.65714285714286
1587,5,0.0,98.6
1588,7,0.0,26.857142857142858
1589,28,0.007936507936507936,99.17857142857143
1590,32,0.006048387096774193,76.21875
1591,81,0.01728395061728395,108.22222222222223
1592,20,0.005263157894736842,86.45
1593,61,0.022404371584699455,122.0327868852459
1594,13,0.0,42.38461538461539
1595,63,0.0056323604710701485,68.7936507936508
1596,25,0.0033333333333333335,74.56
1597,99,0.020202020202020204,132.66666666666666
1598,24,0.0036231884057971015,54.083333333333336
1599,5,0.1,324.2
1600,7,0.0,75.42857142857143
1601,33,0.011363636363636364,88.66666666666667
1602,1,0.0,69.0
1603,3,0.0,220.66666666666666
1604,1,0.0,14.0
1605,14,0.0,47.92857142857143
1606,0,0.0,0.0
1607,13,0.01282051282051282,43.84615384615385
1608,9,0.0,58.77777777777778
1609,11,0.0,87.72727272727273
1610,17,0.029411764705882353,96.70588235294117
1611,42,0.010452961672473868,85.45238095238095
1612,0,0.0,0.0
1613,33,0.015151515151515152,122.18181818181819
1614,28,0.005291005291005291,72.92857142857143
1615,13,0.0,64.6923076923077
1616,0,0.0,0.0
1617,19,0.0,55.421052631578945
1618,19,0.011695906432748537,93.63157894736842
1619,14,0.01098901098901099,74.0
1620,1,0.0,10.0
1621,212,0.012384869891800054,97.05660377358491
1622,4,0.0,85.75
1623,174,0.011095608265231547,100.5
1624,32,0.012096774193548387,83.875
1625,13,0.02564102564102564,137.69230769230768
1626,62,0.013220518244315178,90.09677419354838
1627,3,0.0,302.3333333333333
1628,9,0.027777777777777776,85.33333333333333
1629,9,0.0,74.22222222222223
1630,0,0.0,0.0
1631,89,0.013534218590398366,110.02247191011236
1632,88,0.014890282131661442,109.3409090909091
1633,5,0.0,95.2
1634,85,0.007282913165266107,81.17647058823529
1635,22,0.0,68.45454545454545
1636,4,0.0,44.0
1637,23,0.011857707509881422,94.08695652173913
1638,44,0.006342494714587738,82.72727272727273
1639,39,0.009446693657219974,122.76923076923077
1640,143,0.01930463902294888,118.65034965034965
1641,88,0.024817136886102403,139.1818181818182
1642,42,0.0011614401858304297,66.52380952380952
1643,50,0.0163265306122449,103.7
1644,7,0.047619047619047616,86.57142857142857
1645,39,0.022941970310391364,158.02564102564102
1646,148,0.019121161978304834,117.39189189189189
1647,23,0.0,87.47826086956522
1648,40,0.017948717948717947,98.875
1649,6,0.0,66.83333333333333
1650,18,0.0196078431372549,144.16666666666666
1651,17,0.007352941176470588,83.29411764705883
1652,27,0.005698005698005698,79.29629629629629
1653,3,0.0,70.0
1654,108,0.012807199723087574,101.21296296296296
1655,81,0.015123456790123457,117.93827160493827
1656,13,0.01282051282051282,60.0
1657,106,0.017070979335130278,119.47169811320755
1658,55,0.009427609427609427,94.63636363636364
1659,1,0.0,111.0
1660,10,0.022222222222222223,69.8
1661,37,0.009009009009009009,68.62162162162163
1662,5,0.0,101.4
1663,13,0.0,79.84615384615384
1664,6,0.0,35.666666666666664
1665,3,0.0,11.0
1666,1,0.0,101.0
1667,41,0.00975609756097561,107.36585365853658
1668,2,0.0,38.0
1669,39,0.018893387314439947,120.58974358974359
1670,47,0.014801110083256245,99.63829787234043
1671,226,0.013726647000983284,102.5575221238938
1672,2,0.0,25.0
1673,32,0.004032258064516129,60.15625
1674,9,0.0,65.33333333333333
1675,56,0.012987012987012988,93.41071428571429
1676,74,0.008515364679748241,84.56756756756756
1677,41,0.018292682926829267,132.02439024390245
1678,30,0.027586206896551724,146.46666666666667
1679,34,0.016042780748663103,95.6470588235294
1680,6,0.0,136.66666666666666
1681,17,0.007352941176470588,56.529411764705884
1682,17,0.0,114.88235294117646
1683,37,0.01951951951951952,131.40540540540542
1684,196,0.014495028780743066,108.06122448979592
1685,25,0.013333333333333334,85.76
1686,4,0.0,37.75
1687,2,0.0,51.5
1688,12,0.0,115.91666666666667
1689,45,0.015151515151515152,87.88888888888889
1690,33,0.0,63.878787878787875
1691,15,0.01904761904761905,64.6
1692,37,0.013513513513513514,122.45945945945945
1693,14,0.0,64.5
1694,9,0.027777777777777776,121.0
1695,56,0.014935064935064935,109.625
1696,70,0.016563146997929608,102.34285714285714
1697,1,0.0,12.0
1698,80,0.008227848101265823,81.975
1699,1,0.0,40.0
1700,25,0.01,98.32
1701,5,0.0,43.6
1702,25,0.013333333333333334,128.28
1703,14,0.0,102.64285714285714
1704,31,0.008602150537634409,83.48387096774194
1705,2,0.0,24.0
1706,17,0.014705882352941176,145.76470588235293
1707,42,0.012775842044134728,96.04761904761905
1708,25,0.006666666666666667,67.08
1709,2,0.0,75.5
1710,17,0.014705882352941176,59.76470588235294
1711,15,0.009523809523809525,51.0
1712,30,0.004597701149425287,77.1
1713,4,0.0,429.25
1714,52,0.01282051282051282,79.15384615384616
1715,44,0.010570824524312896,97.4090909090909
1716,6,0.0,86.83333333333333
1717,23,0.007905138339920948,104.52173913043478
1718,20,0.010526315789473684,136.15
1719,14,0.01098901098901099,92.0
1720,14,0.0,75.14285714285714
1721,11,0.01818181818181818,104.45454545454545
1722,32,0.012096774193548387,102.0
1723,15,0.0,56.53333333333333
1724,87,0.016305800588078054,115.41379310344827
1725,39,0.01349527665317139,81.15384615384616
1726,18,0.0196078431372549,102.33333333333333
1727,12,0.015151515151515152,130.33333333333334
1728,18,0.006535947712418301,79.38888888888889
1729,8,0.0,57.75
1730,2,0.0,88.0
1731,15,0.01904761904761905,73.93333333333334
1732,70,0.009937888198757764,93.71428571428571
1733,24,0.0,67.08333333333333
1734,36,0.025396825396825397,131.11111111111111
1735,24,0.021739130434782608,65.54166666666667
1736,15,0.009523809523809525,128.06666666666666
1737,7,0.0,107.71428571428571
1738,12,0.0,60.25
1739,75,0.013693693693693694,92.85333333333334
1740,46,0.01932367149758454,148.15217391304347
1741,19,0.0,65.3157894736842
1742,14,0.0,60.0
1743,24,0.007246376811594203,72.375
1744,73,0.01445966514459665,101.45205479452055
1745,22,0.012987012987012988,90.27272727272727
1746,169,0.014440687517610594,103.79289940828403
1747,87,0.014434643143544507,124.5632183908046
1748,30,0.03218390804597701,191.96666666666667
1749,8,0.0,69.75
1750,24,0.0036231884057971015,78.25
1751,5,0.0,56.0
1752,31,0.012903225806451613,97.83870967741936
1753,208,0.0126347082868822,98.70192307692308
1754,5,0.1,104.8
1755,19,0.005847953216374269,77.6842105263158
1756,1,0.0,198.0
1757,39,0.014844804318488529,114.58974358974359
1758,8,0.0,48.0
1759,77,0.010936431989063569,90.44155844155844
1760,30,0.009195402298850575,81.26666666666667
1761,1,0.0,175.0
1762,36,0.007936507936507936,78.55555555555556
1763,12,0.0,48.5
1764,43,0.008859357696566999,93.83720930232558
1765,39,0.005398110661268556,84.0
1766,22,0.017316017316017316,85.0
1767,24,0.018115942028985508,100.95833333333333
1768,26,0.015384615384615385,95.76923076923077
1769,6,0.0,70.16666666666667
1770,15,0.01904761904761905,110.4
1771,19,0.023391812865497075,103.3157894736842
1772,16,0.025,82.875
1773,5,0.0,66.0
1774,30,0.006896551724137931,102.66666666666667
1775,41,0.013414634146341463,94.34146341463415
1776,63,0.011264720942140297,78.88888888888889
1777,48,0.005319148936170213,69.85416666666667
1778,6,0.0,113.83333333333333
1779,16,0.008333333333333333,61.5
1780,1,0.0,183.0
1781,42,0.029036004645760744,137.64285714285714
1782,11,0.01818181818181818,165.1818181818182
1783,38,0.012802275960170697,105.05263157894737
1784,11,0.03636363636363636,155.63636363636363
1785,44,0.016913319238900635,128.88636363636363
1786,19,0.023391812865497075,113.0
1787,60,0.014689265536723164,93.46666666666667
1788,7,0.0,95.85714285714286
1789,14,0.0,90.64285714285714
1790,110,0.021517931609674728,138.01818181818183
1791,10,0.022222222222222223,45.6
1792,18,0.013071895424836602,85.16666666666667
1793,19,0.017543859649122806,87.42105263157895
1794,110,0.009841534612176813,80.15454545454546
1795,7,0.09523809523809523,91.57142857142857
1796,1,0.0,81.0
1797,2,0.0,336.0
1798,13,0.01282051282051282,91.53846153846153
1799,8,0.03571428571428571,171.0
1800,52,0.01885369532428356,103.07692307692308
1801,32,0.008064516129032258,86.84375
1802,22,0.0,71.5
1803,2,0.0,104.0
1804,2,0.0,82.5
1805,119,0.018373451075345392,108.4873949579832
1806,36,0.01904761904761905,115.86111111111111
1807,23,0.011857707509881422,107.69565217391305
1808,260,0.012087912087912088,100.26538461538462
1809,5,0.0,36.6
1810,51,0.01568627450980392,112.41176470588235
1811,8,0.03571428571428571,80.25
1812,47,0.01942645698427382,124.38297872340425
1813,21,0.02857142857142857,142.1904761904762
1814,50,0.014693877551020407,111.36
1815,24,0.014492753623188406,99.83333333333333
1816,32,0.010080645161290322,99.0625
1817,13,0.01282051282051282,110.38461538461539
1818,108,0.015749394254067153,101.33333333333333
1819,19,0.0,64.52631578947368
1820,5,0.0,76.2
1821,43,0.026578073089700997,142.51162790697674
1822,9,0.0,65.22222222222223
1823,10,0.0,101.1
1824,8,0.0,31.125
1825,21,0.014285714285714285,118.95238095238095
1826,0,0.0,0.0
1827,7,0.0,98.42857142857143
1828,10,0.022222222222222223,160.3
1829,2,0.0,211.5
1830,39,0.010796221322537112,101.05128205128206
1831,28,0.021164021164021163,93.96428571428571
1832,5,0.0,128.2
1833,4,0.0,42.25
1834,150,0.012796420581655482,100.25333333333333
1835,125,0.020129032258064516,123.376
1836,215,0.013214518582916758,97.06046511627908
1837,16,0.025,75.4375
1838,93,0.02314165497896213,124.90322580645162
1839,63,0.011776753712237584,103.60317460317461
1840,42,0.030197444831591175,161.1904761904762
1841,8,0.10714285714285714,230.5
1842,32,0.020161290322580645,111.3125
1843,3,0.0,32.333333333333336
1844,363,0.013043544434805108,101.54545454545455
1845,16,0.0,52.5625
1846,25,0.006666666666666667,78.08
1847,11,0.01818181818181818,78.36363636363636
1848,2,0.0,129.5
1849,11,0.0,58.81818181818182
1850,50,0.012244897959183673,100.68
1851,155,0.01097612065354001,92.92903225806451
1852,34,0.016042780748663103,125.5
1853,47,0.013876040703052728,89.8936170212766
1854,31,0.004301075268817204,101.96774193548387
1855,3,0.0,44.0
1856,0,0.0,0.0
1857,27,0.017094017094017096,89.33333333333333
1858,117,0.01606248157972296,112.4017094017094
1859,89,0.02553626149131767,141.4943820224719
1860,51,0.011764705882352941,98.58823529411765
1861,3,0.0,84.0
1862,283,0.014710673382953662,104.78798586572438
1863,41,0.024390243902439025,119.90243902439025
1864,5,0.0,79.6
1865,116,0.009145427286356821,84.92241379310344
1866,12,0.045454545454545456,85.33333333333333
1867,23,0.003952569169960474,95.3913043478261
1868,12,0.0,117.83333333333333
1869,35,0.01680672268907563,106.85714285714286
1870,56,0.016233766233766232,118.91071428571429
1871,37,0.0075075075075075074,73.94594594594595
1872,13,0.0,137.76923076923077
1873,2,0.0,12.0
1874,6,0.0,33.5
1875,116,0.017541229385307347,118.42241379310344
1876,85,0.018207282913165267,119.07058823529412
1877,77,0.011278195488721804,90.63636363636364
1878,3,0.0,33.666666666666664
1879,11,0.01818181818181818,201.0
1880,3,0.0,48.0
1881,23,0.015810276679841896,100.43478260869566
1882,13,0.02564102564102564,106.76923076923077
1883,46,0.018357487922705314,98.76086956521739
1884,31,0.010752688172043012,80.70967741935483
1885,29,0.007389162561576354,60.724137931034484
1886,48,0.0070921985815602835,85.0
1887,75,0.009369369369369369,101.53333333333333
1888,28,0.013227513227513227,92.71428571428571
1889,187,0.015237766660916566,110.81283422459893
1890,8,0.07142857142857142,120.75
1891,14,0.01098901098901099,88.71428571428571
1892,42,0.013937282229965157,102.19047619047619
1893,25,0.006666666666666667,86.24
1894,8,0.03571428571428571,99.875
1895,22,0.025974025974025976,106.77272727272727
1896,40,0.023076923076923078,139.125
1897,26,0.015384615384615385,105.3076923076923
1898,12,0.0,65.58333333333333
1899,9,0.0,28.77777777777778
1900,6,0.0,57.0
1901,4,0.0,57.0
1902,181,0.01387354205033763,101.52486187845304
1903,1,0.0,95.0
1904,52,0.017345399698340876,117.07692307692308
1905,59,0.010520163646990065,93.22033898305085
1906,12,0.030303030303030304,181.25
1907,32,0.018145161290322582,109.46875
1908,43,0.013289036544850499,93.16279069767442
1909,213,0.012312870936309683,97.69483568075117
1910,42,0.024390243902439025,131.3095238095238
1911,4,0.0,78.0
1912,29,0.019704433497536946,120.65517241379311
1913,40,0.0038461538461538464,86.875
1914,6,0.0,45.0
1915,89,0.009448416751787538,89.26966292134831
1916,3,0.0,42.666666666666664
1917,25,0.006666666666666667,85.64
1918,8,0.03571428571428571,124.25
1919,1,0.0,74.0
1920,82,0.01656127672387835,108.84146341463415
1921,15,0.0,89.73333333333333
1922,25,0.02,69.48
1923,60,0.023163841807909605,117.15
1924,0,0.0,0.0
1925,16,0.008333333333333333,53.4375
1926,32,0.014112903225806451,85.84375
1927,33,0.017045454545454544,100.57575757575758
1928,68,0.009657594381035996,84.58823529411765
1929,51,0.006274509803921568,72.03921568627452
1930,2,0.0,114.5
1931,10,0.0,48.8
1932,65,0.013461538461538462,96.58461538461539
1933,77,0.017088174982911826,117.85714285714286
1934,10,0.0,56.9
1935,12,0.015151515151515152,116.5
1936,69,0.01918158567774936,126.20289855072464
1937,14,0.0,70.85714285714286
1938,49,0.015306122448979591,91.40816326530613
1939,39,0.009446693657219974,84.6923076923077
1940,2,0.0,118.0
1941,79,0.016553067185978577,109.12658227848101
1942,15,0.01904761904761905,100.0
1943,84,0.010613884107860011,96.4047619047619
1944,54,0.014675052410901468,80.0
1945,6,0.06666666666666667,81.5
1946,22,0.008658008658008658,56.77272727272727
1947,28,0.026455026455026454,195.28571428571428
1948,42,0.006968641114982578,72.71428571428571
1949,44,0.015856236786469344,114.0
1950,1,0.0,180.0
1951,5,0.0,63.2
1952,132,0.015151515151515152,100.16666666666667
1953,25,0.006666666666666667,121.88
1954,5,0.0,157.8
1955,40,0.01282051282051282,122.575
1956,11,0.0,79.54545454545455
1957,31,0.010752688172043012,87.80645161290323
1958,131,0.014679976512037582,113.07633587786259
1959,18,0.026143790849673203,126.5
1960,9,0.0,66.22222222222223
1961,1,0.0,88.0
1962,59,0.01928696668614845,116.7457627118644
1963,3,0.0,122.0
1964,20,0.010526315789473684,65.55
1965,0,0.0,0.0
1966,3,0.0,23.333333333333332
1967,5,0.0,80.4
1968,94,0.012582932967284374,93.63829787234043
1969,35,0.010084033613445379,90.25714285714285
1970,5,0.0,123.0
1971,11,0.03636363636363636,132.8181818181818
1972,45,0.015151515151515152,97.97777777777777
1973,22,0.004329004329004329,98.31818181818181
1974,46,0.017391304347826087,94.93478260869566
1975,51,0.010980392156862745,96.27450980392157
1976,15,0.009523809523809525,100.06666666666666
1977,1,0.0,116.0
1978,3,0.0,86.33333333333333
1979,8,0.07142857142857142,187.5
1980,23,0.02766798418972332,126.82608695652173
1981,2,0.0,89.0
1982,8,0.0,64.0
1983,8,0.0,83.875
1984,25,0.03666666666666667,136.0
1985,11,0.03636363636363636,86.18181818181819
1986,19,0.0,78.0
1987,35,0.01680672268907563,129.22857142857143
1988,12,0.045454545454545456,243.41666666666666
1989,5,0.0,143.0
1990,5,0.0,158.4
1991,23,0.007905138339920948,101.1304347826087
1992,54,0.011879804332634521,97.96296296296296
1993,48,0.00975177304964539,65.95833333333333
1994,9,0.0,59.333333333333336
1995,62,0.01110523532522475,98.80645161290323
1996,3,0.0,51.333333333333336
1997,7,0.0,20.285714285714285
1998,52,0.016591251885369532,121.38461538461539
1999,95,0.02038073908174692,136.26315789473685
2000,26,0.003076923076923077,97.42307692307692
2001,0,0.0,0.0
2002,12,0.0,108.75
2003,0,0.0,0.0
2004,7,0.0,58.857142857142854
2005,16,0.0,75.9375
2006,4,0.0,94.75
2007,33,0.00946969696969697,112.93939393939394
2008,15,0.009523809523809525,78.46666666666667
2009,8,0.0,51.125
2010,56,0.012987012987012988,88.55357142857143
2011,56,0.011688311688311689,103.92857142857143
2012,103,0.010850942318675044,85.54368932038835
2013,5,0.0,63.4
2014,30,0.011494252873563218,100.8
2015,57,0.022556390977443608,141.52631578947367
2016,5,0.0,107.8
2017,20,0.005263157894736842,63.9
2018,25,0.0,113.2
2019,76,0.013333333333333334,113.97368421052632
2020,27,0.008547008547008548,106.25925925925925
2021,11,0.0,62.45454545454545
2022,39,0.008097165991902834,112.23076923076923
2023,7,0.0,52.0
2024,0,0.0,0.0
2025,42,0.016260162601626018,109.71428571428571
2026,63,0.014336917562724014,116.77777777777777
2027,16,0.03333333333333333,177.0625
2028,58,0.013914095583787053,88.91379310344827
2029,45,0.022222222222222223,140.6
2030,25,0.01,79.48
2031,16,0.016666666666666666,59.8125
2032,148,0.013237727523441808,102.51351351351352
2033,15,0.0,91.13333333333334
2034,107,0.012343502027861048,100.16822429906541
2035,3,0.0,33.666666666666664
2036,48,0.0070921985815602835,104.70833333333333
2037,31,0.01935483870967742,124.61290322580645
2038,12,0.0,65.08333333333333
2039,78,0.009324009324009324,79.65384615384616
2040,1,0.0,22.0
2041,127,0.00987376577927759,91.60629921259843
2042,9,0.0,64.11111111111111
2043,53,0.018142235123367198,105.43396226415095
2044,59,0.015780245470485097,111.35593220338983
2045,4,0.0,82.5
2046,3,0.0,67.66666666666667
2047,51,0.0196078431372549,118.09803921568627
2048,44,0.004228329809725159,77.54545454545455
2049,109,0.018518518518518517,110.19266055045871
2050,17,0.0,92.88235294117646
2051,20,0.005263157894736842,82.3
2052,26,0.015384615384615385,93.76923076923077
2053,75,0.015855855855855857,107.88
2054,17,0.007352941176470588,85.23529411764706
2055,80,0.01139240506329114,98.6875
2056,30,0.004597701149425287,75.2
2057,56,0.006493506493506494,93.05357142857143
2058,3,0.0,60.333333333333336
2059,3,0.0,26.0
2060,57,0.011278195488721804,96.49122807017544
2061,21,0.009523809523809525,90.76190476190476
2062,14,0.0,60.357142857142854
2063,71,0.013682092555331992,105.98591549295774
2064,40,0.011538461538461539,99.875
2065,19,0.005847953216374269,80.89473684210526
2066,10,0.0,78.4
2067,134,0.015486477387498598,105.78358208955224
2068,59,0.018118059614260665,112.20338983050847
2069,202,0.010295059356681936,89.79702970297029
2070,4,0.0,107.25
2071,0,0.0,0.0
2072,1,0.0,61.0
2073,17,0.0,58.529411764705884
2074,256,0.019393382352941177,118.4921875
2075,284,0.013960085601950929,101.80281690140845
2076,2,0.0,31.5
2077,25,0.01,63.48
2078,3,0.0,117.33333333333333
2079,1,0.0,167.0
2080,28,0.03968253968253968,144.78571428571428
2081,13,0.0,72.92307692307692
2082,24,0.014492753623188406,79.16666666666667
2083,39,0.020242914979757085,127.1025641025641
2084,5,0.0,94.6
2085,16,0.0,100.5625
2086,43,0.006644518272425249,83.18604651162791
2087,74,0.01814142910033321,110.78378378378379
2088,54,0.01816911250873515,127.37037037037037
2089,24,0.021739130434782608,131.83333333333334
2090,0,0.0,0.0
2091,18,0.013071895424836602,129.22222222222223
2092,16,0.03333333333333333,135.0625
2093,201,0.019950248756218904,120.92039800995025
2094,50,0.0163265306122449,105.86
2095,5,0.0,61.4
2096,69,0.010230179028132993,92.10144927536231
2097,19,0.0,72.78947368421052
2098,0,0.0,0.0
2099,9,0.027777777777777776,173.66666666666666
2100,4,0.0,66.0
2101,1,0.0,1480.0
2102,7,0.0,199.14285714285714
2103,30,0.011494252873563218,100.4
2104,28,0.023809523809523808,95.35714285714286
2105,23,0.003952569169960474,41.69565217391305
2106,50,0.014693877551020407,103.94
2107,168,0.02102936983176504,135.46428571428572
2108,2,0.0,244.5
2109,11,0.0,131.27272727272728
2110,2,0.0,33.0
2111,9,0.0,55.111111111111114
2112,1,0.0,5.0
2113,43,0.02547065337763012,138.8139534883721
2114,10,0.022222222222222223,82.2
2115,26,0.018461538461538463,126.26923076923077
2116,21,0.014285714285714285,96.52380952380952
2117,4,0.0,162.75
2118,1,0.0,5.0
2119,90,0.019225967540574283,128.46666666666667
2120,8,0.03571428571428571,86.5
2121,5,0.0,72.8
2122,90,0.010486891385767791,100.0111111111111
2123,22,0.0,71.86363636363636
2124,6,0.0,22.833333333333332
2125,46,0.012560386473429951,101.19565217391305
2126,16,0.008333333333333333,126.375
2127,3,0.0,56.0
2128,6,0.0,27.5
2129,29,0.027093596059113302,161.6551724137931
2130,44,0.026427061310782242,157.79545454545453
2131,7,0.0,70.85714285714286
2132,7,0.0,123.42857142857143
2133,45,0.011111111111111112,107.11111111111111
2134,26,0.003076923076923077,113.84615384615384
2135,77,0.018796992481203006,110.23376623376623
2136,56,0.01753246753246753,111.71428571428571
2137,82,0.010237880156579343,82.73170731707317
2138,4,0.0,53.0
2139,101,0.011485148514851485,103.33663366336634
2140,18,0.026143790849673203,109.55555555555556
2141,121,0.01046831955922865,96.96694214876032
2142,26,0.012307692307692308,77.5
2143,34,0.008912655971479501,70.41176470588235
2144,6,0.0,112.83333333333333
2145,20,0.021052631578947368,138.35
2146,92,0.01385570950788342,89.65217391304348
2147,28,0.010582010582010581,99.17857142857143
2148,84,0.027825588066551922,139.01190476190476
2149,22,0.025974025974025976,98.45454545454545
2150,33,0.00946969696969697,61.27272727272727
2151,37,0.01951951951951952,134.54054054054055
2152,4,0.0,142.75
2153,0,0.0,0.0
2154,33,0.007575757575757576,74.87878787878788
2155,18,0.013071895424836602,63.55555555555556
2156,101,0.013069306930693069,94.31683168316832
2157,4,0.0,48.0
2158,1,0.0,42.0
2159,31,0.002150537634408602,67.2258064516129
2160,6,0.0,85.0
2161,3,0.0,70.33333333333333
2162,52,0.015082956259426848,104.4423076923077
2163,34,0.0071301247771836,82.3529411764706
2164,18,0.0196078431372549,195.27777777777777
2165,11,0.0,94.54545454545455
2166,11,0.03636363636363636,111.0909090909091
2167,15,0.047619047619047616,174.06666666666666
2168,12,0.045454545454545456,133.75
2169,3,0.0,56.333333333333336
2170,55,0.018855218855218854,113.07272727272728
2171,17,0.0,96.52941176470588
2172,21,0.02857142857142857,98.71428571428571
2173,44,0.011627906976744186,102.13636363636364
2174,0,0.0,0.0
2175,35,0.043697478991596636,168.62857142857143
2176,2,0.0,28.5
2177,4,0.0,60.0
2178,20,0.015789473684210527,86.0
2179,36,0.015873015873015872,126.36111111111111
2180,0,0.0,0.0
2181,34,0.0106951871657754,96.61764705882354
2182,7,0.0,28.428571428571427
2183,36,0.012698412698412698,121.05555555555556
2184,5,0.1,53.8
2185,25,0.01,80.48
2186,37,0.02702702702702703,156.54054054054055
2187,108,0.01107649705780547,97.22222222222223
2188,4,0.0,78.5
2189,19,0.023391812865497075,120.36842105263158
2190,18,0.0,53.22222222222222
2191,21,0.004761904761904762,100.80952380952381
2192,7,0.0,130.85714285714286
2193,13,0.0,168.0
2194,0,0.0,0.0
2195,5,0.1,47.2
2196,8,0.0,47.75
2197,32,0.02620967741935484,99.21875
2198,68,0.009657594381035996,78.69117647058823
2199,9,0.027777777777777776,81.0
2200,43,0.013289036544850499,112.6046511627907
2201,2,0.0,239.0
2202,54,0.009084556254367574,87.31481481481481
2203,286,0.013200834253465833,102.05244755244755
2204,16,0.0,71.25
2205,9,0.0,98.44444444444444
2206,158,0.012738853503184714,99.13291139240506
2207,61,0.014207650273224045,100.34426229508196
2208,56,0.01103896103896104,86.875
2209,7,0.0,35.285714285714285
2210,28,0.007936507936507936,69.17857142857143
2211,4,0.0,68.75
2212,20,0.05263157894736842,189.55
2213,150,0.023176733780760628,130.63333333333333
2214,12,0.015151515151515152,51.5
2215,8,0.0,82.0
2216,14,0.01098901098901099,184.07142857142858
2217,10,0.0,63.7
2218,40,0.00641025641025641,73.025
2219,48,0.013297872340425532,81.9375
2220,14,0.0,56.42857142857143
2221,8,0.03571428571428571,224.875
2222,8,0.0,95.0
2223,51,0.01019607843137255,107.2156862745098
2224,5,0.0,92.6
2225,15,0.009523809523809525,83.66666666666667
2226,19,0.005847953216374269,81.0
2227,2,0.0,61.5
2228,81,0.015123456790123457,99.46913580246914
2229,42,0.005807200929152149,66.26190476190476
2230,16,0.025,108.8125
2231,2,0.0,45.5
2232,15,0.0,76.86666666666666
2233,2,0.0,36.5
2234,46,0.01352657004830918,92.26086956521739
2235,4,0.0,11.75
2236,43,0.021040974529346623,137.86046511627907
2237,48,0.016843971631205674,92.27083333333333
2238,11,0.09090909090909091,278.09090909090907
2239,3,0.0,136.66666666666666
2240,19,0.005847953216374269,73.73684210526316
2241,4,0.0,38.0
2242,32,0.018145161290322582,105.96875
2243,28,0.021164021164021163,116.14285714285714
2244,6,0.0,73.0
2245,7,0.047619047619047616,86.57142857142857
2246,3,0.0,84.0
2247,5,0.0,61.6
2248,2,0.0,47.0
2249,112,0.014157014157014158,114.40178571428571
2250,14,0.01098901098901099,87.92857142857143
2251,4,0.0,114.25
2252,65,0.021634615384615384,128.92307692307693
2253,11,0.0,92.18181818181819
2254,3,0.0,60.0
2255,15,0.009523809523809525,128.2
2256,4,0.0,36.75
2257,12,0.015151515151515152,119.33333333333333
2258,47,0.013876040703052728,113.87234042553192
2259,97,0.012242268041237113,109.0
2260,25,0.01,69.4
2261,26,0.006153846153846154,81.1923076923077
2262,9,0.0,35.22222222222222
2263,6,0.0,48.333333333333336
2264,12,0.0,66.16666666666667
2265,24,0.0036231884057971015,90.875
2266,40,0.021794871794871794,102.175
2267,152,0.016904844893691182,107.71710526315789
2268,72,0.009389671361502348,93.56944444444444
2269,106,0.02012578616352201,123.75471698113208
2270,14,0.0,86.85714285714286
2271,2,0.0,79.5
2272,8,0.03571428571428571,89.0
2273,36,0.009523809523809525,75.41666666666667
2274,31,0.01935483870967742,111.45161290322581
2275,21,0.014285714285714285,56.0
2276,46,0.00966183574879227,85.30434782608695
2277,2,0.0,88.0
2278,2,0.0,57.5
2279,11,0.03636363636363636,153.45454545454547
2280,29,0.017241379310344827,83.96551724137932
2281,18,0.0,86.83333333333333
2282,9,0.0,188.0
2283,18,0.006535947712418301,94.0
2284,58,0.007864488808227465,87.34482758620689
2285,17,0.007352941176470588,100.58823529411765
2286,11,0.0,83.72727272727273
2287,22,0.004329004329004329,153.04545454545453
2288,165,0.016925351071692536,107.83636363636364
2289,17,0.014705882352941176,67.23529411764706
2290,79,0.010061668289516391,107.24050632911393
2291,4,0.0,116.75
2292,15,0.009523809523809525,133.2
2293,128,0.015501968503937008,110.921875
2294,37,0.0075075075075075074,79.75675675675676
2295,5,0.0,41.4
2296,65,0.01826923076923077,106.96923076923076
2297,3,0.0,103.0
2298,2,0.0,29.5
2299,8,0.0,43.75
2300,10,0.0,49.6
2301,38,0.01849217638691323,116.55263157894737
2302,34,0.0196078431372549,121.97058823529412
2303,4,0.0,59.25
2304,10,0.022222222222222223,168.3
2305,5,0.0,123.2
2306,7,0.0,37.285714285714285
2307,46,0.010628019323671498,97.17391304347827
2308,73,0.024733637747336376,140.3013698630137
2309,16,0.0,66.0625
2310,31,0.010752688172043012,112.29032258064517
2311,76,0.011228070175438596,99.47368421052632
2312,10,0.022222222222222223,103.0
2313,31,0.025806451612903226,107.58064516129032
2314,56,0.014285714285714285,89.14285714285714
2315,10,0.0,57.4
2316,30,0.013793103448275862,114.73333333333333
2317,5,0.0,77.2
2318,61,0.00546448087431694,93.37704918032787
2319,25,0.01,131.92
2320,11,0.0,75.81818181818181
2321,12,0.015151515151515152,71.41666666666667
2322,18,0.0,84.11111111111111
2323,21,0.014285714285714285,103.42857142857143
2324,47,0.013876040703052728,112.34042553191489
2325,42,0.008130081300813009,83.54761904761905
2326,149,0.013513513513513514,102.06040268456375
2327,63,0.019969278033794162,119.85714285714286
2328,6,0.0,82.33333333333333
2329,2,0.0,122.0
2330,31,0.008602150537634409,127.09677419354838
2331,19,0.023391812865497075,115.47368421052632
2332,6,0.0,67.66666666666667
2333,2,0.0,10.0
2334,1,0.0,9.0
2335,2,0.0,90.0
2336,22,0.004329004329004329,45.54545454545455
2337,47,0.0074005550416281225,87.72340425531915
2338,27,0.008547008547008548,72.48148148148148
2339,14,0.0,80.21428571428571
2340,22,0.025974025974025976,143.13636363636363
2341,1,0.0,28.0
2342,0,0.0,0.0
2343,50,0.013061224489795919,99.08
2344,16,0.008333333333333333,153.5
2345,7,0.0,63.57142857142857
2346,6,0.0,116.66666666666667
2347,7,0.0,51.285714285714285
2348,10,0.0,83.7
2349,3,0.0,54.0
2350,5,0.1,137.8
2351,27,0.022792022792022793,104.22222222222223
2352,23,0.007905138339920948,105.26086956521739
2353,1,0.0,8.0
2354,38,0.01422475106685633,95.78947368421052
2355,12,0.030303030303030304,93.83333333333333
2356,35,0.0067226890756302525,61.4
2357,35,0.008403361344537815,87.88571428571429
2358,15,0.0,98.06666666666666
2359,29,0.007389162561576354,84.79310344827586
2360,84,0.013195639701663799,89.6547619047619
2361,13,0.0,86.23076923076923
2362,46,0.011594202898550725,105.97826086956522
2363,23,0.0,85.17391304347827
2364,4,0.0,21.5
2365,69,0.020886615515771527,126.01449275362319
2366,0,0.0,0.0
2367,63,0.02457757296466974,135.31746031746033
2368,4,0.0,64.25
2369,2,0.0,256.5
2370,23,0.019762845849802372,162.8695652173913
2371,106,0.012578616352201259,105.91509433962264
2372,17,0.014705882352941176,143.8235294117647
2373,1,0.0,28.0
2374,4,0.0,119.25
2375,19,0.011695906432748537,54.36842105263158
2376,15,0.0,88.2
2377,28,0.007936507936507936,79.0
2378,22,0.017316017316017316,138.9090909090909
2379,15,0.0380952380952381,156.6
2380,1,0.0,164.0
2381,16,0.03333333333333333,134.5625
2382,4,0.0,40.0
2383,15,0.0,80.53333333333333
2384,73,0.0121765601217656,91.08219178082192
2385,21,0.014285714285714285,82.14285714285714
2386,17,0.0,73.58823529411765
2387,48,0.0035460992907801418,58.916666666666664
2388,27,0.008547008547008548,106.96296296296296
2389,71,0.013682092555331992,111.35211267605634
2390,39,0.002699055330634278,67.35897435897436
2391,12,0.0,53.583333333333336
2392,7,0.0,116.57142857142857
2393,32,0.014112903225806451,104.6875
2394,17,0.029411764705882353,128.7058823529412
2395,8,0.0,68.875
2396,48,0.014184397163120567,102.0625
2397,8,0.03571428571428571,209.875
2398,20,0.010526315789473684,96.2
2399,0,0.0,0.0
2400,15,0.0,80.06666666666666
2401,21,0.004761904761904762,71.33333333333333
2402,40,0.008974358974358974,81.45
2403,84,0.010613884107860011,78.6547619047619
2404,0,0.0,0.0
2405,23,0.003952569169960474,56.04347826086956
2406,54,0.017470300489168415,110.35185185185185
2407,34,0.0142602495543672,102.8529411764706
2408,71,0.006841046277665996,87.32394366197182
2409,26,0.018461538461538463,127.53846153846153
2410,35,0.02689075630252101,156.37142857142857
2411,10,0.0,171.2
2412,19,0.011695906432748537,94.84210526315789
2413,22,0.017316017316017316,104.22727272727273
2414,75,0.024864864864864864,135.12
2415,28,0.015873015873015872,141.82142857142858
2416,28,0.013227513227513227,86.53571428571429
2417,58,0.010889292196007259,118.32758620689656
2418,45,0.01717171717171717,103.88888888888889
2419,39,0.018893387314439947,121.12820512820512
2420,0,0.0,0.0
2421,16,0.06666666666666667,219.75
2422,6,0.06666666666666667,93.5
2423,5,0.1,152.4
2424,11,0.0,80.72727272727273
2425,14,0.0,96.07142857142857
2426,30,0.006896551724137931,94.36666666666666
2427,9,0.0,123.44444444444444
2428,35,0.013445378151260505,114.08571428571429
2429,30,0.0,49.36666666666667
2430,28,0.010582010582010581,68.17857142857143
2431,123,0.009063041450086632,85.99186991869918
2432,0,0.0,0.0
2433,9,0.027777777777777776,113.22222222222223
2434,20,0.005263157894736842,66.9
2435,5,0.0,38.8
2436,55,0.008754208754208754,77.83636363636364
2437,30,0.0,84.83333333333333
2438,44,0.010570824524312896,88.4090909090909
2439,59,0.011689070718877849,94.42372881355932
2440,35,0.011764705882352941,67.48571428571428
2441,9,0.027777777777777776,79.55555555555556
2442,2,0.0,206.0
2443,28,0.010582010582010581,99.25
2444,0,0.0,0.0
2445,9,0.0,74.66666666666667
2446,23,0.0,50.82608695652174
2447,22,0.012987012987012988,96.95454545454545
2448,21,0.004761904761904762,61.142857142857146
2449,3,0.3333333333333333,151.0
2450,5,0.0,90.6
2451,16,0.016666666666666666,118.8125
2452,34,0.0142602495543672,100.17647058823529
2453,15,0.0,47.46666666666667
2454,41,0.012195121951219513,93.04878048780488
2455,40,0.010256410256410256,95.325
2456,25,0.03,146.0
2457,44,0.012684989429175475,103.88636363636364
2458,6,0.0,65.5
2459,13,0.01282051282051282,74.6923076923077
2460,20,0.005263157894736842,87.3
2461,9,0.0,73.88888888888889
2462,5,0.0,113.6
2463,35,0.005042016806722689,71.71428571428571
2464,19,0.011695906432748537,72.57894736842105
2465,32,0.008064516129032258,78.53125
2466,31,0.01935483870967742,107.45161290322581
2467,3,0.0,38.666666666666664
2468,14,0.0,48.214285714285715
2469,71,0.011670020120724347,95.33802816901408
2470,1,0.0,21.0
2471,2,1.0,587.5
2472,0,0.0,0.0
2473,5,0.0,25.4
2474,3,0.0,206.66666666666666
2475,13,0.0,69.6923076923077
2476,14,0.01098901098901099,110.42857142857143
2477,72,0.01486697965571205,105.625
2478,2,0.0,13.0
2479,2,0.0,5.0
2480,8,0.0,97.375
2481,46,0.03285024154589372,151.84782608695653
2482,14,0.01098901098901099,62.42857142857143
2483,3,0.0,99.66666666666667
2484,3,0.0,19.666666666666668
2485,44,0.0010570824524312897,70.9090909090909
2486,50,0.012244897959183673,92.84
2487,5,0.0,77.2
2488,6,0.0,87.16666666666667
2489,16,0.016666666666666666,93.125
2490,40,0.011538461538461539,89.425
2491,3,0.0,68.33333333333333
2492,6,0.0,99.66666666666667
2493,29,0.019704433497536946,170.24137931034483
2494,2,0.0,117.0
2495,5,0.0,99.2
2496,5,0.0,148.2
2497,32,0.02217741935483871,131.84375
2498,66,0.008857808857808859,87.68181818181819
2499,13,0.0,57.61538461538461
2500,6,0.0,56.333333333333336
2501,34,0.0106951871657754,117.97058823529412
2502,1,0.0,16.0
2503,14,0.01098901098901099,88.57142857142857
2504,11,0.01818181818181818,90.81818181818181
2505,20,0.02631578947368421,147.6
2506,5,0.0,82.8
2507,8,0.0,68.75
2508,12,0.015151515151515152,166.5
2509,11,0.0,51.18181818181818
2510,19,0.029239766081871343,111.6842105263158
2511,120,0.014285714285714285,98.86666666666666
2512,8,0.0,84.375
2513,63,0.01228878648233487,90.63492063492063
2514,14,0.01098901098901099,77.57142857142857
2515,25,0.016666666666666666,126.92
2516,40,0.015384615384615385,92.975
2517,46,0.004830917874396135,101.67391304347827
2518,110,0.018015012510425355,117.60909090909091
2519,108,0.010903426791277258,98.55555555555556
2520,13,0.0,114.6923076923077
2521,121,0.01418732782369146,104.16528925619835
2522,56,0.025974025974025976,138.35714285714286
2523,3,0.0,154.0
2524,3,0.0,116.66666666666667
2525,31,0.01935483870967742,117.51612903225806
2526,4,0.0,119.0
2527,12,0.0,115.33333333333333
2528,4,0.0,28.75
2529,10,0.0,94.4
2530,2,0.0,97.5
2531,7,0.0,125.57142857142857
2532,4,0.0,273.25
2533,15,0.01904761904761905,106.66666666666667
2534,9,0.0,84.33333333333333
2535,13,0.05128205128205128,103.3076923076923
2536,5,0.0,66.0
2537,15,0.01904761904761905,150.6
2538,13,0.01282051282051282,83.07692307692308
2539,44,0.014799154334038054,96.63636363636364
2540,16,0.008333333333333333,136.6875
2541,6,0.0,67.83333333333333
2542,12,0.0,65.5
2543,6,0.0,73.5
2544,14,0.03296703296703297,73.42857142857143
2545,10,0.0,40.0
2546,8,0.0,93.375
2547,3,0.0,20.666666666666668
2548,44,0.013742071881606765,94.1590909090909
2549,3,0.0,20.333333333333332
2550,21,0.009523809523809525,107.42857142857143
2551,32,0.004032258064516129,75.1875
2552,10,0.0,91.5
2553,50,0.011428571428571429,83.98
2554,222,0.01398230809995516,104.42792792792793
2555,101,0.016237623762376238,104.11881188118812
2556,5,0.0,41.4
2557,9,0.0,32.333333333333336
2558,17,0.014705882352941176,62.411764705882355
2559,30,0.009195402298850575,82.03333333333333
2560,34,0.0053475935828877,76.26470588235294
2561,96,0.015789473684210527,101.88541666666667
2562,58,0.019358741681790685,111.48275862068965
2563,7,0.0,119.42857142857143
2564,5,0.0,98.6
2565,8,0.0,58.625
2566,0,0.0,0.0
2567,92,0.007883420926899188,84.53260869565217
2568,0,0.0,0.0
2569,0,0.0,0.0
2570,16,0.016666666666666666,68.1875
2571,85,0.01680672268907563,126.54117647058824
2572,8,0.0,102.0
2573,23,0.039525691699604744,171.65217391304347
2574,24,0.014492753623188406,102.625
2575,21,0.004761904761904762,62.142857142857146
2576,22,0.025974025974025976,90.31818181818181
2577,13,0.01282051282051282,64.38461538461539
2578,5,0.0,342.8
2579,10,0.0,90.1
2580,17,0.014705882352941176,78.58823529411765
2581,5,0.0,38.8
2582,11,0.0,117.27272727272727
2583,54,0.005590496156533892,81.12962962962963
2584,33,0.015151515151515152,115.27272727272727
2585,4,0.0,67.75
2586,54,0.018867924528301886,116.53703703703704
2587,40,0.007692307692307693,102.0
2588,30,0.006896551724137931,79.53333333333333
2589,16,0.008333333333333333,90.1875
2590,5,0.1,228.6
2591,122,0.016664408616718602,113.06557377049181
2592,3,0.0,51.0
2593,8,0.0,97.0
2594,53,0.013788098693759071,119.60377358490567
2595,50,0.027755102040816326,132.98
2596,34,0.012477718360071301,127.29411764705883
2597,43,0.008859357696566999,90.53488372093024
2598,58,0.009074410163339383,83.41379310344827
2599,48,0.013297872340425532,106.29166666666667
2600,27,0.005698005698005698,82.81481481481481
2601,31,0.0064516129032258064,89.61290322580645
2602,5,0.0,91.2
2603,13,0.0,67.3076923076923
2604,16,0.025,83.625
2605,8,0.0,105.5
2606,2,0.0,68.0
2607,8,0.0,107.125
2608,271,0.016099494328276617,110.71955719557195
2609,2,0.0,54.0
2610,2,0.0,50.5
2611,35,0.047058823529411764,227.74285714285713
2612,33,0.007575757575757576,77.3030303030303
2613,10,0.0,67.1
2614,13,0.0,81.0
2615,25,0.006666666666666667,86.0
2616,0,0.0,0.0
2617,2,0.0,103.5
2618,29,0.009852216748768473,85.37931034482759
2619,7,0.0,46.42857142857143
2620,12,0.0,47.5
2621,38,0.011379800853485065,96.71052631578948
2622,28,0.0026455026455026454,64.03571428571429
2623,7,0.0,57.0
2624,3,0.3333333333333333,413.0
2625,52,0.006787330316742082,80.57692307692308
2626,27,0.017094017094017096,105.81481481481481
2627,34,0.008912655971479501,90.0
2628,6,0.0,89.66666666666667
2629,1,0.0,34.0
2630,5,0.0,88.4
2631,25,0.016666666666666666,86.4
2632,67,0.0067842605156037995,89.67164179104478
2633,43,0.014396456256921373,94.6046511627907
2634,28,0.007936507936507936,89.39285714285714
2635,3,0.0,52.666666666666664
2636,11,0.0,50.72727272727273
2637,11,0.0,80.72727272727273
2638,42,0.011614401858304297,84.07142857142857
2639,75,0.011891891891891892,90.66666666666667
2640,193,0.012251727115716753,96.26943005181347
2641,11,0.0,93.72727272727273
2642,15,0.01904761904761905,115.13333333333334
2643,9,0.0,83.88888888888889
2644,76,0.009824561403508772,90.19736842105263
2645,0,0.0,0.0
2646,63,0.00819252432155658,82.12698412698413
2647,7,0.047619047619047616,117.28571428571429
2648,55,0.010101010101010102,67.43636363636364
2649,18,0.026143790849673203,126.5
2650,16,0.025,86.0
2651,0,0.0,0.0
2652,33,0.00946969696969697,105.06060606060606
2653,5,0.1,175.8
2654,17,0.014705882352941176,139.47058823529412
2655,16,0.008333333333333333,99.3125
2656,147,0.01304631441617743,100.21768707482993
2657,1,0.0,68.0
2658,14,0.03296703296703297,82.14285714285714
2659,12,0.0,63.0
2660,9,0.027777777777777776,95.88888888888889
2661,1,0.0,1.0
2662,27,0.008547008547008548,83.22222222222223
2663,13,0.0,80.3076923076923
2664,103,0.011993146773272416,107.11650485436893
2665,70,0.0033126293995859213,64.02857142857142
2666,5,0.0,77.8
2667,9,0.0,118.0
2668,16,0.0,62.4375
2669,14,0.0,116.21428571428571
2670,70,0.007039337474120083,78.94285714285714
2671,47,0.005550416281221091,84.72340425531915
2672,11,0.01818181818181818,129.27272727272728
2673,7,0.0,144.71428571428572
2674,10,0.0,44.4
2675,36,0.015873015873015872,66.80555555555556
2676,1,0.0,44.0
2677,2,0.0,18.5
2678,3,0.0,71.33333333333333
2679,4,0.16666666666666666,55.75
2680,7,0.047619047619047616,274.57142857142856
2681,41,0.012195121951219513,88.1951219512195
2682,43,0.005537098560354375,75.4186046511628
2683,14,0.0,71.92857142857143
2684,6,0.0,48.666666666666664
2685,17,0.007352941176470588,58.588235294117645
2686,3,0.0,68.0
2687,23,0.007905138339920948,80.30434782608695
2688,5,0.0,52.4
2689,54,0.009783368273934312,93.46296296296296
2690,28,0.042328042328042326,149.75
2691,17,0.022058823529411766,168.35294117647058
2692,16,0.008333333333333333,140.8125
2693,30,0.009195402298850575,123.46666666666667
2694,68,0.0228270412642669,118.29411764705883
2695,7,0.0,120.28571428571429
2696,26,0.0,64.15384615384616
2697,3,0.0,57.333333333333336
2698,1,0.0,45.0
2699,12,0.0,62.75
2700,16,0.0,69.875
2701,15,0.0,87.33333333333333
2702,22,0.004329004329004329,82.18181818181819
2703,7,0.0,103.28571428571429
2704,10,0.0,69.1
2705,66,0.021445221445221447,125.0
2706,68,0.01755926251097454,115.01470588235294
2707,38,0.01849217638691323,118.26315789473684
2708,2,0.0,19.0
2709,27,0.0,79.66666666666667
2710,76,0.018947368421052633,119.1842105263158
2711,21,0.014285714285714285,118.85714285714286
2712,1,0.0,25.0
2713,6,0.0,48.5
2714,10,0.044444444444444446,109.6
2715,7,0.047619047619047616,65.42857142857143
2716,101,0.01405940594059406,91.47524752475248
2717,12,0.0,69.66666666666667
2718,311,0.011305881132662586,91.17041800643086
2719,3,0.0,104.66666666666667
2720,38,0.015647226173541962,114.55263157894737
2721,45,0.006060606060606061,85.86666666666666
2722,2,0.0,26.5
2723,43,0.014396456256921373,92.88372093023256
2724,74,0.008885597926693817,85.79729729729729
2725,18,0.006535947712418301,72.72222222222223
2726,6,0.0,41.333333333333336
2727,13,0.0,85.76923076923077
2728,6,0.06666666666666667,90.33333333333333
2729,7,0.0,82.28571428571429
2730,4,0.0,82.25
2731,3,0.0,47.666666666666664
2732,24,0.014492753623188406,137.75
2733,75,0.024504504504504504,148.54666666666665
2734,42,0.023228803716608595,110.07142857142857
2735,47,0.008325624421831638,94.82978723404256
2736,36,0.004761904761904762,75.5
2737,2,0.0,87.5
2738,4,0.0,91.75
2739,8,0.10714285714285714,255.0
2740,2,0.0,27.0
2741,98,0.010098884914790659,86.73469387755102
2742,8,0.0,48.875
2743,14,0.0,58.857142857142854
2744,6,0.0,51.0
2745,100,0.014141414141414142,105.53
2746,6,0.0,106.33333333333333
2747,4,0.0,48.5
2748,70,0.009937888198757764,86.94285714285714
2749,43,0.007751937984496124,82.18604651162791
2750,31,0.008602150537634409,83.7741935483871
2751,1,0.0,645.0
2752,8,0.03571428571428571,125.875
2753,9,0.027777777777777776,125.88888888888889
2754,88,0.013845350052246604,92.18181818181819
2755,11,0.0,83.81818181818181
2756,9,0.0,37.0
2757,2,0.0,39.0
2758,3,0.0,62.333333333333336
2759,18,0.032679738562091505,100.16666666666667
2760,2,0.0,99.5
2761,5,0.0,78.0
2762,0,0.0,0.0
2763,35,0.018487394957983194,110.14285714285714
2764,33,0.003787878787878788,65.06060606060606
2765,12,0.015151515151515152,154.5
2766,2,0.0,48.0
2767,5,0.0,93.0
2768,68,0.01141352063213345,101.6029411764706
2769,5,0.1,128.8
2770,6,0.0,31.5
2771,49,0.004251700680272109,65.26530612244898
2772,182,0.019610224030113532,126.47252747252747
2773,106,0.016891284815813118,110.08490566037736
2774,53,0.006531204644412192,74.22641509433963
2775,17,0.022058823529411766,77.3529411764706
2776,150,0.01476510067114094,114.24
2777,25,0.023333333333333334,173.72
2778,5,0.0,46.4
2779,90,0.00749063670411985,82.36666666666666
2780,13,0.0,120.76923076923077
2781,7,0.0,78.28571428571429
2782,3,0.0,83.66666666666667
2783,32,0.008064516129032258,85.03125
2784,10,0.0,85.1
2785,20,0.021052631578947368,149.8
2786,54,0.02166317260656883,135.44444444444446
2787,10,0.0,100.2
2788,1,0.0,99.0
2789,15,0.0,55.0
2790,18,0.013071895424836602,135.44444444444446
2791,11,0.0,86.36363636363636
2792,16,0.0,68.25
2793,1,0.0,59.0
2794,14,0.02197802197802198,98.64285714285714
2795,25,0.03333333333333333,144.96
2796,35,0.013445378151260505,79.37142857142857
2797,42,0.010452961672473868,72.52380952380952
2798,2,0.0,224.5
2799,26,0.015384615384615385,100.57692307692308
2800,23,0.011857707509881422,100.52173913043478
2801,23,0.03162055335968379,125.8695652173913
2802,9,0.0,64.33333333333333
2803,43,0.015503875968992248,82.06976744186046
2804,1,0.0,7.0
2805,256,0.015962009803921567,107.97265625
2806,145,0.015134099616858238,111.58620689655173
2807,2,0.0,71.0
2808,24,0.018115942028985508,92.70833333333333
2809,23,0.007905138339920948,86.30434782608695
2810,45,0.01616161616161616,117.91111111111111
2811,35,0.018487394957983194,126.0
2812,79,0.007140538786108407,71.0632911392405
2813,17,0.022058823529411766,84.6470588235294
2814,5,0.0,76.4
2815,61,0.01092896174863388,104.80327868852459
2816,16,0.008333333333333333,137.125
2817,16,0.0,66.5625
2818,20,0.010526315789473684,138.75
2819,26,0.012307692307692308,117.88461538461539
2820,29,0.014778325123152709,110.48275862068965
2821,14,0.0,102.28571428571429
2822,7,0.0,197.0
2823,38,0.005689900426742532,81.15789473684211
2824,32,0.008064516129032258,94.8125
2825,5,0.0,138.0
2826,24,0.010869565217391304,76.70833333333333
2827,64,0.02132936507936508,113.84375
2828,47,0.0064754856614246065,88.44680851063829
2829,0,0.0,0.0
2830,44,0.013742071881606765,95.47727272727273
2831,57,0.0037593984962406013,78.96491228070175
2832,0,0.0,0.0
2833,10,0.022222222222222223,87.2
2834,29,0.007389162561576354,99.79310344827586
2835,5,0.0,29.6
2836,8,0.0,75.625
2837,43,0.013289036544850499,94.48837209302326
2838,22,0.004329004329004329,90.04545454545455
2839,26,0.021538461538461538,143.6153846153846
2840,7,0.0,57.57142857142857
2841,113,0.015486725663716814,107.56637168141593
2842,1,0.0,231.0
2843,22,0.004329004329004329,61.72727272727273
2844,8,0.0,33.125
2845,62,0.016922263352723427,118.7258064516129
2846,29,0.0049261083743842365,70.17241379310344
2847,74,0.009996297667530544,85.01351351351352
2848,1,0.0,10.0
2849,12,0.0,47.75
2850,190,0.01615148983570036,106.83684210526316
2851,29,0.019704433497536946,118.03448275862068
2852,3,0.3333333333333333,146.33333333333334
2853,19,0.029239766081871343,122.15789473684211
2854,12,0.0,134.25
2855,2,0.0,69.5
2856,14,0.01098901098901099,74.42857142857143
2857,12,0.015151515151515152,96.83333333333333
2858,58,0.013914095583787053,92.05172413793103
2859,17,0.007352941176470588,107.82352941176471
2860,48,0.008865248226950355,86.52083333333333
2861,10,0.0,79.8
2862,28,0.06084656084656084,157.5
2863,1,0.0,18.0
2864,0,0.0,0.0
2865,8,0.10714285714285714,187.375
2866,7,0.047619047619047616,108.14285714285714
2867,18,0.026143790849673203,142.11111111111111
2868,3,0.0,93.33333333333333
2869,51,0.004705882352941176,80.47058823529412
2870,5,0.0,57.6
2871,32,0.014112903225806451,124.78125
2872,20,0.005263157894736842,136.8
2873,33,0.020833333333333332,119.51515151515152
2874,13,0.02564102564102564,128.53846153846155
2875,7,0.14285714285714285,182.85714285714286
2876,44,0.004228329809725159,78.1590909090909
2877,33,0.007575757575757576,73.15151515151516
2878,6,0.0,68.33333333333333
2879,72,0.008998435054773083,88.09722222222223
2880,36,0.020634920634920634,114.36111111111111
2881,13,0.0,71.76923076923077
2882,16,0.0,76.25
2883,22,0.025974025974025976,128.9090909090909
2884,30,0.01839080459770115,124.36666666666666
2885,18,0.0196078431372549,155.5
2886,112,0.012387387387387387,99.15178571428571
2887,3,0.0,335.0
2888,45,0.01818181818181818,97.08888888888889
2889,6,0.0,156.0
2890,46,0.02705314009661836,135.52173913043478
2891,5,0.1,64.4
2892,45,0.00909090909090909,80.95555555555555
2893,1,0.0,3.0
2894,1,0.0,50.0
2895,19,0.005847953216374269,108.63157894736842
2896,18,0.006535947712418301,78.38888888888889
2897,43,0.004429678848283499,77.69767441860465
2898,11,0.0,92.81818181818181
2899,43,0.028792912513842746,145.32558139534885
2900,21,0.023809523809523808,128.52380952380952
2901,8,0.0,125.375
2902,60,0.007909604519774011,69.25
2903,36,0.009523809523809525,81.05555555555556
2904,22,0.004329004329004329,73.22727272727273
2905,3,0.0,45.666666666666664
2906,58,0.01572897761645493,122.39655172413794
2907,21,0.0,78.19047619047619
2908,7,0.0,60.714285714285715
2909,3,0.0,132.33333333333334
2910,9,0.0,72.88888888888889
2911,116,0.010044977511244379,86.87931034482759
2912,1,0.0,18.0
2913,19,0.0,53.526315789473685
2914,195,0.013058419243986255,101.82564102564102
2915,2,0.0,201.5
2916,22,0.047619047619047616,193.77272727272728
2917,27,0.011396011396011397,83.33333333333333
2918,91,0.010012210012210013,85.72527472527473
2919,4,0.0,227.25
2920,20,0.0,76.95
2921,0,0.0,0.0
2922,6,0.06666666666666667,98.33333333333333
2923,5,0.0,47.4
2924,8,0.0,52.0
2925,6,0.0,55.333333333333336
2926,0,0.0,0.0
2927,19,0.029239766081871343,152.6315789473684
2928,2,0.0,224.5
2929,13,0.038461538461538464,136.69230769230768
2930,15,0.0380952380952381,186.46666666666667
2931,16,0.0,70.0625
2932,4,0.0,123.25
2933,24,0.0,129.625
2934,38,0.011379800853485065,104.97368421052632
2935,25,0.006666666666666667,78.96
2936,21,0.0380952380952381,184.9047619047619
2937,2,0.0,31.0
2938,1,0.0,35.0
2939,14,0.0,53.714285714285715
2940,7,0.0,115.57142857142857
2941,46,0.01352657004830918,105.65217391304348
2942,0,0.0,0.0
2943,11,0.0,49.90909090909091
2944,5,0.0,37.4
2945,3,0.0,99.0
2946,8,0.0,78.75
2947,32,0.034274193548387094,158.6875
2948,69,0.005541346973572037,73.79710144927536
2949,8,0.0,85.875
2950,4,0.0,36.5
2951,3,0.0,65.66666666666667
2952,19,0.023391812865497075,139.47368421052633
2953,34,0.0053475935828877,80.94117647058823
2954,5,0.0,282.8
2955,101,0.009108910891089108,83.14851485148515
2956,23,0.03162055335968379,121.21739130434783
2957,41,0.00853658536585366,64.63414634146342
2958,2,0.0,68.5
2959,2,0.0,41.5
2960,107,0.01058014459530947,92.5607476635514
2961,5,0.0,41.2
2962,8,0.0,112.375
2963,31,0.012903225806451613,121.64516129032258
2964,67,0.017186793306196293,111.11940298507463
2965,64,0.008928571428571428,80.109375
2966,684,0.010266026217324668,88.13304093567251
2967,6,0.0,48.333333333333336
2968,28,0.018518518518518517,101.60714285714286
2969,17,0.0,68.6470588235294
2970,23,0.015810276679841896,104.04347826086956
2971,7,0.0,175.42857142857142
2972,8,0.03571428571428571,67.875
2973,87,0.007484629778134189,85.55172413793103
2974,9,0.027777777777777776,55.0
2975,76,0.01368421052631579,96.78947368421052
2976,9,0.0,120.77777777777777
2977,5,0.0,75.4
2978,55,0.015488215488215488,95.01818181818182
2979,13,0.02564102564102564,248.46153846153845
2980,10,0.022222222222222223,97.5
2981,56,0.01038961038961039,79.60714285714286
2982,37,0.016516516516516516,139.8108108108108
2983,20,0.0,106.8
2984,51,0.01803921568627451,100.92156862745098
2985,1,0.0,301.0
2986,0,0.0,0.0
2987,1,0.0,43.0
2988,11,0.0,46.90909090909091
2989,69,0.00639386189258312,75.15942028985508
2990,12,0.030303030303030304,69.75
2991,99,0.021026592455163882,129.4747474747475
2992,1,0.0,38.0
2993,1,0.0,172.0
2994,667,0.01245323284303794,97.67616191904048
2995,5,0.0,62.6
2996,268,0.012270110123539605,98.65671641791045
2997,1,0.0,204.0
2998,71,0.01488933601609658,110.84507042253522
2999,18,0.006535947712418301,62.388888888888886
3000,78,0.014985014985014986,102.47435897435898
3001,19,0.023391812865497075,102.84210526315789
3002,4,0.0,37.5
3003,60,0.01807909604519774,132.61666666666667
3004,11,0.01818181818181818,67.9090909090909
3005,5,0.0,41.2
3006,55,0.032996632996632996,154.6
3007,91,0.017094017094017096,115.15384615384616
3008,15,0.02857142857142857,99.93333333333334
3009,44,0.010570824524312896,99.54545454545455
3010,3,0.0,85.33333333333333
3011,14,0.01098901098901099,130.71428571428572
3012,135,0.012493090105030403,99.04444444444445
3013,65,0.016346153846153847,102.64615384615385
3014,0,0.0,0.0
3015,27,0.017094017094017096,104.51851851851852
3016,38,0.02275960170697013,106.42105263157895
3017,3,0.0,449.6666666666667
3018,4,0.0,50.5
3019,0,0.0,0.0
3020,5,0.0,31.6
3021,24,0.007246376811594203,90.45833333333333
3022,93,0.01425899953249182,99.54838709677419
3023,1,0.0,32.0
3024,37,0.01951951951951952,120.37837837837837
3025,2,0.0,109.5
3026,25,0.016666666666666666,96.44
3027,83,0.022333235380546577,124.51807228915662
3028,65,0.013461538461538462,92.56923076923077
3029,15,0.02857142857142857,163.13333333333333
3030,8,0.07142857142857142,121.125
3031,5,0.0,63.8
3032,13,0.05128205128205128,131.15384615384616
3033,55,0.02356902356902357,136.87272727272727
3034,8,0.0,45.375
3035,16,0.008333333333333333,70.0
3036,11,0.0,115.72727272727273
3037,14,0.03296703296703297,195.57142857142858
3038,1,0.0,74.0
3039,13,0.02564102564102564,115.07692307692308
3040,20,0.015789473684210527,68.6
3041,97,0.01675257731958763,115.0721649484536
3042,23,0.023715415019762844,100.34782608695652
3043,30,0.006896551724137931,83.06666666666666
3044,2,0.0,21.0
3045,38,0.004267425320056899,75.65789473684211
3046,14,0.02197802197802198,129.5
3047,23,0.007905138339920948,65.34782608695652
3048,121,0.022727272727272728,132.35537190082644
3049,7,0.0,24.142857142857142
3050,0,0.0,0.0
3051,63,0.01228878648233487,99.52380952380952
3052,1,0.0,28.0
3053,58,0.018753781004234724,104.3103448275862
3054,10,0.022222222222222223,68.0
3055,8,0.0,79.375
3056,13,0.0,50.53846153846154
3057,25,0.01,100.88
3058,46,0.007729468599033816,92.73913043478261
3059,28,0.0026455026455026454,96.46428571428571
3060,15,0.009523809523809525,63.2
3061,1,0.0,22.0
3062,33,0.007575757575757576,97.57575757575758
3063,21,0.009523809523809525,73.52380952380952
3064,5,0.0,80.2
3065,21,0.014285714285714285,147.95238095238096
3066,29,0.007389162561576354,106.41379310344827
3067,54,0.01607267645003494,102.33333333333333
3068,4,0.0,62.5
3069,48,0.010638297872340425,85.79166666666667
3070,60,0.02937853107344633,151.35
3071,4,0.0,158.0
3072,54,0.010482180293501049,95.5925925925926
3073,0,0.0,0.0
3074,56,0.014935064935064935,96.625
3075,37,0.021021021021021023,120.37837837837837
3076,58,0.018753781004234724,103.17241379310344
3077,4,0.0,63.25
3078,38,0.021337126600284494,146.81578947368422
3079,5,0.1,48.4
3080,4,0.0,73.5
3081,5,0.0,99.2
3082,55,0.012794612794612794,95.45454545454545
3083,44,0.021141649048625793,112.3409090909091
3084,16,0.008333333333333333,102.0
3085,6,0.0,34.333333333333336
3086,22,0.017316017316017316,100.5
3087,76,0.016140350877192983,114.90789473684211
3088,5,0.0,111.6
3089,5,0.0,60.2
3090,50,0.017142857142857144,100.1
3091,47,0.009250693802035153,108.19148936170212
3092,14,0.0,62.642857142857146
3093,91,0.020757020757020756,115.72527472527473
3094,46,0.01352657004830918,80.1304347826087
3095,12,0.015151515151515152,98.41666666666667
3096,4,0.16666666666666666,483.25
3097,24,0.007246376811594203,80.16666666666667
3098,26,0.024615384615384615,144.19230769230768
3099,47,0.012950971322849213,110.74468085106383
3100,10,0.022222222222222223,94.6
3101,97,0.011597938144329897,102.51546391752578
3102,58,0.006654567453115548,72.1896551724138
3103,13,0.01282051282051282,98.6923076923077
3104,2,0.0,131.0
3105,22,0.004329004329004329,65.77272727272727
3106,2,0.0,47.5
3107,202,0.014974631791537362,107.4009900990099
3108,3,0.0,116.0
3109,6,0.0,130.66666666666666
3110,16,0.0,31.5625
3111,53,0.016690856313497822,108.09433962264151
3112,4,0.0,18.5
3113,17,0.007352941176470588,66.11764705882354
3114,0,0.0,0.0
3115,12,0.045454545454545456,97.41666666666667
3116,0,0.0,0.0
3117,25,0.0033333333333333335,79.16
3118,7,0.0,87.57142857142857
3119,131,0.016089254257193188,110.06870229007633
3120,221,0.012998765939942411,100.04072398190046
3121,7,0.0,88.28571428571429
3122,18,0.006535947712418301,88.11111111111111
3123,3,0.0,210.33333333333334
3124,6,0.0,39.5
3125,95,0.01433370660694289,98.32631578947368
3126,47,0.012025901942645698,103.85106382978724
3127,7,0.0,74.0
3128,78,0.019314019314019316,117.1923076923077
3129,1,0.0,21.0
3130,75,0.021621621621621623,130.56
3131,2,0.0,95.5
3132,23,0.003952569169960474,127.52173913043478
3133,36,0.011111111111111112,89.33333333333333
3134,7,0.047619047619047616,141.42857142857142
3135,27,0.005698005698005698,106.03703703703704
3136,7,0.0,119.85714285714286
3137,10,0.0,68.8
3138,2,0.0,84.0
3139,17,0.022058823529411766,88.88235294117646
3140,22,0.004329004329004329,98.27272727272727
3141,16,0.008333333333333333,99.0625
3142,17,0.0,90.3529411764706
3143,6,0.0,125.66666666666667
3144,17,0.007352941176470588,77.70588235294117
3145,2,0.0,26.0
3146,180,0.013221601489757914,99.84444444444445
3147,78,0.015318015318015318,119.52564102564102
3148,44,0.007399577167019027,83.6590909090909
3149,20,0.02631578947368421,134.65
3150,10,0.0,86.3
3151,29,0.009852216748768473,64.20689655172414
3152,12,0.015151515151515152,52.333333333333336
3153,33,0.003787878787878788,76.36363636363636
3154,97,0.011597938144329897,93.12371134020619
3155,31,0.023655913978494623,99.06451612903226
3156,21,0.01904761904761905,116.85714285714286
3157,10,0.022222222222222223,117.6
3158,18,0.013071895424836602,132.83333333333334
3159,21,0.01904761904761905,173.33333333333334
3160,6,0.0,72.33333333333333
3161,0,0.0,0.0
3162,23,0.003952569169960474,91.6086956521739
3163,1,0.0,6.0
3164,143,0.00787944449916281,80.39160839160839
3165,39,0.010796221322537112,82.76923076923077
3166,14,0.02197802197802198,131.14285714285714
3167,29,0.0049261083743842365,79.86206896551724
3168,2,0.0,16.0
3169,111,0.015888615888615888,108.97297297297297
3170,85,0.016526610644257703,133.48235294117646
3171,65,0.01875,102.47692307692307
3172,111,0.015561015561015561,105.34234234234235
3173,88,0.01123301985370951,101.30681818181819
3174,53,0.009433962264150943,98.81132075471699
3175,6,0.0,72.0
3176,59,0.008766803039158387,103.15254237288136
3177,6,0.0,81.0
3178,22,0.008658008658008658,88.5909090909091
3179,81,0.008024691358024692,95.45679012345678
3180,12,0.015151515151515152,111.0
3181,4,0.0,43.0
3182,24,0.0036231884057971015,85.79166666666667
3183,27,0.02849002849002849,127.85185185185185
3184,61,0.009836065573770493,111.9672131147541
3185,48,0.0062056737588652485,77.125
3186,28,0.007936507936507936,90.5
3187,5,0.0,90.4
3188,106,0.014195867026055705,111.37735849056604
3189,15,0.01904761904761905,92.0
3190,1,0.0,59.0
3191,104,0.016243465272591486,106.40384615384616
3192,44,0.0200845665961945,121.22727272727273
3193,2,0.0,71.5
3194,16,0.025,84.375
3195,15,0.009523809523809525,49.733333333333334
3196,39,0.008097165991902834,94.46153846153847
3197,66,0.02470862470862471,131.42424242424244
3198,6,0.0,71.16666666666667
3199,21,0.014285714285714285,62.23809523809524
3200,4,0.0,58.75
3201,21,0.004761904761904762,85.04761904761905
3202,4,0.0,42.0
3203,80,0.007911392405063292,78.6875
3204,8,0.03571428571428571,68.25
3205,83,0.007052600646488392,85.16867469879519
3206,4,0.0,32.0
3207,8,0.03571428571428571,90.875
3208,16,0.0,76.375
3209,4,0.0,109.5
3210,6,0.0,97.0
3211,20,0.015789473684210527,105.25
3212,4,0.0,58.25
3213,24,0.014492753623188406,86.45833333333333
3214,9,0.0,56.0
3215,235,0.009128932533187853,83.02127659574468
3216,83,0.012635909491625037,99.2289156626506
3217,102,0.0205785284410794,121.77450980392157
3218,36,0.011111111111111112,73.13888888888889
3219,5,0.1,159.8
3220,132,0.018158686097617394,124.90151515151516
3221,149,0.011699619082169418,86.86577181208054
3222,16,0.008333333333333333,116.6875
3223,44,0.02959830866807611,154.3181818181818
3224,4,0.0,70.5
3225,34,0.012477718360071301,134.2941176470588
3226,2,0.0,113.5
3227,22,0.017316017316017316,72.81818181818181
3228,9,0.0,39.44444444444444
3229,3,0.0,139.33333333333334
3230,14,0.0,57.285714285714285
3231,47,0.0064754856614246065,79.04255319148936
3232,21,0.0,75.38095238095238
3233,108,0.007961232260297681,77.37962962962963
3234,4,0.0,75.25
3235,23,0.007905138339920948,103.26086956521739
3236,70,0.01780538302277433,130.97142857142856
3237,9,0.05555555555555555,91.88888888888889
3238,3,0.0,62.0
3239,1,0.0,41.0
3240,42,0.016260162601626018,95.21428571428571
3241,60,0.01977401129943503,126.5
3242,1,0.0,50.0
3243,71,0.015291750503018108,118.32394366197182
3244,1,0.0,2.0
3245,14,0.0,100.57142857142857
3246,4,0.0,33.25
3247,80,0.02120253164556962,123.2625
3248,55,0.01616161616161616,106.52727272727273
3249,40,0.021794871794871794,107.95
3250,73,0.009512937595129375,83.27397260273973
3251,96,0.01030701754385965,89.48958333333333
3252,78,0.013986013986013986,103.55128205128206
3253,26,0.006153846153846154,91.8076923076923
3254,31,0.010752688172043012,65.7741935483871
3255,33,0.015151515151515152,86.39393939393939
3256,11,0.0,75.36363636363636
3257,142,0.011886924383178503,91.96478873239437
3258,4,0.0,83.0
3259,5,0.1,108.8
3260,47,0.014801110083256245,106.40425531914893
3261,157,0.016658500734933857,107.89808917197452
3262,8,0.03571428571428571,100.125
3263,17,0.022058823529411766,102.23529411764706
3264,21,0.0,68.52380952380952
3265,5,0.1,188.6
3266,65,0.020192307692307693,135.16923076923078
3267,20,0.005263157894736842,80.5
3268,5,0.0,49.8
3269,1,0.0,71.0
3270,2,0.0,315.0
3271,25,0.006666666666666667,73.96
3272,3,0.0,26.0
3273,49,0.016156462585034014,122.44897959183673
3274,52,0.00980392156862745,110.40384615384616
3275,0,0.0,0.0
3276,34,0.008912655971479501,66.20588235294117
3277,27,0.03133903133903134,181.77777777777777
3278,25,0.03666666666666667,133.08
3279,6,0.0,24.5
3280,0,0.0,0.0
3281,443,0.011736106145879084,97.76523702031602
3282,11,0.0,66.27272727272727
3283,147,0.012859938495946324,98.83673469387755
3284,57,0.010651629072681704,89.33333333333333
3285,12,0.030303030303030304,117.0
3286,11,0.01818181818181818,111.81818181818181
3287,29,0.022167487684729065,128.6551724137931
3288,10,0.0,90.8
3289,13,0.0,124.92307692307692
3290,42,0.019744483159117306,115.92857142857143
3291,16,0.008333333333333333,93.75
3292,19,0.005847953216374269,121.36842105263158
3293,6,0.0,39.666666666666664
3294,24,0.021739130434782608,120.58333333333333
3295,45,0.010101010101010102,102.5111111111111
3296,67,0.016282225237449117,104.64179104477611
3297,29,0.0024630541871921183,92.24137931034483
3298,6,0.0,80.33333333333333
3299,3,0.0,21.333333333333332
3300,41,0.013414634146341463,118.6829268292683
3301,17,0.007352941176470588,107.76470588235294
3302,9,0.05555555555555555,165.66666666666666
3303,2,0.0,36.0
3304,57,0.012531328320802004,102.54385964912281
3305,19,0.011695906432748537,85.63157894736842
3306,6,0.0,77.16666666666667
3307,1,0.0,106.0
3308,31,0.021505376344086023,114.41935483870968
3309,1,0.0,197.0
3310,25,0.01,102.56
3311,13,0.01282051282051282,83.07692307692308
3312,16,0.008333333333333333,90.8125
3313,15,0.02857142857142857,77.33333333333333
3314,1,0.0,70.0
3315,13,0.0,102.23076923076923
3316,74,0.013328396890040726,96.5945945945946
3317,44,0.007399577167019027,77.72727272727273
3318,37,0.015015015015015015,137.86486486486487
3319,99,0.010925582354153782,92.72727272727273
3320,19,0.023391812865497075,124.21052631578948
3321,23,0.019762845849802372,93.3913043478261
3322,11,0.03636363636363636,89.36363636363636
3323,27,0.011396011396011397,70.25925925925925
3324,56,0.012987012987012988,109.91071428571429
3325,24,0.007246376811594203,69.45833333333333
3326,28,0.023809523809523808,99.5
3327,4,0.0,139.5
3328,9,0.027777777777777776,139.11111111111111
3329,51,0.010980392156862745,98.50980392156863
3330,47,0.008325624421831638,85.65957446808511
3331,18,0.013071895424836602,129.27777777777777
3332,60,0.011864406779661017,94.73333333333333
3333,38,0.004267425320056899,73.63157894736842
3334,100,0.014141414141414142,89.63
3335,19,0.005847953216374269,153.26315789473685
3336,38,0.017069701280227598,94.86842105263158
3337,120,0.015406162464985995,105.09166666666667
3338,36,0.011111111111111112,91.94444444444444
3339,19,0.011695906432748537,113.3157894736842
3340,40,0.00641025641025641,80.925
3341,6,0.0,116.5
3342,1,0.0,684.0
3343,4,0.0,73.0
3344,6,0.06666666666666667,214.16666666666666
3345,13,0.0,56.38461538461539
3346,1,0.0,36.0
3347,19,0.0,43.36842105263158
3348,31,0.017204301075268817,167.93548387096774
3349,57,0.006892230576441102,86.24561403508773
3350,146,0.012848370335380254,104.37671232876713
3351,4,0.0,63.75
3352,9,0.0,66.11111111111111
3353,21,0.009523809523809525,127.42857142857143
3354,2,0.0,47.5
3355,15,0.0,76.8
3356,16,0.008333333333333333,72.0625
3357,3,0.0,66.0
3358,5,0.0,126.0
3359,17,0.007352941176470588,118.82352941176471
3360,39,0.014844804318488529,117.94871794871794
3361,30,0.013793103448275862,101.36666666666666
3362,4,0.0,243.75
3363,16,0.016666666666666666,65.75
3364,123,0.011995201919232307,88.85365853658537
3365,1,0.0,3.0
3366,3,0.0,29.666666666666668
3367,18,0.013071895424836602,67.5
3368,7,0.0,69.71428571428571
3369,7,0.0,114.28571428571429
3370,15,0.0,70.2
3371,14,0.01098901098901099,100.57142857142857
3372,3,0.0,72.66666666666667
3373,3,0.0,57.333333333333336
3374,3,0.0,53.0
3375,12,0.0,78.0
3376,60,0.005084745762711864,69.95
3377,34,0.0053475935828877,60.44117647058823
3378,15,0.01904761904761905,110.66666666666667
3379,11,0.01818181818181818,74.72727272727273
3380,332,0.013631565537072763,103.17469879518072
3381,21,0.023809523809523808,123.0952380952381
3382,8,0.0,44.75
3383,26,0.015384615384615385,124.23076923076923
3384,16,0.041666666666666664,91.0625
3385,5,0.0,170.6
3386,16,0.008333333333333333,99.4375
3387,40,0.02435897435897436,156.05
3388,1,0.0,58.0
3389,8,0.03571428571428571,103.125
3390,54,0.020964360587002098,124.68518518518519
3391,73,0.015601217656012176,108.28767123287672
3392,89,0.011235955056179775,96.43820224719101
3393,23,0.015810276679841896,89.82608695652173
3394,16,0.008333333333333333,79.4375
3395,33,0.028409090909090908,189.15151515151516
3396,32,0.012096774193548387,104.3125
3397,4,0.0,64.0
3398,4,0.0,157.5
3399,7,0.0,76.57142857142857
3400,44,0.012684989429175475,98.47727272727273
3401,5,0.1,140.4
3402,19,0.011695906432748537,89.89473684210526
3403,3,0.0,143.0
3404,20,0.005263157894736842,87.15
3405,10,0.022222222222222223,85.4
3406,56,0.015584415584415584,100.14285714285714
3407,17,0.0,74.23529411764706
3408,34,0.026737967914438502,171.2058823529412
3409,30,0.02528735632183908,111.96666666666667
3410,3,0.0,23.0
3411,5,0.0,66.0
3412,4,0.0,105.5
3413,6,0.0,92.83333333333333
3414,138,0.012694382735639479,94.09420289855072
3415,11,0.0,58.0
3416,31,0.015053763440860216,108.03225806451613
3417,25,0.016666666666666666,96.64
3418,20,0.015789473684210527,110.45
3419,14,0.01098901098901099,72.0
3420,1,0.0,50.0
3421,470,0.013228689379848477,100.75744680851064
3422,147,0.012859938495946324,102.20408163265306
3423,12,0.015151515151515152,96.91666666666667
3424,31,0.002150537634408602,68.58064516129032
3425,32,0.010080645161290322,111.375
3426,121,0.013085399449035813,95.9090909090909
3427,69,0.00639386189258312,78.78260869565217
3428,12,0.0,49.416666666666664
3429,3,0.0,62.333333333333336
3430,39,0.006747638326585695,90.48717948717949
3431,2,0.0,15.5
3432,2,0.0,148.5
3433,39,0.010796221322537112,99.92307692307692
3434,15,0.01904761904761905,72.2
3435,20,0.015789473684210527,85.35
3436,12,0.06060606060606061,174.16666666666666
3437,35,0.023529411764705882,163.54285714285714
3438,27,0.03133903133903134,138.2962962962963
3439,14,0.01098901098901099,86.35714285714286
3440,16,0.0,88.375
3441,135,0.014372581536760642,108.97777777777777
3442,5,0.0,131.6
3443,41,0.024390243902439025,146.17073170731706
3444,149,0.014239071286051152,105.26845637583892
3445,4,0.0,66.0
3446,60,0.007909604519774011,88.93333333333334
3447,458,0.015240843549635463,107.98689956331877
3448,32,0.03024193548387097,131.53125
3449,48,0.022163120567375887,104.1875
3450,20,0.0,67.65
3451,15,0.009523809523809525,108.93333333333334
3452,12,0.0,57.416666666666664
3453,23,0.023715415019762844,126.08695652173913
3454,44,0.03382663847780127,124.36363636363636
3455,11,0.0,69.18181818181819
3456,57,0.015664160401002505,100.89473684210526
3457,140,0.015313463514902363,105.48571428571428
3458,20,0.015789473684210527,73.95
3459,312,0.013212136202489901,99.97115384615384
3460,3,0.0,52.666666666666664
3461,28,0.026455026455026454,156.46428571428572
3462,86,0.012311901504787962,99.09302325581395
3463,27,0.019943019943019943,149.77777777777777
3464,17,0.014705882352941176,76.05882352941177
3465,15,0.009523809523809525,92.73333333333333
3466,1,0.0,202.0
3467,26,0.009230769230769232,96.8076923076923
3468,4,0.0,100.25
3469,31,0.02795698924731183,144.51612903225808
3470,6,0.0,120.33333333333333
3471,132,0.012144344205412909,96.46969696969697
3472,19,0.023391812865497075,138.52631578947367
3473,8,0.0,158.75
3474,7,0.0,56.57142857142857
3475,14,0.0,70.28571428571429
3476,20,0.010526315789473684,70.5
3477,2,0.0,389.5
3478,70,0.010766045548654244,88.0
3479,32,0.010080645161290322,117.375
3480,3,0.0,120.66666666666667
3481,3,0.0,43.333333333333336
3482,2,0.0,55.0
3483,15,0.0,84.06666666666666
3484,39,0.008097165991902834,75.71794871794872
3485,218,0.018390901788356655,121.5045871559633
3486,4,0.0,112.25
3487,17,0.022058823529411766,104.58823529411765
3488,17,0.014705882352941176,148.7058823529412
3489,8,0.0,44.5
3490,0,0.0,0.0
3491,33,0.013257575757575758,96.93939393939394
3492,57,0.007518796992481203,84.89473684210526
3493,4,0.0,86.75
3494,1,0.0,189.0
3495,37,0.012012012012012012,87.05405405405405
3496,33,0.013257575757575758,104.63636363636364
3497,11,0.01818181818181818,93.54545454545455
3498,6,0.0,48.5
3499,8,0.0,158.75
3500,5,0.0,144.2
3501,28,0.013227513227513227,111.42857142857143
3502,42,0.022067363530778164,124.80952380952381
3503,24,0.014492753623188406,99.33333333333333
3504,0,0.0,0.0
3505,15,0.02857142857142857,160.4
3506,11,0.0,62.18181818181818
3507,0,0.0,0.0
3508,4,0.0,31.75
3509,0,0.0,0.0
3510,1,0.0,27.0
3511,55,0.0053872053872053875,64.30909090909091
3512,10,0.0,99.4
3513,193,0.015112262521588947,105.53886010362694
3514,17,0.0,61.705882352941174
3515,6,0.0,76.16666666666667
3516,1,0.0,92.0
3517,1,0.0,2.0
3518,39,0.008097165991902834,91.28205128205128
3519,11,0.0,73.0909090909091
3520,3,0.0,107.33333333333333
3521,4,0.16666666666666666,231.5
3522,71,0.0096579476861167,83.54929577464789
3523,42,0.003484320557491289,70.35714285714286
3524,62,0.014806980433632998,96.80645161290323
3525,9,0.0,71.11111111111111
3526,21,0.004761904761904762,65.23809523809524
3527,117,0.00825228411435308,86.51282051282051
3528,19,0.0,59.1578947368421
3529,24,0.021739130434782608,73.29166666666667
3530,7,0.0,59.0
3531,11,0.0,135.36363636363637
3532,37,0.010510510510510511,101.89189189189189
3533,123,0.008263361322137812,86.44715447154472
3534,2,0.0,88.5
3535,87,0.011226944667201283,74.98850574712644
3536,62,0.01110523532522475,89.08064516129032
3537,10,0.0,46.9
3538,18,0.0,110.11111111111111
3539,3,0.0,66.0
3540,6,0.06666666666666667,87.83333333333333
3541,2,0.0,44.5
3542,38,0.00995732574679943,55.10526315789474
3543,3,0.0,141.0
3544,4,0.0,86.25
3545,2,0.0,142.0
3546,42,0.006968641114982578,83.95238095238095
3547,68,0.014925373134328358,106.17647058823529
3548,31,0.01935483870967742,133.1290322580645
3549,39,0.006747638326585695,75.17948717948718
3550,39,0.01349527665317139,111.3076923076923
3551,9,0.0,51.22222222222222
3552,10,0.0,83.1
3553,3,0.0,89.33333333333333
3554,91,0.017826617826617826,123.86813186813187
3555,128,0.014517716535433071,108.0859375
3556,19,0.005847953216374269,57.10526315789474
3557,19,0.005847953216374269,64.78947368421052
3558,284,0.012715871198924998,99.21830985915493
3559,9,0.0,77.22222222222223
3560,43,0.021040974529346623,121.86046511627907
3561,4,0.0,92.0
3562,5,0.0,191.4
3563,3,0.0,27.666666666666668
3564,7,0.0,54.285714285714285
3565,1,0.0,40.0
3566,65,0.009134615384615385,74.3076923076923
3567,7,0.0,22.714285714285715
3568,18,0.0392156862745098,102.83333333333333
3569,37,0.009009009009009009,68.94594594594595
3570,0,0.0,0.0
3571,74,0.011847463902258423,93.4054054054054
3572,58,0.009679370840895343,94.37931034482759
3573,54,0.012578616352201259,113.55555555555556
3574,1,0.0,39.0
3575,4,0.0,66.0
3576,51,0.0203921568627451,131.11764705882354
3577,19,0.017543859649122806,141.57894736842104
3578,8,0.0,76.5
3579,7,0.047619047619047616,274.57142857142856
3580,19,0.005847953216374269,76.42105263157895
3581,2,0.0,54.5
3582,10,0.0,67.0
3583,32,0.0020161290322580645,64.9375
3584,3,0.0,82.66666666666667
3585,58,0.012099213551119177,127.37931034482759
3586,8,0.0,281.625
3587,2,0.0,19.0
3588,3,0.0,236.0
3589,11,0.01818181818181818,72.0
3590,49,0.0195578231292517,115.04081632653062
3591,4,0.0,184.75
3592,3,0.0,118.33333333333333
3593,15,0.009523809523809525,138.0
3594,0,0.0,0.0
3595,1,0.0,28.0
3596,48,0.00975177304964539,99.95833333333333
3597,10,0.0,136.4
3598,76,0.014385964912280702,106.0657894736842
3599,6,0.0,57.666666666666664
3600,2,0.0,56.0
3601,6,0.0,121.66666666666667
3602,13,0.02564102564102564,126.53846153846153
3603,20,0.010526315789473684,87.0
3604,9,0.0,33.333333333333336
3605,7,0.047619047619047616,79.57142857142857
3606,30,0.029885057471264367,159.8
3607,10,0.0,94.1
3608,10,0.022222222222222223,49.6
3609,6,0.0,107.0
3610,41,0.00975609756097561,75.02439024390245
3611,19,0.005847953216374269,99.42105263157895
3612,2,0.0,56.5
3613,21,0.009523809523809525,63.904761904761905
3614,49,0.007653061224489796,86.51020408163265
3615,43,0.014396456256921373,103.32558139534883
3616,30,0.013793103448275862,105.06666666666666
3617,25,0.016666666666666666,90.44
3618,15,0.009523809523809525,113.66666666666667
3619,7,0.0,85.42857142857143
3620,11,0.01818181818181818,108.9090909090909
3621,18,0.013071895424836602,79.83333333333333
3622,15,0.0,72.13333333333334
3623,5,0.0,86.2
3624,42,0.015098722415795587,99.19047619047619
3625,52,0.021870286576168928,160.0
3626,2,0.0,372.5
3627,28,0.015873015873015872,97.67857142857143
3628,10,0.0,60.1
3629,16,0.025,111.5625
3630,27,0.019943019943019943,123.37037037037037
3631,123,0.01092896174863388,91.66666666666667
3632,51,0.017254901960784313,107.07843137254902
3633,81,0.020061728395061727,114.93827160493827
3634,27,0.005698005698005698,110.74074074074075
3635,69,0.01577152600170503,112.17391304347827
3636,3,0.0,39.333333333333336
3637,5,0.0,322.4
3638,24,0.014492753623188406,93.25
3639,2,0.0,121.5
3640,18,0.013071895424836602,89.05555555555556
3641,8,0.07142857142857142,99.125
3642,47,0.009250693802035153,80.02127659574468
3643,14,0.0,77.5
3644,35,0.010084033613445379,97.02857142857142
3645,40,0.019230769230769232,103.775
3646,42,0.029036004645760744,143.71428571428572
3647,54,0.012578616352201259,94.75925925925925
3648,1,0.0,217.0
3649,10,0.0,57.5
3650,6,0.06666666666666667,171.0
3651,20,0.005263157894736842,79.6
3652,18,0.013071895424836602,108.5
3653,37,0.012012012012012012,90.37837837837837
3654,32,0.028225806451612902,154.84375
3655,5,0.0,361.2
3656,15,0.02857142857142857,91.0
3657,89,0.008171603677221655,95.2247191011236
3658,82,0.018970189701897018,119.3780487804878
3659,2,0.0,134.5
3660,45,0.00909090909090909,97.91111111111111
3661,3,0.0,87.0
3662,187,0.01449025357943764,105.89304812834224
3663,71,0.014084507042253521,105.64788732394366
3664,106,0.013836477987421384,101.91509433962264
3665,25,0.016666666666666666,76.16
3666,19,0.023391812865497075,79.63157894736842
3667,39,0.014844804318488529,106.41025641025641
3668,36,0.006349206349206349,80.69444444444444
3669,4,0.0,29.75
3670,0,0.0,0.0
3671,3,0.0,40.0
3672,1,0.0,12.0
3673,10,0.022222222222222223,91.8
3674,18,0.0,97.77777777777777
3675,29,0.03201970443349754,210.55172413793105
3676,35,0.008403361344537815,75.14285714285714
3677,117,0.012525788387857353,98.64102564102564
3678,46,0.00966183574879227,94.84782608695652
3679,1,0.0,122.0
3680,5,0.0,178.2
3681,3,0.0,42.333333333333336
3682,5,0.1,63.6
3683,72,0.00782472613458529,83.73611111111111
3684,0,0.0,0.0
3685,8,0.0,35.25
3686,0,0.0,0.0
3687,17,0.007352941176470588,53.76470588235294
3688,6,0.0,26.333333333333332
3689,0,0.0,0.0
3690,21,0.03333333333333333,153.1904761904762
3691,1,0.0,31.0
3692,23,0.007905138339920948,60.391304347826086
3693,14,0.0,48.857142857142854
3694,1,0.0,88.0
3695,33,0.005681818181818182,121.24242424242425
3696,3,0.0,107.66666666666667
3697,25,0.01,71.44
3698,49,0.02040816326530612,128.6122448979592
3699,19,0.011695906432748537,93.3157894736842
3700,444,0.013096618062758018,101.69594594594595
3701,1,0.0,49.0
3702,3,0.0,133.33333333333334
3703,21,0.02857142857142857,86.76190476190476
3704,22,0.025974025974025976,156.4090909090909
3705,10,0.0,75.7
3706,62,0.015864621893178214,107.80645161290323
3707,150,0.011275167785234899,91.42666666666666
3708,184,0.012829650748396294,99.33152173913044
3709,38,0.01849217638691323,125.86842105263158
3710,26,0.009230769230769232,65.03846153846153
3711,16,0.016666666666666666,154.9375
3712,65,0.014903846153846155,91.33846153846154
3713,16,0.0,61.375
3714,4,0.0,41.5
3715,3,0.0,81.0
3716,14,0.03296703296703297,86.14285714285714
3717,36,0.004761904761904762,64.91666666666667
3718,14,0.0,59.42857142857143
3719,4,0.0,81.25
3720,10,0.0,58.2
3721,10,0.0,60.0
3722,15,0.0,102.0
3723,50,0.013877551020408163,102.32
3724,42,0.013937282229965157,103.35714285714286
3725,81,0.018209876543209876,108.08641975308642
3726,22,0.004329004329004329,44.22727272727273
3727,8,0.0,115.0
3728,2,0.0,30.0
3729,0,0.0,0.0
3730,37,0.03153153153153153,142.56756756756758
3731,50,0.014693877551020407,100.48
3732,32,0.004032258064516129,84.6875
3733,95,0.01433370660694289,106.53684210526316
3734,71,0.026559356136820925,141.01408450704224
3735,358,0.011298374098242648,93.83798882681565
3736,1,0.0,3.0
3737,93,0.01659654043945769,106.31182795698925
3738,10,0.06666666666666667,222.1
3739,18,0.013071895424836602,84.88888888888889
3740,1,0.0,52.0
3741,12,0.045454545454545456,82.08333333333333
3742,7,0.0,104.28571428571429
3743,15,0.0,85.06666666666666
3744,4,0.0,31.25
3745,52,0.01583710407239819,110.0576923076923
3746,16,0.008333333333333333,70.9375
3747,2,0.0,182.5
3748,109,0.019198097179748557,120.98165137614679
3749,27,0.008547008547008548,67.14814814814815
3750,43,0.0033222591362126247,62.627906976744185
3751,2,0.0,43.5
3752,5,0.1,117.4
3753,3,0.0,48.666666666666664
3754,3,0.0,21.0
3755,20,0.015789473684210527,121.4
3756,22,0.008658008658008658,59.22727272727273
3757,7,0.0,241.71428571428572
3758,9,0.0,43.111111111111114
3759,7,0.047619047619047616,171.28571428571428
3760,14,0.04395604395604396,132.57142857142858
3761,7,0.0,66.57142857142857
3762,2,0.0,16.5
3763,7,0.0,59.42857142857143
3764,30,0.006896551724137931,61.03333333333333
3765,213,0.015413234121711401,109.71361502347418
3766,0,0.0,0.0
3767,6,0.0,52.166666666666664
3768,14,0.0,60.357142857142854
3769,63,0.014848950332821301,107.5079365079365
3770,2,0.0,28.0
3771,5,0.1,59.2
3772,8,0.0,82.25
3773,10,0.0,24.2
3774,41,0.01951219512195122,102.85365853658537
3775,12,0.015151515151515152,110.08333333333333
3776,16,0.025,139.4375
3777,5,0.0,84.0
3778,4,0.0,94.5
3779,45,0.00909090909090909,72.13333333333334
3780,3,0.0,84.33333333333333
3781,19,0.03508771929824561,131.26315789473685
3782,2,0.0,72.5
3783,12,0.0,76.5
3784,45,0.00404040404040404,75.0
3785,131,0.01644157369348209,101.35114503816794
3786,8,0.0,76.25
3787,717,0.010514792392261363,89.45327754532775
3788,15,0.009523809523809525,72.4
3789,21,0.009523809523809525,55.714285714285715
3790,5,0.0,96.0
3791,30,0.009195402298850575,86.26666666666667
3792,31,0.010752688172043012,81.61290322580645
3793,7,0.0,54.0
3794,0,0.0,0.0
3795,157,0.015351951657684142,101.11464968152866
3796,5,0.0,55.8
3797,30,0.02528735632183908,141.96666666666667
3798,11,0.0,82.36363636363636
3799,5,0.0,111.2
3800,4,0.0,52.5
3801,25,0.02,116.0
3802,30,0.013793103448275862,131.53333333333333
3803,4,0.0,96.75
3804,60,0.010734463276836158,85.26666666666667
3805,19,0.005847953216374269,115.6842105263158
3806,2,0.0,127.0
3807,43,0.014396456256921373,92.62790697674419
3808,72,0.015258215962441314,110.88888888888889
3809,25,0.0033333333333333335,83.72
3810,17,0.029411764705882353,132.05882352941177
3811,41,0.012195121951219513,97.73170731707317
3812,3,0.0,104.0
3813,44,0.02854122621564482,174.70454545454547
3814,38,0.021337126600284494,138.1315789473684
3815,1,0.0,3.0
3816,28,0.013227513227513227,87.64285714285714
3817,18,0.026143790849673203,113.05555555555556
3818,24,0.014492753623188406,73.75
3819,33,0.017045454545454544,106.57575757575758
3820,36,0.014285714285714285,83.0
3821,26,0.009230769230769232,110.46153846153847
3822,3,0.0,39.333333333333336
3823,6,0.0,85.0
3824,11,0.0,77.18181818181819
3825,25,0.013333333333333334,123.2
3826,29,0.014778325123152709,89.48275862068965
3827,41,0.015853658536585366,98.3170731707317
3828,6,0.06666666666666667,259.3333333333333
3829,7,0.0,167.57142857142858
3830,17,0.029411764705882353,109.70588235294117
3831,4,0.0,65.5
3832,1,0.0,29.0
3833,1,0.0,57.0
3834,161,0.015993788819875777,111.99378881987577
3835,16,0.0,84.1875
3836,25,0.006666666666666667,90.52
3837,3,0.0,71.0
3838,4,0.0,109.5
3839,2,0.0,26.0
3840,54,0.013976240391334731,107.4074074074074
3841,1,0.0,2.0
3842,6,0.06666666666666667,269.6666666666667
3843,4,0.0,50.5
3844,32,0.012096774193548387,93.03125
3845,4,0.0,25.5
3846,1,0.0,50.0
3847,17,0.0,65.94117647058823
3848,32,0.0,64.21875
3849,44,0.015856236786469344,104.31818181818181
3850,8,0.03571428571428571,145.5
3851,2,0.0,72.0
3852,51,0.013333333333333334,99.72549019607843
3853,38,0.00995732574679943,77.60526315789474
3854,41,0.01707317073170732,116.29268292682927
3855,80,0.006645569620253164,70.7
3856,5,0.0,90.2
3857,30,0.006896551724137931,74.53333333333333
3858,9,0.0,102.88888888888889
3859,36,0.01746031746031746,116.88888888888889
3860,40,0.03461538461538462,145.65
3861,36,0.011111111111111112,71.63888888888889
3862,49,0.007653061224489796,86.85714285714286
3863,70,0.015734989648033125,98.9
3864,65,0.01971153846153846,135.04615384615386
3865,155,0.012903225806451613,107.76129032258065
3866,7,0.0,131.57142857142858
3867,101,0.00891089108910891,82.67326732673267
3868,7,0.0,64.85714285714286
3869,12,0.015151515151515152,54.0
3870,8,0.0,101.875
3871,38,0.005689900426742532,79.84210526315789
3872,8,0.03571428571428571,126.875
3873,72,0.011737089201877934,88.81944444444444
3874,23,0.019762845849802372,115.0
3875,5,0.0,112.6
3876,1,0.0,74.0
3877,25,0.023333333333333334,130.72
3878,23,0.011857707509881422,82.34782608695652
3879,22,0.017316017316017316,106.63636363636364
3880,117,0.011788977306218685,97.88034188034187
3881,22,0.004329004329004329,71.72727272727273
3882,6,0.0,71.0
3883,158,0.018624526324276386,116.44303797468355
3884,40,0.007692307692307693,78.975
3885,53,0.013062409288824383,106.22641509433963
3886,12,0.0,74.91666666666667
3887,35,0.005042016806722689,80.25714285714285
3888,16,0.016666666666666666,77.6875
3889,9,0.0,105.11111111111111
3890,14,0.03296703296703297,121.57142857142857
3891,29,0.0049261083743842365,88.03448275862068
3892,19,0.005847953216374269,110.10526315789474
3893,69,0.018329070758738276,118.1159420289855
3894,48,0.01773049645390071,95.1875
3895,13,0.02564102564102564,122.6923076923077
3896,2,0.0,56.0
3897,263,0.01407714857922387,104.80988593155894
3898,0,0.0,0.0
3899,11,0.01818181818181818,100.54545454545455
3900,1,0.0,33.0
3901,18,0.0,38.111111111111114
3902,0,0.0,0.0
3903,5,0.1,67.4
3904,5,0.0,156.6
3905,67,0.017639077340569877,115.22388059701493
3906,12,0.015151515151515152,73.58333333333333
3907,39,0.010796221322537112,85.35897435897436
3908,4,0.0,33.25
3909,39,0.009446693657219974,70.43589743589743
3910,4,0.0,103.25
3911,114,0.016922838068622884,102.3157894736842
3912,8,0.0,94.875
3913,40,0.019230769230769232,96.4
3914,99,0.012574726860441147,102.5959595959596
3915,15,0.01904761904761905,119.06666666666666
3916,63,0.00972862263184844,77.57142857142857
3917,55,0.008754208754208754,77.78181818181818
3918,37,0.016516516516516516,102.0
3919,71,0.020523138832997986,127.11267605633803
3920,8,0.0,45.0
3921,53,0.012336719883889695,100.64150943396227
3922,14,0.01098901098901099,80.07142857142857
3923,5,0.0,122.8
3924,11,0.01818181818181818,105.54545454545455
3925,17,0.0,70.70588235294117
3926,108,0.018345448251990307,109.42592592592592
3927,0,0.0,0.0
3928,15,0.009523809523809525,63.93333333333333
3929,10,0.0,70.2
3930,46,0.015458937198067632,121.67391304347827
3931,0,0.0,0.0
3932,6,0.0,51.833333333333336
3933,9,0.027777777777777776,66.11111111111111
3934,21,0.004761904761904762,61.0
3935,1,0.0,599.0
3936,35,0.031932773109243695,147.22857142857143
3937,30,0.016091954022988506,112.63333333333334
3938,1,0.0,13.0
3939,329,0.011416709911779968,90.76899696048632
3940,33,0.01893939393939394,129.75757575757575
3941,28,0.015873015873015872,82.0
3942,6,0.0,86.0
3943,2,0.0,53.0
3944,11,0.0,43.90909090909091
3945,62,0.009518773135906928,79.54838709677419
3946,8,0.0,89.0
3947,86,0.013132694938440492,105.11627906976744
3948,1,0.0,99.0
3949,26,0.015384615384615385,105.73076923076923
3950,5,0.0,74.0
3951,28,0.007936507936507936,101.42857142857143
3952,17,0.0,102.0
3953,30,0.009195402298850575,85.36666666666666
3954,28,0.021164021164021163,96.85714285714286
3955,1,0.0,4.0
3956,0,0.0,0.0
3957,26,0.003076923076923077,66.76923076923077
3958,53,0.020319303338171262,104.01886792452831
3959,43,0.014396456256921373,86.23255813953489
3960,15,0.0,78.53333333333333
3961,15,0.0,71.13333333333334
3962,15,0.0,63.333333333333336
3963,64,0.00744047619047619,95.765625
3964,82,0.012646793134598013,90.64634146341463
3965,7,0.0,88.0
3966,22,0.012987012987012988,90.31818181818181
3967,6,0.0,63.333333333333336
3968,57,0.017543859649122806,112.28070175438596
3969,25,0.01,89.88
3970,14,0.01098901098901099,149.14285714285714
3971,29,0.012315270935960592,106.72413793103448
3972,22,0.004329004329004329,78.36363636363636
3973,54,0.004891684136967156,64.55555555555556
3974,11,0.03636363636363636,118.72727272727273
3975,5,0.1,34.8
3976,31,0.008602150537634409,76.74193548387096
3977,6,0.0,123.66666666666667
3978,83,0.013517484572436086,96.2289156626506
3979,152,0.0128093412338794,98.61184210526316
3980,13,0.0,99.3076923076923
3981,39,0.008097165991902834,72.94871794871794
3982,0,0.0,0.0
3983,3,0.0,94.33333333333333
3984,2,0.0,22.5
3985,2,0.0,37.0
3986,15,0.0,69.4
3987,7,0.0,106.85714285714286
3988,100,0.010101010101010102,95.98
3989,43,0.023255813953488372,131.09302325581396
3990,45,0.022222222222222223,134.84444444444443
3991,30,0.011494252873563218,84.96666666666667
3992,6,0.06666666666666667,177.5
3993,64,0.020833333333333332,131.6875
3994,0,0.0,0.0
3995,55,0.014814814814814815,98.0909090909091
3996,4,0.0,82.75
3997,8,0.03571428571428571,147.125
3998,14,0.0,46.214285714285715
3999,15,0.009523809523809525,66.66666666666667
4000,10,0.0,72.9
4001,233,0.011543584430960485,93.61802575107296
4002,30,0.009195402298850575,89.53333333333333
4003,68,0.011852502194907815,108.32352941176471
4004,5,0.0,98.0
4005,84,0.022375215146299483,111.75
4006,29,0.0024630541871921183,68.41379310344827
4007,49,0.01445578231292517,82.93877551020408
4008,39,0.001349527665317139,83.1025641025641
4009,2,0.0,99.0
4010,9,0.027777777777777776,57.666666666666664
4011,2,0.0,95.5
4012,3,0.3333333333333333,93.0
4013,45,0.014141414141414142,95.24444444444444
4014,163,0.015981216390214346,106.8957055214724
4015,39,0.014844804318488529,106.6923076923077
4016,0,0.0,0.0
4017,17,0.0,91.11764705882354
4018,8,0.0,51.375
4019,10,0.0,78.4
4020,21,0.009523809523809525,80.38095238095238
4021,11,0.01818181818181818,84.72727272727273
4022,6,0.0,77.33333333333333
4023,0,0.0,0.0
4024,0,0.0,0.0
4025,46,0.005797101449275362,69.3695652173913
4026,5,0.0,249.4
4027,1,0.0,28.0
4028,18,0.006535947712418301,143.83333333333334
4029,0,0.0,0.0
4030,19,0.03508771929824561,109.94736842105263
4031,17,0.022058823529411766,109.6470588235294
4032,6,0.0,149.33333333333334
4033,15,0.02857142857142857,117.13333333333334
4034,140,0.010071942446043165,85.21428571428571
4035,0,0.0,0.0
4036,6,0.0,58.5
4037,14,0.01098901098901099,110.07142857142857
4038,16,0.008333333333333333,65.8125
4039,4,0.0,195.0
4040,38,0.017069701280227598,102.78947368421052
4041,6,0.0,45.166666666666664
4042,18,0.006535947712418301,102.94444444444444
4043,8,0.03571428571428571,79.5
4044,1,0.0,103.0
4045,31,0.03225806451612903,117.06451612903226
4046,14,0.0,64.64285714285714
4047,27,0.008547008547008548,72.22222222222223
4048,24,0.0036231884057971015,92.25
4049,151,0.016335540838852098,107.27814569536424
4050,0,0.0,0.0
4051,6,0.0,71.16666666666667
4052,3,0.0,30.666666666666668
4053,2,0.0,53.0
4054,12,0.015151515151515152,52.75
4055,33,0.005681818181818182,69.48484848484848
4056,3,0.0,95.33333333333333
4057,29,0.007389162561576354,76.06896551724138
4058,13,0.01282051282051282,81.3076923076923
4059,13,0.038461538461538464,180.6153846153846
4060,60,0.013559322033898305,117.73333333333333
4061,58,0.018753781004234724,104.62068965517241
4062,2,0.0,142.0
4063,1,0.0,19.0
4064,24,0.007246376811594203,75.125
4065,0,0.0,0.0
4066,14,0.02197802197802198,132.28571428571428
4067,0,0.0,0.0
4068,27,0.014245014245014245,119.96296296296296
4069,12,0.0,90.75
4070,7,0.0,50.714285714285715
4071,20,0.010526315789473684,99.15
4072,53,0.009433962264150943,83.13207547169812
4073,20,0.005263157894736842,55.7
4074,49,0.008503401360544218,90.91836734693878
4075,43,0.016611295681063124,121.25581395348837
4076,73,0.011796042617960426,108.56164383561644
4077,48,0.0274822695035461,143.95833333333334
4078,47,0.014801110083256245,104.91489361702128
4079,35,0.013445378151260505,123.17142857142858
4080,1,0.0,12.0
4081,75,0.018738738738738738,114.06666666666666
4082,1,0.0,56.0
4083,6,0.0,48.833333333333336
4084,4,0.0,84.75
4085,21,0.004761904761904762,73.57142857142857
4086,23,0.03557312252964427,136.1304347826087
4087,28,0.013227513227513227,93.96428571428571
4088,11,0.01818181818181818,108.54545454545455
4089,39,0.01349527665317139,79.76923076923077
4090,33,0.003787878787878788,86.6969696969697
4091,36,0.007936507936507936,100.27777777777777
4092,59,0.009935710111046173,100.05084745762711
4093,18,0.013071895424836602,204.11111111111111
4094,5,0.0,72.8
4095,108,0.008826583592938734,90.74074074074075
4096,10,0.0,87.8
4097,4,0.0,107.5
4098,16,0.058333333333333334,108.375
4099,3,0.0,72.33333333333333
4100,31,0.0064516129032258064,108.16129032258064
4101,21,0.0,56.095238095238095
4102,5,0.0,83.6
4103,18,0.006535947712418301,74.61111111111111
4104,37,0.028528528528528527,148.16216216216216
4105,33,0.017045454545454544,164.36363636363637
4106,13,0.05128205128205128,213.07692307692307
4107,6,0.0,154.33333333333334
4108,82,0.014754591990364349,104.08536585365853
4109,78,0.007326007326007326,77.2051282051282
4110,5,0.0,60.6
4111,5,0.0,43.2
4112,31,0.0064516129032258064,68.03225806451613
4113,40,0.005128205128205128,84.1
4114,47,0.014801110083256245,94.2127659574468
4115,8,0.0,145.875
4116,4,0.16666666666666666,88.0
4117,4,0.0,70.5
4118,45,0.015151515151515152,119.75555555555556
4119,59,0.015780245470485097,109.27118644067797
4120,4,0.0,35.0
4121,0,0.0,0.0
4122,31,0.008602150537634409,68.90322580645162
4123,77,0.017088174982911826,111.96103896103897
4124,5,0.0,74.8
4125,9,0.0,120.11111111111111
4126,43,0.005537098560354375,84.46511627906976
4127,0,0.0,0.0
4128,134,0.014700931433060263,109.27611940298507
4129,7,0.0,77.28571428571429
4130,2,0.0,39.0
4131,93,0.010752688172043012,101.6989247311828
4132,26,0.015384615384615385,111.3076923076923
4133,4,0.0,56.25
4134,29,0.014778325123152709,151.3793103448276
4135,74,0.00777489818585709,75.13513513513513
4136,4,0.0,30.0
4137,2,0.0,75.0
4138,40,0.016666666666666666,126.625
4139,24,0.014492753623188406,83.20833333333333
4140,19,0.017543859649122806,131.6315789473684
4141,4,0.0,52.5
4142,4,0.0,78.75
4143,2,0.0,48.5
4144,20,0.010526315789473684,122.55
4145,3,0.3333333333333333,138.33333333333334
4146,14,0.0,71.78571428571429
4147,7,0.0,64.28571428571429
4148,24,0.028985507246376812,166.125
4149,0,0.0,0.0
4150,8,0.03571428571428571,51.625
4151,22,0.025974025974025976,109.0909090909091
4152,8,0.0,76.0
4153,4,0.0,105.25
4154,9,0.0,73.33333333333333
4155,48,0.012411347517730497,109.8125
4156,1,0.0,39.0
4157,43,0.007751937984496124,74.69767441860465
4158,62,0.007403490216816499,79.43548387096774
4159,29,0.012315270935960592,74.51724137931035
4160,19,0.005847953216374269,87.78947368421052
4161,3,0.0,46.333333333333336
4162,20,0.0,72.45
4163,123,0.015060642409702786,108.04878048780488
4164,16,0.0,108.875
4165,52,0.00904977375565611,73.96153846153847
4166,18,0.0196078431372549,76.16666666666667
4167,119,0.012391397236860845,96.88235294117646
4168,2,0.0,170.5
4169,39,0.02699055330634278,146.94871794871796
4170,94,0.011439029970258523,97.91489361702128
4171,26,0.015384615384615385,122.11538461538461
4172,69,0.022591645353793693,116.26086956521739
4173,1,0.0,10.0
4174,28,0.010582010582010581,104.17857142857143
4175,54,0.020964360587002098,128.14814814814815
4176,8,0.0,109.75
4177,28,0.010582010582010581,84.21428571428571
4178,14,0.01098901098901099,94.78571428571429
4179,19,0.0,64.3157894736842
4180,45,0.021212121212121213,112.17777777777778
4181,24,0.0,98.75
4182,18,0.0196078431372549,126.5
4183,8,0.0,105.125
4184,59,0.008182349503214495,82.47457627118644
4185,22,0.008658008658008658,80.5909090909091
4186,10,0.022222222222222223,101.5
4187,44,0.02536997885835095,125.77272727272727
4188,5,0.1,209.4
4189,15,0.009523809523809525,103.13333333333334
4190,126,0.01612698412698413,110.83333333333333
4191,23,0.015810276679841896,100.1304347826087
4192,8,0.0,96.625
4193,3,0.0,55.333333333333336
4194,17,0.029411764705882353,105.41176470588235
4195,2,0.0,54.0
4196,24,0.007246376811594203,116.70833333333333
4197,32,0.008064516129032258,95.25
4198,26,0.003076923076923077,77.92307692307692
4199,21,0.014285714285714285,64.04761904761905
4200,148,0.016179444750873323,102.8108108108108
4201,245,0.01408497825359652,101.17551020408163
4202,249,0.01567560564840005,107.94377510040161
4203,82,0.017765733212887685,120.26829268292683
4204,35,0.0067226890756302525,70.65714285714286
4205,32,0.0020161290322580645,80.75
4206,9,0.0,123.55555555555556
4207,67,0.017186793306196293,122.6268656716418
4208,105,0.02142857142857143,123.22857142857143
4209,81,0.025925925925925925,151.0
4210,1,0.0,250.0
4211,13,0.0,138.3846153846154
4212,33,0.017045454545454544,106.45454545454545
4213,117,0.011641615089890952,102.71794871794872
4214,2,0.0,95.5
4215,41,0.00975609756097561,85.8048780487805
4216,64,0.019345238095238096,108.96875
4217,21,0.004761904761904762,80.71428571428571
4218,28,0.007936507936507936,97.03571428571429
4219,78,0.01332001332001332,110.98717948717949
4220,48,0.0062056737588652485,77.66666666666667
4221,27,0.0,77.4074074074074
4222,73,0.014079147640791476,101.24657534246575
4223,2,0.0,48.0
4224,151,0.013686534216335542,105.05960264900662
4225,3,0.0,75.33333333333333
4226,2,0.0,8.0
4227,48,0.008865248226950355,85.89583333333333
4228,66,0.02564102564102564,143.87878787878788
4229,7,0.0,49.142857142857146
4230,49,0.015306122448979591,105.38775510204081
4231,11,0.0,77.27272727272727
4232,109,0.010873258579680599,103.80733944954129
4233,111,0.01506961506961507,102.86486486486487
4234,8,0.03571428571428571,125.375
4235,17,0.0,60.23529411764706
4236,3,0.0,43.0
4237,10,0.0,39.5
4238,11,0.01818181818181818,78.0909090909091
4239,42,0.011614401858304297,86.38095238095238
4240,25,0.01,76.08
4241,95,0.014781634938409855,108.97894736842105
4242,1,0.0,433.0
4243,31,0.010752688172043012,74.16129032258064
4244,30,0.009195402298850575,81.1
4245,23,0.003952569169960474,66.3913043478261
4246,32,0.018145161290322582,137.75
4247,32,0.016129032258064516,140.78125
4248,37,0.010510510510510511,87.94594594594595
4249,4,0.0,53.5
4250,17,0.0,91.47058823529412
4251,191,0.015596583080738495,107.51832460732984
4252,72,0.013693270735524257,111.09722222222223
4253,26,0.003076923076923077,93.34615384615384
4254,24,0.014492753623188406,103.54166666666667
4255,49,0.013605442176870748,122.18367346938776
4256,12,0.015151515151515152,70.66666666666667
4257,60,0.010169491525423728,89.83333333333333
4258,3,0.0,62.0
4259,38,0.00995732574679943,91.13157894736842
4260,50,0.004081632653061225,80.74
4261,47,0.0074005550416281225,101.72340425531915
4262,32,0.02620967741935484,139.84375
4263,0,0.0,0.0
4264,16,0.008333333333333333,112.1875
4265,5,0.0,132.4
4266,31,0.010752688172043012,90.83870967741936
4267,14,0.0,49.92857142857143
4268,6,0.0,120.83333333333333
4269,1,0.0,8.0
4270,5,0.0,71.4
4271,19,0.017543859649122806,121.89473684210526
4272,0,0.0,0.0
4273,2,0.0,207.0
4274,15,0.009523809523809525,82.93333333333334
4275,29,0.017241379310344827,104.17241379310344
4276,21,0.009523809523809525,83.85714285714286
4277,22,0.0,86.77272727272727
4278,0,0.0,0.0
4279,17,0.0,80.76470588235294
4280,1,0.0,55.0
4281,7,0.0,86.42857142857143
4282,5,0.0,83.0
4283,39,0.012145748987854251,103.87179487179488
4284,20,0.02631578947368421,90.05
4285,8,0.0,59.25
4286,47,0.012025901942645698,122.61702127659575
4287,5,0.3,200.0
4288,65,0.015384615384615385,102.24615384615385
4289,16,0.016666666666666666,76.9375
4290,18,0.0196078431372549,135.88888888888889
4291,12,0.0,62.583333333333336
4292,8,0.0,76.5
4293,7,0.0,69.85714285714286
4294,67,0.020805065581184983,121.17910447761194
4295,23,0.02766798418972332,127.1304347826087
4296,12,0.0,58.916666666666664
4297,8,0.0,57.25
4298,27,0.014245014245014245,118.70370370370371
4299,13,0.02564102564102564,187.92307692307693
4300,16,0.016666666666666666,65.0625
4301,34,0.0053475935828877,95.58823529411765
4302,2,0.0,192.5
4303,238,0.01226819841860795,99.95798319327731
4304,19,0.011695906432748537,100.3157894736842
4305,13,0.01282051282051282,81.07692307692308
4306,94,0.014184397163120567,103.47872340425532
4307,3,0.0,57.0
4308,41,0.012195121951219513,101.65853658536585
4309,11,0.03636363636363636,230.54545454545453
4310,17,0.0,63.88235294117647
4311,0,0.0,0.0
4312,5,0.0,145.6
4313,5,0.0,44.0
4314,46,0.017391304347826087,90.19565217391305
4315,3,0.0,243.33333333333334
4316,211,0.012096592191378921,96.81042654028435
4317,23,0.019762845849802372,104.30434782608695
4318,10,0.022222222222222223,53.7
4319,29,0.019704433497536946,103.51724137931035
4320,38,0.01849217638691323,154.1315789473684
4321,18,0.006535947712418301,57.888888888888886
4322,42,0.013937282229965157,122.28571428571429
4323,9,0.0,88.88888888888889
4324,4,0.0,74.25
4325,0,0.0,0.0
4326,30,0.009195402298850575,115.56666666666666
4327,13,0.0,60.69230769230769
4328,245,0.014586818333890934,105.16734693877551
4329,31,0.0064516129032258064,84.74193548387096
4330,8,0.0,101.25
4331,8,0.0,63.375
4332,67,0.010854816824966078,97.67164179104478
4333,32,0.012096774193548387,119.96875
4334,5,0.0,61.4
4335,54,0.02445842068483578,155.09259259259258
4336,0,0.0,0.0
4337,37,0.003003003003003003,65.24324324324324
4338,20,0.0,61.1
4339,28,0.010582010582010581,102.78571428571429
4340,8,0.0,81.5
4341,14,0.0,74.07142857142857
4342,66,0.010256410256410256,79.45454545454545
4343,1,0.0,24.0
4344,24,0.018115942028985508,101.625
4345,25,0.0033333333333333335,76.36
4346,54,0.01816911250873515,100.94444444444444
4347,3,0.0,18.666666666666668
4348,6,0.0,283.3333333333333
4349,24,0.007246376811594203,89.33333333333333
4350,92,0.012422360248447204,98.78260869565217
4351,6,0.0,91.16666666666667
4352,1,0.0,108.0
4353,22,0.025974025974025976,133.5
4354,0,0.0,0.0
4355,27,0.005698005698005698,97.11111111111111
4356,0,0.0,0.0
4357,49,0.007653061224489796,68.40816326530613
4358,18,0.006535947712418301,99.61111111111111
4359,0,0.0,0.0
4360,24,0.010869565217391304,73.33333333333333
4361,57,0.02568922305764411,134.0
4362,6,0.0,81.5
4363,49,0.016156462585034014,112.08163265306122
4364,4,0.0,99.25
4365,45,0.007070707070707071,74.97777777777777
4366,226,0.015771878072763028,111.13716814159292
4367,80,0.012658227848101266,105.5875
4368,6,0.0,90.5
4369,28,0.0,108.75
4370,11,0.03636363636363636,76.18181818181819
4371,79,0.01557935735150925,120.53164556962025
4372,8,0.0,170.625
4373,0,0.0,0.0
4374,16,0.0,67.6875
4375,6,0.0,85.5
4376,18,0.026143790849673203,199.66666666666666
4377,2,0.0,119.5
4378,2,0.0,270.0
4379,42,0.005807200929152149,83.92857142857143
4380,14,0.04395604395604396,149.28571428571428
4381,25,0.0033333333333333335,93.6
4382,37,0.02252252252252252,137.35135135135135
4383,16,0.03333333333333333,74.0625
4384,14,0.01098901098901099,68.64285714285714
4385,12,0.0,80.66666666666667
4386,6,0.0,73.83333333333333
4387,7,0.09523809523809523,341.14285714285717
4388,175,0.016814449917898194,107.73142857142857
4389,2,0.0,110.0
4390,21,0.004761904761904762,81.33333333333333
4391,1,0.0,64.0
4392,0,0.0,0.0
4393,68,0.010535557506584723,95.70588235294117
4394,29,0.022167487684729065,132.06896551724137
4395,2,0.0,41.0
4396,4,0.0,108.75
4397,2,0.0,86.5
4398,7,0.0,85.57142857142857
4399,3,0.0,63.333333333333336
4400,189,0.013396375098502758,106.97883597883597
4401,2,0.0,20.5
4402,96,0.01381578947368421,94.5
4403,109,0.01580020387359837,104.4770642201835
4404,14,0.0,81.5
4405,7,0.0,106.85714285714286
4406,64,0.008432539682539682,86.984375
4407,3,0.0,40.666666666666664
4408,6,0.0,67.83333333333333
4409,43,0.015503875968992248,128.97674418604652
4410,12,0.030303030303030304,135.41666666666666
4411,0,0.0,0.0
4412,32,0.0020161290322580645,80.78125
4413,24,0.0036231884057971015,108.83333333333333
4414,34,0.0053475935828877,65.5
4415,13,0.0,78.38461538461539
4416,11,0.0,106.45454545454545
4417,4,0.16666666666666666,416.75
4418,7,0.047619047619047616,139.57142857142858
4419,86,0.016963064295485636,112.8953488372093
4420,51,0.012549019607843137,95.0
4421,33,0.00946969696969697,84.48484848484848
4422,31,0.015053763440860216,113.96774193548387
4423,89,0.015832482124616958,104.51685393258427
4424,27,0.011396011396011397,72.55555555555556
4425,3,0.0,114.33333333333333
4426,88,0.01698014629049112,110.89772727272727
4427,37,0.028528528528528527,157.0810810810811
4428,13,0.0,121.15384615384616
4429,27,0.02849002849002849,128.40740740740742
4430,173,0.014786933727651566,112.64161849710983
4431,54,0.013277428371767994,93.24074074074075
4432,24,0.043478260869565216,148.08333333333334
4433,8,0.0,20.0
4434,3,0.0,95.33333333333333
4435,4,0.16666666666666666,93.25
4436,87,0.010157711841753542,86.24137931034483
4437,4,0.0,69.75
4438,7,0.0,227.85714285714286
4439,12,0.07575757575757576,228.41666666666666
4440,8,0.0,139.5
4441,6,0.0,79.33333333333333
4442,23,0.003952569169960474,71.21739130434783
4443,0,0.0,0.0
4444,12,0.07575757575757576,101.16666666666667
4445,13,0.02564102564102564,113.92307692307692
4446,49,0.027210884353741496,141.3877551020408
4447,6,0.0,85.33333333333333
4448,0,0.0,0.0
4449,72,0.02034428794992175,114.70833333333333
4450,3,0.0,74.0
4451,19,0.0,68.21052631578948
4452,5,0.0,67.2
4453,5,0.0,54.6
4454,20,0.010526315789473684,82.05
4455,3,0.0,105.0
4456,3,0.0,84.66666666666667
4457,19,0.0,89.52631578947368
4458,5,0.0,196.4
4459,142,0.014084507042253521,102.38028169014085
4460,29,0.034482758620689655,120.51724137931035
4461,12,0.0,64.08333333333333
4462,42,0.020905923344947737,102.64285714285714
4463,0,0.0,0.0
4464,11,0.01818181818181818,143.0
4465,31,0.008602150537634409,91.0
4466,7,0.0,120.0
4467,27,0.017094017094017096,107.85185185185185
4468,147,0.015655577299412915,110.78911564625851
4469,28,0.0026455026455026454,69.14285714285714
4470,12,0.015151515151515152,93.08333333333333
4471,17,0.007352941176470588,56.88235294117647
4472,3,0.0,170.33333333333334
4473,29,0.024630541871921183,121.89655172413794
4474,18,0.0,91.77777777777777
4475,24,0.007246376811594203,66.08333333333333
4476,51,0.014901960784313726,93.80392156862744
4477,9,0.027777777777777776,84.22222222222223
4478,29,0.009852216748768473,97.13793103448276
4479,86,0.013132694938440492,100.90697674418605
4480,45,0.007070707070707071,100.86666666666666
4481,3,0.0,42.666666666666664
4482,23,0.007905138339920948,80.34782608695652
4483,103,0.01237388159147154,109.99029126213593
4484,21,0.02857142857142857,151.47619047619048
4485,10,0.0,80.8
4486,16,0.016666666666666666,91.9375
4487,2,0.0,50.0
4488,70,0.012008281573498964,91.25714285714285
4489,7,0.047619047619047616,147.0
4490,78,0.028305028305028304,151.14102564102564
4491,2,0.0,103.5
4492,8,0.0,67.875
4493,47,0.012950971322849213,114.65957446808511
4494,56,0.012987012987012988,104.55357142857143
4495,23,0.015810276679841896,108.34782608695652
4496,86,0.018604651162790697,103.37209302325581
4497,2,0.0,115.5
4498,37,0.006006006006006006,95.16216216216216
4499,7,0.0,81.28571428571429
4500,32,0.020161290322580645,106.84375
4501,65,0.014423076923076924,102.87692307692308
4502,101,0.01485148514851485,105.88118811881188
4503,48,0.007978723404255319,79.625
4504,8,0.0,93.875
4505,26,0.006153846153846154,76.07692307692308
4506,14,0.0,61.357142857142854
4507,1,0.0,23.0
4508,23,0.007905138339920948,72.34782608695652
4509,40,0.007692307692307693,90.9
4510,28,0.047619047619047616,207.60714285714286
4511,4,0.0,221.0
4512,15,0.0,68.13333333333334
4513,60,0.014124293785310734,109.83333333333333
4514,27,0.0,54.25925925925926
4515,44,0.010570824524312896,100.70454545454545
4516,24,0.028985507246376812,133.375
4517,6,0.0,46.166666666666664
4518,7,0.0,81.71428571428571
4519,10,0.0,74.7
4520,6,0.0,42.333333333333336
4521,8,0.0,47.625
4522,11,0.0,155.9090909090909
4523,113,0.014696586599241467,105.91150442477876
4524,13,0.02564102564102564,136.53846153846155
4525,130,0.008825283243887896,81.70769230769231
4526,38,0.017069701280227598,118.63157894736842
4527,10,0.022222222222222223,115.9
4528,10,0.0,59.4
4529,14,0.0,78.71428571428571
4530,2,0.0,50.0
4531,13,0.0,54.23076923076923
4532,56,0.016883116883116882,131.60714285714286
4533,7,0.0,114.28571428571429
4534,32,0.020161290322580645,125.8125
4535,14,0.01098901098901099,87.92857142857143
4536,11,0.0,43.90909090909091
4537,17,0.014705882352941176,103.82352941176471
4538,15,0.047619047619047616,152.33333333333334
4539,109,0.024125042473666328,151.32110091743118
4540,4,0.0,42.5
4541,20,0.02631578947368421,160.15
4542,8,0.03571428571428571,79.0
4543,30,0.027586206896551724,136.63333333333333
4544,11,0.01818181818181818,112.81818181818181
4545,41,0.014634146341463415,89.97560975609755
4546,14,0.03296703296703297,174.64285714285714
4547,14,0.02197802197802198,143.64285714285714
4548,16,0.008333333333333333,43.1875
4549,29,0.007389162561576354,77.13793103448276
4550,108,0.017826237452405677,124.33333333333333
4551,29,0.017241379310344827,97.06896551724138
4552,13,0.02564102564102564,97.61538461538461
4553,23,0.015810276679841896,107.34782608695652
4554,94,0.014870738961336078,110.67021276595744
4555,40,0.017948717948717947,104.85
4556,11,0.0,56.54545454545455
4557,96,0.011403508771929825,97.52083333333333
4558,24,0.0036231884057971015,96.83333333333333
4559,2,0.0,60.0
4560,1,0.0,38.0
4561,60,0.01751412429378531,129.9
4562,25,0.006666666666666667,69.68
4563,165,0.015964523281596452,107.01818181818182
4564,0,0.0,0.0
4565,40,0.016666666666666666,95.85
4566,23,0.03162055335968379,111.47826086956522
4567,3,0.0,61.666666666666664
4568,9,0.0,93.11111111111111
4569,41,0.003658536585365854,70.7560975609756
4570,3,0.3333333333333333,29.666666666666668
4571,17,0.007352941176470588,93.41176470588235
4572,75,0.00972972972972973,85.30666666666667
4573,26,0.024615384615384615,97.65384615384616
4574,3,0.0,28.666666666666668
4575,35,0.0,79.71428571428571
4576,116,0.011394302848575712,97.03448275862068
4577,3,0.0,64.66666666666667
4578,20,0.021052631578947368,114.55
4579,0,0.0,0.0
4580,51,0.010980392156862745,92.70588235294117
4581,70,0.009523809523809525,75.22857142857143
4582,55,0.01616161616161616,96.38181818181818
4583,14,0.01098901098901099,87.42857142857143
4584,7,0.0,72.85714285714286
4585,372,0.014621916934759296,105.3252688172043
4586,67,0.007688828584350972,76.97014925373135
4587,45,0.015151515151515152,107.06666666666666
4588,49,0.01020408163265306,110.65306122448979
4589,17,0.03676470588235294,169.1764705882353
4590,3,0.0,90.33333333333333
4591,10,0.0,63.8
4592,12,0.0,62.833333333333336
4593,11,0.0,43.54545454545455
4594,34,0.0071301247771836,77.29411764705883
4595,0,0.0,0.0
4596,3,0.0,54.666666666666664
4597,18,0.0,69.83333333333333
4598,13,0.038461538461538464,221.46153846153845
4599,38,0.017069701280227598,98.36842105263158
4600,2,0.0,126.0
4601,18,0.032679738562091505,150.22222222222223
4602,23,0.03162055335968379,132.91304347826087
4603,3,0.0,34.0
4604,9,0.027777777777777776,124.55555555555556
4605,10,0.0,64.9
4606,7,0.0,93.14285714285714
4607,11,0.01818181818181818,65.45454545454545
4608,60,0.01638418079096045,121.15
4609,46,0.012560386473429951,87.06521739130434
4610,4,0.0,60.75
4611,125,0.01638709677419355,106.784
4612,45,0.023232323232323233,126.71111111111111
4613,29,0.03694581280788178,170.20689655172413
4614,101,0.01287128712871287,102.75247524752476
4615,6,0.0,110.83333333333333
4616,49,0.012755102040816327,93.73469387755102
4617,15,0.0,95.53333333333333
4618,84,0.006597819850831899,66.0952380952381
4619,5,0.1,137.8
4620,55,0.020875420875420877,115.81818181818181
4621,14,0.01098901098901099,99.42857142857143
4622,11,0.0,76.63636363636364
4623,39,0.012145748987854251,94.05128205128206
4624,10,0.022222222222222223,176.9
4625,3,0.0,91.0
4626,21,0.009523809523809525,70.80952380952381
4627,36,0.006349206349206349,71.88888888888889
4628,48,0.015957446808510637,82.29166666666667
4629,57,0.007518796992481203,80.85964912280701
4630,2,0.0,46.5
4631,9,0.0,93.88888888888889
4632,14,0.01098901098901099,76.28571428571429
4633,24,0.007246376811594203,84.66666666666667
4634,54,0.023060796645702306,135.44444444444446
4635,9,0.05555555555555555,198.66666666666666
4636,34,0.0035650623885918,80.6470588235294
4637,2,0.0,55.5
4638,9,0.027777777777777776,120.22222222222223
4639,69,0.021739130434782608,130.42028985507247
4640,554,0.013911647005829704,101.69675090252707
4641,4,0.0,50.5
4642,7,0.0,32.57142857142857
4643,22,0.008658008658008658,78.54545454545455
4644,2,0.0,119.0
4645,21,0.009523809523809525,112.42857142857143
4646,40,0.00641025641025641,87.85
4647,18,0.013071895424836602,154.5
4648,3,0.0,138.0
4649,32,0.018145161290322582,74.9375
4650,0,0.0,0.0
4651,38,0.007112375533428165,82.84210526315789
4652,2,0.0,88.0
4653,3,0.0,151.0
4654,2,0.0,70.5
4655,32,0.006048387096774193,84.75
4656,40,0.007692307692307693,60.875
4657,52,0.0196078431372549,111.26923076923077
4658,146,0.015493623051487954,108.04109589041096
4659,8,0.0,100.625
4660,23,0.007905138339920948,117.43478260869566
4661,5,0.0,78.6
4662,0,0.0,0.0
4663,29,0.007389162561576354,98.65517241379311
4664,1,0.0,147.0
4665,12,0.015151515151515152,63.583333333333336
4666,6,0.0,72.83333333333333
4667,6,0.0,94.33333333333333
4668,4,0.0,20.0
4669,12,0.030303030303030304,129.66666666666666
4670,40,0.010256410256410256,90.45
4671,7,0.0,97.85714285714286
4672,9,0.0,60.55555555555556
4673,62,0.006345848757271285,86.20967741935483
4674,12,0.030303030303030304,110.25
4675,75,0.012252252252252252,114.8
4676,4,0.0,32.5
4677,3,0.0,94.0
4678,19,0.017543859649122806,85.0
4679,15,0.01904761904761905,114.86666666666666
4680,29,0.007389162561576354,72.27586206896552
4681,38,0.004267425320056899,76.39473684210526
4682,39,0.010796221322537112,104.7948717948718
4683,9,0.0,64.77777777777777
4684,2,0.0,45.5
4685,5,0.0,29.6
4686,10,0.022222222222222223,102.3
4687,3,0.0,30.0
4688,7,0.0,59.42857142857143
4689,1,0.0,72.0
4690,19,0.011695906432748537,72.21052631578948
4691,11,0.0,69.63636363636364
4692,8,0.0,29.625
4693,5,0.0,112.0
4694,1,0.0,2.0
4695,53,0.019593613933236574,95.66037735849056
4696,42,0.011614401858304297,96.30952380952381
4697,48,0.0062056737588652485,74.625
4698,19,0.011695906432748537,54.78947368421053
4699,3,0.0,195.0
4700,30,0.016091954022988506,91.43333333333334
4701,14,0.0,71.35714285714286
4702,24,0.007246376811594203,94.0
4703,86,0.01094391244870041,81.76744186046511
4704,17,0.007352941176470588,69.58823529411765
4705,10,0.022222222222222223,58.5
4706,0,0.0,0.0
4707,19,0.011695906432748537,82.21052631578948
4708,0,0.0,0.0
4709,16,0.016666666666666666,96.4375
4710,17,0.007352941176470588,84.52941176470588
4711,191,0.01206944061724993,97.77486910994764
4712,20,0.010526315789473684,94.2
4713,11,0.0,49.72727272727273
4714,44,0.014799154334038054,105.9090909090909
4715,52,0.007541478129713424,78.0576923076923
4716,1,0.0,33.0
4717,4,0.16666666666666666,75.0
4718,1,0.0,5.0
4719,75,0.017297297297297298,107.32
4720,14,0.0,85.92857142857143
4721,94,0.011896591169068863,99.22340425531915
4722,9,0.0,89.0
4723,31,0.03225806451612903,155.06451612903226
4724,17,0.08088235294117647,221.41176470588235
4725,205,0.01482544237207078,109.61951219512196
4726,21,0.014285714285714285,106.19047619047619
4727,21,0.004761904761904762,69.71428571428571
4728,0,0.0,0.0
4729,24,0.014492753623188406,84.08333333333333
4730,6,0.0,51.333333333333336
4731,1,0.0,505.0
4732,118,0.012892945096334927,96.66101694915254
4733,129,0.010901162790697675,95.0077519379845
4734,51,0.017254901960784313,122.68627450980392
4735,4,0.0,17.25
4736,6,0.0,73.83333333333333
4737,14,0.02197802197802198,54.142857142857146
4738,141,0.014893617021276596,108.13475177304964
4739,61,0.02185792349726776,114.50819672131148
4740,39,0.005398110661268556,74.43589743589743
4741,2,0.0,25.5
4742,2,0.0,124.0
4743,7,0.0,113.14285714285714
4744,1,0.0,88.0
4745,12,0.0,100.5
4746,17,0.0,50.0
4747,30,0.016091954022988506,70.43333333333334
4748,3,0.0,61.0
4749,95,0.015677491601343786,114.87368421052632
4750,16,0.03333333333333333,96.625
4751,194,0.01073660595053683,92.35051546391753
4752,13,0.0,63.07692307692308
4753,0,0.0,0.0
4754,44,0.023255813953488372,154.29545454545453
4755,11,0.01818181818181818,172.54545454545453
4756,126,0.01053968253968254,95.41269841269842
4757,2,0.0,48.0
4758,1,0.0,22.0
4759,6,0.0,44.833333333333336
4760,5,0.1,73.0
4761,5,0.0,86.0
4762,10,0.022222222222222223,164.3
4763,2,0.0,38.0
4764,7,0.0,121.0
4765,29,0.014778325123152709,94.37931034482759
4766,43,0.006644518272425249,83.23255813953489
4767,8,0.0,125.875
4768,50,0.011428571428571429,69.84
4769,10,0.0,54.3
4770,4,0.0,42.75
4771,8,0.03571428571428571,84.625
4772,1,0.0,81.0
4773,3,0.0,35.0
4774,4,0.0,75.0
4775,15,0.047619047619047616,145.6
4776,20,0.015789473684210527,117.7
4777,80,0.019620253164556962,117.7375
4778,22,0.008658008658008658,86.0
4779,3,0.0,66.66666666666667
4780,16,0.008333333333333333,76.5625
4781,11,0.0,65.36363636363636
4782,22,0.017316017316017316,136.27272727272728
4783,40,0.019230769230769232,87.875
4784,9,0.0,76.55555555555556
4785,6,0.0,71.0
4786,7,0.0,134.0
4787,4,0.0,66.5
4788,9,0.0,56.22222222222222
4789,23,0.003952569169960474,75.1304347826087
4790,1,0.0,29.0
4791,2,0.0,30.0
4792,11,0.01818181818181818,71.72727272727273
4793,45,0.015151515151515152,104.31111111111112
4794,14,0.04395604395604396,129.92857142857142
4795,28,0.0291005291005291,123.57142857142857
4796,46,0.015458937198067632,96.45652173913044
4797,7,0.0,51.57142857142857
4798,199,0.012841987716359575,92.01507537688443
4799,36,0.007936507936507936,96.77777777777777
4800,5,0.0,147.6
4801,35,0.005042016806722689,87.57142857142857
4802,28,0.015873015873015872,108.85714285714286
4803,0,0.0,0.0
4804,15,0.02857142857142857,148.26666666666668
4805,20,0.005263157894736842,100.0
4806,100,0.01696969696969697,125.14
4807,122,0.013548299688389108,94.86065573770492
4808,11,0.0,47.45454545454545
4809,4,0.0,95.75
4810,67,0.008593396653098146,92.1044776119403
4811,4,0.0,47.75
4812,7,0.0,122.28571428571429
4813,2,0.0,151.0
4814,32,0.008064516129032258,105.0
4815,28,0.0026455026455026454,83.14285714285714
4816,2,0.0,137.5
4817,70,0.008281573498964804,76.04285714285714
4818,2,0.0,62.5
4819,1,0.0,7.0
4820,123,0.022391043582566973,122.84552845528455
4821,3,0.0,33.333333333333336
4822,8,0.0,42.875
4823,30,0.016091954022988506,100.13333333333334
4824,3,0.0,525.3333333333334
4825,0,0.0,0.0
4826,32,0.018145161290322582,97.5625
4827,135,0.019458264234383637,122.31111111111112
4828,29,0.0024630541871921183,74.13793103448276
4829,3,0.3333333333333333,96.66666666666667
4830,51,0.008627450980392156,73.72549019607843
4831,149,0.010701977144930165,89.04697986577182
4832,7,0.0,41.857142857142854
4833,3,0.0,255.66666666666666
4834,6,0.0,88.33333333333333
4835,24,0.036231884057971016,86.75
4836,27,0.019943019943019943,117.51851851851852
4837,21,0.01904761904761905,113.52380952380952
4838,27,0.014245014245014245,133.1851851851852
4839,45,0.015151515151515152,92.08888888888889
4840,38,0.015647226173541962,115.0
4841,2,0.0,66.5
4842,30,0.011494252873563218,111.83333333333333
4843,53,0.016690856313497822,109.0377358490566
4844,22,0.008658008658008658,88.0909090909091
4845,15,0.02857142857142857,84.8
4846,6,0.0,88.33333333333333
4847,2,0.0,53.0
4848,67,0.013116236996834011,98.65671641791045
4849,16,0.0,134.8125
4850,141,0.019756838905775075,120.2127659574468
4851,8,0.0,131.0
4852,61,0.012568306010928962,95.0327868852459
4853,59,0.007597895967270602,83.76271186440678
4854,16,0.008333333333333333,84.9375
4855,52,0.007541478129713424,82.67307692307692
4856,24,0.018115942028985508,138.54166666666666
4857,67,0.014020805065581185,108.1044776119403
4858,7,0.0,91.0
4859,58,0.012099213551119177,89.79310344827586
4860,8,0.0,49.125
4861,1,0.0,13.0
4862,57,0.013157894736842105,83.78947368421052
4863,15,0.009523809523809525,67.06666666666666
4864,35,0.020168067226890758,100.17142857142858
4865,149,0.017141302376201706,118.21476510067114
4866,1,0.0,58.0
4867,31,0.004301075268817204,76.51612903225806
4868,42,0.008130081300813009,75.07142857142857
4869,90,0.010736579275905118,102.14444444444445
4870,14,0.02197802197802198,126.42857142857143
4871,51,0.01647058823529412,110.76470588235294
4872,15,0.02857142857142857,152.46666666666667
4873,5,0.0,118.8
4874,35,0.013445378151260505,108.45714285714286
4875,24,0.018115942028985508,105.75
4876,6,0.0,48.0
4877,53,0.022496371552975326,126.0377358490566
4878,122,0.019374068554396422,130.0983606557377
4879,12,0.030303030303030304,73.08333333333333
4880,46,0.021256038647342997,118.8913043478261
4881,1,0.0,151.0
4882,8,0.0,258.125
4883,11,0.09090909090909091,187.72727272727272
4884,80,0.011075949367088608,85.1875
4885,43,0.009966777408637873,97.02325581395348
4886,26,0.015384615384615385,100.84615384615384
4887,5,0.0,97.8
4888,10,0.0,81.9
4889,4,0.0,247.25
4890,10,0.08888888888888889,147.7
4891,36,0.011111111111111112,86.47222222222223
4892,15,0.009523809523809525,76.46666666666667
4893,21,0.009523809523809525,94.42857142857143
4894,10,0.022222222222222223,176.1
4895,164,0.010324704474038606,97.57317073170732
4896,8,0.0,93.75
4897,12,0.0,88.5
4898,24,0.018115942028985508,82.91666666666667
4899,16,0.008333333333333333,76.875
4900,26,0.009230769230769232,108.6923076923077
4901,59,0.015195791934541203,105.01694915254237
4902,7,0.0,110.14285714285714
4903,1,0.0,45.0
4904,2,0.0,101.0
4905,12,0.015151515151515152,95.83333333333333
4906,7,0.0,122.85714285714286
4907,5,0.0,96.6
4908,3,0.0,71.0
4909,9,0.08333333333333333,332.0
4910,3,0.0,28.333333333333332
4911,75,0.007207207207207207,87.38666666666667
4912,27,0.014245014245014245,68.81481481481481
4913,14,0.02197802197802198,72.85714285714286
4914,32,0.008064516129032258,75.0625
4915,19,0.005847953216374269,71.15789473684211
4916,17,0.007352941176470588,57.88235294117647
4917,6,0.0,40.833333333333336
4918,39,0.010796221322537112,84.76923076923077
4919,14,0.01098901098901099,84.21428571428571
4920,27,0.0,70.74074074074075
4921,222,0.013696954873425461,97.65765765765765
4922,6,0.0,134.66666666666666
4923,60,0.011299435028248588,97.2
4924,82,0.016862390846130684,126.60975609756098
4925,93,0.01425899953249182,112.43010752688173
4926,0,0.0,0.0
4927,8,0.0,72.0
4928,83,0.014105201292976785,92.73493975903614
4929,17,0.04411764705882353,174.76470588235293
4930,17,0.014705882352941176,91.88235294117646
4931,2,0.0,58.0
4932,28,0.0291005291005291,132.89285714285714
4933,0,0.0,0.0
4934,5,0.0,83.0
4935,10,0.044444444444444446,95.6
4936,16,0.008333333333333333,68.1875
4937,23,0.003952569169960474,64.30434782608695
4938,23,0.0,76.65217391304348
4939,13,0.01282051282051282,174.07692307692307
4940,64,0.018849206349206348,107.015625
4941,28,0.007936507936507936,87.21428571428571
4942,11,0.05454545454545454,171.36363636363637
4943,10,0.0,109.0
4944,26,0.006153846153846154,81.34615384615384
4945,6,0.0,110.66666666666667
4946,20,0.015789473684210527,97.6
4947,10,0.022222222222222223,115.1
4948,19,0.03508771929824561,151.10526315789474
4949,49,0.011054421768707483,96.22448979591837
4950,12,0.015151515151515152,118.0
4951,123,0.00892976142876183,85.41463414634147
4952,5,0.0,83.0
4953,3,0.0,171.66666666666666
4954,55,0.012121212121212121,91.56363636363636
4955,14,0.02197802197802198,173.85714285714286
4956,26,0.024615384615384615,125.38461538461539
4957,4,0.0,251.0
4958,10,0.022222222222222223,102.0
4959,19,0.017543859649122806,144.26315789473685
4960,11,0.05454545454545454,242.9090909090909
4961,9,0.0,116.22222222222223
4962,14,0.01098901098901099,106.42857142857143
4963,113,0.014380530973451327,106.63716814159292
4964,3,0.0,43.666666666666664
4965,16,0.008333333333333333,59.0
4966,49,0.016156462585034014,99.12244897959184
4967,79,0.010061668289516391,81.60759493670886
4968,12,0.015151515151515152,59.916666666666664
4969,30,0.011494252873563218,109.73333333333333
4970,4,0.0,65.25
4971,29,0.012315270935960592,76.62068965517241
4972,54,0.009084556254367574,80.68518518518519
4973,16,0.0,79.0625
4974,13,0.02564102564102564,90.53846153846153
4975,37,0.013513513513513514,101.37837837837837
4976,1,0.0,25.0
4977,17,0.0,72.47058823529412
4978,32,0.016129032258064516,122.34375
4979,34,0.017825311942959002,113.73529411764706
4980,7,0.0,100.28571428571429
4981,7,0.0,142.0
4982,19,0.011695906432748537,106.0
4983,25,0.006666666666666667,80.52
4984,7,0.047619047619047616,61.0
4985,16,0.025,86.9375
4986,1,0.0,43.0
4987,2,0.0,25.0
4988,13,0.038461538461538464,98.07692307692308
4989,40,0.019230769230769232,123.8
4990,30,0.020689655172413793,96.33333333333333
4991,10,0.022222222222222223,73.9
4992,37,0.024024024024024024,104.0
4993,19,0.005847953216374269,92.3157894736842
4994,42,0.004645760743321719,79.5952380952381
4995,2,0.0,86.5
4996,32,0.010080645161290322,107.90625
4997,43,0.016611295681063124,107.02325581395348
4998,39,0.018893387314439947,133.92307692307693
4999,44,0.004228329809725159,77.68181818181819
5000,62,0.011634056054997356,104.46774193548387
5001,3,0.0,27.0
5002,11,0.0,52.09090909090909
5003,6,0.0,166.83333333333334
5004,80,0.013291139240506329,101.4625
5005,0,0.0,0.0
5006,32,0.008064516129032258,84.40625
5007,3,0.0,189.33333333333334
5008,24,0.018115942028985508,117.125
5009,204,0.019221481696126728,120.72549019607843
5010,17,0.014705882352941176,101.76470588235294
5011,1,0.0,235.0
5012,29,0.017241379310344827,122.86206896551724
5013,10,0.0,92.7
5014,6,0.0,47.333333333333336
5015,27,0.005698005698005698,87.25925925925925
5016,52,0.013574660633484163,108.46153846153847
5017,35,0.02857142857142857,123.6
5018,38,0.01991465149359886,100.63157894736842
5019,89,0.016598569969356484,107.76404494382022
5020,6,0.0,108.5
5021,22,0.0,65.22727272727273
5022,10,0.044444444444444446,216.0
5023,52,0.00980392156862745,88.61538461538461
5024,48,0.010638297872340425,110.35416666666667
5025,3,0.0,14.0
5026,36,0.022222222222222223,108.94444444444444
5027,29,0.04187192118226601,179.0344827586207
5028,3,0.0,82.66666666666667
5029,122,0.015716027638531364,111.71311475409836
5030,3,0.0,128.33333333333334
5031,17,0.007352941176470588,92.11764705882354
5032,53,0.01451378809869376,111.69811320754717
5033,7,0.0,95.14285714285714
5034,7,0.0,122.57142857142857
5035,6,0.0,119.5
5036,87,0.008286554397219995,90.49425287356321
5037,29,0.017241379310344827,106.96551724137932
5038,2,0.0,52.0
5039,29,0.009852216748768473,104.10344827586206
5040,18,0.006535947712418301,70.05555555555556
5041,3,0.0,57.0
5042,13,0.02564102564102564,117.38461538461539
5043,4,0.0,145.75
5044,2,0.0,137.0
5045,71,0.012877263581488933,108.8169014084507
5046,40,0.017948717948717947,111.525
5047,12,0.0,90.08333333333333
5048,13,0.01282051282051282,68.46153846153847
5049,2,0.0,354.5
5050,20,0.0,62.0
5051,27,0.017094017094017096,89.5925925925926
5052,3,0.0,158.33333333333334
5053,0,0.0,0.0
5054,13,0.01282051282051282,127.46153846153847
5055,41,0.012195121951219513,95.48780487804878
5056,35,0.01680672268907563,86.11428571428571
5057,14,0.0,63.92857142857143
5058,24,0.014492753623188406,145.91666666666666
5059,22,0.012987012987012988,75.04545454545455
5060,132,0.012375665047420773,90.16666666666667
5061,13,0.0,68.15384615384616
5062,182,0.009714042863214135,87.75274725274726
5063,14,0.02197802197802198,99.42857142857143
5064,43,0.016611295681063124,115.5813953488372
5065,27,0.005698005698005698,90.88888888888889
5066,7,0.0,76.28571428571429
5067,15,0.009523809523809525,118.86666666666666
5068,64,0.013392857142857142,90.15625
5069,43,0.017718715393133997,100.06976744186046
5070,1,0.0,53.0
5071,12,0.015151515151515152,108.16666666666667
5072,217,0.01595835466803209,109.61751152073732
5073,19,0.04093567251461988,125.26315789473684
5074,1,0.0,9.0
5075,24,0.025362318840579712,151.79166666666666
5076,18,0.0,93.5
5077,44,0.017970401691331923,112.3409090909091
5078,13,0.01282051282051282,64.76923076923077
5079,14,0.01098901098901099,83.57142857142857
5080,9,0.0,171.22222222222223
5081,4,0.0,30.25
5082,0,0.0,0.0
5083,166,0.016137276378240233,108.56626506024097
5084,9,0.0,106.33333333333333
5085,22,0.030303030303030304,110.22727272727273
5086,5,0.0,52.2
5087,47,0.01942645698427382,123.08510638297872
5088,8,0.0,138.0
5089,13,0.01282051282051282,95.84615384615384
5090,6,0.0,56.666666666666664
5091,81,0.013580246913580247,92.06172839506173
5092,56,0.00909090909090909,89.53571428571429
5093,1,0.0,12.0
5094,26,0.003076923076923077,51.76923076923077
5095,0,0.0,0.0
5096,3,0.0,87.0
5097,63,0.014336917562724014,108.60317460317461
5098,3,0.0,49.333333333333336
5099,3,0.0,23.0
5100,5,0.0,108.4
5101,25,0.013333333333333334,95.12
5102,19,0.011695906432748537,89.36842105263158
5103,7,0.0,58.714285714285715
5104,3,0.0,111.0
5105,6,0.0,86.83333333333333
5106,37,0.015015015015015015,106.78378378378379
5107,1,0.0,40.0
5108,3,0.0,24.0
5109,13,0.01282051282051282,69.6923076923077
5110,4,0.0,79.0
5111,24,0.0,90.0
5112,27,0.011396011396011397,104.44444444444444
5113,6,0.0,72.5
5114,10,0.0,59.6
5115,135,0.015809839690436707,107.45185185185186
5116,62,0.0222104706504495,126.69354838709677
5117,30,0.006896551724137931,90.5
5118,6,0.0,108.5
5119,4,0.0,93.0
5120,59,0.0035067212156633548,62.610169491525426
5121,90,0.008739076154806492,80.76666666666667
5122,2,0.0,73.5
5123,27,0.02564102564102564,133.55555555555554
5124,3,0.0,124.66666666666667
5125,4,0.0,100.5
5126,33,0.011363636363636364,84.0909090909091
5127,16,0.016666666666666666,137.875
5128,2,0.0,11.0
5129,37,0.0075075075075075074,85.78378378378379
5130,65,0.01730769230769231,96.12307692307692
5131,46,0.008695652173913044,70.26086956521739
5132,8,0.03571428571428571,218.625
5133,1,0.0,51.0
5134,8,0.03571428571428571,114.875
5135,19,0.0,39.8421052631579
5136,28,0.015873015873015872,132.78571428571428
5137,5,0.0,52.6
5138,25,0.01,115.12
5139,7,0.0,77.57142857142857
5140,65,0.009615384615384616,93.07692307692308
5141,27,0.005698005698005698,54.148148148148145
5142,33,0.017045454545454544,92.18181818181819
5143,5,0.0,65.4
5144,61,0.026775956284153007,139.19672131147541
5145,1,0.0,33.0
5146,15,0.0,58.2
5147,73,0.0136986301369863,86.54794520547945
5148,6,0.0,42.333333333333336
5149,99,0.017316017316017316,104.21212121212122
5150,33,0.020833333333333332,109.66666666666667
5151,5,0.0,42.6
5152,26,0.009230769230769232,87.1923076923077
5153,22,0.017316017316017316,103.72727272727273
5154,31,0.017204301075268817,109.12903225806451
5155,50,0.009795918367346938,82.4
5156,26,0.012307692307692308,100.23076923076923
5157,4,0.0,63.75
5158,57,0.010651629072681704,121.70175438596492
5159,13,0.01282051282051282,102.76923076923077
5160,12,0.0,57.5
5161,0,0.0,0.0
5162,3,0.0,53.333333333333336
5163,2,0.0,20.5
5164,3,0.0,107.33333333333333
5165,1,0.0,599.0
5166,17,0.022058823529411766,99.76470588235294
5167,14,0.0,60.92857142857143
5168,17,0.0,72.6470588235294
5169,238,0.01758678154806226,115.65966386554622
5170,16,0.025,146.8125
5171,3,0.0,114.66666666666667
5172,15,0.02857142857142857,68.93333333333334
5173,0,0.0,0.0
5174,0,0.0,0.0
5175,23,0.023715415019762844,90.04347826086956
5176,6,0.0,88.0
5177,30,0.013793103448275862,105.36666666666666
5178,38,0.01422475106685633,96.60526315789474
5179,5,0.0,75.4
5180,4,0.0,140.5
5181,45,0.023232323232323233,127.95555555555555
5182,25,0.03,161.68
5183,39,0.006747638326585695,67.6923076923077
5184,43,0.014396456256921373,119.11627906976744
5185,4,0.0,56.75
5186,8,0.0,152.75
5187,94,0.021734156943491192,113.64893617021276
5188,53,0.011611030478955007,96.35849056603773
5189,7,0.14285714285714285,279.0
5190,11,0.0,61.63636363636363
5191,3,0.0,94.33333333333333
5192,8,0.03571428571428571,149.5
5193,53,0.009433962264150943,103.62264150943396
5194,2,0.0,56.0
5195,3,0.0,63.333333333333336
5196,21,0.02857142857142857,127.85714285714286
5197,17,0.014705882352941176,106.17647058823529
5198,6,0.0,40.5
5199,1,0.0,108.0
5200,61,0.01912568306010929,99.54098360655738
5201,13,0.02564102564102564,75.61538461538461
5202,33,0.003787878787878788,84.9090909090909
5203,6,0.0,320.6666666666667
5204,79,0.01622849724115547,105.37974683544304
5205,22,0.030303030303030304,152.54545454545453
5206,14,0.02197802197802198,149.42857142857142
5207,1,0.0,31.0
5208,31,0.021505376344086023,138.0
5209,1,0.0,222.0
5210,4,0.0,56.0
5211,6,0.0,65.0
5212,4,0.0,51.5
5213,28,0.031746031746031744,137.89285714285714
5214,5,0.0,131.2
5215,114,0.012420431609998447,90.3859649122807
5216,3,0.0,28.0
5217,9,0.0,148.44444444444446
5218,19,0.0,58.31578947368421
5219,60,0.012429378531073447,98.98333333333333
5220,1,0.0,3.0
5221,10,0.044444444444444446,136.7
5222,21,0.004761904761904762,104.23809523809524
5223,46,0.02608695652173913,135.80434782608697
5224,20,0.005263157894736842,74.35
5225,27,0.002849002849002849,58.18518518518518
5226,23,0.011857707509881422,96.26086956521739
5227,18,0.006535947712418301,46.22222222222222
5228,38,0.012802275960170697,90.55263157894737
5229,1,0.0,157.0
5230,9,0.0,42.22222222222222
5231,25,0.016666666666666666,136.68
5232,45,0.020202020202020204,117.91111111111111
5233,91,0.011233211233211233,96.76923076923077
5234,211,0.007447528774542992,78.38388625592417
5235,72,0.013693270735524257,99.20833333333333
5236,16,0.008333333333333333,59.5
5237,101,0.011287128712871287,96.73267326732673
5238,19,0.023391812865497075,111.36842105263158
5239,2,0.0,144.0
5240,2,0.0,20.0
5241,34,0.012477718360071301,101.82352941176471
5242,0,0.0,0.0
5243,6,0.06666666666666667,257.5
5244,23,0.007905138339920948,78.65217391304348
5245,8,0.0,73.75
5246,25,0.013333333333333334,96.12
5247,10,0.0,52.8
5248,12,0.0,88.16666666666667
5249,53,0.00725689404934688,62.9811320754717
5250,36,0.01904761904761905,123.38888888888889
5251,15,0.009523809523809525,108.13333333333334
5252,25,0.02,121.16
5253,1,0.0,599.0
5254,9,0.0,90.22222222222223
5255,12,0.015151515151515152,101.16666666666667
5256,8,0.0,150.375
5257,14,0.0,41.142857142857146
5258,23,0.023715415019762844,132.04347826086956
5259,138,0.014492753623188406,112.14492753623189
5260,16,0.008333333333333333,132.0
5261,7,0.0,53.142857142857146
5262,111,0.005569205569205569,72.64864864864865
5263,6,0.0,62.333333333333336
5264,7,0.0,67.28571428571429
5265,35,0.018487394957983194,85.85714285714286
5266,16,0.025,74.5625
5267,1,0.0,56.0
5268,13,0.01282051282051282,70.61538461538461
5269,7,0.047619047619047616,114.85714285714286
5270,72,0.017214397496087636,105.30555555555556
5271,20,0.010526315789473684,54.75
5272,25,0.0,66.64
5273,3,0.0,77.33333333333333
5274,1,0.0,41.0
5275,9,0.0,115.22222222222223
5276,11,0.0,80.0909090909091
5277,64,0.018353174603174604,101.25
5278,9,0.027777777777777776,164.11111111111111
5279,51,0.018823529411764704,105.6078431372549
5280,45,0.010101010101010102,86.08888888888889
5281,32,0.03024193548387097,136.21875
5282,6,0.0,37.5
5283,36,0.014285714285714285,91.16666666666667
5284,2,1.0,465.0
5285,0,0.0,0.0
5286,57,0.011904761904761904,94.47368421052632
5287,19,0.005847953216374269,78.73684210526316
5288,22,0.021645021645021644,113.86363636363636
5289,14,0.0,81.5
5290,76,0.009824561403508772,103.39473684210526
5291,26,0.009230769230769232,98.96153846153847
5292,15,0.047619047619047616,136.46666666666667
5293,10,0.0,69.1
5294,8,0.0,103.875
5295,18,0.0196078431372549,82.22222222222223
5296,5,0.0,106.8
5297,97,0.00859106529209622,82.61855670103093
5298,62,0.017979904812268643,123.69354838709677
5299,2,0.0,78.5
5300,5,0.1,70.6
5301,11,0.0,92.0909090909091
5302,2,0.0,21.5
5303,1,0.0,8.0
5304,11,0.0,119.45454545454545
5305,29,0.012315270935960592,100.72413793103448
5306,55,0.0053872053872053875,71.43636363636364
5307,19,0.011695906432748537,165.31578947368422
5308,7,0.0,33.0
5309,8,0.0,105.375
5310,28,0.013227513227513227,71.25
5311,16,0.008333333333333333,93.9375
5312,10,0.0,81.8
5313,6,0.0,91.0
5314,16,0.0,97.5625
5315,9,0.027777777777777776,113.66666666666667
5316,0,0.0,0.0
5317,6,0.0,44.0
5318,3,0.0,67.0
5319,70,0.012836438923395446,119.15714285714286
5320,8,0.0,34.25
5321,10,0.0,66.3
5322,2,0.0,95.0
5323,2,0.0,83.0
5324,38,0.00995732574679943,93.3157894736842
5325,76,0.012280701754385965,85.19736842105263
5326,5,0.0,140.4
5327,5,0.0,29.4
5328,33,0.011363636363636364,76.72727272727273
5329,5,0.0,66.6
5330,3,0.0,21.666666666666668
5331,36,0.011111111111111112,84.44444444444444
5332,17,0.007352941176470588,55.0
5333,9,0.0,73.44444444444444
5334,6,0.0,129.83333333333334
5335,9,0.027777777777777776,56.22222222222222
5336,3,0.0,15.666666666666666
5337,52,0.012066365007541479,101.23076923076923
5338,56,0.01103896103896104,86.01785714285714
5339,10,0.0,120.9
5340,25,0.013333333333333334,141.72
5341,4,0.0,212.25
5342,8,0.0,63.5
5343,16,0.025,114.75
5344,4,0.0,67.75
5345,6,0.0,105.0
5346,22,0.0,55.95454545454545
5347,12,0.0,92.16666666666667
5348,1,0.0,30.0
5349,4,0.16666666666666666,170.75
5350,20,0.021052631578947368,90.3
5351,98,0.011150852093414685,80.33673469387755
5352,6,0.06666666666666667,191.33333333333334
5353,2,0.0,104.5
5354,84,0.00831899024670109,81.72619047619048
5355,0,0.0,0.0
5356,1,0.0,63.0
5357,7,0.0,143.42857142857142
5358,26,0.006153846153846154,101.11538461538461
5359,28,0.010582010582010581,91.57142857142857
5360,35,0.01680672268907563,100.08571428571429
5361,21,0.009523809523809525,77.71428571428571
5362,41,0.020731707317073172,99.8048780487805
5363,7,0.0,46.714285714285715
5364,22,0.017316017316017316,123.63636363636364
5365,0,0.0,0.0
5366,13,0.0,71.92307692307692
5367,1,0.0,41.0
5368,23,0.011857707509881422,120.21739130434783
5369,15,0.009523809523809525,91.8
5370,26,0.018461538461538463,126.73076923076923
5371,8,0.07142857142857142,218.75
5372,9,0.0,43.0
5373,2,0.0,95.5
5374,15,0.01904761904761905,72.6
5375,21,0.004761904761904762,73.04761904761905
5376,20,0.005263157894736842,54.8
5377,38,0.021337126600284494,110.47368421052632
5378,5,0.0,224.4
5379,7,0.0,49.142857142857146
5380,53,0.013062409288824383,91.58490566037736
5381,17,0.0,99.0
5382,15,0.0,93.86666666666666
5383,91,0.020024420024420026,113.24175824175825
5384,28,0.018518518518518517,122.67857142857143
5385,160,0.01179245283018868,100.80625
5386,17,0.03676470588235294,103.94117647058823
5387,23,0.011857707509881422,71.52173913043478
5388,8,0.0,155.5
5389,6,0.0,70.0
5390,142,0.013285386075317152,103.35915492957747
5391,5,0.0,44.8
5392,46,0.012560386473429951,103.1086956521739
5393,33,0.020833333333333332,82.54545454545455
5394,8,0.03571428571428571,113.25
5395,15,0.0,77.8
5396,0,0.0,0.0
5397,14,0.0,115.07142857142857
5398,2,0.0,84.0
5399,29,0.012315270935960592,71.44827586206897
5400,8,0.03571428571428571,111.25
5401,5,0.0,30.4
5402,167,0.014717552846115,104.78443113772455
5403,101,0.01287128712871287,103.33663366336634
5404,5,0.0,97.4
5405,31,0.010752688172043012,66.54838709677419
5406,7,0.0,62.42857142857143
5407,4,0.0,64.75
5408,6,0.0,94.0
5409,36,0.004761904761904762,60.111111111111114
5410,16,0.0,66.8125
5411,37,0.02252252252252252,121.67567567567568
5412,3,0.0,48.0
5413,15,0.02857142857142857,146.66666666666666
5414,11,0.03636363636363636,93.9090909090909
5415,36,0.009523809523809525,94.63888888888889
5416,1,0.0,24.0
5417,77,0.012987012987012988,97.03896103896103
5418,31,0.01935483870967742,125.03225806451613
5419,7,0.047619047619047616,170.85714285714286
5420,8,0.0,47.0
5421,41,0.006097560975609756,78.58536585365853
5422,28,0.005291005291005291,62.75
5423,0,0.0,0.0
5424,0,0.0,0.0
5425,66,0.01724941724941725,107.24242424242425
5426,13,0.0,59.46153846153846
5427,4,0.16666666666666666,156.25
5428,2,0.0,31.0
5429,1,0.0,14.0
5430,15,0.009523809523809525,89.0
5431,4,0.16666666666666666,137.0
5432,128,0.01328740157480315,95.5625
5433,15,0.0,56.8
5434,34,0.0106951871657754,91.32352941176471
5435,7,0.047619047619047616,214.71428571428572
5436,9,0.0,38.111111111111114
5437,37,0.013513513513513514,112.97297297297297
5438,20,0.015789473684210527,107.3
5439,18,0.0,82.0
5440,32,0.016129032258064516,76.5
5441,38,0.012802275960170697,76.57894736842105
5442,28,0.010582010582010581,63.892857142857146
5443,39,0.008097165991902834,74.71794871794872
5444,11,0.01818181818181818,59.72727272727273
5445,1,0.0,59.0
5446,7,0.0,54.142857142857146
5447,6,0.0,127.66666666666667
5448,26,0.009230769230769232,92.0
5449,3,0.0,53.0
5450,24,0.018115942028985508,96.75
5451,17,0.014705882352941176,125.23529411764706
5452,21,0.0,108.47619047619048
5453,7,0.0,61.142857142857146
5454,24,0.021739130434782608,128.33333333333334
5455,15,0.009523809523809525,83.66666666666667
5456,9,0.027777777777777776,55.333333333333336
5457,236,0.013883880274071402,102.48305084745763
5458,18,0.006535947712418301,139.16666666666666
5459,25,0.02,77.08
5460,4,0.0,41.25
5461,28,0.013227513227513227,78.35714285714286
5462,5,0.0,73.8
5463,2,0.0,91.5
5464,52,0.00980392156862745,89.1923076923077
5465,11,0.0,89.0909090909091
5466,75,0.010810810810810811,107.29333333333334
5467,78,0.008325008325008326,87.2948717948718
5468,14,0.0,141.42857142857142
5469,92,0.011705685618729096,88.42391304347827
5470,22,0.025974025974025976,84.4090909090909
5471,8,0.0,63.125
5472,19,0.017543859649122806,151.8421052631579
5473,40,0.010256410256410256,90.7
5474,10,0.0,63.2
5475,10,0.022222222222222223,96.0
5476,4,0.0,191.0
5477,9,0.0,29.22222222222222
5478,14,0.0,100.71428571428571
5479,56,0.01038961038961039,89.51785714285714
5480,12,0.015151515151515152,90.41666666666667
5481,5,0.1,167.8
5482,7,0.0,158.0
5483,15,0.0,53.733333333333334
5484,27,0.002849002849002849,78.62962962962963
5485,0,0.0,0.0
5486,11,0.0,107.9090909090909
5487,18,0.006535947712418301,58.666666666666664
5488,41,0.007317073170731708,87.5609756097561
5489,12,0.015151515151515152,99.33333333333333
5490,13,0.0,86.6923076923077
5491,36,0.05714285714285714,184.33333333333334
5492,8,0.0,64.0
5493,3,0.0,102.0
5494,8,0.07142857142857142,131.25
5495,25,0.006666666666666667,83.0
5496,19,0.005847953216374269,126.15789473684211
5497,75,0.006486486486486486,90.70666666666666
5498,8,0.0,75.25
5499,14,0.01098901098901099,86.71428571428571
5500,2,0.0,15.0
5501,3,0.0,19.666666666666668
5502,12,0.0,69.91666666666667
5503,3,0.0,97.33333333333333
5504,66,0.020512820512820513,135.13636363636363
5505,77,0.007177033492822967,84.57142857142857
5506,23,0.011857707509881422,130.3913043478261
5507,46,0.010628019323671498,88.26086956521739
5508,10,0.022222222222222223,127.7
5509,0,0.0,0.0
5510,1,0.0,154.0
5511,0,0.0,0.0
5512,12,0.0,86.83333333333333
5513,106,0.013656783468104223,100.41509433962264
5514,66,0.01351981351981352,102.5
5515,2,0.0,35.0
5516,34,0.0071301247771836,87.41176470588235
5517,1,0.0,8.0
5518,7,0.0,59.142857142857146
5519,4,0.16666666666666666,189.75
5520,23,0.007905138339920948,165.43478260869566
5521,45,0.010101010101010102,76.28888888888889
5522,36,0.006349206349206349,82.44444444444444
5523,12,0.0,79.5
5524,5,0.1,109.4
5525,44,0.009513742071881607,90.93181818181819
5526,25,0.013333333333333334,90.04
5527,55,0.015488215488215488,120.47272727272727
5528,3,0.3333333333333333,82.0
5529,1,0.0,19.0
5530,7,0.0,96.14285714285714
5531,63,0.01228878648233487,103.28571428571429
5532,63,0.011264720942140297,89.82539682539682
5533,3,0.0,39.666666666666664
5534,28,0.007936507936507936,99.92857142857143
5535,23,0.019762845849802372,101.08695652173913
5536,127,0.014373203349581302,106.7244094488189
5537,30,0.006896551724137931,86.63333333333334
5538,30,0.009195402298850575,109.06666666666666
5539,8,0.0,52.25
5540,32,0.0020161290322580645,80.59375
5541,0,0.0,0.0
5542,26,0.009230769230769232,93.6923076923077
5543,9,0.05555555555555555,335.0
5544,1,0.0,80.0
5545,56,0.012987012987012988,105.08928571428571
5546,22,0.004329004329004329,58.27272727272727
5547,66,0.005594405594405594,69.01515151515152
5548,0,0.0,0.0
5549,65,0.007211538461538462,77.75384615384615
5550,6,0.06666666666666667,88.33333333333333
5551,20,0.031578947368421054,126.4
5552,24,0.018115942028985508,115.95833333333333
5553,46,0.008695652173913044,92.69565217391305
5554,8,0.0,74.25
5555,14,0.02197802197802198,177.35714285714286
5556,9,0.0,112.33333333333333
5557,50,0.008979591836734694,90.52
5558,76,0.023508771929824562,120.38157894736842
5559,141,0.01276595744680851,103.31205673758865
5560,101,0.015643564356435644,106.61386138613861
5561,165,0.015521064301552107,111.0969696969697
5562,6,0.0,54.166666666666664
5563,5,0.0,101.4
5564,9,0.0,91.0
5565,3,0.0,52.0
5566,6,0.0,80.16666666666667
5567,14,0.01098901098901099,102.5
5568,116,0.01454272863568216,102.01724137931035
5569,7,0.0,103.71428571428571
5570,153,0.0196078431372549,124.7516339869281
5571,38,0.008534850640113799,81.26315789473684
5572,37,0.0075075075075075074,83.8108108108108
5573,9,0.0,100.22222222222223
5574,11,0.0,184.45454545454547
5575,35,0.011764705882352941,89.11428571428571
5576,1,0.0,25.0
5577,18,0.026143790849673203,113.88888888888889
5578,12,0.030303030303030304,113.41666666666667
5579,53,0.013062409288824383,97.69811320754717
5580,18,0.0196078431372549,131.5
5581,49,0.02465986394557823,158.26530612244898
5582,13,0.0,67.3076923076923
5583,10,0.0,79.7
5584,24,0.014492753623188406,103.08333333333333
5585,41,0.018292682926829267,104.46341463414635
5586,10,0.0,59.2
5587,13,0.0,126.53846153846153
5588,5,0.1,137.0
5589,68,0.013169446883230905,108.8970588235294
5590,113,0.011061946902654867,87.30973451327434
5591,0,0.0,0.0
5592,2,0.0,64.5
5593,9,0.05555555555555555,155.88888888888889
5594,9,0.0,68.44444444444444
5595,22,0.012987012987012988,64.86363636363636
5596,55,0.014814814814814815,106.67272727272727
5597,35,0.0067226890756302525,73.6
5598,35,0.010084033613445379,101.25714285714285
5599,21,0.004761904761904762,112.42857142857143
5600,19,0.017543859649122806,138.42105263157896
5601,24,0.018115942028985508,127.20833333333333
5602,15,0.0,74.4
5603,12,0.0,73.41666666666667
5604,24,0.014492753623188406,91.58333333333333
5605,38,0.012802275960170697,90.34210526315789
5606,50,0.013061224489795919,100.42
5607,11,0.0,43.18181818181818
5608,3,0.0,35.333333333333336
5609,4,0.0,105.0
5610,84,0.014629948364888123,105.72619047619048
5611,22,0.030303030303030304,126.0
5612,19,0.005847953216374269,73.42105263157895
5613,15,0.009523809523809525,94.73333333333333
5614,13,0.038461538461538464,110.6923076923077
5615,1,0.0,168.0
5616,21,0.004761904761904762,126.33333333333333
5617,4,0.0,58.5
5618,2,0.0,283.5
5619,0,0.0,0.0
5620,23,0.015810276679841896,175.69565217391303
5621,41,0.003658536585365854,70.63414634146342
5622,90,0.009488139825218476,85.32222222222222
5623,47,0.036077705827937095,141.9787234042553
5624,0,0.0,0.0
5625,24,0.010869565217391304,59.291666666666664
5626,36,0.046031746031746035,173.52777777777777
5627,15,0.02857142857142857,151.46666666666667
5628,2,0.0,628.5
5629,0,0.0,0.0
5630,12,0.0,50.833333333333336
5631,7,0.047619047619047616,143.28571428571428
5632,12,0.015151515151515152,98.41666666666667
5633,71,0.016901408450704224,93.45070422535211
5634,34,0.0053475935828877,99.0
5635,129,0.011991279069767442,96.8062015503876
5636,39,0.018893387314439947,120.38461538461539
5637,3,0.0,38.666666666666664
5638,68,0.016681299385425813,107.54411764705883
5639,6,0.0,54.833333333333336
5640,116,0.012293853073463269,100.93103448275862
5641,44,0.008456659619450317,84.11363636363636
5642,5,0.0,103.8
5643,20,0.005263157894736842,134.7
5644,5,0.0,49.6
5645,74,0.011477230655312847,99.58108108108108
5646,33,0.013257575757575758,94.93939393939394
5647,1,0.0,128.0
5648,53,0.02177068214804064,90.11320754716981
5649,25,0.006666666666666667,80.36
5650,49,0.00935374149659864,87.18367346938776
5651,4,0.0,81.0
5652,84,0.013195639701663799,103.5
5653,11,0.03636363636363636,81.45454545454545
5654,45,0.00909090909090909,85.15555555555555
5655,14,0.02197802197802198,124.92857142857143
5656,0,0.0,0.0
5657,56,0.013636363636363636,115.05357142857143
5658,44,0.009513742071881607,91.6590909090909
5659,38,0.004267425320056899,72.55263157894737
5660,23,0.003952569169960474,76.34782608695652
5661,17,0.014705882352941176,119.94117647058823
5662,153,0.012727898176814585,95.0
5663,72,0.017605633802816902,108.81944444444444
5664,17,0.0,88.52941176470588
5665,47,0.014801110083256245,121.48936170212765
5666,12,0.015151515151515152,71.58333333333333
5667,68,0.010974539069359086,88.44117647058823
5668,16,0.041666666666666664,119.5625
5669,0,0.0,0.0
5670,3,0.3333333333333333,110.33333333333333
5671,13,0.01282051282051282,70.0
5672,15,0.0,86.0
5673,144,0.014568764568764568,104.79166666666667
5674,16,0.0,106.25
5675,5,0.0,56.2
5676,41,0.00853658536585366,109.17073170731707
5677,7,0.0,117.42857142857143
5678,8,0.0,64.125
5679,0,0.0,0.0
5680,9,0.0,126.0
5681,0,0.0,0.0
5682,0,0.0,0.0
5683,1,0.0,45.0
5684,100,0.010505050505050505,96.47
5685,1,0.0,72.0
5686,161,0.009006211180124223,86.9192546583851
5687,2,0.0,15.5
5688,9,0.05555555555555555,120.77777777777777
5689,0,0.0,0.0
5690,15,0.009523809523809525,112.4
5691,4,0.0,84.25
5692,13,0.01282051282051282,67.6923076923077
5693,4,0.0,64.0
5694,15,0.009523809523809525,67.53333333333333
5695,3,0.3333333333333333,183.0
5696,13,0.0,113.53846153846153
5697,3,0.0,57.0
5698,59,0.018118059614260665,119.72881355932203
5699,47,0.014801110083256245,85.27659574468085
5700,20,0.015789473684210527,103.35
5701,21,0.01904761904761905,122.57142857142857
5702,29,0.012315270935960592,102.55172413793103
5703,89,0.014300306435137897,111.0561797752809
5704,33,0.011363636363636364,63.45454545454545
5705,60,0.022598870056497175,131.86666666666667
5706,56,0.02857142857142857,117.80357142857143
5707,16,0.016666666666666666,219.5625
5708,6,0.0,74.5
5709,23,0.003952569169960474,81.56521739130434
5710,177,0.008667180277349768,81.82485875706215
5711,28,0.010582010582010581,71.64285714285714
5712,10,0.0,47.8
5713,2,0.0,378.0
5714,27,0.017094017094017096,74.62962962962963
5715,5,0.0,103.2
5716,78,0.015651015651015652,103.88461538461539
5717,20,0.0,56.75
5718,41,0.01707317073170732,155.90243902439025
5719,17,0.014705882352941176,90.76470588235294
5720,29,0.012315270935960592,103.37931034482759
5721,2,0.0,136.5
5722,8,0.10714285714285714,262.0
5723,13,0.01282051282051282,70.46153846153847
5724,45,0.007070707070707071,85.75555555555556
5725,46,0.012560386473429951,113.17391304347827
5726,42,0.010452961672473868,118.78571428571429
5727,6,0.0,84.66666666666667
5728,22,0.008658008658008658,80.77272727272727
5729,1,0.0,24.0
5730,0,0.0,0.0
5731,0,0.0,0.0
5732,12,0.015151515151515152,120.25
5733,17,0.0,61.64705882352941
5734,6,0.0,52.5
5735,84,0.029546758462421115,158.92857142857142
5736,24,0.028985507246376812,158.58333333333334
5737,7,0.0,92.14285714285714
5738,16,0.008333333333333333,47.625
5739,29,0.009852216748768473,91.44827586206897
5740,25,0.016666666666666666,151.6
5741,32,0.012096774193548387,112.875
5742,4,0.0,55.5
5743,23,0.019762845849802372,133.2173913043478
5744,1,0.0,82.0
5745,21,0.014285714285714285,111.95238095238095
5746,5,0.0,47.0
5747,63,0.015873015873015872,110.2063492063492
5748,44,0.016913319238900635,116.3409090909091
5749,53,0.011611030478955007,87.9622641509434
5750,5,0.0,79.6
5751,23,0.019762845849802372,133.17391304347825
5752,4,0.0,62.0
5753,85,0.017086834733893556,112.3529411764706
5754,29,0.019704433497536946,74.41379310344827
5755,0,0.0,0.0
5756,5,0.0,90.0
5757,9,0.0,60.22222222222222
5758,59,0.015780245470485097,120.44067796610169
5759,1,0.0,161.0
5760,113,0.017699115044247787,108.07964601769912
5761,21,0.03333333333333333,135.23809523809524
5762,7,0.0,69.42857142857143
5763,3,0.0,69.33333333333333
5764,1,0.0,41.0
5765,5,0.0,83.6
5766,0,0.0,0.0
5767,12,0.015151515151515152,122.91666666666667
5768,3,0.0,106.0
5769,24,0.018115942028985508,132.54166666666666
5770,45,0.007070707070707071,63.0
5771,6,0.0,60.5
5772,51,0.004705882352941176,72.45098039215686
5773,125,0.011483870967741935,92.44
5774,5,0.0,65.8
5775,28,0.015873015873015872,91.25
5776,1,0.0,105.0
5777,53,0.005805515239477504,83.60377358490567
5778,3,0.0,65.0
5779,150,0.016823266219239373,103.26
5780,92,0.016483516483516484,99.02173913043478
5781,13,0.01282051282051282,123.53846153846153
5782,3,0.0,85.33333333333333
5783,13,0.01282051282051282,77.23076923076923
5784,11,0.0,63.09090909090909
5785,5,0.0,61.0
5786,1,0.0,81.0
5787,11,0.01818181818181818,118.0909090909091
5788,17,0.0,85.76470588235294
5789,13,0.01282051282051282,69.23076923076923
5790,79,0.006491398896462187,80.24050632911393
5791,29,0.0049261083743842365,84.72413793103448
5792,8,0.03571428571428571,98.125
5793,95,0.01366181410974244,94.62105263157895
5794,5,0.0,81.2
5795,4,0.0,63.0
5796,47,0.014801110083256245,111.7872340425532
5797,7,0.047619047619047616,41.714285714285715
5798,26,0.006153846153846154,64.76923076923077
5799,13,0.02564102564102564,62.46153846153846
5800,16,0.008333333333333333,103.1875
5801,17,0.022058823529411766,98.0
5802,4,0.0,428.5
5803,4,0.0,86.25
5804,14,0.0,72.85714285714286
5805,20,0.015789473684210527,136.1
5806,13,0.01282051282051282,90.76923076923077
5807,5,0.0,37.0
5808,23,0.003952569169960474,69.91304347826087
5809,158,0.016447633637023302,113.66455696202532
5810,7,0.0,109.14285714285714
5811,42,0.009291521486643438,101.16666666666667
5812,8,0.0,87.25
5813,28,0.021164021164021163,134.17857142857142
5814,1,0.0,190.0
5815,68,0.010974539069359086,97.17647058823529
5816,8,0.0,91.75
5817,14,0.03296703296703297,119.07142857142857
5818,17,0.014705882352941176,100.0
5819,26,0.006153846153846154,126.61538461538461
5820,3,0.0,119.0
5821,4,0.0,65.75
5822,9,0.0,41.666666666666664
5823,2,0.0,45.5
5824,14,0.02197802197802198,87.5
5825,103,0.006472491909385114,74.97087378640776
5826,52,0.008295625942684766,67.59615384615384
5827,14,0.03296703296703297,63.214285714285715
5828,74,0.01740096260644206,120.01351351351352
5829,11,0.07272727272727272,130.9090909090909
5830,21,0.02857142857142857,161.04761904761904
5831,65,0.008173076923076924,80.0923076923077
5832,505,0.015220807795065221,109.5009900990099
5833,2,0.0,172.5
5834,94,0.011667810569663692,81.08510638297872
5835,17,0.04411764705882353,148.94117647058823
5836,6,0.0,85.16666666666667
5837,20,0.031578947368421054,121.2
5838,20,0.005263157894736842,69.65
5839,30,0.01839080459770115,127.0
5840,20,0.0,82.8
5841,88,0.01541274817136886,113.45454545454545
5842,35,0.010084033613445379,78.45714285714286
5843,62,0.01269169751454257,98.62903225806451
5844,21,0.009523809523809525,48.523809523809526
5845,8,0.0,62.75
5846,41,0.014634146341463415,119.02439024390245
5847,12,0.0,39.5
5848,1,0.0,30.0
5849,21,0.004761904761904762,110.76190476190476
5850,30,0.0022988505747126436,71.06666666666666
5851,0,0.0,0.0
5852,25,0.01,112.48
5853,13,0.0,120.53846153846153
5854,20,0.005263157894736842,102.45
5855,13,0.0,95.15384615384616
5856,154,0.013156777862660216,102.50649350649351
5857,89,0.010725229826353423,89.76404494382022
5858,71,0.01006036217303823,87.46478873239437
5859,5,0.0,65.8
5860,132,0.01364792967846403,100.65151515151516
5861,9,0.027777777777777776,88.55555555555556
5862,42,0.015098722415795587,106.0952380952381
5863,274,0.013422101013341889,100.07299270072993
5864,43,0.016611295681063124,127.76744186046511
5865,221,0.015713698066639244,112.88235294117646
5866,56,0.016883116883116882,112.67857142857143
5867,0,0.0,0.0
5868,3,0.0,31.333333333333332
5869,53,0.01451378809869376,94.77358490566037
5870,94,0.014870738961336078,93.17021276595744
5871,10,0.022222222222222223,64.6
5872,39,0.018893387314439947,106.41025641025641
5873,184,0.016452839154193395,115.30978260869566
5874,9,0.0,136.55555555555554
5875,74,0.014439096630877453,107.5945945945946
5876,28,0.013227513227513227,96.5
5877,69,0.004262574595055414,71.3768115942029
5878,67,0.010854816824966078,104.1044776119403
5879,9,0.0,75.66666666666667
5880,40,0.010256410256410256,81.125
5881,20,0.0,68.9
5882,6,0.06666666666666667,65.0
5883,0,0.0,0.0
5884,55,0.009427609427609427,92.94545454545455
5885,25,0.02,100.72
5886,26,0.006153846153846154,78.88461538461539
5887,12,0.0,53.666666666666664
5888,20,0.0,71.45
5889,22,0.0,99.31818181818181
5890,25,0.006666666666666667,86.84
5891,33,0.015151515151515152,110.93939393939394
5892,34,0.0053475935828877,57.14705882352941
5893,108,0.012807199723087574,98.75
5894,80,0.019936708860759492,123.5875
5895,32,0.008064516129032258,92.875
5896,65,0.01826923076923077,117.76923076923077
5897,10,0.022222222222222223,146.2
5898,171,0.014516683866529068,103.45614035087719
5899,16,0.0,73.0
5900,10,0.022222222222222223,63.3
5901,44,0.007399577167019027,77.1590909090909
5902,42,0.017421602787456445,92.0
5903,31,0.017204301075268817,86.03225806451613
5904,25,0.006666666666666667,85.44
5905,93,0.008415147265077139,78.39784946236558
5906,24,0.0,91.25
5907,18,0.013071895424836602,103.77777777777777
5908,6,0.0,47.0
5909,9,0.0,73.55555555555556
5910,26,0.012307692307692308,99.73076923076923
5911,27,0.019943019943019943,116.14814814814815
5912,22,0.021645021645021644,123.0909090909091
5913,15,0.0,79.73333333333333
5914,44,0.016913319238900635,125.29545454545455
5915,45,0.005050505050505051,82.4
5916,66,0.010256410256410256,91.39393939393939
5917,27,0.005698005698005698,77.14814814814815
5918,72,0.015258215962441314,108.38888888888889
5919,6,0.06666666666666667,206.0
5920,2,0.0,27.5
5921,9,0.0,65.77777777777777
5922,33,0.03598484848484849,153.03030303030303
5923,71,0.013682092555331992,105.4225352112676
5924,11,0.0,65.54545454545455
5925,1,0.0,67.0
5926,39,0.017543859649122806,132.12820512820514
5927,3,0.0,62.333333333333336
5928,21,0.023809523809523808,98.38095238095238
5929,24,0.0036231884057971015,79.0
5930,7,0.0,112.71428571428571
5931,55,0.012794612794612794,99.50909090909092
5932,67,0.011307100859339666,89.67164179104478
5933,7,0.09523809523809523,188.71428571428572
5934,8,0.0,80.625
5935,14,0.0,91.71428571428571
5936,11,0.0,57.09090909090909
5937,27,0.008547008547008548,92.5925925925926
5938,9,0.027777777777777776,94.55555555555556
5939,57,0.011278195488721804,96.36842105263158
5940,5,0.0,43.2
5941,15,0.0,37.266666666666666
5942,70,0.013664596273291925,109.72857142857143
5943,65,0.016346153846153847,118.06153846153846
5944,13,0.01282051282051282,152.46153846153845
5945,48,0.01152482269503546,99.41666666666667
5946,13,0.02564102564102564,98.38461538461539
5947,41,0.003658536585365854,81.78048780487805
5948,1,0.0,2.0
5949,1,0.0,24.0
5950,40,0.008974358974358974,107.725
5951,8,0.03571428571428571,158.625
5952,1,0.0,29.0
5953,45,0.00808080808080808,96.75555555555556
5954,24,0.021739130434782608,101.70833333333333
5955,29,0.0024630541871921183,83.55172413793103
5956,1,0.0,4.0
5957,32,0.020161290322580645,121.8125
5958,19,0.017543859649122806,86.05263157894737
5959,0,0.0,0.0
5960,24,0.021739130434782608,102.79166666666667
5961,7,0.0,42.57142857142857
5962,10,0.06666666666666667,184.5
5963,84,0.012048192771084338,95.32142857142857
5964,1,0.0,68.0
5965,0,0.0,0.0
5966,61,0.017486338797814208,101.8360655737705
5967,3,0.0,55.333333333333336
5968,9,0.027777777777777776,46.44444444444444
5969,15,0.009523809523809525,94.73333333333333
5970,4,0.0,105.25
5971,3,0.0,156.66666666666666
5972,22,0.012987012987012988,44.72727272727273
5973,4,0.0,57.0
5974,3,0.0,100.0
5975,26,0.024615384615384615,120.46153846153847
5976,183,0.01483216237314598,106.99453551912568
5977,59,0.023378141437755698,114.69491525423729
5978,5,0.0,53.8
5979,5,0.0,67.0
5980,32,0.016129032258064516,159.53125
5981,11,0.0,71.27272727272727
5982,0,0.0,0.0
5983,14,0.01098901098901099,83.35714285714286
5984,5,0.0,90.4
5985,27,0.022792022792022793,167.0
5986,9,0.0,105.33333333333333
5987,16,0.025,85.5
5988,8,0.0,68.75
5989,311,0.014728762576496215,104.21221864951768
5990,1,0.0,159.0
5991,28,0.007936507936507936,67.64285714285714
5992,11,0.0,32.72727272727273
5993,4,0.0,55.25
5994,5,0.0,57.8
5995,45,0.007070707070707071,92.86666666666666
5996,36,0.011111111111111112,115.05555555555556
5997,18,0.0392156862745098,194.44444444444446
5998,3,0.0,191.0
5999,3,0.0,13.333333333333334
6000,39,0.009446693657219974,90.76923076923077
6001,12,0.0,64.33333333333333
6002,313,0.014643237486687966,109.31948881789137
6003,9,0.0,95.88888888888889
6004,16,0.008333333333333333,100.375
6005,5,0.0,74.0
6006,98,0.010730065221965075,107.57142857142857
6007,1,0.0,3.0
6008,6,0.0,114.66666666666667
6009,186,0.01923859343214182,124.78494623655914
6010,11,0.0,92.9090909090909
6011,11,0.0,86.54545454545455
6012,12,0.0,39.833333333333336
6013,38,0.008534850640113799,106.6842105263158
6014,12,0.0,56.75
6015,38,0.015647226173541962,122.55263157894737
6016,37,0.015015015015015015,107.24324324324324
6017,18,0.0196078431372549,129.0
6018,84,0.010040160642570281,98.94047619047619
6019,5,0.0,106.2
6020,52,0.01583710407239819,96.76923076923077
6021,61,0.011475409836065573,102.09836065573771
6022,85,0.01764705882352941,125.68235294117648
6023,24,0.014492753623188406,64.20833333333333
6024,5,0.1,106.6
6025,25,0.0033333333333333335,102.28
6026,15,0.0,50.333333333333336
6027,9,0.05555555555555555,137.55555555555554
6028,7,0.0,108.28571428571429
6029,48,0.00975177304964539,67.25
6030,0,0.0,0.0
6031,0,0.0,0.0
6032,89,0.01710929519918284,113.48314606741573
6033,6,0.0,99.0
6034,50,0.014693877551020407,131.36
6035,4,0.16666666666666666,181.75
6036,43,0.006644518272425249,85.55813953488372
6037,5,0.0,67.4
6038,73,0.01902587519025875,131.91780821917808
6039,22,0.012987012987012988,107.72727272727273
6040,67,0.013568521031207599,120.77611940298507
6041,24,0.014492753623188406,85.04166666666667
6042,20,0.015789473684210527,114.75
6043,23,0.003952569169960474,70.1304347826087
6044,37,0.0045045045045045045,68.1891891891892
6045,39,0.01349527665317139,85.2051282051282
6046,5,0.0,44.0
6047,125,0.015741935483870966,100.88
6048,23,0.003952569169960474,77.78260869565217
6049,30,0.022988505747126436,144.93333333333334
6050,51,0.004705882352941176,69.88235294117646
6051,0,0.0,0.0
6052,3,0.0,34.333333333333336
6053,119,0.02435550491382994,133.6890756302521
6054,49,0.02040816326530612,120.75510204081633
6055,6,0.0,87.33333333333333
6056,2,0.0,164.0
6057,16,0.03333333333333333,115.0625
6058,22,0.021645021645021644,132.3181818181818
6059,11,0.0,81.63636363636364
6060,53,0.013062409288824383,90.22641509433963
6061,13,0.01282051282051282,102.46153846153847
6062,18,0.006535947712418301,56.05555555555556
6063,11,0.01818181818181818,80.0
6064,4,0.0,58.25
6065,0,0.0,0.0
6066,9,0.027777777777777776,131.33333333333334
6067,48,0.015070921985815602,100.77083333333333
6068,1,0.0,106.0
6069,42,0.012775842044134728,106.33333333333333
6070,175,0.013596059113300493,106.50285714285714
6071,14,0.01098901098901099,185.64285714285714
6072,4,0.0,74.75
6073,0,0.0,0.0
6074,47,0.012025901942645698,81.51063829787235
6075,3,0.0,28.666666666666668
6076,1,0.0,7.0
6077,12,0.0,132.66666666666666
6078,9,0.0,61.333333333333336
6079,10,0.0,77.5
6080,119,0.01823102122204814,117.84033613445378
6081,28,0.013227513227513227,110.67857142857143
6082,114,0.01568079490762304,101.8859649122807
6083,4,0.0,77.25
6084,10,0.022222222222222223,70.9
6085,273,0.011042878689937514,86.05128205128206
6086,37,0.0075075075075075074,71.62162162162163
6087,29,0.009852216748768473,73.24137931034483
6088,2,0.0,31.0
6089,10,0.044444444444444446,140.8
6090,144,0.020007770007770008,122.42361111111111
6091,76,0.01649122807017544,116.52631578947368
6092,1,0.0,12.0
6093,3,0.0,52.333333333333336
6094,95,0.008958566629339306,81.83157894736843
6095,5,0.1,171.8
6096,38,0.008534850640113799,124.8157894736842
6097,40,0.002564102564102564,74.2
6098,10,0.0,58.1
6099,63,0.00972862263184844,95.52380952380952
6100,21,0.047619047619047616,154.04761904761904
6101,17,0.007352941176470588,135.11764705882354
6102,8,0.0,121.75
6103,5,0.1,100.6
6104,158,0.011368217366766105,92.83544303797468
6105,17,0.0,84.05882352941177
6106,30,0.01839080459770115,66.36666666666666
6107,4,0.0,83.5
6108,9,0.027777777777777776,102.55555555555556
6109,89,0.015321756894790603,100.98876404494382
6110,2,0.0,60.0
6111,28,0.023809523809523808,124.14285714285714
6112,9,0.0,65.55555555555556
6113,59,0.013442431326709527,98.67796610169492
6114,16,0.008333333333333333,102.6875
6115,2,0.0,142.0
6116,10,0.0,78.9
6117,24,0.025362318840579712,135.83333333333334
6118,3,0.0,84.33333333333333
6119,14,0.0,62.214285714285715
6120,70,0.016149068322981366,94.1
6121,26,0.009230769230769232,125.07692307692308
6122,37,0.010510510510510511,75.54054054054055
6123,33,0.00946969696969697,58.09090909090909
6124,0,0.0,0.0
6125,18,0.013071895424836602,79.5
6126,31,0.017204301075268817,111.64516129032258
6127,14,0.0,97.14285714285714
6128,8,0.03571428571428571,48.0
6129,170,0.013644274277758441,111.96470588235294
6130,71,0.012877263581488933,103.73239436619718
6131,197,0.012534963223868227,94.01015228426395
6132,12,0.0,74.75
6133,0,0.0,0.0
6134,6,0.0,75.66666666666667
6135,15,0.02857142857142857,108.86666666666666
6136,27,0.014245014245014245,86.81481481481481
6137,42,0.003484320557491289,63.785714285714285
6138,0,0.0,0.0
6139,10,0.0,38.6
6140,5,0.0,102.8
6141,29,0.0024630541871921183,89.17241379310344
6142,49,0.023809523809523808,138.46938775510205
6143,72,0.02190923317683881,123.375
6144,59,0.015195791934541203,98.23728813559322
6145,22,0.012987012987012988,87.86363636363636
6146,3,0.0,56.333333333333336
6147,33,0.013257575757575758,126.60606060606061
6148,10,0.0,96.4
6149,3,0.0,166.66666666666666
6150,15,0.01904761904761905,114.93333333333334
6151,20,0.0,73.45
6152,10,0.0,45.8
6153,165,0.014560236511456024,110.04848484848485
6154,40,0.005128205128205128,80.85
6155,9,0.0,105.55555555555556
6156,8,0.0,51.625
6157,5,0.0,121.6
6158,32,0.006048387096774193,83.78125
6159,3,0.0,69.33333333333333
6160,23,0.019762845849802372,114.82608695652173
6161,44,0.019027484143763214,119.9090909090909
6162,32,0.018145161290322582,124.40625
6163,103,0.011231677136874167,96.8252427184466
6164,0,0.0,0.0
6165,103,0.008566533409480296,90.62135922330097
6166,10,0.022222222222222223,103.7
6167,8,0.03571428571428571,61.25
6168,33,0.00946969696969697,98.78787878787878
6169,2,0.0,62.0
6170,28,0.005291005291005291,74.53571428571429
6171,150,0.01664429530201342,112.36666666666666
6172,53,0.008708272859216255,84.88679245283019
6173,32,0.010080645161290322,99.375
6174,32,0.04233870967741935,145.96875
6175,4,0.0,104.75
6176,1,0.0,83.0
6177,96,0.01864035087719298,128.76041666666666
6178,37,0.010510510510510511,95.10810810810811
6179,65,0.0125,103.1076923076923
6180,9,0.0,61.888888888888886
6181,14,0.03296703296703297,131.57142857142858
6182,0,0.0,0.0
6183,63,0.01228878648233487,94.31746031746032
6184,78,0.011322011322011322,97.37179487179488
6185,9,0.027777777777777776,134.0
6186,19,0.04093567251461988,114.52631578947368
6187,6,0.0,168.5
6188,53,0.020319303338171262,139.66037735849056
6189,28,0.005291005291005291,89.67857142857143
6190,2,0.0,55.0
6191,6,0.0,90.16666666666667
6192,22,0.004329004329004329,88.63636363636364
6193,25,0.006666666666666667,72.64
6194,20,0.02631578947368421,157.9
6195,6,0.06666666666666667,129.0
6196,61,0.02459016393442623,122.36065573770492
6197,9,0.027777777777777776,109.55555555555556
6198,3,0.0,76.33333333333333
6199,93,0.01168770453482936,91.76344086021506
6200,12,0.0,75.08333333333333
6201,4,0.0,195.0
6202,6,0.13333333333333333,295.0
6203,1,0.0,116.0
6204,7,0.0,55.857142857142854
6205,7,0.0,176.42857142857142
6206,4,0.0,64.0
6207,3,0.0,32.333333333333336
6208,1,0.0,68.0
6209,6,0.0,55.666666666666664
6210,19,0.017543859649122806,104.63157894736842
6211,42,0.017421602787456445,120.9047619047619
6212,5,0.0,134.8
6213,0,0.0,0.0
6214,2,0.0,4.0
6215,0,0.0,0.0
6216,2,0.0,60.5
6217,5,0.0,132.0
6218,44,0.019027484143763214,105.02272727272727
6219,3,0.0,12.0
6220,8,0.0,91.625
6221,47,0.011100832562442183,94.80851063829788
6222,142,0.013984616921386474,102.66197183098592
6223,4,0.16666666666666666,59.0
6224,52,0.01282051282051282,93.96153846153847
6225,12,0.045454545454545456,72.41666666666667
6226,57,0.010651629072681704,75.2280701754386
6227,19,0.0,54.8421052631579
6228,18,0.006535947712418301,116.77777777777777
6229,50,0.044081632653061226,187.46
6230,13,0.01282051282051282,114.07692307692308
6231,2,0.0,20.5
6232,6,0.0,39.666666666666664
6233,35,0.015126050420168067,79.22857142857143
6234,28,0.021164021164021163,105.67857142857143
6235,5,0.0,46.4
6236,4,0.0,68.0
6237,73,0.01293759512937595,113.05479452054794
6238,32,0.012096774193548387,77.71875
6239,120,0.012605042016806723,94.21666666666667
6240,73,0.018645357686453576,129.3013698630137
6241,12,0.045454545454545456,232.83333333333334
6242,0,0.0,0.0
6243,0,0.0,0.0
6244,77,0.017429938482570063,98.85714285714286
6245,244,0.01501045672266073,107.06147540983606
6246,22,0.030303030303030304,149.45454545454547
6247,31,0.002150537634408602,75.09677419354838
6248,197,0.015487413239407439,107.46192893401015
6249,7,0.0,71.28571428571429
6250,45,0.00808080808080808,74.22222222222223
6251,11,0.0,74.45454545454545
6252,0,0.0,0.0
6253,28,0.015873015873015872,112.5
6254,49,0.015306122448979591,94.87755102040816
6255,24,0.010869565217391304,86.125
6256,182,0.013478234472709611,101.53296703296704
6257,52,0.014328808446455505,82.13461538461539
6258,17,0.007352941176470588,120.47058823529412
6259,76,0.0077192982456140355,80.90789473684211
6260,57,0.006265664160401002,66.66666666666667
6261,104,0.013069454817027632,98.1923076923077
6262,11,0.0,46.45454545454545
6263,15,0.009523809523809525,58.4
6264,9,0.05555555555555555,128.88888888888889
6265,23,0.007905138339920948,67.04347826086956
6266,22,0.025974025974025976,156.13636363636363
6267,209,0.01090357011409643,91.26315789473684
6268,217,0.01032599419696194,91.16129032258064
6269,9,0.0,55.0
6270,0,0.0,0.0
6271,36,0.011111111111111112,85.38888888888889
6272,37,0.015015015015015015,83.43243243243244
6273,52,0.01583710407239819,109.38461538461539
6274,4,0.0,85.75
6275,128,0.010088582677165354,94.9453125
6276,8,0.0,122.125
6277,38,0.017069701280227598,101.13157894736842
6278,47,0.008325624421831638,72.72340425531915
6279,19,0.005847953216374269,88.94736842105263
6280,11,0.0,63.0
6281,3,0.0,163.0
6282,20,0.015789473684210527,101.3
6283,16,0.03333333333333333,194.0
6284,1,0.0,103.0
6285,24,0.007246376811594203,78.04166666666667
6286,11,0.0,49.72727272727273
6287,8,0.0,37.125
6288,2,0.0,34.0
6289,29,0.0049261083743842365,77.65517241379311
6290,1,0.0,57.0
6291,23,0.003952569169960474,85.65217391304348
6292,15,0.009523809523809525,64.73333333333333
6293,11,0.0,100.0909090909091
6294,48,0.01152482269503546,98.39583333333333
6295,55,0.026262626262626262,131.47272727272727
6296,5,0.0,173.0
6297,1,0.0,12.0
6298,0,0.0,0.0
6299,17,0.0,73.52941176470588
6300,1,0.0,22.0
6301,14,0.0,91.35714285714286
6302,7,0.0,32.714285714285715
6303,1,0.0,3.0
6304,7,0.0,88.14285714285714
6305,104,0.01568334578043316,104.78846153846153
6306,8,0.0,68.0
6307,13,0.01282051282051282,84.92307692307692
6308,6,0.0,342.3333333333333
6309,129,0.008842054263565892,87.54263565891473
6310,21,0.004761904761904762,106.38095238095238
6311,5,0.0,27.6
6312,37,0.009009009009009009,93.16216216216216
6313,19,0.005847953216374269,74.3157894736842
6314,8,0.0,61.75
6315,21,0.009523809523809525,78.47619047619048
6316,9,0.0,86.0
6317,6,0.0,36.833333333333336
6318,1,0.0,168.0
6319,5,0.0,53.2
6320,18,0.006535947712418301,43.388888888888886
6321,82,0.014453477868112014,119.79268292682927
6322,10,0.022222222222222223,149.3
6323,2,0.0,102.5
6324,7,0.0,54.857142857142854
6325,65,0.013461538461538462,96.36923076923077
6326,32,0.012096774193548387,104.78125
6327,22,0.008658008658008658,83.18181818181819
6328,120,0.01568627450980392,109.18333333333334
6329,5,0.0,88.4
6330,9,0.0,53.0
6331,1,0.0,48.0
6332,20,0.005263157894736842,153.95
6333,30,0.009195402298850575,88.26666666666667
6334,49,0.03231292517006803,178.6734693877551
6335,23,0.007905138339920948,95.6086956521739
6336,0,0.0,0.0
6337,36,0.015873015873015872,87.02777777777777
6338,10,0.0,63.4
6339,5,0.0,144.2
6340,2,0.0,100.5
6341,28,0.007936507936507936,56.25
6342,26,0.006153846153846154,80.07692307692308
6343,30,0.0022988505747126436,79.93333333333334
6344,33,0.011363636363636364,102.0909090909091
6345,4,0.0,68.25
6346,42,0.009291521486643438,71.42857142857143
6347,6,0.06666666666666667,66.83333333333333
6348,27,0.005698005698005698,66.11111111111111
6349,3,0.0,156.33333333333334
6350,5,0.0,118.0
6351,4,0.0,154.5
6352,4,0.0,37.0
6353,73,0.009512937595129375,90.26027397260275
6354,15,0.0,52.333333333333336
6355,7,0.0,70.71428571428571
6356,5,0.0,86.8
6357,9,0.027777777777777776,137.77777777777777
6358,30,0.02528735632183908,142.96666666666667
6359,72,0.012519561815336464,104.44444444444444
6360,19,0.011695906432748537,73.63157894736842
6361,15,0.0,68.73333333333333
6362,2,0.0,70.5
6363,0,0.0,0.0
6364,25,0.01,66.16
6365,30,0.027586206896551724,132.16666666666666
6366,91,0.012698412698412698,107.06593406593407
6367,17,0.014705882352941176,90.3529411764706
6368,71,0.012474849094567404,88.92957746478874
6369,14,0.03296703296703297,187.35714285714286
6370,70,0.012008281573498964,89.81428571428572
6371,123,0.01479408236705318,104.26829268292683
6372,6,0.0,31.0
6373,46,0.008695652173913044,86.78260869565217
6374,35,0.015126050420168067,108.05714285714286
6375,28,0.015873015873015872,79.42857142857143
6376,8,0.03571428571428571,124.75
6377,23,0.011857707509881422,86.52173913043478
6378,2,0.0,86.0
6379,171,0.01259029927760578,92.24561403508773
6380,4,0.0,94.0
6381,66,0.015384615384615385,107.16666666666667
6382,67,0.011307100859339666,83.41791044776119
6383,37,0.013513513513513514,79.48648648648648
6384,91,0.018315018315018316,119.83516483516483
6385,16,0.008333333333333333,96.8125
6386,14,0.03296703296703297,89.21428571428571
6387,48,0.013297872340425532,93.0
6388,14,0.0,59.07142857142857
6389,47,0.014801110083256245,136.5531914893617
6390,53,0.023947750362844702,127.45283018867924
6391,4,0.16666666666666666,234.0
6392,9,0.0,64.11111111111111
6393,47,0.012025901942645698,88.80851063829788
6394,8,0.0,45.75
6395,17,0.022058823529411766,59.411764705882355
6396,33,0.017045454545454544,142.4848484848485
6397,3,0.0,60.0
6398,2,0.0,640.5
6399,19,0.005847953216374269,100.3157894736842
6400,21,0.01904761904761905,64.47619047619048
6401,18,0.0,73.77777777777777
6402,1,0.0,274.0
6403,15,0.01904761904761905,156.6
6404,98,0.019776982958131708,129.1122448979592
6405,36,0.01746031746031746,142.13888888888889
6406,14,0.02197802197802198,55.785714285714285
6407,151,0.010154525386313467,88.45033112582782
6408,9,0.0,83.77777777777777
6409,0,0.0,0.0
6410,20,0.0,86.4
6411,9,0.0,70.44444444444444
6412,9,0.0,113.55555555555556
6413,75,0.012252252252252252,101.16
6414,38,0.015647226173541962,92.39473684210526
6415,21,0.004761904761904762,139.1904761904762
6416,19,0.005847953216374269,114.94736842105263
6417,36,0.025396825396825397,142.19444444444446
6418,3,0.0,90.0
6419,6,0.0,53.0
6420,1,0.0,4.0
6421,30,0.009195402298850575,78.63333333333334
6422,8,0.0,97.125
6423,48,0.02127659574468085,98.375
6424,35,0.015126050420168067,96.05714285714286
6425,7,0.0,152.28571428571428
6426,30,0.011494252873563218,99.63333333333334
6427,51,0.017254901960784313,143.80392156862746
6428,15,0.02857142857142857,141.8
6429,9,0.027777777777777776,77.22222222222223
6430,71,0.008853118712273641,79.21126760563381
6431,55,0.017508417508417508,103.43636363636364
6432,30,0.013793103448275862,79.26666666666667
6433,8,0.0,90.0
6434,15,0.02857142857142857,125.53333333333333
6435,14,0.0,71.07142857142857
6436,17,0.014705882352941176,109.29411764705883
6437,5,0.0,68.8
6438,5,0.0,106.8
6439,6,0.0,82.66666666666667
6440,50,0.007346938775510204,105.48
6441,29,0.027093596059113302,129.55172413793105
6442,24,0.007246376811594203,93.79166666666667
6443,22,0.004329004329004329,96.45454545454545
6444,13,0.01282051282051282,79.84615384615384
6445,38,0.012802275960170697,82.3157894736842
6446,7,0.0,77.0
6447,49,0.00935374149659864,108.61224489795919
6448,23,0.003952569169960474,59.17391304347826
6449,24,0.0,78.45833333333333
6450,76,0.006666666666666667,84.63157894736842
6451,38,0.00995732574679943,109.21052631578948
6452,70,0.009109730848861283,85.5
6453,29,0.03201970443349754,142.17241379310346
6454,14,0.0,57.142857142857146
6455,87,0.014701951349906442,104.02298850574712
6456,39,0.010796221322537112,107.25641025641026
6457,54,0.011180992313067784,107.94444444444444
6458,45,0.01919191919191919,99.28888888888889
6459,2,0.0,25.5
6460,14,0.01098901098901099,51.714285714285715
6461,24,0.0036231884057971015,62.166666666666664
6462,3,0.0,55.666666666666664
6463,4,0.0,292.25
6464,27,0.02564102564102564,124.03703703703704
6465,5,0.0,51.2
6466,16,0.008333333333333333,123.5625
6467,45,0.013131313131313131,98.88888888888889
6468,2,0.0,37.5
6469,3,0.0,71.66666666666667
6470,18,0.013071895424836602,106.11111111111111
6471,14,0.04395604395604396,162.85714285714286
6472,3,0.0,151.0
6473,1,0.0,684.0
6474,15,0.01904761904761905,125.26666666666667
6475,12,0.015151515151515152,109.41666666666667
6476,15,0.0,73.53333333333333
6477,2,0.0,73.0
6478,2,0.0,7.5
6479,27,0.005698005698005698,85.37037037037037
6480,22,0.05627705627705628,188.5909090909091
6481,25,0.01,72.52
6482,79,0.010710808179162609,81.9493670886076
6483,16,0.016666666666666666,135.4375
6484,2,0.0,10.5
6485,2,0.0,67.5
6486,23,0.003952569169960474,82.3913043478261
6487,3,0.0,98.33333333333333
6488,127,0.01124859392575928,102.33858267716535
6489,9,0.0,69.55555555555556
6490,7,0.0,76.28571428571429
6491,16,0.016666666666666666,131.5
6492,21,0.009523809523809525,122.61904761904762
6493,13,0.02564102564102564,142.23076923076923
6494,15,0.009523809523809525,51.6
6495,7,0.0,101.14285714285714
6496,3,0.0,87.33333333333333
6497,44,0.03488372093023256,168.02272727272728
6498,12,0.0,131.25
6499,31,0.015053763440860216,81.35483870967742
6500,22,0.008658008658008658,94.9090909090909
6501,4,0.16666666666666666,315.5
6502,5,0.0,81.2
6503,4,0.16666666666666666,100.5
6504,0,0.0,0.0
6505,2,0.0,177.0
6506,1,0.0,34.0
6507,35,0.008403361344537815,91.51428571428572
6508,40,0.005128205128205128,90.9
6509,15,0.05714285714285714,112.4
6510,5,0.0,96.0
6511,12,0.0,90.58333333333333
6512,14,0.01098901098901099,101.35714285714286
6513,12,0.0,125.58333333333333
6514,83,0.00969732588892154,98.73493975903614
6515,23,0.07114624505928854,221.3913043478261
6516,18,0.0,84.61111111111111
6517,85,0.012605042016806723,89.47058823529412
6518,30,0.013793103448275862,120.7
6519,35,0.018487394957983194,136.94285714285715
6520,50,0.007346938775510204,92.78
6521,13,0.0,82.61538461538461
6522,78,0.016317016317016316,104.08974358974359
6523,2,0.0,29.0
6524,37,0.018018018018018018,122.10810810810811
6525,106,0.01761006289308176,114.14150943396227
6526,65,0.011057692307692308,93.33846153846154
6527,14,0.0,80.57142857142857
6528,14,0.0,76.07142857142857
6529,13,0.038461538461538464,114.46153846153847
6530,6,0.0,59.0
6531,9,0.027777777777777776,81.22222222222223
6532,41,0.012195121951219513,104.70731707317073
6533,5,0.1,75.8
6534,4,0.0,153.25
6535,34,0.0142602495543672,90.97058823529412
6536,3,0.0,237.66666666666666
6537,111,0.011466011466011465,96.23423423423424
6538,29,0.012315270935960592,95.13793103448276
6539,3,0.0,195.33333333333334
6540,28,0.013227513227513227,118.10714285714286
6541,7,0.047619047619047616,106.85714285714286
6542,3,0.0,74.33333333333333
6543,4,0.0,145.5
6544,10,0.022222222222222223,141.9
6545,2,0.0,239.0
6546,8,0.03571428571428571,147.5
6547,34,0.0053475935828877,93.32352941176471
6548,14,0.0,141.35714285714286
6549,2,0.0,13.0
6550,0,0.0,0.0
6551,2,0.0,41.0
6552,8,0.07142857142857142,305.125
6553,33,0.011363636363636364,74.60606060606061
6554,60,0.022033898305084745,127.18333333333334
6555,4,0.16666666666666666,115.0
6556,10,0.022222222222222223,48.1
6557,18,0.006535947712418301,77.44444444444444
6558,40,0.00641025641025641,73.6
6559,0,0.0,0.0
6560,11,0.0,69.45454545454545
6561,40,0.008974358974358974,84.975
6562,23,0.003952569169960474,69.52173913043478
6563,10,0.0,117.0
6564,0,0.0,0.0
6565,12,0.0,78.75
6566,16,0.016666666666666666,78.0625
6567,4,0.0,94.25
6568,59,0.020455873758036237,110.08474576271186
6569,5,0.0,84.8
6570,13,0.0,76.07692307692308
6571,4,0.0,102.5
6572,8,0.0,65.125
6573,32,0.008064516129032258,73.125
6574,6,0.0,49.0
6575,80,0.01170886075949367,94.775
6576,16,0.025,113.0
6577,40,0.005128205128205128,78.975
6578,10,0.0,48.8
6579,28,0.007936507936507936,61.5
6580,0,0.0,0.0
6581,4,0.16666666666666666,268.0
6582,3,0.0,60.0
6583,13,0.02564102564102564,66.23076923076923
6584,8,0.03571428571428571,210.5
6585,1,0.0,233.0
6586,6,0.0,95.83333333333333
6587,11,0.03636363636363636,235.63636363636363
6588,0,0.0,0.0
6589,45,0.006060606060606061,70.91111111111111
6590,37,0.013513513513513514,119.83783783783784
6591,5,0.0,71.2
6592,1,0.0,3.0
6593,58,0.014519056261343012,95.41379310344827
6594,5,0.0,73.4
6595,0,0.0,0.0
6596,20,0.005263157894736842,98.8
6597,12,0.0,73.25
6598,57,0.013784461152882205,115.49122807017544
6599,10,0.0,58.9
6600,40,0.014102564102564103,101.85
6601,8,0.0,128.5
6602,2,0.0,109.5
6603,39,0.01349527665317139,76.05128205128206
6604,42,0.003484320557491289,112.38095238095238
6605,18,0.013071895424836602,64.94444444444444
6606,19,0.011695906432748537,75.94736842105263
6607,2,0.0,113.5
6608,9,0.0,42.55555555555556
6609,10,0.022222222222222223,114.2
6610,51,0.01019607843137255,87.96078431372548
6611,32,0.018145161290322582,150.625
6612,1,0.0,12.0
6613,15,0.0,105.86666666666666
6614,4,0.0,79.75
6615,8,0.0,67.0
6616,21,0.014285714285714285,119.04761904761905
6617,113,0.008375474083438686,88.16814159292035
6618,35,0.010084033613445379,120.6
6619,122,0.015309578647879692,108.18852459016394
6620,43,0.005537098560354375,96.32558139534883
6621,3,0.0,20.666666666666668
6622,7,0.0,71.85714285714286
6623,16,0.03333333333333333,147.625
6624,65,0.007692307692307693,69.4
6625,18,0.0457516339869281,149.22222222222223
6626,17,0.0,57.64705882352941
6627,14,0.0,144.07142857142858
6628,12,0.0,70.91666666666667
6629,58,0.023593466424682397,131.10344827586206
6630,1,0.0,346.0
6631,33,0.003787878787878788,64.12121212121212
6632,14,0.0,81.5
6633,45,0.0030303030303030303,63.08888888888889
6634,4,0.0,50.75
6635,18,0.006535947712418301,63.166666666666664
6636,2,0.0,35.5
6637,1,0.0,65.0
6638,5,0.0,85.2
6639,61,0.010382513661202186,92.73770491803279
6640,5,0.1,124.8
6641,10,0.0,53.0
6642,1,0.0,8.0
6643,3,0.0,55.333333333333336
6644,0,0.0,0.0
6645,24,0.007246376811594203,105.25
6646,9,0.0,117.55555555555556
6647,1,0.0,24.0
6648,1,0.0,22.0
6649,9,0.0,103.11111111111111
6650,64,0.00992063492063492,102.515625
6651,56,0.01753246753246753,122.89285714285714
6652,44,0.016913319238900635,102.75
6653,12,0.0,95.91666666666667
6654,3,0.0,120.66666666666667
6655,11,0.0,140.45454545454547
6656,43,0.012181616832779624,119.20930232558139
6657,13,0.01282051282051282,124.23076923076923
6658,51,0.009411764705882352,77.47058823529412
6659,26,0.0,111.84615384615384
6660,16,0.008333333333333333,105.3125
6661,2,0.0,78.0
6662,8,0.0,70.125
6663,24,0.0,85.33333333333333
6664,85,0.014005602240896359,104.0
6665,49,0.00935374149659864,84.48979591836735
6666,54,0.014675052410901468,102.11111111111111
6667,20,0.0,84.2
6668,63,0.00972862263184844,97.22222222222223
6669,39,0.020242914979757085,132.4102564102564
6670,13,0.02564102564102564,174.92307692307693
6671,7,0.0,63.857142857142854
6672,5,0.0,105.6
6673,36,0.020634920634920634,105.08333333333333
6674,31,0.010752688172043012,58.25806451612903
6675,5,0.0,47.2
6676,11,0.07272727272727272,166.8181818181818
6677,9,0.0,102.22222222222223
6678,38,0.01422475106685633,99.57894736842105
6679,0,0.0,0.0
6680,4,0.0,143.5
6681,10,0.0,56.6
6682,6,0.0,121.66666666666667
6683,18,0.032679738562091505,118.22222222222223
6684,73,0.014079147640791476,103.28767123287672
6685,5,0.0,60.6
6686,23,0.003952569169960474,58.47826086956522
6687,19,0.005847953216374269,88.21052631578948
6688,5,0.0,50.4
6689,68,0.014925373134328358,119.32352941176471
6690,108,0.008826583592938734,75.1574074074074
6691,21,0.014285714285714285,111.47619047619048
6692,13,0.02564102564102564,101.3076923076923
6693,39,0.001349527665317139,60.256410256410255
6694,35,0.008403361344537815,61.142857142857146
6695,22,0.0,79.68181818181819
6696,28,0.005291005291005291,88.07142857142857
6697,4,0.0,82.25
6698,2,0.0,47.5
6699,16,0.0,85.6875
6700,1,0.0,96.0
6701,1,0.0,164.0
6702,38,0.004267425320056899,68.94736842105263
6703,3,0.0,65.0
6704,4,0.0,60.25
6705,2,0.0,29.5
6706,5,0.0,173.2
6707,8,0.0,181.25
6708,10,0.0,56.2
6709,4,0.0,105.75
6710,8,0.0,89.25
6711,47,0.018501387604070305,107.7872340425532
6712,32,0.004032258064516129,86.03125
6713,102,0.013783731314307901,100.96078431372548
6714,13,0.02564102564102564,70.61538461538461
6715,27,0.02564102564102564,86.77777777777777
6716,19,0.017543859649122806,68.05263157894737
6717,8,0.0,78.875
6718,66,0.012587412587412588,88.96969696969697
6719,11,0.05454545454545454,86.18181818181819
6720,1,0.0,223.0
6721,45,0.01919191919191919,100.11111111111111
6722,9,0.0,83.44444444444444
6723,37,0.02702702702702703,117.78378378378379
6724,56,0.014285714285714285,103.57142857142857
6725,5,0.0,61.2
6726,10,0.0,110.4
6727,14,0.054945054945054944,80.85714285714286
6728,5,0.0,63.8
6729,25,0.02,104.08
6730,183,0.013390980604095359,107.18579234972678
6731,54,0.018867924528301886,125.22222222222223
6732,7,0.0,109.14285714285714
6733,3,0.0,86.66666666666667
6734,0,0.0,0.0
6735,24,0.010869565217391304,133.5
6736,7,0.047619047619047616,113.28571428571429
6737,20,0.010526315789473684,125.4
6738,26,0.021538461538461538,130.73076923076923
6739,111,0.01294021294021294,100.57657657657657
6740,2,0.0,15.5
6741,36,0.007936507936507936,100.80555555555556
6742,107,0.007582436959971787,72.3644859813084
6743,17,0.022058823529411766,80.58823529411765
6744,7,0.0,56.142857142857146
6745,31,0.015053763440860216,85.83870967741936
6746,5,0.0,99.8
6747,60,0.024293785310734464,121.01666666666667
6748,3,0.0,77.66666666666667
6749,52,0.004524886877828055,67.65384615384616
6750,6,0.0,67.5
6751,7,0.047619047619047616,126.85714285714286
6752,3,0.0,119.33333333333333
6753,14,0.0,86.64285714285714
6754,3,0.0,48.0
6755,13,0.0,155.3846153846154
6756,46,0.00966183574879227,89.8695652173913
6757,35,0.015126050420168067,147.37142857142857
6758,19,0.005847953216374269,77.78947368421052
6759,64,0.018353174603174604,113.859375
6760,14,0.02197802197802198,83.07142857142857
6761,3,0.0,240.66666666666666
6762,20,0.005263157894736842,100.15
6763,44,0.019027484143763214,117.0
6764,22,0.008658008658008658,66.77272727272727
6765,45,0.03232323232323232,164.22222222222223
6766,12,0.030303030303030304,161.25
6767,40,0.017948717948717947,107.925
6768,3,0.0,57.0
6769,58,0.012704174228675136,86.3103448275862
6770,46,0.010628019323671498,82.95652173913044
6771,170,0.017890706578489384,117.2764705882353
6772,28,0.013227513227513227,103.64285714285714
6773,8,0.03571428571428571,71.25
6774,11,0.0,70.81818181818181
6775,21,0.03333333333333333,139.04761904761904
6776,32,0.024193548387096774,152.25
6777,18,0.026143790849673203,90.44444444444444
6778,13,0.0,55.76923076923077
6779,4,0.0,75.0
6780,21,0.014285714285714285,99.47619047619048
6781,15,0.0,52.0
6782,219,0.013321603619454569,98.69406392694064
6783,2,0.0,56.5
6784,1,0.0,46.0
6785,44,0.005285412262156448,80.38636363636364
6786,15,0.009523809523809525,89.4
6787,57,0.011278195488721804,100.29824561403508
6788,25,0.006666666666666667,61.92
6789,64,0.020337301587301588,118.0625
6790,48,0.015070921985815602,84.35416666666667
6791,52,0.004524886877828055,73.90384615384616
6792,41,0.013414634146341463,90.04878048780488
6793,0,0.0,0.0
6794,6,0.0,60.666666666666664
6795,5,0.0,60.0
6796,1,0.0,97.0
6797,26,0.009230769230769232,94.46153846153847
6798,16,0.008333333333333333,101.0625
6799,2,0.0,299.0
6800,21,0.004761904761904762,71.61904761904762
6801,60,0.015819209039548022,109.38333333333334
6802,33,0.01893939393939394,114.84848484848484
6803,43,0.008859357696566999,83.55813953488372
6804,1,0.0,66.0
6805,23,0.011857707509881422,78.82608695652173
6806,200,0.011608040201005025,97.945
6807,21,0.014285714285714285,82.0952380952381
6808,5,0.0,52.8
6809,117,0.012967875036840553,104.37606837606837
6810,22,0.025974025974025976,82.68181818181819
6811,1,0.0,84.0
6812,10,0.06666666666666667,71.3
6813,0,0.0,0.0
6814,4,0.0,60.0
6815,11,0.01818181818181818,137.9090909090909
6816,0,0.0,0.0
6817,6,0.0,113.33333333333333
6818,36,0.01904761904761905,108.02777777777777
6819,1,0.0,14.0
6820,45,0.021212121212121213,104.55555555555556
6821,11,0.01818181818181818,81.0909090909091
6822,11,0.01818181818181818,85.0
6823,2,0.0,79.5
6824,40,0.0038461538461538464,54.625
6825,85,0.00980392156862745,91.15294117647059
6826,37,0.010510510510510511,113.45945945945945
6827,23,0.015810276679841896,77.08695652173913
6828,31,0.008602150537634409,94.93548387096774
6829,6,0.0,69.5
6830,61,0.02185792349726776,124.27868852459017
6831,29,0.019704433497536946,91.34482758620689
6832,4,0.0,117.0
6833,6,0.0,85.83333333333333
6834,22,0.021645021645021644,96.72727272727273
6835,3,0.0,67.33333333333333
6836,4,0.0,74.0
6837,5,0.0,71.0
6838,115,0.016018306636155607,106.5391304347826
6839,8,0.03571428571428571,88.0
6840,63,0.012800819252432157,104.17460317460318
6841,15,0.01904761904761905,158.73333333333332
6842,19,0.0,80.21052631578948
6843,45,0.012121212121212121,104.35555555555555
6844,7,0.0,112.28571428571429
6845,76,0.011228070175438596,90.97368421052632
6846,16,0.016666666666666666,145.5625
6847,29,0.027093596059113302,125.72413793103448
6848,3,0.0,102.66666666666667
6849,11,0.03636363636363636,129.0909090909091
6850,25,0.02,116.6
6851,2,0.0,19.5
6852,48,0.018617021276595744,109.75
6853,10,0.044444444444444446,85.2
6854,16,0.0,86.125
6855,18,0.0,109.61111111111111
6856,9,0.0,50.0
6857,144,0.015345765345765346,101.53472222222223
6858,47,0.01572617946345976,107.95744680851064
6859,9,0.0,72.44444444444444
6860,6,0.0,58.0
6861,15,0.0,91.46666666666667
6862,16,0.008333333333333333,95.8125
6863,87,0.01871157444533547,101.24137931034483
6864,24,0.010869565217391304,96.41666666666667
6865,136,0.011220043572984749,97.125
6866,51,0.01647058823529412,106.66666666666667
6867,8,0.0,51.875
6868,15,0.02857142857142857,112.73333333333333
6869,106,0.013836477987421384,102.06603773584905
6870,69,0.0068201193520886615,71.28985507246377
6871,11,0.01818181818181818,57.63636363636363
6872,5,0.0,61.0
6873,52,0.010558069381598794,96.42307692307692
6874,1,0.0,150.0
6875,117,0.011788977306218685,93.47863247863248
6876,50,0.005714285714285714,74.44
6877,80,0.020253164556962026,123.25
6878,2,0.0,51.5
6879,26,0.003076923076923077,75.34615384615384
6880,26,0.003076923076923077,68.61538461538461
6881,13,0.01282051282051282,84.15384615384616
6882,9,0.0,86.44444444444444
6883,38,0.01422475106685633,125.10526315789474
6884,0,0.0,0.0
6885,6,0.0,84.0
6886,158,0.014028863984519874,99.29746835443038
6887,17,0.014705882352941176,133.8235294117647
6888,12,0.015151515151515152,90.66666666666667
6889,16,0.008333333333333333,53.0625
6890,8,0.0,191.0
6891,2,0.0,141.0
6892,16,0.016666666666666666,97.0625
6893,3,0.0,62.0
6894,30,0.011494252873563218,82.26666666666667
6895,55,0.006060606060606061,80.25454545454545
6896,43,0.008859357696566999,108.4186046511628
6897,65,0.026923076923076925,145.12307692307692
6898,3,0.0,173.33333333333334
6899,12,0.0,83.91666666666667
6900,11,0.05454545454545454,200.72727272727272
6901,5,0.0,26.2
6902,53,0.012336719883889695,120.39622641509433
6903,52,0.01282051282051282,106.11538461538461
6904,20,0.021052631578947368,64.45
6905,15,0.0,79.0
6906,15,0.009523809523809525,95.4
6907,6,0.06666666666666667,271.8333333333333
6908,14,0.01098901098901099,145.28571428571428
6909,17,0.007352941176470588,80.76470588235294
6910,19,0.0,49.8421052631579
6911,9,0.0,97.33333333333333
6912,4,0.0,167.0
6913,70,0.013664596273291925,110.78571428571429
6914,7,0.0,88.0
6915,92,0.024844720496894408,137.15217391304347
6916,21,0.009523809523809525,76.61904761904762
6917,37,0.006006006006006006,61.83783783783784
6918,23,0.023715415019762844,105.0
6919,28,0.005291005291005291,73.5
6920,15,0.0,91.0
6921,88,0.01698014629049112,112.97727272727273
6922,9,0.05555555555555555,247.11111111111111
6923,29,0.007389162561576354,118.89655172413794
6924,28,0.021164021164021163,105.17857142857143
6925,44,0.012684989429175475,88.45454545454545
6926,50,0.029387755102040815,137.12
6927,10,0.0,68.0
6928,0,0.0,0.0
6929,23,0.011857707509881422,93.1304347826087
6930,6,0.06666666666666667,160.16666666666666
6931,4,0.0,214.5
6932,40,0.015384615384615385,111.9
6933,94,0.013269274765499885,88.57446808510639
6934,54,0.007686932215234102,81.53703703703704
6935,60,0.010169491525423728,81.51666666666667
6936,24,0.0036231884057971015,68.04166666666667
6937,9,0.0,79.77777777777777
6938,5,0.1,120.2
6939,5,0.0,68.4
6940,14,0.01098901098901099,75.57142857142857
6941,26,0.003076923076923077,71.88461538461539
6942,44,0.007399577167019027,68.88636363636364
6943,34,0.0142602495543672,68.08823529411765
6944,0,0.0,0.0
6945,19,0.011695906432748537,70.15789473684211
6946,5,0.0,126.8
6947,13,0.0,130.0
6948,9,0.0,74.44444444444444
6949,125,0.018451612903225806,120.344
6950,96,0.010964912280701754,87.40625
6951,19,0.011695906432748537,121.89473684210526
6952,23,0.007905138339920948,85.47826086956522
6953,23,0.007905138339920948,70.69565217391305
6954,38,0.00995732574679943,87.6842105263158
6955,9,0.027777777777777776,86.88888888888889
6956,93,0.012856474988312296,96.83870967741936
6957,9,0.0,53.55555555555556
6958,44,0.015856236786469344,90.1590909090909
6959,6,0.0,65.33333333333333
6960,31,0.008602150537634409,107.51612903225806
6961,27,0.008547008547008548,70.74074074074075
6962,56,0.016233766233766232,104.85714285714286
6963,17,0.029411764705882353,136.64705882352942
6964,114,0.011644154634373545,87.00877192982456
6965,2,0.0,145.0
6966,0,0.0,0.0
6967,23,0.019762845849802372,118.91304347826087
6968,8,0.0,139.625
6969,0,0.0,0.0
6970,11,0.0,74.63636363636364
6971,17,0.014705882352941176,193.7058823529412
6972,9,0.0,106.11111111111111
6973,39,0.017543859649122806,79.25641025641026
6974,62,0.017451084082496033,119.88709677419355
6975,14,0.01098901098901099,184.78571428571428
6976,5,0.0,54.4
6977,16,0.0,72.375
6978,33,0.005681818181818182,85.6969696969697
6979,29,0.007389162561576354,100.03448275862068
6980,6,0.0,116.5
6981,16,0.0,79.0625
6982,122,0.010432190760059613,88.14754098360656
6983,14,0.01098901098901099,89.78571428571429
6984,12,0.0,50.916666666666664
6985,7,0.19047619047619047,220.85714285714286
6986,26,0.012307692307692308,84.76923076923077
6987,48,0.022163120567375887,141.5
6988,2,0.0,68.0
6989,4,0.0,142.5
6990,14,0.02197802197802198,107.78571428571429
6991,17,0.014705882352941176,94.76470588235294
6992,65,0.016346153846153847,130.52307692307693
6993,22,0.0,74.95454545454545
6994,36,0.014285714285714285,108.02777777777777
6995,1,0.0,44.0
6996,0,0.0,0.0
6997,28,0.007936507936507936,95.82142857142857
6998,4,0.0,30.75
6999,21,0.0380952380952381,170.8095238095238
7000,16,0.0,81.4375
7001,20,0.005263157894736842,117.25
7002,0,0.0,0.0
7003,3,0.0,94.0
7004,15,0.01904761904761905,88.4
7005,51,0.01019607843137255,93.31372549019608
7006,4,0.0,18.0
7007,5,0.0,111.6
7008,6,0.0,115.5
7009,2,0.0,179.0
7010,11,0.0,65.27272727272727
7011,3,0.0,105.0
7012,8,0.07142857142857142,127.625
7013,7,0.0,81.42857142857143
7014,6,0.0,87.33333333333333
7015,21,0.02857142857142857,135.14285714285714
7016,70,0.011180124223602485,104.01428571428572
7017,35,0.0067226890756302525,86.88571428571429
7018,166,0.014822928075940125,103.26506024096386
7019,2,0.0,91.0
7020,21,0.009523809523809525,61.095238095238095
7021,25,0.01,96.32
7022,53,0.01741654571843251,99.77358490566037
7023,147,0.009691547852017519,79.82993197278911
7024,1,0.0,8.0
7025,8,0.0,65.25
7026,33,0.011363636363636364,109.3030303030303
7027,1,0.0,29.0
7028,424,0.01280164146482894,98.93396226415095
7029,47,0.013876040703052728,93.29787234042553
7030,9,0.027777777777777776,224.66666666666666
7031,145,0.01934865900383142,126.8551724137931
7032,14,0.0,53.785714285714285
7033,38,0.031294452347083924,139.07894736842104
7034,30,0.016091954022988506,102.16666666666667
7035,28,0.013227513227513227,100.10714285714286
7036,11,0.0,99.81818181818181
7037,15,0.01904761904761905,103.33333333333333
7038,97,0.01610824742268041,100.9278350515464
7039,3,0.0,130.66666666666666
7040,8,0.0,109.75
7041,12,0.0,85.75
7042,25,0.01,139.52
7043,87,0.015236567762630313,115.0
7044,4,0.0,88.75
7045,35,0.011764705882352941,76.17142857142858
7046,10,0.022222222222222223,80.8
7047,12,0.0,53.75
7048,7,0.0,50.857142857142854
7049,43,0.012181616832779624,86.23255813953489
7050,2,0.0,83.0
7051,2,0.0,121.0
7052,24,0.018115942028985508,58.791666666666664
7053,2,0.0,59.0
7054,1,0.0,43.0
7055,1,0.0,104.0
7056,26,0.018461538461538463,93.73076923076923
7057,12,0.015151515151515152,128.5
7058,2,0.0,118.0
7059,4,0.0,149.5
7060,42,0.011614401858304297,106.21428571428571
7061,19,0.005847953216374269,103.42105263157895
7062,7,0.047619047619047616,56.857142857142854
7063,8,0.0,96.125
7064,62,0.013749338974087784,103.75806451612904
7065,87,0.007751937984496124,78.06896551724138
7066,7,0.0,103.85714285714286
7067,21,0.009523809523809525,59.23809523809524
7068,55,0.020202020202020204,117.38181818181818
7069,12,0.0,67.75
7070,58,0.014519056261343012,97.75862068965517
7071,19,0.011695906432748537,76.78947368421052
7072,26,0.012307692307692308,87.11538461538461
7073,88,0.02586206896551724,141.95454545454547
7074,10,0.0,81.3
7075,13,0.01282051282051282,95.0
7076,13,0.01282051282051282,50.84615384615385
7077,71,0.008450704225352112,84.95774647887323
7078,23,0.011857707509881422,84.47826086956522
7079,7,0.09523809523809523,168.71428571428572
7080,56,0.011688311688311689,116.25
7081,6,0.0,122.0
7082,11,0.0,39.63636363636363
7083,129,0.012718023255813954,95.68992248062015
7084,40,0.0038461538461538464,59.3
7085,24,0.018115942028985508,112.875
7086,2,0.0,11.5
7087,11,0.0,66.36363636363636
7088,9,0.08333333333333333,133.33333333333334
7089,46,0.012560386473429951,112.34782608695652
7090,31,0.010752688172043012,107.83870967741936
7091,7,0.0,97.85714285714286
7092,4,0.0,163.5
7093,1,0.0,88.0
7094,20,0.010526315789473684,85.1
7095,17,0.007352941176470588,70.41176470588235
7096,22,0.0,66.95454545454545
7097,14,0.0,80.14285714285714
7098,31,0.002150537634408602,83.51612903225806
7099,56,0.013636363636363636,101.80357142857143
7100,102,0.0170840613473112,108.84313725490196
7101,18,0.006535947712418301,76.27777777777777
7102,11,0.0,71.63636363636364
7103,27,0.005698005698005698,87.92592592592592
7104,84,0.008032128514056224,98.5952380952381
7105,55,0.01616161616161616,97.8
7106,66,0.02703962703962704,144.0151515151515
7107,9,0.0,62.77777777777778
7108,6,0.0,68.16666666666667
7109,9,0.05555555555555555,121.11111111111111
7110,15,0.0380952380952381,144.86666666666667
7111,1,0.0,111.0
7112,64,0.005456349206349206,73.25
7113,8,0.0,90.125
7114,579,0.010715288858609583,90.55613126079447
7115,43,0.021040974529346623,131.8372093023256
7116,37,0.0075075075075075074,93.29729729729729
7117,18,0.026143790849673203,118.44444444444444
7118,17,0.022058823529411766,118.70588235294117
7119,73,0.013318112633181126,103.97260273972603
7120,98,0.009257311171891438,83.59183673469387
7121,13,0.01282051282051282,79.15384615384616
7122,66,0.010256410256410256,96.45454545454545
7123,2,0.0,225.5
7124,53,0.007982583454281567,99.86792452830188
7125,22,0.0,59.0
7126,41,0.00975609756097561,69.8780487804878
7127,29,0.019704433497536946,105.55172413793103
7128,8,0.0,140.125
7129,14,0.0,144.57142857142858
7130,9,0.0,78.0
7131,13,0.0,96.38461538461539
7132,0,0.0,0.0
7133,54,0.019566736547868623,123.20370370370371
7134,0,0.0,0.0
7135,6,0.0,50.666666666666664
7136,44,0.011627906976744186,116.02272727272727
7137,24,0.0036231884057971015,79.83333333333333
7138,14,0.02197802197802198,116.71428571428571
7139,2,1.0,232.0
7140,18,0.0,65.11111111111111
7141,16,0.008333333333333333,112.4375
7142,22,0.012987012987012988,75.22727272727273
7143,10,0.022222222222222223,125.1
7144,54,0.004891684136967156,70.07407407407408
7145,11,0.0,142.0
7146,9,0.027777777777777776,69.44444444444444
7147,19,0.0,57.8421052631579
7148,102,0.009318578916715201,93.76470588235294
7149,5,0.0,41.8
7150,39,0.020242914979757085,105.35897435897436
7151,12,0.030303030303030304,79.08333333333333
7152,10,0.0,68.1
7153,1,0.0,93.0
7154,89,0.015832482124616958,114.26966292134831
7155,48,0.015070921985815602,128.6875
7156,96,0.013157894736842105,99.03125
7157,2,0.0,83.5
7158,27,0.017094017094017096,128.66666666666666
7159,11,0.01818181818181818,84.9090909090909
7160,31,0.010752688172043012,79.25806451612904
7161,38,0.00995732574679943,79.13157894736842
7162,18,0.006535947712418301,75.77777777777777
7163,0,0.0,0.0
7164,172,0.017135862913096694,116.58720930232558
7165,26,0.015384615384615385,96.11538461538461
7166,2,0.0,38.5
7167,61,0.009836065573770493,95.77049180327869
7168,16,0.025,109.4375
7169,38,0.00995732574679943,82.63157894736842
7170,40,0.011538461538461539,100.6
7171,19,0.0,69.6842105263158
7172,8,0.03571428571428571,122.125
7173,11,0.03636363636363636,90.0
7174,9,0.05555555555555555,62.44444444444444
7175,31,0.021505376344086023,83.6774193548387
7176,3,0.0,64.0
7177,7,0.0,82.0
7178,16,0.0,67.25
7179,50,0.011428571428571429,100.32
7180,5,0.0,69.8
7181,44,0.008456659619450317,79.0909090909091
7182,27,0.03133903133903134,124.62962962962963
7183,168,0.013900769888793841,101.26190476190476
7184,53,0.015965166908563134,109.62264150943396
7185,12,0.0,108.41666666666667
7186,50,0.014693877551020407,97.76
7187,15,0.009523809523809525,99.73333333333333
7188,84,0.01778542742398164,115.78571428571429
7189,20,0.0,69.85
7190,181,0.01682013505217925,116.2486187845304
7191,4,0.0,84.0
7192,17,0.0,66.88235294117646
7193,3,0.0,107.66666666666667
7194,55,0.013468013468013467,86.03636363636363
7195,5,0.0,57.0
7196,0,0.0,0.0
7197,55,0.020875420875420877,125.78181818181818
7198,22,0.008658008658008658,80.72727272727273
7199,16,0.016666666666666666,146.8125
7200,29,0.012315270935960592,119.03448275862068
7201,1,0.0,59.0
7202,11,0.0,92.27272727272727
7203,31,0.002150537634408602,87.93548387096774
7204,38,0.012802275960170697,76.52631578947368
7205,23,0.007905138339920948,74.52173913043478
7206,24,0.018115942028985508,144.16666666666666
7207,24,0.014492753623188406,82.83333333333333
7208,10,0.022222222222222223,161.2
7209,7,0.0,46.42857142857143
7210,40,0.01282051282051282,103.2
7211,1,0.0,3.0
7212,5,0.0,36.4
7213,23,0.007905138339920948,67.26086956521739
7214,24,0.014492753623188406,103.79166666666667
7215,101,0.011881188118811881,96.66336633663366
7216,8,0.0,50.25
7217,13,0.0,66.15384615384616
7218,51,0.013333333333333334,104.41176470588235
7219,5,0.0,23.4
7220,9,0.05555555555555555,152.66666666666666
7221,16,0.0,169.9375
7222,14,0.01098901098901099,91.28571428571429
7223,7,0.0,65.28571428571429
7224,3,0.0,119.66666666666667
7225,32,0.020161290322580645,110.25
7226,21,0.014285714285714285,81.19047619047619
7227,12,0.045454545454545456,53.166666666666664
7228,124,0.011539470233412012,90.7741935483871
7229,14,0.0,77.42857142857143
7230,0,0.0,0.0
7231,1,0.0,4.0
7232,3,0.0,26.333333333333332
7233,2,0.0,50.0
7234,123,0.013461282153805145,100.85365853658537
7235,7,0.09523809523809523,158.0
7236,30,0.01839080459770115,103.0
7237,7,0.0,97.0
7238,271,0.015142818094847615,103.7269372693727
7239,28,0.005291005291005291,86.39285714285714
7240,21,0.004761904761904762,69.47619047619048
7241,52,0.006787330316742082,105.01923076923077
7242,117,0.010462717359269083,96.2051282051282
7243,5,0.0,114.4
7244,7,0.0,77.85714285714286
7245,31,0.012903225806451613,101.96774193548387
7246,26,0.015384615384615385,87.92307692307692
7247,3,0.0,44.0
7248,5,0.1,140.6
7249,36,0.004761904761904762,54.333333333333336
7250,139,0.011990407673860911,97.41007194244604
7251,40,0.01282051282051282,86.0
7252,20,0.005263157894736842,60.45
7253,6,0.06666666666666667,72.5
7254,4,0.0,61.25
7255,4,0.0,82.25
7256,0,0.0,0.0
7257,16,0.016666666666666666,72.25
7258,13,0.02564102564102564,174.53846153846155
7259,48,0.015070921985815602,109.04166666666667
7260,13,0.0,142.23076923076923
7261,20,0.005263157894736842,101.3
7262,1,0.0,29.0
7263,0,0.0,0.0
7264,35,0.005042016806722689,91.22857142857143
7265,117,0.018125552608311227,115.82905982905983
7266,72,0.015258215962441314,107.45833333333333
7267,34,0.0213903743315508,115.08823529411765
7268,4,0.0,35.5
7269,82,0.009334537789822343,87.76829268292683
7270,87,0.018978882651697407,104.82758620689656
7271,14,0.01098901098901099,123.14285714285714
7272,60,0.014124293785310734,90.45
7273,68,0.019754170324846356,129.72058823529412
7274,54,0.013976240391334731,102.55555555555556
7275,13,0.01282051282051282,78.61538461538461
7276,15,0.0380952380952381,143.93333333333334
7277,27,0.019943019943019943,141.14814814814815
7278,6,0.0,37.666666666666664
7279,3,0.0,131.66666666666666
7280,1,0.0,13.0
7281,13,0.0,102.38461538461539
7282,2,0.0,172.0
7283,34,0.0,103.17647058823529
7284,19,0.0,67.63157894736842
7285,13,0.038461538461538464,114.38461538461539
7286,14,0.0,52.57142857142857
7287,15,0.0,144.4
7288,15,0.009523809523809525,93.8
7289,7,0.0,74.28571428571429
7290,14,0.01098901098901099,92.85714285714286
7291,27,0.02564102564102564,132.5185185185185
7292,5,0.0,88.0
7293,52,0.005279034690799397,64.03846153846153
7294,4,0.0,92.25
7295,0,0.0,0.0
7296,8,0.0,98.25
7297,34,0.016042780748663103,83.76470588235294
7298,0,0.0,0.0
7299,12,0.0,68.75
7300,22,0.012987012987012988,118.5909090909091
7301,5,0.0,96.6
7302,14,0.01098901098901099,85.28571428571429
7303,18,0.006535947712418301,77.83333333333333
7304,29,0.034482758620689655,228.51724137931035
7305,47,0.009250693802035153,81.31914893617021
7306,37,0.01951951951951952,124.8108108108108
7307,1,0.0,96.0
7308,1,0.0,169.0
7309,41,0.01951219512195122,136.609756097561
7310,1,0.0,75.0
7311,18,0.013071895424836602,86.22222222222223
7312,14,0.0,68.92857142857143
7313,19,0.0,102.57894736842105
7314,16,0.0,86.9375
7315,60,0.0192090395480226,119.63333333333334
7316,34,0.0017825311942959,71.1470588235294
7317,33,0.007575757575757576,91.66666666666667
7318,32,0.016129032258064516,127.8125
7319,14,0.0,81.28571428571429
7320,6,0.06666666666666667,199.0
7321,7,0.0,59.42857142857143
7322,5,0.0,44.4
7323,17,0.007352941176470588,106.47058823529412
7324,3,0.0,68.0
7325,49,0.023809523809523808,130.53061224489795
7326,41,0.004878048780487805,85.53658536585365
7327,41,0.01707317073170732,118.41463414634147
7328,1,0.0,36.0
7329,27,0.002849002849002849,81.07407407407408
7330,18,0.026143790849673203,99.55555555555556
7331,4,0.0,69.75
7332,21,0.0,43.476190476190474
7333,12,0.0,37.25
7334,6,0.0,77.33333333333333
7335,29,0.0024630541871921183,58.827586206896555
7336,90,0.011485642946317104,87.26666666666667
7337,28,0.013227513227513227,93.46428571428571
7338,34,0.0142602495543672,131.0
7339,2,0.0,27.0
7340,44,0.011627906976744186,83.88636363636364
7341,118,0.011154570476604375,88.1864406779661
7342,87,0.02165196471531676,123.28735632183908
7343,32,0.006048387096774193,62.5625
7344,88,0.008620689655172414,82.17045454545455
7345,7,0.0,60.0
7346,2,0.0,86.0
7347,1,0.0,24.0
7348,0,0.0,0.0
7349,58,0.014519056261343012,111.77586206896552
7350,29,0.007389162561576354,109.41379310344827
7351,4,0.0,68.5
7352,23,0.023715415019762844,83.0
7353,1,0.0,211.0
7354,2,0.0,53.0
7355,13,0.01282051282051282,81.92307692307692
7356,25,0.03,109.36
7357,7,0.047619047619047616,162.42857142857142
7358,24,0.007246376811594203,82.54166666666667
7359,27,0.039886039886039885,158.88888888888889
7360,9,0.027777777777777776,53.77777777777778
7361,66,0.012121212121212121,113.24242424242425
7362,19,0.017543859649122806,62.578947368421055
7363,10,0.022222222222222223,150.0
7364,40,0.00641025641025641,70.125
7365,37,0.015015015015015015,118.62162162162163
7366,28,0.015873015873015872,146.57142857142858
7367,4,0.0,135.75
7368,3,0.0,18.666666666666668
7369,31,0.015053763440860216,81.3225806451613
7370,34,0.0142602495543672,116.47058823529412
7371,12,0.0,85.08333333333333
7372,150,0.017539149888143177,108.88
7373,77,0.018796992481203006,122.81818181818181
7374,0,0.0,0.0
7375,6,0.0,141.33333333333334
7376,30,0.011494252873563218,111.33333333333333
7377,8,0.07142857142857142,115.875
7378,17,0.014705882352941176,73.3529411764706
7379,4,0.0,28.75
7380,12,0.0,82.25
7381,12,0.0,72.41666666666667
7382,13,0.0,57.30769230769231
7383,138,0.015233259282767376,114.92028985507247
7384,36,0.0,70.11111111111111
7385,0,0.0,0.0
7386,83,0.00999118424919189,84.79518072289157
7387,17,0.022058823529411766,102.52941176470588
7388,16,0.025,121.4375
7389,4,0.0,74.25
7390,1,0.0,14.0
7391,48,0.008865248226950355,90.16666666666667
7392,39,0.005398110661268556,60.76923076923077
7393,3,0.0,212.66666666666666
7394,40,0.002564102564102564,79.05
7395,109,0.01529051987767584,106.14678899082568
7396,12,0.015151515151515152,74.33333333333333
7397,32,0.006048387096774193,91.4375
7398,24,0.010869565217391304,83.25
7399,8,0.0,53.875
7400,14,0.0,87.28571428571429
7401,17,0.007352941176470588,67.11764705882354
7402,15,0.0,153.33333333333334
7403,1,0.0,221.0
7404,3,0.0,19.666666666666668
7405,36,0.009523809523809525,76.30555555555556
7406,18,0.013071895424836602,138.61111111111111
7407,12,0.015151515151515152,83.0
7408,25,0.04,171.0
7409,21,0.004761904761904762,83.57142857142857
7410,32,0.008064516129032258,97.4375
7411,23,0.023715415019762844,120.73913043478261
7412,114,0.02033845676137246,125.99122807017544
7413,66,0.009324009324009324,81.31818181818181
7414,16,0.008333333333333333,74.625
7415,11,0.0,99.72727272727273
7416,4,0.0,60.25
7417,22,0.012987012987012988,100.4090909090909
7418,18,0.006535947712418301,85.61111111111111
7419,9,0.05555555555555555,73.44444444444444
7420,1,0.0,717.0
7421,23,0.011857707509881422,105.21739130434783
7422,7,0.0,42.285714285714285
7423,43,0.017718715393133997,124.20930232558139
7424,41,0.007317073170731708,105.58536585365853
7425,5,0.0,58.6
7426,6,0.0,151.16666666666666
7427,25,0.0033333333333333335,76.32
7428,9,0.0,144.55555555555554
7429,37,0.0075075075075075074,82.48648648648648
7430,140,0.015210688591983556,107.52857142857142
7431,24,0.018115942028985508,123.79166666666667
7432,14,0.03296703296703297,106.07142857142857
7433,17,0.014705882352941176,97.94117647058823
7434,5,0.0,80.8
7435,71,0.016901408450704224,102.29577464788733
7436,10,0.0,211.6
7437,30,0.011494252873563218,109.03333333333333
7438,0,0.0,0.0
7439,4,0.0,322.75
7440,10,0.022222222222222223,54.8
7441,34,0.023172905525846704,123.67647058823529
7442,24,0.03260869565217391,144.125
7443,1,0.0,19.0
7444,0,0.0,0.0
7445,74,0.0136986301369863,101.64864864864865
7446,29,0.0024630541871921183,65.3103448275862
7447,21,0.014285714285714285,87.57142857142857
7448,27,0.002849002849002849,101.51851851851852
7449,18,0.006535947712418301,96.83333333333333
7450,17,0.014705882352941176,75.76470588235294
7451,28,0.007936507936507936,117.17857142857143
7452,21,0.014285714285714285,104.76190476190476
7453,3,0.0,64.33333333333333
7454,14,0.0,106.57142857142857
7455,60,0.007909604519774011,92.91666666666667
7456,0,0.0,0.0
7457,57,0.013784461152882205,104.73684210526316
7458,4,0.0,48.0
7459,4,0.0,40.5
7460,2,0.0,31.0
7461,13,0.02564102564102564,77.61538461538461
7462,7,0.0,97.57142857142857
7463,11,0.01818181818181818,77.36363636363636
7464,18,0.026143790849673203,136.11111111111111
7465,30,0.013793103448275862,95.06666666666666
7466,60,0.01751412429378531,123.63333333333334
7467,59,0.018118059614260665,141.32203389830508
7468,7,0.0,71.57142857142857
7469,33,0.017045454545454544,109.0909090909091
7470,10,0.0,90.6
7471,13,0.0,100.84615384615384
7472,45,0.011111111111111112,85.57777777777778
7473,36,0.007936507936507936,83.69444444444444
7474,7,0.0,57.57142857142857
7475,2,0.0,65.0
7476,1,0.0,579.0
7477,59,0.026884862653419054,148.91525423728814
7478,21,0.004761904761904762,56.142857142857146
7479,1,0.0,26.0
7480,123,0.014660802345728375,103.8130081300813
7481,37,0.009009009009009009,87.21621621621621
7482,19,0.011695906432748537,89.57894736842105
7483,79,0.01590392729633236,108.82278481012658
7484,6,0.0,89.66666666666667
7485,17,0.014705882352941176,164.94117647058823
7486,20,0.015789473684210527,106.35
7487,17,0.022058823529411766,84.11764705882354
7488,3,0.0,90.66666666666667
7489,52,0.01809954751131222,119.5
7490,16,0.016666666666666666,106.1875
7491,41,0.00853658536585366,80.07317073170732
7492,2,0.0,57.0
7493,5,0.0,47.8
7494,90,0.018726591760299626,116.82222222222222
7495,1,0.0,23.0
7496,51,0.012549019607843137,114.05882352941177
7497,3,0.0,226.66666666666666
7498,4,0.0,137.0
7499,4,0.0,106.5
7500,30,0.01839080459770115,154.63333333333333
7501,10,0.0,66.4
7502,41,0.032926829268292684,174.53658536585365
7503,9,0.0,72.77777777777777
7504,60,0.0039548022598870055,80.48333333333333
7505,0,0.0,0.0
7506,13,0.0,171.6153846153846
7507,48,0.03546099290780142,174.41666666666666
7508,5,0.0,31.6
7509,79,0.009737098344693282,99.45569620253164
7510,43,0.018826135105204873,119.81395348837209
7511,0,0.0,0.0
7512,67,0.011307100859339666,88.67164179104478
7513,19,0.011695906432748537,63.21052631578947
7514,17,0.007352941176470588,63.05882352941177
7515,21,0.0,81.42857142857143
7516,34,0.016042780748663103,115.97058823529412
7517,47,0.0037002775208140612,55.51063829787234
7518,4,0.0,63.25
7519,4,0.0,122.0
7520,9,0.0,99.44444444444444
7521,23,0.007905138339920948,71.43478260869566
7522,21,0.004761904761904762,91.66666666666667
7523,8,0.0,142.25
7524,250,0.013815261044176706,104.336
7525,8,0.0,52.875
7526,7,0.0,111.0
7527,65,0.020673076923076922,123.44615384615385
7528,7,0.0,63.0
7529,12,0.0,111.41666666666667
7530,52,0.007541478129713424,96.5
7531,57,0.011904761904761904,104.42105263157895
7532,47,0.018501387604070305,122.74468085106383
7533,16,0.008333333333333333,106.125
7534,10,0.0,85.7
7535,21,0.0380952380952381,178.9047619047619
7536,95,0.023964165733482642,142.45263157894738
7537,27,0.002849002849002849,77.14814814814815
7538,61,0.014754098360655738,118.36065573770492
7539,8,0.0,100.375
7540,8,0.0,64.625
7541,58,0.017543859649122806,109.10344827586206
7542,44,0.008456659619450317,102.22727272727273
7543,3,0.0,74.33333333333333
7544,207,0.015290089583040196,105.95652173913044
7545,36,0.022222222222222223,111.97222222222223
7546,56,0.011688311688311689,117.01785714285714
7547,9,0.0,220.11111111111111
7548,1,0.0,219.0
7549,10,0.022222222222222223,104.4
7550,21,0.004761904761904762,93.23809523809524
7551,66,0.017715617715617717,109.21212121212122
7552,79,0.013307367737747485,94.43037974683544
7553,74,0.012217697149203998,93.87837837837837
7554,5,0.2,180.4
7555,8,0.0,74.75
7556,5,0.1,166.2
7557,16,0.016666666666666666,73.75
7558,12,0.030303030303030304,153.16666666666666
7559,23,0.015810276679841896,76.69565217391305
7560,14,0.02197802197802198,114.64285714285714
7561,11,0.0,128.9090909090909
7562,51,0.01019607843137255,93.03921568627452
7563,16,0.041666666666666664,108.4375
7564,23,0.003952569169960474,77.08695652173913
7565,43,0.024363233665559248,122.16279069767442
7566,84,0.00889271371199082,84.95238095238095
7567,3,0.0,27.333333333333332
7568,4,0.0,76.25
7569,11,0.0,83.54545454545455
7570,9,0.0,96.0
7571,5,0.0,135.6
7572,1,0.0,65.0
7573,112,0.006917631917631918,77.78571428571429
7574,17,0.007352941176470588,98.3529411764706
7575,3,0.0,29.333333333333332
7576,60,0.01807909604519774,108.63333333333334
7577,37,0.013513513513513514,90.67567567567568
7578,16,0.008333333333333333,69.125
7579,1,0.0,27.0
7580,44,0.012684989429175475,120.22727272727273
7581,4,0.0,69.25
7582,4,0.0,62.75
7583,103,0.0074243289548829245,71.85436893203884
7584,1,0.0,30.0
7585,16,0.008333333333333333,114.5
7586,102,0.0077654824305960005,89.70588235294117
7587,6,0.0,85.5
7588,97,0.00859106529209622,86.47422680412372
7589,10,0.022222222222222223,80.6
7590,5,0.0,78.6
7591,45,0.010101010101010102,84.35555555555555
7592,0,0.0,0.0
7593,1,0.0,106.0
7594,10,0.0,60.3
7595,55,0.01616161616161616,101.30909090909091
7596,80,0.02120253164556962,122.6875
7597,42,0.006968641114982578,82.4047619047619
7598,93,0.008181393174380552,84.89247311827957
7599,28,0.023809523809523808,127.35714285714286
7600,27,0.002849002849002849,66.4074074074074
7601,8,0.0,139.75
7602,7,0.047619047619047616,48.857142857142854
7603,34,0.024955436720142603,120.91176470588235
7604,318,0.014066623018471123,100.12264150943396
7605,2,0.0,119.5
7606,36,0.009523809523809525,121.75
7607,34,0.017825311942959002,133.05882352941177
7608,1,0.0,67.0
7609,31,0.010752688172043012,91.96774193548387
7610,361,0.014050477069867652,103.39058171745152
7611,47,0.02127659574468085,125.42553191489361
7612,4,0.0,59.25
7613,59,0.012273524254821741,93.23728813559322
7614,1,0.0,158.0
7615,10,0.0,76.2
7616,13,0.01282051282051282,83.53846153846153
7617,224,0.016295643818065343,108.38839285714286
7618,6,0.0,86.5
7619,4,0.0,82.0
7620,30,0.016091954022988506,134.1
7621,15,0.01904761904761905,78.0
7622,4,0.0,55.75
7623,8,0.0,134.25
7624,116,0.012593703148425787,104.32758620689656
7625,59,0.015780245470485097,115.08474576271186
7626,211,0.017377567140600316,109.14691943127963
7627,18,0.0,80.0
7628,2,0.0,95.0
7629,4,0.3333333333333333,433.75
7630,4,0.0,54.0
7631,36,0.009523809523809525,79.16666666666667
7632,1,0.0,42.0
7633,27,0.008547008547008548,84.92592592592592
7634,5,0.0,43.4
7635,8,0.07142857142857142,68.75
7636,43,0.009966777408637873,90.3953488372093
7637,17,0.022058823529411766,94.76470588235294
7638,1,0.0,3.0
7639,9,0.027777777777777776,54.111111111111114
7640,2,0.0,51.5
7641,24,0.0036231884057971015,65.58333333333333
7642,24,0.007246376811594203,97.70833333333333
7643,18,0.006535947712418301,73.22222222222223
7644,8,0.03571428571428571,240.625
7645,12,0.045454545454545456,85.91666666666667
7646,31,0.015053763440860216,101.7741935483871
7647,3,0.0,47.0
7648,20,0.015789473684210527,94.55
7649,123,0.024123683859789417,138.3739837398374
7650,20,0.010526315789473684,98.55
7651,10,0.022222222222222223,166.7
7652,26,0.012307692307692308,82.34615384615384
7653,15,0.009523809523809525,147.8
7654,18,0.0,81.61111111111111
7655,54,0.006289308176100629,83.88888888888889
7656,16,0.016666666666666666,82.3125
7657,16,0.008333333333333333,86.0
7658,105,0.01282051282051282,87.92380952380952
7659,88,0.008620689655172414,89.3409090909091
7660,24,0.010869565217391304,67.16666666666667
7661,11,0.0,63.45454545454545
7662,23,0.011857707509881422,85.08695652173913
7663,100,0.011515151515151515,94.62
7664,29,0.007389162561576354,117.51724137931035
7665,36,0.01904761904761905,125.05555555555556
7666,17,0.007352941176470588,69.76470588235294
7667,13,0.01282051282051282,133.6153846153846
7668,55,0.016835016835016835,114.34545454545454
7669,3,0.0,78.66666666666667
7670,24,0.018115942028985508,105.625
7671,4,0.16666666666666666,160.25
7672,3,0.0,59.333333333333336
7673,36,0.009523809523809525,86.66666666666667
7674,12,0.0,97.25
7675,32,0.018145161290322582,92.65625
7676,14,0.02197802197802198,118.14285714285714
7677,10,0.0,94.9
7678,51,0.005490196078431373,78.98039215686275
7679,32,0.02217741935483871,110.4375
7680,5,0.0,352.6
7681,8,0.0,84.0
7682,11,0.0,54.81818181818182
7683,96,0.008991228070175439,99.98958333333333
7684,37,0.016516516516516516,96.24324324324324
7685,20,0.02631578947368421,107.95
7686,15,0.01904761904761905,102.33333333333333
7687,2,0.0,87.5
7688,34,0.0071301247771836,72.3529411764706
7689,9,0.0,90.88888888888889
7690,60,0.010169491525423728,90.48333333333333
7691,24,0.007246376811594203,60.458333333333336
7692,24,0.03260869565217391,138.54166666666666
7693,17,0.022058823529411766,132.41176470588235
7694,0,0.0,0.0
7695,7,0.0,142.42857142857142
7696,0,0.0,0.0
7697,2,0.0,104.5
7698,5,0.0,122.0
7699,19,0.0,73.15789473684211
7700,4,0.3333333333333333,475.75
7701,19,0.017543859649122806,170.8421052631579
7702,24,0.0036231884057971015,78.29166666666667
7703,9,0.0,42.77777777777778
7704,17,0.022058823529411766,107.0
7705,92,0.015050167224080268,104.76086956521739
7706,55,0.027609427609427608,141.8181818181818
7707,118,0.01361726785455599,104.94915254237289
7708,10,0.0,74.0
7709,37,0.012012012012012012,105.02702702702703
7710,150,0.016196868008948546,111.84666666666666
7711,22,0.0,73.36363636363636
7712,27,0.008547008547008548,102.81481481481481
7713,1,0.0,37.0
7714,30,0.0022988505747126436,67.9
7715,84,0.014056224899598393,101.23809523809524
7716,21,0.01904761904761905,96.0
7717,228,0.014800216400030914,105.0
7718,7,0.047619047619047616,268.42857142857144
7719,138,0.020945731513805143,127.18840579710145
7720,55,0.022222222222222223,116.05454545454545
7721,4,0.0,81.5
7722,6,0.0,136.66666666666666
7723,22,0.004329004329004329,50.95454545454545
7724,100,0.011515151515151515,94.85
7725,12,0.0,93.75
7726,2,0.0,327.5
7727,83,0.00999118424919189,90.3132530120482
7728,17,0.029411764705882353,119.3529411764706
7729,18,0.006535947712418301,70.77777777777777
7730,37,0.013513513513513514,119.91891891891892
7731,30,0.01839080459770115,106.06666666666666
7732,50,0.010612244897959184,91.86
7733,41,0.01707317073170732,107.14634146341463
7734,68,0.007462686567164179,84.26470588235294
7735,1,0.0,132.0
7736,9,0.05555555555555555,142.88888888888889
7737,10,0.0,142.4
7738,7,0.0,44.42857142857143
7739,6,0.0,49.0
7740,9,0.05555555555555555,274.22222222222223
7741,10,0.08888888888888889,211.7
7742,24,0.010869565217391304,138.91666666666666
7743,50,0.011428571428571429,81.98
7744,34,0.012477718360071301,79.41176470588235
7745,5,0.0,106.4
7746,25,0.006666666666666667,69.84
7747,7,0.0,72.57142857142857
7748,5,0.0,89.6
7749,1,0.0,6.0
7750,8,0.0,56.75
7751,5,0.1,87.8
7752,10,0.022222222222222223,86.1
7753,85,0.015406162464985995,109.52941176470588
7754,13,0.01282051282051282,75.23076923076923
7755,28,0.010582010582010581,107.39285714285714
7756,67,0.011759384893713252,98.56716417910448
7757,21,0.009523809523809525,67.42857142857143
7758,46,0.00676328502415459,69.06521739130434
7759,11,0.01818181818181818,101.54545454545455
7760,1,0.0,141.0
7761,25,0.016666666666666666,102.32
7762,44,0.007399577167019027,94.72727272727273
7763,4,0.16666666666666666,66.75
7764,18,0.013071895424836602,80.94444444444444
7765,5,0.0,72.0
7766,7,0.0,70.85714285714286
7767,4,0.0,192.25
7768,3,0.0,103.0
7769,30,0.020689655172413793,99.83333333333333
7770,52,0.013574660633484163,103.63461538461539
7771,17,0.0,49.88235294117647
7772,126,0.012317460317460317,91.5952380952381
7773,7,0.047619047619047616,125.57142857142857
7774,10,0.0,70.8
7775,43,0.009966777408637873,113.81395348837209
7776,35,0.0016806722689075631,81.05714285714286
7777,14,0.01098901098901099,48.42857142857143
7778,104,0.014002987303958178,112.27884615384616
7779,20,0.010526315789473684,84.65
7780,8,0.03571428571428571,274.125
7781,47,0.014801110083256245,87.80851063829788
7782,30,0.009195402298850575,51.5
7783,25,0.006666666666666667,74.72
7784,39,0.010796221322537112,100.84615384615384
7785,14,0.01098901098901099,97.42857142857143
7786,130,0.016457960644007157,106.26923076923077
7787,0,0.0,0.0
7788,10,0.0,79.8
7789,7,0.0,66.42857142857143
7790,48,0.008865248226950355,77.4375
7791,20,0.015789473684210527,113.15
7792,7,0.09523809523809523,337.57142857142856
7793,32,0.018145161290322582,125.78125
7794,11,0.01818181818181818,88.72727272727273
7795,1,0.0,684.0
7796,2,0.0,47.0
7797,8,0.0,185.375
7798,17,0.0,52.76470588235294
7799,13,0.0,135.92307692307693
7800,25,0.02,142.92
7801,4,0.0,31.25
7802,2,0.0,97.0
7803,18,0.013071895424836602,76.27777777777777
7804,0,0.0,0.0
7805,2,0.0,79.0
7806,45,0.021212121212121213,140.93333333333334
7807,18,0.006535947712418301,57.55555555555556
7808,11,0.0,156.8181818181818
7809,34,0.0071301247771836,79.44117647058823
7810,5,0.0,43.0
7811,11,0.0,91.72727272727273
7812,20,0.0,75.7
7813,9,0.0,56.22222222222222
7814,6,0.0,53.666666666666664
7815,3,0.0,47.0
7816,2,0.0,611.5
7817,33,0.003787878787878788,74.72727272727273
7818,10,0.022222222222222223,104.8
7819,1,0.0,11.0
7820,4,0.0,55.5
7821,49,0.02465986394557823,111.59183673469387
7822,46,0.01932367149758454,111.56521739130434
7823,50,0.00816326530612245,82.78
7824,36,0.023809523809523808,115.61111111111111
7825,11,0.0,66.27272727272727
7826,7,0.0,115.57142857142857
7827,121,0.015426997245179064,104.73553719008264
7828,24,0.010869565217391304,93.45833333333333
7829,103,0.008376166000380734,93.7864077669903
7830,7,0.0,303.85714285714283
7831,120,0.016526610644257703,113.7
7832,35,0.021848739495798318,115.02857142857142
7833,43,0.012181616832779624,113.20930232558139
7834,2,0.0,23.5
7835,27,0.008547008547008548,84.77777777777777
7836,1,0.0,28.0
7837,23,0.003952569169960474,66.69565217391305
7838,1,0.0,62.0
7839,16,0.008333333333333333,89.375
7840,56,0.008441558441558441,79.41071428571429
7841,21,0.004761904761904762,82.52380952380952
7842,2,0.0,41.5
7843,55,0.012121212121212121,106.14545454545454
7844,43,0.018826135105204873,116.62790697674419
7845,2,0.0,29.5
7846,7,0.0,80.28571428571429
7847,18,0.0392156862745098,130.55555555555554
7848,104,0.009708737864077669,82.27884615384616
7849,55,0.017508417508417508,107.49090909090908
7850,13,0.01282051282051282,67.76923076923077
7851,15,0.02857142857142857,96.13333333333334
7852,3,0.3333333333333333,121.33333333333333
7853,2,0.0,16.0
7854,5,0.0,146.2
7855,213,0.014483125166090885,108.21596244131456
7856,18,0.0,75.16666666666667
7857,15,0.0,52.266666666666666
7858,33,0.005681818181818182,82.06060606060606
7859,1,0.0,37.0
7860,16,0.0,52.75
7861,20,0.015789473684210527,133.35
7862,7,0.0,81.0
7863,38,0.011379800853485065,107.78947368421052
7864,23,0.007905138339920948,83.1304347826087
7865,4,0.0,366.75
7866,9,0.027777777777777776,97.66666666666667
7867,49,0.01020408163265306,101.9795918367347
7868,38,0.017069701280227598,128.47368421052633
7869,11,0.01818181818181818,57.36363636363637
7870,54,0.011180992313067784,76.29629629629629
7871,87,0.015236567762630313,105.4367816091954
7872,43,0.009966777408637873,95.62790697674419
7873,2,0.0,5.0
7874,44,0.013742071881606765,108.93181818181819
7875,13,0.038461538461538464,109.53846153846153
7876,1,0.0,9.0
7877,45,0.012121212121212121,118.22222222222223
7878,2,0.0,39.5
7879,16,0.016666666666666666,102.3125
7880,28,0.010582010582010581,96.82142857142857
7881,39,0.002699055330634278,72.82051282051282
7882,0,0.0,0.0
7883,2,0.0,79.5
7884,19,0.005847953216374269,79.21052631578948
7885,8,0.0,79.25
7886,54,0.009084556254367574,73.0925925925926
7887,182,0.010928298221115901,91.07142857142857
7888,11,0.03636363636363636,181.27272727272728
7889,5,0.0,35.6
7890,29,0.007389162561576354,76.62068965517241
7891,90,0.013233458177278402,104.14444444444445
7892,38,0.01422475106685633,117.02631578947368
7893,8,0.0,105.5
7894,22,0.012987012987012988,76.95454545454545
7895,41,0.015853658536585366,113.97560975609755
7896,24,0.021739130434782608,120.58333333333333
7897,24,0.0036231884057971015,73.66666666666667
7898,15,0.009523809523809525,52.333333333333336
7899,6,0.0,41.0
7900,1,0.0,38.0
7901,15,0.0,97.46666666666667
7902,5,0.0,46.4
7903,9,0.027777777777777776,136.33333333333334
7904,6,0.0,125.66666666666667
7905,17,0.0,61.411764705882355
7906,134,0.01279317697228145,101.15671641791045
7907,9,0.027777777777777776,58.22222222222222
7908,21,0.01904761904761905,107.52380952380952
7909,71,0.020925553319919517,130.50704225352112
7910,4,0.0,202.5
7911,37,0.006006006006006006,101.62162162162163
7912,33,0.001893939393939394,68.84848484848484
7913,84,0.0189328743545611,128.9404761904762
7914,153,0.018747850017199863,116.04575163398692
7915,8,0.03571428571428571,108.25
7916,30,0.006896551724137931,91.2
7917,11,0.0,46.18181818181818
7918,16,0.008333333333333333,77.625
7919,36,0.011111111111111112,90.66666666666667
7920,10,0.022222222222222223,128.2
7921,18,0.0196078431372549,99.33333333333333
7922,26,0.009230769230769232,89.76923076923077
7923,18,0.0,73.77777777777777
7924,40,0.01282051282051282,122.875
7925,1,0.0,27.0
7926,24,0.007246376811594203,79.20833333333333
7927,13,0.05128205128205128,182.92307692307693
7928,18,0.013071895424836602,49.05555555555556
7929,0,0.0,0.0
7930,29,0.034482758620689655,136.93103448275863
7931,25,0.01,89.08
7932,2,1.0,791.0
7933,350,0.01563651248465002,110.76285714285714
7934,3,0.0,103.0
7935,6,0.0,77.33333333333333
7936,52,0.013574660633484163,87.15384615384616
7937,31,0.015053763440860216,107.96774193548387
7938,8,0.0,64.375
7939,30,0.011494252873563218,115.33333333333333
7940,80,0.02120253164556962,129.3375
7941,5,0.0,191.0
7942,23,0.019762845849802372,157.65217391304347
7943,22,0.004329004329004329,67.22727272727273
7944,235,0.013129659938170576,102.99148936170212
7945,58,0.010889292196007259,111.41379310344827
7946,55,0.008754208754208754,81.36363636363636
7947,6,0.0,90.66666666666667
7948,27,0.011396011396011397,88.70370370370371
7949,32,0.006048387096774193,78.1875
7950,23,0.007905138339920948,75.30434782608695
7951,3,0.0,13.333333333333334
7952,8,0.0,49.25
7953,73,0.0076103500761035,88.91780821917808
7954,24,0.03985507246376811,217.875
7955,22,0.03896103896103896,101.0
7956,10,0.022222222222222223,113.2
7957,5,0.1,108.0
7958,5,0.0,136.4
7959,4,0.0,49.0
7960,17,0.03676470588235294,192.0
7961,32,0.014112903225806451,120.28125
7962,38,0.017069701280227598,106.28947368421052
7963,4,0.0,125.25
7964,38,0.008534850640113799,96.21052631578948
7965,1,0.0,256.0
7966,71,0.01488933601609658,107.80281690140845
7967,38,0.017069701280227598,96.26315789473684
7968,10,0.022222222222222223,150.2
7969,45,0.013131313131313131,90.42222222222222
7970,17,0.014705882352941176,112.6470588235294
7971,59,0.008766803039158387,85.28813559322033
7972,4,0.0,95.5
7973,2,0.0,158.5
7974,36,0.0031746031746031746,61.083333333333336
7975,3,0.0,34.0
7976,2,0.0,56.0
7977,2,0.0,111.0
7978,24,0.0036231884057971015,90.875
7979,4,0.0,196.75
7980,11,0.01818181818181818,43.54545454545455
7981,8,0.0,60.625
7982,18,0.013071895424836602,82.44444444444444
7983,84,0.010327022375215147,91.03571428571429
7984,157,0.012738853503184714,99.3312101910828
7985,19,0.04093567251461988,216.05263157894737
7986,11,0.0,68.27272727272727
7987,59,0.009351256575102279,85.13559322033899
7988,37,0.006006006006006006,110.86486486486487
7989,0,0.0,0.0
7990,8,0.0,81.375
7991,24,0.007246376811594203,83.08333333333333
7992,87,0.0090884790163058,94.73563218390805
7993,236,0.015975477821853587,112.98305084745763
7994,27,0.008547008547008548,84.85185185185185
7995,75,0.015135135135135135,104.90666666666667
7996,3,0.0,72.33333333333333
7997,47,0.012025901942645698,98.04255319148936
7998,75,0.02054054054054054,123.49333333333334
7999,15,0.009523809523809525,97.93333333333334
8000,28,0.013227513227513227,92.78571428571429
8001,6,0.0,26.333333333333332
8002,27,0.005698005698005698,87.25925925925925
8003,10,0.022222222222222223,65.2
8004,0,0.0,0.0
8005,35,0.02689075630252101,145.17142857142858
8006,37,0.024024024024024024,131.1891891891892
8007,13,0.0,79.61538461538461
8008,8,0.0,54.125
8009,5,0.0,50.0
8010,25,0.0033333333333333335,73.92
8011,4,0.0,86.25
8012,69,0.015345268542199489,112.40579710144928
8013,38,0.012802275960170697,90.39473684210526
8014,33,0.013257575757575758,121.6969696969697
8015,0,0.0,0.0
8016,2,0.0,126.0
8017,3,0.0,18.666666666666668
8018,3,0.0,46.333333333333336
8019,4,0.0,26.5
8020,5,0.0,91.8
8021,16,0.016666666666666666,120.875
8022,18,0.026143790849673203,141.5
8023,12,0.015151515151515152,77.25
8024,0,0.0,0.0
8025,2,0.0,52.0
8026,2,0.0,105.0
8027,44,0.024312896405919663,134.25
8028,28,0.018518518518518517,75.28571428571429
8029,2,0.0,60.5
8030,13,0.01282051282051282,105.15384615384616
8031,7,0.0,50.285714285714285
8032,2,0.0,26.0
8033,15,0.01904761904761905,54.13333333333333
8034,10,0.0,116.9
8035,3,0.0,43.333333333333336
8036,14,0.01098901098901099,125.0
8037,4,0.0,133.75
8038,87,0.0136327185244587,115.17241379310344
8039,263,0.012771021391460831,97.13688212927757
8040,6,0.0,35.333333333333336
8041,10,0.0,128.8
8042,35,0.005042016806722689,71.94285714285714
8043,11,0.01818181818181818,63.63636363636363
8044,28,0.013227513227513227,98.32142857142857
8045,30,0.016091954022988506,115.63333333333334
8046,24,0.0036231884057971015,72.375
8047,2,0.0,29.0
8048,14,0.02197802197802198,114.42857142857143
8049,23,0.039525691699604744,147.1304347826087
8050,3,0.0,29.0
8051,55,0.026262626262626262,119.87272727272727
8052,1,0.0,8.0
8053,15,0.009523809523809525,73.06666666666666
8054,36,0.01904761904761905,93.30555555555556
8055,9,0.0,74.66666666666667
8056,22,0.017316017316017316,134.54545454545453
8057,23,0.019762845849802372,124.04347826086956
8058,38,0.007112375533428165,62.44736842105263
8059,7,0.0,59.714285714285715
8060,24,0.0036231884057971015,57.958333333333336
8061,32,0.034274193548387094,120.5
8062,44,0.023255813953488372,134.02272727272728
8063,82,0.011442336645588679,102.3780487804878
8064,50,0.00816326530612245,71.12
8065,1,0.0,15.0
8066,8,0.07142857142857142,124.875
8067,53,0.01451378809869376,98.81132075471699
8068,35,0.0067226890756302525,78.97142857142858
8069,17,0.007352941176470588,97.70588235294117
8070,8,0.03571428571428571,56.0
8071,15,0.02857142857142857,139.2
8072,110,0.008340283569641367,82.84545454545454
8073,10,0.0,89.9
8074,55,0.007407407407407408,80.12727272727273
8075,18,0.006535947712418301,158.05555555555554
8076,13,0.01282051282051282,72.84615384615384
8077,75,0.023063063063063063,117.44
8078,14,0.04395604395604396,86.42857142857143
8079,22,0.004329004329004329,109.95454545454545
8080,5,0.0,225.8
8081,17,0.0,76.58823529411765
8082,1,0.0,81.0
8083,11,0.01818181818181818,112.54545454545455
8084,34,0.0071301247771836,62.088235294117645
8085,12,0.045454545454545456,116.83333333333333
8086,8,0.0,75.625
8087,24,0.021739130434782608,95.70833333333333
8088,28,0.013227513227513227,59.75
8089,9,0.0,130.88888888888889
8090,4,0.0,44.75
8091,36,0.012698412698412698,92.5
8092,301,0.010387596899224806,93.72093023255815
8093,28,0.005291005291005291,76.39285714285714
8094,15,0.0,67.46666666666667
8095,17,0.007352941176470588,57.588235294117645
8096,2,0.0,54.5
8097,36,0.011111111111111112,72.33333333333333
8098,0,0.0,0.0
8099,22,0.025974025974025976,120.86363636363636
8100,76,0.017894736842105262,108.90789473684211
8101,50,0.0163265306122449,114.52
8102,6,0.0,99.66666666666667
8103,34,0.0142602495543672,78.70588235294117
8104,52,0.006787330316742082,70.96153846153847
8105,2,0.0,15.5
8106,4,0.0,28.75
8107,16,0.0,87.8125
8108,18,0.013071895424836602,121.88888888888889
8109,52,0.026395173453996983,142.90384615384616
8110,96,0.009868421052631578,86.04166666666667
8111,1,0.0,5.0
8112,14,0.01098901098901099,92.57142857142857
8113,73,0.0136986301369863,112.13698630136986
8114,4,0.0,109.5
8115,3,0.0,144.66666666666666
8116,2,0.0,73.5
8117,62,0.012162876784769964,103.29032258064517
8118,1,0.0,32.0
8119,1,0.0,233.0
8120,10,0.0,89.0
8121,6,0.06666666666666667,92.83333333333333
8122,2,0.0,52.5
8123,39,0.008097165991902834,99.43589743589743
8124,24,0.007246376811594203,88.375
8125,23,0.003952569169960474,84.34782608695652
8126,11,0.0,70.63636363636364
8127,27,0.017094017094017096,109.85185185185185
8128,1,0.0,9.0
8129,59,0.0070134424313267095,89.40677966101696
8130,2,0.0,47.0
8131,21,0.009523809523809525,78.0952380952381
8132,18,0.013071895424836602,81.88888888888889
8133,4,0.0,55.0
8134,5,0.0,36.0
8135,27,0.005698005698005698,66.37037037037037
8136,7,0.0,55.285714285714285
8137,20,0.0,103.05
8138,16,0.0,56.25
8139,18,0.026143790849673203,94.11111111111111
8140,3,0.0,33.0
8141,24,0.021739130434782608,110.58333333333333
8142,1,0.0,398.0
8143,3,0.0,84.0
8144,3,0.0,45.333333333333336
8145,40,0.011538461538461539,96.2
8146,235,0.016148390616475723,111.28936170212766
8147,11,0.0,113.72727272727273
8148,7,0.09523809523809523,250.42857142857142
8149,14,0.0,33.214285714285715
8150,16,0.016666666666666666,74.6875
8151,0,0.0,0.0
8152,22,0.008658008658008658,77.81818181818181
8153,26,0.009230769230769232,106.76923076923077
8154,3,0.0,26.666666666666668
8155,14,0.01098901098901099,81.64285714285714
8156,3,0.0,162.33333333333334
8157,29,0.007389162561576354,81.72413793103448
8158,64,0.00992063492063492,98.609375
8159,24,0.010869565217391304,80.375
8160,12,0.0,103.25
8161,27,0.002849002849002849,87.4074074074074
8162,1,0.0,634.0
8163,25,0.016666666666666666,123.6
8164,61,0.011475409836065573,95.0327868852459
8165,3,0.0,124.0
8166,12,0.015151515151515152,168.08333333333334
8167,1,0.0,14.0
8168,65,0.01201923076923077,98.61538461538461
8169,10,0.0,62.8
8170,72,0.011737089201877934,91.45833333333333
8171,6,0.0,89.5
8172,59,0.015780245470485097,114.64406779661017
8173,35,0.0067226890756302525,106.85714285714286
8174,39,0.020242914979757085,133.43589743589743
8175,14,0.01098901098901099,117.57142857142857
8176,3,0.0,71.0
8177,18,0.0,50.166666666666664
8178,3,0.0,99.33333333333333
8179,14,0.0,102.14285714285714
8180,13,0.05128205128205128,114.38461538461539
8181,190,0.017321080478975216,110.66842105263157
8182,10,0.022222222222222223,101.7
8183,0,0.0,0.0
8184,11,0.01818181818181818,82.0909090909091
8185,14,0.04395604395604396,166.5
8186,3,0.3333333333333333,66.33333333333333
8187,5,0.0,76.6
8188,11,0.01818181818181818,90.72727272727273
8189,6,0.06666666666666667,50.166666666666664
8190,11,0.01818181818181818,71.36363636363636
8191,31,0.004301075268817204,84.80645161290323
8192,2,0.0,140.5
8193,16,0.0,72.4375
8194,26,0.006153846153846154,83.57692307692308
8195,30,0.013793103448275862,90.33333333333333
8196,11,0.01818181818181818,77.81818181818181
8197,29,0.007389162561576354,99.24137931034483
8198,17,0.007352941176470588,165.11764705882354
8199,67,0.010402532790592492,99.08955223880596
8200,64,0.006448412698412698,69.375
8201,46,0.011594202898550725,106.1304347826087
8202,93,0.009817671809256662,88.40860215053763
8203,1,0.0,180.0
8204,2,0.0,105.5
8205,9,0.0,117.11111111111111
8206,6,0.0,122.33333333333333
8207,29,0.0049261083743842365,86.51724137931035
8208,6,0.0,73.5
8209,160,0.015172955974842767,99.75625
8210,17,0.029411764705882353,130.8235294117647
8211,17,0.007352941176470588,67.82352941176471
8212,8,0.0,58.0
8213,228,0.009660715665816524,90.11842105263158
8214,61,0.019672131147540985,116.55737704918033
8215,19,0.011695906432748537,82.52631578947368
8216,13,0.0,57.84615384615385
8217,29,0.014778325123152709,94.3103448275862
8218,0,0.0,0.0
8219,134,0.008977668050723824,83.52985074626865
8220,52,0.010558069381598794,85.03846153846153
8221,3,0.0,21.333333333333332
8222,33,0.013257575757575758,90.66666666666667
8223,7,0.0,70.0
8224,12,0.015151515151515152,115.08333333333333
8225,8,0.0,52.0
8226,0,0.0,0.0
8227,51,0.008627450980392156,84.94117647058823
8228,5,0.0,43.0
8229,130,0.015503875968992248,104.8923076923077
8230,29,0.009852216748768473,72.62068965517241
8231,19,0.0,62.26315789473684
8232,67,0.009497964721845319,96.08955223880596
8233,6,0.0,76.66666666666667
8234,80,0.015822784810126583,120.1
8235,4,0.0,66.75
8236,5,0.0,44.4
8237,71,0.01488933601609658,114.52112676056338
8238,51,0.010980392156862745,87.92156862745098
8239,2,1.0,133.0
8240,4,0.0,236.25
8241,0,0.0,0.0
8242,42,0.018583042973286876,88.0952380952381
8243,105,0.008791208791208791,77.15238095238095
8244,28,0.0026455026455026454,70.32142857142857
8245,26,0.006153846153846154,92.5
8246,2,0.0,171.0
8247,9,0.0,51.111111111111114
8248,16,0.008333333333333333,72.1875
8249,1,0.0,57.0
8250,154,0.01680672268907563,116.15584415584415
8251,2,0.0,36.0
8252,15,0.009523809523809525,82.53333333333333
8253,53,0.005805515239477504,72.9622641509434
8254,50,0.008979591836734694,79.58
8255,2,0.0,40.5
8256,5,0.1,93.6
8257,113,0.013432364096080911,104.53982300884955
8258,37,0.010510510510510511,82.29729729729729
8259,1,0.0,103.0
8260,112,0.006595881595881596,83.8125
8261,50,0.013877551020408163,88.38
8262,0,0.0,0.0
8263,26,0.003076923076923077,84.53846153846153
8264,11,0.01818181818181818,81.36363636363636
8265,39,0.008097165991902834,74.25641025641026
8266,39,0.014844804318488529,78.38461538461539
8267,25,0.0,64.16
8268,20,0.005263157894736842,61.1
8269,36,0.015873015873015872,90.61111111111111
8270,39,0.004048582995951417,83.87179487179488
8271,110,0.009674728940783986,91.06363636363636
8272,3,0.0,90.0
8273,26,0.012307692307692308,105.38461538461539
8274,9,0.0,75.66666666666667
8275,2,0.0,26.0
8276,31,0.015053763440860216,81.41935483870968
8277,7,0.0,77.42857142857143
8278,5,0.0,135.6
8279,7,0.047619047619047616,177.0
8280,4,0.16666666666666666,163.75
8281,29,0.014778325123152709,84.75862068965517
8282,7,0.0,95.71428571428571
8283,22,0.0,55.86363636363637
8284,6,0.0,85.66666666666667
8285,0,0.0,0.0
8286,1,0.0,82.0
8287,0,0.0,0.0
8288,2,1.0,910.0
8289,65,0.007211538461538462,79.75384615384615
8290,15,0.0,57.06666666666667
8291,32,0.008064516129032258,93.1875
8292,16,0.008333333333333333,52.0
8293,37,0.015015015015015015,99.37837837837837
8294,18,0.013071895424836602,105.83333333333333
8295,15,0.01904761904761905,115.06666666666666
8296,5,0.0,66.4
8297,1,0.0,38.0
8298,36,0.011111111111111112,102.61111111111111
8299,29,0.014778325123152709,103.58620689655173
8300,29,0.029556650246305417,143.9655172413793
8301,27,0.014245014245014245,110.74074074074075
8302,29,0.0049261083743842365,106.27586206896552
8303,4,0.0,29.25
8304,78,0.007992007992007992,68.14102564102564
8305,63,0.02048131080389145,137.6031746031746
8306,6,0.0,75.0
8307,38,0.005689900426742532,67.84210526315789
8308,2,0.0,34.5
8309,6,0.0,85.5
8310,57,0.005012531328320802,64.91228070175438
8311,31,0.0064516129032258064,66.29032258064517
8312,19,0.005847953216374269,84.15789473684211
8313,10,0.022222222222222223,121.9
8314,154,0.013156777862660216,91.9090909090909
8315,19,0.017543859649122806,115.94736842105263
8316,18,0.0196078431372549,126.5
8317,17,0.022058823529411766,59.11764705882353
8318,8,0.0,79.625
8319,83,0.00969732588892154,87.46987951807229
8320,5,0.0,88.4
8321,35,0.005042016806722689,67.37142857142857
8322,21,0.004761904761904762,103.85714285714286
8323,69,0.01918158567774936,121.89855072463769
8324,2,0.0,41.0
8325,26,0.012307692307692308,91.76923076923077
8326,22,0.008658008658008658,81.0909090909091
8327,136,0.013289760348583878,97.38235294117646
8328,6,0.06666666666666667,84.66666666666667
8329,37,0.009009009009009009,93.29729729729729
8330,8,0.03571428571428571,84.25
8331,6,0.0,118.83333333333333
8332,4,0.0,237.25
8333,43,0.012181616832779624,96.69767441860465
8334,50,0.011428571428571429,108.38
8335,2,0.0,15.0
8336,6,0.06666666666666667,59.666666666666664
8337,22,0.0,108.18181818181819
8338,43,0.015503875968992248,128.69767441860466
8339,20,0.005263157894736842,71.1
8340,0,0.0,0.0
8341,10,0.0,59.5
8342,9,0.027777777777777776,143.88888888888889
8343,11,0.0,66.0909090909091
8344,5,0.0,84.2
8345,81,0.013888888888888888,105.69135802469135
8346,8,0.0,101.875
8347,16,0.016666666666666666,60.0625
8348,3,0.0,47.666666666666664
8349,17,0.0,113.82352941176471
8350,0,0.0,0.0
8351,9,0.027777777777777776,57.44444444444444
8352,11,0.01818181818181818,80.0
8353,45,0.00909090909090909,84.15555555555555
8354,6,0.0,37.0
8355,9,0.0,48.111111111111114
8356,13,0.01282051282051282,57.23076923076923
8357,73,0.012557077625570776,105.94520547945206
8358,27,0.005698005698005698,76.85185185185185
8359,8,0.0,64.125
8360,7,0.047619047619047616,53.285714285714285
8361,2,0.0,7.5
8362,170,0.012391228680821442,93.51764705882353
8363,26,0.012307692307692308,83.73076923076923
8364,99,0.011337868480725623,95.03030303030303
8365,5,0.0,43.6
8366,9,0.0,85.11111111111111
8367,73,0.014079147640791476,95.76712328767124
8368,25,0.013333333333333334,85.52
8369,5,0.0,31.4
8370,20,0.03684210526315789,164.7
8371,25,0.01,90.32
8372,63,0.013312852022529442,99.19047619047619
8373,128,0.021038385826771654,133.8125
8374,137,0.015242593387720051,108.2043795620438
8375,34,0.012477718360071301,89.11764705882354
8376,43,0.021040974529346623,151.5581395348837
8377,96,0.01732456140350877,102.71875
8378,52,0.00980392156862745,94.0576923076923
8379,74,0.015920029618659754,95.27027027027027
8380,9,0.0,148.11111111111111
8381,16,0.016666666666666666,86.4375
8382,12,0.0,84.66666666666667
8383,9,0.0,68.44444444444444
8384,17,0.014705882352941176,81.94117647058823
8385,21,0.03333333333333333,151.04761904761904
8386,1,0.0,127.0
8387,9,0.027777777777777776,133.44444444444446
8388,10,0.022222222222222223,115.7
8389,52,0.00980392156862745,82.48076923076923
8390,97,0.015893470790378006,122.80412371134021
8391,28,0.005291005291005291,89.89285714285714
8392,20,0.015789473684210527,110.15
8393,79,0.014281077572216814,92.43037974683544
8394,11,0.0,82.81818181818181
8395,27,0.005698005698005698,66.96296296296296
8396,14,0.04395604395604396,131.14285714285714
8397,34,0.008912655971479501,87.17647058823529
8398,44,0.0021141649048625794,81.77272727272727
8399,18,0.006535947712418301,82.55555555555556
8400,30,0.006896551724137931,79.5
8401,52,0.016591251885369532,86.96153846153847
8402,43,0.03322259136212625,140.30232558139534
8403,3,0.0,114.0
8404,64,0.015376984126984126,95.84375
8405,25,0.01,92.72
8406,9,0.0,62.77777777777778
8407,4,0.0,163.0
8408,84,0.012621916236374068,98.23809523809524
8409,333,0.01369441730887514,103.90390390390391
8410,40,0.008974358974358974,100.8
8411,122,0.015716027638531364,110.27049180327869
8412,47,0.013876040703052728,124.74468085106383
8413,90,0.020973782771535582,122.4
8414,46,0.025120772946859903,134.2608695652174
8415,159,0.017116471618501713,111.45911949685535
8416,0,0.0,0.0
8417,7,0.0,25.714285714285715
8418,9,0.0,82.33333333333333
8419,7,0.0,63.285714285714285
8420,60,0.012429378531073447,112.01666666666667
8421,74,0.01629026286560533,111.70270270270271
8422,12,0.0,72.91666666666667
8423,28,0.007936507936507936,68.78571428571429
8424,14,0.02197802197802198,98.42857142857143
8425,24,0.010869565217391304,98.45833333333333
8426,1,0.0,7.0
8427,41,0.004878048780487805,74.63414634146342
8428,17,0.022058823529411766,97.0
8429,13,0.0,80.07692307692308
8430,0,0.0,0.0
8431,9,0.027777777777777776,78.55555555555556
8432,4,0.0,125.5
8433,0,0.0,0.0
8434,2,0.0,40.5
8435,10,0.06666666666666667,142.3
8436,49,0.011054421768707483,99.57142857142857
8437,8,0.0,72.75
8438,9,0.0,29.666666666666668
8439,23,0.015810276679841896,103.0
8440,34,0.0071301247771836,77.97058823529412
8441,246,0.011382113821138212,92.2560975609756
8442,62,0.013220518244315178,107.74193548387096
8443,4,0.0,392.0
8444,1,0.0,106.0
8445,7,0.19047619047619047,459.85714285714283
8446,13,0.01282051282051282,109.0
8447,27,0.011396011396011397,98.88888888888889
8448,12,0.0,104.25
8449,183,0.013871374527112233,105.86338797814207
8450,7,0.0,108.28571428571429
8451,2,0.0,129.0
8452,2,0.0,94.5
8453,14,0.0,83.64285714285714
8454,8,0.0,60.0
8455,30,0.011494252873563218,106.6
8456,59,0.012857977790765635,83.54237288135593
8457,28,0.0026455026455026454,77.67857142857143
8458,13,0.01282051282051282,67.6923076923077
8459,28,0.007936507936507936,86.46428571428571
8460,79,0.01103537812398572,93.46835443037975
8461,4,0.0,313.25
8462,19,0.017543859649122806,208.31578947368422
8463,75,0.015855855855855857,114.85333333333334
8464,70,0.012008281573498964,106.14285714285714
8465,13,0.0,75.53846153846153
8466,54,0.011879804332634521,96.20370370370371
8467,46,0.020289855072463767,115.08695652173913
8468,61,0.012021857923497269,100.54098360655738
8469,15,0.01904761904761905,63.93333333333333
8470,62,0.010047593865679535,89.90322580645162
8471,1,0.0,17.0
8472,66,0.022377622377622378,131.06060606060606
8473,1,0.0,19.0
8474,25,0.023333333333333334,144.24
8475,16,0.008333333333333333,101.3125
8476,140,0.01171634121274409,98.64285714285714
8477,73,0.0076103500761035,93.57534246575342
8478,11,0.0,84.63636363636364
8479,17,0.0,82.0
8480,45,0.006060606060606061,79.15555555555555
8481,1,0.0,11.0
8482,6,0.0,62.833333333333336
8483,10,0.0,66.7
8484,12,0.0,58.75
8485,0,0.0,0.0
8486,6,0.0,82.33333333333333
8487,11,0.0,45.27272727272727
8488,49,0.012755102040816327,118.38775510204081
8489,14,0.03296703296703297,193.85714285714286
8490,12,0.0,100.25
8491,24,0.025362318840579712,115.375
8492,17,0.014705882352941176,93.47058823529412
8493,45,0.00909090909090909,95.11111111111111
8494,17,0.058823529411764705,244.41176470588235
8495,14,0.01098901098901099,62.92857142857143
8496,26,0.006153846153846154,76.26923076923077
8497,26,0.015384615384615385,60.26923076923077
8498,108,0.01955694011768778,130.35185185185185
8499,40,0.016666666666666666,138.4
8500,60,0.012994350282485875,84.48333333333333
8501,16,0.041666666666666664,145.625
8502,14,0.03296703296703297,219.28571428571428
8503,24,0.010869565217391304,77.83333333333333
8504,85,0.011764705882352941,89.63529411764706
8505,25,0.01,97.0
8506,4,0.0,25.5
8507,15,0.02857142857142857,117.13333333333334
8508,21,0.009523809523809525,92.33333333333333
8509,3,0.0,54.666666666666664
8510,6,0.0,107.66666666666667
8511,60,0.01807909604519774,124.13333333333334
8512,3,0.0,32.333333333333336
8513,4,0.0,191.0
8514,7,0.0,48.285714285714285
8515,47,0.011100832562442183,95.40425531914893
8516,18,0.0457516339869281,137.27777777777777
8517,36,0.023809523809523808,120.11111111111111
8518,8,0.0,92.875
8519,8,0.0,116.375
8520,81,0.009567901234567902,83.27160493827161
8521,3,0.0,81.66666666666667
8522,4,0.16666666666666666,160.5
8523,2,0.0,267.5
8524,2,0.0,195.0
8525,60,0.014124293785310734,101.76666666666667
8526,3,0.0,24.0
8527,209,0.013065881486934118,101.75598086124401
8528,133,0.016860332649806332,119.77443609022556
8529,46,0.03188405797101449,163.52173913043478
8530,27,0.005698005698005698,118.03703703703704
8531,98,0.014306753629286767,113.36734693877551
8532,0,0.0,0.0
8533,79,0.008438818565400843,88.13924050632912
8534,4,0.0,171.0
8535,6,0.06666666666666667,188.33333333333334
8536,16,0.008333333333333333,83.0
8537,136,0.017320261437908498,110.19117647058823
8538,29,0.0024630541871921183,95.48275862068965
8539,1,0.0,74.0
8540,145,0.010057471264367816,91.1655172413793
8541,0,0.0,0.0
8542,10,0.022222222222222223,131.5
8543,2,0.0,26.5
8544,17,0.014705882352941176,95.29411764705883
8545,13,0.02564102564102564,81.53846153846153
8546,35,0.021848739495798318,141.82857142857142
8547,5,0.0,60.0
8548,13,0.01282051282051282,62.61538461538461
8549,6,0.06666666666666667,98.0
8550,4,0.0,49.0
8551,3,0.0,47.666666666666664
8552,20,0.005263157894736842,71.3
8553,3,0.0,62.0
8554,2,0.0,98.5
8555,18,0.013071895424836602,80.77777777777777
8556,5,0.0,83.8
8557,89,0.01251276813074566,87.95505617977528
8558,0,0.0,0.0
8559,28,0.010582010582010581,83.42857142857143
8560,21,0.009523809523809525,108.04761904761905
8561,4,0.0,46.0
8562,9,0.027777777777777776,86.33333333333333
8563,19,0.005847953216374269,57.36842105263158
8564,26,0.012307692307692308,132.46153846153845
8565,25,0.01,109.92
8566,17,0.014705882352941176,67.47058823529412
8567,16,0.008333333333333333,144.75
8568,4,0.0,100.5
8569,4,0.0,67.0
8570,4,0.0,228.75
8571,154,0.013326542738307445,108.40259740259741
8572,12,0.0,81.0
8573,2,0.0,589.0
8574,50,0.024489795918367346,132.4
8575,17,0.007352941176470588,56.1764705882353
8576,22,0.012987012987012988,84.18181818181819
8577,29,0.03694581280788178,161.44827586206895
8578,3,0.0,19.666666666666668
8579,35,0.0067226890756302525,73.05714285714286
8580,45,0.00808080808080808,99.04444444444445
8581,16,0.008333333333333333,81.0625
8582,14,0.0,93.35714285714286
8583,5,0.0,27.6
8584,11,0.01818181818181818,167.9090909090909
8585,55,0.007407407407407408,74.92727272727272
8586,19,0.005847953216374269,78.15789473684211
8587,18,0.0,95.77777777777777
8588,15,0.01904761904761905,92.26666666666667
8589,24,0.018115942028985508,93.95833333333333
8590,46,0.014492753623188406,77.1304347826087
8591,2,0.0,185.0
8592,3,0.3333333333333333,208.0
8593,10,0.0,76.0
8594,13,0.0,52.07692307692308
8595,6,0.0,95.66666666666667
8596,44,0.021141649048625793,144.0681818181818
8597,2,0.0,22.0
8598,14,0.0,94.85714285714286
8599,39,0.004048582995951417,70.38461538461539
8600,138,0.013963821009203427,107.01449275362319
8601,4,0.0,224.0
8602,4,0.0,26.25
8603,0,0.0,0.0
8604,61,0.008743169398907104,80.36065573770492
8605,19,0.0,57.473684210526315
8606,10,0.0,54.4
8607,3,0.0,29.666666666666668
8608,10,0.0,48.0
8609,3,0.0,29.0
8610,10,0.0,43.8
8611,18,0.0196078431372549,78.0
8612,1,0.0,108.0
8613,17,0.0,84.88235294117646
8614,12,0.030303030303030304,121.25
8615,38,0.01422475106685633,106.23684210526316
8616,129,0.01308139534883721,108.47286821705427
8617,18,0.0,91.33333333333333
8618,21,0.004761904761904762,72.04761904761905
8619,35,0.013445378151260505,82.71428571428571
8620,40,0.02435897435897436,117.75
8621,46,0.017391304347826087,110.26086956521739
8622,59,0.011689070718877849,99.69491525423729
8623,1,0.0,3.0
8624,5,0.0,82.0
8625,68,0.00877963125548727,74.30882352941177
8626,15,0.0,31.933333333333334
8627,23,0.03557312252964427,132.52173913043478
8628,40,0.01282051282051282,99.45
8629,114,0.01319670858562335,106.44736842105263
8630,17,0.007352941176470588,67.05882352941177
8631,14,0.0,64.07142857142857
8632,4,0.0,26.25
8633,3,0.0,78.66666666666667
8634,6,0.0,63.666666666666664
8635,11,0.0,103.36363636363636
8636,180,0.010986964618249535,95.46666666666667
8637,94,0.023793182338137726,130.43617021276594
8638,0,0.0,0.0
8639,4,0.16666666666666666,68.5
8640,16,0.025,73.5
8641,6,0.0,99.5
8642,42,0.009291521486643438,101.66666666666667
8643,19,0.03508771929824561,162.6315789473684
8644,31,0.010752688172043012,80.03225806451613
8645,2,1.0,277.0
8646,14,0.01098901098901099,136.28571428571428
8647,61,0.017486338797814208,113.49180327868852
8648,2,0.0,63.5
8649,5,0.0,104.2
8650,14,0.0,51.42857142857143
8651,54,0.006289308176100629,69.44444444444444
8652,190,0.014313561681982735,108.75263157894737
8653,44,0.017970401691331923,122.75
8654,2,0.0,20.0
8655,17,0.0,75.0
8656,26,0.015384615384615385,71.07692307692308
8657,27,0.022792022792022793,119.74074074074075
8658,61,0.019672131147540985,132.1639344262295
8659,10,0.0,89.1
8660,10,0.0,103.2
8661,52,0.012066365007541479,113.0576923076923
8662,41,0.01707317073170732,105.48780487804878
8663,48,0.012411347517730497,93.1875
8664,39,0.017543859649122806,117.61538461538461
8665,37,0.0045045045045045045,97.75675675675676
8666,22,0.025974025974025976,116.22727272727273
8667,1,0.0,40.0
8668,1,0.0,21.0
8669,39,0.006747638326585695,75.23076923076923
8670,21,0.0,53.95238095238095
8671,96,0.011842105263157895,100.05208333333333
8672,12,0.015151515151515152,126.5
8673,3,0.0,99.33333333333333
8674,15,0.009523809523809525,83.4
8675,10,0.0,58.1
8676,55,0.006734006734006734,79.6
8677,79,0.016877637130801686,111.78481012658227
8678,22,0.0,65.31818181818181
8679,50,0.015510204081632653,101.44
8680,57,0.010651629072681704,82.24561403508773
8681,27,0.011396011396011397,85.33333333333333
8682,87,0.014969259556268377,109.47126436781609
8683,10,0.0,75.1
8684,6,0.0,52.666666666666664
8685,38,0.00995732574679943,68.13157894736842
8686,93,0.010518934081346423,94.05376344086021
8687,4,0.0,68.5
8688,4,0.0,41.25
8689,10,0.0,59.9
8690,6,0.0,113.5
8691,43,0.008859357696566999,94.53488372093024
8692,29,0.0024630541871921183,80.10344827586206
8693,210,0.01594896331738437,110.76666666666667
8694,21,0.0,106.95238095238095
8695,7,0.0,105.85714285714286
8696,11,0.0,77.0909090909091
8697,11,0.0,55.0
8698,20,0.010526315789473684,93.3
8699,6,0.0,68.33333333333333
8700,5,0.1,27.4
8701,3,0.3333333333333333,21.666666666666668
8702,36,0.01746031746031746,93.44444444444444
8703,1,0.0,62.0
8704,11,0.0,110.0
8705,20,0.010526315789473684,96.55
8706,39,0.004048582995951417,68.38461538461539
8707,5,0.0,57.2
8708,9,0.0,52.77777777777778
8709,5,0.0,118.0
8710,28,0.015873015873015872,86.25
8711,13,0.02564102564102564,106.0
8712,7,0.047619047619047616,107.85714285714286
8713,16,0.008333333333333333,108.125
8714,7,0.0,116.71428571428571
8715,3,0.0,45.666666666666664
8716,22,0.012987012987012988,160.86363636363637
8717,21,0.0,71.52380952380952
8718,15,0.009523809523809525,106.26666666666667
8719,6,0.0,41.333333333333336
8720,2,0.0,13.5
8721,9,0.0,70.22222222222223
8722,21,0.004761904761904762,80.66666666666667
8723,12,0.015151515151515152,189.5
8724,22,0.012987012987012988,116.45454545454545
8725,6,0.06666666666666667,103.5
8726,22,0.012987012987012988,84.31818181818181
8727,6,0.0,52.5
8728,5,0.0,38.0
8729,10,0.0,54.2
8730,23,0.011857707509881422,122.08695652173913
8731,1,0.0,160.0
8732,87,0.019513499064421277,126.16091954022988
8733,38,0.015647226173541962,79.94736842105263
8734,84,0.015777395295467584,117.96428571428571
8735,31,0.008602150537634409,96.7741935483871
8736,21,0.004761904761904762,57.57142857142857
8737,68,0.021949078138718173,106.67647058823529
8738,32,0.006048387096774193,77.4375
8739,29,0.009852216748768473,141.20689655172413
8740,65,0.007211538461538462,77.9076923076923
8741,9,0.0,116.55555555555556
8742,37,0.006006006006006006,101.67567567567568
8743,27,0.002849002849002849,85.81481481481481
8744,17,0.04411764705882353,178.58823529411765
8745,110,0.00817347789824854,82.87272727272727
8746,21,0.01904761904761905,125.52380952380952
8747,19,0.017543859649122806,90.6842105263158
8748,5,0.0,77.6
8749,30,0.016091954022988506,88.66666666666667
8750,5,0.0,78.2
8751,39,0.016194331983805668,111.87179487179488
8752,2,0.0,62.5
8753,2,0.0,24.5
8754,57,0.018170426065162906,122.96491228070175
8755,68,0.006584723441615452,84.92647058823529
8756,19,0.005847953216374269,69.89473684210526
8757,33,0.007575757575757576,82.66666666666667
8758,29,0.012315270935960592,89.27586206896552
8759,134,0.014139827179890024,110.25373134328358
8760,26,0.009230769230769232,91.8076923076923
8761,10,0.0,57.0
8762,4,0.0,74.0
8763,2,0.0,95.0
8764,79,0.011684518013631937,87.92405063291139
8765,65,0.016346153846153847,98.73846153846154
8766,1,0.0,1.0
8767,1,0.0,73.0
8768,8,0.0,120.875
8769,69,0.0123614663256607,94.85507246376811
8770,0,0.0,0.0
8771,2,0.0,53.5
8772,1,0.0,1134.0
8773,3,0.0,90.33333333333333
8774,11,0.03636363636363636,154.63636363636363
8775,16,0.0,109.25
8776,9,0.0,97.44444444444444
8777,9,0.027777777777777776,49.666666666666664
8778,23,0.011857707509881422,137.04347826086956
8779,1,0.0,51.0
8780,9,0.027777777777777776,111.0
8781,27,0.02564102564102564,116.48148148148148
8782,32,0.010080645161290322,81.5625
8783,27,0.005698005698005698,106.96296296296296
8784,11,0.01818181818181818,128.1818181818182
8785,16,0.0,58.0
8786,3,0.0,36.666666666666664
8787,5,0.0,369.8
8788,1,0.0,50.0
8789,170,0.014061956143404107,99.57058823529412
8790,57,0.009398496240601503,84.15789473684211
8791,70,0.016563146997929608,113.44285714285714
8792,1,0.0,56.0
8793,45,0.012121212121212121,93.15555555555555
8794,14,0.01098901098901099,76.64285714285714
8795,13,0.0,89.84615384615384
8796,27,0.002849002849002849,53.851851851851855
8797,173,0.009745933593224896,89.42774566473989
8798,4,0.0,58.0
8799,233,0.011654580435104336,98.60944206008584
8800,2,0.0,132.0
8801,12,0.0,39.583333333333336
8802,0,0.0,0.0
8803,49,0.01870748299319728,118.16326530612245
8804,48,0.01152482269503546,93.91666666666667
8805,43,0.013289036544850499,109.79069767441861
8806,28,0.007936507936507936,80.25
8807,25,0.03,94.52
8808,5,0.0,77.4
8809,35,0.008403361344537815,111.94285714285714
8810,12,0.030303030303030304,156.33333333333334
8811,1,0.0,332.0
8812,23,0.007905138339920948,74.95652173913044
8813,15,0.01904761904761905,136.4
8814,15,0.02857142857142857,65.46666666666667
8815,3,0.0,286.6666666666667
8816,0,0.0,0.0
8817,13,0.01282051282051282,84.84615384615384
8818,18,0.013071895424836602,133.27777777777777
8819,10,0.022222222222222223,127.6
8820,17,0.022058823529411766,95.11764705882354
8821,112,0.011422136422136422,90.9375
8822,162,0.013342535081665517,101.76543209876543
8823,14,0.0,71.21428571428571
8824,28,0.013227513227513227,84.39285714285714
8825,29,0.009852216748768473,83.65517241379311
8826,76,0.006666666666666667,84.23684210526316
8827,38,0.01422475106685633,121.65789473684211
8828,13,0.0,88.61538461538461
8829,86,0.012311901504787962,100.15116279069767
8830,4,0.0,83.75
8831,8,0.0,76.0
8832,3,0.0,37.0
8833,2,0.0,45.5
8834,2,0.0,37.0
8835,14,0.01098901098901099,95.28571428571429
8836,2,0.0,71.5
8837,2,0.0,28.0
8838,30,0.004597701149425287,80.56666666666666
8839,12,0.015151515151515152,107.41666666666667
8840,6,0.0,68.66666666666667
8841,0,0.0,0.0
8842,25,0.01,63.4
8843,282,0.014361071149138083,103.6418439716312
8844,1,0.0,152.0
8845,41,0.024390243902439025,109.1219512195122
8846,25,0.03666666666666667,205.44
8847,4,0.0,130.75
8848,9,0.0,57.77777777777778
8849,11,0.0,27.363636363636363
8850,18,0.0196078431372549,105.5
8851,3,0.0,47.333333333333336
8852,107,0.009345794392523364,93.96261682242991
8853,7,0.0,143.57142857142858
8854,39,0.020242914979757085,120.8974358974359
8855,67,0.018091361374943465,107.0
8856,5,0.0,67.2
8857,20,0.005263157894736842,94.55
8858,39,0.010796221322537112,110.07692307692308
8859,1,0.0,40.0
8860,8,0.03571428571428571,91.75
8861,51,0.007058823529411765,101.94117647058823
8862,6,0.0,55.0
8863,49,0.008503401360544218,78.04081632653062
8864,0,0.0,0.0
8865,4,0.0,87.25
8866,41,0.01951219512195122,116.51219512195122
8867,36,0.0031746031746031746,66.5
8868,25,0.0,60.36
8869,21,0.009523809523809525,81.66666666666667
8870,64,0.013392857142857142,97.03125
8871,25,0.016666666666666666,143.04
8872,38,0.011379800853485065,88.0
8873,86,0.013132694938440492,100.34883720930233
8874,27,0.011396011396011397,125.11111111111111
8875,11,0.0,65.36363636363636
8876,14,0.0,75.21428571428571
8877,5,0.0,53.8
8878,1,0.0,37.0
8879,2,0.0,38.0
8880,0,0.0,0.0
8881,14,0.01098901098901099,125.14285714285714
8882,22,0.004329004329004329,84.18181818181819
8883,1,0.0,13.0
8884,4,0.0,55.75
8885,7,0.0,58.714285714285715
8886,41,0.01097560975609756,105.1219512195122
8887,2,0.0,89.0
8888,9,0.05555555555555555,112.66666666666667
8889,2,0.0,60.5
8890,7,0.0,56.857142857142854
8891,24,0.014492753623188406,77.875
8892,20,0.005263157894736842,84.3
8893,435,0.013549446474919222,102.29425287356322
8894,8,0.0,68.5
8895,2,0.0,43.0
8896,5,0.0,60.2
8897,72,0.020735524256651018,113.625
8898,30,0.016091954022988506,116.6
8899,36,0.009523809523809525,87.80555555555556
8900,29,0.0049261083743842365,126.3103448275862
8901,15,0.009523809523809525,74.86666666666666
8902,48,0.0070921985815602835,81.875
8903,75,0.012252252252252252,98.96
8904,0,0.0,0.0
8905,46,0.020289855072463767,110.82608695652173
8906,38,0.008534850640113799,90.39473684210526
8907,20,0.0,97.0
8908,50,0.004897959183673469,73.8
8909,37,0.009009009009009009,78.24324324324324
8910,20,0.005263157894736842,134.4
8911,17,0.022058823529411766,141.05882352941177
8912,7,0.0,23.714285714285715
8913,204,0.014730029943011688,100.8529411764706
8914,87,0.020315423683507083,118.40229885057471
8915,87,0.011494252873563218,92.85057471264368
8916,118,0.011734028683181226,90.17796610169492
8917,30,0.016091954022988506,150.93333333333334
8918,134,0.017955336101447648,107.74626865671642
8919,15,0.01904761904761905,59.0
8920,2,0.0,76.5
8921,50,0.014693877551020407,99.58
8922,4,0.0,65.75
8923,2,0.0,235.0
8924,0,0.0,0.0
8925,9,0.0,77.0
8926,21,0.0,63.42857142857143
8927,6,0.0,49.0
8928,4,0.0,87.0
8929,83,0.010872759330002939,83.96385542168674
8930,15,0.0,117.26666666666667
8931,59,0.0070134424313267095,82.30508474576271
8932,42,0.008130081300813009,91.64285714285714
8933,0,0.0,0.0
8934,43,0.015503875968992248,120.25581395348837
8935,91,0.023931623931623933,125.12087912087912
8936,8,0.0,40.25
8937,41,0.012195121951219513,89.0
8938,19,0.017543859649122806,111.3157894736842
8939,141,0.019756838905775075,123.95035460992908
8940,35,0.008403361344537815,87.4
8941,34,0.016042780748663103,128.41176470588235
8942,17,0.007352941176470588,111.05882352941177
8943,42,0.010452961672473868,92.04761904761905
8944,1,0.0,128.0
8945,1,0.0,313.0
8946,6,0.0,62.5
8947,17,0.0,61.588235294117645
8948,3,0.0,88.33333333333333
8949,13,0.038461538461538464,112.92307692307692
8950,17,0.03676470588235294,151.94117647058823
8951,31,0.01935483870967742,113.96774193548387
8952,84,0.011187607573149742,84.3452380952381
8953,5,0.0,98.4
8954,1,0.0,38.0
8955,86,0.014227086183310533,119.63953488372093
8956,12,0.07575757575757576,165.25
8957,2,0.0,32.0
8958,11,0.0,43.54545454545455
8959,7,0.0,147.57142857142858
8960,20,0.005263157894736842,52.55
8961,4,0.0,150.0
8962,8,0.0,88.0
8963,2,0.0,215.5
8964,22,0.021645021645021644,119.86363636363636
8965,7,0.0,119.28571428571429
8966,2,0.0,312.0
8967,6,0.0,49.5
8968,49,0.011054421768707483,108.71428571428571
8969,56,0.02077922077922078,109.10714285714286
8970,2,0.0,55.5
8971,2,0.0,423.5
8972,29,0.046798029556650245,156.72413793103448
8973,36,0.03015873015873016,155.08333333333334
8974,28,0.042328042328042326,147.71428571428572
8975,137,0.015457277801631602,111.69343065693431
8976,13,0.038461538461538464,196.76923076923077
8977,34,0.0053475935828877,65.55882352941177
8978,1,0.0,27.0
8979,6,0.06666666666666667,186.33333333333334
8980,5,0.0,104.8
8981,17,0.014705882352941176,109.88235294117646
8982,23,0.0,68.43478260869566
8983,99,0.013605442176870748,107.14141414141415
8984,13,0.01282051282051282,122.23076923076923
8985,5,0.0,70.0
8986,8,0.03571428571428571,59.0
8987,103,0.014658290500666285,91.06796116504854
8988,34,0.0106951871657754,99.05882352941177
8989,18,0.0392156862745098,188.38888888888889
8990,15,0.0,56.86666666666667
8991,39,0.016194331983805668,86.48717948717949
8992,36,0.009523809523809525,84.08333333333333
8993,100,0.007070707070707071,77.71
8994,6,0.0,99.5
8995,35,0.010084033613445379,81.8
8996,94,0.012811713566689545,96.72340425531915
8997,59,0.018702513150204558,94.13559322033899
8998,30,0.009195402298850575,97.56666666666666
8999,4,0.0,14.25
9000,126,0.014857142857142857,95.34920634920636
9001,9,0.08333333333333333,274.3333333333333
9002,82,0.017765733212887685,124.32926829268293
9003,26,0.021538461538461538,112.96153846153847
9004,44,0.006342494714587738,82.06818181818181
9005,44,0.014799154334038054,97.70454545454545
9006,67,0.012211668928086838,100.8955223880597
9007,1,0.0,134.0
9008,9,0.0,85.22222222222223
9009,7,0.0,53.714285714285715
9010,26,0.009230769230769232,130.1153846153846
9011,11,0.01818181818181818,87.63636363636364
9012,6,0.0,104.5
9013,6,0.0,51.333333333333336
9014,207,0.011491018244922846,92.8743961352657
9015,1,0.0,5.0
9016,4,0.16666666666666666,144.25
9017,38,0.015647226173541962,73.5
9018,5,0.0,165.2
9019,11,0.0,46.09090909090909
9020,82,0.016862390846130684,120.04878048780488
9021,15,0.01904761904761905,130.93333333333334
9022,3,0.0,239.33333333333334
9023,7,0.0,102.57142857142857
9024,5,0.0,86.6
9025,157,0.011840601012575535,100.21019108280255
9026,18,0.0196078431372549,97.72222222222223
9027,6,0.0,103.33333333333333
9028,24,0.018115942028985508,125.83333333333333
9029,0,0.0,0.0
9030,14,0.01098901098901099,85.21428571428571
9031,30,0.009195402298850575,98.8
9032,44,0.016913319238900635,111.27272727272727
9033,3,0.0,145.0
9034,2,0.0,60.5
9035,11,0.03636363636363636,94.72727272727273
9036,29,0.009852216748768473,70.0
9037,32,0.012096774193548387,109.75
9038,4,0.0,271.25
9039,76,0.01263157894736842,99.48684210526316
9040,2,0.0,41.5
9041,18,0.0,128.16666666666666
9042,22,0.012987012987012988,150.9090909090909
9043,8,0.0,88.5
9044,36,0.0031746031746031746,71.0
9045,5,0.1,146.4
9046,54,0.0069881201956673656,90.88888888888889
9047,29,0.03201970443349754,116.55172413793103
9048,24,0.010869565217391304,84.83333333333333
9049,5,0.1,109.6
9050,6,0.0,81.16666666666667
9051,2,0.0,96.5
9052,6,0.06666666666666667,238.33333333333334
9053,2,0.0,114.0
9054,28,0.007936507936507936,71.39285714285714
9055,0,0.0,0.0
9056,43,0.009966777408637873,84.23255813953489
9057,9,0.027777777777777776,94.44444444444444
9058,74,0.011847463902258423,108.22972972972973
9059,5,0.0,177.6
9060,54,0.014675052410901468,95.35185185185185
9061,5,0.0,41.4
9062,7,0.0,122.0
9063,11,0.0,89.72727272727273
9064,17,0.0,91.41176470588235
9065,19,0.005847953216374269,135.94736842105263
9066,1,0.0,25.0
9067,1,0.0,10.0
9068,24,0.025362318840579712,151.33333333333334
9069,3,0.0,56.0
9070,13,0.05128205128205128,108.38461538461539
9071,108,0.014710972654897889,105.95370370370371
9072,50,0.014693877551020407,85.6
9073,37,0.010510510510510511,74.4054054054054
9074,86,0.012859097127222982,112.01162790697674
9075,21,0.009523809523809525,60.42857142857143
9076,10,0.044444444444444446,224.2
9077,56,0.012987012987012988,79.23214285714286
9078,5,0.0,287.2
9079,4,0.0,26.5
9080,53,0.00725689404934688,71.77358490566037
9081,32,0.008064516129032258,86.4375
9082,38,0.007112375533428165,87.71052631578948
9083,1,0.0,125.0
9084,13,0.0,86.0
9085,14,0.0,57.357142857142854
9086,8,0.07142857142857142,70.75
9087,221,0.012546277252159605,97.10859728506787
9088,29,0.019704433497536946,115.55172413793103
9089,110,0.019349457881567972,109.1
9090,89,0.014555669050051073,110.29213483146067
9091,728,0.011907281164502622,96.54258241758242
9092,17,0.014705882352941176,115.0
9093,111,0.012121212121212121,96.49549549549549
9094,3,0.0,86.66666666666667
9095,34,0.0053475935828877,98.1470588235294
9096,1,0.0,388.0
9097,62,0.005288207297726071,96.69354838709677
9098,10,0.022222222222222223,97.1
9099,21,0.009523809523809525,67.28571428571429
9100,5,0.0,33.0
9101,19,0.011695906432748537,160.0
9102,4,0.0,46.75
9103,4,0.0,45.0
9104,1,0.0,8.0
9105,1,0.0,151.0
9106,44,0.012684989429175475,81.43181818181819
9107,2,0.0,110.5
9108,104,0.009335324869305451,82.23076923076923
9109,10,0.0,69.5
9110,166,0.013581599123767798,105.05421686746988
9111,4,0.0,97.75
9112,9,0.05555555555555555,117.77777777777777
9113,23,0.015810276679841896,93.34782608695652
9114,18,0.006535947712418301,76.77777777777777
9115,87,0.020315423683507083,146.64367816091954
9116,0,0.0,0.0
9117,1,0.0,16.0
9118,24,0.018115942028985508,79.0
9119,20,0.010526315789473684,89.7
9120,52,0.005279034690799397,64.84615384615384
9121,54,0.009783368273934312,82.22222222222223
9122,13,0.02564102564102564,62.46153846153846
9123,13,0.0,63.15384615384615
9124,13,0.038461538461538464,268.0
9125,39,0.05398110661268556,182.30769230769232
9126,22,0.012987012987012988,102.0
9127,11,0.0,38.63636363636363
9128,0,0.0,0.0
9129,46,0.012560386473429951,87.69565217391305
9130,89,0.007916241062308479,88.64044943820225
9131,38,0.012802275960170697,104.34210526315789
9132,1134,0.009433213316708463,85.33509700176367
9133,55,0.009427609427609427,96.92727272727272
9134,34,0.0106951871657754,81.23529411764706
9135,21,0.0,67.14285714285714
9136,18,0.006535947712418301,52.44444444444444
9137,9,0.027777777777777776,151.11111111111111
9138,13,0.01282051282051282,57.07692307692308
9139,51,0.014901960784313726,128.90196078431373
9140,18,0.026143790849673203,175.72222222222223
9141,10,0.022222222222222223,131.1
9142,8,0.0,68.625
9143,5,0.0,93.8
9144,10,0.044444444444444446,132.8
9145,14,0.0,80.5
9146,1,0.0,45.0
9147,20,0.021052631578947368,76.25
9148,0,0.0,0.0
9149,8,0.03571428571428571,59.125
9150,12,0.0,89.83333333333333
9151,4,0.0,567.75
9152,9,0.0,42.333333333333336
9153,94,0.011439029970258523,81.45744680851064
9154,16,0.008333333333333333,156.4375
9155,13,0.0,100.6923076923077
9156,21,0.009523809523809525,90.61904761904762
9157,163,0.013709005529046428,104.37423312883436
9158,373,0.01519213583556747,106.75067024128687
9159,11,0.0,55.81818181818182
9160,5,0.0,66.2
9161,66,0.021445221445221447,147.9848484848485
9162,74,0.011477230655312847,90.10810810810811
9163,46,0.02608695652173913,157.91304347826087
9164,10,0.0,150.4
9165,38,0.01991465149359886,118.94736842105263
9166,5,0.1,24.8
9167,3,0.0,94.33333333333333
9168,47,0.008325624421831638,86.0
9169,15,0.01904761904761905,166.26666666666668
9170,11,0.01818181818181818,61.09090909090909
9171,4,0.0,84.25
9172,133,0.015151515151515152,106.04511278195488
9173,15,0.009523809523809525,112.13333333333334
9174,18,0.0392156862745098,189.11111111111111
9175,2,0.0,71.0
9176,19,0.011695906432748537,88.84210526315789
9177,62,0.019037546271813855,114.33870967741936
9178,29,0.014778325123152709,81.55172413793103
9179,29,0.007389162561576354,84.75862068965517
9180,93,0.011921458625525946,95.03225806451613
9181,95,0.015005599104143338,98.0
9182,9,0.0,63.77777777777778
9183,30,0.011494252873563218,96.3
9184,73,0.011796042617960426,91.82191780821918
9185,1,0.0,79.0
9186,53,0.013788098693759071,131.9245283018868
9187,77,0.009569377990430622,105.9090909090909
9188,4,0.16666666666666666,242.0
9189,120,0.012605042016806723,95.49166666666666
9190,3,0.0,39.333333333333336
9191,42,0.015098722415795587,109.04761904761905
9192,21,0.009523809523809525,71.14285714285714
9193,3,0.0,122.33333333333333
9194,4,0.0,61.25
9195,2,0.0,43.0
9196,12,0.0,97.66666666666667
9197,3,0.0,67.66666666666667
9198,8,0.03571428571428571,179.5
9199,34,0.0142602495543672,128.91176470588235
9200,5,0.0,96.2
9201,189,0.012833502195204323,99.96825396825396
9202,12,0.015151515151515152,58.25
9203,1,0.0,38.0
9204,96,0.009429824561403509,74.82291666666667
9205,8,0.0,148.625
9206,5,0.0,100.6
9207,17,0.014705882352941176,123.47058823529412
9208,8,0.0,193.75
9209,7,0.0,53.0
9210,3,0.0,56.0
9211,11,0.0,60.81818181818182
9212,7,0.0,115.0
9213,16,0.008333333333333333,80.5625
9214,4,0.0,45.75
9215,5,0.0,204.8
9216,3,0.0,45.666666666666664
9217,14,0.01098901098901099,101.14285714285714
9218,30,0.004597701149425287,80.9
9219,14,0.01098901098901099,234.28571428571428
9220,22,0.017316017316017316,89.9090909090909
9221,13,0.01282051282051282,64.38461538461539
9222,10,0.0,83.9
9223,21,0.0,78.42857142857143
9224,12,0.030303030303030304,118.91666666666667
9225,24,0.014492753623188406,96.16666666666667
9226,2,0.0,65.5
9227,17,0.03676470588235294,108.70588235294117
9228,0,0.0,0.0
9229,280,0.017306707629288275,113.21785714285714
9230,15,0.01904761904761905,88.73333333333333
9231,40,0.01282051282051282,119.675
9232,251,0.015553784860557768,110.86055776892431
9233,6,0.0,98.83333333333333
9234,6,0.06666666666666667,111.33333333333333
9235,16,0.0,56.3125
9236,47,0.013876040703052728,105.97872340425532
9237,11,0.0,92.72727272727273
9238,68,0.010535557506584723,92.04411764705883
9239,18,0.006535947712418301,97.44444444444444
9240,17,0.022058823529411766,88.88235294117646
9241,30,0.011494252873563218,95.23333333333333
9242,14,0.02197802197802198,103.28571428571429
9243,243,0.011291364826718362,93.51440329218107
9244,12,0.015151515151515152,126.0
9245,17,0.029411764705882353,173.1764705882353
9246,3,0.0,21.0
9247,6,0.0,31.5
9248,0,0.0,0.0
9249,67,0.010854816824966078,95.98507462686567
9250,53,0.00725689404934688,72.75471698113208
9251,13,0.05128205128205128,119.07692307692308
9252,2,0.0,90.5
9253,108,0.008653513326410523,81.4074074074074
9254,33,0.007575757575757576,58.15151515151515
9255,12,0.0,93.08333333333333
9256,14,0.0,73.85714285714286
9257,36,0.012698412698412698,83.97222222222223
9258,234,0.01166501595686145,97.11111111111111
9259,64,0.020833333333333332,119.796875
9260,46,0.015458937198067632,107.6086956521739
9261,17,0.0,88.29411764705883
9262,9,0.0,65.88888888888889
9263,1,0.0,113.0
9264,8,0.0,81.875
9265,11,0.0,72.63636363636364
9266,0,0.0,0.0
9267,3,0.0,89.0
9268,3,0.0,52.0
9269,3,0.0,70.33333333333333
9270,10,0.0,53.6
9271,0,0.0,0.0
9272,95,0.009406494960806271,81.97894736842105
9273,40,0.0038461538461538464,70.025
9274,48,0.026595744680851064,131.83333333333334
9275,30,0.02528735632183908,132.46666666666667
9276,52,0.015082956259426848,82.61538461538461
9277,4,0.3333333333333333,235.5
9278,110,0.013344453711426188,103.68181818181819
9279,64,0.009424603174603174,87.125
9280,53,0.015965166908563134,87.56603773584905
9281,0,0.0,0.0
9282,87,0.007484629778134189,84.44827586206897
9283,104,0.01176250933532487,99.0576923076923
9284,27,0.017094017094017096,135.44444444444446
9285,15,0.0,63.46666666666667
9286,5,0.1,175.0
9287,4,0.0,81.0
9288,124,0.013506425386834513,106.65322580645162
9289,33,0.022727272727272728,126.21212121212122
9290,172,0.015299877600979192,109.81976744186046
9291,7,0.0,56.857142857142854
9292,31,0.002150537634408602,83.2258064516129
9293,8,0.07142857142857142,131.875
9294,6,0.0,69.16666666666667
9295,68,0.010535557506584723,95.63235294117646
9296,1,0.0,65.0
9297,6,0.0,60.833333333333336
9298,0,0.0,0.0
9299,42,0.018583042973286876,88.0
9300,1,0.0,19.0
9301,17,0.014705882352941176,79.52941176470588
9302,18,0.0,92.55555555555556
9303,5,0.0,107.2
9304,3,0.0,63.333333333333336
9305,11,0.01818181818181818,69.54545454545455
9306,2,0.0,19.5
9307,20,0.02631578947368421,151.9
9308,18,0.0196078431372549,139.77777777777777
9309,53,0.012336719883889695,99.83018867924528
9310,31,0.01935483870967742,99.29032258064517
9311,12,0.07575757575757576,166.5
9312,9,0.0,87.11111111111111
9313,23,0.003952569169960474,117.04347826086956
9314,10,0.0,68.0
9315,13,0.0,88.23076923076923
9316,56,0.007142857142857143,66.96428571428571
9317,6,0.0,41.666666666666664
9318,599,0.014427613469494865,104.96494156928213
9319,279,0.015033134782496583,109.57706093189964
9320,38,0.015647226173541962,110.07894736842105
9321,160,0.014308176100628931,97.60625
9322,138,0.014281180577594414,103.6304347826087
9323,12,0.0,84.75
9324,31,0.017204301075268817,118.25806451612904
9325,0,0.0,0.0
9326,32,0.010080645161290322,92.28125
9327,18,0.0,84.55555555555556
9328,12,0.0,68.0
9329,1,0.0,114.0
9330,8,0.0,88.75
9331,19,0.0,66.6842105263158
9332,47,0.02682701202590194,149.2127659574468
9333,49,0.011904761904761904,100.16326530612245
9334,15,0.0,94.66666666666667
9335,6,0.0,92.5
9336,7,0.0,123.28571428571429
9337,16,0.0,80.6875
9338,9,0.05555555555555555,138.66666666666666
9339,24,0.018115942028985508,120.20833333333333
9340,1,0.0,7.0
9341,26,0.03076923076923077,106.57692307692308
9342,17,0.007352941176470588,73.17647058823529
9343,8,0.0,61.375
9344,44,0.015856236786469344,121.54545454545455
9345,3,0.0,68.0
9346,19,0.005847953216374269,45.78947368421053
9347,19,0.017543859649122806,113.78947368421052
9348,10,0.0,69.9
9349,7,0.0,96.85714285714286
9350,3,0.0,29.333333333333332
9351,34,0.0106951871657754,64.70588235294117
9352,6,0.06666666666666667,196.66666666666666
9353,66,0.024242424242424242,129.46969696969697
9354,3,0.0,70.66666666666667
9355,3,0.0,143.66666666666666
9356,7,0.047619047619047616,99.42857142857143
9357,2,0.0,48.0
9358,38,0.017069701280227598,112.63157894736842
9359,8,0.0,33.125
9360,4,0.0,286.0
9361,3,0.0,189.66666666666666
9362,5,0.0,68.0
9363,49,0.011904761904761904,100.42857142857143
9364,14,0.0,48.714285714285715
9365,11,0.03636363636363636,166.1818181818182
9366,41,0.015853658536585366,86.21951219512195
9367,88,0.019331243469174503,110.4090909090909
9368,27,0.005698005698005698,74.14814814814815
9369,75,0.018738738738738738,105.38666666666667
9370,33,0.01893939393939394,121.75757575757575
9371,4,0.0,103.25
9372,4,0.0,73.75
9373,169,0.012961397576782193,106.82840236686391
9374,36,0.022222222222222223,111.44444444444444
9375,40,0.017948717948717947,109.325
9376,18,0.006535947712418301,92.22222222222223
9377,66,0.008391608391608392,75.10606060606061
9378,21,0.023809523809523808,92.14285714285714
9379,26,0.015384615384615385,106.76923076923077
9380,24,0.014492753623188406,85.66666666666667
9381,47,0.010175763182238668,113.91489361702128
9382,54,0.005590496156533892,66.96296296296296
9383,6,0.0,93.66666666666667
9384,14,0.01098901098901099,120.64285714285714
9385,30,0.006896551724137931,71.83333333333333
9386,14,0.01098901098901099,112.64285714285714
9387,12,0.015151515151515152,122.25
9388,51,0.012549019607843137,85.15686274509804
9389,19,0.005847953216374269,84.84210526315789
9390,4,0.0,83.25
9391,8,0.0,83.75
9392,50,0.007346938775510204,77.82
9393,18,0.0,77.33333333333333
9394,6,0.0,89.0
9395,110,0.011676396997497914,86.52727272727273
9396,18,0.006535947712418301,68.83333333333333
9397,91,0.01221001221001221,98.57142857142857
9398,73,0.014840182648401826,104.71232876712328
9399,9,0.027777777777777776,106.88888888888889
9400,50,0.013877551020408163,89.3
9401,49,0.02465986394557823,131.28571428571428
9402,22,0.004329004329004329,69.27272727272727
9403,16,0.016666666666666666,140.875
9404,22,0.021645021645021644,117.86363636363636
9405,48,0.024822695035460994,141.125
9406,3,0.0,81.33333333333333
9407,26,0.012307692307692308,114.38461538461539
9408,69,0.011935208866155157,72.43478260869566
9409,9,0.0,44.77777777777778
9410,6,0.0,53.333333333333336
9411,8,0.0,82.375
9412,12,0.0,87.16666666666667
9413,33,0.013257575757575758,111.9090909090909
9414,25,0.03333333333333333,165.44
9415,25,0.013333333333333334,89.04
9416,1,0.0,28.0
9417,13,0.0,86.92307692307692
9418,3,0.0,61.666666666666664
9419,5,0.0,81.0
9420,7,0.0,225.0
9421,40,0.005128205128205128,96.375
9422,45,0.01818181818181818,99.2
9423,9,0.0,64.33333333333333
9424,10,0.0,116.9
9425,2,0.0,28.0
9426,31,0.023655913978494623,125.03225806451613
9427,13,0.01282051282051282,110.3076923076923
9428,4,0.16666666666666666,413.25
9429,7,0.047619047619047616,55.0
9430,81,0.011728395061728396,99.32098765432099
9431,27,0.005698005698005698,72.29629629629629
9432,108,0.014018691588785047,104.31481481481481
9433,23,0.015810276679841896,87.43478260869566
9434,82,0.01656127672387835,122.51219512195122
9435,5,0.0,79.0
9436,12,0.0,83.0
9437,9,0.0,77.88888888888889
9438,39,0.018893387314439947,119.07692307692308
9439,41,0.007317073170731708,72.1219512195122
9440,83,0.014105201292976785,98.04819277108433
9441,37,0.012012012012012012,86.91891891891892
9442,43,0.017718715393133997,112.5813953488372
9443,19,0.011695906432748537,88.3157894736842
9444,11,0.0,64.72727272727273
9445,96,0.008114035087719297,86.17708333333333
9446,33,0.007575757575757576,96.3030303030303
9447,7,0.0,115.42857142857143
9448,6,0.0,216.83333333333334
9449,0,0.0,0.0
9450,1,0.0,29.0
9451,71,0.013279678068410463,90.47887323943662
9452,47,0.0064754856614246065,79.36170212765957
9453,5,0.0,69.0
9454,7,0.0,38.42857142857143
9455,465,0.012921764923989618,100.41935483870968
9456,8,0.0,61.125
9457,5,0.0,76.4
9458,0,0.0,0.0
9459,44,0.014799154334038054,120.11363636363636
9460,0,0.0,0.0
9461,23,0.0,71.52173913043478
9462,5,0.1,206.6
9463,13,0.038461538461538464,162.23076923076923
9464,34,0.023172905525846704,118.94117647058823
9465,5,0.0,69.8
9466,97,0.0156786941580756,103.11340206185567
9467,1,0.0,1480.0
9468,76,0.015789473684210527,107.4342105263158
9469,3,0.0,108.0
9470,4,0.0,28.25
9471,13,0.01282051282051282,89.46153846153847
9472,20,0.02631578947368421,178.35
9473,10,0.0,140.4
9474,39,0.01349527665317139,81.2051282051282
9475,120,0.012605042016806723,93.81666666666666
9476,8,0.0,132.625
9477,3,0.0,46.333333333333336
9478,7,0.047619047619047616,128.28571428571428
9479,18,0.0,81.05555555555556
9480,18,0.0,94.22222222222223
9481,2,0.0,84.0
9482,12,0.0,102.41666666666667
9483,39,0.009446693657219974,103.53846153846153
9484,28,0.018518518518518517,125.10714285714286
9485,38,0.00995732574679943,81.47368421052632
9486,86,0.015868673050615595,94.40697674418605
9487,19,0.005847953216374269,59.89473684210526
9488,6,0.0,147.16666666666666
9489,5,0.1,238.2
9490,37,0.0015015015015015015,72.48648648648648
9491,4,0.0,68.75
9492,47,0.011100832562442183,82.72340425531915
9493,5,0.0,70.6
9494,1,0.0,256.0
9495,8,0.0,67.125
9496,64,0.012896825396825396,91.71875
9497,21,0.014285714285714285,79.14285714285714
9498,68,0.016681299385425813,97.11764705882354
9499,0,0.0,0.0
9500,0,0.0,0.0
9501,0,0.0,0.0
9502,3,0.0,45.0
9503,3,0.0,33.666666666666664
9504,4,0.0,121.75
9505,59,0.013442431326709527,87.37288135593221
9506,29,0.0049261083743842365,80.27586206896552
9507,16,0.008333333333333333,72.75
9508,5,0.0,178.4
9509,0,0.0,0.0
9510,8,0.0,113.375
9511,2,0.0,55.0
9512,33,0.007575757575757576,97.81818181818181
9513,10,0.0,49.6
9514,0,0.0,0.0
9515,17,0.007352941176470588,72.52941176470588
9516,1,0.0,106.0
9517,4,0.0,16.5
9518,5,0.0,54.2
9519,85,0.015406162464985995,106.3529411764706
9520,53,0.01741654571843251,129.58490566037736
9521,3,0.0,116.66666666666667
9522,9,0.027777777777777776,80.0
9523,0,0.0,0.0
9524,61,0.006010928961748634,90.18032786885246
9525,74,0.011106997408367271,88.58108108108108
9526,66,0.01351981351981352,122.33333333333333
9527,33,0.015151515151515152,87.24242424242425
9528,19,0.005847953216374269,78.6842105263158
9529,5,0.0,195.6
9530,73,0.018645357686453576,116.58904109589041
9531,52,0.01282051282051282,90.28846153846153
9532,8,0.0,87.75
9533,18,0.013071895424836602,100.27777777777777
9534,19,0.0,58.31578947368421
9535,44,0.013742071881606765,116.93181818181819
9536,1,0.0,45.0
9537,2,0.0,46.5
9538,8,0.0,139.25
9539,19,0.011695906432748537,104.73684210526316
9540,2,0.0,199.0
9541,3,0.0,69.33333333333333
9542,74,0.014809329877823029,103.24324324324324
9543,120,0.01050420168067227,91.98333333333333
9544,6,0.06666666666666667,92.83333333333333
9545,1,0.0,118.0
9546,61,0.012021857923497269,100.40983606557377
9547,39,0.016194331983805668,117.38461538461539
9548,5,0.0,323.4
9549,51,0.0203921568627451,139.64705882352942
9550,4,0.0,129.25
9551,85,0.012044817927170869,94.23529411764706
9552,0,0.0,0.0
9553,10,0.022222222222222223,77.0
9554,2,0.0,88.5
9555,56,0.013636363636363636,117.85714285714286
9556,12,0.0,42.666666666666664
9557,43,0.01107419712070875,96.83720930232558
9558,0,0.0,0.0
9559,3,0.0,222.33333333333334
9560,7,0.0,247.14285714285714
9561,7,0.0,45.285714285714285
9562,56,0.00909090909090909,76.25
9563,13,0.0,80.0
9564,8,0.03571428571428571,250.375
9565,0,0.0,0.0
9566,0,0.0,0.0
9567,113,0.01675094816687737,116.84955752212389
9568,4,0.0,169.5
9569,6,0.0,64.66666666666667
9570,11,0.0,50.54545454545455
9571,19,0.005847953216374269,66.47368421052632
9572,4,0.0,70.75
9573,10,0.0,83.0
9574,11,0.03636363636363636,95.9090909090909
9575,5,0.0,43.4
9576,1,0.0,333.0
9577,52,0.011312217194570135,106.53846153846153
9578,37,0.009009009009009009,110.5945945945946
9579,36,0.011111111111111112,98.0
9580,44,0.012684989429175475,99.47727272727273
9581,1,0.0,279.0
9582,19,0.023391812865497075,211.3684210526316
9583,10,0.0,52.9
9584,166,0.013362541073384446,99.07831325301204
9585,3,0.0,71.33333333333333
9586,7,0.0,129.71428571428572
9587,39,0.021592442645074223,125.7948717948718
9588,12,0.015151515151515152,89.0
9589,19,0.005847953216374269,61.1578947368421
9590,5,0.0,69.4
9591,91,0.02148962148962149,115.73626373626374
9592,189,0.020432286389733198,121.33862433862434
9593,18,0.026143790849673203,103.88888888888889
9594,0,0.0,0.0
9595,8,0.07142857142857142,291.125
9596,30,0.004597701149425287,76.63333333333334
9597,26,0.003076923076923077,91.57692307692308
9598,27,0.008547008547008548,72.11111111111111
9599,2,0.0,424.0
9600,4,0.0,26.5
9601,49,0.012755102040816327,87.89795918367346
9602,1,0.0,1.0
9603,3,0.0,62.333333333333336
9604,25,0.016666666666666666,118.92
9605,50,0.00816326530612245,81.8
9606,16,0.008333333333333333,64.8125
9607,21,0.023809523809523808,92.0952380952381
9608,50,0.010612244897959184,98.08
9609,59,0.026884862653419054,166.59322033898306
9610,9,0.0,147.88888888888889
9611,11,0.01818181818181818,69.27272727272727
9612,22,0.021645021645021644,115.04545454545455
9613,2,0.0,121.5
9614,7,0.0,85.71428571428571
9615,62,0.004759386567953464,92.29032258064517
9616,194,0.010522942150526148,90.23195876288659
9617,1,0.0,80.0
9618,110,0.014845704753961634,102.82727272727273
9619,45,0.007070707070707071,85.91111111111111
9620,23,0.0,80.0
9621,0,0.0,0.0
9622,53,0.03773584905660377,168.50943396226415
9623,11,0.0,53.0
9624,25,0.016666666666666666,126.68
9625,4,0.0,225.5
9626,21,0.01904761904761905,106.0952380952381
9627,31,0.012903225806451613,123.41935483870968
9628,1,0.0,12.0
9629,4,0.0,210.0
9630,35,0.011764705882352941,90.82857142857142
9631,1,0.0,49.0
9632,10,0.0,46.6
9633,21,0.014285714285714285,115.19047619047619
9634,1,0.0,39.0
9635,11,0.0,83.18181818181819
9636,24,0.05434782608695652,156.20833333333334
9637,10,0.0,93.4
9638,7,0.0,43.285714285714285
9639,62,0.007403490216816499,81.87096774193549
9640,9,0.0,88.55555555555556
9641,2,0.0,26.0
9642,34,0.0285204991087344,132.02941176470588
9643,47,0.016651248843663275,96.40425531914893
9644,3,0.0,59.0
9645,0,0.0,0.0
9646,2,0.0,142.0
9647,11,0.0,62.63636363636363
9648,60,0.011299435028248588,88.3
9649,4,0.0,59.5
9650,32,0.0020161290322580645,70.5625
9651,15,0.009523809523809525,103.2
9652,71,0.014084507042253521,91.40845070422536
9653,205,0.010808225729316117,86.77073170731707
9654,15,0.02857142857142857,113.86666666666666
9655,25,0.0,52.88
9656,1,0.0,143.0
9657,5,0.0,84.2
9658,14,0.01098901098901099,82.85714285714286
9659,12,0.0,66.75
9660,6,0.0,96.66666666666667
9661,32,0.020161290322580645,80.375
9662,0,0.0,0.0
9663,16,0.0,74.375
9664,38,0.005689900426742532,72.73684210526316
9665,5,0.0,69.8
9666,14,0.0,44.785714285714285
9667,23,0.015810276679841896,94.26086956521739
9668,56,0.01883116883116883,114.5
9669,18,0.013071895424836602,96.66666666666667
9670,7,0.0,96.28571428571429
9671,5,0.1,64.6
9672,43,0.016611295681063124,99.51162790697674
9673,86,0.017236662106703146,115.36046511627907
9674,8,0.0,213.0
9675,8,0.0,56.75
9676,12,0.030303030303030304,41.25
9677,1,0.0,11.0
9678,24,0.03260869565217391,157.16666666666666
9679,18,0.006535947712418301,74.05555555555556
9680,91,0.015873015873015872,108.04395604395604
9681,11,0.05454545454545454,84.36363636363636
9682,6,0.06666666666666667,74.66666666666667
9683,1,0.0,27.0
9684,67,0.014925373134328358,106.38805970149254
9685,79,0.018175916910094125,114.50632911392405
9686,20,0.0,54.8
9687,8,0.0,36.125
9688,7,0.0,103.85714285714286
9689,0,0.0,0.0
9690,4,0.0,108.0
9691,11,0.0,78.72727272727273
9692,2,0.0,75.5
9693,300,0.014180602006688962,103.85333333333334
9694,23,0.007905138339920948,90.3913043478261
9695,43,0.019933554817275746,124.97674418604652
9696,104,0.011015683345780434,96.79807692307692
9697,64,0.01636904761904762,116.8125
9698,1,0.0,88.0
9699,2,0.0,39.0
9700,40,0.010256410256410256,89.6
9701,24,0.018115942028985508,92.5
9702,92,0.008600095556617296,82.29347826086956
9703,3,0.0,64.33333333333333
9704,4,0.0,80.75
9705,37,0.025525525525525526,137.40540540540542
9706,62,0.013220518244315178,107.7258064516129
9707,11,0.0,80.0
9708,23,0.007905138339920948,87.91304347826087
9709,3,0.0,124.0
9710,2,0.0,244.5
9711,12,0.0,68.66666666666667
9712,64,0.009424603174603174,83.40625
9713,5,0.1,112.6
9714,70,0.016977225672877846,118.35714285714286
9715,0,0.0,0.0
9716,6,0.13333333333333333,133.0
9717,8,0.03571428571428571,87.125
9718,5,0.2,239.2
9719,37,0.016516516516516516,132.40540540540542
9720,65,0.01730769230769231,108.81538461538462
9721,19,0.029239766081871343,111.0
9722,25,0.01,103.6
9723,33,0.007575757575757576,70.84848484848484
9724,9,0.0,123.66666666666667
9725,111,0.010974610974610974,92.04504504504504
9726,54,0.0517120894479385,199.14814814814815
9727,68,0.01624231782265145,113.42647058823529
9728,24,0.028985507246376812,74.375
9729,5,0.0,72.6
9730,44,0.005285412262156448,78.97727272727273
9731,17,0.007352941176470588,62.23529411764706
9732,27,0.011396011396011397,100.5925925925926
9733,15,0.0,111.6
9734,2,0.0,239.0
9735,1,0.0,96.0
9736,38,0.00995732574679943,88.5
9737,22,0.004329004329004329,77.0
9738,10,0.0,95.9
9739,6,0.0,66.16666666666667
9740,30,0.009195402298850575,71.96666666666667
9741,82,0.00993676603432701,87.63414634146342
9742,33,0.022727272727272728,107.93939393939394
9743,14,0.01098901098901099,129.42857142857142
9744,1,0.0,60.0
9745,10,0.0,96.7
9746,13,0.0,64.84615384615384
9747,37,0.0075075075075075074,86.97297297297297
9748,4,0.0,131.0
9749,2,0.0,147.0
9750,9,0.027777777777777776,86.66666666666667
9751,18,0.013071895424836602,121.27777777777777
9752,19,0.023391812865497075,137.52631578947367
9753,2,0.0,58.0
9754,5,0.0,91.6
9755,19,0.011695906432748537,63.473684210526315
9756,3,0.0,257.6666666666667
9757,1,0.0,31.0
9758,41,0.013414634146341463,110.48780487804878
9759,6,0.06666666666666667,124.33333333333333
9760,9,0.027777777777777776,125.22222222222223
9761,97,0.013960481099656358,91.75257731958763
9762,1,0.0,44.0
9763,18,0.032679738562091505,137.11111111111111
9764,115,0.018001525553012966,119.57391304347826
9765,5,0.0,58.6
9766,7,0.0,122.71428571428571
9767,23,0.011857707509881422,85.69565217391305
9768,14,0.0,61.357142857142854
9769,27,0.008547008547008548,75.85185185185185
9770,43,0.008859357696566999,83.48837209302326
9771,2,0.0,44.5
9772,24,0.0,90.125
9773,5,0.1,66.4
9774,3,0.0,64.0
9775,67,0.012211668928086838,85.6268656716418
9776,26,0.015384615384615385,115.73076923076923
9777,49,0.02465986394557823,138.48979591836735
9778,166,0.008543263964950712,78.98192771084338
9779,8,0.03571428571428571,129.25
9780,97,0.012242268041237113,97.3917525773196
9781,13,0.01282051282051282,77.84615384615384
9782,55,0.007407407407407408,80.18181818181819
9783,7,0.0,73.14285714285714
9784,92,0.008600095556617296,85.40217391304348
9785,6,0.0,58.333333333333336
9786,3,0.0,44.666666666666664
9787,3,0.0,33.333333333333336
9788,18,0.0196078431372549,119.88888888888889
9789,50,0.014693877551020407,110.32
9790,2,0.0,15.0
9791,11,0.0,99.63636363636364
9792,21,0.009523809523809525,67.19047619047619
9793,19,0.023391812865497075,136.10526315789474
9794,8,0.0,99.125
9795,32,0.016129032258064516,108.15625
9796,4,0.0,69.75
9797,3,0.0,47.0
9798,5,0.0,105.0
9799,4,0.0,92.75
9800,49,0.02295918367346939,127.04081632653062
9801,31,0.010752688172043012,94.3225806451613
9802,1,0.0,39.0
9803,7,0.0,108.28571428571429
9804,2,0.0,24.5
9805,27,0.019943019943019943,126.81481481481481
9806,137,0.013417775869471876,91.35036496350365
9807,14,0.02197802197802198,92.5
9808,85,0.01484593837535014,97.32941176470588
9809,2,0.0,43.0
9810,57,0.008145363408521303,95.9298245614035
9811,8,0.0,109.25
9812,8,0.0,80.875
9813,28,0.005291005291005291,138.92857142857142
9814,1,0.0,17.0
9815,3,0.0,43.0
9816,24,0.007246376811594203,125.25
9817,1,0.0,15.0
9818,66,0.01724941724941725,150.62121212121212
9819,9,0.0,147.55555555555554
9820,10,0.022222222222222223,94.3
9821,12,0.015151515151515152,109.41666666666667
9822,65,0.015384615384615385,111.49230769230769
9823,60,0.01694915254237288,86.5
9824,17,0.022058823529411766,94.76470588235294
9825,60,0.01638418079096045,103.55
9826,8,0.03571428571428571,125.25
9827,64,0.013392857142857142,101.5625
9828,128,0.008243110236220472,87.921875
9829,75,0.010450450450450451,104.34666666666666
9830,11,0.0,90.18181818181819
9831,12,0.07575757575757576,155.83333333333334
9832,56,0.01883116883116883,108.5
9833,4,0.0,132.25
9834,4,0.0,106.75
9835,13,0.038461538461538464,99.61538461538461
9836,16,0.008333333333333333,72.75
9837,59,0.011689070718877849,90.8135593220339
9838,76,0.015438596491228071,118.9342105263158
9839,0,0.0,0.0
9840,3,0.0,64.0
9841,6,0.0,49.5
9842,4,0.0,108.0
9843,8,0.0,124.625
9844,74,0.016660496112550906,121.47297297297297
9845,26,0.021538461538461538,123.76923076923077
9846,2,0.0,33.0
9847,6,0.0,50.166666666666664
9848,32,0.004032258064516129,56.9375
9849,8,0.0,49.625
9850,16,0.016666666666666666,129.8125
9851,3,0.0,228.33333333333334
9852,10,0.022222222222222223,152.6
9853,0,0.0,0.0
9854,9,0.0,85.11111111111111
9855,65,0.007211538461538462,81.46153846153847
9856,12,0.030303030303030304,105.5
9857,59,0.012857977790765635,100.16949152542372
9858,2,1.0,300.0
9859,30,0.006896551724137931,79.53333333333333
9860,118,0.013762132406200204,99.59322033898304
9861,6,0.0,110.0
9862,0,0.0,0.0
9863,8,0.03571428571428571,96.5
9864,24,0.0036231884057971015,73.0
9865,37,0.02252252252252252,125.0
9866,1,0.0,101.0
9867,0,0.0,0.0
9868,53,0.018142235123367198,110.0
9869,0,0.0,0.0
9870,3,0.0,50.0
9871,23,0.0,86.3913043478261
9872,0,0.0,0.0
9873,204,0.01207379503525548,95.59313725490196
9874,57,0.008145363408521303,85.82456140350877
9875,0,0.0,0.0
9876,15,0.009523809523809525,78.0
9877,21,0.009523809523809525,96.0952380952381
9878,41,0.015853658536585366,109.78048780487805
9879,14,0.01098901098901099,134.42857142857142
9880,64,0.017361111111111112,127.65625
9881,25,0.013333333333333334,60.04
9882,31,0.015053763440860216,119.87096774193549
9883,4,0.0,78.75
9884,55,0.01818181818181818,114.4
9885,47,0.009250693802035153,114.63829787234043
9886,41,0.014634146341463415,121.3170731707317
9887,8,0.0,57.75
9888,31,0.004301075268817204,57.064516129032256
9889,8,0.03571428571428571,84.0
9890,8,0.0,82.5
9891,5,0.0,116.2
9892,17,0.0,90.29411764705883
9893,28,0.018518518518518517,83.0
9894,50,0.007346938775510204,86.88
9895,4,0.0,108.75
9896,18,0.0196078431372549,107.44444444444444
9897,14,0.0,86.57142857142857
9898,22,0.017316017316017316,87.86363636363636
9899,34,0.0196078431372549,91.44117647058823
9900,5,0.1,506.4
9901,17,0.007352941176470588,82.29411764705883
9902,5,0.0,48.4
9903,25,0.013333333333333334,131.8
9904,17,0.022058823529411766,88.70588235294117
9905,15,0.0,88.93333333333334
9906,1,0.0,148.0
9907,2,0.0,278.5
9908,9,0.05555555555555555,91.44444444444444
9909,28,0.015873015873015872,107.92857142857143
9910,16,0.0,42.25
9911,14,0.02197802197802198,138.21428571428572
9912,2,0.0,12.5
9913,74,0.009626064420584968,116.79729729729729
9914,24,0.018115942028985508,127.33333333333333
9915,2,0.0,78.0
9916,16,0.0,72.5625
9917,11,0.0,64.45454545454545
9918,6,0.0,57.333333333333336
9919,9,0.0,47.0
9920,29,0.012315270935960592,78.58620689655173
9921,7,0.0,53.142857142857146
9922,29,0.014778325123152709,115.89655172413794
9923,0,0.0,0.0
9924,12,0.0,58.5
9925,202,0.010738387271562977,87.10396039603961
9926,27,0.011396011396011397,82.70370370370371
9927,113,0.01690897597977244,120.75221238938053
9928,9,0.0,70.66666666666667
9929,57,0.012531328320802004,87.56140350877193
9930,4,0.0,33.5
9931,40,0.014102564102564103,125.225
9932,29,0.009852216748768473,86.62068965517241
9933,10,0.0,75.3
9934,8,0.0,123.625
9935,1,0.0,124.0
9936,37,0.003003003003003003,84.86486486486487
9937,9,0.027777777777777776,143.44444444444446
9938,79,0.01103537812398572,99.27848101265823
9939,42,0.010452961672473868,69.73809523809524
9940,21,0.009523809523809525,84.33333333333333
9941,18,0.006535947712418301,76.44444444444444
9942,43,0.005537098560354375,61.48837209302326
9943,6,0.13333333333333333,335.3333333333333
9944,3,0.0,57.0
9945,19,0.023391812865497075,169.21052631578948
9946,15,0.01904761904761905,94.6
9947,4,0.0,89.75
9948,91,0.014407814407814409,100.28571428571429
9949,29,0.009852216748768473,90.37931034482759
9950,27,0.0,75.25925925925925
9951,40,0.011538461538461539,113.175
9952,103,0.014467923091566724,107.18446601941747
9953,17,0.058823529411764705,187.64705882352942
9954,29,0.017241379310344827,78.13793103448276
9955,3,0.0,28.333333333333332
9956,13,0.0,85.76923076923077
9957,70,0.01987577639751553,134.38571428571427
9958,4,0.0,35.5
9959,10,0.044444444444444446,132.7
9960,239,0.018213142997784888,117.48117154811716
9961,43,0.008859357696566999,92.18604651162791
9962,81,0.012962962962962963,105.90123456790124
9963,0,0.0,0.0
9964,8,0.0,49.625
9965,50,0.013877551020408163,104.12
9966,54,0.017470300489168415,118.33333333333333
9967,0,0.0,0.0
9968,4,0.0,97.0
9969,0,0.0,0.0
9970,1,0.0,10.0
9971,21,0.0380952380952381,154.8095238095238
9972,6,0.0,50.166666666666664
9973,54,0.008385744234800839,91.35185185185185
9974,16,0.008333333333333333,65.4375
9975,35,0.01680672268907563,97.82857142857142
9976,5,0.1,118.4
9977,3,0.0,142.66666666666666
9978,8,0.0,100.375
9979,8,0.03571428571428571,90.5
9980,78,0.024642024642024644,145.71794871794873
9981,57,0.015664160401002505,101.3157894736842
9982,39,0.009446693657219974,93.38461538461539
9983,5,0.0,21.2
9984,18,0.006535947712418301,71.77777777777777
9985,23,0.015810276679841896,123.26086956521739
9986,86,0.012859097127222982,99.45348837209302
9987,9,0.08333333333333333,168.44444444444446
9988,21,0.0,68.23809523809524
9989,56,0.02922077922077922,142.73214285714286
9990,39,0.014844804318488529,88.53846153846153
9991,12,0.015151515151515152,139.33333333333334
9992,1,0.0,19.0
9993,4,0.0,162.25
9994,1,0.0,541.0
9995,66,0.016317016317016316,114.95454545454545
9996,14,0.01098901098901099,90.14285714285714
9997,35,0.0016806722689075631,66.8
9998,52,0.016591251885369532,80.09615384615384
9999,11,0.01818181818181818,156.0909090909091
10000,45,0.00808080808080808,87.84444444444445
10001,9,0.027777777777777776,109.55555555555556
10002,20,0.010526315789473684,68.45
10003,12,0.015151515151515152,83.58333333333333
10004,115,0.016018306636155607,106.51304347826087
10005,17,0.014705882352941176,100.88235294117646
10006,10,0.06666666666666667,162.2
10007,163,0.016056956752253274,111.39263803680981
10008,3,0.0,75.0
10009,10,0.0,62.0
10010,23,0.003952569169960474,53.34782608695652
10011,1,0.0,27.0
10012,1,0.0,74.0
10013,12,0.0,43.666666666666664
10014,0,0.0,0.0
10015,2,0.0,48.5
10016,65,0.012980769230769231,90.83076923076923
10017,5,0.0,101.8
10018,30,0.004597701149425287,59.06666666666667
10019,8,0.0,49.125
10020,20,0.010526315789473684,86.55
10021,4,0.0,47.75
10022,10,0.0,70.9
10023,36,0.006349206349206349,72.22222222222223
10024,45,0.007070707070707071,76.8
10025,4,0.16666666666666666,87.5
10026,1,0.0,205.0
10027,1,0.0,70.0
10028,0,0.0,0.0
10029,2,0.0,116.5
10030,47,0.01757631822386679,115.38297872340425
10031,5,0.0,105.8
10032,0,0.0,0.0
10033,45,0.012121212121212121,99.88888888888889
10034,20,0.0,59.05
10035,59,0.01694915254237288,131.05084745762713
10036,20,0.0,74.65
10037,16,0.008333333333333333,90.875
10038,4,0.0,677.5
10039,0,0.0,0.0
10040,14,0.01098901098901099,117.71428571428571
10041,11,0.01818181818181818,105.63636363636364
10042,52,0.00904977375565611,100.0
10043,3,0.0,96.33333333333333
10044,26,0.006153846153846154,76.76923076923077
10045,93,0.011921458625525946,88.29032258064517
10046,2,0.0,33.0
10047,21,0.004761904761904762,77.14285714285714
10048,71,0.008853118712273641,85.09859154929578
10049,27,0.011396011396011397,132.66666666666666
10050,56,0.014285714285714285,106.375
10051,7,0.0,59.857142857142854
10052,6,0.0,75.16666666666667
10053,71,0.015694164989939637,103.84507042253522
10054,4,0.0,153.5
10055,48,0.008865248226950355,96.66666666666667
10056,17,0.022058823529411766,121.88235294117646
10057,37,0.010510510510510511,98.43243243243244
10058,38,0.007112375533428165,83.42105263157895
10059,2,0.0,63.5
10060,16,0.025,132.25
10061,4,0.0,78.5
10062,4,0.0,156.5
10063,60,0.013559322033898305,103.2
10064,5,0.0,37.2
10065,19,0.023391812865497075,97.0
10066,17,0.029411764705882353,155.1764705882353
10067,2,0.0,39.0
10068,70,0.009937888198757764,88.61428571428571
10069,18,0.0,82.05555555555556
10070,28,0.010582010582010581,129.07142857142858
10071,34,0.0071301247771836,76.11764705882354
10072,94,0.01052390757263784,91.93617021276596
10073,64,0.01240079365079365,120.078125
10074,41,0.015853658536585366,129.70731707317074
10075,3,0.0,38.0
10076,21,0.04285714285714286,148.61904761904762
10077,110,0.019849874895746456,122.44545454545455
10078,0,0.0,0.0
10079,0,0.0,0.0
10080,14,0.01098901098901099,98.64285714285714
10081,12,0.0,60.916666666666664
10082,0,0.0,0.0
10083,3,0.0,19.666666666666668
10084,25,0.006666666666666667,115.04
10085,7,0.0,40.857142857142854
10086,15,0.05714285714285714,130.53333333333333
10087,66,0.009790209790209791,86.78787878787878
10088,38,0.00995732574679943,85.5
10089,92,0.014572384137601528,98.58695652173913
10090,11,0.0,109.0
10091,37,0.025525525525525526,136.9189189189189
10092,3,0.0,67.33333333333333
10093,28,0.031746031746031744,163.42857142857142
10094,19,0.04093567251461988,130.89473684210526
10095,40,0.007692307692307693,71.325
10096,21,0.0,86.61904761904762
10097,20,0.005263157894736842,50.25
10098,6,0.0,100.16666666666667
10099,116,0.011094452773613194,89.72413793103448
10100,88,0.01044932079414838,98.06818181818181
10101,0,0.0,0.0
10102,10,0.044444444444444446,40.9
10103,79,0.0172022070756248,124.0886075949367
10104,12,0.030303030303030304,92.25
10105,0,0.0,0.0
10106,89,0.02017364657814096,120.82022471910112
10107,41,0.004878048780487805,88.70731707317073
10108,0,0.0,0.0
10109,6,0.0,122.33333333333333
10110,47,0.0064754856614246065,65.76595744680851
10111,7,0.0,115.71428571428571
10112,10,0.0,80.2
10113,21,0.009523809523809525,131.1904761904762
10114,1,0.0,57.0
10115,15,0.009523809523809525,105.33333333333333
10116,2,0.0,56.0
10117,4,0.0,59.75
10118,11,0.01818181818181818,96.9090909090909
10119,14,0.02197802197802198,68.35714285714286
10120,5,0.0,119.0
10121,20,0.015789473684210527,135.8
10122,1,0.0,9.0
10123,3,0.0,26.666666666666668
10124,53,0.009433962264150943,91.33962264150944
10125,13,0.0,101.07692307692308
10126,33,0.01893939393939394,125.72727272727273
10127,12,0.0,41.333333333333336
10128,16,0.016666666666666666,107.75
10129,51,0.01803921568627451,116.01960784313725
10130,63,0.01228878648233487,87.26984126984127
10131,24,0.0,73.58333333333333
10132,42,0.016260162601626018,92.88095238095238
10133,15,0.009523809523809525,123.53333333333333
10134,1,0.0,108.0
10135,8,0.0,96.875
10136,60,0.024293785310734464,120.28333333333333
10137,2,0.0,99.5
10138,6,0.0,121.83333333333333
10139,33,0.01893939393939394,103.45454545454545
10140,19,0.005847953216374269,66.42105263157895
10141,12,0.015151515151515152,62.083333333333336
10142,31,0.0064516129032258064,80.09677419354838
10143,5,0.0,62.0
10144,51,0.0196078431372549,99.3529411764706
10145,3,0.0,82.33333333333333
10146,81,0.007407407407407408,77.27160493827161
10147,58,0.012704174228675136,105.3103448275862
10148,5,0.0,72.0
10149,260,0.013751113751113752,101.16153846153846
10150,36,0.011111111111111112,80.77777777777777
10151,3,0.0,95.33333333333333
10152,1,0.0,214.0
10153,2,0.0,6.0
10154,43,0.008859357696566999,83.06976744186046
10155,8,0.0,92.625
10156,4,0.0,30.25
10157,69,0.0068201193520886615,99.2463768115942
10158,23,0.019762845849802372,102.47826086956522
10159,0,0.0,0.0
10160,42,0.010452961672473868,89.9047619047619
10161,38,0.011379800853485065,117.21052631578948
10162,7,0.0,46.142857142857146
10163,76,0.010175438596491228,86.8157894736842
10164,157,0.011350645108606892,102.28662420382166
10165,27,0.002849002849002849,83.92592592592592
10166,23,0.03162055335968379,96.3913043478261
10167,8,0.07142857142857142,138.75
10168,1,0.0,10.0
10169,5,0.0,50.6
10170,17,0.0,61.470588235294116
10171,115,0.014035087719298246,95.85217391304347
10172,59,0.020455873758036237,125.2542372881356
10173,122,0.011651537732014633,94.89344262295081
10174,13,0.0,85.07692307692308
10175,0,0.0,0.0
10176,1,0.0,130.0
10177,20,0.015789473684210527,92.8
10178,6,0.0,28.666666666666668
10179,0,0.0,0.0
10180,7,0.0,90.57142857142857
10181,53,0.01741654571843251,100.26415094339623
10182,32,0.012096774193548387,111.1875
10183,2,0.0,39.5
10184,8,0.03571428571428571,125.375
10185,19,0.017543859649122806,50.89473684210526
10186,59,0.013442431326709527,90.08474576271186
10187,79,0.012658227848101266,90.0253164556962
10188,2,0.0,115.0
10189,14,0.0,64.42857142857143
10190,68,0.007901668129938543,78.79411764705883
10191,21,0.004761904761904762,94.95238095238095
10192,35,0.023529411764705882,107.22857142857143
10193,3,0.0,39.0
10194,72,0.01917057902973396,101.01388888888889
10195,7,0.0,103.28571428571429
10196,6,0.0,40.333333333333336
10197,22,0.030303030303030304,149.63636363636363
10198,9,0.0,71.66666666666667
10199,3,0.0,89.0
10200,84,0.010613884107860011,91.26190476190476
10201,2,0.0,40.0
10202,36,0.0031746031746031746,63.611111111111114
10203,5,0.0,52.4
10204,19,0.011695906432748537,116.26315789473684
10205,59,0.007597895967270602,90.47457627118644
10206,21,0.01904761904761905,114.9047619047619
10207,15,0.009523809523809525,91.66666666666667
10208,30,0.011494252873563218,140.66666666666666
10209,47,0.009250693802035153,82.19148936170212
10210,6,0.0,85.5
10211,5,0.0,72.8
10212,168,0.014328485885372113,99.9702380952381
10213,16,0.008333333333333333,101.25
10214,62,0.015335801163405606,114.79032258064517
10215,44,0.019027484143763214,130.4090909090909
10216,3,0.0,64.33333333333333
10217,2,0.0,108.5
10218,0,0.0,0.0
10219,3,0.0,151.33333333333334
10220,22,0.012987012987012988,130.36363636363637
10221,5,0.2,366.0
10222,30,0.0,49.86666666666667
10223,15,0.047619047619047616,169.13333333333333
10224,14,0.01098901098901099,123.35714285714286
10225,1,0.0,14.0
10226,7,0.0,50.0
10227,1,0.0,13.0
10228,28,0.015873015873015872,75.57142857142857
10229,37,0.015015015015015015,118.83783783783784
10230,18,0.006535947712418301,93.83333333333333
10231,10,0.0,97.4
10232,3,0.0,30.333333333333332
10233,11,0.01818181818181818,69.0909090909091
10234,23,0.023715415019762844,117.8695652173913
10235,22,0.012987012987012988,152.8181818181818
10236,1,0.0,24.0
10237,8,0.0,78.0
10238,4,0.0,60.5
10239,64,0.01240079365079365,107.15625
10240,46,0.01932367149758454,122.15217391304348
10241,22,0.0,92.5909090909091
10242,52,0.01583710407239819,121.15384615384616
10243,12,0.045454545454545456,144.16666666666666
10244,5,0.0,23.4
10245,9,0.0,68.0
10246,74,0.01814142910033321,100.32432432432432
10247,0,0.0,0.0
10248,8,0.0,55.0
10249,20,0.0,82.95
10250,10,0.044444444444444446,199.2
10251,20,0.015789473684210527,76.75
10252,54,0.011879804332634521,86.44444444444444
10253,9,0.0,59.22222222222222
10254,75,0.016216216216216217,108.68
10255,9,0.027777777777777776,89.0
10256,109,0.011722731906218144,100.55963302752293
10257,96,0.017763157894736842,120.03125
10258,0,0.0,0.0
10259,14,0.0,76.85714285714286
10260,22,0.004329004329004329,90.63636363636364
10261,28,0.021164021164021163,73.21428571428571
10262,140,0.011202466598150052,89.72857142857143
10263,10,0.044444444444444446,162.2
10264,32,0.008064516129032258,72.28125
10265,125,0.01896774193548387,116.816
10266,8,0.07142857142857142,114.75
10267,69,0.015345268542199489,124.98550724637681
10268,84,0.010327022375215147,99.71428571428571
10269,4,0.0,95.75
10270,0,0.0,0.0
10271,1,0.0,54.0
10272,1,0.0,141.0
10273,1,0.0,11.0
10274,29,0.017241379310344827,122.82758620689656
10275,40,0.010256410256410256,61.6
10276,51,0.01803921568627451,131.2941176470588
10277,6,0.06666666666666667,129.0
10278,0,0.0,0.0
10279,2,0.0,21.5
10280,47,0.010175763182238668,72.29787234042553
10281,19,0.017543859649122806,70.36842105263158
10282,23,0.007905138339920948,84.17391304347827
10283,5,0.0,59.6
10284,15,0.0,103.4
10285,18,0.006535947712418301,59.333333333333336
10286,8,0.0,65.625
10287,65,0.014903846153846155,104.8923076923077
10288,17,0.014705882352941176,79.17647058823529
10289,3,0.3333333333333333,64.66666666666667
10290,13,0.0,102.07692307692308
10291,62,0.02009518773135907,118.7741935483871
10292,7,0.0,44.42857142857143
10293,59,0.015195791934541203,94.62711864406779
10294,16,0.058333333333333334,246.0625
10295,17,0.0,70.05882352941177
10296,1,0.0,154.0
10297,29,0.024630541871921183,134.31034482758622
10298,20,0.02631578947368421,96.15
10299,5,0.0,66.8
10300,21,0.009523809523809525,79.95238095238095
10301,89,0.011491317671092951,92.71910112359551
10302,1,0.0,48.0
10303,22,0.004329004329004329,58.31818181818182
10304,230,0.013404214923106133,105.17826086956522
10305,7,0.0,84.0
10306,0,0.0,0.0
10307,26,0.015384615384615385,118.84615384615384
10308,87,0.005880780539962577,74.0919540229885
10309,47,0.013876040703052728,91.55319148936171
10310,4,0.0,55.25
10311,130,0.014669051878354204,104.28461538461538
10312,90,0.009488139825218476,82.71111111111111
10313,86,0.014500683994528044,101.15116279069767
10314,2,0.0,31.5
10315,13,0.0,114.92307692307692
10316,6,0.0,79.16666666666667
10317,73,0.017884322678843226,106.47945205479452
10318,135,0.017689331122166942,114.34814814814816
10319,9,0.027777777777777776,119.33333333333333
10320,22,0.030303030303030304,118.5
10321,6,0.13333333333333333,324.1666666666667
10322,26,0.027692307692307693,89.84615384615384
10323,4,0.0,63.75
10324,6,0.06666666666666667,104.83333333333333
10325,8,0.03571428571428571,249.0
10326,9,0.08333333333333333,238.77777777777777
10327,0,0.0,0.0
10328,14,0.0,62.785714285714285
10329,37,0.010510510510510511,80.91891891891892
10330,22,0.025974025974025976,150.72727272727272
10331,13,0.0,107.0
10332,8,0.0,81.625
10333,33,0.013257575757575758,89.93939393939394
10334,6,0.06666666666666667,31.5
10335,17,0.007352941176470588,127.70588235294117
10336,6,0.0,122.5
10337,38,0.004267425320056899,86.13157894736842
10338,48,0.012411347517730497,102.1875
10339,47,0.008325624421831638,84.61702127659575
10340,40,0.015384615384615385,120.0
10341,12,0.0,87.91666666666667
10342,28,0.018518518518518517,156.53571428571428
10343,2,0.0,183.0
10344,16,0.016666666666666666,96.6875
10345,13,0.01282051282051282,150.6153846153846
10346,36,0.02857142857142857,156.75
10347,11,0.03636363636363636,139.0
10348,6,0.06666666666666667,158.5
10349,6,0.0,50.333333333333336
10350,62,0.01639344262295082,109.20967741935483
10351,34,0.012477718360071301,93.52941176470588
10352,71,0.013682092555331992,91.30985915492958
10353,11,0.0,44.27272727272727
10354,70,0.015320910973084885,116.41428571428571
10355,16,0.016666666666666666,167.9375
10356,58,0.010889292196007259,101.75862068965517
10357,167,0.015944015583291248,112.80239520958084
10358,17,0.007352941176470588,123.0
10359,3,0.6666666666666666,181.0
10360,5,0.0,66.6
10361,9,0.0,123.22222222222223
10362,84,0.015203671830177854,114.01190476190476
10363,15,0.009523809523809525,91.06666666666666
10364,47,0.012025901942645698,89.53191489361703
10365,5,0.0,101.2
10366,14,0.01098901098901099,88.21428571428571
10367,34,0.012477718360071301,108.17647058823529
10368,25,0.03,92.8
10369,20,0.010526315789473684,101.75
10370,12,0.06060606060606061,198.33333333333334
10371,8,0.03571428571428571,109.0
10372,30,0.009195402298850575,96.5
10373,7,0.0,159.85714285714286
10374,47,0.0074005550416281225,85.61702127659575
10375,7,0.0,81.42857142857143
10376,8,0.0,53.125
10377,32,0.010080645161290322,68.625
10378,18,0.013071895424836602,148.33333333333334
10379,81,0.013271604938271606,104.77777777777777
10380,182,0.014085362151660494,103.75274725274726
10381,34,0.016042780748663103,109.17647058823529
10382,19,0.011695906432748537,89.26315789473684
10383,3,0.0,81.66666666666667
10384,0,0.0,0.0
10385,7,0.09523809523809523,93.0
10386,31,0.012903225806451613,137.38709677419354
10387,3,0.0,80.66666666666667
10388,23,0.015810276679841896,81.95652173913044
10389,35,0.021848739495798318,134.45714285714286
10390,223,0.01543247283157597,108.11210762331838
10391,16,0.03333333333333333,211.0
10392,6,0.0,51.166666666666664
10393,24,0.018115942028985508,141.625
10394,1,0.0,3.0
10395,57,0.015664160401002505,103.12280701754386
10396,37,0.016516516516516516,119.48648648648648
10397,83,0.010872759330002939,92.6867469879518
10398,6,0.13333333333333333,94.0
10399,2,0.0,73.0
10400,7,0.047619047619047616,178.85714285714286
10401,13,0.038461538461538464,109.61538461538461
10402,56,0.007142857142857143,84.07142857142857
10403,40,0.020512820512820513,126.025
10404,5,0.0,48.0
10405,31,0.010752688172043012,100.96774193548387
10406,25,0.016666666666666666,129.4
10407,5,0.0,48.2
10408,40,0.007692307692307693,76.125
10409,17,0.0,44.294117647058826
10410,51,0.0203921568627451,129.66666666666666
10411,114,0.0058997050147492625,75.3157894736842
10412,6,0.0,60.0
10413,14,0.0,75.92857142857143
10414,37,0.015015015015015015,104.27027027027027
10415,5,0.0,102.2
10416,0,0.0,0.0
10417,3,0.0,158.33333333333334
10418,0,0.0,0.0
10419,14,0.02197802197802198,99.21428571428571
10420,28,0.005291005291005291,101.10714285714286
10421,4,0.0,75.0
10422,18,0.032679738562091505,96.33333333333333
10423,8,0.0,28.75
10424,25,0.006666666666666667,83.6
10425,14,0.02197802197802198,137.07142857142858
10426,23,0.007905138339920948,80.82608695652173
10427,77,0.01161995898838004,89.64935064935065
10428,12,0.045454545454545456,134.91666666666666
10429,64,0.016865079365079364,113.265625
10430,49,0.017006802721088437,106.12244897959184
10431,5,0.0,96.6
10432,4,0.0,141.25
10433,46,0.011594202898550725,111.8913043478261
10434,24,0.0036231884057971015,69.70833333333333
10435,44,0.006342494714587738,83.95454545454545
10436,20,0.0,75.9
10437,5,0.0,83.6
10438,96,0.018421052631578946,109.92708333333333
10439,2,0.0,63.5
10440,14,0.01098901098901099,49.785714285714285
10441,2,0.0,830.0
10442,8,0.0,69.75
10443,2,0.0,36.0
10444,10,0.0,48.9
10445,5,0.0,112.0
10446,7,0.0,53.714285714285715
10447,2,1.0,895.5
10448,26,0.006153846153846154,76.84615384615384
10449,7,0.0,143.42857142857142
10450,16,0.025,168.875
10451,91,0.009035409035409036,85.0
10452,19,0.005847953216374269,94.73684210526316
10453,15,0.0,168.46666666666667
10454,8,0.0,150.25
10455,3,0.0,41.333333333333336
10456,20,0.021052631578947368,128.05
10457,25,0.013333333333333334,116.96
10458,46,0.02608695652173913,156.3913043478261
10459,23,0.003952569169960474,84.34782608695652
10460,52,0.006033182503770739,81.96153846153847
10461,15,0.0,62.8
10462,201,0.013980099502487563,95.23383084577114
10463,18,0.0,75.05555555555556
10464,66,0.016317016317016316,103.51515151515152
10465,17,0.03676470588235294,274.88235294117646
10466,4,0.0,60.5
10467,8,0.0,92.75
10468,39,0.014844804318488529,104.0
10469,7,0.0,79.57142857142857
10470,84,0.02667814113597246,146.02380952380952
10471,8,0.0,126.25
10472,16,0.03333333333333333,117.4375
10473,5,0.0,63.8
10474,59,0.009351256575102279,84.22033898305085
10475,63,0.00819252432155658,76.53968253968254
10476,7,0.0,53.285714285714285
10477,13,0.01282051282051282,121.76923076923077
10478,13,0.0,87.07692307692308
10479,74,0.015179563124768604,112.45945945945945
10480,33,0.013257575757575758,124.57575757575758
10481,40,0.014102564102564103,101.175
10482,1,0.0,68.0
10483,19,0.005847953216374269,65.26315789473684
10484,13,0.0,89.76923076923077
10485,37,0.013513513513513514,101.97297297297297
10486,145,0.015900383141762453,108.1448275862069
10487,11,0.0,85.45454545454545
10488,45,0.00909090909090909,111.42222222222222
10489,1,0.0,96.0
10490,26,0.012307692307692308,99.8076923076923
10491,14,0.01098901098901099,69.5
10492,31,0.021505376344086023,105.58064516129032
10493,87,0.008821170809943865,87.3103448275862
10494,19,0.0,115.05263157894737
10495,8,0.0,110.0
10496,48,0.022163120567375887,147.64583333333334
10497,1,0.0,14.0
10498,72,0.01995305164319249,118.43055555555556
10499,39,0.021592442645074223,103.82051282051282
10500,117,0.01856763925729443,119.47863247863248
10501,35,0.021848739495798318,113.48571428571428
10502,1,0.0,36.0
10503,51,0.02431372549019608,127.7843137254902
10504,14,0.02197802197802198,88.71428571428571
10505,2,0.0,51.0
10506,46,0.012560386473429951,70.34782608695652
10507,97,0.017826460481099655,134.09278350515464
10508,4,0.0,80.5
10509,7,0.0,36.0
10510,21,0.023809523809523808,127.57142857142857
10511,19,0.0,86.42105263157895
10512,21,0.009523809523809525,92.61904761904762
10513,0,0.0,0.0
10514,32,0.014112903225806451,119.875
10515,3,0.0,209.33333333333334
10516,2,0.0,820.0
10517,22,0.004329004329004329,74.0909090909091
10518,55,0.016835016835016835,113.94545454545455
10519,47,0.018501387604070305,111.74468085106383
10520,6,0.0,78.33333333333333
10521,107,0.011109151825074944,94.49532710280374
10522,14,0.0,92.28571428571429
10523,13,0.038461538461538464,159.92307692307693
10524,112,0.01270913770913771,100.50892857142857
10525,51,0.008627450980392156,105.25490196078431
10526,22,0.012987012987012988,74.77272727272727
10527,4,0.0,63.75
10528,0,0.0,0.0
10529,21,0.014285714285714285,122.42857142857143
10530,42,0.017421602787456445,119.28571428571429
10531,58,0.015124016938898971,104.03448275862068
10532,63,0.013824884792626729,87.46031746031746
10533,36,0.009523809523809525,81.86111111111111
10534,8,0.03571428571428571,240.75
10535,1,0.0,542.0
10536,130,0.012045319022063208,88.20769230769231
10537,161,0.017546583850931677,114.80124223602485
10538,70,0.017391304347826087,128.9142857142857
10539,1,0.0,36.0
10540,28,0.018518518518518517,103.03571428571429
10541,33,0.017045454545454544,95.9090909090909
10542,20,0.04736842105263158,190.25
10543,131,0.016089254257193188,109.1145038167939
10544,11,0.03636363636363636,140.54545454545453
10545,48,0.014184397163120567,104.54166666666667
10546,1,0.0,75.0
10547,29,0.022167487684729065,126.72413793103448
10548,53,0.013788098693759071,73.62264150943396
10549,5,0.0,126.4
10550,13,0.05128205128205128,116.46153846153847
10551,44,0.017970401691331923,109.04545454545455
10552,49,0.008503401360544218,72.18367346938776
10553,10,0.022222222222222223,50.9
10554,5,0.0,69.8
10555,159,0.009553379508000955,87.00628930817611
10556,11,0.0,93.36363636363636
10557,129,0.014777131782945737,102.91472868217055
10558,31,0.023655913978494623,194.48387096774192
10559,0,0.0,0.0
10560,48,0.013297872340425532,87.52083333333333
10561,8,0.03571428571428571,125.625
10562,24,0.018115942028985508,101.16666666666667
10563,6,0.0,109.66666666666667
10564,3,0.0,138.0
10565,38,0.008534850640113799,76.55263157894737
10566,33,0.005681818181818182,66.72727272727273
10567,5,0.0,52.2
10568,43,0.029900332225913623,147.69767441860466
10569,36,0.004761904761904762,65.63888888888889
10570,6,0.0,46.0
10571,22,0.008658008658008658,84.31818181818181
10572,66,0.008857808857808859,91.21212121212122
10573,0,0.0,0.0
10574,5,0.0,91.2
10575,21,0.0,92.85714285714286
10576,15,0.009523809523809525,91.0
10577,80,0.01740506329113924,112.525
10578,5,0.0,128.6
10579,9,0.0,213.66666666666666
10580,1,0.0,88.0
10581,57,0.011904761904761904,78.10526315789474
10582,8,0.0,150.625
10583,11,0.0,121.0
10584,18,0.013071895424836602,62.666666666666664
10585,13,0.0,141.84615384615384
10586,19,0.023391812865497075,135.57894736842104
10587,3,0.0,48.333333333333336
10588,18,0.0196078431372549,105.44444444444444
10589,32,0.012096774193548387,108.125
10590,3,0.0,71.33333333333333
10591,9,0.027777777777777776,105.11111111111111
10592,17,0.007352941176470588,60.411764705882355
10593,15,0.0,105.2
10594,41,0.01951219512195122,148.7560975609756
10595,5,0.0,142.8
10596,12,0.015151515151515152,114.25
10597,0,0.0,0.0
10598,9,0.027777777777777776,75.88888888888889
10599,25,0.016666666666666666,119.04
10600,12,0.045454545454545456,149.58333333333334
10601,37,0.016516516516516516,98.27027027027027
10602,40,0.008974358974358974,92.45
10603,25,0.013333333333333334,115.8
10604,42,0.0011614401858304297,66.28571428571429
10605,7,0.047619047619047616,284.0
10606,17,0.007352941176470588,72.0
10607,3,0.3333333333333333,19.0
10608,44,0.015856236786469344,113.63636363636364
10609,27,0.014245014245014245,89.29629629629629
10610,5,0.0,90.4
10611,41,0.023170731707317073,152.0487804878049
10612,111,0.019656019656019656,121.49549549549549
10613,12,0.015151515151515152,149.16666666666666
10614,17,0.014705882352941176,87.88235294117646
10615,5,0.0,33.2
10616,15,0.009523809523809525,67.53333333333333
10617,9,0.0,83.88888888888889
10618,6,0.0,161.0
10619,25,0.01,65.04
10620,6,0.0,74.66666666666667
10621,18,0.006535947712418301,66.72222222222223
10622,13,0.038461538461538464,124.6923076923077
10623,9,0.027777777777777776,88.11111111111111
10624,30,0.004597701149425287,78.9
10625,21,0.0380952380952381,136.52380952380952
10626,47,0.018501387604070305,130.2127659574468
10627,2,0.0,207.0
10628,7,0.0,56.142857142857146
10629,2,0.0,50.5
10630,5,0.0,17.6
10631,29,0.034482758620689655,167.27586206896552
10632,4,0.0,170.5
10633,12,0.0,66.33333333333333
10634,8,0.0,92.875
10635,7,0.0,64.0
10636,155,0.012987012987012988,97.53548387096774
10637,23,0.023715415019762844,120.52173913043478
10638,62,0.028027498677948175,136.30645161290323
10639,2,0.0,43.0
10640,0,0.0,0.0
10641,7,0.0,64.71428571428571
10642,1,0.0,123.0
10643,26,0.009230769230769232,81.53846153846153
10644,33,0.017045454545454544,116.6969696969697
10645,4,0.0,85.25
10646,16,0.016666666666666666,92.6875
10647,1,0.0,141.0
10648,21,0.01904761904761905,123.23809523809524
10649,5,0.0,72.6
10650,8,0.0,69.0
10651,1328,0.009336895434034556,84.98795180722891
10652,4,0.0,126.5
10653,7,0.0,45.42857142857143
10654,14,0.02197802197802198,93.28571428571429
10655,9,0.0,125.88888888888889
10656,74,0.011106997408367271,97.63513513513513
10657,3,0.0,22.0
10658,9,0.027777777777777776,61.888888888888886
10659,21,0.004761904761904762,60.904761904761905
10660,4,0.16666666666666666,222.75
10661,8,0.0,136.5
10662,8,0.0,134.875
10663,1,0.0,236.0
10664,213,0.014483125166090885,105.17370892018779
10665,253,0.017159169333082376,111.8498023715415
10666,15,0.0,82.66666666666667
10667,22,0.004329004329004329,74.27272727272727
10668,38,0.011379800853485065,132.71052631578948
10669,104,0.012696041822255415,97.9326923076923
10670,19,0.011695906432748537,90.84210526315789
10671,26,0.018461538461538463,120.3076923076923
10672,8,0.0,68.125
10673,94,0.008464882177991306,75.68085106382979
10674,19,0.011695906432748537,128.8421052631579
10675,18,0.013071895424836602,141.61111111111111
10676,61,0.012021857923497269,99.24590163934427
10677,8,0.0,91.25
10678,6,0.0,379.5
10679,3,0.0,63.0
10680,6,0.0,101.16666666666667
10681,0,0.0,0.0
10682,67,0.010854816824966078,87.55223880597015
10683,3,0.0,78.33333333333333
10684,32,0.0020161290322580645,100.4375
10685,13,0.02564102564102564,132.84615384615384
10686,13,0.01282051282051282,119.53846153846153
10687,27,0.008547008547008548,87.62962962962963
10688,10,0.0,51.4
10689,11,0.01818181818181818,142.8181818181818
10690,7,0.047619047619047616,138.0
10691,28,0.015873015873015872,70.17857142857143
10692,4,0.0,264.25
10693,101,0.009900990099009901,84.18811881188118
10694,0,0.0,0.0
10695,37,0.01951951951951952,125.48648648648648
10696,8,0.0,96.5
10697,41,0.024390243902439025,131.5121951219512
10698,1,0.0,31.0
10699,62,0.015335801163405606,100.75806451612904
10700,71,0.01006036217303823,91.92957746478874
10701,22,0.021645021645021644,113.68181818181819
10702,75,0.011531531531531532,93.21333333333334
10703,27,0.014245014245014245,97.5925925925926
10704,7,0.0,129.14285714285714
10705,14,0.01098901098901099,70.21428571428571
10706,56,0.007792207792207792,62.357142857142854
10707,72,0.017214397496087636,121.15277777777777
10708,69,0.011082693947144074,100.95652173913044
10709,26,0.027692307692307693,154.96153846153845
10710,3,0.0,52.666666666666664
10711,183,0.011049060229388098,95.48087431693989
10712,37,0.018018018018018018,100.1891891891892
10713,12,0.045454545454545456,131.41666666666666
10714,263,0.015325225669752997,108.47908745247149
10715,7,0.0,130.85714285714286
10716,68,0.010974539069359086,107.07352941176471
10717,15,0.0,68.8
10718,27,0.005698005698005698,68.70370370370371
10719,36,0.007936507936507936,74.69444444444444
10720,25,0.02,84.76
10721,10,0.022222222222222223,95.2
10722,129,0.015140503875968991,108.62790697674419
10723,38,0.01422475106685633,105.97368421052632
10724,5,0.0,77.6
10725,21,0.05238095238095238,157.66666666666666
10726,3,0.0,193.33333333333334
10727,5,0.0,55.2
10728,13,0.0,57.92307692307692
10729,3,0.0,79.0
10730,0,0.0,0.0
10731,4,0.0,64.25
10732,2,0.0,73.0
10733,8,0.0,84.375
10734,38,0.005689900426742532,81.36842105263158
10735,6,0.0,73.0
10736,59,0.008182349503214495,93.16949152542372
10737,15,0.009523809523809525,100.46666666666667
10738,79,0.018500486854917234,131.7594936708861
10739,182,0.010321170542165017,87.73076923076923
10740,14,0.01098901098901099,128.0
10741,69,0.00937766410912191,73.17391304347827
10742,0,0.0,0.0
10743,1,0.0,32.0
10744,8,0.03571428571428571,66.875
10745,135,0.015478164731896076,104.24444444444444
10746,5,0.0,69.6
10747,5,0.0,39.4
10748,163,0.012042717564189957,93.2760736196319
10749,20,0.005263157894736842,130.7
10750,3,0.0,48.666666666666664
10751,33,0.02462121212121212,121.51515151515152
10752,28,0.013227513227513227,85.28571428571429
10753,50,0.00816326530612245,79.58
10754,321,0.010319314641744548,89.86292834890966
10755,1,0.0,230.0
10756,23,0.007905138339920948,125.52173913043478
10757,59,0.017533606078316773,99.72881355932203
10758,26,0.006153846153846154,60.0
10759,36,0.009523809523809525,95.16666666666667
10760,11,0.01818181818181818,67.36363636363636
10761,7,0.047619047619047616,45.42857142857143
10762,4,0.0,141.25
10763,21,0.0,59.904761904761905
10764,29,0.012315270935960592,79.27586206896552
10765,4,0.0,50.75
10766,73,0.01293759512937595,95.24657534246575
10767,21,0.014285714285714285,81.47619047619048
10768,22,0.021645021645021644,151.27272727272728
10769,15,0.009523809523809525,79.86666666666666
10770,51,0.0196078431372549,108.3529411764706
10771,5,0.0,22.8
10772,20,0.0,48.15
10773,1,0.0,239.0
10774,3,0.0,105.33333333333333
10775,1,0.0,14.0
10776,79,0.02109704641350211,124.40506329113924
10777,16,0.016666666666666666,117.9375
10778,208,0.014306949089557786,108.64903846153847
10779,61,0.006557377049180328,79.40983606557377
10780,14,0.03296703296703297,162.21428571428572
10781,17,0.014705882352941176,134.11764705882354
10782,11,0.0,97.0
10783,3,0.0,79.0
10784,4,0.0,55.0
10785,1,0.0,282.0
10786,13,0.038461538461538464,74.61538461538461
10787,35,0.0016806722689075631,77.08571428571429
10788,19,0.005847953216374269,91.73684210526316
10789,104,0.014002987303958178,104.49038461538461
10790,94,0.013955616563715396,103.79787234042553
10791,30,0.006896551724137931,57.53333333333333
10792,1,0.0,9.0
10793,16,0.016666666666666666,84.0625
10794,20,0.031578947368421054,108.2
10795,63,0.00819252432155658,91.55555555555556
10796,76,0.025614035087719297,139.97368421052633
10797,1,0.0,26.0
10798,1,0.0,82.0
10799,25,0.013333333333333334,130.6
10800,246,0.016558818649410983,112.9390243902439
10801,32,0.014112903225806451,81.125
10802,2,0.0,40.0
10803,3,0.0,65.0
10804,13,0.01282051282051282,120.0
10805,289,0.01374471357170319,102.08650519031141
10806,634,0.012563477706181072,96.02996845425868
10807,93,0.014492753623188406,102.2258064516129
10808,15,0.01904761904761905,95.2
10809,30,0.02528735632183908,203.1
10810,13,0.01282051282051282,95.53846153846153
10811,4,0.0,91.25
10812,67,0.014020805065581185,94.61194029850746
10813,7,0.0,65.57142857142857
10814,0,0.0,0.0
10815,33,0.00946969696969697,91.33333333333333
10816,15,0.0,112.26666666666667
10817,12,0.0,100.16666666666667
10818,6,0.0,118.16666666666667
10819,13,0.01282051282051282,64.46153846153847
10820,43,0.015503875968992248,93.88372093023256
10821,0,0.0,0.0
10822,4,0.0,95.5
10823,62,0.010047593865679535,93.03225806451613
10824,77,0.018113465481886533,114.48051948051948
10825,13,0.0,53.15384615384615
10826,1,0.0,48.0
10827,26,0.009230769230769232,90.42307692307692
10828,28,0.013227513227513227,74.21428571428571
10829,99,0.013399299113584827,93.55555555555556
10830,11,0.0,67.18181818181819
10831,71,0.018913480885311872,100.56338028169014
10832,5,0.0,39.8
10833,73,0.010273972602739725,95.93150684931507
10834,1,0.0,255.0
10835,4,0.0,186.0
10836,1,0.0,5.0
10837,16,0.025,153.3125
10838,29,0.007389162561576354,71.75862068965517
10839,4,0.0,63.0
10840,52,0.00980392156862745,83.76923076923077
10841,4,0.0,15.25
10842,1,0.0,113.0
10843,5,0.1,45.6
10844,49,0.011904761904761904,90.57142857142857
10845,4,0.0,62.5
10846,37,0.009009009009009009,80.83783783783784
10847,0,0.0,0.0
10848,4,0.0,130.0
10849,7,0.0,69.42857142857143
10850,9,0.0,66.77777777777777
10851,30,0.006896551724137931,69.33333333333333
10852,160,0.014544025157232705,110.59375
10853,19,0.0,81.0
10854,31,0.017204301075268817,75.80645161290323
10855,25,0.013333333333333334,79.76
10856,7,0.047619047619047616,138.14285714285714
10857,38,0.01422475106685633,112.78947368421052
10858,110,0.01317764804003336,98.93636363636364
10859,24,0.0,77.54166666666667
10860,7,0.0,75.42857142857143
10861,70,0.011180124223602485,98.38571428571429
10862,27,0.005698005698005698,89.4074074074074
10863,5,0.0,84.6
10864,53,0.016690856313497822,108.67924528301887
10865,22,0.012987012987012988,72.72727272727273
10866,105,0.010805860805860806,94.82857142857142
10867,7,0.0,128.85714285714286
10868,7,0.09523809523809523,102.71428571428571
10869,5,0.0,37.8
10870,4,0.0,93.5
10871,129,0.01623062015503876,95.94573643410853
10872,29,0.014778325123152709,147.13793103448276
10873,10,0.0,81.2
10874,65,0.009134615384615385,81.87692307692308
10875,17,0.014705882352941176,100.58823529411765
10876,8,0.03571428571428571,60.125
10877,100,0.012525252525252526,100.66
10878,7,0.047619047619047616,153.42857142857142
10879,20,0.010526315789473684,129.85
10880,7,0.0,62.857142857142854
10881,29,0.014778325123152709,113.41379310344827
10882,33,0.005681818181818182,98.0909090909091
10883,117,0.0206307102858827,133.86324786324786
10884,28,0.013227513227513227,93.07142857142857
10885,17,0.007352941176470588,114.17647058823529
10886,9,0.0,69.0
10887,32,0.036290322580645164,175.0625
10888,81,0.020987654320987655,134.58024691358025
10889,80,0.01139240506329114,99.275
10890,75,0.02054054054054054,123.4
10891,21,0.009523809523809525,95.71428571428571
10892,55,0.0026936026936026937,53.74545454545454
10893,72,0.009389671361502348,84.48611111111111
10894,79,0.02174618630314833,122.36708860759494
10895,2,0.0,102.5
10896,5,0.0,107.8
10897,17,0.03676470588235294,167.52941176470588
10898,31,0.01935483870967742,98.45161290322581
10899,29,0.014778325123152709,99.96551724137932
10900,5,0.0,158.2
10901,8,0.03571428571428571,207.75
10902,31,0.008602150537634409,82.80645161290323
10903,22,0.008658008658008658,106.45454545454545
10904,18,0.006535947712418301,70.33333333333333
10905,72,0.01134585289514867,100.91666666666667
10906,7,0.0,93.14285714285714
10907,10,0.0,70.4
10908,11,0.05454545454545454,80.45454545454545
10909,43,0.01107419712070875,73.51162790697674
10910,72,0.018388106416275432,119.66666666666667
10911,8,0.0,52.75
10912,5,0.0,41.2
10913,4,0.0,63.75
10914,17,0.007352941176470588,140.58823529411765
10915,1,0.0,108.0
10916,12,0.015151515151515152,43.75
10917,6,0.0,83.66666666666667
10918,42,0.03716608594657375,168.3095238095238
10919,2,0.0,36.5
10920,19,0.04093567251461988,225.31578947368422
10921,68,0.00877963125548727,78.80882352941177
10922,5,0.0,74.6
10923,115,0.006407322654462242,75.03478260869565
10924,32,0.006048387096774193,72.375
10925,48,0.0070921985815602835,70.39583333333333
10926,127,0.015748031496062992,113.39370078740157
10927,0,0.0,0.0
10928,26,0.006153846153846154,78.38461538461539
10929,39,0.018893387314439947,116.1025641025641
10930,23,0.023715415019762844,131.1304347826087
10931,64,0.020337301587301588,112.671875
10932,44,0.015856236786469344,107.97727272727273
10933,106,0.022102425876010783,133.73584905660377
10934,7,0.0,62.0
10935,13,0.0,101.23076923076923
10936,5,0.1,361.2
10937,16,0.016666666666666666,77.0
10938,7,0.0,43.714285714285715
10939,162,0.01196227283183805,100.79012345679013
10940,15,0.009523809523809525,79.53333333333333
10941,12,0.015151515151515152,72.41666666666667
10942,92,0.015766841853798376,108.03260869565217
10943,39,0.017543859649122806,115.84615384615384
10944,4,0.0,110.75
10945,25,0.02666666666666667,138.28
10946,14,0.01098901098901099,92.07142857142857
10947,5,0.0,68.6
10948,28,0.013227513227513227,98.82142857142857
10949,104,0.015123226288274831,111.09615384615384
10950,85,0.01288515406162465,95.14117647058823
10951,22,0.012987012987012988,71.22727272727273
10952,1,0.0,197.0
10953,13,0.0,107.23076923076923
10954,33,0.020833333333333332,102.15151515151516
10955,32,0.010080645161290322,81.4375
10956,1,0.0,88.0
10957,81,0.019444444444444445,123.1604938271605
10958,1,0.0,122.0
10959,4,0.16666666666666666,96.25
10960,74,0.01036653091447612,72.36486486486487
10961,3,0.0,63.333333333333336
10962,32,0.03225806451612903,136.03125
10963,6,0.0,69.16666666666667
10964,5,0.0,54.4
10965,2,0.0,30.0
10966,29,0.0,78.72413793103448
10967,8,0.0,63.625
10968,15,0.0,69.53333333333333
10969,15,0.0,64.0
10970,2,0.0,20.0
10971,3,0.0,98.33333333333333
10972,0,0.0,0.0
10973,8,0.0,93.875
10974,1,0.0,94.0
10975,50,0.0163265306122449,86.22
10976,26,0.027692307692307693,132.07692307692307
10977,20,0.02631578947368421,107.8
10978,35,0.011764705882352941,72.85714285714286
10979,15,0.009523809523809525,83.46666666666667
10980,167,0.012481061972440661,103.19161676646706
10981,69,0.008098891730605285,70.23188405797102
10982,78,0.016317016317016316,117.55128205128206
10983,1,0.0,92.0
10984,1,0.0,18.0
10985,4,0.0,39.0
10986,25,0.006666666666666667,107.64
10987,2,0.0,75.0
10988,37,0.021021021021021023,136.94594594594594
10989,19,0.005847953216374269,80.89473684210526
10990,4,0.0,101.0
10991,21,0.0,60.61904761904762
10992,14,0.01098901098901099,78.14285714285714
10993,59,0.0058445353594389245,81.30508474576271
10994,2,0.0,30.0
10995,15,0.0,61.46666666666667
10996,22,0.017316017316017316,80.54545454545455
10997,10,0.06666666666666667,217.2
10998,19,0.005847953216374269,88.57894736842105
10999,12,0.0,44.75
11000,15,0.02857142857142857,97.13333333333334
11001,16,0.016666666666666666,69.5625
11002,17,0.014705882352941176,79.47058823529412
11003,0,0.0,0.0
11004,11,0.01818181818181818,143.63636363636363
11005,8,0.0,78.0
11006,16,0.0,82.6875
11007,8,0.0,52.875
11008,6,0.0,104.16666666666667
11009,29,0.024630541871921183,103.51724137931035
11010,89,0.008937691521961185,79.02247191011236
11011,37,0.015015015015015015,87.72972972972973
11012,56,0.01038961038961039,100.64285714285714
11013,17,0.007352941176470588,94.6470588235294
11014,18,0.026143790849673203,107.94444444444444
11015,16,0.025,174.0
11016,46,0.01642512077294686,102.54347826086956
11017,1,0.0,70.0
11018,25,0.0033333333333333335,47.52
11019,7,0.09523809523809523,159.42857142857142
11020,24,0.0,75.91666666666667
11021,33,0.03409090909090909,124.33333333333333
11022,1,0.0,73.0
11023,1,0.0,70.0
11024,36,0.009523809523809525,75.72222222222223
11025,15,0.01904761904761905,95.06666666666666
11026,27,0.017094017094017096,92.5925925925926
11027,4,0.0,208.5
11028,224,0.015735105701473413,105.00446428571429
11029,0,0.0,0.0
11030,11,0.0,55.63636363636363
11031,0,0.0,0.0
11032,0,0.0,0.0
11033,15,0.009523809523809525,99.33333333333333
11034,9,0.0,64.44444444444444
11035,27,0.017094017094017096,109.25925925925925
11036,50,0.011428571428571429,104.68
11037,14,0.06593406593406594,123.42857142857143
11038,39,0.010796221322537112,81.82051282051282
11039,0,0.0,0.0
11040,8,0.03571428571428571,254.0
11041,7,0.0,70.85714285714286
11042,4,0.0,69.5
11043,1,0.0,10.0
11044,0,0.0,0.0
11045,25,0.016666666666666666,89.16
11046,19,0.023391812865497075,170.57894736842104
11047,7,0.0,156.42857142857142
11048,2,0.0,15.5
11049,32,0.014112903225806451,94.03125
11050,12,0.0,94.83333333333333
11051,9,0.05555555555555555,104.0
11052,34,0.012477718360071301,114.6470588235294
11053,119,0.01424298532972511,98.80672268907563
11054,171,0.014035087719298246,105.47953216374269
11055,23,0.007905138339920948,74.52173913043478
11056,11,0.01818181818181818,92.63636363636364
11057,22,0.008658008658008658,96.0909090909091
11058,23,0.023715415019762844,86.82608695652173
11059,43,0.01107419712070875,99.55813953488372
11060,15,0.0,118.53333333333333
11061,9,0.0,71.33333333333333
11062,24,0.007246376811594203,80.66666666666667
11063,5,0.1,182.4
11064,147,0.015096449538719598,107.6938775510204
11065,58,0.0102843315184513,94.41379310344827
11066,24,0.021739130434782608,114.75
11067,15,0.009523809523809525,143.53333333333333
11068,8,0.03571428571428571,61.375
11069,21,0.023809523809523808,122.95238095238095
11070,16,0.0,61.4375
11071,150,0.01977628635346756,109.10666666666667
11072,51,0.01019607843137255,90.56862745098039
11073,27,0.014245014245014245,98.29629629629629
11074,1,0.0,18.0
11075,6,0.0,118.0
11076,1,0.0,125.0
11077,40,0.007692307692307693,66.95
11078,27,0.0,87.07407407407408
11079,80,0.02341772151898734,136.0
11080,202,0.016846460765479535,111.35643564356435
11081,7,0.0,102.28571428571429
11082,6,0.0,60.833333333333336
11083,6,0.0,48.166666666666664
11084,16,0.025,147.0
11085,4,0.0,83.25
11086,5,0.0,53.6
11087,64,0.010416666666666666,84.1875
11088,23,0.003952569169960474,77.8695652173913
11089,31,0.012903225806451613,93.16129032258064
11090,21,0.009523809523809525,133.33333333333334
11091,45,0.005050505050505051,73.73333333333333
11092,77,0.007177033492822967,78.02597402597402
11093,65,0.009615384615384616,91.47692307692307
11094,2,0.0,54.5
11095,9,0.0,62.44444444444444
11096,3,0.0,41.0
11097,15,0.009523809523809525,87.46666666666667
11098,83,0.01616220981486923,114.91566265060241
11099,33,0.001893939393939394,57.75757575757576
11100,89,0.012257405515832482,89.19101123595506
11101,308,0.012944710013113921,99.63636363636364
11102,7,0.0,57.714285714285715
11103,28,0.010582010582010581,101.89285714285714
11104,53,0.007982583454281567,95.9622641509434
11105,66,0.012587412587412588,97.86363636363636
11106,368,0.013757256249259567,100.60326086956522
11107,9,0.0,101.33333333333333
11108,88,0.01123301985370951,95.47727272727273
11109,3,0.0,56.0
11110,2,0.0,97.5
11111,18,0.0,60.111111111111114
11112,16,0.008333333333333333,69.4375
11113,21,0.009523809523809525,55.80952380952381
11114,19,0.017543859649122806,95.6842105263158
11115,4,0.0,89.75
11116,5,0.0,97.0
11117,72,0.014084507042253521,106.29166666666667
11118,175,0.014318555008210181,99.37142857142857
11119,20,0.015789473684210527,58.05
11120,5,0.0,163.8
11121,66,0.022377622377622378,118.07575757575758
11122,9,0.027777777777777776,153.88888888888889
11123,253,0.013457556935817806,102.24505928853755
11124,0,0.0,0.0
11125,5,0.0,59.0
11126,33,0.013257575757575758,122.60606060606061
11127,43,0.012181616832779624,98.67441860465117
11128,0,0.0,0.0
11129,4,0.0,39.25
11130,3,0.0,30.0
11131,3,0.0,22.0
11132,8,0.0,197.0
11133,3,0.3333333333333333,129.33333333333334
11134,57,0.022556390977443608,141.89473684210526
11135,5,0.0,28.2
11136,26,0.012307692307692308,113.96153846153847
11137,18,0.013071895424836602,108.44444444444444
11138,3,0.0,46.0
11139,2,0.0,68.0
11140,4,0.0,70.0
11141,0,0.0,0.0
11142,36,0.014285714285714285,84.80555555555556
11143,59,0.014026884862653419,85.0
11144,5,0.0,56.8
11145,0,0.0,0.0
11146,7,0.0,57.285714285714285
11147,0,0.0,0.0
11148,2,0.0,115.0
11149,2,0.0,411.0
11150,20,0.021052631578947368,152.85
11151,7,0.0,51.285714285714285
11152,52,0.00904977375565611,78.76923076923077
11153,9,0.027777777777777776,127.11111111111111
11154,6,0.0,69.83333333333333
11155,5,0.0,25.2
11156,39,0.020242914979757085,128.51282051282053
11157,41,0.00975609756097561,98.1219512195122
11158,11,0.0,65.81818181818181
11159,10,0.0,157.2
11160,20,0.031578947368421054,186.6
11161,46,0.005797101449275362,73.84782608695652
11162,45,0.014141414141414142,111.88888888888889
11163,0,0.0,0.0
11164,26,0.009230769230769232,121.76923076923077
11165,144,0.016414141414141416,105.57638888888889
11166,37,0.018018018018018018,117.94594594594595
11167,40,0.02564102564102564,127.575
11168,64,0.00744047619047619,86.5
11169,18,0.006535947712418301,93.05555555555556
11170,0,0.0,0.0
11171,29,0.007389162561576354,58.793103448275865
11172,35,0.005042016806722689,84.77142857142857
11173,36,0.007936507936507936,81.08333333333333
11174,30,0.006896551724137931,95.5
11175,6,0.0,112.83333333333333
11176,12,0.045454545454545456,120.66666666666667
11177,9,0.027777777777777776,100.66666666666667
11178,1,0.0,86.0
11179,7,0.0,89.28571428571429
11180,18,0.006535947712418301,85.83333333333333
11181,1,0.0,66.0
11182,20,0.005263157894736842,61.5
11183,32,0.004032258064516129,80.25
11184,68,0.01141352063213345,86.38235294117646
11185,86,0.015047879616963064,105.0
11186,31,0.023655913978494623,108.41935483870968
11187,27,0.005698005698005698,93.22222222222223
11188,56,0.014285714285714285,108.94642857142857
11189,26,0.012307692307692308,79.34615384615384
11190,56,0.016883116883116882,97.58928571428571
11191,21,0.01904761904761905,79.76190476190476
11192,14,0.0,80.57142857142857
11193,17,0.014705882352941176,117.23529411764706
11194,1,0.0,645.0
11195,74,0.025175860792299148,137.2027027027027
11196,5,0.0,78.6
11197,8,0.0,80.875
11198,14,0.0,80.85714285714286
11199,1,0.0,61.0
11200,6,0.0,89.0
11201,250,0.011309236947791165,91.928
11202,9,0.027777777777777776,123.44444444444444
11203,4,0.0,114.5
11204,19,0.029239766081871343,182.47368421052633
11205,31,0.01935483870967742,136.90322580645162
11206,23,0.003952569169960474,80.21739130434783
11207,13,0.01282051282051282,92.6923076923077
11208,14,0.01098901098901099,104.64285714285714
11209,76,0.009122807017543859,78.17105263157895
11210,14,0.01098901098901099,78.71428571428571
11211,34,0.0106951871657754,94.23529411764706
11212,2,0.0,49.5
11213,71,0.012474849094567404,114.50704225352112
11214,10,0.0,43.8
11215,16,0.008333333333333333,79.6875
11216,34,0.0142602495543672,126.29411764705883
11217,39,0.021592442645074223,134.97435897435898
11218,0,0.0,0.0
11219,18,0.006535947712418301,87.94444444444444
11220,31,0.0064516129032258064,86.3225806451613
11221,54,0.009084556254367574,85.42592592592592
11222,17,0.0,101.76470588235294
11223,46,0.02608695652173913,137.52173913043478
11224,149,0.012153092690005442,99.9261744966443
11225,124,0.011146079202727512,89.43548387096774
11226,148,0.009928295642581356,83.89189189189189
11227,49,0.013605442176870748,85.77551020408163
11228,6,0.0,94.5
11229,6,0.0,86.83333333333333
11230,2,0.0,20.0
11231,23,0.011857707509881422,72.8695652173913
11232,91,0.017582417582417582,115.73626373626374
11233,3,0.0,111.0
11234,12,0.0,53.416666666666664
11235,2,0.0,30.5
11236,2,0.0,29.0
11237,44,0.015856236786469344,87.88636363636364
11238,2,0.0,68.0
11239,39,0.012145748987854251,96.8974358974359
11240,56,0.007792207792207792,77.16071428571429
11241,0,0.0,0.0
11242,9,0.0,114.22222222222223
11243,15,0.01904761904761905,86.53333333333333
11244,9,0.05555555555555555,58.111111111111114
11245,6,0.0,20.833333333333332
11246,57,0.023182957393483708,109.66666666666667
11247,0,0.0,0.0
11248,104,0.014936519790888723,107.35576923076923
11249,9,0.0,108.33333333333333
11250,519,0.013576747680793923,101.53371868978806
11251,53,0.010159651669085631,79.75471698113208
11252,4,0.0,119.25
11253,3,0.0,41.0
11254,21,0.004761904761904762,85.14285714285714
11255,161,0.013354037267080746,103.27329192546584
11256,115,0.020289855072463767,126.24347826086957
11257,94,0.01098146877144818,90.53191489361703
11258,15,0.009523809523809525,82.4
11259,42,0.006968641114982578,91.28571428571429
11260,19,0.03508771929824561,107.63157894736842
11261,22,0.0,80.81818181818181
11262,13,0.0,97.3076923076923
11263,3,0.0,114.33333333333333
11264,7,0.047619047619047616,204.0
11265,5,0.0,54.6
11266,7,0.0,94.28571428571429
11267,5,0.0,52.6
11268,38,0.007112375533428165,81.65789473684211
11269,37,0.013513513513513514,75.29729729729729
11270,47,0.008325624421831638,86.8936170212766
11271,45,0.011111111111111112,94.4888888888889
11272,34,0.008912655971479501,117.94117647058823
11273,25,0.0,56.96
11274,9,0.027777777777777776,105.22222222222223
11275,13,0.0,67.61538461538461
11276,2,0.0,183.0
11277,15,0.009523809523809525,63.06666666666667
11278,24,0.014492753623188406,112.91666666666667
11279,4,0.0,90.5
11280,55,0.0053872053872053875,79.69090909090909
11281,47,0.01572617946345976,111.12765957446808
11282,23,0.011857707509881422,89.0
11283,63,0.011264720942140297,93.41269841269842
11284,48,0.007978723404255319,83.75
11285,103,0.011993146773272416,83.33009708737865
11286,2,0.0,119.5
11287,9,0.027777777777777776,114.33333333333333
11288,192,0.01930628272251309,124.921875
11289,60,0.015819209039548022,102.91666666666667
11290,7,0.0,51.142857142857146
11291,23,0.0,45.91304347826087
11292,54,0.02585604472396925,133.53703703703704
11293,15,0.01904761904761905,57.666666666666664
11294,32,0.012096774193548387,116.875
11295,14,0.07692307692307693,280.7142857142857
11296,0,0.0,0.0
11297,11,0.0,49.81818181818182
11298,37,0.010510510510510511,83.48648648648648
11299,29,0.017241379310344827,102.0
11300,41,0.02195121951219512,116.48780487804878
11301,6,0.0,36.666666666666664
11302,0,0.0,0.0
11303,11,0.05454545454545454,94.9090909090909
11304,57,0.008771929824561403,92.75438596491227
11305,2,0.0,44.0
11306,19,0.017543859649122806,102.6842105263158
11307,32,0.020161290322580645,145.15625
11308,14,0.02197802197802198,82.92857142857143
11309,24,0.010869565217391304,121.95833333333333
11310,2,0.0,52.5
11311,6,0.06666666666666667,116.83333333333333
11312,1,0.0,5.0
11313,10,0.022222222222222223,82.1
11314,9,0.027777777777777776,73.77777777777777
11315,61,0.012568306010928962,100.24590163934427
11316,2,0.0,61.0
11317,93,0.015194015895278168,103.29032258064517
11318,5,0.0,55.6
11319,5,0.0,84.0
11320,5,0.0,233.4
11321,1,0.0,65.0
11322,38,0.00995732574679943,96.52631578947368
11323,18,0.0,90.22222222222223
11324,1,0.0,235.0
11325,1,0.0,110.0
11326,41,0.003658536585365854,71.41463414634147
11327,10,0.022222222222222223,91.4
11328,17,0.007352941176470588,85.17647058823529
11329,22,0.021645021645021644,123.0909090909091
11330,15,0.0,63.93333333333333
11331,18,0.0,94.27777777777777
11332,80,0.013924050632911392,98.325
11333,84,0.017498565691336777,118.70238095238095
11334,1,0.0,44.0
11335,10,0.022222222222222223,59.8
11336,9,0.0,79.22222222222223
11337,0,0.0,0.0
11338,71,0.014084507042253521,111.46478873239437
11339,16,0.008333333333333333,108.0625
11340,4,0.0,47.5
11341,2,0.0,29.5
11342,52,0.010558069381598794,85.53846153846153
11343,17,0.014705882352941176,84.41176470588235
11344,5,0.0,65.4
11345,143,0.012804097311139564,94.97202797202797
11346,87,0.02619620422346966,130.70114942528735
11347,81,0.014197530864197531,111.92592592592592
11348,1,0.0,36.0
11349,23,0.003952569169960474,69.73913043478261
11350,68,0.012730465320456541,104.67647058823529
11351,0,0.0,0.0
11352,12,0.0,77.5
11353,97,0.014604810996563574,109.98969072164948
11354,19,0.0,48.0
11355,19,0.005847953216374269,71.05263157894737
11356,27,0.022792022792022793,112.81481481481481
11357,1,0.0,24.0
11358,41,0.018292682926829267,120.97560975609755
11359,31,0.017204301075268817,88.90322580645162
11360,13,0.01282051282051282,80.6923076923077
11361,14,0.0,104.28571428571429
11362,4,0.0,63.25
11363,48,0.016843971631205674,111.1875
11364,26,0.018461538461538463,119.46153846153847
11365,8,0.0,74.25
11366,31,0.008602150537634409,73.29032258064517
11367,16,0.008333333333333333,102.0
11368,26,0.04,137.6153846153846
11369,15,0.01904761904761905,79.66666666666667
11370,4,0.0,54.75
11371,21,0.014285714285714285,96.80952380952381
11372,4,0.0,94.5
11373,88,0.016457680250783698,113.22727272727273
11374,23,0.019762845849802372,92.26086956521739
11375,60,0.010169491525423728,96.18333333333334
11376,7,0.0,126.14285714285714
11377,61,0.013114754098360656,103.9672131147541
11378,42,0.009291521486643438,94.16666666666667
11379,6,0.0,111.16666666666667
11380,3,0.0,55.0
11381,0,0.0,0.0
11382,13,0.0,80.61538461538461
11383,3,0.0,59.666666666666664
11384,49,0.01445578231292517,103.83673469387755
11385,61,0.018032786885245903,96.54098360655738
11386,11,0.01818181818181818,139.54545454545453
11387,21,0.009523809523809525,110.66666666666667
11388,4,0.0,179.0
11389,16,0.008333333333333333,98.875
11390,13,0.02564102564102564,98.15384615384616
11391,122,0.010296707763175721,84.09016393442623
11392,1,0.0,27.0
11393,73,0.016362252663622526,98.0
11394,6,0.06666666666666667,103.5
11395,73,0.01141552511415525,86.9041095890411
11396,4,0.3333333333333333,248.75
11397,89,0.011235955056179775,95.29213483146067
11398,3,0.0,67.33333333333333
11399,25,0.01,107.6
11400,2,0.0,22.5
11401,3,0.0,73.33333333333333
11402,25,0.03,101.56
11403,42,0.023228803716608595,128.16666666666666
11404,23,0.02766798418972332,147.8695652173913
11405,50,0.014693877551020407,105.14
11406,89,0.016087844739530132,123.62921348314607
11407,2,0.0,19.0
11408,15,0.0380952380952381,112.4
11409,51,0.01411764705882353,113.86274509803921
11410,21,0.0380952380952381,169.23809523809524
11411,1,0.0,37.0
11412,21,0.009523809523809525,62.80952380952381
11413,15,0.01904761904761905,122.46666666666667
11414,12,0.0,80.25
11415,128,0.011687992125984252,89.5703125
11416,92,0.011227902532250358,98.22826086956522
11417,40,0.026923076923076925,145.8
11418,14,0.01098901098901099,160.64285714285714
11419,47,0.024051803885291396,131.04255319148936
11420,10,0.0,204.3
11421,16,0.008333333333333333,78.4375
11422,6,0.0,52.333333333333336
11423,20,0.005263157894736842,91.5
11424,3,0.0,22.333333333333332
11425,64,0.017857142857142856,116.765625
11426,30,0.013793103448275862,81.66666666666667
11427,2,0.0,39.0
11428,3,0.0,74.66666666666667
11429,9,0.0,44.666666666666664
11430,57,0.018796992481203006,105.28070175438596
11431,4,0.0,63.0
11432,6,0.0,56.333333333333336
11433,0,0.0,0.0
11434,93,0.01168770453482936,93.56989247311827
11435,20,0.015789473684210527,77.2
11436,3,0.0,111.33333333333333
11437,0,0.0,0.0
11438,50,0.011428571428571429,102.84
11439,4,0.0,62.25
11440,1,0.0,52.0
11441,23,0.007905138339920948,97.0
11442,108,0.013326410522672204,86.68518518518519
11443,19,0.023391812865497075,153.78947368421052
11444,64,0.010416666666666666,86.359375
11445,35,0.020168067226890758,129.42857142857142
11446,16,0.03333333333333333,91.6875
11447,48,0.01152482269503546,112.83333333333333
11448,15,0.02857142857142857,102.46666666666667
11449,31,0.015053763440860216,99.61290322580645
11450,8,0.0,90.375
11451,40,0.010256410256410256,91.8
11452,3,0.0,48.0
11453,60,0.022598870056497175,118.55
11454,7,0.0,37.857142857142854
11455,38,0.017069701280227598,112.78947368421052
11456,11,0.01818181818181818,113.63636363636364
11457,41,0.01707317073170732,118.90243902439025
11458,74,0.021473528322843393,142.04054054054055
11459,28,0.015873015873015872,95.64285714285714
11460,15,0.02857142857142857,170.0
11461,119,0.011394388263780088,103.61344537815125
11462,4,0.0,52.25
11463,79,0.016553067185978577,121.82278481012658
11464,20,0.021052631578947368,86.85
11465,22,0.008658008658008658,101.95454545454545
11466,9,0.0,84.11111111111111
11467,22,0.008658008658008658,92.95454545454545
11468,104,0.01176250933532487,95.71153846153847
11469,22,0.03463203463203463,182.22727272727272
11470,19,0.011695906432748537,102.3157894736842
11471,12,0.030303030303030304,203.66666666666666
11472,42,0.005807200929152149,84.23809523809524
11473,21,0.009523809523809525,155.04761904761904
11474,35,0.018487394957983194,115.14285714285714
11475,3,0.0,254.33333333333334
11476,68,0.014925373134328358,104.76470588235294
11477,94,0.014184397163120567,108.85106382978724
11478,31,0.012903225806451613,102.06451612903226
11479,16,0.041666666666666664,149.875
11480,63,0.013312852022529442,104.82539682539682
11481,61,0.012021857923497269,92.63934426229508
11482,42,0.022067363530778164,120.85714285714286
11483,30,0.011494252873563218,110.23333333333333
11484,67,0.016282225237449117,119.56716417910448
11485,48,0.0070921985815602835,109.33333333333333
11486,31,0.017204301075268817,117.83870967741936
11487,16,0.0,92.0625
11488,14,0.01098901098901099,91.21428571428571
11489,5,0.0,89.6
11490,69,0.017050298380221655,123.3623188405797
11491,16,0.008333333333333333,63.25
11492,5,0.0,59.0
11493,20,0.021052631578947368,123.95
11494,6,0.0,167.0
11495,1,0.0,255.0
11496,11,0.03636363636363636,105.54545454545455
11497,0,0.0,0.0
11498,8,0.0,78.625
11499,23,0.02766798418972332,132.69565217391303
11500,18,0.0,87.88888888888889
11501,4,0.16666666666666666,50.25
11502,5,0.0,52.2
11503,49,0.01020408163265306,96.26530612244898
11504,15,0.0,59.13333333333333
11505,148,0.013329656186799044,106.4391891891892
11506,10,0.0,126.6
11507,27,0.002849002849002849,81.07407407407408
11508,31,0.004301075268817204,75.51612903225806
11509,6,0.0,53.833333333333336
11510,17,0.014705882352941176,96.82352941176471
11511,17,0.0,76.05882352941177
11512,13,0.0,92.53846153846153
11513,61,0.015846994535519125,104.09836065573771
11514,44,0.006342494714587738,89.18181818181819
11515,19,0.029239766081871343,146.26315789473685
11516,4,0.0,38.25
11517,114,0.012420431609998447,97.0
11518,2,0.0,39.0
11519,29,0.009852216748768473,122.34482758620689
11520,15,0.0,47.2
11521,55,0.011447811447811448,88.36363636363636
11522,18,0.0392156862745098,173.27777777777777
11523,5,0.0,44.4
11524,26,0.012307692307692308,104.11538461538461
11525,49,0.016156462585034014,95.44897959183673
11526,34,0.0196078431372549,97.55882352941177
11527,5,0.0,87.0
11528,1,0.0,133.0
11529,8,0.0,246.875
11530,19,0.0,44.1578947368421
11531,37,0.015015015015015015,87.89189189189189
11532,20,0.005263157894736842,88.9
11533,33,0.026515151515151516,137.06060606060606
11534,36,0.007936507936507936,68.47222222222223
11535,4,0.0,8.0
11536,53,0.01741654571843251,119.60377358490567
11537,22,0.017316017316017316,92.5
11538,3,0.0,145.66666666666666
11539,23,0.019762845849802372,114.0
11540,11,0.0,117.63636363636364
11541,7,0.0,84.14285714285714
11542,7,0.047619047619047616,32.42857142857143
11543,1,0.0,153.0
11544,40,0.016666666666666666,109.45
11545,17,0.007352941176470588,99.11764705882354
11546,10,0.0,112.1
11547,11,0.0,111.0909090909091
11548,11,0.01818181818181818,84.9090909090909
11549,217,0.01348352961256187,106.07834101382488
11550,123,0.009462881514061043,89.96747967479675
11551,1,0.0,140.0
11552,1,0.0,89.0
11553,9,0.0,83.77777777777777
11554,79,0.020772476468679,131.31645569620252
11555,8,0.0,56.375
11556,18,0.006535947712418301,74.27777777777777
11557,23,0.007905138339920948,101.3913043478261
11558,2,0.0,10.5
11559,20,0.005263157894736842,51.25
11560,4,0.0,88.5
11561,0,0.0,0.0
11562,60,0.00847457627118644,101.43333333333334
11563,4,0.0,59.25
11564,6,0.0,46.5
11565,111,0.009172809172809172,85.70270270270271
11566,4,0.0,39.5
11567,11,0.09090909090909091,189.0909090909091
11568,3,0.3333333333333333,124.66666666666667
11569,40,0.005128205128205128,70.8
11570,0,0.0,0.0
11571,1,0.0,44.0
11572,45,0.011111111111111112,108.62222222222222
11573,2,0.0,121.0
11574,10,0.0,95.9
11575,9,0.0,104.33333333333333
11576,5,0.0,114.6
11577,1,0.0,98.0
11578,44,0.012684989429175475,77.36363636363636
11579,52,0.021116138763197588,115.23076923076923
11580,7,0.0,117.57142857142857
11581,28,0.0026455026455026454,81.25
11582,21,0.0,71.28571428571429
11583,73,0.007990867579908675,85.21917808219177
11584,100,0.009696969696969697,90.16
11585,68,0.004828797190517998,72.0
11586,9,0.027777777777777776,118.66666666666667
11587,14,0.02197802197802198,105.07142857142857
11588,1,0.0,82.0
11589,35,0.0067226890756302525,99.14285714285714
11590,9,0.0,76.44444444444444
11591,23,0.0,85.3913043478261
11592,26,0.015384615384615385,103.61538461538461
11593,6,0.0,67.0
11594,1,0.0,17.0
11595,10,0.0,90.7
11596,56,0.014285714285714285,103.01785714285714
11597,1,0.0,21.0
11598,25,0.0,76.08
11599,27,0.014245014245014245,110.25925925925925
11600,80,0.02278481012658228,121.4
11601,63,0.017921146953405017,146.12698412698413
11602,12,0.09090909090909091,149.33333333333334
11603,10,0.0,97.1
11604,11,0.0,140.36363636363637
11605,19,0.011695906432748537,58.0
11606,18,0.0196078431372549,152.88888888888889
11607,11,0.0,64.0909090909091
11608,4,0.0,70.5
11609,45,0.021212121212121213,108.57777777777778
11610,73,0.00837138508371385,78.68493150684931
11611,24,0.03260869565217391,124.54166666666667
11612,16,0.0,61.875
11613,17,0.014705882352941176,104.47058823529412
11614,3,0.0,61.333333333333336
11615,55,0.026936026936026935,160.27272727272728
11616,93,0.01332398316970547,103.0
11617,16,0.025,223.6875
11618,17,0.03676470588235294,140.94117647058823
11619,4,0.16666666666666666,149.5
11620,11,0.01818181818181818,125.27272727272727
11621,4,0.0,33.5
11622,13,0.0,89.23076923076923
11623,4,0.16666666666666666,99.75
11624,46,0.020289855072463767,132.2173913043478
11625,18,0.0,83.77777777777777
11626,1,0.0,45.0
11627,7,0.0,93.71428571428571
11628,7,0.09523809523809523,99.0
11629,7,0.0,44.714285714285715
11630,11,0.0,48.0
11631,67,0.005427408412483039,84.76119402985074
11632,1,0.0,133.0
11633,23,0.015810276679841896,72.26086956521739
11634,5,0.0,74.8
11635,6,0.0,129.66666666666666
11636,0,0.0,0.0
11637,7,0.0,107.85714285714286
11638,63,0.026113671274961597,121.38095238095238
11639,0,0.0,0.0
11640,6,0.0,164.16666666666666
11641,14,0.0,104.07142857142857
11642,0,0.0,0.0
11643,21,0.02857142857142857,180.71428571428572
11644,16,0.05,99.1875
11645,15,0.009523809523809525,92.46666666666667
11646,5,0.0,84.6
11647,51,0.014901960784313726,122.82352941176471
11648,32,0.034274193548387094,166.59375
11649,82,0.012646793134598013,97.97560975609755
11650,13,0.01282051282051282,65.15384615384616
11651,250,0.013461847389558234,100.556
11652,12,0.015151515151515152,80.83333333333333
11653,49,0.015306122448979591,106.75510204081633
11654,7,0.0,56.57142857142857
11655,37,0.010510510510510511,88.02702702702703
11656,13,0.0,70.3076923076923
11657,36,0.03015873015873016,136.25
11658,8,0.0,96.875
11659,90,0.01373283395755306,100.6
11660,4,0.16666666666666666,195.0
11661,21,0.014285714285714285,70.0952380952381
11662,1,0.0,54.0
11663,24,0.021739130434782608,113.54166666666667
11664,5,0.1,329.2
11665,2,0.0,45.5
11666,66,0.022377622377622378,146.95454545454547
11667,4,0.0,69.25
11668,21,0.009523809523809525,131.52380952380952
11669,2,0.0,44.5
11670,6,0.0,124.83333333333333
11671,14,0.0,66.5
11672,13,0.0,137.76923076923077
11673,10,0.022222222222222223,239.4
11674,15,0.009523809523809525,81.33333333333333
11675,61,0.01366120218579235,106.04918032786885
11676,15,0.009523809523809525,90.33333333333333
11677,15,0.01904761904761905,174.53333333333333
11678,6,0.0,77.33333333333333
11679,15,0.0,56.8
11680,14,0.0,65.14285714285714
11681,45,0.013131313131313131,107.55555555555556
11682,20,0.021052631578947368,162.1
11683,80,0.00949367088607595,87.8375
11684,6,0.06666666666666667,148.83333333333334
11685,22,0.008658008658008658,81.81818181818181
11686,4,0.0,37.25
11687,8,0.0,51.75
11688,3,0.0,132.66666666666666
11689,0,0.0,0.0
11690,22,0.004329004329004329,82.95454545454545
11691,1,0.0,66.0
11692,47,0.005550416281221091,74.70212765957447
11693,9,0.05555555555555555,117.22222222222223
11694,31,0.012903225806451613,112.61290322580645
11695,12,0.015151515151515152,75.08333333333333
11696,4,0.0,48.5
11697,63,0.019969278033794162,109.76190476190476
11698,0,0.0,0.0
11699,20,0.005263157894736842,89.3
11700,0,0.0,0.0
11701,4,0.16666666666666666,37.75
11702,22,0.0,90.54545454545455
11703,32,0.020161290322580645,90.8125
11704,42,0.009291521486643438,91.38095238095238
11705,16,0.041666666666666664,178.25
11706,2,0.0,131.0
11707,14,0.03296703296703297,123.0
11708,21,0.0,77.19047619047619
11709,16,0.008333333333333333,64.5625
11710,12,0.0,79.33333333333333
11711,38,0.02275960170697013,122.47368421052632
11712,8,0.0,94.75
11713,20,0.05263157894736842,224.4
11714,29,0.0049261083743842365,85.55172413793103
11715,23,0.019762845849802372,102.8695652173913
11716,38,0.004267425320056899,73.6842105263158
11717,0,0.0,0.0
11718,85,0.00980392156862745,88.50588235294117
11719,30,0.013793103448275862,104.4
11720,155,0.010054461667364893,93.94193548387096
11721,31,0.015053763440860216,102.35483870967742
11722,3,0.0,63.333333333333336
11723,15,0.009523809523809525,61.4
11724,12,0.015151515151515152,79.41666666666667
11725,2,0.0,81.5
11726,26,0.012307692307692308,101.11538461538461
11727,2,0.0,165.0
11728,237,0.013730959021669169,97.15189873417721
11729,44,0.007399577167019027,65.27272727272727
11730,6,0.0,137.33333333333334
11731,10,0.0,126.9
11732,8,0.0,67.625
11733,19,0.023391812865497075,121.05263157894737
11734,15,0.009523809523809525,94.33333333333333
11735,39,0.016194331983805668,96.51282051282051
11736,2,0.0,173.5
11737,0,0.0,0.0
11738,7,0.0,118.42857142857143
11739,6,0.0,56.0
11740,6,0.0,92.83333333333333
11741,45,0.010101010101010102,96.4
11742,15,0.009523809523809525,123.2
11743,19,0.011695906432748537,74.42105263157895
11744,25,0.016666666666666666,61.68
11745,0,0.0,0.0
11746,62,0.008989952406134321,73.14516129032258
11747,51,0.009411764705882352,78.27450980392157
11748,13,0.01282051282051282,92.84615384615384
11749,38,0.008534850640113799,81.97368421052632
11750,16,0.008333333333333333,59.25
11751,31,0.004301075268817204,51.0
11752,1,0.0,29.0
11753,28,0.010582010582010581,78.46428571428571
11754,6,0.0,53.0
11755,115,0.016475972540045767,105.03478260869565
11756,26,0.015384615384615385,113.0
11757,12,0.045454545454545456,106.33333333333333
11758,17,0.029411764705882353,167.41176470588235
11759,48,0.018617021276595744,114.91666666666667
11760,26,0.006153846153846154,123.92307692307692
11761,4,0.0,77.25
11762,37,0.006006006006006006,87.16216216216216
11763,64,0.011904761904761904,82.59375
11764,14,0.02197802197802198,129.64285714285714
11765,13,0.02564102564102564,77.15384615384616
11766,166,0.01190215407082877,93.46385542168674
11767,17,0.029411764705882353,157.2941176470588
11768,5,0.0,68.8
11769,28,0.005291005291005291,58.32142857142857
11770,2,0.0,43.5
11771,40,0.011538461538461539,106.775
11772,7,0.0,71.0
11773,7,0.047619047619047616,105.28571428571429
11774,3,0.0,133.33333333333334
11775,42,0.010452961672473868,94.73809523809524
11776,6,0.0,68.66666666666667
11777,35,0.008403361344537815,106.62857142857143
11778,40,0.007692307692307693,94.9
11779,23,0.0,64.30434782608695
11780,13,0.0,113.07692307692308
11781,2,0.0,82.5
11782,93,0.01332398316970547,109.61290322580645
11783,9,0.0,78.88888888888889
11784,5,0.0,78.4
11785,43,0.013289036544850499,92.09302325581395
11786,8,0.03571428571428571,197.75
11787,62,0.014278159703860392,111.95161290322581
11788,28,0.023809523809523808,136.82142857142858
11789,7,0.0,61.714285714285715
11790,5,0.0,88.0
11791,0,0.0,0.0
11792,79,0.009737098344693282,89.53164556962025
11793,57,0.015037593984962405,106.2280701754386
11794,69,0.014066496163682864,83.73913043478261
11795,12,0.030303030303030304,154.16666666666666
11796,1,0.0,51.0
11797,5,0.2,123.8
11798,30,0.020689655172413793,155.73333333333332
11799,8,0.0,29.0
11800,9,0.0,90.22222222222223
11801,5,0.0,42.2
11802,47,0.014801110083256245,103.82978723404256
11803,12,0.030303030303030304,129.91666666666666
11804,12,0.0,106.83333333333333
11805,79,0.012982797792924375,79.84810126582279
11806,129,0.01247577519379845,90.18604651162791
11807,59,0.008766803039158387,79.69491525423729
11808,27,0.005698005698005698,89.96296296296296
11809,13,0.0,135.46153846153845
11810,3,0.0,160.66666666666666
11811,8,0.03571428571428571,111.25
11812,88,0.012016718913270637,84.17045454545455
11813,16,0.03333333333333333,186.5
11814,11,0.01818181818181818,90.27272727272727
11815,80,0.012025316455696202,92.525
11816,33,0.007575757575757576,73.63636363636364
11817,2,0.0,41.5
11818,6,0.0,34.666666666666664
11819,14,0.0,82.5
11820,28,0.010582010582010581,100.78571428571429
11821,4,0.0,140.5
11822,45,0.012121212121212121,95.88888888888889
11823,33,0.011363636363636364,101.42424242424242
11824,44,0.0200845665961945,127.38636363636364
11825,1,0.0,149.0
11826,23,0.015810276679841896,85.47826086956522
11827,16,0.008333333333333333,77.0625
11828,12,0.0,41.166666666666664
11829,17,0.0,65.88235294117646
11830,6,0.0,64.0
11831,7,0.0,81.71428571428571
11832,8,0.0,91.25
11833,33,0.017045454545454544,127.54545454545455
11834,35,0.0067226890756302525,96.17142857142858
11835,3,0.0,71.66666666666667
11836,26,0.003076923076923077,75.88461538461539
11837,76,0.023859649122807018,141.23684210526315
11838,107,0.012343502027861048,105.32710280373831
11839,5,0.0,121.2
11840,10,0.0,70.1
11841,1,0.0,134.0
11842,37,0.012012012012012012,112.70270270270271
11843,13,0.02564102564102564,74.46153846153847
11844,3,0.0,603.6666666666666
11845,163,0.012118457926228888,96.98159509202453
11846,12,0.0,55.916666666666664
11847,30,0.004597701149425287,71.66666666666667
11848,25,0.013333333333333334,80.08
11849,7,0.0,98.0
11850,36,0.011111111111111112,108.94444444444444
11851,0,0.0,0.0
11852,108,0.012807199723087574,102.88888888888889
11853,4,0.0,66.0
11854,16,0.0,84.625
11855,4,0.0,78.75
11856,14,0.0,119.78571428571429
11857,3,0.0,123.0
11858,9,0.0,54.77777777777778
11859,5,0.1,114.4
11860,12,0.0,82.58333333333333
11861,69,0.01619778346121057,101.21739130434783
11862,25,0.0,73.0
11863,15,0.009523809523809525,101.46666666666667
11864,5,0.0,158.8
11865,5,0.0,107.4
11866,31,0.008602150537634409,83.35483870967742
11867,4,0.0,63.0
11868,20,0.0,82.15
11869,0,0.0,0.0
11870,10,0.0,41.8
11871,12,0.0,113.75
11872,44,0.007399577167019027,75.20454545454545
11873,75,0.016216216216216217,106.02666666666667
11874,29,0.012315270935960592,88.58620689655173
11875,17,0.03676470588235294,141.1764705882353
11876,22,0.012987012987012988,110.0
11877,8,0.0,90.125
11878,58,0.019963702359346643,123.37931034482759
11879,9,0.027777777777777776,164.55555555555554
11880,39,0.018893387314439947,101.38461538461539
11881,14,0.04395604395604396,112.0
11882,11,0.03636363636363636,108.54545454545455
11883,15,0.02857142857142857,120.06666666666666
11884,23,0.003952569169960474,107.08695652173913
11885,1,0.0,191.0
11886,13,0.02564102564102564,104.76923076923077
11887,16,0.016666666666666666,61.8125
11888,1,0.0,36.0
11889,58,0.018148820326678767,106.24137931034483
11890,20,0.010526315789473684,73.5
11891,35,0.020168067226890758,137.37142857142857
11892,32,0.014112903225806451,100.3125
11893,0,0.0,0.0
11894,25,0.01,93.52
11895,47,0.014801110083256245,107.25531914893617
11896,63,0.011264720942140297,85.33333333333333
11897,19,0.011695906432748537,117.10526315789474
11898,18,0.013071895424836602,107.22222222222223
11899,87,0.014701951349906442,102.96551724137932
11900,32,0.020161290322580645,98.1875
11901,18,0.006535947712418301,77.66666666666667
11902,5,0.0,60.2
11903,4,0.0,81.75
11904,1,0.0,1.0
11905,20,0.03684210526315789,120.5
11906,3,0.0,131.0
11907,1,0.0,12.0
11908,51,0.009411764705882352,74.94117647058823
11909,11,0.0,50.0
11910,15,0.009523809523809525,120.53333333333333
11911,33,0.00946969696969697,88.39393939393939
11912,25,0.016666666666666666,126.84
11913,58,0.015124016938898971,103.84482758620689
11914,32,0.012096774193548387,93.21875
11915,95,0.022396416573348264,139.9157894736842
11916,18,0.0,57.888888888888886
11917,10,0.022222222222222223,109.3
11918,1,0.0,7.0
11919,29,0.012315270935960592,81.55172413793103
11920,12,0.015151515151515152,83.91666666666667
11921,8,0.0,86.625
11922,43,0.009966777408637873,66.51162790697674
11923,19,0.011695906432748537,96.3157894736842
11924,64,0.017361111111111112,127.734375
11925,19,0.011695906432748537,86.94736842105263
11926,9,0.027777777777777776,152.44444444444446
11927,2,0.0,92.5
11928,51,0.00784313725490196,84.45098039215686
11929,20,0.0,61.95
11930,0,0.0,0.0
11931,11,0.0,92.36363636363636
11932,17,0.0,83.41176470588235
11933,14,0.0,75.07142857142857
11934,4,0.0,69.5
11935,2,0.0,186.5
11936,7,0.0,43.285714285714285
11937,17,0.014705882352941176,95.23529411764706
11938,3,0.0,185.66666666666666
11939,3,0.0,99.33333333333333
11940,1,0.0,204.0
11941,91,0.01221001221001221,100.17582417582418
11942,7,0.0,103.42857142857143
11943,6,0.0,53.333333333333336
11944,63,0.010240655401945725,92.14285714285714
11945,54,0.016771488469601678,114.4074074074074
11946,10,0.0,157.0
11947,22,0.004329004329004329,84.54545454545455
11948,4,0.0,123.0
11949,5,0.0,53.8
11950,2,0.0,109.0
11951,3,0.3333333333333333,62.333333333333336
11952,5,0.0,123.6
11953,2,0.0,322.0
11954,6,0.0,50.5
11955,2,0.0,78.5
11956,14,0.03296703296703297,128.42857142857142
11957,33,0.003787878787878788,70.87878787878788
11958,12,0.06060606060606061,130.0
11959,13,0.0,77.07692307692308
11960,5,0.0,39.4
11961,54,0.004891684136967156,86.16666666666667
11962,1,0.0,74.0
11963,258,0.01502126504388743,105.96899224806202
11964,23,0.011857707509881422,80.82608695652173
11965,12,0.0,94.25
11966,18,0.006535947712418301,104.55555555555556
11967,395,0.012632525862622888,100.4379746835443
11968,17,0.014705882352941176,65.6470588235294
11969,9,0.0,78.88888888888889
11970,12,0.0,69.58333333333333
11971,45,0.012121212121212121,93.37777777777778
11972,46,0.01352657004830918,114.8695652173913
11973,31,0.004301075268817204,91.83870967741936
11974,502,0.013789154758212659,100.73705179282868
11975,8,0.0,49.375
11976,6,0.0,52.333333333333336
11977,129,0.010416666666666666,90.32558139534883
11978,13,0.01282051282051282,109.0
11979,18,0.0,61.94444444444444
11980,31,0.015053763440860216,75.0
11981,44,0.012684989429175475,79.22727272727273
11982,1,0.0,1134.0
11983,27,0.002849002849002849,95.07407407407408
11984,4,0.0,90.25
11985,64,0.008432539682539682,92.46875
11986,7,0.0,69.57142857142857
11987,41,0.013414634146341463,115.78048780487805
11988,58,0.008469449485783424,90.08620689655173
11989,15,0.009523809523809525,99.53333333333333
11990,12,0.0,65.75
11991,7,0.0,177.57142857142858
11992,9,0.027777777777777776,132.44444444444446
11993,0,0.0,0.0
11994,74,0.009626064420584968,88.95945945945945
11995,14,0.02197802197802198,155.85714285714286
11996,16,0.058333333333333334,168.25
11997,8,0.0,78.25
11998,0,0.0,0.0
11999,15,0.02857142857142857,148.26666666666668
12000,19,0.005847953216374269,110.21052631578948
12001,6,0.0,74.16666666666667
12002,6,0.0,49.333333333333336
12003,0,0.0,0.0
12004,1,0.0,33.0
12005,1,0.0,52.0
12006,4,0.0,54.25
12007,1,0.0,33.0
12008,1,0.0,34.0
12009,0,0.0,0.0
12010,6,0.06666666666666667,175.66666666666666
12011,1,0.0,22.0
12012,10,0.044444444444444446,100.7
12013,40,0.02435897435897436,128.275
12014,2,1.0,38.5
12015,5,0.0,40.8
12016,33,0.013257575757575758,99.33333333333333
12017,97,0.015463917525773196,116.23711340206185
12018,47,0.016651248843663275,109.97872340425532
12019,1,0.0,6.0
12020,145,0.009099616858237548,84.35862068965517
12021,31,0.023655913978494623,182.61290322580646
12022,31,0.004301075268817204,80.3225806451613
12023,70,0.013250517598343685,92.04285714285714
12024,8,0.0,85.875
12025,3,0.0,169.66666666666666
12026,3,0.0,88.33333333333333
12027,12,0.030303030303030304,142.08333333333334
12028,29,0.012315270935960592,90.24137931034483
12029,9,0.027777777777777776,83.11111111111111
12030,15,0.0,76.13333333333334
12031,195,0.012582606397039387,93.87179487179488
12032,14,0.0,48.642857142857146
12033,4,0.0,79.75
12034,1,0.0,55.0
12035,6,0.06666666666666667,99.66666666666667
12036,17,0.051470588235294115,146.41176470588235
12037,36,0.0031746031746031746,75.5
12038,58,0.007259528130671506,70.32758620689656
12039,133,0.01822738664843928,119.28571428571429
12040,4,0.0,63.75
12041,63,0.009216589861751152,91.82539682539682
12042,48,0.026595744680851064,141.33333333333334
12043,105,0.01391941391941392,97.8952380952381
12044,16,0.008333333333333333,83.4375
12045,8,0.0,47.25
12046,13,0.0,53.53846153846154
12047,0,0.0,0.0
12048,3,0.0,272.0
12049,5,0.0,367.4
12050,52,0.01282051282051282,100.88461538461539
12051,54,0.017470300489168415,101.62962962962963
12052,12,0.0,65.5
12053,15,0.0,94.53333333333333
12054,2,0.0,41.0
12055,11,0.0,57.36363636363637
12056,4,0.0,47.0
12057,4,0.0,23.25
12058,2,0.0,151.0
12059,7,0.0,120.42857142857143
12060,0,0.0,0.0
12061,0,0.0,0.0
12062,22,0.0,54.0
12063,7,0.0,39.857142857142854
12064,28,0.026455026455026454,118.28571428571429
12065,4,0.16666666666666666,196.75
12066,15,0.05714285714285714,73.46666666666667
12067,1,0.0,7.0
12068,7,0.0,44.42857142857143
12069,44,0.009513742071881607,84.52272727272727
12070,30,0.034482758620689655,159.73333333333332
12071,21,0.014285714285714285,90.0952380952381
12072,2,0.0,107.0
12073,0,0.0,0.0
12074,6,0.06666666666666667,133.16666666666666
12075,11,0.01818181818181818,93.36363636363636
12076,68,0.007462686567164179,100.27941176470588
12077,11,0.01818181818181818,80.0909090909091
12078,24,0.010869565217391304,89.875
12079,71,0.01006036217303823,95.69014084507042
12080,5,0.0,84.0
12081,5,0.0,48.0
12082,13,0.0,102.3076923076923
12083,5,0.0,53.8
12084,34,0.017825311942959002,91.17647058823529
12085,18,0.0196078431372549,77.33333333333333
12086,12,0.030303030303030304,67.08333333333333
12087,22,0.017316017316017316,102.36363636363636
12088,35,0.013445378151260505,111.68571428571428
12089,5,0.1,229.8
12090,45,0.013131313131313131,93.04444444444445
12091,6,0.0,86.83333333333333
12092,13,0.038461538461538464,130.46153846153845
12093,7,0.0,48.57142857142857
12094,90,0.012983770287141073,93.87777777777778
12095,10,0.022222222222222223,80.3
12096,35,0.015126050420168067,102.42857142857143
12097,19,0.005847953216374269,71.21052631578948
12098,49,0.012755102040816327,87.48979591836735
12099,15,0.02857142857142857,141.06666666666666
12100,33,0.020833333333333332,134.8181818181818
12101,78,0.00999000999000999,88.94871794871794
12102,6,0.0,39.0
12103,28,0.007936507936507936,65.53571428571429
12104,16,0.016666666666666666,145.5625
12105,6,0.0,69.16666666666667
12106,108,0.010730356524749048,85.45370370370371
12107,5,0.0,36.8
12108,249,0.014801140044047156,105.13654618473896
12109,9,0.0,64.44444444444444
12110,4,0.0,78.0
12111,22,0.017316017316017316,112.36363636363636
12112,41,0.00853658536585366,119.95121951219512
12113,54,0.02445842068483578,130.6851851851852
12114,3,0.0,72.33333333333333
12115,40,0.011538461538461539,95.275
12116,60,0.012429378531073447,93.71666666666667
12117,55,0.00404040404040404,85.27272727272727
12118,13,0.038461538461538464,59.0
12119,29,0.012315270935960592,85.03448275862068
12120,3,0.0,167.33333333333334
12121,15,0.0,59.06666666666667
12122,18,0.006535947712418301,67.88888888888889
12123,1,0.0,158.0
12124,10,0.022222222222222223,79.6
12125,27,0.008547008547008548,110.29629629629629
12126,15,0.0,142.66666666666666
12127,14,0.01098901098901099,82.28571428571429
12128,3,0.0,119.66666666666667
12129,35,0.010084033613445379,80.22857142857143
12130,12,0.015151515151515152,71.33333333333333
12131,78,0.009324009324009324,85.01282051282051
12132,78,0.027306027306027308,135.9102564102564
12133,0,0.0,0.0
12134,28,0.010582010582010581,96.82142857142857
12135,76,0.011228070175438596,88.8157894736842
12136,59,0.026300409117475162,112.47457627118644
12137,2,0.0,173.5
12138,54,0.017470300489168415,110.88888888888889
12139,21,0.004761904761904762,67.04761904761905
12140,12,0.015151515151515152,76.33333333333333
12141,22,0.021645021645021644,73.5909090909091
12142,1,0.0,166.0
12143,12,0.015151515151515152,86.5
12144,21,0.004761904761904762,79.52380952380952
12145,26,0.024615384615384615,131.0
12146,15,0.009523809523809525,85.06666666666666
12147,17,0.007352941176470588,76.82352941176471
12148,90,0.010986267166042446,87.63333333333334
12149,5,0.0,91.4
12150,16,0.008333333333333333,74.8125
12151,8,0.0,103.25
12152,29,0.007389162561576354,82.75862068965517
12153,88,0.01619644723092999,106.6590909090909
12154,5,0.1,235.2
12155,13,0.0,86.46153846153847
12156,9,0.0,80.66666666666667
12157,24,0.018115942028985508,81.75
12158,97,0.0156786941580756,113.74226804123711
12159,80,0.02088607594936709,119.8875
12160,213,0.01594472495349455,106.40845070422536
12161,6,0.0,84.16666666666667
12162,14,0.0,97.42857142857143
12163,4,0.0,83.25
12164,9,0.0,77.77777777777777
12165,2,0.0,63.5
12166,57,0.006265664160401002,84.87719298245614
12167,42,0.005807200929152149,83.02380952380952
12168,11,0.09090909090909091,186.9090909090909
12169,614,0.012992119708168829,99.13192182410424
12170,9,0.0,95.22222222222223
12171,15,0.0,75.13333333333334
12172,41,0.012195121951219513,76.51219512195122
12173,27,0.014245014245014245,76.62962962962963
12174,3,0.0,63.666666666666664
12175,54,0.01607267645003494,106.38888888888889
12176,9,0.0,67.22222222222223
12177,24,0.0036231884057971015,72.33333333333333
12178,36,0.006349206349206349,66.97222222222223
12179,75,0.009009009009009009,85.33333333333333
12180,13,0.038461538461538464,176.84615384615384
12181,1,0.0,32.0
12182,8,0.0,71.0
12183,55,0.012121212121212121,93.30909090909091
12184,11,0.03636363636363636,137.0
12185,3,0.0,80.0
12186,9,0.0,120.77777777777777
12187,15,0.0,61.333333333333336
12188,0,0.0,0.0
12189,18,0.006535947712418301,70.33333333333333
12190,34,0.016042780748663103,97.38235294117646
12191,2,0.0,61.0
12192,1,0.0,95.0
12193,45,0.007070707070707071,78.44444444444444
12194,6,0.0,85.83333333333333
12195,0,0.0,0.0
12196,1,0.0,176.0
12197,10,0.0,94.3
12198,9,0.027777777777777776,113.22222222222223
12199,1,0.0,33.0
12200,2,0.0,108.0
12201,3,0.0,63.0
12202,7,0.047619047619047616,121.42857142857143
12203,16,0.008333333333333333,146.375
12204,20,0.005263157894736842,104.55
12205,2,0.0,50.0
12206,5,0.0,88.6
12207,14,0.01098901098901099,114.78571428571429
12208,2,0.0,17.5
12209,2,0.0,50.0
12210,21,0.0,66.71428571428571
12211,2,0.0,138.5
12212,15,0.0,67.4
12213,37,0.010510510510510511,75.29729729729729
12214,31,0.002150537634408602,65.93548387096774
12215,52,0.00980392156862745,83.28846153846153
12216,19,0.017543859649122806,96.10526315789474
12217,3,0.0,93.66666666666667
12218,26,0.009230769230769232,74.07692307692308
12219,22,0.012987012987012988,58.36363636363637
12220,176,0.013051948051948052,99.56818181818181
12221,6,0.06666666666666667,73.16666666666667
12222,4,0.0,71.5
12223,3,0.0,18.666666666666668
12224,15,0.009523809523809525,102.06666666666666
12225,6,0.0,193.0
12226,40,0.008974358974358974,82.5
12227,1,0.0,23.0
12228,32,0.006048387096774193,74.65625
12229,22,0.021645021645021644,95.5
12230,15,0.009523809523809525,135.93333333333334
12231,2,0.0,45.0
12232,9,0.0,70.77777777777777
12233,71,0.008853118712273641,80.94366197183099
12234,2,0.0,46.5
12235,82,0.013851249623607348,116.7560975609756
12236,209,0.01375598086124402,101.01913875598086
12237,126,0.013714285714285714,110.16666666666667
12238,55,0.013468013468013467,100.65454545454546
12239,93,0.014726507713884993,101.18279569892474
12240,3,0.0,22.666666666666668
12241,28,0.005291005291005291,84.17857142857143
12242,11,0.0,138.0909090909091
12243,6,0.0,55.5
12244,14,0.01098901098901099,117.78571428571429
12245,7,0.0,123.0
12246,13,0.0,96.46153846153847
12247,32,0.008064516129032258,95.28125
12248,64,0.01636904761904762,100.796875
12249,15,0.0,40.666666666666664
12250,18,0.0,61.166666666666664
12251,13,0.0,65.61538461538461
12252,1,0.0,110.0
12253,9,0.05555555555555555,149.44444444444446
12254,40,0.010256410256410256,85.975
12255,149,0.015055323780155994,109.23489932885906
12256,141,0.013779128672745694,96.05673758865248
12257,82,0.011442336645588679,98.90243902439025
12258,1,0.0,197.0
12259,60,0.01638418079096045,122.76666666666667
12260,77,0.012645249487354751,98.51948051948052
12261,60,0.02711864406779661,143.28333333333333
12262,1,0.0,288.0
12263,0,0.0,0.0
12264,65,0.009615384615384616,87.06153846153846
12265,13,0.01282051282051282,111.6923076923077
12266,2,0.0,85.0
12267,50,0.012244897959183673,98.28
12268,4,0.0,103.0
12269,88,0.012539184952978056,100.0909090909091
12270,43,0.02547065337763012,154.58139534883722
12271,22,0.012987012987012988,82.0
12272,1,0.0,21.0
12273,20,0.02631578947368421,100.3
12274,21,0.047619047619047616,147.95238095238096
12275,20,0.021052631578947368,145.7
12276,11,0.0,74.18181818181819
12277,16,0.025,81.9375
12278,37,0.006006006006006006,75.51351351351352
12279,10,0.044444444444444446,219.3
12280,25,0.013333333333333334,126.16
12281,51,0.014901960784313726,94.88235294117646
12282,4,0.0,105.25
12283,51,0.01647058823529412,101.19607843137256
12284,52,0.011312217194570135,87.57692307692308
12285,48,0.00975177304964539,86.0
12286,88,0.007836990595611285,79.80681818181819
12287,87,0.015503875968992248,105.0919540229885
12288,5,0.0,120.4
12289,32,0.008064516129032258,96.71875
12290,124,0.01088381851560451,88.34677419354838
12291,25,0.016666666666666666,102.76
12292,7,0.0,88.85714285714286
12293,7,0.0,37.142857142857146
12294,12,0.0,93.08333333333333
12295,1,0.0,13.0
12296,23,0.007905138339920948,120.78260869565217
12297,21,0.004761904761904762,53.476190476190474
12298,18,0.026143790849673203,137.77777777777777
12299,64,0.018849206349206348,113.359375
12300,36,0.009523809523809525,74.55555555555556
12301,14,0.0,65.57142857142857
12302,6,0.0,97.0
12303,9,0.0,32.111111111111114
12304,2,0.0,26.0
12305,14,0.01098901098901099,108.0
12306,8,0.03571428571428571,123.5
12307,3,0.0,108.66666666666667
12308,46,0.00676328502415459,74.6086956521739
12309,7,0.0,77.42857142857143
12310,44,0.02536997885835095,142.36363636363637
12311,43,0.017718715393133997,104.65116279069767
12312,28,0.021164021164021163,90.46428571428571
12313,27,0.02849002849002849,100.22222222222223
12314,2,0.0,176.0
12315,0,0.0,0.0
12316,7,0.0,114.57142857142857
12317,10,0.0,117.4
12318,5,0.0,14.6
12319,6,0.0,67.5
12320,4,0.0,36.5
12321,49,0.008503401360544218,64.08163265306122
12322,17,0.007352941176470588,67.88235294117646
12323,6,0.06666666666666667,163.66666666666666
12324,66,0.022843822843822845,128.12121212121212
12325,6,0.0,101.33333333333333
12326,14,0.02197802197802198,154.28571428571428
12327,65,0.013942307692307693,126.0923076923077
12328,111,0.010483210483210484,88.33333333333333
12329,76,0.014035087719298246,94.94736842105263
12330,16,0.008333333333333333,97.1875
12331,40,0.010256410256410256,107.825
12332,15,0.01904761904761905,100.2
12333,6,0.0,36.833333333333336
12334,132,0.015845477677538748,112.06818181818181
12335,3,0.0,38.666666666666664
12336,15,0.02857142857142857,96.53333333333333
12337,9,0.0,82.77777777777777
12338,29,0.009852216748768473,86.96551724137932
12339,29,0.012315270935960592,72.6896551724138
12340,56,0.007792207792207792,81.85714285714286
12341,50,0.006530612244897959,70.2
12342,29,0.007389162561576354,99.62068965517241
12343,32,0.010080645161290322,63.6875
12344,11,0.01818181818181818,115.72727272727273
12345,3,0.0,72.66666666666667
12346,33,0.01893939393939394,132.63636363636363
12347,14,0.0,45.357142857142854
12348,63,0.006144393241167435,72.80952380952381
12349,6,0.0,64.33333333333333
12350,27,0.002849002849002849,64.85185185185185
12351,12,0.030303030303030304,147.08333333333334
12352,7,0.0,106.57142857142857
12353,2,0.0,144.5
12354,6,0.0,183.5
12355,9,0.0,74.66666666666667
12356,0,0.0,0.0
12357,4,0.0,87.5
12358,15,0.0,64.13333333333334
12359,45,0.021212121212121213,104.53333333333333
12360,12,0.0,84.08333333333333
12361,78,0.008991008991008992,91.38461538461539
12362,49,0.011054421768707483,86.0
12363,19,0.005847953216374269,92.57894736842105
12364,109,0.01036357458375807,94.63302752293578
12365,14,0.04395604395604396,140.14285714285714
12366,0,0.0,0.0
12367,42,0.022067363530778164,149.95238095238096
12368,0,0.0,0.0
12369,28,0.007936507936507936,97.14285714285714
12370,0,0.0,0.0
12371,5,0.0,94.4
12372,2,1.0,372.5
12373,4,0.0,48.25
12374,21,0.014285714285714285,81.95238095238095
12375,54,0.013976240391334731,98.44444444444444
12376,2,0.0,69.5
12377,13,0.038461538461538464,99.07692307692308
12378,47,0.008325624421831638,91.42553191489361
12379,16,0.025,123.9375
12380,5,0.2,149.4
12381,49,0.015306122448979591,97.51020408163265
12382,7,0.0,99.28571428571429
12383,6,0.0,34.333333333333336
12384,4,0.16666666666666666,117.0
12385,3,0.0,41.0
12386,20,0.031578947368421054,210.1
12387,5,0.0,93.8
12388,8,0.0,73.25
12389,34,0.0106951871657754,102.6470588235294
12390,16,0.0,75.8125
12391,2,0.0,61.0
12392,7,0.0,67.14285714285714
12393,8,0.07142857142857142,163.5
12394,32,0.014112903225806451,152.96875
12395,0,0.0,0.0
12396,25,0.02,103.44
12397,21,0.004761904761904762,75.71428571428571
12398,19,0.005847953216374269,66.63157894736842
12399,13,0.05128205128205128,192.92307692307693
12400,3,0.0,96.66666666666667
12401,20,0.010526315789473684,97.75
12402,30,0.004597701149425287,64.4
12403,20,0.010526315789473684,62.95
12404,85,0.015966386554621848,91.15294117647059
12405,87,0.010157711841753542,97.98850574712644
12406,6,0.0,32.333333333333336
12407,5,0.0,130.0
12408,9,0.0,56.666666666666664
12409,30,0.022988505747126436,109.0
12410,39,0.016194331983805668,114.58974358974359
12411,3,0.0,72.33333333333333
12412,26,0.024615384615384615,159.53846153846155
12413,26,0.006153846153846154,72.38461538461539
12414,175,0.01438423645320197,103.21714285714286
12415,89,0.010214504596527068,93.85393258426966
12416,12,0.06060606060606061,104.25
12417,5,0.0,30.6
12418,59,0.006428988895382817,66.1864406779661
12419,4,0.0,105.25
12420,24,0.010869565217391304,72.54166666666667
12421,4,0.0,72.75
12422,14,0.0,78.78571428571429
12423,47,0.012025901942645698,80.91489361702128
12424,14,0.02197802197802198,151.5
12425,28,0.021164021164021163,135.03571428571428
12426,36,0.004761904761904762,96.02777777777777
12427,43,0.009966777408637873,95.25581395348837
12428,27,0.03133903133903134,144.22222222222223
12429,10,0.0,223.8
12430,52,0.020361990950226245,129.03846153846155
12431,0,0.0,0.0
12432,5,0.0,108.2
12433,214,0.017024263963845376,113.65420560747664
12434,12,0.0,64.66666666666667
12435,43,0.012181616832779624,108.69767441860465
12436,9,0.0,70.55555555555556
12437,6,0.0,90.66666666666667
12438,6,0.06666666666666667,203.33333333333334
12439,85,0.02689075630252101,147.4
12440,64,0.018353174603174604,113.28125
12441,8,0.0,26.75
12442,3,0.0,164.0
12443,5,0.0,106.2
12444,36,0.015873015873015872,111.97222222222223
12445,87,0.010425020048115477,91.66666666666667
12446,8,0.0,49.375
12447,1,0.0,58.0
12448,13,0.01282051282051282,55.69230769230769
12449,11,0.0,63.36363636363637
12450,22,0.008658008658008658,71.68181818181819
12451,1,0.0,49.0
12452,10,0.022222222222222223,94.6
12453,72,0.029342723004694836,165.125
12454,3,0.0,55.333333333333336
12455,8,0.0,51.25
12456,5,0.0,22.6
12457,49,0.013605442176870748,96.22448979591837
12458,26,0.018461538461538463,106.57692307692308
12459,6,0.06666666666666667,62.666666666666664
12460,720,0.012038324833874209,95.94722222222222
12461,15,0.01904761904761905,106.26666666666667
12462,94,0.02562342713337909,132.04255319148936
12463,18,0.006535947712418301,99.94444444444444
12464,52,0.01583710407239819,116.86538461538461
12465,2,0.0,63.0
12466,31,0.008602150537634409,78.83870967741936
12467,2,0.0,28.0
12468,9,0.027777777777777776,29.666666666666668
12469,1,0.0,145.0
12470,6,0.0,54.5
12471,13,0.01282051282051282,110.07692307692308
12472,5,0.0,108.8
12473,6,0.06666666666666667,81.0
12474,20,0.021052631578947368,116.7
12475,81,0.008641975308641974,100.30864197530865
12476,27,0.022792022792022793,118.81481481481481
12477,41,0.014634146341463415,95.73170731707317
12478,9,0.0,85.0
12479,3,0.0,54.666666666666664
12480,39,0.012145748987854251,86.6923076923077
12481,14,0.0,70.35714285714286
12482,6,0.0,109.16666666666667
12483,32,0.006048387096774193,89.28125
12484,9,0.027777777777777776,49.888888888888886
12485,14,0.02197802197802198,125.21428571428571
12486,53,0.01088534107402032,84.0754716981132
12487,16,0.05,157.125
12488,51,0.005490196078431373,94.7843137254902
12489,4,0.0,101.75
12490,25,0.02666666666666667,132.88
12491,2,0.0,38.0
12492,1,0.0,8.0
12493,42,0.018583042973286876,113.30952380952381
12494,45,0.00808080808080808,102.35555555555555
12495,2,0.0,375.5
12496,95,0.008734602463605823,79.61052631578947
12497,20,0.015789473684210527,78.2
12498,1,0.0,3.0
12499,84,0.01491681009753299,102.04761904761905
12500,1,0.0,10.0
12501,9,0.0,136.55555555555554
12502,7,0.047619047619047616,105.71428571428571
12503,19,0.0,85.36842105263158
12504,3,0.0,267.0
12505,20,0.010526315789473684,98.75
12506,79,0.01557935735150925,105.62025316455696
12507,38,0.008534850640113799,83.52631578947368
12508,63,0.006656426011264721,74.17460317460318
12509,3,0.0,17.0
12510,36,0.026984126984126985,125.0
12511,66,0.018648018648018648,126.92424242424242
12512,62,0.015864621893178214,99.90322580645162
12513,49,0.013605442176870748,98.0
12514,2,0.0,68.5
12515,3,0.0,33.333333333333336
12516,21,0.004761904761904762,65.47619047619048
12517,1,0.0,74.0
12518,106,0.012398921832884097,104.88679245283019
12519,61,0.013114754098360656,99.73770491803279
12520,2,0.0,36.0
12521,6,0.0,98.5
12522,13,0.02564102564102564,94.15384615384616
12523,2,0.0,77.5
12524,2,0.0,7.5
12525,60,0.011299435028248588,88.85
12526,24,0.0036231884057971015,84.33333333333333
12527,8,0.0,161.5
12528,14,0.02197802197802198,149.35714285714286
12529,16,0.03333333333333333,184.375
12530,13,0.01282051282051282,80.3076923076923
12531,11,0.01818181818181818,85.36363636363636
12532,13,0.01282051282051282,68.84615384615384
12533,1,0.0,32.0
12534,6,0.0,93.5
12535,12,0.0,138.58333333333334
12536,102,0.016113376043486703,108.75490196078431
12537,3,0.0,78.33333333333333
12538,25,0.023333333333333334,115.4
12539,26,0.003076923076923077,72.76923076923077
12540,32,0.004032258064516129,65.8125
12541,8,0.03571428571428571,262.75
12542,3,0.0,96.33333333333333
12543,77,0.007177033492822967,75.83116883116882
12544,5,0.0,93.8
12545,36,0.006349206349206349,58.75
12546,17,0.007352941176470588,61.94117647058823
12547,6,0.06666666666666667,296.1666666666667
12548,2,0.0,119.5
12549,7,0.047619047619047616,117.71428571428571
12550,26,0.033846153846153845,131.69230769230768
12551,8,0.0,56.75
12552,39,0.006747638326585695,102.0
12553,4,0.0,40.75
12554,4,0.0,68.25
12555,102,0.022519899048728403,132.7156862745098
12556,25,0.01,83.84
12557,6,0.0,141.66666666666666
12558,2,0.0,141.5
12559,19,0.017543859649122806,102.63157894736842
12560,61,0.01912568306010929,117.62295081967213
12561,4,0.16666666666666666,124.25
12562,52,0.008295625942684766,81.26923076923077
12563,14,0.0,58.357142857142854
12564,17,0.007352941176470588,167.58823529411765
12565,18,0.0,76.22222222222223
12566,4,0.0,79.75
12567,5,0.0,144.2
12568,39,0.008097165991902834,93.3076923076923
12569,20,0.005263157894736842,105.85
12570,16,0.0,58.1875
12571,21,0.004761904761904762,81.38095238095238
12572,53,0.01088534107402032,88.60377358490567
12573,68,0.010535557506584723,85.92647058823529
12574,5,0.0,60.4
12575,6,0.0,130.66666666666666
12576,39,0.008097165991902834,79.94871794871794
12577,8,0.03571428571428571,83.75
12578,53,0.008708272859216255,83.32075471698113
12579,5,0.2,132.8
12580,6,0.0,140.0
12581,25,0.0033333333333333335,98.4
12582,17,0.007352941176470588,147.58823529411765
12583,0,0.0,0.0
12584,23,0.011857707509881422,87.17391304347827
12585,13,0.01282051282051282,64.0
12586,16,0.03333333333333333,184.4375
12587,1,0.0,55.0
12588,15,0.0,94.06666666666666
12589,43,0.013289036544850499,71.09302325581395
12590,21,0.0,84.85714285714286
12591,16,0.008333333333333333,110.25
12592,1,0.0,82.0
12593,1,0.0,44.0
12594,3,0.0,118.33333333333333
12595,0,0.0,0.0
12596,1,0.0,34.0
12597,1,0.0,16.0
12598,11,0.0,93.18181818181819
12599,20,0.0,125.25
12600,3,0.0,164.66666666666666
12601,3,0.0,77.66666666666667
12602,5,0.0,82.4
12603,61,0.01639344262295082,110.11475409836065
12604,15,0.0,103.73333333333333
12605,17,0.007352941176470588,51.11764705882353
12606,6,0.0,131.5
12607,13,0.0,90.07692307692308
12608,6,0.0,81.33333333333333
12609,50,0.006530612244897959,69.2
12610,8,0.0,52.75
12611,27,0.002849002849002849,77.66666666666667
12612,9,0.027777777777777776,112.55555555555556
12613,52,0.010558069381598794,103.23076923076923
12614,12,0.0,50.416666666666664
12615,11,0.0,105.0
12616,44,0.014799154334038054,95.3409090909091
12617,19,0.005847953216374269,124.73684210526316
12618,3,0.0,40.333333333333336
12619,8,0.0,78.875
12620,2,0.0,116.0
12621,119,0.009400370317618574,101.4453781512605
12622,9,0.027777777777777776,133.22222222222223
12623,185,0.014277320799059929,100.86486486486487
12624,39,0.014844804318488529,96.84615384615384
12625,5,0.0,130.8
12626,12,0.015151515151515152,163.75
12627,25,0.01,81.4
12628,50,0.014693877551020407,96.38
12629,14,0.01098901098901099,172.14285714285714
12630,1,0.0,63.0
12631,23,0.03162055335968379,147.17391304347825
12632,12,0.0,135.66666666666666
12633,5,0.0,151.0
12634,29,0.007389162561576354,115.41379310344827
12635,2,0.0,57.0
12636,9,0.0,57.22222222222222
12637,5,0.0,53.6
12638,3,0.0,437.6666666666667
12639,14,0.0,75.35714285714286
12640,8,0.03571428571428571,115.125
12641,0,0.0,0.0
12642,50,0.018775510204081632,129.18
12643,233,0.012505549800207193,100.07296137339056
12644,64,0.005952380952380952,83.859375
12645,7,0.0,65.71428571428571
12646,19,0.011695906432748537,70.47368421052632
12647,19,0.005847953216374269,74.0
12648,7,0.0,125.0
12649,54,0.014675052410901468,98.61111111111111
12650,176,0.014090909090909091,104.10227272727273
12651,5,0.0,166.4
12652,5,0.0,189.6
12653,32,0.006048387096774193,90.59375
12654,458,0.011829570103102635,94.30131004366812
12655,5,0.1,157.4
12656,4,0.0,125.75
12657,10,0.0,97.7
12658,29,0.0024630541871921183,72.10344827586206
12659,14,0.01098901098901099,70.92857142857143
12660,25,0.0,71.68
12661,14,0.0,64.07142857142857
12662,34,0.008912655971479501,99.55882352941177
12663,8,0.0,98.125
12664,30,0.009195402298850575,83.36666666666666
12665,34,0.0071301247771836,79.0
12666,18,0.006535947712418301,81.44444444444444
12667,7,0.0,120.28571428571429
12668,45,0.006060606060606061,72.86666666666666
12669,1,0.0,154.0
12670,3,0.0,101.66666666666667
12671,11,0.01818181818181818,128.54545454545453
12672,7,0.0,72.28571428571429
12673,50,0.018775510204081632,109.14
12674,12,0.0,75.5
12675,8,0.0,100.875
12676,9,0.0,32.22222222222222
12677,75,0.018018018018018018,113.81333333333333
12678,6,0.06666666666666667,228.5
12679,9,0.0,82.33333333333333
12680,17,0.014705882352941176,127.29411764705883
12681,0,0.0,0.0
12682,8,0.03571428571428571,83.0
12683,23,0.003952569169960474,71.26086956521739
12684,0,0.0,0.0
12685,20,0.031578947368421054,104.55
12686,142,0.018679452602137648,114.50704225352112
12687,9,0.0,56.77777777777778
12688,81,0.010802469135802469,98.25925925925925
12689,13,0.038461538461538464,106.23076923076923
12690,17,0.022058823529411766,97.82352941176471
12691,19,0.011695906432748537,46.68421052631579
12692,57,0.009398496240601503,79.89473684210526
12693,6,0.0,49.166666666666664
12694,86,0.012859097127222982,95.05813953488372
12695,144,0.015345765345765346,112.15972222222223
12696,5,0.0,86.6
12697,43,0.013289036544850499,119.88372093023256
12698,20,0.021052631578947368,88.8
12699,10,0.0,78.4
12700,28,0.021164021164021163,116.25
12701,78,0.007659007659007659,73.52564102564102
12702,32,0.006048387096774193,118.125
12703,5,0.0,71.2
12704,8,0.0,91.25
12705,2,0.0,17.5
12706,41,0.018292682926829267,110.85365853658537
12707,14,0.02197802197802198,97.35714285714286
12708,91,0.008547008547008548,100.04395604395604
12709,28,0.007936507936507936,65.96428571428571
12710,202,0.013890941332939263,104.83663366336634
12711,26,0.012307692307692308,94.76923076923077
12712,0,0.0,0.0
12713,22,0.008658008658008658,97.45454545454545
12714,3,0.0,105.66666666666667
12715,25,0.03666666666666667,169.08
12716,26,0.018461538461538463,131.42307692307693
12717,37,0.0075075075075075074,80.72972972972973
12718,5,0.0,33.0
12719,28,0.013227513227513227,124.07142857142857
12720,39,0.018893387314439947,116.05128205128206
12721,62,0.005288207297726071,83.20967741935483
12722,8,0.0,83.25
12723,53,0.011611030478955007,97.26415094339623
12724,45,0.006060606060606061,84.33333333333333
12725,10,0.022222222222222223,99.6
12726,3,0.0,65.33333333333333
12727,111,0.017035217035217036,118.76576576576576
12728,0,0.0,0.0
12729,38,0.00995732574679943,69.89473684210526
12730,18,0.0196078431372549,88.94444444444444
12731,4,0.0,96.0
12732,3,0.0,205.66666666666666
12733,10,0.06666666666666667,152.7
12734,28,0.015873015873015872,80.82142857142857
12735,8,0.0,143.875
12736,13,0.01282051282051282,90.61538461538461
12737,51,0.012549019607843137,105.76470588235294
12738,1,0.0,13.0
12739,23,0.019762845849802372,183.3913043478261
12740,7,0.0,164.71428571428572
12741,8,0.0,91.375
12742,23,0.043478260869565216,238.52173913043478
12743,3,0.0,137.33333333333334
12744,2,0.0,96.5
12745,32,0.014112903225806451,72.8125
12746,11,0.0,62.27272727272727
12747,74,0.017030729359496483,119.71621621621621
12748,3,0.0,62.333333333333336
12749,101,0.01485148514851485,117.1980198019802
12750,38,0.012802275960170697,90.60526315789474
12751,52,0.006033182503770739,90.61538461538461
12752,13,0.01282051282051282,95.92307692307692
12753,6,0.06666666666666667,18.0
12754,26,0.006153846153846154,85.6923076923077
12755,49,0.01445578231292517,126.73469387755102
12756,1,0.0,246.0
12757,9,0.0,37.77777777777778
12758,11,0.01818181818181818,104.81818181818181
12759,11,0.0,58.27272727272727
12760,15,0.01904761904761905,94.0
12761,71,0.014084507042253521,99.59154929577464
12762,0,0.0,0.0
12763,51,0.008627450980392156,76.11764705882354
12764,93,0.011220196353436185,100.3763440860215
12765,11,0.0,59.45454545454545
12766,5,0.0,45.6
12767,22,0.021645021645021644,88.68181818181819
12768,9,0.0,171.77777777777777
12769,18,0.013071895424836602,82.27777777777777
12770,2,0.0,305.5
12771,24,0.014492753623188406,83.83333333333333
12772,7,0.0,224.71428571428572
12773,41,0.014634146341463415,100.36585365853658
12774,5,0.1,263.2
12775,0,0.0,0.0
12776,33,0.011363636363636364,120.81818181818181
12777,76,0.016842105263157894,116.42105263157895
12778,5,0.0,78.0
12779,24,0.021739130434782608,103.41666666666667
12780,24,0.018115942028985508,136.04166666666666
12781,1,0.0,110.0
12782,8,0.03571428571428571,319.5
12783,7,0.0,51.285714285714285
12784,50,0.004897959183673469,86.68
12785,10,0.022222222222222223,76.2
12786,21,0.023809523809523808,96.9047619047619
12787,22,0.008658008658008658,71.81818181818181
12788,11,0.03636363636363636,202.9090909090909
12789,3,0.0,35.0
12790,12,0.015151515151515152,50.583333333333336
12791,41,0.0012195121951219512,63.36585365853659
12792,3,0.0,32.666666666666664
12793,45,0.01616161616161616,122.64444444444445
12794,0,0.0,0.0
12795,6,0.0,46.666666666666664
12796,31,0.012903225806451613,113.54838709677419
12797,4,0.0,65.0
12798,15,0.01904761904761905,117.26666666666667
12799,14,0.02197802197802198,105.85714285714286
12800,5,0.0,29.6
12801,4,0.16666666666666666,176.75
12802,75,0.011171171171171172,88.26666666666667
12803,16,0.0,63.5
12804,118,0.022019411849920324,130.84745762711864
12805,2,1.0,372.5
12806,41,0.024390243902439025,143.73170731707316
12807,18,0.013071895424836602,86.0
12808,16,0.008333333333333333,107.125
12809,47,0.01572617946345976,112.12765957446808
12810,6,0.06666666666666667,140.0
12811,20,0.015789473684210527,121.2
12812,34,0.0035650623885918,73.17647058823529
12813,1,0.0,26.0
12814,48,0.014184397163120567,107.35416666666667
12815,3,0.0,141.33333333333334
12816,16,0.016666666666666666,149.25
12817,37,0.006006006006006006,70.27027027027027
12818,27,0.014245014245014245,112.0
12819,43,0.007751937984496124,79.04651162790698
12820,87,0.009890403635391606,79.16091954022988
12821,16,0.03333333333333333,163.0625
12822,41,0.004878048780487805,81.73170731707317
12823,60,0.012994350282485875,104.08333333333333
12824,59,0.01694915254237288,105.03389830508475
12825,23,0.0,76.30434782608695
12826,15,0.01904761904761905,148.6
12827,1,0.0,12.0
12828,0,0.0,0.0
12829,11,0.01818181818181818,81.0909090909091
12830,2,0.0,66.0
12831,26,0.021538461538461538,159.46153846153845
12832,30,0.020689655172413793,105.06666666666666
12833,125,0.013935483870967743,105.752
12834,5,0.0,39.6
12835,11,0.0,82.36363636363636
12836,28,0.018518518518518517,148.42857142857142
12837,22,0.0,80.27272727272727
12838,2,0.0,113.5
12839,27,0.02564102564102564,129.25925925925927
12840,37,0.018018018018018018,102.08108108108108
12841,7,0.0,72.42857142857143
12842,3,0.0,32.0
12843,51,0.01803921568627451,109.50980392156863
12844,0,0.0,0.0
12845,4,0.16666666666666666,167.75
12846,107,0.01375418797390231,101.88785046728972
12847,6,0.0,51.5
12848,12,0.015151515151515152,60.0
12849,31,0.015053763440860216,108.58064516129032
12850,65,0.023076923076923078,130.63076923076923
12851,19,0.0,76.10526315789474
12852,5,0.1,192.6
12853,13,0.01282051282051282,157.92307692307693
12854,37,0.006006006006006006,86.72972972972973
12855,4,0.0,104.5
12856,5,0.0,92.0
12857,63,0.014848950332821301,112.88888888888889
12858,7,0.0,82.85714285714286
12859,9,0.0,134.88888888888889
12860,18,0.026143790849673203,147.16666666666666
12861,2,0.0,42.5
12862,58,0.011494252873563218,96.32758620689656
12863,10,0.022222222222222223,67.9
12864,0,0.0,0.0
12865,23,0.015810276679841896,101.8695652173913
12866,94,0.008922443376801648,86.97872340425532
12867,40,0.021794871794871794,132.25
12868,2,0.0,60.5
12869,0,0.0,0.0
12870,3,0.0,31.0
12871,6,0.0,75.33333333333333
12872,12,0.015151515151515152,66.91666666666667
12873,3,0.0,97.33333333333333
12874,9,0.0,46.22222222222222
12875,56,0.005844155844155844,80.42857142857143
12876,6,0.0,33.666666666666664
12877,20,0.0,48.65
12878,11,0.0,85.27272727272727
12879,108,0.010211145725164416,88.92592592592592
12880,7,0.0,64.14285714285714
12881,16,0.025,126.3125
12882,8,0.0,151.0
12883,3,0.0,44.666666666666664
12884,3,0.0,48.333333333333336
12885,8,0.0,89.5
12886,0,0.0,0.0
12887,17,0.007352941176470588,94.94117647058823
12888,9,0.027777777777777776,104.55555555555556
12889,3,0.0,279.6666666666667
12890,0,0.0,0.0
12891,36,0.006349206349206349,82.16666666666667
12892,14,0.0,70.28571428571429
12893,41,0.015853658536585366,95.41463414634147
12894,5,0.0,45.6
12895,48,0.010638297872340425,86.16666666666667
12896,3,0.0,86.33333333333333
12897,17,0.0,113.70588235294117
12898,15,0.0,64.4
12899,2,0.0,57.0
12900,48,0.015070921985815602,95.95833333333333
12901,3,0.0,174.0
12902,2,0.0,59.0
12903,12,0.0,72.58333333333333
12904,10,0.0,79.9
12905,41,0.01951219512195122,104.48780487804878
12906,5,0.0,31.6
12907,19,0.011695906432748537,110.94736842105263
12908,30,0.009195402298850575,73.7
12909,41,0.015853658536585366,105.29268292682927
12910,1,0.0,24.0
12911,2,0.0,76.5
12912,107,0.009522130135778522,87.88785046728972
12913,40,0.011538461538461539,104.925
12914,2,0.0,50.0
12915,7,0.09523809523809523,59.42857142857143
12916,6,0.0,79.16666666666667
12917,28,0.015873015873015872,90.21428571428571
12918,7,0.0,57.714285714285715
12919,71,0.0193158953722334,112.97183098591549
12920,17,0.0,65.88235294117646
12921,1,0.0,8.0
12922,22,0.004329004329004329,82.5909090909091
12923,3,0.0,48.666666666666664
12924,2,0.0,133.0
12925,8,0.03571428571428571,96.125
12926,2,0.0,30.0
12927,12,0.045454545454545456,194.83333333333334
12928,94,0.013955616563715396,102.31914893617021
12929,52,0.007541478129713424,82.90384615384616
12930,9,0.027777777777777776,97.22222222222223
12931,2,0.0,17.0
12932,15,0.01904761904761905,91.6
12933,6,0.0,68.33333333333333
12934,11,0.0,81.36363636363636
12935,17,0.0,90.3529411764706
12936,12,0.09090909090909091,202.16666666666666
12937,0,0.0,0.0
12938,0,0.0,0.0
12939,0,0.0,0.0
12940,31,0.012903225806451613,81.6774193548387
12941,38,0.015647226173541962,68.94736842105263
12942,1,0.0,26.0
12943,6,0.0,110.83333333333333
12944,7,0.0,92.0
12945,92,0.009555661729574774,94.52173913043478
12946,13,0.0,89.6923076923077
12947,17,0.0,59.88235294117647
12948,16,0.0,68.1875
12949,12,0.030303030303030304,194.83333333333334
12950,8,0.0,101.5
12951,11,0.01818181818181818,206.36363636363637
12952,7,0.0,66.57142857142857
12953,44,0.012684989429175475,100.3409090909091
12954,8,0.0,89.625
12955,9,0.05555555555555555,129.66666666666666
12956,6,0.0,94.66666666666667
12957,18,0.032679738562091505,89.77777777777777
12958,4,0.0,50.25
12959,62,0.017979904812268643,115.43548387096774
12960,25,0.013333333333333334,79.92
12961,2,0.0,24.0
12962,101,0.01722772277227723,101.54455445544555
12963,26,0.006153846153846154,65.38461538461539
12964,60,0.01751412429378531,103.28333333333333
12965,51,0.013333333333333334,105.6078431372549
12966,13,0.0,73.6923076923077
12967,0,0.0,0.0
12968,354,0.011763576127142652,96.80790960451978
12969,0,0.0,0.0
12970,18,0.0,92.83333333333333
12971,15,0.0380952380952381,161.46666666666667
12972,105,0.013003663003663004,100.12380952380953
12973,30,0.006896551724137931,69.16666666666667
12974,25,0.013333333333333334,90.96
12975,15,0.01904761904761905,90.13333333333334
12976,68,0.015364354697102721,111.48529411764706
12977,30,0.013793103448275862,86.76666666666667
12978,251,0.01351394422310757,101.17131474103586
12979,10,0.022222222222222223,80.8
12980,89,0.015832482124616958,105.5505617977528
12981,64,0.015873015873015872,86.46875
12982,26,0.024615384615384615,110.96153846153847
12983,71,0.017303822937625755,116.50704225352112
12984,128,0.012426181102362205,101.3515625
12985,19,0.017543859649122806,76.94736842105263
12986,19,0.011695906432748537,114.78947368421052
12987,26,0.024615384615384615,88.84615384615384
12988,124,0.017046944662995018,112.78225806451613
12989,15,0.0,80.26666666666667
12990,38,0.031294452347083924,168.3421052631579
12991,55,0.012794612794612794,95.05454545454545
12992,3,0.0,79.66666666666667
12993,8,0.0,102.875
12994,43,0.019933554817275746,126.34883720930233
12995,14,0.04395604395604396,221.42857142857142
12996,4,0.0,34.25
12997,138,0.016396911033534328,116.67391304347827
12998,3,0.0,85.66666666666667
12999,84,0.012621916236374068,96.54761904761905
13000,14,0.02197802197802198,110.07142857142857
13001,39,0.004048582995951417,69.64102564102564
13002,0,0.0,0.0
13003,23,0.007905138339920948,100.95652173913044
13004,0,0.0,0.0
13005,9,0.0,87.66666666666667
13006,0,0.0,0.0
13007,18,0.006535947712418301,115.5
13008,3,0.0,67.66666666666667
13009,0,0.0,0.0
13010,4,0.0,56.75
13011,31,0.008602150537634409,61.354838709677416
13012,78,0.019647019647019648,134.71794871794873
13013,10,0.044444444444444446,112.1
13014,0,0.0,0.0
13015,33,0.007575757575757576,77.33333333333333
13016,1,0.0,332.0
13017,3,0.0,161.33333333333334
13018,15,0.009523809523809525,81.2
13019,19,0.017543859649122806,86.36842105263158
13020,12,0.0,134.16666666666666
13021,9,0.027777777777777776,119.0
13022,96,0.008991228070175439,80.90625
13023,18,0.013071895424836602,74.94444444444444
13024,180,0.014276846679081317,102.08888888888889
13025,11,0.0,66.45454545454545
13026,12,0.0,85.33333333333333
13027,5,0.0,57.2
13028,3,0.0,151.66666666666666
13029,9,0.0,62.888888888888886
13030,32,0.010080645161290322,64.15625
13031,0,0.0,0.0
13032,12,0.0,85.5
13033,7,0.0,91.42857142857143
13034,8,0.0,109.25
13035,30,0.034482758620689655,177.0
13036,15,0.009523809523809525,97.4
13037,11,0.0,82.81818181818181
13038,29,0.019704433497536946,111.79310344827586
13039,46,0.011594202898550725,97.28260869565217
13040,4,0.0,40.25
13041,26,0.018461538461538463,73.73076923076923
13042,3,0.0,176.66666666666666
13043,21,0.009523809523809525,96.38095238095238
13044,2,0.0,129.5
13045,40,0.011538461538461539,165.925
13046,46,0.01352657004830918,106.08695652173913
13047,0,0.0,0.0
13048,28,0.0026455026455026454,74.89285714285714
13049,18,0.0392156862745098,196.38888888888889
13050,10,0.022222222222222223,172.1
13051,3,0.3333333333333333,171.33333333333334
13052,19,0.005847953216374269,99.0
13053,12,0.0,97.16666666666667
13054,21,0.014285714285714285,100.23809523809524
13055,19,0.0,82.36842105263158
13056,14,0.0,86.35714285714286
13057,53,0.01451378809869376,116.22641509433963
13058,14,0.01098901098901099,72.07142857142857
13059,20,0.005263157894736842,99.05
13060,4,0.0,48.0
13061,4,0.0,48.5
13062,68,0.022388059701492536,123.02941176470588
13063,38,0.00995732574679943,85.6842105263158
13064,7,0.0,58.714285714285715
13065,14,0.02197802197802198,87.21428571428571
13066,68,0.015364354697102721,98.79411764705883
13067,2,0.0,83.5
13068,13,0.0,71.38461538461539
13069,39,0.014844804318488529,92.84615384615384
13070,9,0.027777777777777776,125.33333333333333
13071,7,0.0,54.42857142857143
13072,8,0.0,97.0
13073,1,0.0,93.0
13074,1,0.0,710.0
13075,0,0.0,0.0
13076,14,0.01098901098901099,76.21428571428571
13077,4,0.0,109.0
13078,10,0.0,51.5
13079,8,0.03571428571428571,241.0
13080,11,0.0,111.0909090909091
13081,157,0.013310468724481463,96.94267515923566
13082,88,0.014629049111807733,100.4090909090909
13083,150,0.01458612975391499,104.69333333333333
13084,43,0.013289036544850499,99.72093023255815
13085,81,0.009567901234567902,86.38271604938272
13086,2,0.0,35.0
13087,24,0.021739130434782608,95.95833333333333
13088,1,0.0,60.0
13089,9,0.0,113.66666666666667
13090,1,0.0,14.0
13091,77,0.01161995898838004,89.32467532467533
13092,1,0.0,19.0
13093,19,0.023391812865497075,182.3684210526316
13094,1,0.0,56.0
13095,18,0.026143790849673203,141.33333333333334
13096,43,0.012181616832779624,107.25581395348837
13097,164,0.013018105641179112,98.75
13098,106,0.012578616352201259,96.85849056603773
13099,12,0.015151515151515152,34.583333333333336
13100,26,0.003076923076923077,104.26923076923077
13101,32,0.014112903225806451,87.25
13102,6,0.0,259.6666666666667
13103,10,0.0,49.4
13104,2,0.0,96.0
13105,59,0.013442431326709527,99.30508474576271
13106,15,0.0,46.6
13107,0,0.0,0.0
13108,54,0.013277428371767994,107.66666666666667
13109,1,0.0,54.0
13110,2,0.0,87.0
13111,6,0.06666666666666667,72.83333333333333
13112,1,0.0,444.0
13113,9,0.027777777777777776,62.22222222222222
13114,1,0.0,171.0
13115,6,0.0,77.0
13116,20,0.005263157894736842,78.35
13117,57,0.015664160401002505,117.47368421052632
13118,9,0.027777777777777776,111.44444444444444
13119,90,0.009737827715355805,84.7
13120,10,0.022222222222222223,141.2
13121,7,0.047619047619047616,118.57142857142857
13122,5,0.0,76.0
13123,60,0.014124293785310734,89.75
13124,33,0.003787878787878788,79.39393939393939
13125,3,0.0,169.0
13126,0,0.0,0.0
13127,1,0.0,121.0
13128,16,0.008333333333333333,47.25
13129,34,0.017825311942959002,131.94117647058823
13130,48,0.014184397163120567,113.29166666666667
13131,1,0.0,39.0
13132,15,0.0,72.8
13133,34,0.0071301247771836,92.73529411764706
13134,290,0.009760171817205584,87.7551724137931
13135,7,0.0,41.142857142857146
13136,6,0.06666666666666667,68.33333333333333
13137,15,0.0,77.93333333333334
13138,1,0.0,58.0
13139,71,0.011267605633802818,102.11267605633803
13140,5,0.0,98.0
13141,0,0.0,0.0
13142,1,0.0,5.0
13143,10,0.0,109.9
13144,13,0.0,107.92307692307692
13145,4,0.0,101.5
13146,1,0.0,48.0
13147,2,0.0,88.5
13148,39,0.009446693657219974,90.35897435897436
13149,23,0.015810276679841896,133.56521739130434
13150,2,0.0,33.5
13151,4,0.0,183.0
13152,6,0.0,58.833333333333336
13153,11,0.01818181818181818,182.63636363636363
13154,12,0.0,69.5
13155,0,0.0,0.0
13156,23,0.03557312252964427,134.47826086956522
13157,0,0.0,0.0
13158,21,0.004761904761904762,87.95238095238095
13159,20,0.015789473684210527,165.9
13160,2,0.0,25.0
13161,7,0.047619047619047616,271.85714285714283
13162,37,0.03153153153153153,132.27027027027026
13163,10,0.0,121.7
13164,12,0.0,55.666666666666664
13165,157,0.011513963743263106,91.61146496815287
13166,0,0.0,0.0
13167,17,0.022058823529411766,67.23529411764706
13168,0,0.0,0.0
13169,1,0.0,60.0
13170,147,0.013791818097101855,99.0
13171,0,0.0,0.0
13172,32,0.012096774193548387,119.71875
13173,26,0.009230769230769232,82.1923076923077
13174,13,0.01282051282051282,132.84615384615384
13175,22,0.012987012987012988,117.54545454545455
13176,18,0.0,70.72222222222223
13177,17,0.014705882352941176,50.411764705882355
13178,9,0.05555555555555555,150.66666666666666
13179,56,0.011688311688311689,90.76785714285714
13180,57,0.02506265664160401,128.2982456140351
13181,6,0.0,94.33333333333333
13182,4,0.0,94.25
13183,14,0.03296703296703297,124.78571428571429
13184,9,0.027777777777777776,52.333333333333336
13185,2,0.0,44.0
13186,0,0.0,0.0
13187,51,0.005490196078431373,63.96078431372549
13188,0,0.0,0.0
13189,113,0.015644753476611883,102.00884955752213
13190,75,0.013693693693693694,104.77333333333333
13191,86,0.009302325581395349,93.61627906976744
13192,27,0.011396011396011397,70.07407407407408
13193,41,0.01707317073170732,105.46341463414635
13194,19,0.017543859649122806,145.8421052631579
13195,3,0.0,97.66666666666667
13196,6,0.0,81.83333333333333
13197,5,0.0,66.8
13198,11,0.0,114.0909090909091
13199,0,0.0,0.0
13200,51,0.005490196078431373,70.84313725490196
13201,6,0.0,66.83333333333333
13202,0,0.0,0.0
13203,3,0.0,89.33333333333333
13204,1,0.0,91.0
13205,7,0.0,67.42857142857143
13206,301,0.016389811738648948,115.91362126245848
13207,12,0.0,124.33333333333333
13208,6,0.0,33.333333333333336
13209,66,0.007925407925407926,72.1969696969697
13210,23,0.003952569169960474,67.82608695652173
13211,2,0.0,48.5
13212,20,0.015789473684210527,121.0
13213,4,0.0,64.5
13214,59,0.013442431326709527,103.13559322033899
13215,5,0.0,138.0
13216,14,0.0,100.85714285714286
13217,7,0.0,169.42857142857142
13218,20,0.021052631578947368,86.2
13219,88,0.01698014629049112,110.5
13220,38,0.01991465149359886,104.1842105263158
13221,25,0.023333333333333334,95.76
13222,96,0.01162280701754386,105.11458333333333
13223,30,0.006896551724137931,68.5
13224,18,0.013071895424836602,94.0
13225,29,0.012315270935960592,72.72413793103448
13226,40,0.01282051282051282,90.775
13227,37,0.024024024024024024,128.1081081081081
13228,7,0.047619047619047616,189.85714285714286
13229,0,0.0,0.0
13230,26,0.012307692307692308,96.6923076923077
13231,31,0.012903225806451613,81.19354838709677
13232,16,0.016666666666666666,105.8125
13233,31,0.012903225806451613,100.16129032258064
13234,7,0.0,66.0
13235,8,0.0,101.875
13236,11,0.01818181818181818,54.36363636363637
13237,17,0.0,95.05882352941177
13238,0,0.0,0.0
13239,5,0.0,121.2
13240,9,0.0,160.88888888888889
13241,25,0.01,103.56
13242,9,0.0,56.888888888888886
13243,11,0.0,161.0
13244,8,0.0,50.75
13245,10,0.0,89.5
13246,1,0.0,15.0
13247,4,0.0,159.75
13248,3,0.0,50.333333333333336
13249,88,0.019070010449320794,124.52272727272727
13250,31,0.015053763440860216,148.74193548387098
13251,9,0.08333333333333333,73.77777777777777
13252,31,0.010752688172043012,99.83870967741936
13253,11,0.07272727272727272,132.1818181818182
13254,10,0.022222222222222223,128.4
13255,4,0.0,84.0
13256,36,0.009523809523809525,96.47222222222223
13257,16,0.03333333333333333,121.0
13258,61,0.012021857923497269,99.91803278688525
13259,25,0.006666666666666667,64.36
13260,30,0.009195402298850575,126.36666666666666
13261,3,0.0,14.0
13262,121,0.011570247933884297,99.07438016528926
13263,27,0.0,65.92592592592592
13264,25,0.006666666666666667,68.2
13265,9,0.0,95.66666666666667
13266,38,0.011379800853485065,107.05263157894737
13267,1,0.0,60.0
13268,4,0.0,71.75
13269,35,0.013445378151260505,99.6
13270,0,0.0,0.0
13271,13,0.0,48.15384615384615
13272,116,0.01454272863568216,100.66379310344827
13273,15,0.0,96.26666666666667
13274,7,0.0,68.0
13275,36,0.006349206349206349,75.86111111111111
13276,3,0.0,34.666666666666664
13277,9,0.0,47.77777777777778
13278,13,0.02564102564102564,58.92307692307692
13279,4,0.0,76.25
13280,16,0.025,136.9375
13281,29,0.0049261083743842365,77.75862068965517
13282,2,0.0,49.5
13283,24,0.018115942028985508,138.16666666666666
13284,29,0.009852216748768473,116.10344827586206
13285,0,0.0,0.0
13286,87,0.011494252873563218,100.70114942528735
13287,26,0.006153846153846154,75.96153846153847
13288,2,0.0,34.5
13289,29,0.017241379310344827,129.17241379310346
13290,51,0.010980392156862745,96.74509803921569
13291,120,0.017366946778711485,105.93333333333334
13292,71,0.01851106639839034,125.3943661971831
13293,10,0.0,144.4
13294,3,0.0,78.33333333333333
13295,24,0.014492753623188406,73.95833333333333
13296,8,0.0,50.0
13297,23,0.015810276679841896,115.21739130434783
13298,129,0.014898255813953489,104.50387596899225
13299,2,0.0,158.0
13300,5,0.0,98.4
13301,144,0.016802641802641804,116.98611111111111
13302,107,0.023099982366425676,140.82242990654206
13303,6,0.0,101.66666666666667
13304,66,0.009790209790209791,83.12121212121212
13305,3,0.0,77.33333333333333
13306,13,0.05128205128205128,122.23076923076923
13307,3,0.0,63.0
13308,5,0.0,48.0
13309,68,0.007901668129938543,73.25
13310,0,0.0,0.0
13311,7,0.0,56.57142857142857
13312,29,0.009852216748768473,82.96551724137932
13313,31,0.0,70.35483870967742
13314,4,0.0,68.75
13315,0,0.0,0.0
13316,10,0.0,73.9
13317,12,0.015151515151515152,96.08333333333333
13318,35,0.025210084033613446,126.34285714285714
13319,24,0.007246376811594203,68.125
13320,8,0.0,109.75
13321,17,0.022058823529411766,87.76470588235294
13322,83,0.011460476050543638,95.2289156626506
13323,92,0.01075011944577162,78.77173913043478
13324,10,0.022222222222222223,102.4
13325,129,0.01065891472868217,99.14728682170542
13326,5,0.0,61.2
13327,39,0.018893387314439947,102.58974358974359
13328,21,0.004761904761904762,75.0952380952381
13329,12,0.0,75.66666666666667
13330,14,0.03296703296703297,115.78571428571429
13331,42,0.024390243902439025,133.78571428571428
13332,16,0.0,76.6875
13333,0,0.0,0.0
13334,9,0.0,76.44444444444444
13335,36,0.015873015873015872,103.88888888888889
13336,59,0.009935710111046173,97.32203389830508
13337,9,0.027777777777777776,49.333333333333336
13338,44,0.009513742071881607,79.36363636363636
13339,47,0.0074005550416281225,88.70212765957447
13340,10,0.022222222222222223,129.2
13341,2,0.0,179.0
13342,47,0.0074005550416281225,86.57446808510639
13343,4,0.0,129.25
13344,34,0.016042780748663103,100.94117647058823
13345,61,0.022950819672131147,134.18032786885246
13346,7,0.047619047619047616,68.42857142857143
13347,0,0.0,0.0
13348,11,0.0,86.54545454545455
13349,7,0.0,66.14285714285714
13350,27,0.03418803418803419,197.14814814814815
13351,80,0.010126582278481013,87.1125
13352,23,0.023715415019762844,110.1304347826087
13353,74,0.013328396890040726,110.29729729729729
13354,49,0.003401360544217687,62.816326530612244
13355,9,0.0,80.44444444444444
13356,14,0.0,74.35714285714286
13357,17,0.029411764705882353,121.52941176470588
13358,11,0.0,73.45454545454545
13359,6,0.0,194.66666666666666
13360,4,0.0,32.75
13361,12,0.0,49.916666666666664
13362,20,0.0,76.35
13363,10,0.0,57.7
13364,26,0.018461538461538463,111.8076923076923
13365,142,0.013085605833583059,93.94366197183099
13366,42,0.005807200929152149,96.11904761904762
13367,2,0.0,37.0
13368,78,0.00666000666000666,81.64102564102564
13369,45,0.012121212121212121,99.37777777777778
13370,24,0.007246376811594203,61.791666666666664
13371,8,0.0,85.0
13372,109,0.019707781175671082,130.39449541284404
13373,69,0.01918158567774936,114.71014492753623
13374,6,0.0,27.166666666666668
13375,22,0.008658008658008658,81.95454545454545
13376,97,0.009235395189003437,89.27835051546391
13377,18,0.006535947712418301,106.44444444444444
13378,28,0.005291005291005291,67.60714285714286
13379,0,0.0,0.0
13380,111,0.015888615888615888,96.94594594594595
13381,3,0.0,51.0
13382,2,0.0,22.0
13383,63,0.017921146953405017,99.41269841269842
13384,11,0.0,98.0909090909091
13385,6,0.0,98.16666666666667
13386,8,0.0,149.625
13387,6,0.0,66.83333333333333
13388,13,0.01282051282051282,68.15384615384616
13389,73,0.02054794520547945,129.2054794520548
13390,19,0.005847953216374269,69.63157894736842
13391,37,0.021021021021021023,132.54054054054055
13392,1,0.0,34.0
13393,0,0.0,0.0
13394,23,0.019762845849802372,98.56521739130434
13395,15,0.0,70.26666666666667
13396,3,0.0,25.666666666666668
13397,11,0.03636363636363636,110.27272727272727
13398,32,0.012096774193548387,87.4375
13399,23,0.0,52.21739130434783
13400,7,0.047619047619047616,129.42857142857142
13401,60,0.011299435028248588,85.55
13402,0,0.0,0.0
13403,7,0.0,54.0
13404,6,0.0,99.5
13405,1,0.0,33.0
13406,88,0.012800417972831766,104.22727272727273
13407,2,0.0,24.0
13408,18,0.026143790849673203,122.38888888888889
13409,112,0.022844272844272845,132.04464285714286
13410,70,0.012008281573498964,97.1
13411,5,0.0,87.4
13412,44,0.016913319238900635,124.36363636363636
13413,27,0.02564102564102564,176.8148148148148
13414,111,0.018673218673218674,122.5945945945946
13415,7,0.0,57.142857142857146
13416,6,0.0,34.333333333333336
13417,112,0.008526383526383526,77.51785714285714
13418,24,0.007246376811594203,78.33333333333333
13419,48,0.008865248226950355,90.64583333333333
13420,94,0.016700983756577442,101.7127659574468
13421,2,0.0,62.5
13422,19,0.005847953216374269,76.52631578947368
13423,66,0.034032634032634033,167.07575757575756
13424,0,0.0,0.0
13425,15,0.0380952380952381,202.6
13426,4,0.0,58.25
13427,13,0.038461538461538464,149.76923076923077
13428,56,0.00974025974025974,87.67857142857143
13429,2,0.0,440.0
13430,15,0.0,65.46666666666667
13431,41,0.012195121951219513,75.73170731707317
13432,20,0.021052631578947368,114.1
13433,3,0.0,58.666666666666664
13434,30,0.011494252873563218,124.7
13435,22,0.012987012987012988,135.4090909090909
13436,8,0.03571428571428571,171.375
13437,39,0.021592442645074223,140.76923076923077
13438,19,0.0,68.89473684210526
13439,217,0.01668373442566991,110.70506912442396
13440,95,0.010526315789473684,98.25263157894737
13441,276,0.018893280632411066,120.76811594202898
13442,17,0.03676470588235294,152.94117647058823
13443,36,0.011111111111111112,110.5
13444,32,0.014112903225806451,116.1875
13445,8,0.0,184.125
13446,33,0.022727272727272728,152.96969696969697
13447,19,0.023391812865497075,131.42105263157896
13448,8,0.0,148.0
13449,15,0.0,93.8
13450,3,0.0,64.0
13451,0,0.0,0.0
13452,8,0.0,36.125
13453,3,0.0,59.666666666666664
13454,13,0.038461538461538464,101.84615384615384
13455,0,0.0,0.0
13456,4,0.0,70.5
13457,10,0.0,67.1
13458,3,0.0,84.0
13459,3,0.0,158.0
13460,13,0.02564102564102564,75.46153846153847
13461,21,0.009523809523809525,106.0952380952381
13462,114,0.015370284117373078,91.21929824561404
13463,43,0.013289036544850499,93.3953488372093
13464,33,0.007575757575757576,74.33333333333333
13465,3,0.0,78.33333333333333
13466,32,0.014112903225806451,78.84375
13467,1,0.0,97.0
13468,75,0.017657657657657658,115.78666666666666
13469,15,0.02857142857142857,123.86666666666666
13470,27,0.014245014245014245,140.11111111111111
13471,19,0.005847953216374269,103.63157894736842
13472,2,0.0,14.0
13473,12,0.015151515151515152,120.41666666666667
13474,9,0.027777777777777776,113.55555555555556
13475,99,0.016697588126159554,111.91919191919192
13476,4,0.0,48.5
13477,9,0.0,69.88888888888889
13478,6,0.06666666666666667,214.33333333333334
13479,7,0.0,160.71428571428572
13480,7,0.0,47.0
13481,8,0.0,77.875
13482,15,0.0,75.46666666666667
13483,50,0.015510204081632653,82.86
13484,15,0.009523809523809525,67.6
13485,3,0.0,105.66666666666667
13486,2,0.0,79.0
13487,4,0.0,84.25
13488,14,0.0,90.07142857142857
13489,8,0.03571428571428571,105.0
13490,18,0.006535947712418301,70.55555555555556
13491,0,0.0,0.0
13492,27,0.0,63.96296296296296
13493,1,0.0,40.0
13494,32,0.0020161290322580645,62.34375
13495,12,0.015151515151515152,140.16666666666666
13496,4,0.0,70.75
13497,66,0.015850815850815853,119.77272727272727
13498,74,0.015920029618659754,104.51351351351352
13499,39,0.016194331983805668,132.71794871794873
13500,32,0.024193548387096774,108.21875
13501,5,0.0,107.0
13502,12,0.015151515151515152,87.66666666666667
13503,3,0.0,34.333333333333336
13504,13,0.0,84.3076923076923
13505,22,0.021645021645021644,109.04545454545455
13506,12,0.030303030303030304,82.66666666666667
13507,10,0.0,66.3
13508,24,0.018115942028985508,80.375
13509,17,0.0,69.76470588235294
13510,21,0.023809523809523808,147.42857142857142
13511,5,0.0,120.2
13512,6,0.0,106.66666666666667
13513,8,0.03571428571428571,110.25
13514,1,0.0,5.0
13515,3,0.0,80.33333333333333
13516,5,0.0,65.4
13517,3,0.0,362.0
13518,2,0.0,31.5
13519,3,0.0,31.333333333333332
13520,27,0.008547008547008548,99.29629629629629
13521,23,0.003952569169960474,61.52173913043478
13522,6,0.0,111.0
13523,16,0.0,84.8125
13524,0,0.0,0.0
13525,15,0.02857142857142857,117.53333333333333
13526,9,0.027777777777777776,143.11111111111111
13527,52,0.00904977375565611,86.65384615384616
13528,31,0.017204301075268817,93.2258064516129
13529,22,0.017316017316017316,113.4090909090909
13530,15,0.0,67.86666666666666
13531,1,0.0,114.0
13532,7,0.047619047619047616,86.85714285714286
13533,20,0.010526315789473684,95.3
13534,4,0.0,133.75
13535,91,0.009768009768009768,98.57142857142857
13536,42,0.011614401858304297,95.83333333333333
13537,31,0.010752688172043012,104.03225806451613
13538,4,0.0,60.0
13539,36,0.014285714285714285,91.22222222222223
13540,1,0.0,76.0
13541,6,0.0,75.83333333333333
13542,3,0.0,37.0
13543,14,0.04395604395604396,166.07142857142858
13544,15,0.009523809523809525,110.33333333333333
13545,28,0.018518518518518517,127.46428571428571
13546,69,0.013213981244671782,98.3768115942029
13547,3,0.0,248.0
13548,237,0.012872774082814847,99.60337552742617
13549,1,0.0,32.0
13550,21,0.014285714285714285,101.95238095238095
13551,3,0.0,197.33333333333334
13552,0,0.0,0.0
13553,18,0.0,87.0
13554,16,0.025,91.8125
13555,121,0.01046831955922865,94.1900826446281
13556,35,0.008403361344537815,110.54285714285714
13557,1,0.0,61.0
13558,115,0.018001525553012966,112.15652173913044
13559,2,0.0,136.5
13560,64,0.010416666666666666,81.453125
13561,1,0.0,47.0
13562,39,0.01349527665317139,104.92307692307692
13563,1,0.0,5.0
13564,58,0.012704174228675136,91.5
13565,1,0.0,6.0
13566,188,0.015416998520878371,108.3936170212766
13567,109,0.014101257220523276,107.02752293577981
13568,20,0.010526315789473684,89.3
13569,55,0.009427609427609427,87.78181818181818
13570,7,0.0,66.0
13571,14,0.0,71.14285714285714
13572,0,0.0,0.0
13573,24,0.010869565217391304,101.625
13574,21,0.01904761904761905,118.42857142857143
13575,5,0.0,68.4
13576,10,0.0,53.5
13577,14,0.01098901098901099,90.28571428571429
13578,136,0.014052287581699347,113.82352941176471
13579,24,0.0036231884057971015,66.5
13580,159,0.017275694610301727,116.98113207547169
13581,12,0.015151515151515152,155.58333333333334
13582,5,0.0,50.2
13583,55,0.017508417508417508,118.27272727272727
13584,32,0.004032258064516129,81.46875
13585,85,0.01288515406162465,102.83529411764705
13586,12,0.0,55.666666666666664
13587,8,0.0,41.25
13588,45,0.023232323232323233,145.15555555555557
13589,24,0.0036231884057971015,79.91666666666667
13590,77,0.009227614490772385,88.53246753246754
13591,23,0.003952569169960474,68.65217391304348
13592,67,0.009045680687471733,84.16417910447761
13593,41,0.018292682926829267,102.48780487804878
13594,10,0.0,85.7
13595,13,0.0,75.38461538461539
13596,2,0.0,140.5
13597,17,0.0,97.76470588235294
13598,2,0.0,40.0
13599,51,0.017254901960784313,110.76470588235294
13600,8,0.0,109.375
13601,50,0.013061224489795919,113.84
13602,6,0.0,58.5
13603,6,0.0,127.5
13604,13,0.01282051282051282,97.61538461538461
13605,59,0.02104032729398013,110.64406779661017
13606,20,0.015789473684210527,159.0
13607,7,0.047619047619047616,174.57142857142858
13608,109,0.011552837240910635,99.53211009174312
13609,53,0.010159651669085631,88.41509433962264
13610,10,0.0,68.7
13611,19,0.005847953216374269,83.3157894736842
13612,15,0.009523809523809525,70.6
13613,46,0.01352657004830918,103.26086956521739
13614,3,0.0,112.66666666666667
13615,23,0.007905138339920948,81.26086956521739
13616,85,0.011484593837535015,89.52941176470588
13617,14,0.0,102.85714285714286
13618,2,0.0,26.5
13619,49,0.02040816326530612,110.06122448979592
13620,5,0.0,55.8
13621,81,0.012962962962962963,101.96296296296296
13622,4,0.0,228.0
13623,20,0.02631578947368421,94.4
13624,4,0.0,26.5
13625,20,0.03684210526315789,121.65
13626,8,0.03571428571428571,41.25
13627,22,0.004329004329004329,74.4090909090909
13628,0,0.0,0.0
13629,39,0.018893387314439947,110.43589743589743
13630,17,0.0,93.17647058823529
13631,30,0.016091954022988506,132.9
13632,1,0.0,7.0
13633,15,0.0380952380952381,96.73333333333333
13634,14,0.01098901098901099,136.0
13635,64,0.010416666666666666,92.1875
13636,13,0.0,94.07692307692308
13637,0,0.0,0.0
13638,6,0.06666666666666667,141.66666666666666
13639,30,0.020689655172413793,119.36666666666666
13640,18,0.0,109.66666666666667
13641,2,0.0,230.5
13642,11,0.0,96.27272727272727
13643,48,0.00975177304964539,86.16666666666667
13644,1,0.0,20.0
13645,5,0.0,104.2
13646,103,0.009708737864077669,95.80582524271844
13647,1,0.0,116.0
13648,73,0.013318112633181126,90.83561643835617
13649,22,0.012987012987012988,106.36363636363636
13650,4,0.0,61.5
13651,33,0.007575757575757576,76.63636363636364
13652,23,0.011857707509881422,71.21739130434783
13653,73,0.015601217656012176,115.15068493150685
13654,53,0.01451378809869376,110.16981132075472
13655,15,0.02857142857142857,162.46666666666667
13656,112,0.016087516087516088,108.28571428571429
13657,9,0.0,79.66666666666667
13658,31,0.017204301075268817,120.45161290322581
13659,2,0.0,80.0
13660,0,0.0,0.0
13661,19,0.011695906432748537,52.526315789473685
13662,20,0.015789473684210527,99.95
13663,1,0.0,114.0
13664,41,0.006097560975609756,64.02439024390245
13665,28,0.013227513227513227,179.10714285714286
13666,8,0.07142857142857142,128.125
13667,9,0.0,57.0
13668,7,0.0,58.42857142857143
13669,145,0.011781609195402299,93.28965517241379
13670,54,0.01607267645003494,110.22222222222223
13671,57,0.015664160401002505,95.9298245614035
13672,122,0.01259991871020187,105.61475409836065
13673,10,0.0,93.7
13674,6,0.0,87.16666666666667
13675,5,0.0,77.8
13676,2,0.0,108.0
13677,13,0.01282051282051282,101.6923076923077
13678,3,0.0,32.666666666666664
13679,225,0.015119047619047619,113.82222222222222
13680,12,0.0,49.0
13681,7,0.0,111.14285714285714
13682,36,0.007936507936507936,75.97222222222223
13683,4,0.0,39.75
13684,3,0.0,54.666666666666664
13685,23,0.011857707509881422,99.21739130434783
13686,0,0.0,0.0
13687,6,0.0,88.33333333333333
13688,3,0.0,90.66666666666667
13689,16,0.0,85.75
13690,24,0.010869565217391304,127.54166666666667
13691,0,0.0,0.0
13692,43,0.009966777408637873,86.46511627906976
13693,43,0.012181616832779624,99.48837209302326
13694,19,0.029239766081871343,127.6842105263158
13695,0,0.0,0.0
13696,110,0.020016680567139282,119.91818181818182
13697,11,0.0,61.63636363636363
13698,42,0.010452961672473868,81.80952380952381
13699,24,0.0036231884057971015,80.33333333333333
13700,28,0.015873015873015872,95.57142857142857
13701,37,0.003003003003003003,94.5945945945946
13702,3,0.0,130.0
13703,53,0.009433962264150943,90.37735849056604
13704,2,0.0,31.5
13705,9,0.0,148.77777777777777
13706,7,0.047619047619047616,55.0
13707,9,0.0,63.77777777777778
13708,3,0.0,65.33333333333333
13709,1,0.0,33.0
13710,56,0.005844155844155844,83.78571428571429
13711,1,0.0,129.0
13712,18,0.0,111.38888888888889
13713,4,0.0,100.75
13714,25,0.01,64.88
13715,68,0.013169446883230905,112.45588235294117
13716,6,0.0,30.166666666666668
13717,50,0.009795918367346938,78.9
13718,10,0.022222222222222223,118.2
13719,71,0.005633802816901409,65.95774647887323
13720,71,0.012072434607645875,103.49295774647888
13721,25,0.013333333333333334,115.16
13722,18,0.006535947712418301,88.38888888888889
13723,47,0.0074005550416281225,80.42553191489361
13724,29,0.0049261083743842365,70.6896551724138
13725,23,0.011857707509881422,72.91304347826087
13726,6,0.0,89.66666666666667
13727,2,0.0,20.0
13728,6,0.0,70.16666666666667
13729,25,0.023333333333333334,157.52
13730,10,0.0,57.4
13731,91,0.01391941391941392,93.95604395604396
13732,34,0.0,72.11764705882354
13733,35,0.011764705882352941,112.88571428571429
13734,74,0.018511662347278787,115.54054054054055
13735,35,0.023529411764705882,146.9142857142857
13736,2,0.0,143.0
13737,1,0.0,358.0
13738,53,0.015239477503628448,116.01886792452831
13739,55,0.00808080808080808,93.89090909090909
13740,3,0.0,139.0
13741,34,0.0142602495543672,98.3529411764706
13742,7,0.0,58.142857142857146
13743,3,0.0,77.33333333333333
13744,21,0.02857142857142857,156.14285714285714
13745,3,0.0,86.66666666666667
13746,102,0.009318578916715201,88.2843137254902
13747,2,0.0,65.5
13748,3,0.0,91.33333333333333
13749,13,0.0,127.0
13750,51,0.010980392156862745,89.94117647058823
13751,5,0.0,68.8
13752,18,0.032679738562091505,189.61111111111111
13753,31,0.017204301075268817,114.2258064516129
13754,173,0.014249227046646055,106.83815028901734
13755,4,0.0,145.75
13756,3,0.0,48.333333333333336
13757,30,0.004597701149425287,67.9
13758,10,0.022222222222222223,82.9
13759,31,0.0064516129032258064,103.87096774193549
13760,57,0.023809523809523808,160.3859649122807
13761,12,0.0,84.83333333333333
13762,20,0.031578947368421054,151.15
13763,23,0.019762845849802372,101.78260869565217
13764,32,0.020161290322580645,118.65625
13765,135,0.012493090105030403,107.82222222222222
13766,9,0.0,49.77777777777778
13767,9,0.05555555555555555,67.11111111111111
13768,66,0.02843822843822844,127.57575757575758
13769,12,0.0,88.0
13770,19,0.005847953216374269,77.26315789473684
13771,0,0.0,0.0
13772,4,0.0,43.0
13773,20,0.015789473684210527,92.9
13774,2,0.0,63.0
13775,40,0.02435897435897436,123.775
13776,16,0.025,117.8125
13777,108,0.014537902388369679,114.45370370370371
13778,59,0.013442431326709527,97.54237288135593
13779,2,0.0,107.0
13780,1,0.0,3.0
13781,63,0.010752688172043012,88.46031746031746
13782,28,0.0026455026455026454,86.17857142857143
13783,10,0.0,102.3
13784,11,0.0,73.81818181818181
13785,4,0.0,69.5
13786,13,0.0,55.15384615384615
13787,16,0.008333333333333333,64.875
13788,131,0.013035819142689371,99.83969465648855
13789,4,0.0,56.5
13790,51,0.006274509803921568,82.23529411764706
13791,31,0.015053763440860216,95.6774193548387
13792,7,0.0,40.714285714285715
13793,61,0.007650273224043716,85.65573770491804
13794,10,0.0,50.5
13795,30,0.011494252873563218,78.63333333333334
13796,31,0.02795698924731183,183.25806451612902
13797,30,0.013793103448275862,104.33333333333333
13798,7,0.0,40.714285714285715
13799,13,0.0,71.15384615384616
13800,13,0.01282051282051282,77.23076923076923
13801,1,0.0,219.0
13802,3,0.0,48.666666666666664
13803,2,0.0,38.0
13804,59,0.012857977790765635,87.32203389830508
13805,4,0.3333333333333333,196.25
13806,108,0.014364832121841468,104.55555555555556
13807,19,0.029239766081871343,140.73684210526315
13808,102,0.0110658124635993,83.38235294117646
13809,0,0.0,0.0
13810,7,0.09523809523809523,240.14285714285714
13811,26,0.009230769230769232,95.92307692307692
13812,12,0.030303030303030304,204.75
13813,2,0.0,69.5
13814,10,0.022222222222222223,78.3
13815,17,0.022058823529411766,86.0
13816,7,0.0,45.857142857142854
13817,1,0.0,15.0
13818,6,0.0,56.0
13819,89,0.006639427987742594,68.76404494382022
13820,21,0.047619047619047616,221.42857142857142
13821,3,0.0,75.33333333333333
13822,7,0.0,62.0
13823,16,0.0,73.3125
13824,25,0.01,82.4
13825,37,0.024024024024024024,137.40540540540542
13826,5,0.0,184.0
13827,26,0.021538461538461538,131.65384615384616
13828,6,0.0,154.66666666666666
13829,23,0.015810276679841896,124.47826086956522
13830,6,0.0,71.0
13831,26,0.003076923076923077,85.84615384615384
13832,37,0.010510510510510511,93.16216216216216
13833,14,0.01098901098901099,78.28571428571429
13834,6,0.0,39.833333333333336
13835,30,0.013793103448275862,85.46666666666667
13836,8,0.0,66.75
13837,19,0.011695906432748537,74.84210526315789
13838,3,0.0,34.333333333333336
13839,10,0.0,59.8
13840,44,0.012684989429175475,102.04545454545455
13841,54,0.019566736547868623,151.7962962962963
13842,9,0.0,216.33333333333334
13843,27,0.017094017094017096,105.0
13844,31,0.010752688172043012,88.41935483870968
13845,16,0.016666666666666666,103.625
13846,57,0.022556390977443608,122.14035087719299
13847,8,0.0,68.25
13848,0,0.0,0.0
13849,5,0.0,85.0
13850,8,0.0,71.0
13851,4,0.0,90.75
13852,145,0.01867816091954023,120.41379310344827
13853,14,0.0,106.07142857142857
13854,12,0.030303030303030304,119.5
13855,63,0.01638504864311316,98.5079365079365
13856,35,0.018487394957983194,123.82857142857142
13857,8,0.07142857142857142,145.125
13858,13,0.0,76.3076923076923
13859,26,0.036923076923076927,158.84615384615384
13860,0,0.0,0.0
13861,9,0.027777777777777776,84.44444444444444
13862,69,0.014066496163682864,100.84057971014492
13863,2,0.0,28.5
13864,3,0.0,84.0
13865,0,0.0,0.0
13866,13,0.01282051282051282,147.84615384615384
13867,7,0.0,28.428571428571427
13868,11,0.0,64.0909090909091
13869,1,0.0,115.0
13870,11,0.0,102.81818181818181
13871,0,0.0,0.0
13872,132,0.009137173259310663,83.97727272727273
13873,15,0.0,80.2
13874,3,0.0,171.66666666666666
13875,0,0.0,0.0
13876,76,0.02175438596491228,131.6578947368421
13877,33,0.011363636363636364,89.18181818181819
13878,2,0.0,5.5
13879,18,0.013071895424836602,108.66666666666667
13880,7,0.047619047619047616,108.57142857142857
13881,41,0.012195121951219513,108.65853658536585
13882,30,0.029885057471264367,119.23333333333333
13883,1,0.0,17.0
13884,14,0.01098901098901099,102.28571428571429
13885,7,0.047619047619047616,88.42857142857143
13886,40,0.02435897435897436,132.7
13887,10,0.022222222222222223,85.5
13888,49,0.016156462585034014,93.89795918367346
13889,6,0.06666666666666667,67.16666666666667
13890,3,0.0,33.666666666666664
13891,19,0.0,71.10526315789474
13892,21,0.0380952380952381,169.04761904761904
13893,76,0.01263157894736842,98.75
13894,15,0.01904761904761905,88.73333333333333
13895,23,0.007905138339920948,79.8695652173913
13896,63,0.010240655401945725,94.57142857142857
13897,39,0.008097165991902834,82.66666666666667
13898,53,0.01088534107402032,107.49056603773585
13899,5,0.0,70.2
13900,43,0.015503875968992248,94.0
13901,3,0.0,115.33333333333333
13902,140,0.014491264131551902,116.94285714285714
13903,56,0.007792207792207792,99.08928571428571
13904,48,0.00975177304964539,100.72916666666667
13905,22,0.0,70.31818181818181
13906,46,0.02705314009661836,140.1086956521739
13907,64,0.014384920634920634,96.953125
13908,17,0.0,99.05882352941177
13909,10,0.0,112.3
13910,11,0.0,138.45454545454547
13911,3,0.0,81.66666666666667
13912,31,0.0064516129032258064,83.16129032258064
13913,12,0.0,110.83333333333333
13914,8,0.0,36.625
13915,17,0.014705882352941176,129.8235294117647
13916,0,0.0,0.0
13917,87,0.00855386260358193,79.50574712643679
13918,18,0.032679738562091505,170.72222222222223
13919,10,0.0,140.0
13920,156,0.01348221670802316,97.85897435897436
13921,59,0.012273524254821741,117.69491525423729
13922,27,0.005698005698005698,91.96296296296296
13923,6,0.0,40.833333333333336
13924,4,0.0,34.5
13925,39,0.014844804318488529,94.51282051282051
13926,1,0.0,5.0
13927,6,0.0,90.5
13928,23,0.003952569169960474,94.8695652173913
13929,30,0.004597701149425287,80.43333333333334
13930,73,0.01750380517503805,127.21917808219177
13931,7,0.047619047619047616,183.57142857142858
13932,60,0.010734463276836158,95.25
13933,23,0.007905138339920948,62.69565217391305
13934,46,0.007729468599033816,99.93478260869566
13935,21,0.009523809523809525,109.0
13936,55,0.012794612794612794,104.56363636363636
13937,1,0.0,24.0
13938,4,0.0,104.5
13939,23,0.007905138339920948,100.56521739130434
13940,66,0.016783216783216783,106.1969696969697
13941,5,0.0,66.0
13942,213,0.013420143502524582,99.3943661971831
13943,45,0.022222222222222223,117.8
13944,18,0.013071895424836602,89.0
13945,1,0.0,3.0
13946,102,0.012036497767423802,92.1470588235294
13947,6,0.0,107.5
13948,35,0.020168067226890758,125.85714285714286
13949,0,0.0,0.0
13950,4,0.0,101.25
13951,1,0.0,1.0
13952,28,0.010582010582010581,92.10714285714286
13953,24,0.014492753623188406,122.5
13954,5,0.0,62.4
13955,0,0.0,0.0
13956,30,0.03218390804597701,162.13333333333333
13957,2,1.0,221.5
13958,43,0.01107419712070875,78.93023255813954
13959,1,0.0,104.0
13960,3,0.0,34.0
13961,4,0.0,35.75
13962,0,0.0,0.0
13963,28,0.0026455026455026454,65.67857142857143
13964,2,0.0,179.0
13965,4,0.0,36.0
13966,39,0.004048582995951417,64.02564102564102
13967,8,0.0,120.5
13968,9,0.0,179.0
13969,3,0.0,66.33333333333333
13970,36,0.01904761904761905,125.11111111111111
13971,6,0.0,45.833333333333336
13972,29,0.03940886699507389,190.51724137931035
13973,22,0.008658008658008658,94.22727272727273
13974,7,0.0,143.57142857142858
13975,34,0.0196078431372549,140.55882352941177
13976,112,0.016891891891891893,113.41964285714286
13977,33,0.017045454545454544,133.84848484848484
13978,0,0.0,0.0
13979,13,0.01282051282051282,72.0
13980,16,0.03333333333333333,147.8125
13981,24,0.010869565217391304,101.70833333333333
13982,18,0.0196078431372549,121.0
13983,27,0.017094017094017096,96.4074074074074
13984,0,0.0,0.0
13985,42,0.017421602787456445,129.42857142857142
13986,3,0.0,50.333333333333336
13987,14,0.0,87.42857142857143
13988,5,0.0,75.6
13989,22,0.021645021645021644,156.27272727272728
13990,9,0.0,96.55555555555556
13991,3,0.0,69.0
13992,13,0.038461538461538464,95.46153846153847
13993,13,0.01282051282051282,141.84615384615384
13994,24,0.018115942028985508,118.25
13995,57,0.011904761904761904,83.84210526315789
13996,23,0.03162055335968379,136.04347826086956
13997,17,0.007352941176470588,93.88235294117646
13998,9,0.0,67.44444444444444
13999,34,0.0142602495543672,103.1470588235294
14000,14,0.01098901098901099,136.0
14001,18,0.006535947712418301,76.05555555555556
14002,40,0.021794871794871794,121.225
14003,1,0.0,458.0
14004,10,0.0,128.6
14005,22,0.004329004329004329,57.86363636363637
14006,2,0.0,53.0
14007,58,0.011494252873563218,110.13793103448276
14008,34,0.012477718360071301,97.5
14009,22,0.03463203463203463,146.13636363636363
14010,28,0.007936507936507936,94.75
14011,15,0.02857142857142857,205.26666666666668
14012,25,0.03666666666666667,184.64
14013,19,0.04678362573099415,214.47368421052633
14014,9,0.0,143.11111111111111
14015,2,0.0,41.5
14016,4,0.0,53.25
14017,15,0.0,86.73333333333333
14018,26,0.03076923076923077,141.30769230769232
14019,106,0.01311769991015274,113.05660377358491
14020,63,0.014336917562724014,113.28571428571429
14021,7,0.047619047619047616,87.42857142857143
14022,16,0.008333333333333333,90.375
14023,10,0.0,125.1
14024,2,0.0,77.0
14025,70,0.02111801242236025,130.82857142857142
14026,16,0.008333333333333333,167.875
14027,51,0.01019607843137255,90.88235294117646
14028,0,0.0,0.0
14029,87,0.0272654370489174,138.83908045977012
14030,26,0.006153846153846154,70.57692307692308
14031,10,0.0,68.5
14032,0,0.0,0.0
14033,59,0.006428988895382817,77.98305084745763
14034,12,0.0,50.583333333333336
14035,4,0.0,66.5
14036,34,0.0035650623885918,65.70588235294117
14037,36,0.011111111111111112,110.72222222222223
14038,7,0.0,88.0
14039,27,0.005698005698005698,84.48148148148148
14040,55,0.009427609427609427,97.58181818181818
14041,40,0.008974358974358974,76.025
14042,0,0.0,0.0
14043,1,0.0,27.0
14044,2,0.0,51.5
14045,6,0.06666666666666667,103.33333333333333
14046,58,0.016333938294010888,97.96551724137932
14047,24,0.021739130434782608,91.45833333333333
14048,17,0.0,71.70588235294117
14049,21,0.004761904761904762,75.52380952380952
14050,92,0.014572384137601528,97.28260869565217
14051,37,0.02252252252252252,103.5945945945946
14052,3,0.0,112.66666666666667
14053,5,0.0,70.0
14054,20,0.010526315789473684,104.9
14055,17,0.007352941176470588,51.05882352941177
14056,5,0.0,69.6
14057,46,0.011594202898550725,100.95652173913044
14058,1,0.0,154.0
14059,12,0.015151515151515152,98.0
14060,1,0.0,83.0
14061,4,0.0,25.0
14062,1,0.0,2.0
14063,34,0.016042780748663103,73.55882352941177
14064,1,0.0,94.0
14065,2,0.0,69.5
14066,58,0.018148820326678767,124.77586206896552
14067,2,0.0,77.0
14068,4,0.0,44.75
14069,64,0.019345238095238096,113.625
14070,44,0.010570824524312896,114.97727272727273
14071,5,0.0,54.6
14072,11,0.01818181818181818,176.72727272727272
14073,5,0.0,97.4
14074,27,0.017094017094017096,151.2962962962963
14075,15,0.0,77.13333333333334
14076,55,0.022222222222222223,128.76363636363635
14077,9,0.027777777777777776,73.44444444444444
14078,57,0.020676691729323307,128.68421052631578
14079,109,0.019198097179748557,113.39449541284404
14080,52,0.014328808446455505,96.59615384615384
14081,2,0.0,35.0
14082,45,0.01818181818181818,113.22222222222223
14083,20,0.005263157894736842,44.8
14084,9,0.0,65.66666666666667
14085,24,0.050724637681159424,200.375
14086,22,0.012987012987012988,88.27272727272727
14087,14,0.0,68.0
14088,23,0.011857707509881422,63.30434782608695
14089,2,0.0,50.5
14090,2,0.0,61.0
14091,31,0.002150537634408602,67.96774193548387
14092,24,0.007246376811594203,64.79166666666667
14093,5,0.1,153.2
14094,60,0.006779661016949152,94.8
14095,3,0.0,202.0
14096,15,0.009523809523809525,102.4
14097,19,0.005847953216374269,85.78947368421052
14098,13,0.01282051282051282,87.61538461538461
14099,8,0.03571428571428571,128.125
14100,7,0.0,48.0
14101,27,0.022792022792022793,109.81481481481481
14102,7,0.0,36.714285714285715
14103,26,0.015384615384615385,71.8076923076923
14104,2,0.0,126.5
14105,30,0.004597701149425287,71.53333333333333
14106,69,0.018329070758738276,113.1159420289855
14107,31,0.023655913978494623,155.29032258064515
14108,6,0.0,55.333333333333336
14109,12,0.030303030303030304,125.66666666666667
14110,10,0.022222222222222223,219.0
14111,23,0.019762845849802372,109.21739130434783
14112,1,0.0,29.0
14113,288,0.01212253193960511,96.32986111111111
14114,0,0.0,0.0
14115,13,0.01282051282051282,77.07692307692308
14116,28,0.021164021164021163,97.0
14117,3,0.0,67.0
14118,46,0.02318840579710145,146.7826086956522
14119,2,0.0,140.5
14120,0,0.0,0.0
14121,39,0.014844804318488529,105.61538461538461
14122,7,0.0,61.0
14123,19,0.029239766081871343,109.15789473684211
14124,162,0.01763668430335097,113.37037037037037
14125,53,0.02177068214804064,131.35849056603774
14126,6,0.06666666666666667,194.16666666666666
14127,62,0.016922263352723427,95.66129032258064
14128,41,0.004878048780487805,74.8780487804878
14129,26,0.009230769230769232,84.34615384615384
14130,6,0.0,54.166666666666664
14131,1,0.0,27.0
14132,3,0.0,154.0
14133,17,0.029411764705882353,113.88235294117646
14134,12,0.015151515151515152,78.08333333333333
14135,0,0.0,0.0
14136,2,0.0,78.5
14137,1,0.0,318.0
14138,4,0.0,52.75
14139,4,0.16666666666666666,356.75
14140,0,0.0,0.0
14141,21,0.004761904761904762,91.61904761904762
14142,39,0.004048582995951417,68.7948717948718
14143,3,0.0,58.0
14144,6,0.0,72.33333333333333
14145,46,0.015458937198067632,122.1086956521739
14146,11,0.01818181818181818,114.18181818181819
14147,19,0.0,69.63157894736842
14148,3,0.0,81.0
14149,24,0.0036231884057971015,100.0
14150,16,0.0,62.875
14151,10,0.0,55.0
14152,10,0.0,71.8
14153,19,0.017543859649122806,126.26315789473684
14154,10,0.0,57.8
14155,10,0.0,105.0
14156,15,0.009523809523809525,88.4
14157,2,0.0,86.5
14158,7,0.0,109.71428571428571
14159,37,0.006006006006006006,87.4054054054054
14160,23,0.011857707509881422,78.82608695652173
14161,12,0.045454545454545456,209.41666666666666
14162,139,0.013137316233969347,100.06474820143885
14163,9,0.0,34.22222222222222
14164,20,0.02631578947368421,126.15
14165,26,0.024615384615384615,133.65384615384616
14166,60,0.01807909604519774,122.28333333333333
14167,38,0.02418207681365576,134.44736842105263
14168,7,0.0,122.57142857142857
14169,91,0.010256410256410256,97.75824175824175
14170,10,0.0,89.7
14171,0,0.0,0.0
14172,3,0.0,125.33333333333333
14173,7,0.047619047619047616,155.0
14174,15,0.009523809523809525,87.2
14175,135,0.01238253178551686,103.43703703703704
14176,17,0.007352941176470588,72.0
14177,3,0.0,208.66666666666666
14178,20,0.010526315789473684,90.85
14179,54,0.01607267645003494,121.37037037037037
14180,10,0.0,80.3
14181,3,0.0,294.6666666666667
14182,47,0.01572617946345976,100.97872340425532
14183,4,0.0,56.0
14184,4,0.0,50.0
14185,63,0.011264720942140297,97.34920634920636
14186,30,0.004597701149425287,81.53333333333333
14187,82,0.008130081300813009,81.51219512195122
14188,37,0.0015015015015015015,67.83783783783784
14189,75,0.01945945945945946,110.77333333333333
14190,11,0.07272727272727272,187.9090909090909
14191,275,0.009661579296615793,88.53090909090909
14192,2,0.0,117.0
14193,7,0.0,71.0
14194,60,0.015819209039548022,94.86666666666666
14195,8,0.03571428571428571,215.375
14196,7,0.0,82.14285714285714
14197,5,0.1,123.2
14198,24,0.018115942028985508,95.375
14199,3,0.0,134.66666666666666
14200,6,0.06666666666666667,234.33333333333334
14201,19,0.0,60.21052631578947
14202,0,0.0,0.0
14203,27,0.019943019943019943,124.51851851851852
14204,28,0.005291005291005291,69.10714285714286
14205,61,0.009289617486338797,86.36065573770492
14206,36,0.012698412698412698,61.111111111111114
14207,22,0.012987012987012988,70.27272727272727
14208,82,0.013550135501355014,99.23170731707317
14209,2,0.0,35.5
14210,23,0.023715415019762844,135.04347826086956
14211,41,0.00975609756097561,68.0
14212,12,0.0,76.66666666666667
14213,4,0.0,65.75
14214,9,0.027777777777777776,64.55555555555556
14215,122,0.012193469719550196,91.35245901639344
14216,12,0.0,83.58333333333333
14217,4,0.0,80.5
14218,96,0.017105263157894738,126.0
14219,0,0.0,0.0
14220,8,0.0,180.25
14221,1,0.0,168.0
14222,4,0.0,108.25
14223,22,0.03463203463203463,106.45454545454545
14224,110,0.01567973311092577,104.72727272727273
14225,50,0.019591836734693877,107.64
14226,13,0.0,97.46153846153847
14227,12,0.015151515151515152,100.25
14228,46,0.007729468599033816,90.41304347826087
14229,167,0.01349109010893875,102.38323353293413
14230,26,0.003076923076923077,95.92307692307692
14231,4,0.0,95.25
14232,1,0.0,717.0
14233,0,0.0,0.0
14234,70,0.007039337474120083,76.7
14235,3,0.0,42.333333333333336
14236,22,0.030303030303030304,155.8181818181818
14237,14,0.02197802197802198,85.64285714285714
14238,16,0.0,76.875
14239,1,0.0,20.0
14240,2,0.0,172.0
14241,2,1.0,146.0
14242,20,0.005263157894736842,107.95
14243,77,0.012303485987696514,96.11688311688312
14244,10,0.0,133.4
14245,7,0.0,69.28571428571429
14246,113,0.009481668773704172,89.6283185840708
14247,13,0.038461538461538464,167.92307692307693
14248,8,0.0,80.125
14249,51,0.009411764705882352,96.56862745098039
14250,112,0.011904761904761904,88.71428571428571
14251,8,0.0,109.375
14252,21,0.009523809523809525,81.57142857142857
14253,56,0.02207792207792208,126.21428571428571
14254,2,0.0,77.5
14255,0,0.0,0.0
14256,37,0.015015015015015015,130.97297297297297
14257,53,0.015965166908563134,106.66037735849056
14258,16,0.008333333333333333,71.9375
14259,5,0.0,63.8
14260,35,0.0016806722689075631,68.05714285714286
14261,15,0.0,61.733333333333334
14262,4,0.0,27.75
14263,0,0.0,0.0
14264,30,0.011494252873563218,92.93333333333334
14265,9,0.0,72.55555555555556
14266,50,0.026938775510204082,152.36
14267,2,0.0,236.0
14268,3,0.0,63.666666666666664
14269,2,0.0,93.0
14270,46,0.011594202898550725,112.19565217391305
14271,214,0.013996753104295555,104.54205607476635
14272,8,0.03571428571428571,179.625
14273,12,0.0,52.833333333333336
14274,2,0.0,23.0
14275,6,0.0,110.83333333333333
14276,2,0.0,175.0
14277,130,0.014430530709600478,109.35384615384615
14278,5,0.0,117.6
14279,74,0.014068863383931877,105.33783783783784
14280,6,0.0,279.5
14281,135,0.012161415146489774,91.76296296296296
14282,2,0.0,186.0
14283,10,0.022222222222222223,63.6
14284,114,0.008228535941623972,79.48245614035088
14285,35,0.020168067226890758,130.42857142857142
14286,4,0.0,85.75
14287,31,0.012903225806451613,109.29032258064517
14288,16,0.016666666666666666,61.5625
14289,22,0.021645021645021644,114.45454545454545
14290,0,0.0,0.0
14291,22,0.004329004329004329,69.13636363636364
14292,28,0.0,74.28571428571429
14293,82,0.020174646190906354,120.14634146341463
14294,2,0.0,75.0
14295,31,0.008602150537634409,61.806451612903224
14296,1,0.0,27.0
14297,17,0.007352941176470588,66.0
14298,1,0.0,80.0
14299,11,0.0,46.36363636363637
14300,51,0.01568627450980392,100.96078431372548
14301,30,0.006896551724137931,86.0
14302,37,0.015015015015015015,89.75675675675676
14303,14,0.01098901098901099,147.21428571428572
14304,43,0.019933554817275746,120.48837209302326
14305,6,0.0,35.833333333333336
14306,12,0.015151515151515152,61.0
14307,18,0.013071895424836602,121.38888888888889
14308,13,0.02564102564102564,51.92307692307692
14309,2,0.0,34.5
14310,24,0.007246376811594203,77.45833333333333
14311,18,0.0392156862745098,138.61111111111111
14312,6,0.0,15.0
14313,21,0.004761904761904762,57.04761904761905
14314,110,0.012176814011676397,88.32727272727273
14315,29,0.009852216748768473,89.0
14316,5,0.0,53.2
14317,7,0.0,81.71428571428571
14318,6,0.0,77.66666666666667
14319,11,0.0,70.63636363636364
14320,17,0.014705882352941176,98.94117647058823
14321,19,0.005847953216374269,95.0
14322,4,0.0,88.0
14323,74,0.0037023324694557573,63.054054054054056
14324,17,0.014705882352941176,107.41176470588235
14325,21,0.0380952380952381,138.33333333333334
14326,30,0.022988505747126436,123.46666666666667
14327,14,0.0,65.78571428571429
14328,25,0.016666666666666666,69.6
14329,1,0.0,89.0
14330,4,0.0,67.0
14331,209,0.011823702613176298,93.66985645933015
14332,30,0.034482758620689655,186.13333333333333
14333,1,0.0,130.0
14334,25,0.023333333333333334,129.48
14335,91,0.00757020757020757,72.38461538461539
14336,0,0.0,0.0
14337,73,0.011035007610350075,83.57534246575342
14338,23,0.007905138339920948,104.21739130434783
14339,2,0.0,47.0
14340,9,0.0,56.666666666666664
14341,9,0.0,114.66666666666667
14342,12,0.015151515151515152,79.66666666666667
14343,5,0.0,56.0
14344,22,0.004329004329004329,84.5
14345,1,0.0,16.0
14346,1,0.0,149.0
14347,133,0.008658008658008658,84.4812030075188
14348,6,0.0,60.166666666666664
14349,27,0.011396011396011397,125.48148148148148
14350,12,0.045454545454545456,217.16666666666666
14351,9,0.0,120.77777777777777
14352,7,0.047619047619047616,123.71428571428571
14353,17,0.007352941176470588,56.8235294117647
14354,12,0.015151515151515152,42.833333333333336
14355,0,0.0,0.0
14356,1,0.0,37.0
14357,16,0.008333333333333333,88.875
14358,1,0.0,6.0
14359,2,0.0,35.0
14360,6,0.0,89.83333333333333
14361,42,0.027874564459930314,155.07142857142858
14362,18,0.026143790849673203,196.44444444444446
14363,9,0.0,46.44444444444444
14364,353,0.013182462013906772,102.96317280453258
14365,42,0.015098722415795587,110.38095238095238
14366,9,0.0,43.666666666666664
14367,8,0.0,67.625
14368,73,0.010273972602739725,86.02739726027397
14369,12,0.030303030303030304,77.25
14370,19,0.0,76.94736842105263
14371,17,0.007352941176470588,83.52941176470588
14372,47,0.013876040703052728,107.40425531914893
14373,47,0.02127659574468085,111.1063829787234
14374,44,0.0200845665961945,163.97727272727272
14375,1,0.0,10.0
14376,35,0.015126050420168067,101.82857142857142
14377,23,0.011857707509881422,95.43478260869566
14378,5,0.0,162.2
14379,1,0.0,58.0
14380,10,0.022222222222222223,120.6
14381,42,0.006968641114982578,94.52380952380952
14382,0,0.0,0.0
14383,5,0.0,80.6
14384,5,0.0,216.6
14385,13,0.0,59.07692307692308
14386,110,0.009674728940783986,84.26363636363637
14387,91,0.011477411477411478,91.06593406593407
14388,6,0.0,96.66666666666667
14389,33,0.01893939393939394,107.39393939393939
14390,2,0.0,69.0
14391,0,0.0,0.0
14392,3,0.0,119.33333333333333
14393,11,0.03636363636363636,83.36363636363636
14394,13,0.0,65.92307692307692
14395,80,0.012974683544303797,82.1375
14396,3,0.0,56.0
14397,93,0.007246376811594203,88.56989247311827
14398,34,0.0053475935828877,59.588235294117645
14399,14,0.03296703296703297,118.14285714285714
14400,15,0.009523809523809525,72.46666666666667
14401,20,0.005263157894736842,78.6
14402,4,0.0,103.5
14403,1,0.0,11.0
14404,32,0.014112903225806451,73.46875
14405,0,0.0,0.0
14406,19,0.0,53.1578947368421
14407,7,0.0,281.42857142857144
14408,12,0.0,101.91666666666667
14409,52,0.00980392156862745,84.84615384615384
14410,7,0.0,28.142857142857142
14411,6,0.0,199.0
14412,10,0.0,55.3
14413,26,0.0,101.26923076923077
14414,0,0.0,0.0
14415,40,0.035897435897435895,174.725
14416,50,0.011428571428571429,100.42
14417,163,0.010755131409528138,98.56441717791411
14418,33,0.011363636363636364,101.57575757575758
14419,95,0.012318029115341545,93.25263157894737
14420,0,0.0,0.0
14421,8,0.03571428571428571,104.25
14422,9,0.027777777777777776,119.66666666666667
14423,59,0.012857977790765635,86.40677966101696
14424,14,0.0,73.28571428571429
14425,1,0.0,18.0
14426,33,0.011363636363636364,103.0
14427,79,0.02174618630314833,125.74683544303798
14428,3,0.0,65.66666666666667
14429,100,0.015151515151515152,91.64
14430,20,0.010526315789473684,60.45
14431,20,0.005263157894736842,71.15
14432,11,0.0,55.63636363636363
14433,13,0.01282051282051282,78.61538461538461
14434,24,0.007246376811594203,53.041666666666664
14435,10,0.0,68.6
14436,21,0.0,37.0
14437,4,0.0,224.75
14438,35,0.008403361344537815,73.74285714285715
14439,27,0.022792022792022793,83.29629629629629
14440,106,0.011500449236298293,96.12264150943396
14441,17,0.022058823529411766,116.29411764705883
14442,11,0.03636363636363636,82.63636363636364
14443,55,0.013468013468013467,114.6
14444,48,0.01950354609929078,121.25
14445,5,0.0,59.8
14446,10,0.022222222222222223,132.1
14447,20,0.02631578947368421,206.2
14448,52,0.017345399698340876,92.23076923076923
14449,42,0.006968641114982578,93.45238095238095
14450,17,0.014705882352941176,106.88235294117646
14451,22,0.017316017316017316,75.45454545454545
14452,140,0.018088386433710173,123.9
14453,4,0.3333333333333333,70.0
14454,72,0.018779342723004695,114.77777777777777
14455,5,0.0,119.6
14456,13,0.01282051282051282,75.92307692307692
14457,2,0.0,106.5
14458,21,0.014285714285714285,73.42857142857143
14459,8,0.0,157.125
14460,0,0.0,0.0
14461,16,0.0,52.8125
14462,5,0.0,37.2
14463,8,0.03571428571428571,63.25
14464,9,0.0,40.888888888888886
14465,11,0.01818181818181818,75.36363636363636
14466,7,0.0,86.42857142857143
14467,21,0.004761904761904762,71.57142857142857
14468,12,0.015151515151515152,49.666666666666664
14469,6,0.0,38.166666666666664
14470,53,0.020319303338171262,119.33962264150944
14471,0,0.0,0.0
14472,4,0.0,220.75
14473,60,0.014689265536723164,114.53333333333333
14474,36,0.006349206349206349,63.02777777777778
14475,1,0.0,84.0
14476,4,0.0,47.0
14477,0,0.0,0.0
14478,35,0.03529411764705882,114.31428571428572
14479,63,0.009216589861751152,81.01587301587301
14480,4,0.0,88.5
14481,30,0.020689655172413793,119.33333333333333
14482,2,0.0,39.0
14483,3,0.0,97.66666666666667
14484,71,0.010865191146881288,90.21126760563381
14485,24,0.010869565217391304,96.20833333333333
14486,8,0.0,90.375
14487,97,0.01804123711340206,112.4639175257732
14488,131,0.016206694069289488,104.98473282442748
14489,10,0.022222222222222223,119.6
14490,13,0.01282051282051282,86.15384615384616
14491,5,0.0,104.6
14492,14,0.02197802197802198,104.35714285714286
14493,8,0.0,47.875
14494,6,0.0,66.33333333333333
14495,19,0.017543859649122806,113.94736842105263
14496,22,0.004329004329004329,61.36363636363637
14497,32,0.010080645161290322,96.5
14498,83,0.00999118424919189,88.02409638554217
14499,0,0.0,0.0
14500,44,0.005285412262156448,94.8409090909091
14501,17,0.0,61.470588235294116
14502,50,0.010612244897959184,111.04
14503,0,0.0,0.0
14504,15,0.0,63.13333333333333
14505,0,0.0,0.0
14506,13,0.0,53.07692307692308
14507,1,0.0,173.0
14508,20,0.02631578947368421,103.55
14509,1,0.0,69.0
14510,33,0.011363636363636364,113.6969696969697
14511,60,0.014124293785310734,116.36666666666666
14512,8,0.0,69.625
14513,8,0.0,74.0
14514,11,0.0,48.27272727272727
14515,106,0.01958670260557053,120.31132075471699
14516,4,0.0,97.5
14517,1,0.0,223.0
14518,9,0.0,94.44444444444444
14519,26,0.015384615384615385,134.3846153846154
14520,59,0.009351256575102279,101.88135593220339
14521,13,0.01282051282051282,90.3076923076923
14522,15,0.0,62.6
14523,29,0.017241379310344827,85.55172413793103
14524,1,0.0,59.0
14525,13,0.0,82.6923076923077
14526,24,0.014492753623188406,72.79166666666667
14527,8,0.0,137.625
14528,15,0.0,50.06666666666667
14529,30,0.0022988505747126436,59.166666666666664
14530,8,0.0,76.25
14531,48,0.00975177304964539,97.58333333333333
14532,3,0.0,82.0
14533,14,0.0,54.42857142857143
14534,1,0.0,61.0
14535,55,0.022222222222222223,136.25454545454545
14536,1,0.0,47.0
14537,11,0.0,129.36363636363637
14538,5,0.0,108.2
14539,6,0.0,50.666666666666664
14540,1,0.0,30.0
14541,11,0.01818181818181818,93.45454545454545
14542,22,0.012987012987012988,73.13636363636364
14543,25,0.006666666666666667,62.88
14544,35,0.011764705882352941,92.42857142857143
14545,9,0.0,70.55555555555556
14546,5,0.0,110.6
14547,38,0.02418207681365576,135.52631578947367
14548,0,0.0,0.0
14549,3,0.0,65.0
14550,67,0.015829941203075532,88.7910447761194
14551,1,0.0,50.0
14552,20,0.005263157894736842,95.1
14553,10,0.044444444444444446,217.6
14554,75,0.023423423423423424,121.53333333333333
14555,6,0.0,22.333333333333332
14556,13,0.01282051282051282,54.69230769230769
14557,73,0.0106544901065449,114.01369863013699
14558,41,0.007317073170731708,85.53658536585365
14559,4,0.0,179.0
14560,15,0.0,71.6
14561,26,0.006153846153846154,92.11538461538461
14562,7,0.0,101.42857142857143
14563,56,0.013636363636363636,90.08928571428571
14564,48,0.015957446808510637,94.25
14565,6,0.0,65.33333333333333
14566,48,0.012411347517730497,81.66666666666667
14567,11,0.03636363636363636,121.81818181818181
14568,22,0.004329004329004329,73.0909090909091
14569,48,0.020390070921985817,97.66666666666667
14570,12,0.0,71.08333333333333
14571,2,0.0,83.0
14572,17,0.0,93.76470588235294
14573,95,0.015677491601343786,96.77894736842106
14574,2,0.0,35.0
14575,15,0.0,73.0
14576,43,0.009966777408637873,73.90697674418605
14577,12,0.015151515151515152,120.25
14578,29,0.017241379310344827,85.72413793103448
14579,39,0.012145748987854251,91.58974358974359
14580,44,0.024312896405919663,143.3181818181818
14581,61,0.020218579234972677,125.0327868852459
14582,22,0.004329004329004329,62.54545454545455
14583,20,0.005263157894736842,94.75
14584,3,0.0,177.33333333333334
14585,13,0.0,80.53846153846153
14586,1,0.0,60.0
14587,2,0.0,65.0
14588,12,0.0,86.41666666666667
14589,0,0.0,0.0
14590,130,0.013714967203339297,104.29230769230769
14591,23,0.003952569169960474,78.0
14592,10,0.022222222222222223,79.2
14593,22,0.008658008658008658,79.0909090909091
14594,10,0.022222222222222223,123.4
14595,29,0.0049261083743842365,62.310344827586206
14596,16,0.025,108.375
14597,37,0.012012012012012012,107.94594594594595
14598,48,0.012411347517730497,90.72916666666667
14599,14,0.01098901098901099,63.07142857142857
14600,15,0.0,81.26666666666667
14601,6,0.0,41.833333333333336
14602,115,0.018764302059496567,114.5304347826087
14603,1,0.0,1328.0
14604,10,0.022222222222222223,100.8
14605,9,0.0,44.888888888888886
14606,25,0.0033333333333333335,61.8
14607,37,0.013513513513513514,111.75675675675676
14608,10,0.022222222222222223,138.3
14609,35,0.008403361344537815,87.57142857142857
14610,76,0.02666666666666667,139.76315789473685
14611,1,0.0,245.0
14612,2,0.0,72.5
14613,24,0.014492753623188406,102.33333333333333
14614,17,0.0,95.0
14615,3,0.0,37.0
14616,9,0.0,260.77777777777777
14617,17,0.014705882352941176,133.05882352941177
14618,21,0.0,95.80952380952381
14619,8,0.03571428571428571,162.875
14620,213,0.012932943573390025,100.03755868544602
14621,26,0.015384615384615385,112.38461538461539
14622,26,0.012307692307692308,73.88461538461539
14623,42,0.008130081300813009,85.73809523809524
14624,37,0.015015015015015015,130.8918918918919
14625,66,0.02191142191142191,120.78787878787878
14626,4,0.0,46.0
14627,11,0.0,136.63636363636363
14628,0,0.0,0.0
14629,20,0.0,76.35
14630,21,0.014285714285714285,85.42857142857143
14631,17,0.0,67.0
14632,77,0.011961722488038277,92.42857142857143
14633,5,0.0,66.0
14634,7,0.0,58.42857142857143
14635,58,0.010889292196007259,73.55172413793103
14636,18,0.006535947712418301,58.0
14637,0,0.0,0.0
14638,7,0.0,82.85714285714286
14639,15,0.009523809523809525,140.06666666666666
14640,100,0.021414141414141413,128.53
14641,1,0.0,107.0
14642,0,0.0,0.0
14643,3,0.0,125.33333333333333
14644,1,0.0,23.0
14645,2,0.0,57.5
14646,12,0.045454545454545456,175.83333333333334
14647,7,0.0,125.57142857142857
14648,6,0.0,21.5
14649,5,0.0,50.6
14650,36,0.01904761904761905,139.47222222222223
14651,2,0.0,157.0
14652,32,0.0,77.375
14653,64,0.025793650793650792,150.296875
14654,12,0.0,31.75
14655,19,0.0,61.78947368421053
14656,15,0.0,146.2
14657,23,0.007905138339920948,76.6086956521739
14658,17,0.022058823529411766,146.47058823529412
14659,6,0.0,312.3333333333333
14660,0,0.0,0.0
14661,33,0.001893939393939394,78.33333333333333
14662,8,0.03571428571428571,68.75
14663,10,0.0,75.1
14664,493,0.013176338659938324,98.5760649087221
14665,6,0.0,74.0
14666,13,0.0,90.3076923076923
14667,25,0.006666666666666667,87.44
14668,66,0.009324009324009324,81.5909090909091
14669,16,0.016666666666666666,109.25
14670,1,0.0,60.0
14671,50,0.013877551020408163,98.06
14672,89,0.010469867211440245,77.41573033707866
14673,36,0.01904761904761905,142.0
14674,29,0.0024630541871921183,74.58620689655173
14675,0,0.0,0.0
14676,22,0.021645021645021644,104.45454545454545
14677,20,0.015789473684210527,63.25
14678,14,0.0,116.5
14679,23,0.011857707509881422,111.78260869565217
14680,2,0.0,124.0
14681,52,0.004524886877828055,75.11538461538461
14682,9,0.0,42.44444444444444
14683,9,0.027777777777777776,101.44444444444444
14684,13,0.038461538461538464,202.92307692307693
14685,18,0.0,95.77777777777777
14686,26,0.009230769230769232,73.84615384615384
14687,159,0.01440968075790144,103.47798742138365
14688,59,0.009351256575102279,81.79661016949153
14689,10,0.022222222222222223,46.3
14690,1,0.0,17.0
14691,44,0.010570824524312896,119.18181818181819
14692,16,0.008333333333333333,108.625
14693,75,0.015135135135135135,100.13333333333334
14694,11,0.01818181818181818,71.54545454545455
14695,8,0.0,40.375
14696,8,0.03571428571428571,77.375
14697,162,0.01993712138639675,123.14814814814815
14698,23,0.019762845849802372,108.17391304347827
14699,42,0.009291521486643438,107.33333333333333
14700,5,0.0,54.2
14701,26,0.006153846153846154,79.65384615384616
14702,31,0.008602150537634409,75.29032258064517
14703,2,0.0,15.5
14704,18,0.0196078431372549,74.22222222222223
14705,6,0.0,93.16666666666667
14706,29,0.009852216748768473,93.93103448275862
14707,15,0.0,91.0
14708,0,0.0,0.0
14709,66,0.013986013986013986,115.51515151515152
14710,16,0.025,100.75
14711,1,0.0,57.0
14712,2,0.0,73.0
14713,132,0.014457552625491556,108.47727272727273
14714,41,0.020731707317073172,119.7560975609756
14715,23,0.015810276679841896,105.8695652173913
14716,3,0.0,69.33333333333333
14717,94,0.0162434225577671,111.81914893617021
14718,12,0.0,89.08333333333333
14719,17,0.014705882352941176,94.29411764705883
14720,1,0.0,158.0
14721,2,0.0,8.0
14722,3,0.0,43.666666666666664
14723,2,0.0,84.5
14724,0,0.0,0.0
14725,62,0.012162876784769964,109.06451612903226
14726,5,0.0,120.8
14727,33,0.007575757575757576,87.96969696969697
14728,8,0.0,77.875
14729,7,0.0,64.85714285714286
14730,25,0.016666666666666666,110.48
14731,30,0.0022988505747126436,71.53333333333333
14732,5,0.0,65.6
14733,136,0.016013071895424835,108.44852941176471
14734,48,0.025709219858156027,141.70833333333334
14735,14,0.0,83.0
14736,1,0.0,45.0
14737,3,0.0,144.33333333333334
14738,8,0.0,104.375
14739,7,0.047619047619047616,130.85714285714286
14740,4,0.0,23.5
14741,9,0.0,78.22222222222223
14742,11,0.03636363636363636,169.45454545454547
14743,74,0.017030729359496483,107.83783783783784
14744,22,0.004329004329004329,120.45454545454545
14745,17,0.007352941176470588,89.3529411764706
14746,38,0.011379800853485065,98.13157894736842
14747,24,0.014492753623188406,73.375
14748,0,0.0,0.0
14749,5,0.0,81.4
14750,29,0.0049261083743842365,106.79310344827586
14751,61,0.01639344262295082,94.04918032786885
14752,55,0.010774410774410775,98.78181818181818
14753,0,0.0,0.0
14754,39,0.016194331983805668,122.76923076923077
14755,3,0.0,98.33333333333333
14756,23,0.019762845849802372,116.8695652173913
14757,36,0.012698412698412698,70.75
14758,26,0.021538461538461538,129.80769230769232
14759,155,0.015416841223292836,112.63870967741936
14760,15,0.0,102.4
14761,28,0.023809523809523808,118.67857142857143
14762,1,0.0,6.0
14763,7,0.0,66.57142857142857
14764,26,0.018461538461538463,98.96153846153847
14765,31,0.0064516129032258064,122.6774193548387
14766,30,0.009195402298850575,79.06666666666666
14767,8,0.0,90.5
14768,23,0.007905138339920948,96.82608695652173
14769,17,0.014705882352941176,63.94117647058823
14770,5,0.0,33.2
14771,10,0.0,65.5
14772,58,0.004839685420447671,75.65517241379311
14773,88,0.01018808777429467,85.51136363636364
14774,33,0.011363636363636364,84.60606060606061
14775,114,0.01350721937587331,98.79824561403508
14776,111,0.012612612612612612,97.12612612612612
14777,8,0.0,65.0
14778,6,0.0,74.0
14779,29,0.007389162561576354,73.17241379310344
14780,31,0.021505376344086023,117.03225806451613
14781,2,0.0,10.5
14782,3,0.0,91.66666666666667
14783,7,0.0,69.57142857142857
14784,9,0.05555555555555555,132.0
14785,26,0.003076923076923077,56.96153846153846
14786,8,0.0,70.375
14787,25,0.01,100.68
14788,2,0.0,36.0
14789,60,0.01638418079096045,106.35
14790,21,0.004761904761904762,82.52380952380952
14791,12,0.030303030303030304,86.75
14792,29,0.0049261083743842365,85.93103448275862
14793,6,0.06666666666666667,64.83333333333333
14794,20,0.0,63.0
14795,1,0.0,3.0
14796,10,0.022222222222222223,85.5
14797,7,0.0,77.14285714285714
14798,26,0.003076923076923077,63.69230769230769
14799,207,0.019276769382299143,117.4975845410628
14800,32,0.016129032258064516,80.75
14801,8,0.10714285714285714,238.625
14802,41,0.024390243902439025,145.09756097560975
14803,0,0.0,0.0
14804,11,0.0,101.45454545454545
14805,69,0.0123614663256607,97.91304347826087
14806,9,0.0,94.33333333333333
14807,6,0.0,88.16666666666667
14808,2,0.0,77.5
14809,17,0.04411764705882353,188.47058823529412
14810,30,0.006896551724137931,90.2
14811,8,0.07142857142857142,255.625
14812,31,0.012903225806451613,64.38709677419355
14813,2,0.0,224.5
14814,1,0.0,57.0
14815,52,0.012066365007541479,97.36538461538461
14816,152,0.014987800627396306,105.14473684210526
14817,82,0.020174646190906354,117.92682926829268
14818,130,0.013595706618962432,106.92307692307692
14819,0,0.0,0.0
14820,5,0.0,24.6
14821,2,0.0,49.5
14822,23,0.015810276679841896,60.52173913043478
14823,19,0.011695906432748537,64.05263157894737
14824,4,0.0,96.0
14825,1,0.0,219.0
14826,5,0.0,79.0
14827,1,0.0,33.0
14828,6,0.0,125.66666666666667
14829,83,0.01821921833676168,106.3132530120482
14830,5,0.0,23.8
14831,113,0.010587863463969659,86.15929203539822
14832,151,0.013863134657836645,106.6158940397351
14833,25,0.01,81.52
14834,5,0.0,96.8
14835,18,0.006535947712418301,128.61111111111111
14836,3,0.0,109.0
14837,7,0.0,69.28571428571429
14838,70,0.009937888198757764,89.67142857142858
14839,33,0.007575757575757576,100.6969696969697
14840,7,0.0,41.0
14841,9,0.027777777777777776,96.33333333333333
14842,40,0.011538461538461539,69.475
14843,7,0.0,103.71428571428571
14844,8,0.0,77.0
14845,7,0.0,36.285714285714285
14846,15,0.009523809523809525,97.26666666666667
14847,2,0.0,38.0
14848,1,0.0,115.0
14849,9,0.0,106.33333333333333
14850,9,0.027777777777777776,77.55555555555556
14851,42,0.019744483159117306,119.9047619047619
14852,3,0.0,35.333333333333336
14853,10,0.022222222222222223,64.8
14854,2,0.0,78.5
14855,13,0.05128205128205128,152.76923076923077
14856,78,0.012654012654012654,105.12820512820512
14857,40,0.007692307692307693,103.375
14858,14,0.0,68.07142857142857
14859,1,0.0,25.0
14860,7,0.0,192.85714285714286
14861,24,0.007246376811594203,61.541666666666664
14862,20,0.015789473684210527,102.4
14863,16,0.025,105.0
14864,11,0.0,74.9090909090909
14865,14,0.0,59.642857142857146
14866,27,0.017094017094017096,100.62962962962963
14867,70,0.015320910973084885,94.94285714285714
14868,8,0.0,115.25
14869,16,0.016666666666666666,145.4375
14870,31,0.0064516129032258064,94.38709677419355
14871,25,0.02,84.88
14872,107,0.010756480338564627,88.26168224299066
14873,1,0.0,75.0
14874,0,0.0,0.0
14875,18,0.013071895424836602,102.16666666666667
14876,16,0.0,89.25
14877,42,0.012775842044134728,102.21428571428571
14878,40,0.007692307692307693,85.1
14879,4,0.16666666666666666,175.25
14880,6,0.0,69.16666666666667
14881,2,0.0,197.5
14882,8,0.03571428571428571,117.375
14883,3,0.0,56.333333333333336
14884,67,0.015829941203075532,99.59701492537313
14885,62,0.004230565838180857,72.54838709677419
14886,0,0.0,0.0
14887,11,0.01818181818181818,91.45454545454545
14888,3,0.0,108.66666666666667
14889,25,0.006666666666666667,116.96
14890,4,0.0,89.75
14891,15,0.0,105.86666666666666
14892,31,0.002150537634408602,81.3225806451613
14893,11,0.0,62.18181818181818
14894,30,0.0022988505747126436,75.56666666666666
14895,32,0.014112903225806451,115.25
14896,48,0.0070921985815602835,115.5
14897,25,0.013333333333333334,116.2
14898,7,0.09523809523809523,114.28571428571429
14899,35,0.008403361344537815,76.2
14900,2,0.0,102.5
14901,32,0.016129032258064516,89.6875
14902,18,0.0,50.94444444444444
14903,14,0.0,66.21428571428571
14904,14,0.0,106.5
14905,24,0.007246376811594203,82.70833333333333
14906,11,0.0,71.36363636363636
14907,6,0.0,94.33333333333333
14908,16,0.0,82.625
14909,1,0.0,78.0
14910,13,0.038461538461538464,96.92307692307692
14911,9,0.08333333333333333,110.44444444444444
14912,9,0.0,30.333333333333332
14913,1,0.0,120.0
14914,11,0.0,93.0909090909091
14915,8,0.0,69.25
14916,3,0.0,100.0
14917,3,0.0,133.33333333333334
14918,13,0.0,94.61538461538461
14919,10,0.0,97.6
14920,20,0.010526315789473684,83.55
14921,18,0.006535947712418301,83.72222222222223
14922,56,0.00909090909090909,79.44642857142857
14923,13,0.0,64.3076923076923
14924,32,0.008064516129032258,78.1875
14925,20,0.021052631578947368,126.7
14926,3,0.0,120.33333333333333
14927,38,0.001422475106685633,54.1578947368421
14928,1,0.0,42.0
14929,35,0.023529411764705882,114.77142857142857
14930,3,0.0,69.0
14931,5,0.0,89.0
14932,3,0.0,19.666666666666668
14933,33,0.007575757575757576,66.51515151515152
14934,28,0.005291005291005291,118.96428571428571
14935,2,0.0,53.0
14936,60,0.01694915254237288,120.63333333333334
14937,36,0.026984126984126985,128.47222222222223
14938,42,0.025551684088269456,121.76190476190476
14939,2,0.0,88.0
14940,10,0.0,115.8
14941,68,0.009657594381035996,100.05882352941177
14942,21,0.0,82.23809523809524
14943,46,0.01352657004830918,98.93478260869566
14944,16,0.0,60.3125
14945,107,0.019044260271557045,119.99065420560747
14946,3,0.0,64.0
14947,1,0.0,131.0
14948,10,0.044444444444444446,110.6
14949,2,0.0,79.5
14950,7,0.0,115.57142857142857
14951,23,0.011857707509881422,90.17391304347827
14952,41,0.013414634146341463,106.70731707317073
14953,21,0.009523809523809525,79.33333333333333
14954,10,0.0,77.0
14955,25,0.0033333333333333335,93.72
14956,3,0.0,223.0
14957,6,0.06666666666666667,80.5
14958,7,0.0,43.714285714285715
14959,1,0.0,59.0
14960,33,0.005681818181818182,70.45454545454545
14961,38,0.011379800853485065,90.76315789473684
14962,67,0.012211668928086838,87.53731343283582
14963,6,0.0,54.833333333333336
14964,1,0.0,85.0
14965,38,0.02844950213371266,112.21052631578948
14966,8,0.0,126.625
14967,6,0.0,147.0
14968,4,0.0,38.25
14969,9,0.0,95.55555555555556
14970,1,0.0,65.0
14971,3,0.0,11.666666666666666
14972,4,0.0,192.5
14973,0,0.0,0.0
14974,4,0.0,43.5
14975,8,0.07142857142857142,123.875
14976,2,0.0,25.5
14977,1,0.0,542.0
14978,13,0.0,78.76923076923077
14979,6,0.13333333333333333,105.16666666666667
14980,6,0.0,94.66666666666667
14981,9,0.0,102.22222222222223
14982,5,0.0,41.4
14983,31,0.01935483870967742,128.32258064516128
14984,0,0.0,0.0
14985,9,0.027777777777777776,109.44444444444444
14986,4,0.0,144.75
14987,6,0.13333333333333333,118.0
14988,12,0.0,66.91666666666667
14989,12,0.0,53.583333333333336
14990,2,0.0,103.5
14991,4,0.16666666666666666,65.0
14992,61,0.012568306010928962,113.49180327868852
14993,1,0.0,140.0
14994,21,0.004761904761904762,70.61904761904762
14995,7,0.0,57.142857142857146
14996,55,0.011447811447811448,78.85454545454546
14997,5,0.0,161.0
14998,0,0.0,0.0
14999,73,0.023211567732115676,133.76712328767124
15000,30,0.022988505747126436,155.26666666666668
15001,109,0.011382942575603126,86.08256880733946
15002,13,0.01282051282051282,105.07692307692308
15003,3,0.0,55.0
15004,16,0.025,155.25
15005,110,0.021684737281067557,131.74545454545455
15006,46,0.010628019323671498,107.23913043478261
15007,6,0.0,48.333333333333336
15008,0,0.0,0.0
15009,1,0.0,231.0
15010,41,0.01097560975609756,74.58536585365853
15011,39,0.017543859649122806,127.8974358974359
15012,22,0.03463203463203463,147.9090909090909
15013,5,0.0,44.8
15014,51,0.021176470588235293,112.3529411764706
15015,20,0.010526315789473684,127.95
15016,69,0.0123614663256607,116.01449275362319
15017,39,0.021592442645074223,134.33333333333334
15018,14,0.01098901098901099,68.78571428571429
15019,30,0.004597701149425287,82.36666666666666
15020,3,0.0,120.33333333333333
15021,15,0.009523809523809525,84.53333333333333
15022,7,0.0,75.85714285714286
15023,3,0.0,114.66666666666667
15024,3,0.0,274.0
15025,9,0.0,110.88888888888889
15026,31,0.002150537634408602,55.87096774193548
15027,27,0.02564102564102564,155.0
15028,0,0.0,0.0
15029,7,0.0,65.14285714285714
15030,3,0.0,77.0
15031,76,0.011929824561403509,84.19736842105263
15032,5,0.0,227.6
15033,24,0.0036231884057971015,81.08333333333333
15034,5,0.0,83.8
15035,8,0.0,78.25
15036,22,0.017316017316017316,116.22727272727273
15037,12,0.0,100.16666666666667
15038,1,0.0,29.0
15039,65,0.012980769230769231,94.44615384615385
15040,5,0.1,70.6
15041,20,0.005263157894736842,137.6
15042,21,0.009523809523809525,96.57142857142857
15043,32,0.0020161290322580645,73.65625
15044,39,0.022941970310391364,161.94871794871796
15045,16,0.016666666666666666,92.8125
15046,96,0.013157894736842105,100.03125
15047,13,0.01282051282051282,143.30769230769232
15048,20,0.0,47.55
15049,5,0.0,116.2
15050,1,0.0,99.0
15051,6,0.0,55.833333333333336
15052,7,0.047619047619047616,170.57142857142858
15053,99,0.009894867037724181,90.6969696969697
15054,2,0.0,32.5
15055,8,0.0,76.0
15056,9,0.0,39.333333333333336
15057,181,0.012829957028852056,97.1657458563536
15058,58,0.01572897761645493,102.46551724137932
15059,19,0.017543859649122806,147.73684210526315
15060,1,0.0,122.0
15061,0,0.0,0.0
15062,48,0.015070921985815602,105.27083333333333
15063,17,0.014705882352941176,100.3529411764706
15064,25,0.013333333333333334,87.04
15065,1,0.0,219.0
15066,117,0.011346890657235485,94.66666666666667
15067,6,0.0,83.5
15068,28,0.013227513227513227,78.35714285714286
15069,5,0.0,151.6
15070,1,0.0,502.0
15071,80,0.006962025316455696,82.575
15072,8,0.0,86.875
15073,116,0.014692653673163419,93.11206896551724
15074,40,0.011538461538461539,83.575
15075,120,0.015546218487394958,97.19166666666666
15076,99,0.01834673263244692,124.84848484848484
15077,3,0.0,117.66666666666667
15078,20,0.015789473684210527,120.25
15079,8,0.03571428571428571,80.875
15080,6,0.0,62.833333333333336
15081,16,0.016666666666666666,85.75
15082,0,0.0,0.0
15083,23,0.011857707509881422,109.65217391304348
15084,80,0.012341772151898734,105.3875
15085,4,0.0,121.25
15086,0,0.0,0.0
15087,94,0.010066346373827499,81.06382978723404
15088,5,0.0,85.6
15089,37,0.003003003003003003,69.0
15090,17,0.007352941176470588,80.29411764705883
15091,7,0.0,40.0
15092,76,0.011929824561403509,96.75
15093,9,0.0,64.66666666666667
15094,0,0.0,0.0
15095,13,0.01282051282051282,81.53846153846153
15096,1,0.0,30.0
15097,0,0.0,0.0
15098,15,0.0,85.2
15099,1,0.0,57.0
15100,3,0.0,118.33333333333333
15101,5,0.0,65.2
15102,8,0.0,46.375
15103,6,0.0,54.166666666666664
15104,72,0.006259780907668232,83.75
15105,11,0.01818181818181818,83.0909090909091
15106,118,0.013182674199623353,94.49152542372882
15107,8,0.03571428571428571,88.625
15108,7,0.0,37.142857142857146
15109,9,0.0,62.0
15110,17,0.0,59.470588235294116
15111,6,0.0,146.0
15112,4,0.0,54.25
15113,36,0.012698412698412698,72.86111111111111
15114,22,0.012987012987012988,90.4090909090909
15115,21,0.009523809523809525,87.57142857142857
15116,0,0.0,0.0
15117,5,0.0,96.8
15118,1,0.0,64.0
15119,6,0.0,69.66666666666667
15120,10,0.0,83.0
15121,35,0.0067226890756302525,112.42857142857143
15122,13,0.0,80.61538461538461
15123,29,0.007389162561576354,92.44827586206897
15124,62,0.013220518244315178,125.1774193548387
15125,4,0.0,65.75
15126,10,0.022222222222222223,89.6
15127,213,0.014748870581982461,109.07981220657277
15128,11,0.0,136.63636363636363
15129,17,0.014705882352941176,131.64705882352942
15130,0,0.0,0.0
15131,2,0.0,79.0
15132,46,0.01352657004830918,87.19565217391305
15133,12,0.015151515151515152,83.25
15134,43,0.021040974529346623,138.74418604651163
15135,176,0.013311688311688311,100.31818181818181
15136,36,0.012698412698412698,88.94444444444444
15137,15,0.0,49.53333333333333
15138,90,0.019225967540574283,118.22222222222223
15139,187,0.011960209303662815,93.13903743315508
15140,30,0.016091954022988506,114.3
15141,35,0.011764705882352941,74.17142857142858
15142,0,0.0,0.0
15143,5,0.0,72.2
15144,58,0.007259528130671506,92.8103448275862
15145,11,0.03636363636363636,165.8181818181818
15146,3,0.0,67.33333333333333
15147,61,0.02896174863387978,154.2295081967213
15148,3,0.0,22.0
15149,6,0.0,44.666666666666664
15150,14,0.01098901098901099,116.78571428571429
15151,6,0.0,56.0
15152,18,0.032679738562091505,137.83333333333334
15153,12,0.015151515151515152,98.25
15154,15,0.009523809523809525,88.53333333333333
15155,10,0.022222222222222223,77.8
15156,6,0.0,105.33333333333333
15157,5,0.0,43.8
15158,18,0.006535947712418301,74.0
15159,8,0.0,58.5
15160,39,0.022941970310391364,87.58974358974359
15161,72,0.011737089201877934,104.09722222222223
15162,17,0.0,159.1764705882353
15163,4,0.0,76.0
15164,1,0.0,46.0
15165,176,0.011688311688311689,92.7840909090909
15166,32,0.010080645161290322,80.0625
15167,60,0.01977401129943503,121.58333333333333
15168,14,0.0,63.214285714285715
15169,13,0.0,55.46153846153846
15170,24,0.028985507246376812,133.75
15171,4,0.16666666666666666,81.0
15172,1,0.0,55.0
15173,75,0.011891891891891892,113.64
15174,7,0.0,54.42857142857143
15175,67,0.008593396653098146,97.85074626865672
15176,24,0.021739130434782608,95.91666666666667
15177,2,0.0,44.0
15178,10,0.0,125.5
15179,28,0.013227513227513227,70.64285714285714
15180,2,0.0,75.0
15181,11,0.03636363636363636,131.72727272727272
15182,44,0.012684989429175475,99.5
15183,12,0.0,121.91666666666667
15184,2,0.0,25.0
15185,26,0.027692307692307693,109.57692307692308
15186,8,0.0,41.625
15187,49,0.01870748299319728,121.12244897959184
15188,5,0.0,46.4
15189,73,0.01598173515981735,105.79452054794521
15190,8,0.0,70.125
15191,42,0.013937282229965157,106.11904761904762
15192,29,0.024630541871921183,112.0
15193,21,0.014285714285714285,82.47619047619048
15194,10,0.022222222222222223,128.9
15195,1,0.0,239.0
15196,3,0.0,35.666666666666664
15197,4,0.0,57.25
15198,18,0.013071895424836602,86.44444444444444
15199,23,0.0,61.82608695652174
15200,16,0.008333333333333333,90.5625
15201,124,0.017440335693679518,118.55645161290323
15202,159,0.012578616352201259,95.16981132075472
15203,5,0.0,33.6
15204,26,0.012307692307692308,77.46153846153847
15205,36,0.007936507936507936,65.69444444444444
15206,19,0.029239766081871343,198.8421052631579
15207,19,0.005847953216374269,43.63157894736842
15208,14,0.0,59.357142857142854
15209,46,0.020289855072463767,115.73913043478261
15210,87,0.013365410318096765,106.41379310344827
15211,16,0.016666666666666666,113.375
15212,38,0.012802275960170697,90.8157894736842
15213,2,0.0,53.5
15214,101,0.013465346534653465,94.04950495049505
15215,50,0.004897959183673469,71.46
15216,65,0.009615384615384616,95.1076923076923
15217,40,0.019230769230769232,118.4
15218,10,0.0,84.7
15219,36,0.004761904761904762,72.63888888888889
15220,49,0.017857142857142856,117.73469387755102
15221,35,0.011764705882352941,100.08571428571429
15222,14,0.07692307692307693,203.57142857142858
15223,48,0.015957446808510637,117.83333333333333
15224,18,0.006535947712418301,98.88888888888889
15225,8,0.0,108.25
15226,6,0.0,50.5
15227,13,0.05128205128205128,200.84615384615384
15228,18,0.0,65.61111111111111
15229,99,0.007833436404864976,86.84848484848484
15230,39,0.016194331983805668,86.76923076923077
15231,2,0.0,246.5
15232,5,0.1,102.4
15233,4,0.0,116.75
15234,6,0.0,115.33333333333333
15235,53,0.030478955007256895,145.39622641509433
15236,35,0.02689075630252101,121.34285714285714
15237,6,0.0,80.0
15238,21,0.009523809523809525,105.04761904761905
15239,3,0.0,30.666666666666668
15240,39,0.021592442645074223,129.92307692307693
15241,58,0.010889292196007259,105.22413793103448
15242,53,0.012336719883889695,101.41509433962264
15243,18,0.006535947712418301,69.05555555555556
15244,32,0.008064516129032258,74.625
15245,63,0.01945724526369688,107.76190476190476
15246,1,0.0,246.0
15247,20,0.015789473684210527,66.2
15248,71,0.008450704225352112,87.1830985915493
15249,5,0.0,92.8
15250,20,0.0,66.5
15251,10,0.0,64.6
15252,1,0.0,9.0
15253,99,0.013399299113584827,101.13131313131314
15254,107,0.017104567095750308,111.85981308411215
15255,8,0.0,133.0
15256,4,0.0,46.75
15257,19,0.023391812865497075,124.3157894736842
15258,13,0.02564102564102564,138.53846153846155
15259,31,0.0064516129032258064,66.83870967741936
15260,4,0.0,84.0
15261,10,0.0,81.1
15262,73,0.010273972602739725,93.38356164383562
15263,4,0.0,357.75
15264,12,0.0,81.75
15265,2,0.0,110.5
15266,0,0.0,0.0
15267,88,0.013061650992685475,86.56818181818181
15268,11,0.0,107.18181818181819
15269,1,0.0,77.0
15270,38,0.01849217638691323,99.47368421052632
15271,2,0.0,138.0
15272,1,0.0,34.0
15273,10,0.0,74.5
15274,19,0.005847953216374269,83.52631578947368
15275,1,0.0,48.0
15276,9,0.0,70.33333333333333
15277,6,0.0,57.166666666666664
15278,2,0.0,18.0
15279,96,0.018201754385964913,118.26041666666667
15280,23,0.0,89.30434782608695
15281,6,0.0,69.0
15282,8,0.0,93.875
15283,4,0.0,69.75
15284,16,0.041666666666666664,234.0
15285,10,0.0,97.3
15286,24,0.010869565217391304,70.75
15287,3,0.0,35.0
15288,19,0.04093567251461988,137.8421052631579
15289,29,0.0049261083743842365,94.86206896551724
15290,1,0.0,182.0
15291,49,0.006802721088435374,79.18367346938776
15292,147,0.01640108098033734,111.97278911564626
15293,2,0.0,125.5
15294,23,0.011857707509881422,86.95652173913044
15295,16,0.025,107.6875
15296,5,0.0,118.8
15297,23,0.011857707509881422,83.47826086956522
15298,11,0.0,86.81818181818181
15299,2,0.0,52.5
15300,2,0.0,156.0
15301,39,0.012145748987854251,84.48717948717949
15302,73,0.0136986301369863,118.6986301369863
15303,3,0.0,119.33333333333333
15304,2,0.0,90.0
15305,130,0.01311866428145498,101.77692307692308
15306,3,0.0,73.33333333333333
15307,9,0.0,67.77777777777777
15308,58,0.011494252873563218,96.39655172413794
15309,22,0.008658008658008658,87.31818181818181
15310,12,0.015151515151515152,135.41666666666666
15311,541,0.012952693913876908,99.68207024029574
15312,19,0.03508771929824561,99.42105263157895
15313,8,0.0,52.5
15314,19,0.017543859649122806,88.6842105263158
15315,47,0.014801110083256245,115.70212765957447
15316,39,0.010796221322537112,67.64102564102564
15317,9,0.0,47.333333333333336
15318,5,0.0,58.0
15319,150,0.011096196868008949,88.36666666666666
15320,5,0.0,30.8
15321,19,0.017543859649122806,102.73684210526316
15322,25,0.03,125.48
15323,1,0.0,2.0
15324,7,0.0,72.42857142857143
15325,19,0.005847953216374269,82.89473684210526
15326,59,0.011104617182933957,105.94915254237289
15327,4,0.0,243.25
15328,11,0.0,144.9090909090909
15329,2,0.0,37.5
15330,1,0.0,19.0
15331,0,0.0,0.0
15332,2,0.0,37.0
15333,17,0.014705882352941176,77.17647058823529
15334,37,0.016516516516516516,91.35135135135135
15335,11,0.01818181818181818,106.0
15336,79,0.010710808179162609,88.43037974683544
15337,17,0.007352941176470588,49.76470588235294
15338,61,0.025136612021857924,154.27868852459017
15339,14,0.0,76.0
15340,1,0.0,17.0
15341,5,0.0,142.8
15342,33,0.020833333333333332,91.03030303030303
15343,30,0.0022988505747126436,63.93333333333333
15344,0,0.0,0.0
15345,23,0.019762845849802372,92.30434782608695
15346,7,0.047619047619047616,151.0
15347,34,0.0106951871657754,84.6470588235294
15348,13,0.01282051282051282,105.07692307692308
15349,8,0.03571428571428571,98.625
15350,24,0.0036231884057971015,106.20833333333333
15351,4,0.0,63.25
15352,3,0.0,38.0
15353,68,0.019315188762071993,109.32352941176471
15354,81,0.011111111111111112,99.5925925925926
15355,14,0.0,77.85714285714286
15356,37,0.010510510510510511,111.54054054054055
15357,73,0.0106544901065449,78.98630136986301
15358,17,0.007352941176470588,103.0
15359,65,0.011057692307692308,89.86153846153846
15360,8,0.0,183.875
15361,22,0.017316017316017316,79.0
15362,46,0.014492753623188406,111.80434782608695
15363,6,0.0,73.66666666666667
15364,30,0.0022988505747126436,77.03333333333333
15365,19,0.011695906432748537,89.57894736842105
15366,17,0.007352941176470588,103.23529411764706
15367,5,0.0,56.2
15368,29,0.022167487684729065,122.27586206896552
15369,37,0.0075075075075075074,115.0
15370,1,0.0,180.0
15371,44,0.011627906976744186,108.8409090909091
15372,3,0.0,94.66666666666667
15373,80,0.021518987341772152,124.1
15374,34,0.008912655971479501,86.05882352941177
15375,15,0.009523809523809525,99.33333333333333
15376,16,0.016666666666666666,163.0625
15377,9,0.027777777777777776,125.11111111111111
15378,33,0.00946969696969697,98.12121212121212
15379,7,0.0,35.0
15380,14,0.02197802197802198,83.71428571428571
15381,30,0.013793103448275862,109.76666666666667
15382,5,0.0,96.0
15383,7,0.0,29.285714285714285
15384,156,0.01315136476426799,101.9423076923077
15385,5,0.0,62.2
15386,7,0.0,60.142857142857146
15387,25,0.0,99.64
15388,2,0.0,52.0
15389,32,0.028225806451612902,119.8125
15390,32,0.006048387096774193,82.9375
15391,10,0.0,87.2
15392,62,0.01269169751454257,104.2741935483871
15393,8,0.03571428571428571,323.625
15394,36,0.012698412698412698,90.19444444444444
15395,2,0.0,28.0
15396,3,0.0,205.0
15397,113,0.01991150442477876,132.16814159292036
15398,29,0.012315270935960592,80.34482758620689
15399,10,0.0,92.6
15400,154,0.01561836855954503,114.99350649350649
15401,4,0.0,51.75
15402,13,0.02564102564102564,124.3076923076923
15403,56,0.031818181818181815,166.05357142857142
15404,23,0.003952569169960474,104.95652173913044
15405,65,0.01201923076923077,104.55384615384615
15406,0,0.0,0.0
15407,13,0.02564102564102564,83.92307692307692
15408,30,0.020689655172413793,115.5
15409,2,0.0,96.5
15410,11,0.0,69.0909090909091
15411,18,0.013071895424836602,104.44444444444444
15412,50,0.013061224489795919,102.88
15413,47,0.020351526364477335,119.74468085106383
15414,16,0.0,92.25
15415,5,0.1,69.6
15416,42,0.013937282229965157,126.80952380952381
15417,58,0.008469449485783424,84.32758620689656
15418,35,0.005042016806722689,91.02857142857142
15419,15,0.0,85.0
15420,24,0.014492753623188406,110.125
15421,2,0.0,15.5
15422,4,0.0,56.75
15423,7,0.0,33.142857142857146
15424,7,0.047619047619047616,49.0
15425,78,0.01431901431901432,112.33333333333333
15426,14,0.03296703296703297,167.21428571428572
15427,8,0.03571428571428571,57.75
15428,119,0.013388406209941604,86.65546218487395
15429,59,0.008182349503214495,89.61016949152543
15430,18,0.0196078431372549,169.33333333333334
15431,42,0.008130081300813009,88.30952380952381
15432,19,0.011695906432748537,152.52631578947367
15433,2,0.0,64.0
15434,67,0.019448213478064226,95.02985074626865
15435,13,0.02564102564102564,145.6153846153846
15436,1,0.0,117.0
15437,6,0.0,40.666666666666664
15438,1,0.0,36.0
15439,0,0.0,0.0
15440,2,0.0,69.5
15441,2,0.0,105.5
15442,2,0.0,57.0
15443,11,0.01818181818181818,75.36363636363636
15444,2,0.0,36.0
15445,0,0.0,0.0
15446,0,0.0,0.0
15447,0,0.0,0.0
15448,1,0.0,56.0
15449,20,0.0,94.7
15450,30,0.027586206896551724,147.13333333333333
15451,8,0.03571428571428571,96.875
15452,24,0.007246376811594203,79.04166666666667
15453,3,0.0,38.0
15454,12,0.015151515151515152,117.91666666666667
15455,16,0.041666666666666664,182.0
15456,13,0.0,103.84615384615384
15457,9,0.027777777777777776,117.44444444444444
15458,38,0.011379800853485065,77.57894736842105
15459,9,0.0,38.0
15460,55,0.020202020202020204,137.05454545454546
15461,9,0.027777777777777776,64.55555555555556
15462,36,0.01904761904761905,122.36111111111111
15463,20,0.0,56.6
15464,42,0.017421602787456445,104.5952380952381
15465,99,0.017934446505875078,118.03030303030303
15466,16,0.025,167.3125
15467,2,0.0,125.0
15468,12,0.045454545454545456,165.91666666666666
15469,18,0.0392156862745098,159.16666666666666
15470,26,0.009230769230769232,75.57692307692308
15471,1,0.0,102.0
15472,70,0.013250517598343685,108.24285714285715
15473,73,0.011796042617960426,96.78082191780823
15474,58,0.007259528130671506,80.63793103448276
15475,6,0.0,64.0
15476,2,0.0,53.5
15477,6,0.0,110.0
15478,4,0.0,57.5
15479,388,0.015077652574655692,108.20876288659794
15480,1,0.0,8.0
15481,34,0.017825311942959002,124.11764705882354
15482,28,0.015873015873015872,105.42857142857143
15483,36,0.02857142857142857,118.58333333333333
15484,3,0.0,84.0
15485,5,0.0,57.0
15486,7,0.0,96.85714285714286
15487,153,0.017715858273133815,117.91503267973856
15488,1,0.0,135.0
15489,28,0.015873015873015872,135.78571428571428
15490,24,0.007246376811594203,64.54166666666667
15491,13,0.0,57.0
15492,55,0.00808080808080808,86.05454545454545
15493,9,0.0,184.77777777777777
15494,7,0.0,55.142857142857146
15495,12,0.0,95.75
15496,5,0.0,159.6
15497,59,0.010520163646990065,101.11864406779661
15498,13,0.02564102564102564,138.6153846153846
15499,0,0.0,0.0
15500,3,0.0,65.66666666666667
15501,102,0.0085420306736556,96.38235294117646
15502,12,0.0,112.66666666666667
15503,42,0.006968641114982578,82.02380952380952
15504,44,0.012684989429175475,82.5
15505,15,0.02857142857142857,113.53333333333333
15506,11,0.0,70.63636363636364
15507,96,0.015350877192982455,106.8125
15508,7,0.047619047619047616,73.71428571428571
15509,0,0.0,0.0
15510,10,0.0,50.8
15511,9,0.0,47.22222222222222
15512,6,0.0,79.0
15513,28,0.0026455026455026454,105.10714285714286
15514,3,0.0,59.666666666666664
15515,12,0.0,151.41666666666666
15516,1,0.0,47.0
15517,5,0.0,45.2
15518,11,0.0,65.54545454545455
15519,10,0.0,51.4
15520,11,0.10909090909090909,189.9090909090909
15521,24,0.018115942028985508,104.91666666666667
15522,9,0.05555555555555555,192.66666666666666
15523,9,0.0,139.22222222222223
15524,3,0.0,257.3333333333333
15525,0,0.0,0.0
15526,26,0.027692307692307693,81.8076923076923
15527,5,0.0,78.6
15528,3,0.0,35.666666666666664
15529,24,0.014492753623188406,138.45833333333334
15530,58,0.013309134906231096,114.10344827586206
15531,30,0.020689655172413793,121.66666666666667
15532,17,0.029411764705882353,99.0
15533,40,0.01282051282051282,115.025
15534,7,0.0,119.42857142857143
15535,8,0.03571428571428571,126.875
15536,40,0.008974358974358974,97.75
15537,32,0.016129032258064516,92.65625
15538,13,0.0,95.61538461538461
15539,3,0.0,8.0
15540,20,0.015789473684210527,80.25
15541,33,0.011363636363636364,105.06060606060606
15542,59,0.012273524254821741,90.9322033898305
15543,25,0.006666666666666667,72.88
15544,250,0.015903614457831325,110.856
15545,24,0.010869565217391304,114.41666666666667
15546,19,0.011695906432748537,175.1578947368421
15547,62,0.01110523532522475,101.62903225806451
15548,2,0.0,40.0
15549,5,0.1,123.4
15550,32,0.018145161290322582,107.15625
15551,49,0.007653061224489796,82.57142857142857
15552,49,0.01870748299319728,97.3265306122449
15553,5,0.0,45.4
15554,20,0.015789473684210527,96.8
15555,0,0.0,0.0
15556,8,0.0,64.5
15557,6,0.0,46.666666666666664
15558,8,0.0,71.125
15559,6,0.0,85.5
15560,126,0.021206349206349208,120.18253968253968
15561,8,0.03571428571428571,98.0
15562,10,0.0,52.5
15563,7,0.0,77.0
15564,18,0.0,75.72222222222223
15565,42,0.018583042973286876,108.73809523809524
15566,1,0.0,42.0
15567,13,0.01282051282051282,155.53846153846155
15568,48,0.03102836879432624,148.66666666666666
15569,106,0.011500449236298293,87.11320754716981
15570,3,0.0,64.0
15571,1,0.0,141.0
15572,11,0.0,79.36363636363636
15573,3,0.0,59.0
15574,6,0.0,34.0
15575,5,0.0,49.4
15576,4,0.0,98.75
15577,14,0.0,53.57142857142857
15578,1,0.0,2.0
15579,0,0.0,0.0
15580,0,0.0,0.0
15581,20,0.010526315789473684,117.65
15582,17,0.014705882352941176,84.94117647058823
15583,50,0.00816326530612245,66.94
15584,2,0.0,34.0
15585,12,0.0,131.08333333333334
15586,82,0.02077687443541102,140.23170731707316
15587,30,0.009195402298850575,89.6
15588,5,0.0,175.6
15589,2,0.0,39.0
15590,5,0.0,51.4
15591,12,0.015151515151515152,110.83333333333333
15592,13,0.01282051282051282,96.6923076923077
15593,72,0.012910798122065728,99.25
15594,18,0.013071895424836602,116.22222222222223
15595,18,0.05228758169934641,218.33333333333334
15596,23,0.02766798418972332,125.47826086956522
15597,21,0.009523809523809525,60.714285714285715
15598,18,0.0457516339869281,224.33333333333334
15599,34,0.0213903743315508,112.97058823529412
15600,60,0.01977401129943503,150.03333333333333
15601,7,0.0,151.14285714285714
15602,35,0.0016806722689075631,77.25714285714285
15603,12,0.015151515151515152,130.41666666666666
15604,5,0.0,91.2
15605,168,0.013615625891074993,101.20833333333333
15606,31,0.012903225806451613,105.74193548387096
15607,48,0.01950354609929078,132.16666666666666
15608,151,0.0117439293598234,91.81456953642385
15609,32,0.02620967741935484,142.15625
15610,11,0.0,50.90909090909091
15611,36,0.007936507936507936,93.16666666666667
15612,50,0.017959183673469388,107.62
15613,59,0.018702513150204558,115.72881355932203
15614,11,0.0,92.54545454545455
15615,18,0.0196078431372549,88.88888888888889
15616,43,0.006644518272425249,57.93023255813954
15617,29,0.009852216748768473,91.10344827586206
15618,56,0.02727272727272727,147.55357142857142
15619,2,0.0,314.5
15620,36,0.011111111111111112,94.30555555555556
15621,32,0.012096774193548387,81.0
15622,13,0.0,91.46153846153847
15623,51,0.012549019607843137,95.50980392156863
15624,41,0.015853658536585366,100.09756097560975
15625,42,0.008130081300813009,88.92857142857143
15626,12,0.0,60.833333333333336
15627,38,0.02275960170697013,125.76315789473684
15628,1,0.0,69.0
15629,15,0.0,87.93333333333334
15630,43,0.023255813953488372,143.1627906976744
15631,102,0.015530964861192001,100.80392156862744
15632,2,0.0,44.5
15633,48,0.02127659574468085,105.22916666666667
15634,7,0.0,53.714285714285715
15635,4,0.0,62.0
15636,1,0.0,68.0
15637,7,0.0,59.42857142857143
15638,66,0.01818181818181818,106.8030303030303
15639,44,0.011627906976744186,96.38636363636364
15640,30,0.013793103448275862,110.86666666666666
15641,0,0.0,0.0
15642,0,0.0,0.0
15643,20,0.02631578947368421,119.95
15644,69,0.010230179028132993,96.30434782608695
15645,2,0.0,117.5
15646,54,0.009783368273934312,75.81481481481481
15647,10,0.0,27.9
15648,4,0.16666666666666666,102.75
15649,49,0.0195578231292517,108.71428571428571
15650,5,0.0,78.6
15651,7,0.047619047619047616,98.71428571428571
15652,32,0.004032258064516129,85.28125
15653,21,0.009523809523809525,65.61904761904762
15654,4,0.0,365.0
15655,5,0.0,101.8
15656,13,0.01282051282051282,100.15384615384616
15657,183,0.013571128325226686,100.82513661202186
15658,131,0.010569583088667059,93.19083969465649
15659,58,0.019963702359346643,106.89655172413794
15660,0,0.0,0.0
15661,58,0.02117362371445856,130.29310344827587
15662,2,0.0,32.5
15663,15,0.02857142857142857,187.6
15664,30,0.009195402298850575,111.53333333333333
15665,7,0.047619047619047616,43.285714285714285
15666,16,0.008333333333333333,146.9375
15667,49,0.00935374149659864,98.12244897959184
15668,4,0.16666666666666666,411.0
15669,24,0.0036231884057971015,91.125
15670,6,0.0,67.0
15671,49,0.013605442176870748,72.73469387755102
15672,15,0.0380952380952381,94.06666666666666
15673,54,0.01607267645003494,96.48148148148148
15674,0,0.0,0.0
15675,17,0.007352941176470588,127.47058823529412
15676,182,0.014753202598506467,107.14285714285714
15677,0,0.0,0.0
15678,3,0.0,107.33333333333333
15679,7,0.09523809523809523,84.42857142857143
15680,57,0.010025062656641603,99.12280701754386
15681,8,0.0,82.875
15682,0,0.0,0.0
15683,8,0.07142857142857142,133.75
15684,17,0.029411764705882353,154.52941176470588
15685,0,0.0,0.0
15686,121,0.017768595041322315,119.54545454545455
15687,15,0.0380952380952381,115.8
15688,36,0.0031746031746031746,79.61111111111111
15689,0,0.0,0.0
15690,11,0.0,40.81818181818182
15691,46,0.010628019323671498,101.1086956521739
15692,0,0.0,0.0
15693,3,0.0,117.0
15694,3,0.3333333333333333,67.66666666666667
15695,15,0.02857142857142857,134.2
15696,19,0.005847953216374269,75.84210526315789
15697,14,0.01098901098901099,95.21428571428571
15698,13,0.0,131.23076923076923
15699,6,0.06666666666666667,200.5
15700,7,0.0,105.71428571428571
15701,52,0.01282051282051282,114.92307692307692
15702,1,0.0,38.0
15703,25,0.01,106.28
15704,31,0.010752688172043012,80.12903225806451
15705,32,0.010080645161290322,77.375
15706,88,0.018808777429467086,122.125
15707,5,0.0,46.8
15708,222,0.013696954873425461,101.93693693693693
15709,54,0.011180992313067784,89.96296296296296
15710,7,0.047619047619047616,58.42857142857143
15711,11,0.01818181818181818,143.36363636363637
15712,6,0.0,79.5
15713,4,0.0,88.75
15714,14,0.0,43.357142857142854
15715,6,0.0,289.8333333333333
15716,0,0.0,0.0
15717,8,0.0,113.625
15718,8,0.0,80.25
15719,9,0.0,50.55555555555556
15720,50,0.0163265306122449,106.34
15721,59,0.011689070718877849,98.98305084745763
15722,19,0.023391812865497075,134.47368421052633
15723,56,0.012987012987012988,96.0
15724,5,0.0,30.4
15725,113,0.025284450063211124,137.15929203539824
15726,346,0.012984837061238166,99.15895953757226
15727,18,0.0,40.111111111111114
15728,2,0.0,38.5
15729,2,0.0,140.5
15730,4,0.0,192.0
15731,131,0.01644157369348209,115.0
15732,3,0.0,81.66666666666667
15733,40,0.0,74.025
15734,19,0.0,64.05263157894737
15735,118,0.012313486889758076,94.50847457627118
15736,2,0.0,64.5
15737,16,0.025,88.0625
15738,6,0.06666666666666667,114.33333333333333
15739,38,0.01422475106685633,114.26315789473684
15740,18,0.032679738562091505,125.0
15741,5,0.0,52.2
15742,32,0.03024193548387097,147.03125
15743,56,0.015584415584415584,94.14285714285714
15744,60,0.011864406779661017,96.36666666666666
15745,9,0.0,64.0
15746,14,0.01098901098901099,104.14285714285714
15747,2,0.0,11.5
15748,2,0.0,58.0
15749,13,0.0,94.0
15750,11,0.0,120.36363636363636
15751,14,0.02197802197802198,159.07142857142858
15752,23,0.019762845849802372,101.3913043478261
15753,14,0.0,59.57142857142857
15754,10,0.0,61.1
15755,47,0.008325624421831638,83.70212765957447
15756,0,0.0,0.0
15757,0,0.0,0.0
15758,51,0.025098039215686273,108.92156862745098
15759,11,0.01818181818181818,95.54545454545455
15760,52,0.008295625942684766,88.61538461538461
15761,58,0.019358741681790685,116.53448275862068
15762,2,0.0,117.5
15763,0,0.0,0.0
15764,65,0.011057692307692308,90.95384615384616
15765,24,0.0036231884057971015,52.5
15766,149,0.014057681842916742,100.6510067114094
15767,3,0.0,98.66666666666667
15768,18,0.013071895424836602,97.94444444444444
15769,30,0.01839080459770115,98.13333333333334
15770,3,0.0,48.333333333333336
15771,17,0.014705882352941176,118.76470588235294
15772,4,0.0,242.25
15773,6,0.0,61.666666666666664
15774,35,0.015126050420168067,110.62857142857143
15775,32,0.020161290322580645,109.3125
15776,9,0.0,64.55555555555556
15777,27,0.022792022792022793,95.92592592592592
15778,7,0.0,56.714285714285715
15779,131,0.010687022900763359,94.43511450381679
15780,7,0.0,57.857142857142854
15781,10,0.0,34.9
15782,21,0.03333333333333333,168.76190476190476
15783,33,0.022727272727272728,115.66666666666667
15784,105,0.011172161172161172,94.76190476190476
15785,1,0.0,29.0
15786,25,0.023333333333333334,132.08
15787,27,0.008547008547008548,98.18518518518519
15788,46,0.005797101449275362,76.84782608695652
15789,42,0.015098722415795587,94.23809523809524
15790,58,0.016333938294010888,98.43103448275862
15791,14,0.03296703296703297,107.07142857142857
15792,12,0.06060606060606061,166.25
15793,7,0.0,99.71428571428571
15794,24,0.021739130434782608,130.08333333333334
15795,7,0.0,56.42857142857143
15796,16,0.03333333333333333,111.0
15797,3,0.0,65.66666666666667
15798,36,0.007936507936507936,83.19444444444444
15799,7,0.0,79.42857142857143
15800,106,0.018867924528301886,119.80188679245283
15801,0,0.0,0.0
15802,83,0.015868351454598882,115.50602409638554
15803,188,0.012401865968824668,101.73936170212765
15804,5,0.0,58.8
15805,1,0.0,53.0
15806,18,0.026143790849673203,109.72222222222223
15807,30,0.009195402298850575,76.23333333333333
15808,6,0.0,154.0
15809,16,0.0,56.8125
15810,13,0.02564102564102564,121.07692307692308
15811,23,0.003952569169960474,48.21739130434783
15812,20,0.015789473684210527,71.0
15813,35,0.018487394957983194,128.57142857142858
15814,12,0.0,92.58333333333333
15815,15,0.0,67.93333333333334
15816,16,0.0,83.6875
15817,59,0.014611338398597311,99.22033898305085
15818,55,0.012121212121212121,102.36363636363636
15819,25,0.03,164.28
15820,13,0.0,65.07692307692308
15821,58,0.012099213551119177,78.0
15822,17,0.0,84.0
15823,72,0.020735524256651018,136.30555555555554
15824,191,0.012014329016257923,103.03664921465969
15825,13,0.01282051282051282,159.6153846153846
15826,39,0.018893387314439947,128.12820512820514
15827,17,0.007352941176470588,66.23529411764706
15828,77,0.008544087491455913,94.75324675324676
15829,3,0.0,92.33333333333333
15830,22,0.021645021645021644,134.86363636363637
15831,1,0.0,5.0
15832,9,0.0,43.0
15833,3,0.0,105.66666666666667
15834,27,0.02564102564102564,145.11111111111111
15835,61,0.011475409836065573,128.04918032786884
15836,77,0.00888585099111415,86.33766233766234
15837,97,0.01288659793814433,99.64948453608247
15838,4,0.0,64.25
15839,68,0.009218612818261633,104.44117647058823
15840,28,0.031746031746031744,111.46428571428571
15841,13,0.01282051282051282,70.15384615384616
15842,27,0.005698005698005698,78.88888888888889
15843,42,0.012775842044134728,95.0
15844,10,0.0,50.4
15845,3,0.0,53.0
15846,2,0.0,140.0
15847,6,0.0,49.0
15848,16,0.008333333333333333,50.0625
15849,3,0.0,110.0
15850,46,0.030917874396135265,143.8913043478261
15851,0,0.0,0.0
15852,32,0.004032258064516129,69.09375
15853,28,0.015873015873015872,89.32142857142857
15854,108,0.009518864659051576,91.16666666666667
15855,2,0.0,107.5
15856,6,0.0,66.83333333333333
15857,6,0.0,54.5
15858,89,0.008171603677221655,73.26966292134831
15859,9,0.0,44.333333333333336
15860,10,0.0,83.4
15861,8,0.0,55.625
15862,58,0.009679370840895343,90.94827586206897
15863,5,0.0,81.6
15864,30,0.020689655172413793,123.6
15865,43,0.006644518272425249,78.65116279069767
15866,33,0.01893939393939394,120.15151515151516
15867,25,0.0033333333333333335,100.96
15868,10,0.0,64.1
15869,11,0.0,44.45454545454545
15870,5,0.0,41.8
15871,22,0.004329004329004329,90.5
15872,6,0.0,87.83333333333333
15873,1,0.0,159.0
15874,8,0.0,77.375
15875,19,0.005847953216374269,85.3157894736842
15876,72,0.01056338028169014,82.98611111111111
15877,32,0.006048387096774193,80.40625
15878,7,0.0,49.57142857142857
15879,22,0.021645021645021644,150.45454545454547
15880,41,0.014634146341463415,94.73170731707317
15881,10,0.0,139.9
15882,20,0.03684210526315789,130.4
15883,0,0.0,0.0
15884,47,0.016651248843663275,114.25531914893617
15885,22,0.017316017316017316,147.6818181818182
15886,88,0.006530825496342737,74.2840909090909
15887,1,0.0,4.0
15888,9,0.05555555555555555,127.66666666666667
15889,317,0.012678193507167672,98.36593059936908
15890,15,0.0,94.4
15891,1,0.0,32.0
15892,6,0.06666666666666667,156.33333333333334
15893,7,0.0,121.28571428571429
15894,20,0.010526315789473684,98.6
15895,117,0.010904804008252285,88.15384615384616
15896,42,0.016260162601626018,93.85714285714286
15897,10,0.022222222222222223,116.6
15898,13,0.01282051282051282,86.15384615384616
15899,11,0.09090909090909091,179.27272727272728
15900,4,0.0,62.0
15901,33,0.007575757575757576,80.12121212121212
15902,21,0.0380952380952381,114.33333333333333
15903,36,0.012698412698412698,71.88888888888889
15904,12,0.015151515151515152,83.08333333333333
15905,217,0.013270182625021335,96.11520737327189
15906,38,0.034139402560455195,133.92105263157896
15907,54,0.017470300489168415,107.25925925925925
15908,8,0.0,87.5
15909,15,0.0,115.53333333333333
15910,28,0.013227513227513227,102.0
15911,12,0.0,124.66666666666667
15912,39,0.018893387314439947,137.25641025641025
15913,4,0.0,190.0
15914,91,0.013186813186813187,103.02197802197803
15915,8,0.03571428571428571,286.875
15916,11,0.0,57.63636363636363
15917,16,0.008333333333333333,69.4375
15918,4,0.3333333333333333,234.5
15919,53,0.005805515239477504,69.39622641509433
15920,128,0.012303149606299213,97.1328125
15921,27,0.03133903133903134,165.22222222222223
15922,11,0.0,100.18181818181819
15923,19,0.0,59.578947368421055
15924,13,0.0,61.38461538461539
15925,20,0.010526315789473684,102.85
15926,27,0.002849002849002849,75.37037037037037
15927,5,0.0,29.4
15928,3,0.0,60.333333333333336
15929,2,0.0,122.0
15930,64,0.015376984126984126,122.515625
15931,1,0.0,23.0
15932,4,0.0,296.75
15933,2,0.0,29.5
15934,25,0.006666666666666667,67.48
15935,5,0.0,148.0
15936,28,0.010582010582010581,78.5
15937,2,0.0,109.0
15938,0,0.0,0.0
15939,2,0.0,108.5
15940,9,0.0,74.55555555555556
15941,16,0.025,118.125
15942,27,0.014245014245014245,109.11111111111111
15943,5,0.0,55.0
15944,6,0.0,77.66666666666667
15945,3,0.0,148.66666666666666
15946,91,0.020024420024420026,123.58241758241758
15947,21,0.009523809523809525,100.23809523809524
15948,9,0.0,95.77777777777777
15949,15,0.0380952380952381,166.4
15950,45,0.011111111111111112,86.57777777777778
15951,11,0.0,65.0
15952,8,0.0,126.375
15953,6,0.0,79.66666666666667
15954,2,0.0,65.5
15955,12,0.0,97.75
15956,11,0.01818181818181818,203.72727272727272
15957,14,0.0,131.14285714285714
15958,4,0.0,420.5
15959,0,0.0,0.0
15960,8,0.0,52.75
15961,24,0.007246376811594203,76.41666666666667
15962,19,0.07017543859649122,187.26315789473685
15963,11,0.01818181818181818,115.81818181818181
15964,17,0.022058823529411766,134.0
15965,13,0.02564102564102564,182.92307692307693
15966,21,0.03333333333333333,129.14285714285714
15967,13,0.0,65.38461538461539
15968,194,0.01613161690080658,106.97938144329896
15969,33,0.017045454545454544,91.45454545454545
15970,46,0.018357487922705314,133.3913043478261
15971,22,0.017316017316017316,72.31818181818181
15972,9,0.0,60.666666666666664
15973,57,0.019423558897243107,109.87719298245614
15974,6,0.0,45.166666666666664
15975,13,0.0,73.3076923076923
15976,5,0.0,50.4
15977,0,0.0,0.0
15978,4,0.16666666666666666,474.5
15979,44,0.007399577167019027,79.22727272727273
15980,170,0.01301775147928994,97.38235294117646
15981,28,0.013227513227513227,80.5
15982,27,0.017094017094017096,86.66666666666667
15983,5,0.0,64.2
15984,45,0.013131313131313131,74.8
15985,1,0.0,17.0
15986,12,0.0,46.75
15987,141,0.01398176291793313,102.40425531914893
15988,2,0.0,42.5
15989,55,0.012121212121212121,99.47272727272727
15990,0,0.0,0.0
15991,22,0.008658008658008658,76.04545454545455
15992,37,0.003003003003003003,83.35135135135135
15993,14,0.07692307692307693,199.21428571428572
15994,31,0.0064516129032258064,79.90322580645162
15995,235,0.012147663211492998,98.34468085106383
15996,37,0.010510510510510511,91.54054054054055
15997,4,0.0,61.75
15998,10,0.0,65.3
15999,34,0.012477718360071301,113.88235294117646
16000,38,0.01849217638691323,118.26315789473684
16001,58,0.01572897761645493,123.63793103448276
16002,54,0.02166317260656883,131.05555555555554
16003,42,0.018583042973286876,110.07142857142857
16004,40,0.03076923076923077,164.875
16005,6,0.06666666666666667,124.83333333333333
16006,27,0.014245014245014245,77.66666666666667
16007,25,0.02666666666666667,127.8
16008,10,0.044444444444444446,82.0
16009,30,0.016091954022988506,113.36666666666666
16010,6,0.0,126.5
16011,13,0.02564102564102564,69.23076923076923
16012,81,0.011419753086419753,93.90123456790124
16013,18,0.013071895424836602,76.83333333333333
16014,60,0.015254237288135594,121.61666666666666
16015,30,0.009195402298850575,91.9
16016,29,0.012315270935960592,90.03448275862068
16017,25,0.006666666666666667,125.04
16018,24,0.018115942028985508,138.70833333333334
16019,11,0.0,64.63636363636364
16020,2,0.0,47.0
16021,10,0.044444444444444446,94.8
16022,5,0.0,77.0
16023,19,0.011695906432748537,68.73684210526316
16024,1,0.0,8.0
16025,0,0.0,0.0
16026,1,0.0,7.0
16027,26,0.024615384615384615,137.65384615384616
16028,6,0.0,89.5
16029,42,0.009291521486643438,87.28571428571429
16030,34,0.04634581105169341,162.23529411764707
16031,191,0.015761917883714522,108.83769633507853
16032,3,0.0,288.0
16033,1,0.0,45.0
16034,45,0.00909090909090909,91.46666666666667
16035,14,0.0,116.85714285714286
16036,27,0.011396011396011397,111.55555555555556
16037,20,0.021052631578947368,90.85
16038,16,0.0,95.5
16039,13,0.0,77.0
16040,47,0.009250693802035153,96.63829787234043
16041,14,0.0,93.28571428571429
16042,16,0.008333333333333333,72.3125
16043,2,0.0,148.0
16044,10,0.0,62.4
16045,12,0.0,95.0
16046,14,0.0,91.5
16047,178,0.011172475084110962,95.63483146067416
16048,5,0.0,118.4
16049,34,0.0106951871657754,90.23529411764706
16050,19,0.011695906432748537,82.84210526315789
16051,24,0.0036231884057971015,96.5
16052,3,0.0,57.333333333333336
16053,79,0.012333657903278157,112.43037974683544
16054,10,0.0,84.5
16055,19,0.0,76.52631578947368
16056,25,0.0033333333333333335,80.4
16057,10,0.0,76.6
16058,6,0.0,111.5
16059,35,0.01680672268907563,97.28571428571429
16060,10,0.044444444444444446,76.0
16061,25,0.013333333333333334,76.28
16062,2,0.0,67.5
16063,18,0.0,88.44444444444444
16064,22,0.030303030303030304,117.27272727272727
16065,115,0.010526315789473684,93.90434782608696
16066,5,0.0,82.4
16067,24,0.021739130434782608,141.54166666666666
16068,44,0.013742071881606765,100.0
16069,8,0.0,110.875
16070,3,0.0,77.66666666666667
16071,5,0.0,46.6
16072,17,0.007352941176470588,122.82352941176471
16073,3,0.0,40.0
16074,6,0.0,123.5
16075,86,0.015047879616963064,103.62790697674419
16076,112,0.009974259974259974,90.39285714285714
16077,5,0.0,66.2
16078,2,0.0,34.5
16079,3,0.0,62.333333333333336
16080,8,0.0,86.5
16081,80,0.015189873417721518,118.0125
16082,49,0.007653061224489796,96.0204081632653
16083,9,0.08333333333333333,308.1111111111111
16084,9,0.0,192.11111111111111
16085,4,0.0,31.0
16086,0,0.0,0.0
16087,8,0.0,70.0
16088,26,0.009230769230769232,96.57692307692308
16089,11,0.0,246.72727272727272
16090,6,0.2,123.33333333333333
16091,23,0.011857707509881422,120.1304347826087
16092,82,0.02168021680216802,112.13414634146342
16093,14,0.0,72.07142857142857
16094,8,0.0,114.375
16095,6,0.0,111.16666666666667
16096,8,0.0,78.125
16097,4,0.0,118.75
16098,0,0.0,0.0
16099,5,0.0,87.6
16100,2,0.0,64.5
16101,34,0.0071301247771836,84.0
16102,0,0.0,0.0
16103,16,0.016666666666666666,100.875
16104,60,0.011864406779661017,103.96666666666667
16105,0,0.0,0.0
16106,7,0.0,103.0
16107,60,0.0096045197740113,85.81666666666666
16108,4,0.0,40.0
16109,5,0.0,79.2
16110,2,0.0,62.5
16111,13,0.01282051282051282,120.53846153846153
16112,34,0.008912655971479501,68.6470588235294
16113,3,0.0,39.666666666666664
16114,125,0.013935483870967743,100.168
16115,18,0.0,91.88888888888889
16116,3,0.0,79.66666666666667
16117,14,0.0,69.57142857142857
16118,24,0.0036231884057971015,125.66666666666667
16119,7,0.0,92.71428571428571
16120,27,0.002849002849002849,80.07407407407408
16121,3,0.0,108.66666666666667
16122,3,0.0,71.66666666666667
16123,41,0.012195121951219513,110.0
16124,3,0.0,68.0
16125,9,0.0,81.77777777777777
16126,0,0.0,0.0
16127,0,0.0,0.0
16128,15,0.02857142857142857,157.93333333333334
16129,12,0.015151515151515152,84.16666666666667
16130,16,0.0,51.5625
16131,4,0.0,161.5
16132,9,0.027777777777777776,83.77777777777777
16133,9,0.027777777777777776,282.0
16134,29,0.009852216748768473,97.89655172413794
16135,125,0.01096774193548387,98.144
16136,13,0.0,55.0
16137,9,0.0,43.111111111111114
16138,157,0.014861995753715499,106.48407643312102
16139,31,0.002150537634408602,81.2258064516129
16140,16,0.008333333333333333,80.25
16141,3,0.0,138.33333333333334
16142,22,0.008658008658008658,84.0
16143,37,0.0075075075075075074,65.67567567567568
16144,38,0.01422475106685633,71.55263157894737
16145,41,0.003658536585365854,88.73170731707317
16146,13,0.02564102564102564,101.3076923076923
16147,0,0.0,0.0
16148,5,0.0,61.0
16149,11,0.01818181818181818,109.36363636363636
16150,3,0.3333333333333333,225.66666666666666
16151,21,0.023809523809523808,168.0952380952381
16152,22,0.021645021645021644,142.36363636363637
16153,56,0.016883116883116882,108.80357142857143
16154,12,0.0,148.75
16155,18,0.0,69.27777777777777
16156,14,0.0,50.42857142857143
16157,18,0.0,103.55555555555556
16158,11,0.05454545454545454,109.0
16159,19,0.005847953216374269,57.36842105263158
16160,102,0.0170840613473112,112.18627450980392
16161,8,0.0,105.0
16162,158,0.018221398048859146,120.67721518987342
16163,210,0.01367053998632946,100.06190476190476
16164,6,0.0,101.0
16165,188,0.013937876891569006,108.1063829787234
16166,34,0.026737967914438502,142.47058823529412
16167,52,0.01809954751131222,95.78846153846153
16168,149,0.014057681842916742,104.63758389261746
16169,0,0.0,0.0
16170,5,0.0,194.4
16171,19,0.005847953216374269,76.63157894736842
16172,9,0.0,69.88888888888889
16173,3,0.0,60.666666666666664
16174,41,0.018292682926829267,108.78048780487805
16175,131,0.013035819142689371,102.43511450381679
16176,34,0.016042780748663103,96.91176470588235
16177,29,0.029556650246305417,91.82758620689656
16178,6,0.0,81.5
16179,31,0.0064516129032258064,84.48387096774194
16180,8,0.0,137.625
16181,32,0.008064516129032258,66.71875
16182,5,0.0,62.8
16183,23,0.007905138339920948,70.30434782608695
16184,24,0.0,72.625
16185,42,0.019744483159117306,99.52380952380952
16186,57,0.013784461152882205,87.3859649122807
16187,2,0.0,83.5
16188,17,0.014705882352941176,90.6470588235294
16189,22,0.0,86.36363636363636
16190,38,0.005689900426742532,85.52631578947368
16191,86,0.01969904240766074,120.30232558139535
16192,48,0.026595744680851064,158.54166666666666
16193,50,0.013061224489795919,107.8
16194,12,0.015151515151515152,84.33333333333333
16195,4,0.0,88.5
16196,10,0.022222222222222223,113.6
16197,48,0.01773049645390071,100.10416666666667
16198,17,0.022058823529411766,150.47058823529412
16199,10,0.0,57.2
16200,19,0.017543859649122806,64.57894736842105
16201,21,0.014285714285714285,85.76190476190476
16202,26,0.006153846153846154,116.15384615384616
16203,5,0.0,101.8
16204,0,0.0,0.0
16205,25,0.02,131.96
16206,66,0.017715617715617717,102.07575757575758
16207,21,0.004761904761904762,82.23809523809524
16208,32,0.006048387096774193,93.9375
16209,43,0.014396456256921373,99.95348837209302
16210,43,0.008859357696566999,79.4186046511628
16211,17,0.0,89.70588235294117
16212,6,0.0,115.5
16213,221,0.012134923899629783,97.06787330316742
16214,31,0.023655913978494623,131.3548387096774
16215,20,0.010526315789473684,122.45
16216,15,0.0,65.2
16217,24,0.014492753623188406,86.33333333333333
16218,51,0.01411764705882353,92.3529411764706
16219,4,0.0,119.75
16220,14,0.01098901098901099,110.07142857142857
16221,18,0.006535947712418301,68.33333333333333
16222,19,0.0,68.63157894736842
16223,28,0.05026455026455026,186.14285714285714
16224,21,0.04285714285714286,155.71428571428572
16225,4,0.0,113.75
16226,18,0.013071895424836602,66.27777777777777
16227,87,0.014167334937182571,104.50574712643679
16228,17,0.014705882352941176,85.76470588235294
16229,12,0.0,66.91666666666667
16230,4,0.0,68.25
16231,8,0.03571428571428571,63.5
16232,1,0.0,14.0
16233,2,0.0,26.0
16234,5,0.0,62.4
16235,72,0.02034428794992175,121.95833333333333
16236,71,0.011670020120724347,100.14084507042253
16237,51,0.00784313725490196,89.27450980392157
16238,1,0.0,52.0
16239,0,0.0,0.0
16240,0,0.0,0.0
16241,4,0.0,78.0
16242,8,0.0,101.875
16243,115,0.011899313501144164,99.43478260869566
16244,3,0.3333333333333333,404.6666666666667
16245,40,0.01282051282051282,105.225
16246,22,0.004329004329004329,124.18181818181819
16247,2,0.0,26.5
16248,7,0.0,130.28571428571428
16249,34,0.012477718360071301,108.26470588235294
16250,6,0.0,50.166666666666664
16251,8,0.07142857142857142,195.875
16252,15,0.009523809523809525,117.26666666666667
16253,13,0.01282051282051282,127.46153846153847
16254,3,0.0,31.333333333333332
16255,16,0.0,73.75
16256,10,0.0,51.9
16257,38,0.005689900426742532,84.60526315789474
16258,11,0.0,84.0
16259,10,0.0,135.8
16260,32,0.006048387096774193,71.4375
16261,28,0.007936507936507936,71.89285714285714
16262,0,0.0,0.0
16263,403,0.01254274533041986,99.53349875930522
16264,53,0.015239477503628448,111.50943396226415
16265,1,0.0,70.0
16266,15,0.01904761904761905,76.66666666666667
16267,33,0.011363636363636364,130.42424242424244
16268,24,0.007246376811594203,96.16666666666667
16269,12,0.0,116.91666666666667
16270,105,0.023626373626373626,134.9047619047619
16271,26,0.018461538461538463,120.53846153846153
16272,9,0.0,52.888888888888886
16273,99,0.013399299113584827,102.6969696969697
16274,16,0.0,78.4375
16275,11,0.0,53.72727272727273
16276,42,0.016260162601626018,124.54761904761905
16277,57,0.012531328320802004,94.21052631578948
16278,35,0.015126050420168067,94.97142857142858
16279,13,0.0,52.38461538461539
16280,53,0.01088534107402032,83.45283018867924
16281,71,0.013279678068410463,91.47887323943662
16282,1,0.0,444.0
16283,4,0.0,164.75
16284,20,0.015789473684210527,92.15
16285,104,0.020537714712471993,121.9326923076923
16286,24,0.021739130434782608,151.45833333333334
16287,7,0.047619047619047616,72.42857142857143
16288,5,0.0,287.8
16289,141,0.017223910840932118,110.08510638297872
16290,0,0.0,0.0
16291,16,0.041666666666666664,143.4375
16292,21,0.009523809523809525,144.52380952380952
16293,9,0.0,63.22222222222222
16294,94,0.012354152367879203,95.06382978723404
16295,11,0.0,73.9090909090909
16296,101,0.012475247524752476,108.0
16297,44,0.017970401691331923,106.6590909090909
16298,121,0.019421487603305785,118.69421487603306
16299,38,0.007112375533428165,71.26315789473684
16300,13,0.0,56.69230769230769
16301,13,0.0,112.15384615384616
16302,1,0.0,158.0
16303,0,0.0,0.0
16304,22,0.008658008658008658,75.04545454545455
16305,8,0.03571428571428571,165.125
16306,44,0.011627906976744186,101.0
16307,7,0.0,77.57142857142857
16308,82,0.01415236374585968,116.47560975609755
16309,3,0.0,57.333333333333336
16310,11,0.0,90.81818181818181
16311,0,0.0,0.0
16312,0,0.0,0.0
16313,2,0.0,50.0
16314,2,0.0,52.0
16315,2,0.0,30.5
16316,269,0.015868612328691117,112.1003717472119
16317,22,0.025974025974025976,158.04545454545453
16318,46,0.01352657004830918,93.69565217391305
16319,1,0.0,33.0
16320,26,0.043076923076923075,170.0
16321,84,0.007458405048766495,90.07142857142857
16322,68,0.014486391571553995,112.47058823529412
16323,10,0.044444444444444446,94.8
16324,78,0.017649017649017648,116.51282051282051
16325,2,0.0,63.0
16326,3,0.0,79.0
16327,8,0.03571428571428571,79.125
16328,1,0.0,54.0
16329,26,0.015384615384615385,71.0
16330,18,0.026143790849673203,134.05555555555554
16331,14,0.01098901098901099,91.57142857142857
16332,16,0.016666666666666666,62.1875
16333,46,0.00676328502415459,68.43478260869566
16334,7,0.047619047619047616,77.0
16335,0,0.0,0.0
16336,12,0.030303030303030304,118.58333333333333
16337,14,0.0,65.57142857142857
16338,35,0.0016806722689075631,68.65714285714286
16339,1,0.0,27.0
16340,28,0.015873015873015872,90.57142857142857
16341,4,0.0,56.5
16342,44,0.007399577167019027,77.47727272727273
16343,2,0.0,42.5
16344,1,0.0,28.0
16345,2,0.0,206.0
16346,10,0.0,68.2
16347,7,0.0,52.57142857142857
16348,19,0.017543859649122806,104.78947368421052
16349,12,0.015151515151515152,70.91666666666667
16350,38,0.005689900426742532,86.73684210526316
16351,39,0.010796221322537112,114.66666666666667
16352,70,0.018219461697722567,127.65714285714286
16353,13,0.02564102564102564,161.69230769230768
16354,16,0.016666666666666666,121.4375
16355,9,0.0,61.22222222222222
16356,44,0.02536997885835095,149.54545454545453
16357,14,0.01098901098901099,79.21428571428571
16358,9,0.0,80.0
16359,0,0.0,0.0
16360,52,0.004524886877828055,70.03846153846153
16361,77,0.017429938482570063,116.07792207792208
16362,7,0.0,43.714285714285715
16363,14,0.06593406593406594,183.57142857142858
16364,15,0.01904761904761905,133.86666666666667
16365,1,0.0,12.0
16366,70,0.009523809523809525,82.81428571428572
16367,33,0.01893939393939394,92.36363636363636
16368,1,0.0,160.0
16369,710,0.012594608554003853,98.25352112676056
16370,34,0.0142602495543672,100.8529411764706
16371,16,0.016666666666666666,119.5
16372,4,0.0,130.5
16373,10,0.0,88.8
16374,28,0.013227513227513227,121.71428571428571
16375,21,0.0,79.19047619047619
16376,41,0.01097560975609756,82.41463414634147
16377,1,0.0,15.0
16378,113,0.016592920353982302,116.07964601769912
16379,23,0.023715415019762844,158.04347826086956
16380,210,0.014581909318751423,106.18571428571428
16381,12,0.045454545454545456,110.66666666666667
16382,33,0.003787878787878788,84.72727272727273
16383,11,0.05454545454545454,176.8181818181818
16384,65,0.0057692307692307696,83.35384615384615
16385,81,0.016358024691358025,125.35802469135803
16386,2,0.0,105.5
16387,39,0.01349527665317139,91.71794871794872
16388,16,0.0,61.6875
16389,0,0.0,0.0
16390,6,0.06666666666666667,207.5
16391,41,0.018292682926829267,116.7560975609756
16392,65,0.015384615384615385,125.15384615384616
16393,9,0.0,48.888888888888886
16394,0,0.0,0.0
16395,3,0.0,179.0
16396,23,0.007905138339920948,107.04347826086956
16397,31,0.015053763440860216,80.54838709677419
16398,0,0.0,0.0
16399,21,0.0,81.14285714285714
16400,0,0.0,0.0
16401,20,0.015789473684210527,87.0
16402,34,0.012477718360071301,86.20588235294117
16403,2,0.0,24.0
16404,8,0.0,53.75
16405,56,0.014935064935064935,104.42857142857143
16406,37,0.006006006006006006,75.08108108108108
16407,0,0.0,0.0
16408,89,0.015066394279877425,110.89887640449439
16409,24,0.021739130434782608,124.33333333333333
16410,151,0.013421633554083885,98.35761589403974
16411,2,0.0,41.0
16412,14,0.0,75.0
16413,4,0.0,79.0
16414,0,0.0,0.0
16415,8,0.0,110.5
16416,8,0.0,83.625
16417,19,0.005847953216374269,136.57894736842104
16418,2,0.0,153.5
16419,60,0.01977401129943503,114.46666666666667
16420,20,0.005263157894736842,58.45
16421,0,0.0,0.0
16422,419,0.01376026310079821,102.02863961813843
16423,52,0.01583710407239819,121.42307692307692
16424,16,0.025,131.125
16425,3,0.3333333333333333,259.6666666666667
16426,8,0.0,54.75
16427,28,0.015873015873015872,123.89285714285714
16428,65,0.014903846153846155,105.6923076923077
16429,13,0.038461538461538464,222.3846153846154
16430,13,0.0,68.3076923076923
16431,22,0.030303030303030304,147.9090909090909
16432,55,0.018855218855218854,106.94545454545455
16433,0,0.0,0.0
16434,9,0.0,91.11111111111111
16435,4,0.0,329.25
16436,3,0.0,66.66666666666667
16437,6,0.0,49.0
16438,107,0.017986245812026097,109.0
16439,5,0.1,118.6
16440,35,0.025210084033613446,156.4857142857143
16441,9,0.0,48.0
16442,5,0.0,79.2
16443,20,0.03684210526315789,161.7
16444,6,0.0,38.0
16445,31,0.0064516129032258064,103.74193548387096
16446,27,0.008547008547008548,78.0
16447,31,0.021505376344086023,89.6774193548387
16448,31,0.012903225806451613,127.80645161290323
16449,23,0.011857707509881422,100.26086956521739
16450,20,0.021052631578947368,94.4
16451,51,0.012549019607843137,100.66666666666667
16452,68,0.01009657594381036,99.47058823529412
16453,55,0.012121212121212121,116.67272727272727
16454,5,0.0,139.0
16455,22,0.0,94.45454545454545
16456,18,0.0,103.33333333333333
16457,0,0.0,0.0
16458,59,0.022793687901811806,141.3728813559322
16459,21,0.004761904761904762,83.33333333333333
16460,1,0.0,91.0
16461,62,0.006874669487043892,94.16129032258064
16462,44,0.016913319238900635,98.06818181818181
16463,43,0.046511627906976744,195.97674418604652
16464,12,0.0,52.25
16465,23,0.03162055335968379,130.91304347826087
16466,2,0.0,910.5
16467,7,0.0,97.85714285714286
16468,6,0.0,65.0
16469,23,0.003952569169960474,68.08695652173913
16470,12,0.0,83.16666666666667
16471,10,0.0,99.6
16472,52,0.008295625942684766,92.63461538461539
16473,3,0.0,19.666666666666668
16474,19,0.023391812865497075,115.47368421052632
16475,27,0.011396011396011397,99.07407407407408
16476,61,0.018579234972677595,118.06557377049181
16477,18,0.013071895424836602,133.61111111111111
16478,16,0.008333333333333333,61.75
16479,79,0.005842259006815969,76.21518987341773
16480,14,0.03296703296703297,123.85714285714286
16481,66,0.013053613053613054,109.4090909090909
16482,3,0.0,44.333333333333336
16483,44,0.010570824524312896,80.95454545454545
16484,12,0.015151515151515152,86.5
16485,4,0.0,95.25
16486,20,0.010526315789473684,104.4
16487,1,0.0,77.0
16488,5,0.0,55.8
16489,43,0.006644518272425249,82.97674418604652
16490,9,0.0,65.22222222222223
16491,26,0.018461538461538463,127.65384615384616
16492,3,0.0,275.3333333333333
16493,131,0.013505578391074574,105.10687022900764
16494,41,0.007317073170731708,76.2439024390244
16495,6,0.0,82.0
16496,9,0.0,117.88888888888889
16497,79,0.009412528399870172,79.77215189873418
16498,59,0.014026884862653419,119.57627118644068
16499,2,0.0,33.5
16500,6,0.0,85.0
16501,27,0.002849002849002849,73.4074074074074
16502,30,0.006896551724137931,82.0
16503,5,0.2,350.2
16504,12,0.015151515151515152,126.5
16505,9,0.027777777777777776,92.66666666666667
16506,1,0.0,46.0
16507,56,0.01753246753246753,110.83928571428571
16508,3,0.0,43.333333333333336
16509,3,0.0,98.33333333333333
16510,43,0.006644518272425249,84.83720930232558
16511,59,0.011104617182933957,93.76271186440678
16512,11,0.0,70.36363636363636
16513,56,0.012337662337662338,101.26785714285714
16514,24,0.007246376811594203,67.54166666666667
16515,13,0.0,66.38461538461539
16516,100,0.01898989898989899,97.83
16517,8,0.0,93.125
16518,44,0.006342494714587738,100.06818181818181
16519,0,0.0,0.0
16520,6,0.0,96.33333333333333
16521,2,0.0,169.5
16522,7,0.047619047619047616,83.0
16523,19,0.017543859649122806,93.0
16524,15,0.0,74.46666666666667
16525,7,0.0,38.714285714285715
16526,734,0.012293177602402876,96.6307901907357
16527,48,0.023936170212765957,111.4375
16528,20,0.0,78.0
16529,13,0.01282051282051282,87.84615384615384
16530,95,0.00761478163493841,79.30526315789474
16531,11,0.01818181818181818,122.9090909090909
16532,0,0.0,0.0
16533,10,0.022222222222222223,97.4
16534,29,0.0049261083743842365,101.17241379310344
16535,4,0.0,49.25
16536,15,0.009523809523809525,112.4
16537,90,0.02446941323345818,143.11111111111111
16538,19,0.0,72.05263157894737
16539,2,0.0,377.5
16540,18,0.013071895424836602,97.0
16541,1,0.0,36.0
16542,1,0.0,728.0
16543,2,0.0,16.5
16544,55,0.012794612794612794,108.56363636363636
16545,10,0.022222222222222223,69.3
16546,17,0.007352941176470588,62.76470588235294
16547,19,0.011695906432748537,137.8421052631579
16548,4,0.0,69.0
16549,22,0.0,60.13636363636363
16550,6,0.0,96.5
16551,13,0.0,47.84615384615385
16552,10,0.0,58.8
16553,40,0.014102564102564103,107.45
16554,1,0.0,13.0
16555,6,0.0,151.5
16556,5,0.1,65.6
16557,49,0.00935374149659864,75.85714285714286
16558,28,0.010582010582010581,72.85714285714286
16559,84,0.01491681009753299,101.80952380952381
16560,21,0.03333333333333333,135.0952380952381
16561,8,0.0,82.125
16562,5,0.0,52.4
16563,6,0.0,66.5
16564,5,0.0,251.2
16565,1,0.0,35.0
16566,2,0.0,44.0
16567,28,0.015873015873015872,107.85714285714286
16568,55,0.022222222222222223,117.25454545454545
16569,21,0.03333333333333333,161.23809523809524
16570,9,0.027777777777777776,134.0
16571,10,0.0,102.4
16572,30,0.006896551724137931,75.06666666666666
16573,48,0.010638297872340425,89.625
16574,32,0.010080645161290322,99.71875
16575,20,0.010526315789473684,63.25
16576,9,0.0,71.44444444444444
16577,11,0.01818181818181818,77.36363636363636
16578,82,0.012646793134598013,102.07317073170732
16579,49,0.00935374149659864,87.63265306122449
16580,11,0.0,97.36363636363636
16581,27,0.017094017094017096,97.85185185185185
16582,1,0.0,146.0
16583,24,0.018115942028985508,138.79166666666666
16584,0,0.0,0.0
16585,12,0.030303030303030304,124.66666666666667
16586,2,0.0,54.5
16587,79,0.024667315806556313,132.72151898734177
16588,5,0.0,60.4
16589,2,0.0,5.0
16590,5,0.0,328.8
16591,20,0.010526315789473684,78.3
16592,22,0.012987012987012988,119.36363636363636
16593,32,0.006048387096774193,75.71875
16594,19,0.0,69.94736842105263
16595,33,0.007575757575757576,99.27272727272727
16596,3,0.0,15.0
16597,14,0.02197802197802198,129.64285714285714
16598,21,0.014285714285714285,149.85714285714286
16599,72,0.01643192488262911,98.56944444444444
16600,14,0.01098901098901099,58.857142857142854
16601,27,0.017094017094017096,109.37037037037037
16602,21,0.023809523809523808,161.95238095238096
16603,31,0.021505376344086023,106.90322580645162
16604,50,0.010612244897959184,83.06
16605,3,0.0,40.666666666666664
16606,45,0.022222222222222223,130.4
16607,16,0.0,50.9375
16608,4,0.0,38.5
16609,5,0.0,59.6
16610,6,0.0,31.666666666666668
16611,6,0.0,34.833333333333336
16612,3,0.0,78.33333333333333
16613,9,0.0,74.55555555555556
16614,12,0.0,80.08333333333333
16615,65,0.015865384615384615,110.84615384615384
16616,46,0.014492753623188406,111.3913043478261
16617,52,0.012066365007541479,105.57692307692308
16618,78,0.013653013653013654,109.8974358974359
16619,15,0.01904761904761905,104.66666666666667
16620,52,0.006787330316742082,74.11538461538461
16621,0,0.0,0.0
16622,8,0.0,60.75
16623,30,0.020689655172413793,104.9
16624,55,0.012121212121212121,117.49090909090908
16625,58,0.013914095583787053,105.74137931034483
16626,0,0.0,0.0
16627,14,0.04395604395604396,230.21428571428572
16628,0,0.0,0.0
16629,4,0.0,134.75
16630,18,0.06535947712418301,143.5
16631,29,0.014778325123152709,66.41379310344827
16632,0,0.0,0.0
16633,14,0.01098901098901099,151.92857142857142
16634,20,0.010526315789473684,53.6
16635,41,0.013414634146341463,110.8780487804878
16636,5,0.1,357.4
16637,3,0.0,103.33333333333333
16638,10,0.0,59.9
16639,58,0.013914095583787053,87.67241379310344
16640,90,0.014731585518102372,119.3
16641,73,0.006468797564687975,72.54794520547945
16642,1,0.0,42.0
16643,24,0.0,64.5
16644,33,0.0,81.54545454545455
16645,0,0.0,0.0
16646,2,0.0,133.5
16647,5,0.0,311.8
16648,7,0.0,105.71428571428571
16649,10,0.022222222222222223,155.5
16650,157,0.015188633023027927,106.31847133757962
16651,1,0.0,104.0
16652,8,0.03571428571428571,116.125
16653,3,0.0,45.0
16654,36,0.025396825396825397,130.58333333333334
16655,4,0.0,121.0
16656,0,0.0,0.0
16657,1,0.0,147.0
16658,24,0.007246376811594203,57.0
16659,5,0.0,64.6
16660,29,0.022167487684729065,121.96551724137932
16661,160,0.015330188679245283,107.73125
16662,6,0.0,53.666666666666664
16663,26,0.012307692307692308,111.07692307692308
16664,11,0.0,87.0909090909091
16665,6,0.0,75.16666666666667
16666,4,0.0,81.75
16667,14,0.02197802197802198,69.42857142857143
16668,25,0.023333333333333334,108.76
16669,2,0.0,136.0
16670,50,0.0163265306122449,109.1
16671,10,0.0,68.1
16672,63,0.015360983102918587,111.82539682539682
16673,26,0.027692307692307693,121.96153846153847
16674,15,0.0,55.4
16675,18,0.026143790849673203,103.61111111111111
16676,13,0.01282051282051282,124.46153846153847
16677,31,0.0064516129032258064,63.903225806451616
16678,1,0.0,61.0
16679,91,0.010744810744810745,86.86813186813187
16680,44,0.012684989429175475,95.29545454545455
16681,3,0.0,79.0
16682,207,0.01041226959335866,91.65217391304348
16683,65,0.01826923076923077,133.63076923076923
16684,14,0.01098901098901099,88.21428571428571
16685,70,0.011180124223602485,103.88571428571429
16686,83,0.00910960916838084,84.46987951807229
16687,4,0.0,94.25
16688,51,0.01803921568627451,110.31372549019608
16689,357,0.008670884083970667,83.00280112044818
16690,31,0.010752688172043012,93.2258064516129
16691,10,0.0,59.9
16692,10,0.0,54.9
16693,11,0.0,83.45454545454545
16694,1,0.0,89.0
16695,4,0.0,163.0
16696,64,0.010912698412698412,101.46875
16697,13,0.038461538461538464,185.53846153846155
16698,16,0.008333333333333333,66.4375
16699,8,0.0,308.875
16700,24,0.021739130434782608,200.20833333333334
16701,9,0.0,82.88888888888889
16702,106,0.01725067385444744,110.36792452830188
16703,39,0.006747638326585695,108.1025641025641
16704,6,0.0,180.16666666666666
16705,1,0.0,160.0
16706,5,0.0,42.6
16707,0,0.0,0.0
16708,30,0.011494252873563218,68.73333333333333
16709,3,0.0,70.66666666666667
16710,1,0.0,63.0
16711,1,0.0,2.0
16712,35,0.0,66.74285714285715
16713,10,0.0,70.1
16714,2,0.0,57.5
16715,78,0.02197802197802198,128.69230769230768
16716,13,0.0,47.38461538461539
16717,8,0.0,56.75
16718,11,0.01818181818181818,77.0
16719,5,0.0,119.2
16720,21,0.004761904761904762,64.23809523809524
16721,15,0.009523809523809525,88.66666666666667
16722,15,0.02857142857142857,114.26666666666667
16723,111,0.01638001638001638,123.88288288288288
16724,4,0.0,444.5
16725,5,0.0,86.8
16726,1,0.0,92.0
16727,7,0.0,102.57142857142857
16728,55,0.018855218855218854,105.10909090909091
16729,37,0.016516516516516516,70.13513513513513
16730,0,0.0,0.0
16731,19,0.023391812865497075,94.0
16732,26,0.018461538461538463,85.73076923076923
16733,4,0.0,95.5
16734,36,0.011111111111111112,108.36111111111111
16735,2,0.0,22.0
16736,4,0.0,20.5
16737,15,0.0380952380952381,247.46666666666667
16738,4,0.0,158.0
16739,305,0.015379637618636756,110.0327868852459
16740,10,0.0,76.8
16741,21,0.0,74.66666666666667
16742,3,0.0,140.33333333333334
16743,29,0.007389162561576354,76.06896551724138
16744,33,0.001893939393939394,44.72727272727273
16745,13,0.038461538461538464,82.61538461538461
16746,2,0.0,382.0
16747,4,0.0,92.0
16748,4,0.0,73.5
16749,77,0.009227614490772385,78.84415584415585
16750,7,0.0,63.714285714285715
16751,11,0.0,98.9090909090909
16752,2,0.0,91.0
16753,4,0.0,160.75
16754,130,0.01657722122838402,119.27692307692308
16755,15,0.0,134.06666666666666
16756,59,0.007597895967270602,92.66101694915254
16757,87,0.010425020048115477,86.66666666666667
16758,16,0.016666666666666666,151.375
16759,66,0.013053613053613054,109.18181818181819
16760,17,0.03676470588235294,184.52941176470588
16761,147,0.011928058894790794,97.06802721088435
16762,2,0.0,383.0
16763,55,0.015488215488215488,128.05454545454546
16764,18,0.013071895424836602,140.22222222222223
16765,6,0.0,74.33333333333333
16766,4,0.0,97.75
16767,21,0.009523809523809525,94.47619047619048
16768,4,0.0,197.25
16769,25,0.006666666666666667,83.4
16770,96,0.015350877192982455,108.89583333333333
16771,13,0.0,58.15384615384615
16772,55,0.013468013468013467,87.54545454545455
16773,145,0.01657088122605364,107.39310344827587
16774,30,0.034482758620689655,156.96666666666667
16775,57,0.013784461152882205,117.57894736842105
16776,34,0.0017825311942959,53.11764705882353
16777,79,0.012982797792924375,90.0506329113924
16778,17,0.0,88.17647058823529
16779,71,0.015291750503018108,88.85915492957747
16780,15,0.0,63.53333333333333
16781,28,0.005291005291005291,53.142857142857146
16782,0,0.0,0.0
16783,13,0.038461538461538464,114.61538461538461
16784,7,0.0,99.0
16785,16,0.008333333333333333,68.8125
16786,51,0.010980392156862745,112.25490196078431
16787,5,0.0,60.0
16788,14,0.0,75.78571428571429
16789,10,0.0,74.0
16790,18,0.006535947712418301,80.55555555555556
16791,5,0.0,304.8
16792,7,0.0,75.14285714285714
16793,72,0.017996870109546165,111.55555555555556
16794,4,0.0,25.0
16795,99,0.00948258091115234,88.0909090909091
16796,7,0.0,109.71428571428571
16797,1,0.0,28.0
16798,2,0.0,115.5
16799,8,0.03571428571428571,104.75
16800,18,0.006535947712418301,85.38888888888889
16801,12,0.030303030303030304,103.58333333333333
16802,0,0.0,0.0
16803,104,0.013256161314413742,99.6923076923077
16804,21,0.004761904761904762,84.42857142857143
16805,4,0.0,36.5
16806,12,0.0,87.08333333333333
16807,3,0.0,99.66666666666667
16808,8,0.0,26.5
16809,44,0.007399577167019027,88.9090909090909
16810,23,0.015810276679841896,86.08695652173913
16811,26,0.012307692307692308,127.07692307692308
16812,43,0.013289036544850499,100.69767441860465
16813,9,0.0,66.22222222222223
16814,68,0.013169446883230905,103.3529411764706
16815,8,0.0,127.0
16816,1,0.0,149.0
16817,12,0.030303030303030304,144.75
16818,9,0.0,56.888888888888886
16819,5,0.0,277.0
16820,16,0.0,31.8125
16821,13,0.01282051282051282,105.61538461538461
16822,141,0.014488348530901722,103.0709219858156
16823,25,0.02,115.8
16824,6,0.0,106.5
16825,78,0.013986013986013986,99.12820512820512
16826,25,0.013333333333333334,98.88
16827,9,0.0,68.11111111111111
16828,8,0.0,67.5
16829,64,0.01636904761904762,115.578125
16830,4,0.0,93.5
16831,309,0.016643550624133148,111.20064724919094
16832,42,0.005807200929152149,67.07142857142857
16833,65,0.016826923076923076,126.78461538461538
16834,56,0.01038961038961039,96.42857142857143
16835,1,0.0,66.0
16836,20,0.010526315789473684,114.1
16837,5,0.0,36.8
16838,170,0.011068569439610163,88.95294117647059
16839,8,0.03571428571428571,107.25
16840,8,0.0,116.125
16841,91,0.01098901098901099,90.62637362637362
16842,1,0.0,9.0
16843,40,0.02435897435897436,123.925
16844,13,0.0,66.53846153846153
16845,10,0.0,57.6
16846,11,0.0,60.36363636363637
16847,11,0.0,90.27272727272727
16848,18,0.0196078431372549,110.5
16849,8,0.0,79.0
16850,28,0.018518518518518517,94.92857142857143
16851,11,0.0,56.90909090909091
16852,1,0.0,65.0
16853,6,0.0,70.5
16854,1,0.0,389.0
16855,10,0.0,30.1
16856,18,0.0,83.77777777777777
16857,171,0.007774337805297558,78.07602339181287
16858,1,0.0,1.0
16859,9,0.027777777777777776,200.77777777777777
16860,8,0.0,90.0
16861,50,0.013061224489795919,91.8
16862,55,0.00808080808080808,90.72727272727273
16863,4,0.0,97.5
16864,5,0.0,162.0
16865,136,0.019389978213507627,129.90441176470588
16866,1,0.0,14.0
16867,0,0.0,0.0
16868,10,0.0,111.2
16869,11,0.0,81.81818181818181
16870,8,0.03571428571428571,196.875
16871,13,0.01282051282051282,88.6923076923077
16872,10,0.022222222222222223,68.5
16873,0,0.0,0.0
16874,0,0.0,0.0
16875,2,0.0,47.5
16876,1,0.0,175.0
16877,101,0.014455445544554456,102.05940594059406
16878,4,0.0,110.0
16879,15,0.009523809523809525,83.13333333333334
16880,18,0.013071895424836602,87.33333333333333
16881,5,0.0,65.2
16882,7,0.09523809523809523,134.71428571428572
16883,6,0.0,59.0
16884,14,0.0,74.35714285714286
16885,50,0.017142857142857144,133.66
16886,1,0.0,269.0
16887,4,0.0,77.75
16888,30,0.009195402298850575,93.73333333333333
16889,11,0.0,68.45454545454545
16890,6,0.0,105.5
16891,0,0.0,0.0
16892,117,0.019157088122605363,123.96581196581197
16893,68,0.024582967515364356,140.16176470588235
16894,32,0.012096774193548387,96.28125
16895,12,0.0,62.416666666666664
16896,7,0.0,80.28571428571429
16897,5,0.0,73.0
16898,84,0.0068846815834767644,70.97619047619048
16899,93,0.02244039270687237,123.75268817204301
16900,66,0.024242424242424242,143.72727272727272
16901,30,0.006896551724137931,74.8
16902,16,0.0,84.1875
16903,3,0.0,262.6666666666667
16904,1,0.0,419.0
16905,231,0.0132128740824393,101.10822510822511
16906,4,0.0,106.5
16907,40,0.011538461538461539,102.55
16908,18,0.006535947712418301,66.72222222222223
16909,103,0.009899105273177233,94.31067961165049
16910,22,0.0,62.5
16911,20,0.021052631578947368,181.1
16912,18,0.013071895424836602,102.44444444444444
16913,36,0.0031746031746031746,75.94444444444444
16914,5,0.0,62.2
16915,41,0.014634146341463415,119.60975609756098
16916,81,0.009876543209876543,94.90123456790124
16917,15,0.0,112.06666666666666
16918,36,0.015873015873015872,105.38888888888889
16919,2,0.0,39.5
16920,70,0.014492753623188406,109.54285714285714
16921,8,0.0,53.125
16922,24,0.014492753623188406,117.45833333333333
16923,12,0.015151515151515152,130.75
16924,35,0.015126050420168067,90.48571428571428
16925,24,0.014492753623188406,133.58333333333334
16926,11,0.0,69.63636363636364
16927,12,0.030303030303030304,137.08333333333334
16928,34,0.024955436720142603,158.97058823529412
16929,84,0.016924842226047045,116.42857142857143
16930,35,0.010084033613445379,77.97142857142858
16931,79,0.013307367737747485,92.9620253164557
16932,77,0.014012303485987697,88.14285714285714
16933,26,0.012307692307692308,94.53846153846153
16934,3,0.0,59.0
16935,20,0.015789473684210527,114.65
16936,4,0.0,193.0
16937,22,0.008658008658008658,90.5909090909091
16938,4,0.0,73.75
16939,8,0.0,78.375
16940,13,0.02564102564102564,167.76923076923077
16941,10,0.0,75.5
16942,2,0.0,10.5
16943,7,0.0,56.142857142857146
16944,0,0.0,0.0
16945,24,0.014492753623188406,119.33333333333333
16946,16,0.0,97.75
16947,3,0.0,124.0
16948,1,0.0,3.0
16949,0,0.0,0.0
16950,0,0.0,0.0
16951,165,0.01958610495195861,130.83636363636364
16952,1,0.0,163.0
16953,6,0.06666666666666667,237.83333333333334
16954,41,0.006097560975609756,73.09756097560975
16955,23,0.015810276679841896,86.1304347826087
16956,16,0.0,57.6875
16957,1,0.0,150.0
16958,0,0.0,0.0
16959,17,0.029411764705882353,104.82352941176471
16960,9,0.027777777777777776,84.88888888888889
16961,20,0.015789473684210527,102.15
16962,0,0.0,0.0
16963,10,0.0,90.8
16964,10,0.0,75.7
16965,10,0.0,54.7
16966,17,0.007352941176470588,70.82352941176471
16967,28,0.015873015873015872,74.75
16968,1,0.0,13.0
16969,52,0.00980392156862745,75.26923076923077
16970,22,0.025974025974025976,128.72727272727272
16971,11,0.0,70.18181818181819
16972,11,0.0,116.36363636363636
16973,103,0.012944983818770227,94.33009708737865
16974,16,0.0,57.875
16975,0,0.0,0.0
16976,2,0.0,58.0
16977,10,0.022222222222222223,104.2
16978,16,0.008333333333333333,85.5625
16979,89,0.02323799795709908,123.47191011235955
16980,13,0.0,96.07692307692308
16981,0,0.0,0.0
16982,2,0.0,107.0
16983,94,0.009608785175017159,86.69148936170212
16984,17,0.022058823529411766,87.3529411764706
16985,16,0.0,57.75
16986,7,0.047619047619047616,80.28571428571429
16987,20,0.0,110.2
16988,17,0.0,75.70588235294117
16989,20,0.015789473684210527,158.95
16990,15,0.01904761904761905,120.0
16991,6,0.0,26.833333333333332
16992,115,0.005949656750572082,71.66956521739131
16993,48,0.020390070921985817,119.22916666666667
16994,26,0.036923076923076927,173.15384615384616
16995,115,0.013882532418001525,100.41739130434783
16996,103,0.01846563868265753,129.79611650485438
16997,64,0.01636904761904762,112.140625
16998,56,0.011688311688311689,99.78571428571429
16999,32,0.016129032258064516,116.09375
17000,14,0.03296703296703297,159.0
17001,6,0.0,119.83333333333333
17002,36,0.009523809523809525,101.05555555555556
17003,40,0.005128205128205128,104.325
17004,28,0.023809523809523808,141.32142857142858
17005,11,0.0,69.45454545454545
17006,18,0.006535947712418301,73.27777777777777
17007,18,0.0,74.38888888888889
17008,5,0.1,131.6
17009,16,0.025,102.5
17010,13,0.0,94.76923076923077
17011,13,0.01282051282051282,93.61538461538461
17012,36,0.01746031746031746,103.83333333333333
17013,58,0.019963702359346643,134.29310344827587
17014,0,0.0,0.0
17015,22,0.008658008658008658,117.54545454545455
17016,12,0.0,76.66666666666667
17017,37,0.01951951951951952,94.78378378378379
17018,5,0.0,78.8
17019,15,0.009523809523809525,88.8
17020,1,0.0,67.0
17021,7,0.0,68.85714285714286
17022,34,0.0035650623885918,98.0
17023,9,0.0,106.55555555555556
17024,3,0.0,124.33333333333333
17025,15,0.01904761904761905,123.33333333333333
17026,25,0.023333333333333334,153.2
17027,27,0.019943019943019943,107.74074074074075
17028,12,0.0,75.5
17029,1,0.0,72.0
17030,12,0.0,76.08333333333333
17031,34,0.008912655971479501,108.23529411764706
17032,7,0.0,62.857142857142854
17033,45,0.026262626262626262,145.11111111111111
17034,11,0.01818181818181818,113.54545454545455
17035,11,0.0,80.72727272727273
17036,45,0.015151515151515152,113.02222222222223
17037,19,0.017543859649122806,102.05263157894737
17038,61,0.020218579234972677,116.91803278688525
17039,24,0.007246376811594203,73.29166666666667
17040,92,0.01075011944577162,86.79347826086956
17041,49,0.013605442176870748,92.08163265306122
17042,51,0.017254901960784313,119.15686274509804
17043,127,0.010123734533183352,88.53543307086615
17044,18,0.006535947712418301,80.44444444444444
17045,8,0.0,88.25
17046,14,0.0,82.64285714285714
17047,23,0.011857707509881422,85.56521739130434
17048,139,0.01417996037952247,107.12230215827338
17049,10,0.022222222222222223,93.3
17050,128,0.013041338582677165,104.6171875
17051,39,0.020242914979757085,97.02564102564102
17052,12,0.0,135.83333333333334
17053,35,0.008403361344537815,92.0
17054,11,0.0,45.18181818181818
17055,98,0.011992425836313906,98.1734693877551
17056,47,0.013876040703052728,101.53191489361703
17057,8,0.03571428571428571,71.5
17058,7,0.0,87.71428571428571
17059,14,0.0,85.21428571428571
17060,5,0.0,329.2
17061,14,0.0,97.28571428571429
17062,2,0.0,25.0
17063,5,0.1,97.8
17064,49,0.017857142857142856,96.51020408163265
17065,4,0.0,71.0
17066,10,0.0,60.9
17067,33,0.02462121212121212,87.39393939393939
17068,14,0.02197802197802198,79.64285714285714
17069,1,0.0,238.0
17070,3,0.0,74.0
17071,8,0.0,136.25
17072,15,0.02857142857142857,109.06666666666666
17073,1,0.0,52.0
17074,16,0.008333333333333333,57.1875
17075,83,0.018806935057302382,123.5421686746988
17076,2,0.0,226.5
17077,17,0.0,82.88235294117646
17078,83,0.03496914487217161,132.20481927710844
17079,51,0.009411764705882352,86.33333333333333
17080,0,0.0,0.0
17081,9,0.05555555555555555,282.3333333333333
17082,3,0.0,57.0
17083,20,0.005263157894736842,76.5
17084,18,0.006535947712418301,81.0
17085,1,0.0,162.0
17086,17,0.029411764705882353,114.17647058823529
17087,85,0.012324929971988795,93.01176470588236
17088,19,0.005847953216374269,88.78947368421052
17089,84,0.010613884107860011,89.72619047619048
17090,22,0.008658008658008658,53.90909090909091
17091,106,0.010422282120395327,94.66037735849056
17092,19,0.005847953216374269,85.73684210526316
17093,80,0.010126582278481013,110.575
17094,37,0.0045045045045045045,65.08108108108108
17095,5,0.0,135.6
17096,44,0.013742071881606765,77.29545454545455
17097,2,0.0,54.0
17098,34,0.0053475935828877,86.32352941176471
17099,2,0.0,48.5
17100,13,0.01282051282051282,70.38461538461539
17101,19,0.017543859649122806,161.0
17102,9,0.0,66.44444444444444
17103,3,0.0,112.33333333333333
17104,123,0.012928162068505932,99.00813008130082
17105,47,0.01572617946345976,106.61702127659575
17106,122,0.01639344262295082,115.73770491803279
17107,104,0.010828976848394324,85.4423076923077
17108,7,0.0,102.85714285714286
17109,0,0.0,0.0
17110,190,0.0152046783625731,101.54736842105264
17111,133,0.010822510822510822,83.01503759398496
17112,63,0.012800819252432157,93.19047619047619
17113,4,0.0,41.0
17114,2,0.0,94.0
17115,14,0.02197802197802198,172.71428571428572
17116,6,0.0,26.833333333333332
17117,4,0.0,85.0
17118,10,0.022222222222222223,83.4
17119,5,0.0,74.6
17120,22,0.008658008658008658,93.04545454545455
17121,6,0.06666666666666667,217.5
17122,41,0.006097560975609756,78.51219512195122
17123,13,0.02564102564102564,101.6923076923077
17124,6,0.0,58.666666666666664
17125,7,0.0,59.142857142857146
17126,2,0.0,59.5
17127,2,0.0,46.0
17128,1480,0.007815726476984083,77.88513513513513
17129,3,0.0,34.666666666666664
17130,15,0.0,80.86666666666666
17131,70,0.016977225672877846,124.12857142857143
17132,5,0.0,83.4
17133,9,0.027777777777777776,44.888888888888886
17134,25,0.013333333333333334,77.76
17135,13,0.0,85.61538461538461
17136,19,0.029239766081871343,156.73684210526315
17137,26,0.006153846153846154,68.1923076923077
17138,6,0.0,56.666666666666664
17139,0,0.0,0.0
17140,27,0.008547008547008548,108.29629629629629
17141,51,0.010980392156862745,93.72549019607843
17142,0,0.0,0.0
17143,7,0.0,111.0
17144,65,0.023557692307692307,114.13846153846154
17145,10,0.0,61.4
17146,69,0.014066496163682864,96.92753623188406
17147,20,0.005263157894736842,99.45
17148,27,0.011396011396011397,127.51851851851852
17149,16,0.0,86.25
17150,26,0.021538461538461538,189.34615384615384
17151,20,0.042105263157894736,186.65
17152,21,0.0380952380952381,141.42857142857142
17153,66,0.013986013986013986,101.21212121212122
17154,5,0.0,45.0
17155,10,0.0,113.5
17156,18,0.0,71.22222222222223
17157,55,0.009427609427609427,90.8
17158,62,0.017451084082496033,108.11290322580645
17159,34,0.0071301247771836,71.55882352941177
17160,1,0.0,23.0
17161,154,0.015957898310839488,105.05194805194805
17162,44,0.016913319238900635,100.0
17163,8,0.0,128.875
17164,83,0.013517484572436086,107.26506024096386
17165,66,0.005594405594405594,80.86363636363636
17166,19,0.011695906432748537,107.26315789473684
17167,43,0.01107419712070875,85.67441860465117
17168,25,0.02,119.84
17169,60,0.03333333333333333,169.23333333333332
17170,20,0.021052631578947368,108.0
17171,5,0.0,60.0
17172,16,0.008333333333333333,86.375
17173,55,0.007407407407407408,80.0
17174,24,0.021739130434782608,106.45833333333333
17175,26,0.003076923076923077,74.8076923076923
17176,12,0.0,55.25
17177,4,0.0,75.75
17178,24,0.014492753623188406,99.83333333333333
17179,0,0.0,0.0
17180,43,0.009966777408637873,100.79069767441861
17181,3,0.0,212.0
17182,0,0.0,0.0
17183,128,0.017716535433070866,105.6171875
17184,3,0.0,82.0
17185,25,0.0,60.92
17186,3,0.0,50.0
17187,3,0.0,77.0
17188,20,0.005263157894736842,80.8
17189,0,0.0,0.0
17190,0,0.0,0.0
17191,1,0.0,92.0
17192,1,0.0,46.0
17193,41,0.004878048780487805,74.3170731707317
17194,25,0.01,95.08
17195,28,0.010582010582010581,112.78571428571429
17196,8,0.03571428571428571,162.375
17197,2,0.0,55.0
17198,1,0.0,36.0
17199,4,0.0,45.5
17200,26,0.015384615384615385,99.65384615384616
17201,46,0.021256038647342997,130.7826086956522
17202,21,0.014285714285714285,129.1904761904762
17203,54,0.013976240391334731,106.24074074074075
17204,71,0.010865191146881288,109.32394366197182
17205,20,0.015789473684210527,110.55
17206,28,0.0291005291005291,119.39285714285714
17207,4,0.0,77.75
17208,12,0.015151515151515152,88.91666666666667
17209,16,0.008333333333333333,67.0
17210,12,0.015151515151515152,43.666666666666664
17211,9,0.0,81.0
17212,71,0.0096579476861167,85.43661971830986
17213,16,0.03333333333333333,156.8125
17214,1,0.0,84.0
17215,6,0.06666666666666667,98.66666666666667
17216,12,0.030303030303030304,90.16666666666667
17217,3,0.0,62.666666666666664
17218,4,0.0,90.5
17219,10,0.0,67.5
17220,31,0.017204301075268817,114.54838709677419
17221,10,0.022222222222222223,90.0
17222,3,0.0,64.66666666666667
17223,91,0.01221001221001221,97.51648351648352
17224,30,0.009195402298850575,108.46666666666667
17225,59,0.011104617182933957,111.94915254237289
17226,0,0.0,0.0
17227,12,0.0,78.16666666666667
17228,205,0.015973218555714968,113.01951219512195
17229,12,0.015151515151515152,99.5
17230,7,0.0,50.857142857142854
17231,50,0.004081632653061225,70.98
17232,11,0.0,77.63636363636364
17233,30,0.0022988505747126436,66.03333333333333
17234,24,0.0036231884057971015,85.79166666666667
17235,9,0.0,132.0
17236,69,0.011935208866155157,103.26086956521739
17237,9,0.027777777777777776,202.88888888888889
17238,31,0.008602150537634409,70.25806451612904
17239,3,0.0,81.66666666666667
17240,28,0.007936507936507936,95.71428571428571
17241,51,0.006274509803921568,92.66666666666667
17242,10,0.0,65.6
17243,25,0.016666666666666666,79.52
17244,31,0.004301075268817204,74.2258064516129
17245,0,0.0,0.0
17246,14,0.01098901098901099,150.85714285714286
17247,3,0.0,58.666666666666664
17248,20,0.03684210526315789,146.35
17249,5,0.0,17.6
17250,29,0.014778325123152709,113.0
17251,19,0.03508771929824561,249.10526315789474
17252,23,0.003952569169960474,65.8695652173913
17253,7,0.0,120.42857142857143
17254,15,0.009523809523809525,72.2
17255,39,0.012145748987854251,105.58974358974359
17256,2,0.0,66.0
17257,103,0.012183514182371978,99.59223300970874
17258,4,0.0,39.5
17259,1,0.0,174.0
17260,3,0.0,77.0
17261,7,0.0,55.0
17262,12,0.030303030303030304,95.66666666666667
17263,3,0.0,101.66666666666667
17264,17,0.022058823529411766,108.41176470588235
17265,6,0.0,170.83333333333334
17266,39,0.005398110661268556,105.61538461538461
17267,11,0.01818181818181818,50.54545454545455
17268,28,0.018518518518518517,111.60714285714286
17269,24,0.010869565217391304,69.75
17270,6,0.0,49.166666666666664
17271,10,0.0,63.4
17272,56,0.006493506493506494,75.58928571428571
17273,41,0.03414634146341464,139.4878048780488
17274,0,0.0,0.0
17275,66,0.010722610722610723,89.96969696969697
17276,49,0.011054421768707483,96.24489795918367
17277,18,0.006535947712418301,71.61111111111111
17278,2,0.0,16.5
17279,48,0.008865248226950355,99.5625
17280,3,0.0,84.0
17281,525,0.012002908033442384,95.12571428571428
17282,55,0.018855218855218854,122.47272727272727
17283,2,0.0,89.0
17284,6,0.0,91.33333333333333
17285,15,0.01904761904761905,136.0
17286,11,0.0,80.45454545454545
17287,19,0.005847953216374269,98.47368421052632
17288,8,0.0,51.75
17289,2,0.0,55.0
17290,6,0.0,51.666666666666664
17291,13,0.0,66.46153846153847
17292,1,0.0,9.0
17293,18,0.0196078431372549,150.0
17294,6,0.0,144.0
17295,78,0.01098901098901099,93.8076923076923
17296,9,0.027777777777777776,81.11111111111111
17297,4,0.0,137.25
17298,1,0.0,470.0
17299,6,0.0,103.0
17300,4,0.0,30.25
17301,34,0.008912655971479501,87.29411764705883
17302,35,0.013445378151260505,126.22857142857143
17303,28,0.015873015873015872,115.89285714285714
17304,106,0.014914645103324348,107.39622641509433
17305,25,0.016666666666666666,123.56
17306,33,0.007575757575757576,86.54545454545455
17307,17,0.007352941176470588,106.3529411764706
17308,82,0.02077687443541102,121.04878048780488
17309,16,0.0,56.1875
17310,22,0.012987012987012988,114.0
17311,103,0.016371597182562345,104.27184466019418
17312,98,0.006732589943193772,69.94897959183673
17313,44,0.010570824524312896,83.5
17314,11,0.0,60.63636363636363
17315,131,0.017733411626541396,112.40458015267176
17316,1,0.0,110.0
17317,6,0.0,101.5
17318,3,0.0,72.66666666666667
17319,15,0.009523809523809525,108.93333333333334
17320,0,0.0,0.0
17321,25,0.0033333333333333335,83.28
17322,0,0.0,0.0
17323,6,0.0,120.66666666666667
17324,34,0.016042780748663103,117.94117647058823
17325,161,0.015062111801242235,110.88819875776397
17326,2,0.0,37.0
17327,18,0.0,67.33333333333333
17328,4,0.0,20.5
17329,9,0.027777777777777776,117.11111111111111
17330,31,0.017204301075268817,137.67741935483872
17331,35,0.011764705882352941,83.91428571428571
17332,13,0.02564102564102564,68.6923076923077
17333,1,0.0,346.0
17334,2,0.0,98.0
17335,4,0.0,91.0
17336,7,0.0,104.14285714285714
17337,16,0.0,81.5
17338,10,0.06666666666666667,108.2
17339,45,0.01717171717171717,90.57777777777778
17340,23,0.003952569169960474,94.65217391304348
17341,10,0.0,87.1
17342,10,0.022222222222222223,57.1
17343,90,0.01647940074906367,107.0111111111111
17344,20,0.005263157894736842,82.05
17345,28,0.010582010582010581,121.82142857142857
17346,19,0.023391812865497075,114.94736842105263
17347,60,0.024293785310734464,141.9
17348,19,0.023391812865497075,108.3157894736842
17349,30,0.009195402298850575,69.56666666666666
17350,113,0.016592920353982302,112.89380530973452
17351,94,0.016472203157172273,98.36170212765957
17352,20,0.010526315789473684,137.5
17353,0,0.0,0.0
17354,0,0.0,0.0
17355,74,0.009996297667530544,85.04054054054055
17356,17,0.029411764705882353,89.58823529411765
17357,3,0.0,47.333333333333336
17358,1,0.0,47.0
17359,2,0.0,80.0
17360,4,0.0,122.75
17361,34,0.0142602495543672,96.58823529411765
17362,23,0.007905138339920948,147.34782608695653
17363,8,0.0,50.75
17364,1,0.0,43.0
17365,26,0.003076923076923077,77.92307692307692
17366,15,0.009523809523809525,77.8
17367,14,0.02197802197802198,108.28571428571429
17368,15,0.0380952380952381,135.93333333333334
17369,12,0.015151515151515152,105.58333333333333
17370,5,0.0,48.6
17371,8,0.03571428571428571,84.125
17372,0,0.0,0.0
17373,8,0.0,98.25
17374,1,0.0,83.0
17375,4,0.0,30.25
17376,2,0.0,51.5
17377,9,0.0,135.44444444444446
17378,2,0.0,177.5
17379,50,0.009795918367346938,102.88
17380,27,0.005698005698005698,118.85185185185185
17381,7,0.0,56.0
17382,23,0.011857707509881422,99.1304347826087
17383,47,0.025901942645698426,134.74468085106383
17384,19,0.017543859649122806,64.36842105263158
17385,4,0.0,238.25
17386,6,0.0,16.666666666666668
17387,5,0.1,169.4
17388,46,0.021256038647342997,126.65217391304348
17389,162,0.012575722720650257,98.80864197530865
17390,13,0.0,121.0
17391,13,0.01282051282051282,52.30769230769231
17392,56,0.014935064935064935,88.44642857142857
17393,35,0.011764705882352941,99.91428571428571
17394,1,0.0,13.0
17395,2,0.0,146.5
17396,38,0.011379800853485065,96.10526315789474
17397,9,0.0,79.11111111111111
17398,3,0.0,71.66666666666667
17399,1,0.0,22.0
17400,10,0.022222222222222223,167.3
17401,0,0.0,0.0
17402,3,0.0,34.333333333333336
17403,40,0.007692307692307693,96.775
17404,1,0.0,207.0
17405,14,0.0,77.07142857142857
17406,292,0.009767923551287482,86.33219178082192
17407,50,0.010612244897959184,97.24
17408,41,0.013414634146341463,84.36585365853658
17409,22,0.008658008658008658,133.1818181818182
17410,5,0.0,76.2
17411,47,0.022201665124884366,131.19148936170214
17412,7,0.0,69.0
17413,71,0.02374245472837022,115.80281690140845
17414,2,0.0,92.5
17415,27,0.011396011396011397,135.07407407407408
17416,59,0.013442431326709527,107.45762711864407
17417,7,0.0,65.28571428571429
17418,112,0.009491634491634492,90.22321428571429
17419,3,0.0,129.33333333333334
17420,22,0.025974025974025976,114.13636363636364
17421,24,0.018115942028985508,140.66666666666666
17422,3,0.0,70.0
17423,54,0.004891684136967156,67.25925925925925
17424,40,0.01282051282051282,95.55
17425,5,0.0,66.4
17426,14,0.0,60.285714285714285
17427,61,0.008743169398907104,81.57377049180327
17428,24,0.007246376811594203,109.70833333333333
17429,2,0.0,115.5
17430,7,0.0,106.57142857142857
17431,3,0.0,93.66666666666667
17432,27,0.002849002849002849,55.55555555555556
17433,1,0.0,12.0
17434,33,0.015151515151515152,103.39393939393939
17435,0,0.0,0.0
17436,83,0.014692918013517485,114.56626506024097
17437,28,0.013227513227513227,84.53571428571429
17438,36,0.009523809523809525,82.38888888888889
17439,6,0.0,72.83333333333333
17440,45,0.02727272727272727,117.77777777777777
17441,24,0.018115942028985508,134.5
17442,12,0.015151515151515152,158.16666666666666
17443,2,0.0,113.0
17444,29,0.029556650246305417,143.48275862068965
17445,35,0.008403361344537815,79.8
17446,138,0.016396911033534328,109.6231884057971
17447,3,0.0,80.0
17448,22,0.004329004329004329,67.0
17449,3,0.0,71.66666666666667
17450,83,0.014692918013517485,98.83132530120481
17451,2,0.0,117.0
17452,3,0.0,35.666666666666664
17453,1,0.0,96.0
17454,5,0.0,84.8
17455,15,0.009523809523809525,92.13333333333334
17456,30,0.020689655172413793,101.4
17457,38,0.01991465149359886,101.28947368421052
17458,39,0.010796221322537112,91.66666666666667
17459,66,0.011655011655011656,94.22727272727273
17460,61,0.01639344262295082,103.55737704918033
17461,20,0.010526315789473684,94.5
17462,52,0.01809954751131222,125.01923076923077
17463,125,0.014838709677419355,103.848
17464,0,0.0,0.0
17465,68,0.015803336259877086,113.30882352941177
17466,44,0.005285412262156448,71.97727272727273
17467,21,0.009523809523809525,85.95238095238095
17468,27,0.002849002849002849,77.88888888888889
17469,11,0.0,72.81818181818181
17470,27,0.019943019943019943,133.59259259259258
17471,14,0.01098901098901099,117.64285714285714
17472,46,0.021256038647342997,110.47826086956522
17473,5,0.0,87.8
17474,25,0.016666666666666666,65.28
17475,22,0.017316017316017316,166.22727272727272
17476,39,0.008097165991902834,117.05128205128206
17477,25,0.023333333333333334,147.68
17478,13,0.0,154.84615384615384
17479,0,0.0,0.0
17480,5,0.0,61.8
17481,44,0.006342494714587738,70.5
17482,7,0.0,50.285714285714285
17483,38,0.011379800853485065,89.65789473684211
17484,16,0.0,70.625
17485,8,0.03571428571428571,101.125
17486,30,0.006896551724137931,88.66666666666667
17487,21,0.04285714285714286,155.23809523809524
17488,53,0.011611030478955007,100.24528301886792
17489,1,0.0,103.0
17490,23,0.0,104.26086956521739
17491,0,0.0,0.0
17492,112,0.011583011583011582,98.26785714285714
17493,5,0.0,24.4
17494,0,0.0,0.0
17495,30,0.011494252873563218,110.63333333333334
17496,3,0.0,38.666666666666664
17497,2,0.0,22.5
17498,11,0.0,57.0
17499,5,0.1,68.2
17500,124,0.014424337791765015,103.14516129032258
17501,4,0.0,76.25
17502,1,0.0,13.0
17503,87,0.016305800588078054,124.83908045977012
17504,9,0.05555555555555555,125.22222222222223
17505,11,0.0,43.63636363636363
17506,23,0.007905138339920948,88.82608695652173
17507,19,0.005847953216374269,82.63157894736842
17508,35,0.02857142857142857,138.94285714285715
17509,9,0.0,59.0
17510,11,0.01818181818181818,94.0909090909091
17511,0,0.0,0.0
17512,15,0.0,74.0
17513,16,0.025,141.8125
17514,7,0.0,100.42857142857143
17515,30,0.009195402298850575,77.1
17516,19,0.0,80.05263157894737
17517,11,0.0,80.9090909090909
17518,9,0.0,59.77777777777778
17519,49,0.008503401360544218,99.77551020408163
17520,24,0.0036231884057971015,57.458333333333336
17521,40,0.01282051282051282,116.975
17522,42,0.011614401858304297,73.4047619047619
17523,31,0.008602150537634409,104.74193548387096
17524,143,0.01428149315473259,98.83916083916084
17525,30,0.009195402298850575,72.1
17526,34,0.0035650623885918,85.32352941176471
17527,22,0.004329004329004329,39.63636363636363
17528,0,0.0,0.0
17529,103,0.011231677136874167,95.6116504854369
17530,29,0.012315270935960592,75.10344827586206
17531,2,0.0,77.0
17532,11,0.0,90.63636363636364
17533,15,0.009523809523809525,78.8
17534,25,0.013333333333333334,147.32
17535,33,0.017045454545454544,103.96969696969697
17536,3,0.0,79.0
17537,1,0.0,671.0
17538,7,0.0,100.57142857142857
17539,30,0.029885057471264367,126.43333333333334
17540,11,0.0,107.18181818181819
17541,99,0.013193156050298907,101.32323232323232
17542,46,0.014492753623188406,99.69565217391305
17543,25,0.016666666666666666,66.08
17544,105,0.014102564102564103,112.16190476190476
17545,71,0.010865191146881288,111.01408450704226
17546,5,0.0,56.2
17547,157,0.010044096031357178,95.23566878980891
17548,29,0.009852216748768473,83.41379310344827
17549,5,0.0,30.6
17550,0,0.0,0.0
17551,4,0.0,151.75
17552,17,0.007352941176470588,70.0
17553,3,0.0,9.333333333333334
17554,6,0.0,41.333333333333336
17555,36,0.014285714285714285,95.5
17556,17,0.007352941176470588,66.3529411764706
17557,12,0.0,75.33333333333333
17558,7,0.0,119.42857142857143
17559,42,0.025551684088269456,125.85714285714286
17560,8,0.03571428571428571,65.625
17561,18,0.013071895424836602,158.61111111111111
17562,4,0.0,178.5
17563,18,0.013071895424836602,113.44444444444444
17564,4,0.0,80.75
17565,12,0.015151515151515152,79.08333333333333
17566,5,0.0,58.0
17567,33,0.00946969696969697,95.78787878787878
17568,4,0.0,59.75
17569,2,0.0,26.5
17570,29,0.017241379310344827,77.96551724137932
17571,68,0.013608428446005268,105.23529411764706
17572,17,0.014705882352941176,137.58823529411765
17573,8,0.03571428571428571,65.125
17574,22,0.012987012987012988,106.5909090909091
17575,121,0.02300275482093664,132.05785123966942
17576,1,0.0,71.0
17577,29,0.0024630541871921183,71.96551724137932
17578,39,0.012145748987854251,122.48717948717949
17579,17,0.022058823529411766,76.94117647058823
17580,24,0.06521739130434782,231.16666666666666
17581,32,0.016129032258064516,126.875
17582,13,0.01282051282051282,148.3846153846154
17583,3,0.3333333333333333,21.0
17584,295,0.01319036089011876,104.52203389830508
17585,55,0.00808080808080808,81.49090909090908
17586,44,0.013742071881606765,111.25
17587,6,0.06666666666666667,241.66666666666666
17588,9,0.0,45.55555555555556
17589,36,0.01904761904761905,114.30555555555556
17590,20,0.005263157894736842,95.6
17591,8,0.0,86.75
17592,4,0.0,33.25
17593,10,0.0,33.1
17594,1,0.0,73.0
17595,12,0.0,75.33333333333333
17596,3,0.0,64.66666666666667
17597,4,0.0,68.0
17598,31,0.010752688172043012,105.25806451612904
17599,1,0.0,101.0
17600,16,0.016666666666666666,121.8125
17601,98,0.01788344203660846,118.63265306122449
17602,139,0.0169950995725159,107.55395683453237
17603,9,0.0,59.0
17604,26,0.012307692307692308,58.88461538461539
17605,3,0.0,24.0
17606,12,0.0,51.166666666666664
17607,37,0.009009009009009009,83.89189189189189
17608,15,0.01904761904761905,114.53333333333333
17609,19,0.005847953216374269,79.21052631578948
17610,1,0.0,10.0
17611,100,0.00787878787878788,89.36
17612,114,0.009470579102623815,91.21929824561404
17613,59,0.008766803039158387,94.01694915254237
17614,39,0.022941970310391364,135.7948717948718
17615,57,0.015664160401002505,119.35087719298245
17616,4,0.0,85.25
17617,45,0.015151515151515152,114.53333333333333
17618,42,0.012775842044134728,76.0
17619,45,0.015151515151515152,116.35555555555555
17620,180,0.013656114214773432,106.27777777777777
17621,0,0.0,0.0
17622,1,0.0,354.0
17623,4,0.16666666666666666,89.0
17624,82,0.005118940078289671,67.6829268292683
17625,0,0.0,0.0
17626,13,0.0,38.23076923076923
17627,62,0.01956636700158646,138.67741935483872
17628,98,0.011782032400589101,98.63265306122449
17629,2,0.0,66.5
17630,32,0.008064516129032258,111.5625
17631,34,0.0106951871657754,102.52941176470588
17632,43,0.014396456256921373,110.0
17633,31,0.010752688172043012,86.96774193548387
17634,5,0.0,50.2
17635,6,0.06666666666666667,125.16666666666667
17636,5,0.0,62.8
17637,11,0.01818181818181818,67.72727272727273
17638,29,0.0049261083743842365,67.3103448275862
17639,3,0.0,51.0
17640,51,0.02431372549019608,122.72549019607843
17641,3,0.0,134.66666666666666
17642,4,0.0,140.0
17643,5,0.0,56.2
17644,3,0.0,66.0
17645,58,0.011494252873563218,92.25862068965517
17646,39,0.012145748987854251,98.76923076923077
17647,5,0.1,59.0
17648,3,0.0,61.0
17649,19,0.0,55.473684210526315
17650,12,0.0,49.083333333333336
17651,112,0.012387387387387387,94.33928571428571
17652,9,0.0,44.55555555555556
17653,24,0.007246376811594203,125.16666666666667
17654,13,0.01282051282051282,39.46153846153846
17655,92,0.01385570950788342,109.23913043478261
17656,58,0.028433151845130067,143.44827586206895
17657,267,0.014418067641012644,103.76029962546816
17658,23,0.003952569169960474,61.130434782608695
17659,3,0.0,105.0
17660,20,0.021052631578947368,111.95
17661,10,0.0,122.8
17662,63,0.023553507424475168,122.85714285714286
17663,13,0.0,127.07692307692308
17664,4,0.0,63.75
17665,18,0.0,84.16666666666667
17666,5,0.0,130.2
17667,24,0.0036231884057971015,110.20833333333333
17668,44,0.016913319238900635,98.27272727272727
17669,90,0.011735330836454432,89.6
17670,3,0.3333333333333333,311.3333333333333
17671,128,0.012549212598425197,93.296875
17672,8,0.0,176.75
17673,60,0.013559322033898305,103.51666666666667
17674,0,0.0,0.0
17675,80,0.00949367088607595,84.65
17676,29,0.0024630541871921183,87.82758620689656
17677,29,0.0024630541871921183,82.48275862068965
17678,27,0.008547008547008548,89.81481481481481
17679,21,0.01904761904761905,135.14285714285714
17680,112,0.013674388674388674,99.58035714285714
17681,30,0.006896551724137931,77.1
17682,22,0.017316017316017316,73.0
17683,9,0.0,207.55555555555554
17684,72,0.008215962441314555,82.88888888888889
17685,7,0.0,47.0
17686,58,0.009679370840895343,78.01724137931035
17687,13,0.0,72.07692307692308
17688,2,0.0,117.5
17689,10,0.06666666666666667,196.6
17690,56,0.008441558441558441,83.69642857142857
17691,6,0.0,36.666666666666664
17692,4,0.0,52.25
17693,0,0.0,0.0
17694,4,0.0,114.25
17695,0,0.0,0.0
17696,11,0.0,83.27272727272727
17697,10,0.0,126.7
17698,11,0.03636363636363636,168.1818181818182
17699,5,0.0,47.0
17700,9,0.0,167.77777777777777
17701,41,0.004878048780487805,77.0
17702,5,0.0,21.6
17703,64,0.022321428571428572,115.640625
17704,4,0.0,241.75
17705,11,0.01818181818181818,166.27272727272728
17706,3,0.0,65.0
17707,1,0.0,28.0
17708,4,0.0,61.25
17709,46,0.015458937198067632,98.8695652173913
17710,37,0.01951951951951952,123.67567567567568
17711,40,0.01282051282051282,111.2
17712,46,0.01352657004830918,126.91304347826087
17713,340,0.014905431199028284,108.83529411764705
17714,30,0.013793103448275862,106.63333333333334
17715,11,0.01818181818181818,63.90909090909091
17716,184,0.011404133998574484,94.55978260869566
17717,6,0.0,69.83333333333333
17718,9,0.05555555555555555,101.88888888888889
17719,12,0.0,57.833333333333336
17720,17,0.022058823529411766,81.41176470588235
17721,59,0.0058445353594389245,86.91525423728814
17722,9,0.0,138.11111111111111
17723,3,0.0,28.333333333333332
17724,11,0.0,55.0
17725,90,0.018476903870162296,116.82222222222222
17726,39,0.016194331983805668,127.38461538461539
17727,60,0.00903954802259887,75.5
17728,14,0.0,52.0
17729,1,0.0,332.0
17730,23,0.007905138339920948,96.0
17731,44,0.0200845665961945,121.27272727272727
17732,26,0.021538461538461538,80.73076923076923
17733,75,0.014774774774774775,126.36
17734,7,0.047619047619047616,162.85714285714286
17735,127,0.018872640919885015,117.35433070866142
17736,3,0.0,59.333333333333336
17737,10,0.0,65.8
17738,3,0.0,83.66666666666667
17739,4,0.16666666666666666,514.25
17740,52,0.013574660633484163,104.5
17741,3,0.0,164.66666666666666
17742,20,0.010526315789473684,108.9
17743,33,0.01893939393939394,121.60606060606061
17744,2,0.0,58.0
17745,21,0.009523809523809525,114.61904761904762
17746,2,0.0,76.5
17747,21,0.01904761904761905,117.76190476190476
17748,53,0.007982583454281567,78.45283018867924
17749,3,0.0,102.66666666666667
17750,1,0.0,363.0
17751,1,0.0,86.0
17752,0,0.0,0.0
17753,31,0.01935483870967742,120.54838709677419
17754,35,0.013445378151260505,81.4
17755,56,0.013636363636363636,83.32142857142857
17756,16,0.03333333333333333,99.125
17757,27,0.014245014245014245,104.48148148148148
17758,0,0.0,0.0
17759,8,0.0,69.0
17760,118,0.015065913370998116,114.8135593220339
17761,38,0.01849217638691323,111.26315789473684
17762,13,0.0,81.84615384615384
17763,5,0.1,130.4
17764,15,0.009523809523809525,136.0
17765,16,0.008333333333333333,92.125
17766,55,0.016835016835016835,111.23636363636363
17767,8,0.0,122.75
17768,6,0.0,80.0
17769,54,0.01607267645003494,105.62962962962963
17770,0,0.0,0.0
17771,16,0.008333333333333333,110.375
17772,0,0.0,0.0
17773,8,0.03571428571428571,136.375
17774,19,0.011695906432748537,96.78947368421052
17775,16,0.008333333333333333,71.0625
17776,218,0.013571217181752844,101.66055045871559
17777,16,0.008333333333333333,50.9375
17778,47,0.013876040703052728,91.51063829787235
17779,7,0.0,126.57142857142857
17780,18,0.0,62.333333333333336
17781,18,0.006535947712418301,85.0
17782,17,0.007352941176470588,113.29411764705883
17783,79,0.01103537812398572,89.89873417721519
17784,31,0.008602150537634409,68.80645161290323
17785,5,0.0,167.6
17786,14,0.0,105.35714285714286
17787,63,0.01945724526369688,123.26984126984127
17788,3,0.0,108.0
17789,66,0.021445221445221447,130.36363636363637
17790,1,0.0,46.0
17791,1,0.0,25.0
17792,29,0.009852216748768473,70.72413793103448
17793,79,0.012982797792924375,107.88607594936708
17794,46,0.01352657004830918,93.84782608695652
17795,0,0.0,0.0
17796,1,0.0,68.0
17797,6,0.0,72.5
17798,29,0.014778325123152709,99.06896551724138
17799,12,0.0,81.0
17800,2,0.0,195.0
17801,10,0.0,43.8
17802,13,0.02564102564102564,102.23076923076923
17803,54,0.016771488469601678,123.27777777777777
17804,14,0.01098901098901099,111.64285714285714
17805,9,0.027777777777777776,59.0
17806,9,0.0,84.33333333333333
17807,5,0.0,169.2
17808,12,0.015151515151515152,108.58333333333333
17809,38,0.011379800853485065,104.94736842105263
17810,4,0.0,52.25
17811,17,0.007352941176470588,89.05882352941177
17812,6,0.0,69.33333333333333
17813,40,0.007692307692307693,73.7
17814,5,0.0,43.2
17815,47,0.004625346901017576,82.06382978723404
17816,36,0.004761904761904762,96.16666666666667
17817,17,0.022058823529411766,111.3529411764706
17818,0,0.0,0.0
17819,43,0.015503875968992248,109.34883720930233
17820,58,0.02117362371445856,130.4655172413793
17821,17,0.007352941176470588,77.29411764705883
17822,2,0.0,165.0
17823,40,0.011538461538461539,101.1
17824,7,0.047619047619047616,100.85714285714286
17825,5,0.0,122.8
17826,2,0.0,76.0
17827,3,0.0,34.333333333333336
17828,4,0.0,173.0
17829,29,0.022167487684729065,100.3103448275862
17830,1,0.0,100.0
17831,218,0.02050479854563903,119.51834862385321
17832,4,0.0,73.75
17833,38,0.005689900426742532,65.34210526315789
17834,16,0.0,78.375
17835,22,0.017316017316017316,141.0
17836,1,0.0,85.0
17837,20,0.010526315789473684,82.8
17838,8,0.0,107.5
17839,3,0.0,34.666666666666664
17840,3,0.0,86.66666666666667
17841,2,0.0,3.5
17842,60,0.007344632768361582,105.23333333333333
17843,14,0.03296703296703297,98.64285714285714
17844,6,0.06666666666666667,103.33333333333333
17845,4,0.0,96.5
17846,3,0.0,43.666666666666664
17847,19,0.017543859649122806,73.15789473684211
17848,4,0.0,82.25
17849,10,0.0,58.8
17850,16,0.008333333333333333,102.4375
17851,3,0.3333333333333333,534.3333333333334
17852,14,0.02197802197802198,163.64285714285714
17853,0,0.0,0.0
17854,1,0.0,89.0
17855,21,0.0,69.42857142857143
17856,36,0.011111111111111112,64.02777777777777
17857,7,0.047619047619047616,100.85714285714286
17858,17,0.0,63.8235294117647
17859,4,0.0,55.75
17860,7,0.0,72.14285714285714
17861,18,0.026143790849673203,147.05555555555554
17862,17,0.051470588235294115,111.41176470588235
17863,16,0.0,67.75
17864,4,0.0,120.75
17865,20,0.005263157894736842,78.65
17866,17,0.029411764705882353,145.8235294117647
17867,43,0.015503875968992248,100.34883720930233
17868,7,0.0,70.28571428571429
17869,4,0.0,120.75
17870,16,0.0,61.625
17871,6,0.0,23.166666666666668
17872,25,0.01,115.24
17873,10,0.0,116.1
17874,204,0.010383463730319713,92.86764705882354
17875,28,0.015873015873015872,131.28571428571428
17876,6,0.0,74.66666666666667
17877,38,0.00995732574679943,95.6842105263158
17878,45,0.00909090909090909,87.33333333333333
17879,19,0.0,77.47368421052632
17880,24,0.014492753623188406,90.83333333333333
17881,32,0.008064516129032258,96.4375
17882,57,0.0043859649122807015,71.21052631578948
17883,24,0.014492753623188406,75.54166666666667
17884,22,0.004329004329004329,79.13636363636364
17885,0,0.0,0.0
17886,251,0.020462151394422312,127.30677290836654
17887,10,0.022222222222222223,88.7
17888,26,0.012307692307692308,91.11538461538461
17889,32,0.018145161290322582,108.75
17890,5,0.0,95.4
17891,16,0.008333333333333333,88.6875
17892,8,0.0,55.875
17893,11,0.0,55.54545454545455
17894,31,0.0064516129032258064,64.41935483870968
17895,38,0.00995732574679943,90.0
17896,26,0.021538461538461538,114.92307692307692
17897,10,0.0,114.1
17898,54,0.019566736547868623,115.9074074074074
17899,35,0.023529411764705882,154.4
17900,17,0.0,93.58823529411765
17901,8,0.0,88.25
17902,72,0.011737089201877934,89.38888888888889
17903,259,0.012391128670198438,93.27413127413128
17904,5,0.0,76.8
17905,51,0.01019607843137255,102.01960784313725
17906,103,0.013706453455168474,101.67961165048544
17907,40,0.014102564102564103,109.65
17908,4,0.0,90.0
17909,37,0.013513513513513514,122.45945945945945
17910,23,0.007905138339920948,66.6086956521739
17911,57,0.010651629072681704,93.70175438596492
17912,32,0.012096774193548387,66.65625
17913,2,0.0,61.0
17914,7,0.0,111.42857142857143
17915,129,0.013444767441860465,100.59689922480621
17916,3,0.0,199.66666666666666
17917,4,0.0,199.0
17918,25,0.006666666666666667,84.88
17919,8,0.0,88.0
17920,171,0.014723082215342277,94.94736842105263
17921,6,0.0,111.5
17922,1,0.0,27.0
17923,1,0.0,89.0
17924,23,0.03557312252964427,153.7391304347826
17925,3,0.0,36.0
17926,13,0.02564102564102564,93.3076923076923
17927,2,0.0,40.0
17928,25,0.01,73.64
17929,13,0.0,92.6923076923077
17930,12,0.0,71.08333333333333
17931,2,0.0,44.0
17932,43,0.013289036544850499,125.02325581395348
17933,2,0.0,117.0
17934,71,0.010462776659959759,90.05633802816901
17935,1,0.0,182.0
17936,1,0.0,100.0
17937,5,0.0,87.0
17938,42,0.017421602787456445,113.64285714285714
17939,1,0.0,197.0
17940,188,0.012003640914779838,96.79255319148936
17941,4,0.0,89.25
17942,4,0.0,62.0
17943,12,0.030303030303030304,71.5
17944,55,0.017508417508417508,122.52727272727273
17945,2,0.0,28.0
17946,31,0.023655913978494623,107.45161290322581
17947,18,0.006535947712418301,79.05555555555556
17948,0,0.0,0.0
17949,8,0.07142857142857142,131.25
17950,201,0.017761194029850748,110.03980099502488
17951,90,0.018976279650436953,103.44444444444444
17952,1,0.0,31.0
17953,3,0.0,114.33333333333333
17954,4,0.16666666666666666,90.5
17955,3,0.3333333333333333,363.3333333333333
17956,24,0.010869565217391304,88.70833333333333
17957,7,0.0,170.57142857142858
17958,13,0.01282051282051282,75.61538461538461
17959,6,0.0,140.0
17960,48,0.0062056737588652485,56.625
17961,23,0.007905138339920948,75.8695652173913
17962,16,0.016666666666666666,116.9375
17963,60,0.00847457627118644,79.38333333333334
17964,65,0.01875,106.16923076923077
17965,108,0.01973001038421599,106.43518518518519
17966,85,0.012605042016806723,95.48235294117647
17967,12,0.0,40.916666666666664
17968,24,0.0036231884057971015,72.58333333333333
17969,47,0.02497687326549491,108.57446808510639
17970,13,0.038461538461538464,124.23076923076923
17971,5,0.0,57.4
17972,39,0.010796221322537112,91.02564102564102
17973,2,0.0,48.0
17974,15,0.009523809523809525,105.33333333333333
17975,1,0.0,389.0
17976,22,0.025974025974025976,96.9090909090909
17977,11,0.03636363636363636,218.0
17978,38,0.005689900426742532,62.6578947368421
17979,28,0.0026455026455026454,65.46428571428571
17980,67,0.009045680687471733,78.34328358208955
17981,110,0.00950792326939116,79.67272727272727
17982,4,0.0,109.5
17983,15,0.009523809523809525,77.0
17984,119,0.010967098703888335,90.96638655462185
17985,9,0.0,113.44444444444444
17986,65,0.009134615384615385,99.92307692307692
17987,0,0.0,0.0
17988,31,0.004301075268817204,102.80645161290323
17989,7,0.0,91.14285714285714
17990,86,0.007387140902872777,94.82558139534883
17991,12,0.030303030303030304,151.58333333333334
17992,26,0.006153846153846154,57.73076923076923
17993,11,0.03636363636363636,96.81818181818181
17994,8,0.0,80.75
17995,11,0.01818181818181818,129.54545454545453
17996,10,0.0,71.9
17997,13,0.01282051282051282,100.6923076923077
17998,3,0.0,37.666666666666664
17999,38,0.011379800853485065,100.97368421052632
18000,255,0.010436930677782924,89.70588235294117
18001,33,0.017045454545454544,125.42424242424242
18002,2,0.0,52.0
18003,25,0.016666666666666666,85.36
18004,0,0.0,0.0
18005,0,0.0,0.0
18006,5,0.0,136.6
18007,2,0.0,25.5
18008,1,0.0,18.0
18009,7,0.0,102.28571428571429
18010,52,0.021870286576168928,113.75
18011,93,0.00584385226741468,76.64516129032258
18012,1,0.0,177.0
18013,70,0.015320910973084885,101.7
18014,27,0.008547008547008548,79.96296296296296
18015,3,0.0,78.0
18016,18,0.006535947712418301,66.22222222222223
18017,11,0.01818181818181818,93.54545454545455
18018,2,0.0,52.0
18019,15,0.009523809523809525,124.6
18020,165,0.012564671101256468,100.72727272727273
18021,5,0.0,71.0
18022,15,0.01904761904761905,64.93333333333334
18023,15,0.01904761904761905,72.8
18024,13,0.01282051282051282,126.76923076923077
18025,12,0.015151515151515152,80.58333333333333
18026,8,0.0,124.875
18027,0,0.0,0.0
18028,21,0.009523809523809525,67.33333333333333
18029,4,0.0,64.75
18030,30,0.02528735632183908,139.2
18031,10,0.022222222222222223,91.3
18032,38,0.007112375533428165,83.3157894736842
18033,18,0.006535947712418301,107.88888888888889
18034,8,0.0,93.5
18035,30,0.013793103448275862,138.5
18036,16,0.008333333333333333,87.875
18037,4,0.0,113.0
18038,126,0.01346031746031746,106.08730158730158
18039,14,0.0,77.21428571428571
18040,4,0.0,96.0
18041,12,0.015151515151515152,199.25
18042,2,0.0,30.5
18043,2,0.0,66.5
18044,13,0.02564102564102564,109.76923076923077
18045,31,0.017204301075268817,94.06451612903226
18046,15,0.0380952380952381,77.86666666666666
18047,0,0.0,0.0
18048,1,0.0,2.0
18049,42,0.017421602787456445,92.88095238095238
18050,10,0.0,105.8
18051,14,0.0,61.0
18052,1,0.0,38.0
18053,43,0.013289036544850499,103.09302325581395
18054,3,0.0,86.0
18055,4,0.0,48.75
18056,10,0.0,55.7
18057,18,0.013071895424836602,78.22222222222223
18058,46,0.021256038647342997,97.6304347826087
18059,63,0.010752688172043012,100.0
18060,63,0.011264720942140297,103.26984126984127
18061,15,0.009523809523809525,69.4
18062,72,0.015258215962441314,99.59722222222223
18063,33,0.01893939393939394,125.42424242424242
18064,15,0.0,97.0
18065,33,0.011363636363636364,113.0909090909091
18066,6,0.0,43.666666666666664
18067,18,0.0196078431372549,137.38888888888889
18068,11,0.01818181818181818,95.81818181818181
18069,28,0.010582010582010581,93.75
18070,43,0.017718715393133997,97.04651162790698
18071,11,0.01818181818181818,66.45454545454545
18072,9,0.0,118.88888888888889
18073,32,0.016129032258064516,136.5
18074,3,0.0,34.666666666666664
18075,6,0.0,56.833333333333336
18076,1,0.0,26.0
18077,1,0.0,39.0
18078,11,0.0,84.36363636363636
18079,7,0.0,102.57142857142857
18080,6,0.0,102.66666666666667
18081,27,0.002849002849002849,70.44444444444444
18082,23,0.019762845849802372,134.7391304347826
18083,2,0.0,17.0
18084,57,0.008771929824561403,92.7719298245614
18085,4,0.0,144.25
18086,11,0.0,99.45454545454545
18087,1,0.0,398.0
18088,44,0.012684989429175475,102.18181818181819
18089,109,0.018518518518518517,124.73394495412845
18090,20,0.021052631578947368,156.0
18091,463,0.013342309238637532,100.7170626349892
18092,16,0.03333333333333333,109.0625
18093,69,0.0068201193520886615,86.55072463768116
18094,5,0.0,89.2
18095,15,0.009523809523809525,118.0
18096,64,0.024305555555555556,147.109375
18097,6,0.0,39.666666666666664
18098,17,0.007352941176470588,96.70588235294117
18099,10,0.0,113.4
18100,56,0.02077922077922078,120.57142857142857
18101,43,0.008859357696566999,104.95348837209302
18102,5,0.0,45.0
18103,50,0.008979591836734694,67.72
18104,42,0.019744483159117306,105.14285714285714
18105,42,0.010452961672473868,86.0952380952381
18106,14,0.0,56.142857142857146
18107,3,0.0,265.6666666666667
18108,44,0.014799154334038054,115.93181818181819
18109,21,0.01904761904761905,112.19047619047619
18110,2,0.0,48.0
18111,0,0.0,0.0
18112,15,0.0,52.13333333333333
18113,2,0.0,41.5
18114,3,0.0,43.0
18115,30,0.0022988505747126436,79.3
18116,19,0.0,70.89473684210526
18117,16,0.0,65.0
18118,1,0.0,361.0
18119,21,0.0,63.57142857142857
18120,11,0.0,108.45454545454545
18121,74,0.01814142910033321,113.43243243243244
18122,3,0.0,34.0
18123,9,0.0,71.11111111111111
18124,14,0.02197802197802198,78.92857142857143
18125,4,0.0,107.75
18126,4,0.0,81.75
18127,1,0.0,23.0
18128,43,0.006644518272425249,77.55813953488372
18129,132,0.017696044413601664,120.51515151515152
18130,0,0.0,0.0
18131,11,0.01818181818181818,117.0
18132,3,0.0,117.33333333333333
18133,0,0.0,0.0
18134,10,0.022222222222222223,163.3
18135,9,0.05555555555555555,132.66666666666666
18136,8,0.0,55.25
18137,6,0.0,68.33333333333333
18138,1,0.0,145.0
18139,22,0.008658008658008658,80.04545454545455
18140,0,0.0,0.0
18141,28,0.026455026455026454,143.92857142857142
18142,2,0.0,17.5
18143,40,0.01282051282051282,104.5
18144,25,0.02,121.84
18145,1,0.0,23.0
18146,0,0.0,0.0
18147,82,0.010237880156579343,84.5609756097561
18148,16,0.008333333333333333,58.1875
18149,149,0.015871576274260838,118.3758389261745
18150,89,0.004851889683350358,77.07865168539325
18151,7,0.0,155.28571428571428
18152,5,0.0,63.6
18153,0,0.0,0.0
18154,15,0.009523809523809525,74.4
18155,38,0.01991465149359886,114.8157894736842
18156,68,0.006145741878841089,82.42647058823529
18157,2,0.0,78.5
18158,51,0.011764705882352941,86.15686274509804
18159,9,0.05555555555555555,230.88888888888889
18160,4,0.0,74.75
18161,4,0.0,151.0
18162,2,0.0,62.5
18163,11,0.03636363636363636,129.27272727272728
18164,5,0.0,185.8
18165,2,0.0,204.0
18166,19,0.029239766081871343,123.57894736842105
18167,16,0.016666666666666666,68.25
18168,10,0.044444444444444446,229.6
18169,20,0.0,90.75
18170,34,0.008912655971479501,88.02941176470588
18171,1,0.0,65.0
18172,5,0.0,292.4
18173,37,0.0045045045045045045,60.2972972972973
18174,20,0.02631578947368421,120.5
18175,6,0.0,57.166666666666664
18176,3,0.0,114.66666666666667
18177,1,0.0,13.0
18178,1,0.0,23.0
18179,1,0.0,8.0
18180,25,0.006666666666666667,72.16
18181,50,0.009795918367346938,77.94
18182,13,0.01282051282051282,95.76923076923077
18183,37,0.024024024024024024,141.2972972972973
18184,4,0.0,49.25
18185,0,0.0,0.0
18186,16,0.025,103.125
18187,12,0.0,94.25
18188,31,0.008602150537634409,59.12903225806452
18189,14,0.02197802197802198,92.35714285714286
18190,9,0.0,80.77777777777777
18191,5,0.0,79.4
18192,5,0.0,123.6
18193,49,0.017857142857142856,114.63265306122449
18194,22,0.017316017316017316,68.95454545454545
18195,2,0.0,33.5
18196,9,0.0,82.55555555555556
18197,92,0.012661251791686574,106.58695652173913
18198,6,0.0,38.833333333333336
18199,6,0.0,64.5
18200,112,0.012065637065637066,93.82142857142857
18201,26,0.003076923076923077,75.15384615384616
18202,26,0.009230769230769232,76.03846153846153
18203,0,0.0,0.0
18204,9,0.0,99.66666666666667
18205,16,0.016666666666666666,66.375
18206,0,0.0,0.0
18207,52,0.010558069381598794,69.23076923076923
18208,47,0.011100832562442183,106.2127659574468
18209,15,0.009523809523809525,138.2
18210,3,0.0,42.0
18211,6,0.0,49.666666666666664
18212,69,0.00639386189258312,80.94202898550725
18213,1,0.0,102.0
18214,7,0.0,190.0
18215,16,0.025,119.875
18216,12,0.0,90.75
18217,16,0.0,65.6875
18218,28,0.010582010582010581,79.53571428571429
18219,61,0.014754098360655738,100.85245901639344
18220,4,0.0,28.5
18221,68,0.02019315188762072,137.69117647058823
18222,30,0.013793103448275862,106.06666666666666
18223,1,0.0,49.0
18224,30,0.020689655172413793,126.6
18225,12,0.0,82.58333333333333
18226,16,0.016666666666666666,142.6875
18227,37,0.018018018018018018,119.0
18228,0,0.0,0.0
18229,104,0.011202389843166542,95.61538461538461
18230,3,0.0,83.33333333333333
18231,13,0.0,137.69230769230768
18232,82,0.009033423667570008,81.07317073170732
18233,9,0.027777777777777776,86.11111111111111
18234,14,0.0,62.0
18235,24,0.0036231884057971015,96.08333333333333
18236,9,0.0,79.22222222222223
18237,20,0.015789473684210527,125.25
18238,0,0.0,0.0
18239,10,0.0,80.9
18240,3,0.0,150.0
18241,39,0.009446693657219974,104.07692307692308
18242,2,0.0,129.5
18243,11,0.01818181818181818,78.72727272727273
18244,42,0.003484320557491289,78.71428571428571
18245,9,0.0,133.0
18246,6,0.0,104.5
18247,46,0.012560386473429951,111.0
18248,11,0.01818181818181818,163.0909090909091
18249,12,0.030303030303030304,86.91666666666667
18250,28,0.026455026455026454,116.46428571428571
18251,57,0.006265664160401002,79.56140350877193
18252,3,0.0,96.33333333333333
18253,19,0.023391812865497075,88.63157894736842
18254,2,0.0,126.0
18255,1,0.0,13.0
18256,28,0.021164021164021163,120.46428571428571
18257,19,0.005847953216374269,69.84210526315789
18258,69,0.007246376811594203,89.5072463768116
18259,5,0.1,134.6
18260,5,0.0,81.0
18261,78,0.00999000999000999,95.55128205128206
18262,27,0.014245014245014245,88.25925925925925
18263,143,0.015660395942086083,113.76223776223776
18264,10,0.0,81.0
18265,9,0.027777777777777776,60.666666666666664
18266,8,0.0,56.25
18267,8,0.0,67.75
18268,32,0.0020161290322580645,89.59375
18269,10,0.0,86.2
18270,5,0.0,35.6
18271,6,0.0,35.0
18272,36,0.009523809523809525,108.25
18273,83,0.007640317367029092,71.10843373493977
18274,105,0.013553113553113554,110.42857142857143
18275,66,0.012121212121212121,108.53030303030303
18276,23,0.007905138339920948,60.21739130434783
18277,13,0.01282051282051282,92.38461538461539
18278,6,0.0,60.833333333333336
18279,48,0.018617021276595744,113.125
18280,10,0.0,172.9
18281,37,0.0075075075075075074,84.35135135135135
18282,33,0.011363636363636364,85.3030303030303
18283,5,0.0,68.4
18284,9,0.0,81.55555555555556
18285,16,0.008333333333333333,71.875
18286,16,0.008333333333333333,104.9375
18287,178,0.010918555195835714,87.40449438202248
18288,28,0.013227513227513227,107.10714285714286
18289,10,0.0,43.0
18290,13,0.038461538461538464,145.15384615384616
18291,24,0.0,54.666666666666664
18292,13,0.0,68.6923076923077
18293,10,0.022222222222222223,197.0
18294,41,0.01097560975609756,107.4390243902439
18295,119,0.008830650904429568,89.05042016806723
18296,53,0.018142235123367198,96.83018867924528
18297,18,0.013071895424836602,62.111111111111114
18298,84,0.014056224899598393,101.98809523809524
18299,13,0.01282051282051282,155.53846153846155
18300,80,0.017721518987341773,126.9875
18301,3,0.0,61.666666666666664
18302,7,0.0,76.85714285714286
18303,38,0.00995732574679943,74.92105263157895
18304,3,0.0,19.666666666666668
18305,0,0.0,0.0
18306,68,0.01624231782265145,115.07352941176471
18307,34,0.0196078431372549,115.32352941176471
18308,9,0.0,58.666666666666664
18309,27,0.008547008547008548,94.25925925925925
18310,57,0.011904761904761904,105.96491228070175
18311,6,0.13333333333333333,190.33333333333334
18312,12,0.015151515151515152,131.58333333333334
18313,10,0.0,58.3
18314,8,0.03571428571428571,199.25
18315,200,0.015326633165829147,103.83
18316,3,0.0,47.666666666666664
18317,29,0.009852216748768473,72.41379310344827
18318,54,0.016771488469601678,105.85185185185185
18319,20,0.021052631578947368,65.4
18320,14,0.03296703296703297,84.07142857142857
18321,8,0.03571428571428571,91.875
18322,9,0.0,77.44444444444444
18323,140,0.01223021582733813,99.84285714285714
18324,4,0.0,87.5
18325,3,0.0,84.66666666666667
18326,20,0.031578947368421054,156.8
18327,5,0.0,127.0
18328,6,0.06666666666666667,155.5
18329,11,0.0,71.45454545454545
18330,57,0.009398496240601503,92.50877192982456
18331,57,0.006892230576441102,85.24561403508773
18332,39,0.018893387314439947,114.61538461538461
18333,45,0.01919191919191919,90.22222222222223
18334,10,0.0,110.2
18335,51,0.02666666666666667,146.0392156862745
18336,1,0.0,37.0
18337,8,0.0,60.625
18338,77,0.012303485987696514,98.03896103896103
18339,46,0.008695652173913044,81.8913043478261
18340,42,0.005807200929152149,100.97619047619048
18341,31,0.0,54.67741935483871
18342,56,0.03116883116883117,147.16071428571428
18343,16,0.025,155.9375
18344,14,0.01098901098901099,70.78571428571429
18345,36,0.009523809523809525,77.88888888888889
18346,63,0.01638504864311316,103.38095238095238
18347,4,0.0,266.0
18348,14,0.01098901098901099,82.14285714285714
18349,85,0.00784313725490196,79.72941176470589
18350,13,0.0,111.6923076923077
18351,10,0.0,107.7
18352,8,0.03571428571428571,149.75
18353,5,0.0,58.2
18354,1,0.0,129.0
18355,13,0.01282051282051282,98.61538461538461
18356,41,0.014634146341463415,107.51219512195122
18357,9,0.027777777777777776,79.55555555555556
18358,83,0.014105201292976785,101.56626506024097
18359,22,0.0,74.68181818181819
18360,11,0.0,54.27272727272727
18361,26,0.024615384615384615,104.57692307692308
18362,0,0.0,0.0
18363,8,0.0,95.75
18364,14,0.07692307692307693,183.42857142857142
18365,170,0.015871910894535327,112.07058823529412
18366,9,0.0,108.22222222222223
18367,68,0.007462686567164179,89.6029411764706
18368,15,0.009523809523809525,90.4
18369,72,0.025821596244131457,143.22222222222223
18370,21,0.009523809523809525,156.38095238095238
18371,51,0.018823529411764704,130.94117647058823
18372,38,0.002844950213371266,68.34210526315789
18373,48,0.005319148936170213,68.75
18374,13,0.01282051282051282,87.46153846153847
18375,129,0.02071220930232558,126.21705426356588
18376,6,0.0,123.83333333333333
18377,29,0.017241379310344827,98.96551724137932
18378,90,0.015480649188514358,124.63333333333334
18379,40,0.01282051282051282,122.05
18380,95,0.009630459126539754,77.11578947368422
18381,24,0.007246376811594203,97.91666666666667
18382,12,0.0,86.25
18383,8,0.0,131.25
18384,5,0.1,125.4
18385,3,0.0,268.3333333333333
18386,131,0.017850851438637697,118.4885496183206
18387,8,0.0,78.375
18388,2,0.0,62.0
18389,12,0.0,67.0
18390,46,0.015458937198067632,137.6304347826087
18391,11,0.0,96.18181818181819
18392,43,0.019933554817275746,105.6046511627907
18393,7,0.0,72.28571428571429
18394,36,0.004761904761904762,94.05555555555556
18395,41,0.00975609756097561,104.17073170731707
18396,1,0.0,119.0
18397,9,0.0,91.77777777777777
18398,34,0.0142602495543672,65.44117647058823
18399,4,0.0,49.25
18400,88,0.022988505747126436,139.6818181818182
18401,4,0.0,58.5
18402,67,0.011759384893713252,84.64179104477611
18403,13,0.0,68.6923076923077
18404,11,0.05454545454545454,110.81818181818181
18405,11,0.0,72.63636363636364
18406,2,0.0,54.0
18407,3,0.0,90.66666666666667
18408,4,0.0,139.75
18409,14,0.0,58.714285714285715
18410,10,0.022222222222222223,100.0
18411,8,0.03571428571428571,92.75
18412,14,0.0,60.857142857142854
18413,2,0.0,82.0
18414,10,0.0,81.0
18415,2,0.0,149.0
18416,1,0.0,75.0
18417,39,0.016194331983805668,114.94871794871794
18418,1,0.0,1328.0
18419,48,0.013297872340425532,80.5625
18420,30,0.013793103448275862,83.83333333333333
18421,59,0.026300409117475162,159.76271186440678
18422,74,0.017030729359496483,106.75675675675676
18423,18,0.0,85.44444444444444
18424,3,0.0,93.66666666666667
18425,6,0.0,121.5
18426,5,0.0,33.4
18427,37,0.009009009009009009,117.83783783783784
18428,22,0.03896103896103896,153.77272727272728
18429,65,0.035096153846153846,143.3230769230769
18430,71,0.012072434607645875,91.61971830985915
18431,13,0.0,86.0
18432,41,0.012195121951219513,91.07317073170732
18433,14,0.0,67.5
18434,5,0.1,112.2
18435,4,0.0,99.25
18436,41,0.01097560975609756,101.60975609756098
18437,92,0.015527950310559006,107.01086956521739
18438,8,0.0,57.375
18439,15,0.0,39.06666666666667
18440,6,0.0,69.83333333333333
18441,12,0.07575757575757576,253.5
18442,16,0.008333333333333333,93.1875
18443,36,0.022222222222222223,109.5
18444,79,0.0103862382343395,98.22784810126582
18445,10,0.022222222222222223,75.4
18446,3,0.0,40.333333333333336
18447,58,0.009679370840895343,85.60344827586206
18448,3,0.0,109.33333333333333
18449,14,0.01098901098901099,95.14285714285714
18450,2,0.0,145.0
18451,9,0.0,72.88888888888889
18452,3,0.0,30.333333333333332
18453,1,0.0,181.0
18454,28,0.010582010582010581,76.42857142857143
18455,0,0.0,0.0
18456,0,0.0,0.0
18457,12,0.0,87.16666666666667
18458,11,0.0,61.0
18459,44,0.007399577167019027,69.13636363636364
18460,92,0.012661251791686574,101.76086956521739
18461,36,0.012698412698412698,119.83333333333333
18462,8,0.0,184.25
18463,8,0.03571428571428571,86.375
18464,229,0.01317704742204857,97.4410480349345
18465,60,0.013559322033898305,86.51666666666667
18466,7,0.0,74.42857142857143
18467,46,0.01642512077294686,92.32608695652173
18468,2,0.0,279.0
18469,93,0.009350163627863487,83.68817204301075
18470,1,0.0,18.0
18471,26,0.0,60.65384615384615
18472,105,0.010073260073260074,91.36190476190477
18473,22,0.008658008658008658,150.86363636363637
18474,5,0.0,47.2
18475,27,0.014245014245014245,72.48148148148148
18476,8,0.0,60.375
18477,32,0.006048387096774193,62.59375
18478,36,0.02857142857142857,145.27777777777777
18479,6,0.0,58.166666666666664
18480,41,0.01951219512195122,124.90243902439025
18481,10,0.0,182.9
18482,7,0.0,53.142857142857146
18483,5,0.0,106.4
18484,13,0.01282051282051282,63.53846153846154
18485,43,0.023255813953488372,119.6046511627907
18486,44,0.011627906976744186,94.47727272727273
18487,19,0.0,89.78947368421052
18488,8,0.0,100.375
18489,1,0.0,169.0
18490,72,0.009389671361502348,91.52777777777777
18491,37,0.02702702702702703,142.86486486486487
18492,23,0.011857707509881422,93.52173913043478
18493,5,0.0,363.6
18494,83,0.00881575080811049,88.93975903614458
18495,20,0.015789473684210527,79.9
18496,37,0.025525525525525526,133.32432432432432
18497,75,0.009009009009009009,93.29333333333334
18498,2,0.0,38.5
18499,41,0.004878048780487805,77.97560975609755
18500,26,0.009230769230769232,87.46153846153847
18501,81,0.012654320987654321,106.4320987654321
18502,3,0.0,44.333333333333336
18503,116,0.012143928035982009,94.86206896551724
18504,19,0.005847953216374269,79.78947368421052
18505,16,0.008333333333333333,49.0625
18506,6,0.0,82.33333333333333
18507,16,0.0,58.4375
18508,54,0.013277428371767994,102.61111111111111
18509,3,0.0,73.0
18510,13,0.038461538461538464,152.53846153846155
18511,3,0.0,29.666666666666668
18512,5,0.0,13.6
18513,15,0.0,85.06666666666666
18514,31,0.021505376344086023,111.61290322580645
18515,35,0.0033613445378151263,75.8
18516,0,0.0,0.0
18517,45,0.01919191919191919,147.8
18518,43,0.01107419712070875,89.95348837209302
18519,6,0.0,76.0
18520,11,0.0,80.45454545454545
18521,6,0.0,81.16666666666667
18522,73,0.020167427701674276,119.97260273972603
18523,30,0.011494252873563218,130.46666666666667
18524,11,0.01818181818181818,45.63636363636363
18525,46,0.020289855072463767,117.26086956521739
18526,4,0.0,60.75
18527,15,0.01904761904761905,54.733333333333334
18528,13,0.02564102564102564,104.38461538461539
18529,4,0.0,97.75
18530,11,0.01818181818181818,46.36363636363637
18531,52,0.007541478129713424,88.59615384615384
18532,9,0.027777777777777776,144.55555555555554
18533,4,0.0,83.25
18534,12,0.0,55.916666666666664
18535,42,0.011614401858304297,92.4047619047619
18536,27,0.019943019943019943,100.18518518518519
18537,53,0.013788098693759071,105.05660377358491
18538,70,0.02732919254658385,155.0142857142857
18539,100,0.015151515151515152,95.33
18540,7,0.0,59.42857142857143
18541,18,0.006535947712418301,118.66666666666667
18542,6,0.06666666666666667,126.83333333333333
18543,4,0.0,172.5
18544,13,0.01282051282051282,124.61538461538461
18545,1,0.0,30.0
18546,34,0.0071301247771836,90.70588235294117
18547,76,0.017894736842105262,118.27631578947368
18548,29,0.012315270935960592,106.06896551724138
18549,31,0.012903225806451613,98.83870967741936
18550,10,0.0,72.1
18551,18,0.006535947712418301,135.55555555555554
18552,20,0.010526315789473684,98.8
18553,72,0.013302034428794992,98.80555555555556
18554,11,0.01818181818181818,102.63636363636364
18555,0,0.0,0.0
18556,28,0.007936507936507936,98.32142857142857
18557,53,0.01088534107402032,76.73584905660377
18558,5,0.0,135.4
18559,6,0.0,61.166666666666664
18560,19,0.011695906432748537,102.89473684210526
18561,1,0.0,103.0
18562,39,0.002699055330634278,76.43589743589743
18563,9,0.027777777777777776,65.77777777777777
18564,55,0.030303030303030304,146.47272727272727
18565,18,0.013071895424836602,106.72222222222223
18566,5,0.1,172.8
18567,24,0.007246376811594203,85.66666666666667
18568,8,0.0,81.0
18569,3,0.0,145.0
18570,24,0.0036231884057971015,74.75
18571,38,0.011379800853485065,98.6842105263158
18572,41,0.007317073170731708,81.70731707317073
18573,8,0.0,132.375
18574,4,0.0,91.75
18575,442,0.012661474846348796,96.49773755656109
18576,6,0.0,58.333333333333336
18577,5,0.0,70.4
18578,140,0.014799588900308325,108.93571428571428
18579,17,0.014705882352941176,124.41176470588235
18580,16,0.008333333333333333,114.1875
18581,47,0.020351526364477335,106.91489361702128
18582,27,0.022792022792022793,132.62962962962962
18583,92,0.01075011944577162,92.1086956521739
18584,12,0.015151515151515152,108.16666666666667
18585,4,0.0,182.0
18586,23,0.015810276679841896,91.95652173913044
18587,27,0.011396011396011397,84.81481481481481
18588,27,0.019943019943019943,103.44444444444444
18589,3,0.0,123.66666666666667
18590,7,0.0,45.57142857142857
18591,103,0.014277555682467162,97.68932038834951
18592,1,0.0,137.0
18593,72,0.017605633802816902,96.95833333333333
18594,25,0.0033333333333333335,76.64
18595,51,0.03529411764705882,194.27450980392157
18596,88,0.020114942528735632,127.61363636363636
18597,20,0.015789473684210527,134.9
18598,2,0.0,54.5
18599,27,0.011396011396011397,81.03703703703704
18600,27,0.005698005698005698,103.77777777777777
18601,42,0.006968641114982578,86.35714285714286
18602,143,0.008962868117797696,92.2937062937063
18603,17,0.014705882352941176,68.23529411764706
18604,21,0.01904761904761905,115.04761904761905
18605,34,0.0035650623885918,86.05882352941177
18606,11,0.01818181818181818,94.81818181818181
18607,0,0.0,0.0
18608,3,0.0,46.333333333333336
18609,6,0.06666666666666667,85.0
18610,79,0.012982797792924375,121.25316455696202
18611,67,0.011759384893713252,108.67164179104478
18612,5,0.0,39.8
18613,5,0.0,98.6
18614,82,0.015356820234869015,109.1219512195122
18615,62,0.02009518773135907,105.06451612903226
18616,20,0.015789473684210527,139.4
18617,1,0.0,13.0
18618,156,0.012572373862696443,104.03846153846153
18619,5,0.0,62.0
18620,3,0.0,143.66666666666666
18621,11,0.03636363636363636,101.27272727272727
18622,21,0.009523809523809525,136.9047619047619
18623,62,0.014278159703860392,99.51612903225806
18624,64,0.010416666666666666,84.78125
18625,132,0.01977793199167245,115.93939393939394
18626,6,0.0,64.16666666666667
18627,16,0.016666666666666666,82.875
18628,3,0.0,123.0
18629,9,0.08333333333333333,158.44444444444446
18630,34,0.0053475935828877,68.67647058823529
18631,51,0.011764705882352941,97.98039215686275
18632,19,0.011695906432748537,76.15789473684211
18633,8,0.0,63.75
18634,10,0.022222222222222223,81.7
18635,1,0.0,7.0
18636,24,0.0036231884057971015,85.54166666666667
18637,22,0.004329004329004329,87.04545454545455
18638,71,0.012474849094567404,91.1830985915493
18639,4,0.0,78.25
18640,3,0.0,179.66666666666666
18641,63,0.017409114183307733,105.76190476190476
18642,6,0.0,98.33333333333333
18643,2,0.0,49.5
18644,17,0.0,107.17647058823529
18645,1,0.0,3.0
18646,8,0.07142857142857142,99.375
18647,39,0.006747638326585695,82.2051282051282
18648,15,0.0,90.4
18649,0,0.0,0.0
18650,10,0.0,108.6
18651,22,0.012987012987012988,91.5909090909091
18652,35,0.005042016806722689,68.28571428571429
18653,11,0.01818181818181818,184.54545454545453
18654,35,0.02857142857142857,154.85714285714286
18655,40,0.00641025641025641,70.8
18656,19,0.011695906432748537,78.10526315789474
18657,4,0.16666666666666666,120.5
18658,5,0.0,30.8
18659,29,0.014778325123152709,90.24137931034483
18660,49,0.01870748299319728,111.12244897959184
18661,8,0.03571428571428571,110.75
18662,6,0.06666666666666667,28.333333333333332
18663,1,0.0,52.0
18664,58,0.007864488808227465,91.91379310344827
18665,44,0.010570824524312896,89.11363636363636
18666,25,0.03666666666666667,119.0
18667,1,0.0,140.0
18668,17,0.014705882352941176,56.76470588235294
18669,53,0.005805515239477504,92.83018867924528
18670,38,0.002844950213371266,77.71052631578948
18671,99,0.01422387136672851,109.31313131313131
18672,19,0.029239766081871343,100.0
18673,19,0.005847953216374269,105.42105263157895
18674,38,0.012802275960170697,91.42105263157895
18675,0,0.0,0.0
18676,15,0.01904761904761905,60.46666666666667
18677,2,0.0,24.0
18678,14,0.01098901098901099,137.35714285714286
18679,1,0.0,13.0
18680,13,0.0,96.92307692307692
18681,11,0.0,81.72727272727273
18682,30,0.004597701149425287,87.23333333333333
18683,143,0.01792573623559539,116.34965034965035
18684,2,0.0,49.5
18685,5,0.0,199.4
18686,100,0.00787878787878788,83.26
18687,45,0.00909090909090909,93.86666666666666
18688,4,0.0,84.0
18689,13,0.01282051282051282,95.07692307692308
18690,6,0.0,72.0
18691,15,0.0,48.53333333333333
18692,87,0.011494252873563218,105.35632183908046
18693,68,0.010535557506584723,109.97058823529412
18694,17,0.007352941176470588,81.11764705882354
18695,10,0.0,60.2
18696,63,0.009216589861751152,94.77777777777777
18697,10,0.0,149.8
18698,14,0.01098901098901099,61.07142857142857
18699,6,0.0,88.16666666666667
18700,4,0.0,80.5
18701,2,0.0,178.5
18702,7,0.0,102.28571428571429
18703,17,0.0,72.52941176470588
18704,20,0.015789473684210527,102.0
18705,10,0.0,87.5
18706,11,0.03636363636363636,179.54545454545453
18707,4,0.0,37.0
18708,9,0.0,178.33333333333334
18709,149,0.012969345184110284,110.00671140939598
18710,1,0.0,40.0
18711,4,0.0,24.5
18712,9,0.0,50.888888888888886
18713,36,0.015873015873015872,127.88888888888889
18714,18,0.0392156862745098,184.88888888888889
18715,20,0.042105263157894736,117.55
18716,107,0.015164873919943573,106.67289719626169
18717,45,0.024242424242424242,147.0222222222222
18718,197,0.01595358955765047,113.0253807106599
18719,4,0.16666666666666666,57.25
18720,103,0.01066057490957548,98.4368932038835
18721,37,0.016516516516516516,96.48648648648648
18722,1,0.0,74.0
18723,9,0.0,72.0
18724,1,0.0,126.0
18725,86,0.013406292749658003,102.17441860465117
18726,41,0.00975609756097561,84.1951219512195
18727,7,0.047619047619047616,85.57142857142857
18728,5,0.1,306.4
18729,19,0.029239766081871343,157.94736842105263
18730,3,0.0,56.333333333333336
18731,32,0.014112903225806451,85.1875
18732,10,0.022222222222222223,260.7
18733,233,0.012505549800207193,101.068669527897
18734,9,0.0,58.666666666666664
18735,84,0.01721170395869191,116.79761904761905
18736,3,0.0,95.66666666666667
18737,5,0.0,101.0
18738,10,0.0,108.6
18739,7,0.0,238.57142857142858
18740,59,0.010520163646990065,82.05084745762711
18741,4,0.0,85.5
18742,2,0.0,28.0
18743,53,0.00362844702467344,78.24528301886792
18744,4,0.16666666666666666,89.0
18745,2,0.0,279.5
18746,5,0.1,200.8
18747,2,0.0,55.5
18748,19,0.017543859649122806,72.05263157894737
18749,18,0.0196078431372549,120.94444444444444
18750,12,0.0,83.25
18751,23,0.007905138339920948,79.78260869565217
18752,29,0.012315270935960592,117.27586206896552
18753,8,0.03571428571428571,55.75
18754,6,0.0,66.83333333333333
18755,54,0.023759608665269043,124.24074074074075
18756,8,0.0,101.25
18757,68,0.013169446883230905,104.45588235294117
18758,20,0.03684210526315789,99.35
18759,5,0.0,83.8
18760,3,0.0,87.0
18761,8,0.0,96.75
18762,1,0.0,383.0
18763,7,0.0,95.28571428571429
18764,4,0.0,28.75
18765,13,0.01282051282051282,140.76923076923077
18766,22,0.025974025974025976,139.5
18767,44,0.013742071881606765,86.52272727272727
18768,35,0.023529411764705882,123.2
18769,12,0.0,57.25
18770,126,0.012063492063492064,101.87301587301587
18771,8,0.0,141.25
18772,23,0.003952569169960474,76.1304347826087
18773,5,0.0,52.8
18774,3,0.0,77.33333333333333
18775,43,0.007751937984496124,114.5813953488372
18776,18,0.0392156862745098,119.33333333333333
18777,20,0.005263157894736842,79.15
18778,1,0.0,104.0
18779,11,0.03636363636363636,121.0909090909091
18780,4,0.0,55.25
18781,0,0.0,0.0
18782,16,0.008333333333333333,70.9375
18783,48,0.015070921985815602,89.45833333333333
18784,66,0.013986013986013986,98.56060606060606
18785,13,0.0,118.61538461538461
18786,120,0.013445378151260505,101.25833333333334
18787,17,0.022058823529411766,91.94117647058823
18788,29,0.019704433497536946,142.75862068965517
18789,42,0.008130081300813009,95.0952380952381
18790,4,0.0,21.5
18791,3,0.0,78.33333333333333
18792,4,0.0,257.0
18793,0,0.0,0.0
18794,126,0.015873015873015872,103.65079365079364
18795,75,0.012252252252252252,96.46666666666667
18796,147,0.01090299133351971,90.10204081632654
18797,77,0.009911141490088858,85.94805194805195
18798,13,0.0641025641025641,326.6923076923077
18799,0,0.0,0.0
18800,99,0.01855287569573284,117.8989898989899
18801,31,0.021505376344086023,135.61290322580646
18802,0,0.0,0.0
18803,45,0.011111111111111112,93.24444444444444
18804,13,0.0,70.07692307692308
18805,41,0.013414634146341463,92.95121951219512
18806,65,0.02548076923076923,122.21538461538462
18807,16,0.016666666666666666,78.0625
18808,43,0.013289036544850499,79.79069767441861
18809,33,0.00946969696969697,100.57575757575758
18810,34,0.0106951871657754,98.88235294117646
18811,8,0.0,90.375
18812,71,0.015291750503018108,109.50704225352112
18813,24,0.014492753623188406,126.29166666666667
18814,45,0.015151515151515152,79.77777777777777
18815,16,0.0,58.1875
18816,24,0.0,63.583333333333336
18817,123,0.012794882047181128,99.7560975609756
18818,18,0.013071895424836602,137.0
18819,20,0.010526315789473684,62.15
18820,145,0.012164750957854405,93.92413793103448
18821,1,0.0,6.0
18822,1,0.0,85.0
18823,15,0.01904761904761905,70.0
18824,4,0.0,49.5
18825,4,0.0,61.0
18826,12,0.0,41.416666666666664
18827,5,0.0,136.8
18828,4,0.0,75.25
18829,8,0.0,49.125
18830,30,0.011494252873563218,77.26666666666667
18831,64,0.012896825396825396,96.125
18832,40,0.016666666666666666,99.55
18833,21,0.004761904761904762,81.38095238095238
18834,56,0.016233766233766232,89.375
18835,5,0.0,47.4
18836,16,0.008333333333333333,63.4375
18837,4,0.0,38.0
18838,78,0.015651015651015652,106.26923076923077
18839,19,0.023391812865497075,122.36842105263158
18840,0,0.0,0.0
18841,4,0.0,66.0
18842,72,0.02034428794992175,116.05555555555556
18843,28,0.005291005291005291,99.60714285714286
18844,21,0.01904761904761905,168.71428571428572
18845,19,0.005847953216374269,102.47368421052632
18846,3,0.0,132.33333333333334
18847,62,0.013220518244315178,99.83870967741936
18848,13,0.01282051282051282,87.92307692307692
18849,8,0.0,102.25
18850,8,0.0,58.5
18851,13,0.038461538461538464,141.23076923076923
18852,19,0.005847953216374269,69.63157894736842
18853,5,0.0,85.0
18854,28,0.018518518518518517,106.85714285714286
18855,1,0.0,59.0
18856,16,0.008333333333333333,120.3125
18857,28,0.015873015873015872,123.42857142857143
18858,28,0.0291005291005291,99.60714285714286
18859,20,0.010526315789473684,102.6
18860,13,0.02564102564102564,65.92307692307692
18861,6,0.06666666666666667,149.83333333333334
18862,20,0.02631578947368421,134.05
18863,32,0.024193548387096774,113.25
18864,46,0.00676328502415459,82.26086956521739
18865,7,0.047619047619047616,71.14285714285714
18866,1,0.0,168.0
18867,8,0.0,37.375
18868,40,0.007692307692307693,110.125
18869,3,0.0,31.0
18870,5,0.0,118.0
18871,44,0.008456659619450317,90.06818181818181
18872,62,0.016922263352723427,130.8709677419355
18873,180,0.014276846679081317,109.01666666666667
18874,6,0.0,38.666666666666664
18875,7,0.0,147.0
18876,42,0.005807200929152149,79.47619047619048
18877,77,0.01161995898838004,92.58441558441558
18878,15,0.0,61.86666666666667
18879,21,0.014285714285714285,142.66666666666666
18880,4,0.0,80.5
18881,5,0.0,99.8
18882,1,0.0,35.0
18883,2,0.0,238.0
18884,18,0.0196078431372549,73.61111111111111
18885,12,0.015151515151515152,73.08333333333333
18886,14,0.04395604395604396,105.85714285714286
18887,24,0.0036231884057971015,67.58333333333333
18888,13,0.0,42.38461538461539
18889,7,0.0,53.57142857142857
18890,12,0.0,70.5
18891,10,0.0,81.7
18892,5,0.0,28.8
18893,81,0.016666666666666666,126.5925925925926
18894,64,0.005456349206349206,75.921875
18895,30,0.006896551724137931,81.4
18896,51,0.006274509803921568,61.92156862745098
18897,114,0.015991305697873,106.0
18898,9,0.0,76.77777777777777
18899,29,0.017241379310344827,88.51724137931035
18900,54,0.02445842068483578,141.7037037037037
18901,12,0.0,81.33333333333333
18902,25,0.02666666666666667,113.4
18903,6,0.0,69.5
18904,10,0.0,51.7
18905,11,0.0,83.81818181818181
18906,0,0.0,0.0
18907,49,0.006802721088435374,92.0
18908,4,0.0,68.75
18909,7,0.0,33.285714285714285
18910,91,0.010744810744810745,92.75824175824175
18911,35,0.020168067226890758,135.9142857142857
18912,1,0.0,52.0
18913,1,0.0,84.0
18914,18,0.0,69.88888888888889
18915,1,0.0,3.0
18916,29,0.019704433497536946,107.62068965517241
18917,2,0.0,69.0
18918,12,0.015151515151515152,137.66666666666666
18919,24,0.018115942028985508,126.0
18920,165,0.011751662971175166,92.18787878787879
18921,26,0.003076923076923077,57.92307692307692
18922,70,0.012836438923395446,78.58571428571429
18923,20,0.015789473684210527,109.7
18924,10,0.022222222222222223,106.7
18925,6,0.0,191.16666666666666
18926,3,0.0,40.333333333333336
18927,13,0.01282051282051282,65.38461538461539
18928,13,0.01282051282051282,127.46153846153847
18929,40,0.0038461538461538464,84.85
18930,70,0.015320910973084885,130.32857142857142
18931,7,0.0,72.28571428571429
18932,44,0.010570824524312896,102.77272727272727
18933,10,0.0,71.7
18934,17,0.014705882352941176,95.88235294117646
18935,24,0.010869565217391304,93.95833333333333
18936,3,0.0,77.33333333333333
18937,6,0.0,291.5
18938,10,0.0,66.1
18939,17,0.0,119.05882352941177
18940,49,0.0195578231292517,134.81632653061226
18941,49,0.01870748299319728,136.3877551020408
18942,6,0.0,65.16666666666667
18943,1,0.0,245.0
18944,38,0.021337126600284494,102.55263157894737
18945,34,0.0071301247771836,86.3529411764706
18946,45,0.015151515151515152,149.64444444444445
18947,12,0.015151515151515152,103.33333333333333
18948,19,0.017543859649122806,100.15789473684211
18949,72,0.016040688575899843,99.86111111111111
18950,50,0.0163265306122449,115.6
18951,1,0.0,29.0
18952,12,0.0,99.16666666666667
18953,0,0.0,0.0
18954,13,0.0,80.61538461538461
18955,0,0.0,0.0
18956,18,0.0,87.44444444444444
18957,10,0.022222222222222223,116.5
18958,17,0.007352941176470588,76.94117647058823
18959,12,0.0,203.16666666666666
18960,16,0.041666666666666664,222.9375
18961,132,0.011219060837381448,94.71212121212122
18962,11,0.03636363636363636,113.0909090909091
18963,1,0.0,19.0
18964,34,0.0213903743315508,123.47058823529412
18965,1,0.0,82.0
18966,50,0.013877551020408163,84.26
18967,1,0.0,106.0
18968,58,0.0102843315184513,95.39655172413794
18969,1,0.0,148.0
18970,6,0.0,43.166666666666664
18971,1,0.0,15.0
18972,69,0.00937766410912191,65.68115942028986
18973,36,0.01904761904761905,126.47222222222223
18974,5,0.0,41.6
18975,5,0.0,81.0
18976,9,0.0,65.77777777777777
18977,146,0.011147850732168162,94.4931506849315
18978,6,0.0,265.1666666666667
18979,26,0.036923076923076927,160.30769230769232
18980,139,0.007507037847982484,79.51079136690647
18981,210,0.016632490316700842,112.04761904761905
18982,58,0.007864488808227465,79.44827586206897
18983,67,0.004522840343735866,68.86567164179104
18984,16,0.0,86.5625
18985,75,0.00972972972972973,79.85333333333334
18986,11,0.0,104.18181818181819
18987,8,0.0,84.75
18988,8,0.07142857142857142,317.25
18989,4,0.0,81.25
18990,39,0.008097165991902834,89.61538461538461
18991,30,0.004597701149425287,51.333333333333336
18992,10,0.0,109.0
18993,160,0.013522012578616353,106.7375
18994,21,0.0,95.23809523809524
18995,12,0.0,62.75
18996,10,0.0,90.9
18997,20,0.010526315789473684,91.15
18998,0,0.0,0.0
18999,8,0.0,101.375
19000,40,0.010256410256410256,103.225
19001,48,0.00975177304964539,99.5
19002,2,0.0,119.0
19003,2,0.0,38.5
19004,5,0.0,108.6
19005,1,0.0,8.0
19006,4,0.0,95.25
19007,3,0.3333333333333333,274.3333333333333
19008,11,0.0,62.81818181818182
19009,13,0.01282051282051282,161.84615384615384
19010,22,0.004329004329004329,67.81818181818181
19011,50,0.02122448979591837,124.04
19012,57,0.015037593984962405,116.71929824561404
19013,8,0.03571428571428571,60.5
19014,159,0.014648515245601465,108.62893081761007
19015,6,0.06666666666666667,108.5
19016,26,0.027692307692307693,137.03846153846155
19017,9,0.027777777777777776,93.11111111111111
19018,85,0.007563025210084034,65.97647058823529
19019,52,0.007541478129713424,88.63461538461539
19020,11,0.0,67.72727272727273
19021,74,0.01554979637171418,103.1891891891892
19022,55,0.0053872053872053875,72.58181818181818
19023,5,0.0,182.0
19024,6,0.06666666666666667,353.1666666666667
19025,23,0.011857707509881422,96.30434782608695
19026,39,0.021592442645074223,107.35897435897436
19027,7,0.0,66.0
19028,35,0.015126050420168067,109.68571428571428
19029,77,0.019138755980861243,107.7012987012987
19030,39,0.009446693657219974,94.12820512820512
19031,2,1.0,514.5
19032,29,0.014778325123152709,118.79310344827586
19033,109,0.010873258579680599,84.4954128440367
19034,79,0.011684518013631937,91.36708860759494
19035,18,0.006535947712418301,102.72222222222223
19036,61,0.01639344262295082,114.22950819672131
19037,48,0.015070921985815602,116.0
19038,5,0.0,167.6
19039,15,0.009523809523809525,96.46666666666667
19040,1,0.0,38.0
19041,2,0.0,30.5
19042,16,0.0,110.625
19043,4,0.0,83.75
19044,1,0.0,200.0
19045,380,0.01548396056103319,110.78421052631579
19046,14,0.01098901098901099,174.92857142857142
19047,4,0.0,68.5
19048,3,0.3333333333333333,34.666666666666664
19049,10,0.022222222222222223,199.3
19050,13,0.0,80.92307692307692
19051,3,0.0,66.0
19052,7,0.09523809523809523,154.28571428571428
19053,3,0.0,42.0
19054,20,0.005263157894736842,97.35
19055,8,0.03571428571428571,209.0
19056,9,0.0,125.66666666666667
19057,1,0.0,40.0
19058,120,0.01288515406162465,97.09166666666667
19059,5,0.0,141.8
19060,50,0.006530612244897959,69.76
19061,29,0.03201970443349754,188.93103448275863
19062,35,0.0016806722689075631,76.08571428571429
19063,3,0.0,54.666666666666664
19064,45,0.013131313131313131,102.13333333333334
19065,0,0.0,0.0
19066,7,0.0,92.57142857142857
19067,1,0.0,41.0
19068,31,0.0064516129032258064,71.12903225806451
19069,6,0.0,90.33333333333333
19070,14,0.04395604395604396,105.64285714285714
19071,7,0.0,102.14285714285714
19072,9,0.0,85.55555555555556
19073,110,0.008673894912427023,85.11818181818182
19074,15,0.009523809523809525,69.4
19075,75,0.013333333333333334,94.69333333333333
19076,3,0.0,122.33333333333333
19077,4,0.16666666666666666,87.75
19078,10,0.0,73.7
19079,101,0.01900990099009901,123.88118811881188
19080,11,0.0,58.36363636363637
19081,1,0.0,150.0
19082,14,0.0,77.28571428571429
19083,7,0.047619047619047616,68.42857142857143
19084,8,0.0,129.75
19085,37,0.009009009009009009,80.91891891891892
19086,6,0.0,51.666666666666664
19087,33,0.028409090909090908,176.15151515151516
19088,8,0.0,155.0
19089,38,0.012802275960170697,129.3421052631579
19090,120,0.010924369747899159,97.98333333333333
19091,12,0.015151515151515152,90.75
19092,11,0.0,95.54545454545455
19093,0,0.0,0.0
19094,67,0.012663952962460425,101.76119402985074
19095,10,0.022222222222222223,138.1
19096,3,0.0,134.66666666666666
19097,34,0.008912655971479501,65.0
19098,6,0.0,67.83333333333333
19099,14,0.01098901098901099,78.42857142857143
19100,26,0.012307692307692308,87.26923076923077
19101,205,0.013629842180774749,105.38536585365854
19102,5,0.1,64.6
19103,16,0.016666666666666666,113.625
19104,260,0.01906741906741907,122.11923076923077
19105,37,0.021021021021021023,135.6216216216216
19106,24,0.007246376811594203,67.95833333333333
19107,76,0.01649122807017544,109.17105263157895
19108,36,0.03015873015873016,138.25
19109,37,0.009009009009009009,105.72972972972973
19110,22,0.030303030303030304,115.54545454545455
19111,58,0.013914095583787053,111.82758620689656
19112,14,0.01098901098901099,107.57142857142857
19113,6,0.0,90.83333333333333
19114,92,0.017200191113234592,112.16304347826087
19115,5,0.0,104.0
19116,26,0.021538461538461538,92.26923076923077
19117,9,0.0,107.55555555555556
19118,20,0.015789473684210527,107.95
19119,19,0.023391812865497075,111.0
19120,19,0.011695906432748537,69.42105263157895
19121,2,0.0,85.5
19122,7,0.0,62.714285714285715
19123,0,0.0,0.0
19124,4,0.0,41.75
19125,41,0.00853658536585366,84.65853658536585
19126,27,0.011396011396011397,83.29629629629629
19127,74,0.0136986301369863,112.5945945945946
19128,6,0.0,160.33333333333334
19129,32,0.012096774193548387,89.0625
19130,68,0.02019315188762072,123.58823529411765
19131,19,0.017543859649122806,160.05263157894737
19132,1,0.0,15.0
19133,14,0.01098901098901099,129.07142857142858
19134,28,0.005291005291005291,87.60714285714286
19135,36,0.006349206349206349,62.166666666666664
19136,65,0.011538461538461539,89.44615384615385
19137,12,0.045454545454545456,65.83333333333333
19138,0,0.0,0.0
19139,21,0.0,81.95238095238095
19140,9,0.0,67.66666666666667
19141,28,0.010582010582010581,127.5
19142,17,0.007352941176470588,80.17647058823529
19143,7,0.0,44.142857142857146
19144,32,0.020161290322580645,90.5625
19145,10,0.0,86.7
19146,40,0.020512820512820513,122.55
19147,9,0.0,52.0
19148,49,0.013605442176870748,92.42857142857143
19149,2,0.0,166.5
19150,14,0.01098901098901099,185.07142857142858
19151,44,0.013742071881606765,106.88636363636364
19152,5,0.0,84.8
19153,20,0.015789473684210527,121.6
19154,20,0.021052631578947368,102.55
19155,3,0.0,38.333333333333336
19156,1,0.0,31.0
19157,2,0.0,54.0
19158,36,0.014285714285714285,124.97222222222223
19159,21,0.01904761904761905,97.33333333333333
19160,23,0.019762845849802372,96.17391304347827
19161,79,0.007465108730931516,74.72151898734177
19162,2,0.0,53.0
19163,0,0.0,0.0
19164,20,0.005263157894736842,48.6
19165,21,0.009523809523809525,83.19047619047619
19166,7,0.0,104.85714285714286
19167,35,0.01680672268907563,106.4
19168,40,0.00641025641025641,77.125
19169,25,0.023333333333333334,138.32
19170,5,0.0,132.2
19171,81,0.019135802469135803,104.45679012345678
19172,21,0.03333333333333333,97.0
19173,4,0.0,51.25
19174,17,0.014705882352941176,112.52941176470588
19175,7,0.0,25.571428571428573
19176,9,0.0,50.666666666666664
19177,4,0.0,42.25
19178,0,0.0,0.0
19179,9,0.027777777777777776,75.22222222222223
19180,72,0.007042253521126761,83.04166666666667
19181,1,0.0,71.0
19182,97,0.011812714776632302,97.18556701030928
19183,43,0.007751937984496124,84.69767441860465
19184,8,0.0,55.375
19185,4,0.0,41.75
19186,18,0.013071895424836602,106.44444444444444
19187,2,0.0,58.5
19188,36,0.009523809523809525,78.08333333333333
19189,11,0.0,80.72727272727273
19190,108,0.011941848390446522,92.08333333333333
19191,0,0.0,0.0
19192,7,0.0,73.85714285714286
19193,0,0.0,0.0
19194,45,0.010101010101010102,74.04444444444445
19195,22,0.004329004329004329,112.22727272727273
19196,25,0.02,149.64
19197,5,0.0,128.8
19198,12,0.0,76.0
19199,13,0.01282051282051282,174.76923076923077
19200,18,0.032679738562091505,141.94444444444446
19201,14,0.0,51.57142857142857
19202,49,0.01020408163265306,100.44897959183673
19203,22,0.017316017316017316,113.9090909090909
19204,15,0.009523809523809525,84.53333333333333
19205,37,0.012012012012012012,89.32432432432432
19206,9,0.027777777777777776,84.88888888888889
19207,8,0.03571428571428571,215.5
19208,22,0.017316017316017316,94.04545454545455
19209,11,0.10909090909090909,324.0
19210,1,0.0,8.0
19211,2,0.0,28.5
19212,79,0.023369036027263874,138.1772151898734
19213,2,0.0,74.0
19214,8,0.0,110.75
19215,23,0.003952569169960474,49.95652173913044
19216,5,0.0,76.0
19217,28,0.021164021164021163,104.21428571428571
19218,144,0.015345765345765346,113.34722222222223
19219,12,0.0,44.666666666666664
19220,17,0.029411764705882353,111.76470588235294
19221,8,0.07142857142857142,177.25
19222,4,0.0,90.25
19223,22,0.004329004329004329,74.4090909090909
19224,20,0.010526315789473684,92.7
19225,8,0.0,35.125
19226,69,0.020034100596760442,135.84057971014494
19227,5,0.1,161.8
19228,3,0.0,114.33333333333333
19229,26,0.009230769230769232,97.3076923076923
19230,117,0.013704686118479222,98.01709401709402
19231,10,0.022222222222222223,60.8
19232,23,0.023715415019762844,95.08695652173913
19233,63,0.015873015873015872,105.53968253968254
19234,1,0.0,29.0
19235,5,0.0,64.8
19236,27,0.008547008547008548,67.14814814814815
19237,11,0.05454545454545454,216.36363636363637
19238,1,0.0,368.0
19239,46,0.00966183574879227,101.45652173913044
19240,11,0.01818181818181818,131.63636363636363
19241,48,0.010638297872340425,127.79166666666667
19242,17,0.0,103.70588235294117
19243,163,0.01961675376808301,121.28834355828221
19244,18,0.0196078431372549,126.5
19245,54,0.012578616352201259,99.14814814814815
19246,17,0.0,74.58823529411765
19247,6,0.0,63.0
19248,34,0.0213903743315508,99.23529411764706
19249,12,0.0,86.33333333333333
19250,1,0.0,21.0
19251,21,0.01904761904761905,87.42857142857143
19252,17,0.007352941176470588,105.29411764705883
19253,24,0.014492753623188406,72.08333333333333
19254,3,0.0,46.333333333333336
19255,2,0.0,38.0
19256,31,0.017204301075268817,90.25806451612904
19257,37,0.012012012012012012,85.05405405405405
19258,19,0.0,76.63157894736842
19259,33,0.032196969696969696,173.78787878787878
19260,114,0.009625834497748797,84.28070175438596
19261,32,0.004032258064516129,83.0
19262,24,0.014492753623188406,121.625
19263,24,0.0036231884057971015,66.16666666666667
19264,8,0.0,35.75
19265,2,0.0,131.5
19266,15,0.009523809523809525,168.0
19267,6,0.0,83.33333333333333
19268,32,0.016129032258064516,125.90625
19269,13,0.01282051282051282,91.6923076923077
19270,3,0.0,25.666666666666668
19271,54,0.009783368273934312,82.70370370370371
19272,0,0.0,0.0
19273,70,0.008281573498964804,76.27142857142857
19274,3,0.0,61.0
19275,85,0.012324929971988795,79.32941176470588
19276,44,0.015856236786469344,92.31818181818181
19277,20,0.005263157894736842,75.45
19278,15,0.02857142857142857,134.4
19279,41,0.020731707317073172,104.8048780487805
19280,5,0.0,95.8
19281,93,0.008648901355773725,84.2258064516129
19282,1,0.0,94.0
19283,3,0.0,64.33333333333333
19284,15,0.02857142857142857,93.53333333333333
19285,8,0.0,77.125
19286,8,0.03571428571428571,117.0
19287,18,0.006535947712418301,82.38888888888889
19288,16,0.008333333333333333,89.75
19289,0,0.0,0.0
19290,32,0.004032258064516129,79.46875
19291,8,0.0,87.875
19292,110,0.008006672226855712,81.86363636363636
19293,20,0.0,60.3
19294,52,0.007541478129713424,74.51923076923077
19295,80,0.019936708860759492,123.9875
19296,10,0.022222222222222223,107.6
19297,3,0.0,75.33333333333333
19298,3,0.0,28.333333333333332
19299,19,0.017543859649122806,117.52631578947368
19300,24,0.014492753623188406,86.16666666666667
19301,1,0.0,11.0
19302,34,0.0053475935828877,58.38235294117647
19303,27,0.005698005698005698,106.62962962962963
19304,45,0.01616161616161616,114.26666666666667
19305,0,0.0,0.0
19306,6,0.0,105.0
19307,2,0.0,75.0
19308,1,0.0,1.0
19309,19,0.029239766081871343,164.10526315789474
19310,52,0.024886877828054297,133.84615384615384
19311,5,0.0,117.6
19312,46,0.00676328502415459,77.65217391304348
19313,19,0.017543859649122806,114.05263157894737
19314,66,0.01724941724941725,108.57575757575758
19315,8,0.0,91.625
19316,14,0.0,101.92857142857143
19317,18,0.032679738562091505,133.55555555555554
19318,191,0.01350234224304216,98.01047120418848
19319,20,0.010526315789473684,117.1
19320,15,0.01904761904761905,118.2
19321,4,0.0,111.25
19322,8,0.0,80.25
19323,132,0.015382835993523017,108.99242424242425
19324,67,0.018091361374943465,111.71641791044776
19325,28,0.013227513227513227,74.28571428571429
19326,4,0.0,77.5
19327,1,0.0,58.0
19328,14,0.0,65.85714285714286
19329,1,0.0,37.0
19330,6,0.0,78.83333333333333
19331,48,0.004432624113475178,82.5
19332,10,0.0,104.7
19333,3,0.0,123.0
19334,3,0.0,125.66666666666667
19335,15,0.02857142857142857,152.2
19336,38,0.017069701280227598,114.71052631578948
19337,21,0.0,70.0952380952381
19338,1,0.0,315.0
19339,54,0.017470300489168415,109.4074074074074
19340,22,0.0,64.72727272727273
19341,9,0.027777777777777776,43.55555555555556
19342,88,0.0109717868338558,96.32954545454545
19343,9,0.1111111111111111,134.11111111111111
19344,243,0.01748120940040132,113.7119341563786
19345,9,0.0,66.33333333333333
19346,25,0.01,136.88
19347,6,0.0,124.83333333333333
19348,7,0.0,80.71428571428571
19349,0,0.0,0.0
19350,9,0.027777777777777776,44.0
19351,3,0.0,141.66666666666666
19352,4,0.0,61.75
19353,29,0.014778325123152709,70.51724137931035
19354,5,0.0,97.2
19355,1,0.0,19.0
19356,10,0.0,131.9
19357,36,0.009523809523809525,106.63888888888889
19358,37,0.010510510510510511,79.43243243243244
19359,0,0.0,0.0
19360,3,0.0,517.0
19361,134,0.012568735271013355,106.26865671641791
19362,43,0.009966777408637873,102.83720930232558
19363,18,0.006535947712418301,117.27777777777777
19364,33,0.00946969696969697,75.66666666666667
19365,9,0.027777777777777776,74.66666666666667
19366,54,0.014675052410901468,112.48148148148148
19367,112,0.015926640926640926,103.375
19368,240,0.013842398884239888,103.83333333333333
19369,8,0.03571428571428571,139.0
19370,3,0.0,184.33333333333334
19371,43,0.007751937984496124,85.69767441860465
19372,35,0.008403361344537815,82.71428571428571
19373,44,0.019027484143763214,92.11363636363636
19374,20,0.010526315789473684,86.0
19375,38,0.031294452347083924,177.42105263157896
19376,12,0.030303030303030304,171.0
19377,20,0.021052631578947368,102.2
19378,49,0.008503401360544218,83.83673469387755
19379,4,0.0,47.25
19380,6,0.0,85.16666666666667
19381,36,0.012698412698412698,83.61111111111111
19382,1,0.0,35.0
19383,180,0.015021725636250776,109.86666666666666
19384,8,0.0,94.625
19385,19,0.029239766081871343,107.0
19386,0,0.0,0.0
19387,171,0.010663914688682491,88.53801169590643
19388,23,0.015810276679841896,98.6086956521739
19389,29,0.0,75.41379310344827
19390,14,0.02197802197802198,56.285714285714285
19391,14,0.02197802197802198,143.0
19392,0,0.0,0.0
19393,49,0.013605442176870748,96.0
19394,24,0.0,52.041666666666664
19395,10,0.022222222222222223,226.6
19396,24,0.007246376811594203,69.625
19397,20,0.015789473684210527,101.75
19398,55,0.015488215488215488,112.25454545454545
19399,4,0.0,61.0
19400,3,0.0,80.0
19401,21,0.0,50.666666666666664
19402,9,0.0,80.44444444444444
19403,91,0.014163614163614164,99.41758241758242
19404,54,0.012578616352201259,88.66666666666667
19405,10,0.022222222222222223,112.8
19406,11,0.0,104.63636363636364
19407,53,0.012336719883889695,109.26415094339623
19408,14,0.02197802197802198,80.35714285714286
19409,4,0.0,222.25
19410,43,0.012181616832779624,105.72093023255815
19411,8,0.0,40.0
19412,6,0.0,167.0
19413,113,0.011378002528445006,101.46017699115045
19414,10,0.044444444444444446,114.6
19415,10,0.0,99.4
19416,24,0.007246376811594203,72.16666666666667
19417,10,0.0,120.8
19418,11,0.0,80.72727272727273
19419,8,0.0,91.125
19420,59,0.01928696668614845,120.88135593220339
19421,66,0.011188811188811189,97.31818181818181
19422,44,0.026427061310782242,157.25
19423,2,0.0,265.5
19424,9,0.08333333333333333,158.11111111111111
19425,24,0.014492753623188406,83.25
19426,6,0.0,57.333333333333336
19427,53,0.02104499274310595,133.69811320754718
19428,22,0.0,47.09090909090909
19429,4,0.0,57.75
19430,17,0.007352941176470588,62.88235294117647
19431,26,0.03076923076923077,163.65384615384616
19432,4,0.0,83.25
19433,4,0.16666666666666666,72.25
19434,12,0.0,72.58333333333333
19435,9,0.027777777777777776,90.33333333333333
19436,3,0.0,78.33333333333333
19437,22,0.012987012987012988,117.54545454545455
19438,34,0.016042780748663103,101.8529411764706
19439,9,0.027777777777777776,101.22222222222223
19440,1,0.0,136.0
19441,39,0.008097165991902834,70.8974358974359
19442,79,0.012333657903278157,100.74683544303798
19443,68,0.017998244073748903,131.0441176470588
19444,16,0.0,76.875
19445,33,0.001893939393939394,84.18181818181819
19446,5,0.0,281.2
19447,7,0.0,79.0
19448,67,0.010402532790592492,109.5223880597015
19449,12,0.015151515151515152,143.0
19450,7,0.0,47.0
19451,9,0.0,79.11111111111111
19452,23,0.015810276679841896,123.3913043478261
19453,7,0.0,130.85714285714286
19454,16,0.025,68.9375
19455,17,0.029411764705882353,67.0
19456,2,0.0,20.5
19457,9,0.0,92.22222222222223
19458,7,0.0,127.14285714285714
19459,14,0.02197802197802198,79.5
19460,1,0.0,60.0
19461,102,0.009318578916715201,86.1470588235294
19462,5,0.0,80.4
19463,10,0.022222222222222223,137.5
19464,45,0.031313131313131314,130.88888888888889
19465,14,0.01098901098901099,122.0
19466,20,0.005263157894736842,82.8
19467,68,0.038630377524143986,158.77941176470588
19468,20,0.005263157894736842,115.35
19469,23,0.011857707509881422,79.08695652173913
19470,2,0.0,112.5
19471,5,0.0,68.0
19472,144,0.013111888111888112,97.86111111111111
19473,10,0.0,42.2
19474,12,0.0,76.5
19475,11,0.0,38.36363636363637
19476,3,0.0,56.0
19477,13,0.0,70.76923076923077
19478,25,0.01,111.72
19479,5,0.0,126.8
19480,8,0.0,91.375
19481,7,0.0,79.14285714285714
19482,0,0.0,0.0
19483,6,0.0,62.833333333333336
19484,13,0.0,49.07692307692308
19485,32,0.024193548387096774,102.71875
19486,42,0.023228803716608595,127.30952380952381
19487,29,0.0049261083743842365,78.93103448275862
19488,6,0.0,86.33333333333333
19489,1,0.0,8.0
19490,9,0.0,92.33333333333333
19491,42,0.012775842044134728,88.28571428571429
19492,26,0.009230769230769232,69.0
19493,10,0.022222222222222223,113.6
19494,50,0.017959183673469388,105.72
19495,25,0.0033333333333333335,101.36
19496,8,0.0,50.5
19497,45,0.013131313131313131,103.13333333333334
19498,5,0.0,77.4
19499,19,0.04093567251461988,131.8421052631579
19500,21,0.014285714285714285,95.57142857142857
19501,13,0.0,41.84615384615385
19502,95,0.015005599104143338,115.78947368421052
19503,4,0.0,23.75
19504,2,0.0,27.0
19505,23,0.003952569169960474,84.1304347826087
19506,4,0.0,71.0
19507,74,0.01554979637171418,109.98648648648648
19508,13,0.0,61.76923076923077
19509,90,0.01348314606741573,102.02222222222223
19510,11,0.0,78.9090909090909
19511,12,0.0,84.41666666666667
19512,4,0.0,109.25
19513,13,0.02564102564102564,64.92307692307692
19514,10,0.0,77.8
19515,6,0.0,99.83333333333333
19516,51,0.022745098039215685,131.05882352941177
19517,11,0.0,58.18181818181818
19518,14,0.01098901098901099,57.714285714285715
19519,20,0.0,123.05
19520,23,0.003952569169960474,71.73913043478261
19521,114,0.01304145319049837,100.62280701754386
19522,1,0.0,28.0
19523,22,0.021645021645021644,141.13636363636363
19524,17,0.014705882352941176,108.41176470588235
19525,68,0.031167690956979806,184.8235294117647
19526,1,0.0,13.0
19527,24,0.007246376811594203,110.16666666666667
19528,2,0.0,40.0
19529,49,0.017006802721088437,115.38775510204081
19530,12,0.0,81.25
19531,14,0.01098901098901099,147.57142857142858
19532,18,0.026143790849673203,86.55555555555556
19533,19,0.0,46.578947368421055
19534,1,0.0,58.0
19535,10,0.0,60.0
19536,64,0.015376984126984126,106.6875
19537,9,0.027777777777777776,58.77777777777778
19538,14,0.0,62.0
19539,6,0.0,74.5
19540,28,0.023809523809523808,149.89285714285714
19541,6,0.0,105.66666666666667
19542,34,0.0017825311942959,93.23529411764706
19543,1,0.0,60.0
19544,12,0.015151515151515152,66.58333333333333
19545,71,0.01851106639839034,120.40845070422536
19546,50,0.00816326530612245,89.72
19547,9,0.027777777777777776,79.77777777777777
19548,25,0.006666666666666667,55.56
19549,49,0.016156462585034014,136.6530612244898
19550,34,0.012477718360071301,116.6470588235294
19551,6,0.0,42.0
19552,24,0.018115942028985508,101.29166666666667
19553,14,0.04395604395604396,221.07142857142858
19554,63,0.00819252432155658,80.0952380952381
19555,14,0.0,86.42857142857143
19556,10,0.0,56.7
19557,5,0.1,56.4
19558,41,0.00975609756097561,72.97560975609755
19559,2,0.0,114.5
19560,76,0.007017543859649123,83.02631578947368
19561,12,0.045454545454545456,189.08333333333334
19562,46,0.010628019323671498,91.1304347826087
19563,2,0.0,130.5
19564,124,0.008523472331497509,87.21774193548387
19565,14,0.0,60.07142857142857
19566,77,0.010936431989063569,92.76623376623377
19567,5,0.0,99.8
19568,90,0.009488139825218476,84.71111111111111
19569,1,0.0,121.0
19570,10,0.0,103.3
19571,38,0.012802275960170697,117.05263157894737
19572,68,0.021949078138718173,137.3235294117647
19573,15,0.0,99.0
19574,2,0.0,55.5
19575,18,0.0,76.94444444444444
19576,25,0.013333333333333334,129.32
19577,8,0.0,47.75
19578,20,0.010526315789473684,76.2
19579,40,0.01282051282051282,80.95
19580,31,0.010752688172043012,76.45161290322581
19581,181,0.015776550030693677,112.74033149171271
19582,44,0.008456659619450317,96.02272727272727
19583,0,0.0,0.0
19584,16,0.0,86.0
19585,0,0.0,0.0
19586,90,0.015980024968789013,111.4
19587,33,0.00946969696969697,88.48484848484848
19588,38,0.012802275960170697,106.36842105263158
19589,12,0.0,76.58333333333333
19590,18,0.0,61.888888888888886
19591,28,0.007936507936507936,110.5
19592,5,0.0,81.6
19593,71,0.011670020120724347,83.78873239436619
19594,11,0.0,101.81818181818181
19595,143,0.013395055648576775,97.94405594405595
19596,2,0.0,111.0
19597,8,0.03571428571428571,136.75
19598,2,0.0,50.0
19599,0,0.0,0.0
19600,24,0.014492753623188406,81.16666666666667
19601,3,0.0,96.66666666666667
19602,39,0.014844804318488529,95.97435897435898
19603,2,0.0,93.0
19604,44,0.012684989429175475,102.3409090909091
19605,45,0.00808080808080808,79.22222222222223
19606,1,0.0,25.0
19607,5,0.0,98.8
19608,21,0.004761904761904762,51.333333333333336
19609,42,0.011614401858304297,105.97619047619048
19610,52,0.004524886877828055,59.59615384615385
19611,19,0.023391812865497075,142.73684210526315
19612,116,0.020689655172413793,117.77586206896552
19613,4,0.0,65.75
19614,26,0.009230769230769232,109.84615384615384
19615,10,0.0,66.5
19616,9,0.0,102.66666666666667
19617,24,0.007246376811594203,77.70833333333333
19618,1,0.0,87.0
19619,18,0.0,61.27777777777778
19620,47,0.016651248843663275,119.02127659574468
19621,35,0.010084033613445379,89.94285714285714
19622,5,0.0,52.6
19623,14,0.02197802197802198,56.285714285714285
19624,145,0.013793103448275862,98.26896551724138
19625,47,0.013876040703052728,92.14893617021276
19626,24,0.0,64.375
19627,38,0.01422475106685633,102.36842105263158
19628,20,0.010526315789473684,89.45
19629,1,0.0,59.0
19630,29,0.012315270935960592,116.79310344827586
19631,13,0.0,76.15384615384616
19632,6,0.0,93.0
19633,7,0.0,174.57142857142858
19634,1,0.0,94.0
19635,15,0.0,71.53333333333333
19636,9,0.027777777777777776,138.66666666666666
19637,25,0.013333333333333334,112.12
19638,7,0.0,91.85714285714286
19639,5,0.1,62.4
19640,20,0.031578947368421054,101.1
19641,243,0.01353603373805394,103.24691358024691
19642,6,0.0,62.5
19643,30,0.011494252873563218,114.76666666666667
19644,19,0.011695906432748537,107.3157894736842
19645,7,0.0,60.714285714285715
19646,3,0.0,33.666666666666664
19647,91,0.01611721611721612,97.02197802197803
19648,9,0.0,65.22222222222223
19649,27,0.019943019943019943,101.48148148148148
19650,2,0.0,113.5
19651,4,0.0,58.75
19652,8,0.0,71.75
19653,5,0.0,94.8
19654,61,0.007650273224043716,78.26229508196721
19655,24,0.010869565217391304,93.45833333333333
19656,27,0.02849002849002849,141.62962962962962
19657,3,0.0,39.0
19658,37,0.016516516516516516,98.97297297297297
19659,5,0.2,270.6
19660,9,0.0,48.888888888888886
19661,13,0.02564102564102564,47.61538461538461
19662,82,0.01746461909063535,99.67073170731707
19663,10,0.022222222222222223,93.6
19664,4,0.0,54.5
19665,10,0.0,34.8
19666,5,0.1,145.4
19667,15,0.02857142857142857,170.0
19668,54,0.0041928721174004195,82.66666666666667
19669,74,0.011847463902258423,99.29729729729729
19670,8,0.0,63.75
19671,28,0.0,66.53571428571429
19672,12,0.0,43.916666666666664
19673,35,0.005042016806722689,104.57142857142857
19674,16,0.0,154.125
19675,30,0.016091954022988506,80.1
19676,12,0.0,42.166666666666664
19677,25,0.0,98.76
19678,14,0.0,73.14285714285714
19679,50,0.008979591836734694,84.78
19680,12,0.045454545454545456,113.58333333333333
19681,5,0.0,29.0
19682,6,0.06666666666666667,190.83333333333334
19683,3,0.0,134.66666666666666
19684,18,0.013071895424836602,98.94444444444444
19685,0,0.0,0.0
19686,45,0.024242424242424242,135.0222222222222
19687,2,0.0,94.0
19688,5,0.1,170.4
19689,3,0.0,118.66666666666667
19690,29,0.017241379310344827,120.37931034482759
19691,29,0.014778325123152709,107.17241379310344
19692,30,0.009195402298850575,89.73333333333333
19693,36,0.014285714285714285,106.5
19694,1,0.0,63.0
19695,38,0.011379800853485065,84.28947368421052
19696,18,0.013071895424836602,76.61111111111111
19697,91,0.014652014652014652,120.06593406593407
19698,57,0.02631578947368421,137.6315789473684
19699,0,0.0,0.0
19700,10,0.022222222222222223,86.5
19701,26,0.012307692307692308,68.57692307692308
19702,18,0.0392156862745098,156.66666666666666
19703,19,0.017543859649122806,134.78947368421052
19704,19,0.005847953216374269,106.47368421052632
19705,52,0.015082956259426848,97.8076923076923
19706,35,0.010084033613445379,96.6
19707,2,0.0,230.5
19708,15,0.0,114.6
19709,11,0.0,103.36363636363636
19710,0,0.0,0.0
19711,10,0.0,32.6
19712,118,0.012023757786469651,104.70338983050847
19713,29,0.014778325123152709,90.20689655172414
19714,92,0.012900143334925944,103.18478260869566
19715,19,0.011695906432748537,88.63157894736842
19716,89,0.013789581205311542,101.85393258426966
19717,51,0.01803921568627451,109.3529411764706
19718,9,0.0,50.77777777777778
19719,5,0.0,84.2
19720,25,0.013333333333333334,105.92
19721,16,0.025,101.625
19722,42,0.020905923344947737,128.6904761904762
19723,10,0.0,183.7
19724,27,0.014245014245014245,107.29629629629629
19725,168,0.0124750499001996,104.30952380952381
19726,1,0.0,24.0
19727,63,0.020993343573988736,136.0952380952381
19728,15,0.009523809523809525,87.26666666666667
19729,3,0.3333333333333333,68.33333333333333
19730,21,0.0,55.95238095238095
19731,30,0.004597701149425287,101.96666666666667
19732,18,0.013071895424836602,109.0
19733,11,0.01818181818181818,83.36363636363636
19734,71,0.020925553319919517,129.56338028169014
19735,10,0.0,139.1
19736,4,0.0,43.5
19737,28,0.018518518518518517,135.03571428571428
19738,64,0.019345238095238096,122.796875
19739,20,0.010526315789473684,119.25
19740,45,0.005050505050505051,79.17777777777778
19741,11,0.01818181818181818,136.36363636363637
19742,18,0.0,71.83333333333333
19743,17,0.014705882352941176,202.52941176470588
19744,18,0.032679738562091505,143.16666666666666
19745,23,0.007905138339920948,78.8695652173913
19746,59,0.01694915254237288,122.08474576271186
19747,7,0.0,51.57142857142857
19748,40,0.010256410256410256,99.775
19749,15,0.009523809523809525,108.13333333333334
19750,11,0.0,119.18181818181819
19751,31,0.002150537634408602,59.61290322580645
19752,153,0.01238390092879257,99.47712418300654
19753,10,0.022222222222222223,55.6
19754,2,0.0,63.5
19755,24,0.021739130434782608,90.20833333333333
19756,128,0.014640748031496063,102.6640625
19757,83,0.013811342932706435,101.74698795180723
19758,6,0.0,51.333333333333336
19759,48,0.010638297872340425,87.91666666666667
19760,62,0.014806980433632998,104.61290322580645
19761,150,0.018702460850111857,120.16
19762,64,0.010912698412698412,78.90625
19763,35,0.0033613445378151263,57.74285714285714
19764,190,0.013032581453634085,100.34210526315789
19765,6,0.0,38.333333333333336
19766,13,0.01282051282051282,78.84615384615384
19767,0,0.0,0.0
19768,63,0.00972862263184844,91.7936507936508
19769,9,0.027777777777777776,76.22222222222223
19770,52,0.013574660633484163,90.09615384615384
19771,82,0.021981330924420357,108.3170731707317
19772,28,0.010582010582010581,102.71428571428571
19773,5,0.0,120.8
19774,35,0.013445378151260505,125.2
19775,90,0.010986267166042446,94.73333333333333
19776,15,0.009523809523809525,55.666666666666664
19777,88,0.014890282131661442,104.60227272727273
19778,44,0.006342494714587738,88.5909090909091
19779,28,0.015873015873015872,104.57142857142857
19780,18,0.006535947712418301,60.333333333333336
19781,5,0.0,126.2
19782,15,0.0,60.6
19783,110,0.009174311926605505,90.19090909090909
19784,100,0.009898989898989899,84.6
19785,2,0.0,50.5
19786,17,0.007352941176470588,117.88235294117646
19787,17,0.022058823529411766,94.23529411764706
19788,20,0.031578947368421054,106.55
19789,7,0.0,81.42857142857143
19790,53,0.023947750362844702,129.43396226415095
19791,6,0.0,78.83333333333333
19792,2,0.0,14.5
19793,6,0.06666666666666667,168.66666666666666
19794,10,0.0,81.3
19795,1,0.0,114.0
19796,15,0.02857142857142857,100.0
19797,10,0.0,58.1
19798,4,0.0,63.0
19799,10,0.0,86.6
19800,22,0.012987012987012988,157.13636363636363
19801,52,0.006787330316742082,94.48076923076923
19802,15,0.009523809523809525,61.8
19803,4,0.0,144.75
19804,1,0.0,21.0
19805,11,0.01818181818181818,161.45454545454547
19806,18,0.0,60.666666666666664
19807,151,0.015717439293598236,111.70860927152317
19808,31,0.02795698924731183,109.12903225806451
19809,5,0.0,52.2
19810,3,0.0,46.333333333333336
19811,1,0.0,55.0
19812,4,0.0,37.75
19813,16,0.008333333333333333,111.1875
19814,27,0.022792022792022793,113.11111111111111
19815,1,0.0,122.0
19816,52,0.015082956259426848,119.03846153846153
19817,43,0.01107419712070875,102.37209302325581
19818,15,0.0,87.0
19819,1,0.0,27.0
19820,30,0.011494252873563218,116.03333333333333
19821,53,0.005805515239477504,92.24528301886792
19822,3,0.0,18.333333333333332
19823,5,0.0,97.4
19824,8,0.0,57.5
19825,16,0.0,86.625
19826,30,0.011494252873563218,58.53333333333333
19827,35,0.008403361344537815,70.0
19828,43,0.01107419712070875,88.95348837209302
19829,3,0.0,135.0
19830,36,0.009523809523809525,134.72222222222223
19831,11,0.0,60.81818181818182
19832,63,0.011776753712237584,99.84126984126983
19833,1,0.0,133.0
19834,0,0.0,0.0
19835,9,0.0,56.666666666666664
19836,34,0.023172905525846704,126.11764705882354
19837,12,0.0,97.5
19838,8,0.0,63.0
19839,5,0.0,86.8
19840,47,0.005550416281221091,73.82978723404256
19841,59,0.012273524254821741,98.79661016949153
19842,8,0.0,83.25
19843,0,0.0,0.0
19844,1,0.0,49.0
19845,3,0.0,10.333333333333334
19846,48,0.028368794326241134,121.33333333333333
19847,16,0.008333333333333333,69.625
19848,0,0.0,0.0
19849,15,0.0,109.33333333333333
19850,41,0.00975609756097561,90.78048780487805
19851,21,0.014285714285714285,86.9047619047619
19852,15,0.0,73.0
19853,8,0.0,62.125
19854,34,0.030303030303030304,112.79411764705883
19855,49,0.0195578231292517,112.75510204081633
19856,4,0.0,98.75
19857,47,0.005550416281221091,84.93617021276596
19858,19,0.023391812865497075,136.05263157894737
19859,36,0.009523809523809525,82.22222222222223
19860,17,0.051470588235294115,172.1764705882353
19861,17,0.022058823529411766,99.41176470588235
19862,43,0.023255813953488372,126.25581395348837
19863,23,0.007905138339920948,72.95652173913044
19864,13,0.05128205128205128,128.15384615384616
19865,34,0.0106951871657754,82.05882352941177
19866,12,0.0,78.25
19867,23,0.019762845849802372,88.47826086956522
19868,5,0.0,70.0
19869,57,0.014411027568922305,97.50877192982456
19870,2,0.0,53.0
19871,123,0.01639344262295082,107.1869918699187
19872,12,0.0,79.5
19873,5,0.1,106.2
19874,5,0.0,75.4
19875,8,0.0,62.375
19876,46,0.014492753623188406,91.58695652173913
19877,34,0.0053475935828877,75.11764705882354
19878,3,0.0,24.0
19879,3,0.0,76.66666666666667
19880,21,0.023809523809523808,115.61904761904762
19881,8,0.0,44.625
19882,16,0.025,118.5
19883,42,0.030197444831591175,170.4047619047619
19884,42,0.009291521486643438,78.85714285714286
19885,5,0.0,330.4
19886,50,0.011428571428571429,91.24
19887,52,0.013574660633484163,102.5
19888,0,0.0,0.0
19889,56,0.005844155844155844,74.01785714285714
19890,90,0.010736579275905118,86.11111111111111
19891,1,0.0,36.0
19892,55,0.022895622895622896,145.70909090909092
19893,22,0.004329004329004329,59.27272727272727
19894,108,0.013326410522672204,116.02777777777777
19895,16,0.025,151.75
19896,24,0.0,81.0
19897,13,0.0,72.07692307692308
19898,19,0.023391812865497075,141.78947368421052
19899,5,0.0,109.4
19900,11,0.03636363636363636,87.54545454545455
19901,10,0.0,67.0
19902,4,0.0,116.0
19903,128,0.013164370078740157,96.9453125
19904,45,0.01818181818181818,108.95555555555555
19905,15,0.0,82.66666666666667
19906,34,0.0053475935828877,72.23529411764706
19907,6,0.0,53.0
19908,26,0.012307692307692308,117.8076923076923
19909,6,0.0,77.33333333333333
19910,9,0.0,81.77777777777777
19911,9,0.0,119.11111111111111
19912,285,0.01013096120583148,85.46666666666667
19913,5,0.0,45.2
19914,0,0.0,0.0
19915,103,0.011993146773272416,93.64077669902913
19916,28,0.021164021164021163,110.82142857142857
19917,90,0.018726591760299626,116.15555555555555
19918,40,0.023076923076923078,124.625
19919,39,0.008097165991902834,91.43589743589743
19920,24,0.007246376811594203,87.33333333333333
19921,3,0.0,39.0
19922,22,0.017316017316017316,111.72727272727273
19923,6,0.06666666666666667,212.5
19924,33,0.005681818181818182,87.42424242424242
19925,22,0.004329004329004329,90.86363636363636
19926,0,0.0,0.0
19927,10,0.0,70.4
19928,1,0.0,74.0
19929,61,0.012568306010928962,99.50819672131148
19930,36,0.004761904761904762,90.08333333333333
19931,55,0.010101010101010102,96.27272727272727
19932,18,0.006535947712418301,75.11111111111111
19933,8,0.03571428571428571,98.0
19934,31,0.0064516129032258064,101.12903225806451
19935,21,0.02857142857142857,101.47619047619048
19936,0,0.0,0.0
19937,12,0.0,79.5
19938,72,0.01134585289514867,101.23611111111111
19939,8,0.03571428571428571,57.875
19940,1,0.0,73.0
19941,1,0.0,197.0
19942,35,0.011764705882352941,101.42857142857143
19943,23,0.011857707509881422,65.0
19944,15,0.01904761904761905,116.26666666666667
19945,166,0.014822928075940125,103.10843373493977
19946,10,0.0,89.2
19947,12,0.0,83.16666666666667
19948,0,0.0,0.0
19949,52,0.005279034690799397,71.0576923076923
19950,141,0.009017223910840932,87.22695035460993
19951,1,0.0,9.0
19952,178,0.017837872151336254,117.51123595505618
19953,16,0.008333333333333333,65.5
19954,4,0.0,30.75
19955,24,0.010869565217391304,171.75
19956,9,0.0,39.333333333333336
19957,74,0.017771195853387635,106.01351351351352
19958,24,0.0,73.25
19959,16,0.008333333333333333,77.5
19960,7,0.047619047619047616,89.57142857142857
19961,95,0.011646136618141097,95.47368421052632
19962,4,0.0,32.25
19963,14,0.02197802197802198,71.5
19964,67,0.014020805065581185,102.44776119402985
19965,20,0.005263157894736842,61.25
19966,10,0.0,76.5
19967,3,0.0,85.0
19968,38,0.021337126600284494,133.89473684210526
19969,57,0.011278195488721804,85.0
19970,15,0.009523809523809525,183.2
19971,5,0.0,129.8
19972,14,0.0,82.35714285714286
19973,154,0.009761480349715643,87.18181818181819
19974,13,0.02564102564102564,123.38461538461539
19975,9,0.0,114.22222222222223
19976,25,0.006666666666666667,75.68
19977,17,0.022058823529411766,80.47058823529412
19978,8,0.0,80.25
19979,16,0.0,71.1875
19980,0,0.0,0.0
19981,67,0.016282225237449117,96.53731343283582
19982,6,0.0,76.66666666666667
19983,30,0.013793103448275862,90.03333333333333
19984,23,0.003952569169960474,89.52173913043478
19985,13,0.02564102564102564,157.15384615384616
19986,10,0.0,145.8
19987,2,0.0,110.0
19988,13,0.0,99.38461538461539
19989,10,0.0,83.6
19990,542,0.01201819781598925,96.19188191881919
19991,19,0.011695906432748537,60.0
19992,4,0.0,24.25
19993,10,0.0,95.6
19994,257,0.020093628404669262,125.73540856031128
19995,10,0.06666666666666667,140.7
19996,135,0.018684355997788834,120.44444444444444
19997,20,0.005263157894736842,64.1
19998,19,0.0,71.52631578947368
19999,20,0.010526315789473684,95.1
20000,65,0.028365384615384615,147.4923076923077
20001,0,0.0,0.0
20002,5,0.0,45.8
20003,10,0.0,105.4
20004,20,0.0,97.55
20005,1,0.0,554.0
20006,24,0.014492753623188406,89.75
20007,13,0.0,66.38461538461539
20008,6,0.0,128.5
20009,47,0.014801110083256245,97.1063829787234
20010,13,0.0,37.15384615384615
20011,57,0.020050125313283207,116.6140350877193
20012,4,0.0,92.25
20013,3,0.0,133.0
20014,15,0.0380952380952381,75.86666666666666
20015,6,0.0,69.33333333333333
20016,14,0.0,98.78571428571429
20017,11,0.01818181818181818,175.54545454545453
20018,1,0.0,54.0
20019,18,0.013071895424836602,156.83333333333334
20020,27,0.008547008547008548,67.14814814814815
20021,15,0.02857142857142857,80.73333333333333
20022,12,0.015151515151515152,83.91666666666667
20023,26,0.009230769230769232,77.8076923076923
20024,84,0.011187607573149742,96.79761904761905
20025,5,0.0,53.0
20026,18,0.0,42.333333333333336
20027,3,0.0,104.33333333333333
20028,0,0.0,0.0
20029,150,0.015302013422818792,107.23333333333333
20030,63,0.010240655401945725,90.88888888888889
20031,63,0.019969278033794162,105.06349206349206
20032,82,0.013550135501355014,105.5609756097561
20033,13,0.01282051282051282,134.46153846153845
20034,41,0.01707317073170732,115.82926829268293
20035,10,0.0,191.7
20036,99,0.02370645227788085,130.74747474747474
20037,54,0.010482180293501049,102.0
20038,67,0.022161917684305744,112.59701492537313
20039,8,0.0,93.75
20040,198,0.016510280469671332,107.48484848484848
20041,27,0.002849002849002849,75.74074074074075
20042,40,0.014102564102564103,90.55
20043,26,0.015384615384615385,110.42307692307692
20044,26,0.012307692307692308,91.42307692307692
20045,2,0.0,175.0
20046,19,0.005847953216374269,89.73684210526316
20047,5,0.1,118.0
20048,15,0.0,69.66666666666667
20049,2,0.0,30.0
20050,13,0.02564102564102564,145.6153846153846
20051,3,0.0,66.0
20052,3,0.0,76.33333333333333
20053,38,0.004267425320056899,70.78947368421052
20054,171,0.014723082215342277,109.39181286549707
20055,20,0.02631578947368421,97.7
20056,169,0.016131304592843055,104.88165680473372
20057,40,0.011538461538461539,115.75
20058,3,0.3333333333333333,128.0
20059,21,0.004761904761904762,80.80952380952381
20060,37,0.006006006006006006,72.89189189189189
20061,33,0.0,70.18181818181819
20062,1,0.0,55.0
20063,11,0.0,109.27272727272727
20064,36,0.023809523809523808,145.13888888888889
20065,2,0.0,39.5
20066,37,0.010510510510510511,71.32432432432432
20067,4,0.0,103.75
20068,8,0.0,42.375
20069,26,0.003076923076923077,65.3076923076923
20070,32,0.006048387096774193,105.65625
20071,35,0.021848739495798318,128.28571428571428
20072,145,0.014942528735632184,100.17931034482758
20073,15,0.01904761904761905,119.66666666666667
20074,20,0.042105263157894736,101.9
20075,42,0.016260162601626018,120.21428571428571
20076,2,0.0,62.5
20077,17,0.014705882352941176,83.29411764705883
20078,9,0.027777777777777776,112.66666666666667
20079,40,0.03205128205128205,161.2
20080,5,0.0,58.0
20081,160,0.01800314465408805,118.5875
20082,2,0.0,73.0
20083,4,0.0,134.0
20084,13,0.01282051282051282,62.38461538461539
20085,46,0.010628019323671498,87.26086956521739
20086,18,0.0,70.27777777777777
20087,6,0.0,83.16666666666667
20088,4,0.0,51.5
20089,3,0.0,119.66666666666667
20090,20,0.015789473684210527,94.7
20091,2,0.0,295.0
20092,22,0.012987012987012988,103.27272727272727
20093,52,0.01282051282051282,96.67307692307692
20094,0,0.0,0.0
20095,8,0.0,53.0
20096,57,0.010651629072681704,97.24561403508773
20097,2,0.0,105.5
20098,58,0.008469449485783424,98.39655172413794
20099,9,0.027777777777777776,141.33333333333334
20100,5,0.1,224.4
20101,55,0.014141414141414142,98.78181818181818
20102,47,0.008325624421831638,104.1063829787234
20103,112,0.014800514800514801,101.80357142857143
20104,44,0.015856236786469344,90.22727272727273
20105,47,0.020351526364477335,121.70212765957447
20106,1,0.0,2.0
20107,18,0.0,74.55555555555556
20108,166,0.009419496166484118,88.50602409638554
20109,39,0.008097165991902834,70.46153846153847
20110,11,0.0,97.27272727272727
20111,138,0.008251348778165662,83.23913043478261
20112,33,0.00946969696969697,98.66666666666667
20113,153,0.014017887856897145,107.32679738562092
20114,89,0.008682328907048007,93.14606741573034
20115,42,0.011614401858304297,107.88095238095238
20116,2,0.0,30.0
20117,41,0.02926829268292683,118.3170731707317
20118,62,0.009518773135906928,87.93548387096774
20119,7,0.0,82.71428571428571
20120,75,0.013693693693693694,90.52
20121,191,0.009699641774593553,87.58638743455498
20122,87,0.011226944667201283,99.41379310344827
20123,23,0.015810276679841896,143.30434782608697
20124,14,0.0,90.71428571428571
20125,27,0.002849002849002849,79.74074074074075
20126,11,0.0,135.0
20127,8,0.03571428571428571,153.375
20128,6,0.0,117.16666666666667
20129,1,0.0,47.0
20130,182,0.015906745188513146,109.3956043956044
20131,16,0.008333333333333333,47.25
20132,3,0.3333333333333333,38.0
20133,39,0.024291497975708502,131.89743589743588
20134,12,0.0,97.16666666666667
20135,3,0.0,56.333333333333336
20136,12,0.015151515151515152,106.83333333333333
20137,4,0.0,107.5
20138,83,0.022333235380546577,121.34939759036145
20139,51,0.007058823529411765,75.15686274509804
20140,13,0.02564102564102564,128.53846153846155
20141,2,0.0,8.0
20142,152,0.008975252701289647,81.40131578947368
20143,6,0.0,83.16666666666667
20144,18,0.0196078431372549,88.11111111111111
20145,7,0.14285714285714285,242.71428571428572
20146,19,0.005847953216374269,99.94736842105263
20147,9,0.027777777777777776,86.0
20148,3,0.0,76.33333333333333
20149,17,0.014705882352941176,60.11764705882353
20150,31,0.0064516129032258064,85.06451612903226
20151,6,0.0,135.66666666666666
20152,1,0.0,275.0
20153,0,0.0,0.0
20154,40,0.016666666666666666,93.475
20155,1,0.0,178.0
20156,1,0.0,16.0
20157,10,0.022222222222222223,89.5
20158,8,0.0,52.75
20159,49,0.008503401360544218,93.79591836734694
20160,22,0.012987012987012988,94.5
20161,0,0.0,0.0
20162,20,0.0,80.85
20163,125,0.025419354838709676,125.696
20164,96,0.012280701754385965,100.82291666666667
20165,26,0.012307692307692308,129.96153846153845
20166,9,0.0,146.44444444444446
20167,41,0.01707317073170732,120.65853658536585
20168,9,0.05555555555555555,125.22222222222223
20169,12,0.015151515151515152,56.666666666666664
20170,0,0.0,0.0
20171,15,0.02857142857142857,146.93333333333334
20172,22,0.017316017316017316,133.6818181818182
20173,12,0.015151515151515152,109.08333333333333
20174,11,0.0,90.81818181818181
20175,5,0.0,72.6
20176,47,0.013876040703052728,83.38297872340425
20177,69,0.01278772378516624,97.85507246376811
20178,7,0.0,59.714285714285715
20179,0,0.0,0.0
20180,15,0.0,107.46666666666667
20181,99,0.011750154607297465,104.68686868686869
20182,9,0.027777777777777776,105.55555555555556
20183,17,0.0,58.35294117647059
20184,9,0.0,114.33333333333333
20185,3,0.0,47.0
20186,0,0.0,0.0
20187,26,0.027692307692307693,156.80769230769232
20188,19,0.005847953216374269,136.42105263157896
20189,44,0.014799154334038054,106.38636363636364
20190,112,0.019305019305019305,125.0
20191,67,0.011307100859339666,110.11940298507463
20192,13,0.0,88.15384615384616
20193,2,0.0,97.0
20194,32,0.016129032258064516,87.1875
20195,26,0.009230769230769232,76.1923076923077
20196,56,0.007142857142857143,88.71428571428571
20197,22,0.012987012987012988,99.31818181818181
20198,7,0.0,61.57142857142857
20199,56,0.014935064935064935,107.46428571428571
20200,144,0.014083139083139084,98.30555555555556
20201,89,0.011491317671092951,83.75280898876404
20202,4,0.0,73.0
20203,18,0.013071895424836602,68.94444444444444
20204,6,0.06666666666666667,64.83333333333333
20205,2,0.0,48.5
20206,15,0.009523809523809525,82.53333333333333
20207,0,0.0,0.0
20208,16,0.008333333333333333,75.125
20209,12,0.0,59.583333333333336
20210,7,0.047619047619047616,98.42857142857143
20211,86,0.017236662106703146,114.11627906976744
20212,21,0.023809523809523808,128.33333333333334
20213,7,0.0,109.28571428571429
20214,4,0.0,44.25
20215,99,0.02329416615130901,134.25252525252526
20216,215,0.012953705716148664,97.97674418604652
20217,48,0.01773049645390071,86.66666666666667
20218,6,0.0,55.666666666666664
20219,9,0.0,62.111111111111114
20220,1,0.0,68.0
20221,11,0.01818181818181818,153.27272727272728
20222,10,0.0,74.2
20223,11,0.03636363636363636,241.0
20224,50,0.004897959183673469,71.98
20225,27,0.019943019943019943,147.2962962962963
20226,9,0.027777777777777776,93.77777777777777
20227,50,0.018775510204081632,111.54
20228,6,0.0,54.666666666666664
20229,18,0.0196078431372549,103.77777777777777
20230,7,0.0,118.0
20231,6,0.0,57.833333333333336
20232,3,0.3333333333333333,122.0
20233,10,0.0,62.4
20234,5,0.0,82.8
20235,16,0.0,79.375
20236,27,0.002849002849002849,87.07407407407408
20237,40,0.017948717948717947,120.625
20238,8,0.0,40.5
20239,5,0.0,104.2
20240,32,0.006048387096774193,73.71875
20241,16,0.03333333333333333,137.5
20242,43,0.006644518272425249,100.32558139534883
20243,55,0.009427609427609427,102.23636363636363
20244,4,0.0,51.75
20245,16,0.016666666666666666,89.0625
20246,7,0.0,42.42857142857143
20247,9,0.0,94.22222222222223
20248,20,0.010526315789473684,77.35
20249,57,0.02443609022556391,114.3157894736842
20250,12,0.0,105.5
20251,58,0.0205686630369026,100.96551724137932
20252,14,0.0,47.285714285714285
20253,55,0.017508417508417508,95.7090909090909
20254,13,0.0,54.46153846153846
20255,14,0.03296703296703297,84.28571428571429
20256,29,0.0,82.44827586206897
20257,0,0.0,0.0
20258,1,0.0,51.0
20259,13,0.0,111.23076923076923
20260,3,0.0,79.66666666666667
20261,38,0.01849217638691323,145.42105263157896
20262,71,0.0096579476861167,87.63380281690141
20263,17,0.007352941176470588,96.41176470588235
20264,66,0.014918414918414918,104.12121212121212
20265,14,0.0,119.64285714285714
20266,43,0.015503875968992248,99.11627906976744
20267,58,0.0102843315184513,104.46551724137932
20268,9,0.027777777777777776,82.88888888888889
20269,18,0.006535947712418301,53.77777777777778
20270,19,0.0,80.73684210526316
20271,6,0.0,90.0
20272,47,0.012025901942645698,107.87234042553192
20273,1,0.0,64.0
20274,50,0.013061224489795919,92.76
20275,4,0.3333333333333333,424.5
20276,32,0.014112903225806451,107.0
20277,20,0.02631578947368421,107.85
20278,6,0.0,118.33333333333333
20279,57,0.011904761904761904,89.03508771929825
20280,117,0.0206307102858827,125.55555555555556
20281,13,0.02564102564102564,64.61538461538461
20282,287,0.013888550473916328,103.0801393728223
20283,87,0.013365410318096765,92.183908045977
20284,31,0.0064516129032258064,57.935483870967744
20285,34,0.0213903743315508,123.58823529411765
20286,2,0.0,81.5
20287,147,0.01453732177802628,105.28571428571429
20288,1,0.0,717.0
20289,17,0.007352941176470588,56.88235294117647
20290,7,0.0,48.142857142857146
20291,36,0.012698412698412698,86.19444444444444
20292,16,0.0,86.875
20293,60,0.010734463276836158,79.11666666666666
20294,0,0.0,0.0
20295,25,0.023333333333333334,220.32
20296,11,0.05454545454545454,102.9090909090909
20297,79,0.018500486854917234,118.59493670886076
20298,0,0.0,0.0
20299,15,0.0,53.53333333333333
20300,8,0.0,82.125
20301,18,0.006535947712418301,88.38888888888889
20302,7,0.047619047619047616,185.85714285714286
20303,23,0.003952569169960474,72.65217391304348
20304,19,0.005847953216374269,90.42105263157895
20305,18,0.006535947712418301,117.94444444444444
20306,11,0.0,97.0
20307,2,0.0,96.0
20308,17,0.007352941176470588,75.11764705882354
20309,6,0.13333333333333333,74.33333333333333
20310,16,0.0,98.9375
20311,21,0.07142857142857142,177.33333333333334
20312,33,0.005681818181818182,72.6969696969697
20313,20,0.021052631578947368,121.85
20314,1,0.0,20.0
20315,27,0.019943019943019943,112.14814814814815
20316,15,0.009523809523809525,89.13333333333334
20317,38,0.015647226173541962,105.86842105263158
20318,158,0.017012013222607435,122.73417721518987
20319,68,0.022388059701492536,140.1764705882353
20320,18,0.032679738562091505,167.0
20321,27,0.0,55.51851851851852
20322,56,0.013636363636363636,113.53571428571429
20323,17,0.014705882352941176,134.11764705882354
20324,6,0.0,62.5
20325,50,0.02122448979591837,120.28
20326,53,0.01088534107402032,105.11320754716981
20327,12,0.030303030303030304,189.58333333333334
20328,88,0.013584117032392894,89.43181818181819
20329,17,0.03676470588235294,109.76470588235294
20330,5,0.0,40.8
20331,1,0.0,32.0
20332,2,0.0,140.5
20333,17,0.03676470588235294,186.0
20334,0,0.0,0.0
20335,78,0.024309024309024308,132.5
20336,49,0.01020408163265306,84.51020408163265
20337,59,0.014611338398597311,95.98305084745763
20338,4,0.0,78.5
20339,11,0.05454545454545454,115.81818181818181
20340,24,0.007246376811594203,74.33333333333333
20341,25,0.006666666666666667,95.84
20342,11,0.0,46.0
20343,10,0.044444444444444446,81.5
20344,22,0.017316017316017316,123.13636363636364
20345,1,0.0,30.0
20346,0,0.0,0.0
20347,3,0.0,59.666666666666664
20348,11,0.0,80.9090909090909
20349,23,0.011857707509881422,92.1304347826087
20350,4,0.0,46.5
20351,24,0.0036231884057971015,67.79166666666667
20352,5,0.0,79.8
20353,1,0.0,28.0
20354,12,0.030303030303030304,90.0
20355,23,0.0,61.73913043478261
20356,7,0.0,63.0
20357,7,0.0,23.571428571428573
20358,16,0.016666666666666666,113.5
20359,33,0.011363636363636364,135.6969696969697
20360,37,0.006006006006006006,65.10810810810811
20361,8,0.03571428571428571,138.875
20362,41,0.014634146341463415,100.36585365853658
20363,46,0.008695652173913044,91.0
20364,8,0.03571428571428571,129.625
20365,2,0.0,69.0
20366,3,0.0,48.666666666666664
20367,36,0.0031746031746031746,66.91666666666667
20368,7,0.0,80.28571428571429
20369,9,0.08333333333333333,211.88888888888889
20370,12,0.0,120.25
20371,18,0.006535947712418301,138.44444444444446
20372,30,0.013793103448275862,93.6
20373,18,0.0196078431372549,174.44444444444446
20374,8,0.0,65.875
20375,37,0.009009009009009009,80.0
20376,49,0.02891156462585034,162.16326530612244
20377,58,0.02722323049001815,136.3793103448276
20378,9,0.027777777777777776,109.55555555555556
20379,29,0.012315270935960592,93.93103448275862
20380,56,0.014285714285714285,115.91071428571429
20381,6,0.0,28.333333333333332
20382,65,0.009615384615384616,93.55384615384615
20383,10,0.0,74.6
20384,50,0.006530612244897959,76.16
20385,8,0.0,96.0
20386,0,0.0,0.0
20387,717,0.010880998574133377,90.65411436541143
20388,5,0.0,97.0
20389,43,0.012181616832779624,117.32558139534883
20390,5,0.0,348.0
20391,26,0.006153846153846154,91.03846153846153
20392,1,0.0,46.0
20393,13,0.01282051282051282,133.46153846153845
20394,10,0.0,84.5
20395,19,0.04093567251461988,181.1578947368421
20396,10,0.022222222222222223,50.4
20397,4,0.0,106.25
20398,26,0.018461538461538463,102.15384615384616
20399,34,0.0213903743315508,167.55882352941177
20400,16,0.0,86.4375
20401,119,0.012248967383563595,102.5798319327731
20402,45,0.011111111111111112,93.35555555555555
20403,1,0.0,65.0
20404,20,0.010526315789473684,99.4
20405,7,0.0,49.0
20406,52,0.01282051282051282,102.21153846153847
20407,3,0.0,4.333333333333333
20408,5,0.0,80.8
20409,72,0.016040688575899843,119.73611111111111
20410,23,0.019762845849802372,115.47826086956522
20411,6,0.0,54.833333333333336
20412,4,0.0,91.5
20413,12,0.06060606060606061,142.58333333333334
20414,5,0.0,93.2
20415,8,0.0,43.625
20416,9,0.027777777777777776,152.44444444444446
20417,9,0.027777777777777776,60.77777777777778
20418,9,0.1111111111111111,241.77777777777777
20419,19,0.029239766081871343,83.6842105263158
20420,21,0.009523809523809525,107.33333333333333
20421,22,0.012987012987012988,98.81818181818181
20422,28,0.0026455026455026454,90.35714285714286
20423,74,0.012217697149203998,98.6891891891892
20424,4,0.0,80.5
20425,19,0.017543859649122806,110.52631578947368
20426,8,0.0,47.375
20427,0,0.0,0.0
20428,45,0.010101010101010102,79.71111111111111
20429,3,0.0,45.666666666666664
20430,34,0.012477718360071301,80.47058823529412
20431,20,0.005263157894736842,87.9
20432,6,0.0,24.333333333333332
20433,20,0.010526315789473684,92.5
20434,11,0.0,82.54545454545455
20435,2,0.0,141.5
20436,9,0.0,124.77777777777777
20437,71,0.01971830985915493,112.77464788732394
20438,4,0.0,82.25
20439,125,0.015096774193548388,104.488
20440,17,0.022058823529411766,161.8235294117647
20441,13,0.0,53.76923076923077
20442,8,0.0,126.75
20443,34,0.0285204991087344,138.64705882352942
20444,18,0.006535947712418301,105.16666666666667
20445,0,0.0,0.0
20446,41,0.0012195121951219512,64.63414634146342
20447,2,0.0,8.0
20448,96,0.009429824561403509,86.58333333333333
20449,7,0.0,49.285714285714285
20450,2,0.0,55.0
20451,76,0.009824561403508772,98.65789473684211
20452,36,0.007936507936507936,89.11111111111111
20453,0,0.0,0.0
20454,5,0.0,41.8
20455,8,0.0,41.5
20456,53,0.013062409288824383,88.43396226415095
20457,17,0.014705882352941176,73.29411764705883
20458,21,0.009523809523809525,81.14285714285714
20459,6,0.0,63.166666666666664
20460,34,0.0071301247771836,69.94117647058823
20461,2,0.0,60.0
20462,45,0.03333333333333333,168.04444444444445
20463,3,0.0,41.666666666666664
20464,5,0.0,204.8
20465,29,0.017241379310344827,111.37931034482759
20466,17,0.007352941176470588,95.88235294117646
20467,53,0.02177068214804064,114.41509433962264
20468,44,0.015856236786469344,112.18181818181819
20469,18,0.026143790849673203,134.33333333333334
20470,15,0.009523809523809525,125.06666666666666
20471,31,0.008602150537634409,86.0
20472,9,0.0,67.22222222222223
20473,7,0.0,78.0
20474,41,0.02195121951219512,137.2439024390244
20475,8,0.0,74.0
20476,1,0.0,44.0
20477,80,0.013924050632911392,89.6375
20478,60,0.011299435028248588,76.76666666666667
20479,2,0.0,25.0
20480,20,0.010526315789473684,190.5
20481,14,0.04395604395604396,129.07142857142858
20482,5,0.0,113.0
20483,1,0.0,13.0
20484,3,0.0,92.66666666666667
20485,1,0.0,44.0
20486,18,0.013071895424836602,83.27777777777777
20487,6,0.0,87.83333333333333
20488,53,0.012336719883889695,116.84905660377359
20489,11,0.03636363636363636,139.45454545454547
20490,119,0.010112519584104829,88.11764705882354
20491,1,0.0,97.0
20492,151,0.012980132450331127,96.42384105960265
20493,34,0.0053475935828877,75.6470588235294
20494,4,0.0,153.5
20495,10,0.0,72.0
20496,2,0.0,96.5
20497,8,0.03571428571428571,129.625
20498,146,0.015588096362777516,103.64383561643835
20499,2,0.0,14.0
20500,2,0.0,37.5
20501,1,0.0,217.0
20502,10,0.022222222222222223,182.8
20503,45,0.01616161616161616,120.08888888888889
20504,26,0.006153846153846154,78.8076923076923
20505,10,0.022222222222222223,135.5
20506,3,0.0,68.0
20507,21,0.009523809523809525,106.04761904761905
20508,1,0.0,181.0
20509,7,0.047619047619047616,70.42857142857143
20510,53,0.01088534107402032,100.0
20511,24,0.0,71.20833333333333
20512,7,0.09523809523809523,70.42857142857143
20513,10,0.044444444444444446,98.4
20514,17,0.007352941176470588,85.11764705882354
20515,12,0.0,70.25
20516,103,0.0140871882733676,95.84466019417475
20517,12,0.015151515151515152,88.75
20518,3,0.0,116.33333333333333
20519,39,0.022941970310391364,112.41025641025641
20520,222,0.01471607353960295,101.58108108108108
20521,44,0.014799154334038054,102.9090909090909
20522,12,0.06060606060606061,172.66666666666666
20523,28,0.015873015873015872,107.78571428571429
20524,1,0.0,27.0
20525,50,0.011428571428571429,84.3
20526,6,0.0,60.0
20527,3,0.0,71.33333333333333
20528,3,0.0,90.66666666666667
20529,56,0.014285714285714285,97.64285714285714
20530,1,0.0,142.0
20531,6,0.0,46.0
20532,5,0.0,78.4
20533,17,0.014705882352941176,121.76470588235294
20534,19,0.029239766081871343,147.1578947368421
20535,21,0.0,60.19047619047619
20536,28,0.0026455026455026454,76.17857142857143
20537,19,0.011695906432748537,92.10526315789474
20538,84,0.01549053356282272,108.83333333333333
20539,13,0.0,86.3076923076923
20540,164,0.012868472243004638,100.11585365853658
20541,2,0.0,41.5
20542,42,0.017421602787456445,102.83333333333333
20543,1,0.0,20.0
20544,22,0.047619047619047616,217.27272727272728
20545,3,0.0,25.666666666666668
20546,72,0.017996870109546165,114.55555555555556
20547,20,0.005263157894736842,105.5
20548,63,0.01638504864311316,119.55555555555556
20549,35,0.01680672268907563,100.85714285714286
20550,6,0.0,46.166666666666664
20551,2,0.0,55.0
20552,1,0.0,9.0
20553,0,0.0,0.0
20554,3,0.0,109.66666666666667
20555,11,0.0,154.63636363636363
20556,6,0.0,66.16666666666667
20557,81,0.009876543209876543,93.1358024691358
20558,2,0.0,16.5
20559,16,0.008333333333333333,66.0
20560,6,0.0,77.5
20561,26,0.009230769230769232,134.26923076923077
20562,11,0.01818181818181818,88.18181818181819
20563,2,0.0,117.5
20564,1,0.0,157.0
20565,24,0.007246376811594203,90.41666666666667
20566,0,0.0,0.0
20567,8,0.0,91.125
20568,4,0.0,82.75
20569,8,0.0,74.875
20570,0,0.0,0.0
20571,55,0.006060606060606061,74.49090909090908
20572,176,0.009220779220779221,87.125
20573,68,0.015803336259877086,114.82352941176471
20574,253,0.013175230566534914,100.39525691699605
20575,21,0.004761904761904762,89.23809523809524
20576,125,0.012,86.44
20577,52,0.00904977375565611,97.15384615384616
20578,9,0.0,51.77777777777778
20579,11,0.0,69.36363636363636
20580,84,0.02094090648307516,125.86904761904762
20581,2,0.0,114.0
20582,9,0.0,59.22222222222222
20583,32,0.020161290322580645,100.4375
20584,89,0.010469867211440245,98.78651685393258
20585,17,0.007352941176470588,70.6470588235294
20586,42,0.024390243902439025,161.76190476190476
20587,96,0.008114035087719297,80.79166666666667
20588,1,0.0,245.0
20589,27,0.017094017094017096,103.33333333333333
20590,12,0.0,91.66666666666667
20591,6,0.0,60.166666666666664
20592,2,0.0,54.0
20593,65,0.01730769230769231,107.16923076923077
20594,6,0.0,76.66666666666667
20595,104,0.020911127707244213,116.24038461538461
20596,155,0.010222036028487641,83.27096774193548
20597,3,0.0,131.0
20598,14,0.04395604395604396,159.35714285714286
20599,15,0.02857142857142857,69.46666666666667
20600,3,0.0,48.0
20601,44,0.014799154334038054,115.52272727272727
20602,4,0.0,40.0
20603,14,0.01098901098901099,63.92857142857143
20604,0,0.0,0.0
20605,18,0.006535947712418301,71.5
20606,9,0.0,50.111111111111114
20607,38,0.011379800853485065,99.84210526315789
20608,52,0.02564102564102564,121.67307692307692
20609,12,0.015151515151515152,70.83333333333333
20610,37,0.010510510510510511,77.13513513513513
20611,41,0.00853658536585366,85.70731707317073
20612,1,0.0,11.0
20613,0,0.0,0.0
20614,19,0.011695906432748537,71.6842105263158
20615,4,0.0,120.25
20616,0,0.0,0.0
20617,27,0.005698005698005698,129.74074074074073
20618,14,0.0,68.28571428571429
20619,6,0.0,82.66666666666667
20620,25,0.013333333333333334,168.64
20621,259,0.01316931549489689,100.64478764478764
20622,8,0.0,87.75
20623,3,0.0,42.0
20624,113,0.019753476611883692,121.95575221238938
20625,62,0.005288207297726071,89.87096774193549
20626,2,0.0,23.5
20627,7,0.0,56.0
20628,43,0.007751937984496124,69.5813953488372
20629,13,0.01282051282051282,91.53846153846153
20630,14,0.0,91.92857142857143
20631,18,0.0,99.0
20632,6,0.06666666666666667,103.33333333333333
20633,16,0.016666666666666666,91.125
20634,25,0.03333333333333333,107.84
20635,29,0.007389162561576354,97.96551724137932
20636,37,0.009009009009009009,101.72972972972973
20637,59,0.008182349503214495,75.0
20638,42,0.020905923344947737,92.69047619047619
20639,154,0.016721840251252017,115.97402597402598
20640,33,0.01893939393939394,103.6969696969697
20641,2,0.0,94.0
20642,1,0.0,104.0
20643,2,0.0,137.0
20644,6,0.0,100.0
20645,23,0.007905138339920948,109.34782608695652
20646,54,0.015373864430468204,94.51851851851852
20647,6,0.06666666666666667,183.0
20648,21,0.0,84.57142857142857
20649,3,0.0,39.0
20650,29,0.017241379310344827,109.34482758620689
20651,18,0.0,64.38888888888889
20652,13,0.0,71.92307692307692
20653,4,0.0,39.0
20654,3,0.0,147.0
20655,93,0.01729780271154745,113.90322580645162
20656,64,0.01636904761904762,95.484375
20657,21,0.0,67.61904761904762
20658,56,0.014935064935064935,106.83928571428571
20659,46,0.003864734299516908,62.91304347826087
20660,15,0.009523809523809525,103.26666666666667
20661,54,0.009084556254367574,75.46296296296296
20662,55,0.017508417508417508,109.27272727272727
20663,2,0.0,93.0
20664,34,0.0017825311942959,91.55882352941177
20665,26,0.003076923076923077,64.6923076923077
20666,3,0.0,59.666666666666664
20667,8,0.0,126.125
20668,11,0.0,121.0
20669,32,0.012096774193548387,76.875
20670,42,0.010452961672473868,102.16666666666667
20671,18,0.026143790849673203,190.61111111111111
20672,24,0.010869565217391304,98.33333333333333
20673,16,0.0,114.1875
20674,4,0.0,100.25
20675,4,0.0,123.75
20676,131,0.01632413388138579,115.13740458015268
20677,116,0.014692653673163419,96.4396551724138
20678,21,0.004761904761904762,75.0
20679,48,0.012411347517730497,105.5
20680,15,0.02857142857142857,83.26666666666667
20681,12,0.015151515151515152,45.666666666666664
20682,17,0.014705882352941176,83.0
20683,1,0.0,51.0
20684,41,0.004878048780487805,56.609756097560975
20685,19,0.011695906432748537,67.3157894736842
20686,52,0.011312217194570135,84.42307692307692
20687,15,0.02857142857142857,76.53333333333333
20688,0,0.0,0.0
20689,31,0.030107526881720432,164.48387096774192
20690,30,0.006896551724137931,93.9
20691,2,0.0,71.5
20692,16,0.008333333333333333,120.3125
20693,3,0.0,154.66666666666666
20694,18,0.013071895424836602,60.77777777777778
20695,0,0.0,0.0
20696,15,0.02857142857142857,76.06666666666666
20697,3,0.0,63.0
20698,4,0.0,62.0
20699,17,0.007352941176470588,54.88235294117647
20700,4,0.0,176.25
20701,2,0.0,47.0
20702,0,0.0,0.0
20703,75,0.016576576576576577,113.34666666666666
20704,80,0.016455696202531647,105.775
20705,4,0.0,42.0
20706,43,0.007751937984496124,96.18604651162791
20707,49,0.02040816326530612,116.40816326530613
20708,8,0.0,83.25
20709,18,0.013071895424836602,73.61111111111111
20710,43,0.016611295681063124,87.81395348837209
20711,2,0.0,56.0
20712,61,0.024043715846994537,120.1311475409836
20713,24,0.018115942028985508,110.66666666666667
20714,48,0.012411347517730497,110.52083333333333
20715,11,0.01818181818181818,101.27272727272727
20716,2,0.0,64.0
20717,7,0.0,94.0
20718,55,0.011447811447811448,98.0
20719,9,0.0,59.44444444444444
20720,38,0.02418207681365576,149.10526315789474
20721,2,0.0,42.5
20722,5,0.1,91.2
20723,12,0.07575757575757576,137.33333333333334
20724,11,0.01818181818181818,209.8181818181818
20725,6,0.0,298.1666666666667
20726,7,0.0,77.28571428571429
20727,10,0.0,75.5
20728,11,0.01818181818181818,99.0909090909091
20729,37,0.015015015015015015,92.62162162162163
20730,3,0.0,276.6666666666667
20731,44,0.003171247357293869,66.54545454545455
20732,43,0.01107419712070875,101.18604651162791
20733,2,0.0,57.0
20734,53,0.01088534107402032,79.64150943396227
20735,70,0.014078674948240166,101.97142857142858
20736,0,0.0,0.0
20737,13,0.01282051282051282,96.38461538461539
20738,11,0.05454545454545454,169.1818181818182
20739,251,0.013322709163346614,103.58167330677291
20740,0,0.0,0.0
20741,5,0.0,71.0
20742,2,1.0,282.0
20743,12,0.030303030303030304,97.0
20744,20,0.015789473684210527,163.1
20745,19,0.005847953216374269,77.73684210526316
20746,2,0.0,114.5
20747,29,0.024630541871921183,91.48275862068965
20748,6,0.0,32.166666666666664
20749,31,0.025806451612903226,156.4516129032258
20750,5,0.0,49.0
20751,17,0.022058823529411766,88.11764705882354
20752,8,0.0,157.125
20753,29,0.009852216748768473,105.20689655172414
20754,12,0.0,160.08333333333334
20755,20,0.0,80.6
20756,0,0.0,0.0
20757,7,0.047619047619047616,134.28571428571428
20758,8,0.0,76.0
20759,16,0.008333333333333333,59.4375
20760,14,0.0,64.5
20761,7,0.0,136.28571428571428
20762,82,0.022282445046672688,134.85365853658536
20763,7,0.0,91.85714285714286
20764,12,0.015151515151515152,110.08333333333333
20765,1,0.0,1.0
20766,28,0.005291005291005291,81.64285714285714
20767,30,0.0022988505747126436,85.46666666666667
20768,16,0.0,73.9375
20769,10,0.022222222222222223,123.2
20770,28,0.013227513227513227,87.25
20771,21,0.009523809523809525,129.1904761904762
20772,28,0.0,81.67857142857143
20773,1,0.0,107.0
20774,22,0.025974025974025976,123.27272727272727
20775,9,0.1388888888888889,218.11111111111111
20776,0,0.0,0.0
20777,13,0.01282051282051282,62.38461538461539
20778,1,0.0,63.0
20779,8,0.07142857142857142,109.75
20780,13,0.01282051282051282,84.46153846153847
20781,20,0.005263157894736842,84.3
20782,2,0.0,25.5
20783,20,0.0,61.2
20784,3,0.0,30.333333333333332
20785,24,0.03260869565217391,119.5
20786,1,0.0,64.0
20787,12,0.0,85.66666666666667
20788,8,0.0,74.0
20789,54,0.012578616352201259,96.75925925925925
20790,14,0.03296703296703297,140.85714285714286
20791,8,0.03571428571428571,78.625
20792,107,0.01939693175806736,115.61682242990655
20793,33,0.013257575757575758,81.72727272727273
20794,0,0.0,0.0
20795,36,0.009523809523809525,70.38888888888889
20796,26,0.006153846153846154,56.73076923076923
20797,10,0.022222222222222223,72.0
20798,124,0.014555468135326514,103.19354838709677
20799,20,0.015789473684210527,112.7
20800,8,0.03571428571428571,73.75
20801,88,0.013322884012539185,103.23863636363636
20802,5,0.0,54.0
20803,21,0.01904761904761905,117.0
20804,55,0.011447811447811448,92.63636363636364
20805,36,0.009523809523809525,71.83333333333333
20806,26,0.015384615384615385,81.8076923076923
20807,33,0.00946969696969697,83.66666666666667
20808,12,0.0,64.16666666666667
20809,48,0.028368794326241134,132.75
20810,1,0.0,91.0
20811,5,0.0,110.4
20812,9,0.0,62.77777777777778
20813,4,0.0,64.75
20814,16,0.008333333333333333,129.5625
20815,1,0.0,3.0
20816,150,0.01395973154362416,112.52
20817,2,0.0,99.5
20818,1,0.0,18.0
20819,51,0.023529411764705882,132.19607843137254
20820,65,0.011057692307692308,95.70769230769231
20821,17,0.022058823529411766,96.52941176470588
20822,156,0.013316790736145575,98.78205128205128
20823,42,0.004645760743321719,80.07142857142857
20824,9,0.0,116.0
20825,7,0.0,27.0
20826,91,0.02612942612942613,131.72527472527472
20827,25,0.013333333333333334,78.32
20828,196,0.013605442176870748,101.73979591836735
20829,3,0.0,87.66666666666667
20830,92,0.022455805064500716,120.31521739130434
20831,0,0.0,0.0
20832,19,0.017543859649122806,114.3157894736842
20833,23,0.003952569169960474,69.78260869565217
20834,97,0.013530927835051547,103.20618556701031
20835,7,0.0,72.85714285714286
20836,1,0.0,108.0
20837,1,0.0,126.0
20838,37,0.0045045045045045045,86.51351351351352
20839,2,0.0,85.5
20840,34,0.016042780748663103,100.91176470588235
20841,75,0.01981981981981982,122.17333333333333
20842,8,0.0,29.125
20843,45,0.00808080808080808,82.8
20844,31,0.01935483870967742,84.25806451612904
20845,69,0.022591645353793693,139.95652173913044
20846,2,0.0,78.0
20847,126,0.012952380952380953,99.13492063492063
20848,0,0.0,0.0
20849,1,0.0,19.0
20850,25,0.0033333333333333335,50.56
20851,13,0.02564102564102564,96.76923076923077
20852,13,0.0,72.6923076923077
20853,11,0.01818181818181818,76.18181818181819
20854,1,0.0,130.0
20855,22,0.004329004329004329,70.22727272727273
20856,5,0.0,55.0
20857,49,0.02040816326530612,121.04081632653062
20858,59,0.013442431326709527,106.59322033898304
20859,8,0.0,73.5
20860,8,0.0,59.75
20861,3,0.0,68.0
20862,7,0.0,221.28571428571428
20863,7,0.0,117.14285714285714
20864,33,0.007575757575757576,93.0909090909091
20865,9,0.0,64.77777777777777
20866,3,0.0,34.0
20867,4,0.0,68.5
20868,9,0.0,41.333333333333336
20869,19,0.011695906432748537,76.21052631578948
20870,47,0.013876040703052728,90.02127659574468
20871,1,0.0,91.0
20872,65,0.012980769230769231,106.67692307692307
20873,30,0.01839080459770115,100.2
20874,43,0.018826135105204873,105.04651162790698
20875,27,0.002849002849002849,60.629629629629626
20876,29,0.009852216748768473,119.24137931034483
20877,12,0.015151515151515152,60.583333333333336
20878,23,0.003952569169960474,73.56521739130434
20879,50,0.017959183673469388,124.1
20880,9,0.0,95.33333333333333
20881,3,0.0,146.66666666666666
20882,191,0.012234775420225958,93.91623036649214
20883,15,0.009523809523809525,64.93333333333334
20884,49,0.017006802721088437,109.65306122448979
20885,42,0.019744483159117306,123.35714285714286
20886,22,0.004329004329004329,102.45454545454545
20887,58,0.008469449485783424,79.06896551724138
20888,103,0.014467923091566724,110.3883495145631
20889,92,0.009555661729574774,87.05434782608695
20890,17,0.007352941176470588,77.76470588235294
20891,19,0.005847953216374269,93.52631578947368
20892,48,0.015957446808510637,87.72916666666667
20893,27,0.017094017094017096,95.11111111111111
20894,0,0.0,0.0
20895,12,0.030303030303030304,104.41666666666667
20896,8,0.10714285714285714,308.5
20897,12,0.015151515151515152,62.75
20898,31,0.012903225806451613,78.3225806451613
20899,35,0.015126050420168067,106.8
20900,7,0.0,87.0
20901,33,0.007575757575757576,88.78787878787878
20902,24,0.014492753623188406,120.08333333333333
20903,12,0.0,41.0
20904,5,0.0,67.8
20905,7,0.0,127.85714285714286
20906,47,0.005550416281221091,61.4468085106383
20907,4,0.0,25.75
20908,98,0.009257311171891438,88.86734693877551
20909,42,0.012775842044134728,81.9047619047619
20910,5,0.0,80.6
20911,2,0.0,20.0
20912,8,0.03571428571428571,98.375
20913,26,0.009230769230769232,111.61538461538461
20914,19,0.0,76.89473684210526
20915,9,0.0,209.55555555555554
20916,73,0.021689497716894976,109.4931506849315
20917,105,0.011721611721611722,98.9047619047619
20918,28,0.0,96.92857142857143
20919,28,0.015873015873015872,86.64285714285714
20920,35,0.015126050420168067,90.0
20921,49,0.01020408163265306,104.16326530612245
20922,7,0.0,96.28571428571429
20923,48,0.01773049645390071,121.97916666666667
20924,12,0.0,60.166666666666664
20925,1,0.0,9.0
20926,73,0.012557077625570776,103.0
20927,24,0.018115942028985508,91.41666666666667
20928,9,0.0,89.77777777777777
20929,15,0.0,66.93333333333334
20930,63,0.009216589861751152,93.07936507936508
20931,12,0.015151515151515152,77.75
20932,28,0.0,72.32142857142857
20933,19,0.011695906432748537,65.52631578947368
20934,9,0.0,98.22222222222223
20935,49,0.011904761904761904,92.57142857142857
20936,144,0.009421134421134422,80.85416666666667
20937,2,0.0,46.0
20938,11,0.01818181818181818,75.81818181818181
20939,19,0.011695906432748537,86.26315789473684
20940,11,0.05454545454545454,203.27272727272728
20941,9,0.027777777777777776,83.55555555555556
20942,20,0.021052631578947368,92.4
20943,3,0.0,75.33333333333333
20944,3,0.0,65.33333333333333
20945,33,0.007575757575757576,77.21212121212122
20946,41,0.013414634146341463,143.58536585365854
20947,17,0.007352941176470588,101.17647058823529
20948,27,0.002849002849002849,80.5925925925926
20949,41,0.00853658536585366,93.41463414634147
20950,8,0.0,67.25
20951,38,0.01991465149359886,118.84210526315789
20952,45,0.015151515151515152,103.53333333333333
20953,2,0.0,33.0
20954,0,0.0,0.0
20955,25,0.0033333333333333335,89.72
20956,9,0.0,43.888888888888886
20957,5,0.0,80.4
20958,107,0.010051137365543996,90.09345794392523
20959,18,0.032679738562091505,159.38888888888889
20960,17,0.014705882352941176,113.05882352941177
20961,4,0.0,38.0
20962,37,0.012012012012012012,85.32432432432432
20963,4,0.0,46.75
20964,36,0.014285714285714285,112.36111111111111
20965,111,0.021457821457821456,133.981981981982
20966,5,0.0,67.6
20967,22,0.008658008658008658,103.22727272727273
20968,12,0.0,69.25
20969,32,0.008064516129032258,73.0625
20970,5,0.0,105.0
20971,2,0.0,107.0
20972,22,0.012987012987012988,83.04545454545455
20973,13,0.0,67.61538461538461
20974,15,0.009523809523809525,75.6
20975,158,0.018543900669192936,116.5632911392405
20976,7,0.09523809523809523,116.28571428571429
20977,4,0.0,122.75
20978,39,0.037786774628879895,171.87179487179486
20979,43,0.005537098560354375,91.97674418604652
20980,3,0.0,61.0
20981,5,0.0,78.6
20982,10,0.022222222222222223,98.2
20983,189,0.015310142969717437,108.47619047619048
20984,8,0.0,63.875
20985,6,0.0,56.166666666666664
20986,2,1.0,26.5
20987,2,0.0,39.0
20988,23,0.019762845849802372,140.65217391304347
20989,5,0.0,79.6
20990,39,0.004048582995951417,82.76923076923077
20991,12,0.0,60.416666666666664
20992,94,0.01967513154884466,119.44680851063829
20993,70,0.009109730848861283,97.81428571428572
20994,1,0.0,168.0
20995,17,0.007352941176470588,78.29411764705883
20996,7,0.0,118.28571428571429
20997,8,0.0,76.75
20998,1,0.0,20.0
20999,27,0.008547008547008548,81.66666666666667
21000,32,0.006048387096774193,73.625
21001,20,0.02631578947368421,104.5
21002,82,0.018970189701897018,123.39024390243902
21003,16,0.0,85.0
21004,6,0.0,19.0
21005,2,0.0,219.5
21006,60,0.00847457627118644,76.01666666666667
21007,3,0.0,59.0
21008,92,0.013616817964644052,97.09782608695652
21009,0,0.0,0.0
21010,2,0.0,52.5
21011,33,0.017045454545454544,97.72727272727273
21012,6,0.0,114.66666666666667
21013,1,0.0,251.0
21014,38,0.007112375533428165,73.5
21015,25,0.013333333333333334,111.6
21016,34,0.026737967914438502,154.44117647058823
21017,8,0.0,50.75
21018,60,0.014124293785310734,122.35
21019,15,0.009523809523809525,65.46666666666667
21020,9,0.0,107.77777777777777
21021,25,0.013333333333333334,78.16
21022,16,0.016666666666666666,86.8125
21023,45,0.00909090909090909,95.8
21024,26,0.012307692307692308,93.07692307692308
21025,36,0.006349206349206349,108.44444444444444
21026,4,0.0,50.0
21027,14,0.01098901098901099,63.92857142857143
21028,27,0.03133903133903134,124.74074074074075
21029,148,0.016179444750873323,110.12162162162163
21030,9,0.08333333333333333,79.0
21031,17,0.022058823529411766,126.76470588235294
21032,4,0.0,166.0
21033,32,0.02620967741935484,151.125
21034,52,0.03092006033182504,150.71153846153845
21035,12,0.0,99.5
21036,83,0.014105201292976785,103.92771084337349
21037,223,0.011513755908374742,91.45291479820628
21038,69,0.01875532821824382,109.8695652173913
21039,29,0.0024630541871921183,76.55172413793103
21040,3,0.0,70.33333333333333
21041,24,0.007246376811594203,113.95833333333333
21042,15,0.009523809523809525,158.93333333333334
21043,2,0.0,35.5
21044,5,0.0,35.8
21045,7,0.0,108.42857142857143
21046,28,0.021164021164021163,76.82142857142857
21047,29,0.007389162561576354,77.03448275862068
21048,13,0.02564102564102564,168.92307692307693
21049,56,0.01103896103896104,91.125
21050,19,0.03508771929824561,93.15789473684211
21051,35,0.020168067226890758,117.25714285714285
21052,57,0.014411027568922305,99.9298245614035
21053,2,0.0,54.5
21054,12,0.0,87.83333333333333
21055,97,0.012242268041237113,92.41237113402062
21056,8,0.0,78.875
21057,39,0.01349527665317139,95.71794871794872
21058,3,0.0,47.0
21059,6,0.0,78.83333333333333
21060,22,0.008658008658008658,59.09090909090909
21061,5,0.0,114.6
21062,9,0.05555555555555555,59.77777777777778
21063,5,0.1,357.6
21064,33,0.007575757575757576,78.36363636363636
21065,17,0.022058823529411766,182.1764705882353
21066,6,0.0,66.66666666666667
21067,4,0.0,75.5
21068,33,0.028409090909090908,130.78787878787878
21069,31,0.010752688172043012,114.3225806451613
21070,333,0.01369441730887514,101.54354354354355
21071,139,0.010947763528307789,98.10791366906474
21072,10,0.08888888888888889,357.5
21073,1,0.0,20.0
21074,14,0.0,77.57142857142857
21075,73,0.018645357686453576,105.4931506849315
21076,5,0.0,201.2
21077,16,0.008333333333333333,103.3125
21078,5,0.0,71.2
21079,173,0.014719720392525877,105.28901734104046
21080,4,0.0,271.0
21081,33,0.013257575757575758,97.45454545454545
21082,5,0.0,168.8
21083,4,0.0,105.75
21084,11,0.0,84.0
21085,54,0.01607267645003494,117.81481481481481
21086,1,0.0,433.0
21087,23,0.003952569169960474,70.21739130434783
21088,49,0.016156462585034014,109.63265306122449
21089,34,0.0213903743315508,121.67647058823529
21090,151,0.013774834437086093,102.83443708609272
21091,2,0.0,101.5
21092,27,0.005698005698005698,66.62962962962963
21093,49,0.011054421768707483,103.89795918367346
21094,37,0.006006006006006006,78.94594594594595
21095,2,0.0,65.5
21096,52,0.013574660633484163,104.92307692307692
21097,3,0.0,48.666666666666664
21098,99,0.012574726860441147,102.79797979797979
21099,1,0.0,133.0
21100,9,0.0,86.0
21101,147,0.009039232131208648,84.06802721088435
21102,2,0.0,22.0
21103,7,0.0,68.0
21104,25,0.006666666666666667,70.0
21105,3,0.3333333333333333,336.3333333333333
21106,15,0.01904761904761905,89.93333333333334
21107,20,0.010526315789473684,102.9
21108,132,0.015614156835530881,110.68939393939394
21109,4,0.0,107.75
21110,11,0.0,95.81818181818181
21111,11,0.0,140.54545454545453
21112,39,0.006747638326585695,88.71794871794872
21113,7,0.0,100.14285714285714
21114,3,0.0,55.0
21115,22,0.008658008658008658,58.04545454545455
21116,51,0.009411764705882352,88.72549019607843
21117,4,0.0,91.5
21118,7,0.0,70.85714285714286
21119,28,0.026455026455026454,147.14285714285714
21120,103,0.020940415000951836,115.81553398058253
21121,13,0.0,94.07692307692308
21122,15,0.01904761904761905,91.0
21123,4,0.0,134.25
21124,11,0.01818181818181818,76.81818181818181
21125,22,0.012987012987012988,81.22727272727273
21126,5,0.1,38.4
21127,4,0.0,35.25
21128,18,0.013071895424836602,105.72222222222223
21129,8,0.0,80.875
21130,9,0.0,120.22222222222223
21131,48,0.010638297872340425,103.27083333333333
21132,6,0.0,84.83333333333333
21133,43,0.016611295681063124,99.20930232558139
21134,12,0.0,72.08333333333333
21135,7,0.047619047619047616,73.57142857142857
21136,1,0.0,175.0
21137,5,0.0,45.0
21138,70,0.016977225672877846,114.61428571428571
21139,128,0.018208661417322834,113.21875
21140,39,0.024291497975708502,156.84615384615384
21141,2,0.0,46.5
21142,23,0.011857707509881422,84.91304347826087
21143,219,0.012064848561015458,94.6986301369863
21144,33,0.01893939393939394,130.24242424242425
21145,4,0.0,236.5
21146,69,0.02557544757033248,142.34782608695653
21147,23,0.015810276679841896,109.69565217391305
21148,35,0.023529411764705882,103.57142857142857
21149,15,0.0,48.266666666666666
21150,17,0.007352941176470588,88.23529411764706
21151,6,0.0,103.66666666666667
21152,8,0.07142857142857142,90.25
21153,5,0.0,70.4
21154,17,0.0,75.88235294117646
21155,7,0.0,108.85714285714286
21156,5,0.0,47.4
21157,10,0.0,69.2
21158,5,0.1,112.4
21159,9,0.027777777777777776,135.44444444444446
21160,28,0.007936507936507936,52.285714285714285
21161,32,0.014112903225806451,84.4375
21162,61,0.021311475409836064,110.68852459016394
21163,1,0.0,25.0
21164,10,0.0,73.4
21165,62,0.013220518244315178,102.70967741935483
21166,4,0.0,66.5
21167,6,0.0,59.5
21168,5,0.0,42.8
21169,47,0.008325624421831638,82.51063829787235
21170,106,0.013477088948787063,110.41509433962264
21171,8,0.0,105.25
21172,4,0.0,52.75
21173,52,0.01885369532428356,136.76923076923077
21174,24,0.0,62.375
21175,6,0.0,132.0
21176,156,0.01141439205955335,93.48717948717949
21177,25,0.01,86.24
21178,10,0.0,31.6
21179,3,0.0,124.0
21180,18,0.006535947712418301,71.44444444444444
21181,14,0.01098901098901099,58.142857142857146
21182,5,0.0,264.0
21183,35,0.0033613445378151263,75.88571428571429
21184,37,0.03003003003003003,130.02702702702703
21185,45,0.024242424242424242,123.4888888888889
21186,15,0.047619047619047616,111.0
21187,22,0.012987012987012988,82.86363636363636
21188,24,0.010869565217391304,72.08333333333333
21189,11,0.0,61.18181818181818
21190,11,0.01818181818181818,126.63636363636364
21191,4,0.0,76.0
21192,71,0.016498993963782696,101.30985915492958
21193,7,0.047619047619047616,56.42857142857143
21194,87,0.01256348569901096,100.01149425287356
21195,55,0.01818181818181818,95.27272727272727
21196,21,0.004761904761904762,69.61904761904762
21197,15,0.0,81.46666666666667
21198,82,0.019572417946401688,133.0
21199,1,0.0,45.0
21200,25,0.01,96.0
21201,49,0.013605442176870748,100.95918367346938
21202,7,0.0,60.285714285714285
21203,10,0.022222222222222223,76.1
21204,0,0.0,0.0
21205,6,0.0,47.833333333333336
21206,0,0.0,0.0
21207,20,0.005263157894736842,93.75
21208,28,0.005291005291005291,99.92857142857143
21209,36,0.022222222222222223,144.08333333333334
21210,32,0.006048387096774193,100.03125
21211,18,0.0,58.611111111111114
21212,31,0.012903225806451613,101.29032258064517
21213,0,0.0,0.0
21214,4,0.0,43.25
21215,11,0.01818181818181818,140.72727272727272
21216,2,1.0,926.5
21217,61,0.007103825136612022,76.72131147540983
21218,4,0.0,107.5
21219,11,0.01818181818181818,49.45454545454545
21220,12,0.0,44.916666666666664
21221,5,0.0,117.6
21222,11,0.01818181818181818,117.54545454545455
21223,1,0.0,76.0
21224,104,0.009708737864077669,92.15384615384616
21225,27,0.014245014245014245,86.66666666666667
21226,112,0.015444015444015444,100.875
21227,2,0.0,36.0
21228,15,0.009523809523809525,65.2
21229,32,0.020161290322580645,115.875
21230,2,0.0,76.0
21231,62,0.026441036488630356,129.67741935483872
21232,11,0.05454545454545454,135.1818181818182
21233,29,0.017241379310344827,86.27586206896552
21234,5,0.0,119.8
21235,17,0.007352941176470588,92.58823529411765
21236,16,0.008333333333333333,61.8125
21237,1,0.0,31.0
21238,3,0.3333333333333333,117.66666666666667
21239,9,0.0,85.44444444444444
21240,6,0.0,117.83333333333333
21241,3,0.0,291.6666666666667
21242,21,0.03333333333333333,159.23809523809524
21243,87,0.010157711841753542,90.16091954022988
21244,18,0.0,101.16666666666667
21245,1,0.0,29.0
21246,61,0.009289617486338797,80.1639344262295
21247,8,0.03571428571428571,47.0
21248,11,0.0,92.72727272727273
21249,16,0.008333333333333333,76.875
21250,13,0.02564102564102564,109.3076923076923
21251,1,0.0,12.0
21252,24,0.0036231884057971015,75.08333333333333
21253,0,0.0,0.0
21254,2,0.0,162.5
21255,28,0.021164021164021163,145.03571428571428
21256,4,0.0,134.75
21257,1,0.0,21.0
21258,12,0.0,66.25
21259,3,0.0,47.333333333333336
21260,1,0.0,9.0
21261,12,0.06060606060606061,194.66666666666666
21262,41,0.02195121951219512,127.14634146341463
21263,3,0.0,51.0
21264,16,0.008333333333333333,82.9375
21265,150,0.018612975391498882,112.93333333333334
21266,7,0.0,71.42857142857143
21267,8,0.0,74.625
21268,144,0.012723387723387724,98.40277777777777
21269,125,0.008516129032258065,80.456
21270,219,0.012818901596078925,96.26027397260275
21271,6,0.0,65.0
21272,37,0.0045045045045045045,82.24324324324324
21273,20,0.015789473684210527,94.9
21274,105,0.012454212454212455,96.32380952380953
21275,18,0.013071895424836602,105.88888888888889
21276,15,0.01904761904761905,109.4
21277,4,0.0,104.75
21278,1,0.0,69.0
21279,79,0.008438818565400843,83.59493670886076
21280,53,0.012336719883889695,93.33962264150944
21281,5,0.0,90.6
21282,6,0.0,80.16666666666667
21283,38,0.007112375533428165,73.97368421052632
21284,12,0.015151515151515152,69.08333333333333
21285,16,0.0,53.8125
21286,125,0.010838709677419355,91.568
21287,20,0.005263157894736842,53.15
21288,109,0.010703363914373088,98.5045871559633
21289,14,0.0,33.642857142857146
21290,39,0.004048582995951417,72.58974358974359
21291,8,0.0,76.625
21292,20,0.03684210526315789,161.55
21293,23,0.007905138339920948,66.17391304347827
21294,15,0.02857142857142857,134.13333333333333
21295,0,0.0,0.0
21296,2,0.0,29.5
21297,38,0.017069701280227598,94.36842105263158
21298,13,0.01282051282051282,77.46153846153847
21299,2,0.0,156.5
21300,4,0.0,42.75
21301,1,0.0,148.0
21302,25,0.006666666666666667,99.32
21303,11,0.03636363636363636,82.18181818181819
21304,33,0.054924242424242424,205.12121212121212
21305,5,0.0,93.0
21306,2,0.0,120.5
21307,46,0.01642512077294686,96.17391304347827
21308,3,0.0,58.333333333333336
21309,18,0.0,96.72222222222223
21310,28,0.037037037037037035,167.35714285714286
21311,1,0.0,44.0
21312,16,0.025,137.75
21313,83,0.00969732588892154,104.93975903614458
21314,9,0.027777777777777776,77.11111111111111
21315,2,0.0,13.5
21316,14,0.0,104.42857142857143
21317,15,0.0,69.2
21318,23,0.011857707509881422,92.47826086956522
21319,1,0.0,75.0
21320,7,0.0,84.85714285714286
21321,21,0.023809523809523808,80.0
21322,25,0.016666666666666666,94.6
21323,5,0.0,95.4
21324,23,0.011857707509881422,98.78260869565217
21325,28,0.007936507936507936,84.78571428571429
21326,6,0.0,46.666666666666664
21327,173,0.014450867052023121,100.51445086705202
21328,26,0.033846153846153845,163.92307692307693
21329,3,0.0,71.33333333333333
21330,42,0.010452961672473868,100.35714285714286
21331,6,0.06666666666666667,171.5
21332,4,0.0,88.25
21333,0,0.0,0.0
21334,16,0.008333333333333333,85.25
21335,1,0.0,110.0
21336,35,0.005042016806722689,99.85714285714286
21337,30,0.01839080459770115,121.93333333333334
21338,6,0.0,55.0
21339,15,0.0,52.53333333333333
21340,4,0.0,51.25
21341,12,0.0,116.41666666666667
21342,3,0.0,71.66666666666667
21343,90,0.014232209737827715,109.9888888888889
21344,20,0.010526315789473684,98.55
21345,2,0.0,84.0
21346,0,0.0,0.0
21347,71,0.00925553319919517,72.36619718309859
21348,154,0.011374246668364315,93.24675324675324
21349,19,0.017543859649122806,120.21052631578948
21350,13,0.0,39.38461538461539
21351,7,0.0,39.57142857142857
21352,1,0.0,173.0
21353,51,0.009411764705882352,108.23529411764706
21354,72,0.016823161189358372,111.43055555555556
21355,36,0.014285714285714285,114.72222222222223
21356,66,0.009790209790209791,95.89393939393939
21357,171,0.009769521843825249,84.64912280701755
21358,2,0.0,150.0
21359,33,0.013257575757575758,81.63636363636364
21360,38,0.011379800853485065,110.71052631578948
21361,42,0.024390243902439025,120.0
21362,8,0.0,67.0
21363,3,0.0,83.66666666666667
21364,3,0.0,143.33333333333334
21365,34,0.017825311942959002,93.52941176470588
21366,3,0.0,45.333333333333336
21367,3,0.0,22.333333333333332
21368,38,0.015647226173541962,111.52631578947368
21369,8,0.0,62.0
21370,0,0.0,0.0
21371,5,0.0,60.2
21372,0,0.0,0.0
21373,2,0.0,43.0
21374,0,0.0,0.0
21375,1,0.0,253.0
21376,170,0.016080751827358162,105.29411764705883
21377,30,0.011494252873563218,128.1
21378,6,0.0,46.5
21379,19,0.011695906432748537,108.21052631578948
21380,4,0.0,60.5
21381,7,0.0,34.57142857142857
21382,17,0.007352941176470588,76.11764705882354
21383,46,0.015458937198067632,124.69565217391305
21384,3,0.0,32.333333333333336
21385,5,0.0,145.0
21386,0,0.0,0.0
21387,46,0.012560386473429951,91.30434782608695
21388,17,0.014705882352941176,88.58823529411765
21389,26,0.012307692307692308,108.88461538461539
21390,58,0.019358741681790685,117.51724137931035
21391,6,0.0,76.66666666666667
21392,3,0.0,54.333333333333336
21393,10,0.0,61.0
21394,6,0.0,78.16666666666667
21395,0,0.0,0.0
21396,9,0.027777777777777776,250.22222222222223
21397,42,0.006968641114982578,94.47619047619048
21398,42,0.010452961672473868,120.02380952380952
21399,15,0.009523809523809525,126.73333333333333
21400,0,0.0,0.0
21401,26,0.009230769230769232,97.8076923076923
21402,113,0.016592920353982302,115.89380530973452
21403,1,0.0,528.0
21404,9,0.0,95.22222222222223
21405,8,0.0,79.375
21406,0,0.0,0.0
21407,5,0.0,52.8
21408,9,0.0,43.888888888888886
21409,12,0.0,95.83333333333333
21410,21,0.01904761904761905,110.19047619047619
21411,17,0.022058823529411766,107.82352941176471
21412,12,0.0,41.833333333333336
21413,85,0.022408963585434174,114.97647058823529
21414,80,0.015822784810126583,105.475
21415,1,0.0,23.0
21416,107,0.02345265385293599,133.98130841121494
21417,52,0.005279034690799397,80.40384615384616
21418,11,0.01818181818181818,96.72727272727273
21419,43,0.02768549280177187,119.74418604651163
21420,6,0.06666666666666667,75.33333333333333
21421,74,0.011847463902258423,95.44594594594595
21422,2,0.0,439.5
21423,22,0.03463203463203463,142.13636363636363
21424,6,0.0,53.5
21425,12,0.0,141.25
21426,0,0.0,0.0
21427,2,1.0,560.0
21428,3,0.0,50.666666666666664
21429,14,0.01098901098901099,89.71428571428571
21430,7,0.0,269.7142857142857
21431,0,0.0,0.0
21432,0,0.0,0.0
21433,0,0.0,0.0
21434,1,0.0,72.0
21435,26,0.021538461538461538,134.42307692307693
21436,61,0.009836065573770493,101.24590163934427
21437,3,0.0,30.666666666666668
21438,11,0.0,57.18181818181818
21439,24,0.0036231884057971015,77.08333333333333
21440,42,0.006968641114982578,70.5952380952381
21441,1,0.0,194.0
21442,4,0.0,130.25
21443,76,0.015438596491228071,120.97368421052632
21444,5,0.0,40.8
21445,10,0.044444444444444446,212.8
21446,1,0.0,5.0
21447,66,0.011188811188811189,93.5
21448,9,0.0,142.77777777777777
21449,201,0.015920398009950248,112.91044776119404
21450,150,0.012885906040268456,99.69333333333333
21451,5,0.0,95.8
21452,16,0.008333333333333333,64.8125
21453,5,0.0,42.8
21454,8,0.0,68.75
21455,21,0.0,78.42857142857143
21456,29,0.007389162561576354,71.55172413793103
21457,17,0.007352941176470588,111.05882352941177
21458,62,0.007403490216816499,95.46774193548387
21459,16,0.041666666666666664,108.0625
21460,27,0.0,73.70370370370371
21461,8,0.0,71.375
21462,31,0.034408602150537634,148.32258064516128
21463,222,0.012351718234071175,94.27477477477477
21464,2,0.0,64.5
21465,70,0.01780538302277433,111.65714285714286
21466,0,0.0,0.0
21467,22,0.03463203463203463,157.72727272727272
21468,5,0.0,65.8
21469,1,0.0,21.0
21470,16,0.025,138.1875
21471,16,0.0,55.0625
21472,109,0.015970098538905877,101.27522935779817
21473,29,0.019704433497536946,120.03448275862068
21474,69,0.011082693947144074,106.89855072463769
21475,11,0.0,53.09090909090909
21476,74,0.008885597926693817,77.8108108108108
21477,12,0.0,125.75
21478,8,0.0,72.75
21479,43,0.021040974529346623,133.1627906976744
21480,26,0.012307692307692308,89.8076923076923
21481,2,0.0,9.0
21482,1,0.0,19.0
21483,24,0.007246376811594203,77.70833333333333
21484,30,0.027586206896551724,153.53333333333333
21485,0,0.0,0.0
21486,21,0.01904761904761905,106.0
21487,5,0.0,201.6
21488,19,0.023391812865497075,97.89473684210526
21489,145,0.013409961685823755,99.86896551724138
21490,4,0.0,35.5
21491,1,0.0,1.0
21492,4,0.0,131.5
21493,91,0.011477411477411478,89.3956043956044
21494,35,0.015126050420168067,98.88571428571429
21495,53,0.010159651669085631,98.39622641509433
21496,5,0.0,58.0
21497,10,0.022222222222222223,96.0
21498,4,0.0,55.0
21499,4,0.0,52.5
21500,21,0.023809523809523808,124.71428571428571
21501,8,0.0,50.875
21502,5,0.0,49.8
21503,20,0.005263157894736842,84.5
21504,24,0.0036231884057971015,86.41666666666667
21505,6,0.0,96.5
21506,4,0.0,38.0
21507,3,0.0,117.0
21508,10,0.06666666666666667,216.3
21509,93,0.014726507713884993,103.59139784946237
21510,96,0.014692982456140351,109.94791666666667
21511,16,0.05,214.625
21512,77,0.009227614490772385,97.1038961038961
21513,3,0.3333333333333333,221.66666666666666
21514,17,0.007352941176470588,140.11764705882354
21515,26,0.009230769230769232,80.57692307692308
21516,71,0.020523138832997986,126.7605633802817
21517,6,0.0,93.83333333333333
21518,164,0.02304354331886877,132.85365853658536
21519,14,0.01098901098901099,94.92857142857143
21520,19,0.011695906432748537,138.68421052631578
21521,6,0.0,54.333333333333336
21522,18,0.0457516339869281,141.88888888888889
21523,27,0.008547008547008548,95.51851851851852
21524,19,0.005847953216374269,87.42105263157895
21525,3,0.0,39.666666666666664
21526,168,0.016324493869404048,112.05357142857143
21527,40,0.0038461538461538464,80.375
21528,4,0.0,62.0
21529,1,0.0,372.0
21530,2,0.0,86.5
21531,86,0.007660738714090287,74.84883720930233
21532,16,0.0,136.1875
21533,9,0.0,53.44444444444444
21534,1,0.0,25.0
21535,19,0.023391812865497075,70.10526315789474
21536,0,0.0,0.0
21537,1,0.0,66.0
21538,14,0.01098901098901099,117.92857142857143
21539,0,0.0,0.0
21540,14,0.03296703296703297,56.785714285714285
21541,18,0.0196078431372549,112.11111111111111
21542,0,0.0,0.0
21543,13,0.01282051282051282,137.53846153846155
21544,7,0.0,32.857142857142854
21545,3,0.0,98.33333333333333
21546,115,0.010068649885583524,83.59130434782608
21547,33,0.001893939393939394,66.06060606060606
21548,9,0.0,62.666666666666664
21549,0,0.0,0.0
21550,47,0.0037002775208140612,69.36170212765957
21551,11,0.03636363636363636,108.72727272727273
21552,71,0.011267605633802818,90.33802816901408
21553,17,0.04411764705882353,171.2941176470588
21554,201,0.015074626865671641,108.12437810945273
21555,0,0.0,0.0
21556,88,0.013845350052246604,89.4659090909091
21557,29,0.014778325123152709,90.93103448275862
21558,70,0.008695652173913044,79.95714285714286
21559,1,0.0,51.0
21560,27,0.019943019943019943,123.25925925925925
21561,210,0.013624971519708361,100.92857142857143
21562,41,0.007317073170731708,85.92682926829268
21563,27,0.017094017094017096,155.96296296296296
21564,0,0.0,0.0
21565,45,0.014141414141414142,121.5111111111111
21566,11,0.0,75.54545454545455
21567,3,0.0,69.33333333333333
21568,0,0.0,0.0
21569,133,0.01036682615629984,90.8796992481203
21570,37,0.013513513513513514,88.89189189189189
21571,8,0.0,69.875
21572,156,0.013647642679900745,102.74358974358974
21573,16,0.008333333333333333,113.875
21574,8,0.0,94.0
21575,29,0.03201970443349754,147.82758620689654
21576,10,0.0,82.2
21577,80,0.021518987341772152,129.1
21578,56,0.01753246753246753,110.17857142857143
21579,2,0.0,23.5
21580,6,0.0,94.66666666666667
21581,65,0.009134615384615385,93.6923076923077
21582,15,0.0,68.53333333333333
21583,6,0.0,71.83333333333333
21584,0,0.0,0.0
21585,16,0.008333333333333333,50.9375
21586,44,0.003171247357293869,69.68181818181819
21587,30,0.009195402298850575,101.76666666666667
21588,119,0.020367469021506907,125.67226890756302
21589,153,0.02081183350533196,132.79084967320262
21590,180,0.01185599006828057,95.97222222222223
21591,18,0.006535947712418301,128.77777777777777
21592,7,0.0,124.57142857142857
21593,64,0.010912698412698412,100.125
21594,182,0.014692489830611378,105.57142857142857
21595,33,0.015151515151515152,111.96969696969697
21596,0,0.0,0.0
21597,22,0.004329004329004329,61.22727272727273
21598,9,0.027777777777777776,79.55555555555556
21599,0,0.0,0.0
21600,29,0.022167487684729065,113.37931034482759
21601,2,0.0,6.5
21602,114,0.017078093463747866,110.21052631578948
21603,47,0.012025901942645698,105.27659574468085
21604,21,0.01904761904761905,124.9047619047619
21605,17,0.03676470588235294,183.7058823529412
21606,6,0.0,148.66666666666666
21607,7,0.0,78.0
21608,69,0.00937766410912191,81.23188405797102
21609,24,0.007246376811594203,90.125
21610,6,0.0,70.83333333333333
21611,36,0.0031746031746031746,104.0
21612,10,0.0,86.0
21613,0,0.0,0.0
21614,42,0.020905923344947737,145.26190476190476
21615,16,0.0,78.9375
21616,1,0.0,129.0
21617,9,0.0,85.77777777777777
21618,136,0.012309368191721133,90.68382352941177
21619,48,0.008865248226950355,100.75
21620,1,0.0,6.0
21621,17,0.0,100.23529411764706
21622,1,0.0,62.0
21623,1,0.0,99.0
21624,40,0.019230769230769232,104.9
21625,8,0.03571428571428571,121.75
21626,19,0.005847953216374269,90.89473684210526
21627,58,0.009074410163339383,86.60344827586206
21628,9,0.027777777777777776,86.22222222222223
21629,28,0.018518518518518517,97.25
21630,11,0.0,60.45454545454545
21631,53,0.013788098693759071,119.75471698113208
21632,8,0.03571428571428571,213.0
21633,11,0.03636363636363636,94.18181818181819
21634,2,0.0,65.5
21635,40,0.00641025641025641,64.15
21636,8,0.0,56.0
21637,2,0.0,26.5
21638,0,0.0,0.0
21639,22,0.004329004329004329,82.0
21640,3,0.0,88.33333333333333
21641,7,0.0,35.0
21642,5,0.0,52.4
21643,12,0.015151515151515152,67.08333333333333
21644,14,0.01098901098901099,65.14285714285714
21645,4,0.0,71.5
21646,15,0.0,36.266666666666666
21647,92,0.011944577161968466,98.67391304347827
21648,9,0.0,81.88888888888889
21649,3,0.0,89.66666666666667
21650,3,0.0,53.333333333333336
21651,9,0.027777777777777776,103.11111111111111
21652,2,0.0,10.0
21653,26,0.018461538461538463,105.65384615384616
21654,182,0.01244611741849311,106.2032967032967
21655,16,0.025,134.25
21656,5,0.0,74.4
21657,22,0.008658008658008658,90.18181818181819
21658,2,0.0,66.0
21659,4,0.0,46.5
21660,0,0.0,0.0
21661,19,0.0,75.52631578947368
21662,1,0.0,190.0
21663,38,0.011379800853485065,94.5
21664,16,0.058333333333333334,143.5
21665,14,0.0,80.78571428571429
21666,10,0.022222222222222223,118.6
21667,24,0.0036231884057971015,53.708333333333336
21668,169,0.013172724711186249,102.42011834319527
21669,7,0.0,56.142857142857146
21670,2,0.0,91.0
21671,91,0.013431013431013432,93.81318681318682
21672,52,0.030165912518853696,148.6153846153846
21673,127,0.014373203349581302,99.83464566929133
21674,10,0.0,56.8
21675,1,0.0,16.0
21676,35,0.020168067226890758,106.14285714285714
21677,4,0.0,165.5
21678,4,0.0,382.25
21679,43,0.012181616832779624,86.37209302325581
21680,18,0.006535947712418301,73.61111111111111
21681,4,0.0,65.0
21682,4,0.0,50.5
21683,4,0.0,84.5
21684,1,0.0,45.0
21685,33,0.01893939393939394,127.39393939393939
21686,11,0.0,145.27272727272728
21687,19,0.011695906432748537,126.57894736842105
21688,45,0.024242424242424242,123.06666666666666
21689,34,0.0053475935828877,63.64705882352941
21690,1,0.0,8.0
21691,9,0.027777777777777776,249.88888888888889
21692,28,0.013227513227513227,79.17857142857143
21693,62,0.016922263352723427,106.40322580645162
21694,6,0.0,77.5
21695,14,0.02197802197802198,70.78571428571429
21696,5,0.0,36.6
21697,13,0.0,137.0
21698,26,0.012307692307692308,95.0
21699,24,0.014492753623188406,70.79166666666667
21700,1,0.0,152.0
21701,5,0.1,75.6
21702,77,0.018796992481203006,137.72727272727272
21703,33,0.013257575757575758,64.63636363636364
21704,199,0.013095781940003045,98.22613065326634
21705,1,0.0,9.0
21706,18,0.032679738562091505,95.83333333333333
21707,4,0.0,79.5
21708,8,0.0,51.375
21709,7,0.0,170.28571428571428
21710,70,0.013250517598343685,88.02857142857142
21711,22,0.030303030303030304,127.54545454545455
21712,43,0.014396456256921373,107.34883720930233
21713,7,0.0,36.857142857142854
21714,0,0.0,0.0
21715,49,0.023809523809523808,121.6938775510204
21716,23,0.007905138339920948,88.43478260869566
21717,48,0.015957446808510637,102.9375
21718,6,0.0,166.16666666666666
21719,2,0.0,37.5
21720,56,0.007142857142857143,72.42857142857143
21721,21,0.009523809523809525,76.71428571428571
21722,6,0.0,93.5
21723,4,0.0,21.5
21724,12,0.06060606060606061,188.08333333333334
21725,42,0.008130081300813009,100.23809523809524
21726,10,0.044444444444444446,89.9
21727,6,0.0,70.16666666666667
21728,12,0.030303030303030304,235.58333333333334
21729,3,0.0,62.333333333333336
21730,5,0.0,28.2
21731,16,0.03333333333333333,155.0
21732,5,0.0,56.4
21733,18,0.0,53.111111111111114
21734,52,0.021116138763197588,120.26923076923077
21735,88,0.019853709508881923,116.07954545454545
21736,50,0.015510204081632653,95.48
21737,50,0.008979591836734694,84.58
21738,36,0.014285714285714285,116.88888888888889
21739,26,0.015384615384615385,124.23076923076923
21740,10,0.0,71.8
21741,12,0.0,63.25
21742,19,0.03508771929824561,147.57894736842104
21743,0,0.0,0.0
21744,73,0.012557077625570776,94.52054794520548
21745,19,0.005847953216374269,102.26315789473684
21746,0,0.0,0.0
21747,15,0.0,72.13333333333334
21748,106,0.011500449236298293,90.87735849056604
21749,6,0.0,71.5
21750,119,0.011394388263780088,88.21848739495799
21751,54,0.011879804332634521,115.66666666666667
21752,65,0.019230769230769232,103.63076923076923
21753,18,0.013071895424836602,114.61111111111111
21754,35,0.021848739495798318,97.4
21755,12,0.0,54.75
21756,12,0.015151515151515152,137.08333333333334
21757,24,0.018115942028985508,91.58333333333333
21758,40,0.017948717948717947,97.775
21759,5,0.1,45.4
21760,2,0.0,132.5
21761,104,0.010828976848394324,91.49038461538461
21762,31,0.012903225806451613,126.2258064516129
21763,7,0.0,76.28571428571429
21764,331,0.013695871097683786,105.87613293051359
21765,127,0.019122609673790775,124.68503937007874
21766,39,0.01349527665317139,102.6923076923077
21767,24,0.014492753623188406,112.91666666666667
21768,3,0.0,23.666666666666668
21769,36,0.03333333333333333,152.41666666666666
21770,0,0.0,0.0
21771,32,0.03225806451612903,134.5
21772,55,0.016835016835016835,119.47272727272727
21773,0,0.0,0.0
21774,7,0.047619047619047616,138.71428571428572
21775,158,0.01354511005401919,100.10759493670886
21776,31,0.02795698924731183,128.58064516129033
21777,10,0.044444444444444446,135.2
21778,2,0.0,16.5
21779,2,0.0,132.0
21780,11,0.0,97.27272727272727
21781,11,0.0,115.72727272727273
21782,94,0.01098146877144818,90.76595744680851
21783,19,0.029239766081871343,120.6842105263158
21784,9,0.0,141.88888888888889
21785,44,0.017970401691331923,129.11363636363637
21786,72,0.014475743348982786,105.33333333333333
21787,42,0.025551684088269456,130.57142857142858
21788,2,0.0,127.0
21789,9,0.0,79.77777777777777
21790,15,0.0,69.86666666666666
21791,37,0.01951951951951952,113.48648648648648
21792,11,0.09090909090909091,82.9090909090909
21793,3,0.0,86.66666666666667
21794,10,0.0,82.6
21795,13,0.02564102564102564,107.76923076923077
21796,21,0.004761904761904762,71.0952380952381
21797,4,0.0,61.5
21798,73,0.01598173515981735,108.3013698630137
21799,2,0.0,35.5
21800,9,0.027777777777777776,90.22222222222223
21801,23,0.015810276679841896,70.52173913043478
21802,11,0.01818181818181818,83.0909090909091
21803,21,0.004761904761904762,68.95238095238095
21804,42,0.009291521486643438,80.4047619047619
21805,13,0.0,84.23076923076923
21806,89,0.014044943820224719,96.64044943820225
21807,25,0.0,68.6
21808,12,0.0,99.33333333333333
21809,6,0.0,52.5
21810,4,0.0,63.25
21811,0,0.0,0.0
21812,3,0.0,50.666666666666664
21813,1,0.0,10.0
21814,18,0.013071895424836602,108.72222222222223
21815,2,0.0,43.0
21816,23,0.003952569169960474,59.73913043478261
21817,2,0.0,79.0
21818,7,0.0,120.57142857142857
21819,74,0.010736764161421697,101.78378378378379
21820,5,0.0,38.8
21821,19,0.005847953216374269,72.84210526315789
21822,3,0.0,55.333333333333336
21823,9,0.0,57.55555555555556
21824,60,0.007344632768361582,81.4
21825,6,0.0,93.0
21826,158,0.015963879706522615,104.24050632911393
21827,4,0.0,79.0
21828,2,0.0,53.0
21829,35,0.011764705882352941,82.57142857142857
21830,12,0.0,58.083333333333336
21831,12,0.015151515151515152,53.833333333333336
21832,6,0.0,66.83333333333333
21833,27,0.03418803418803419,147.74074074074073
21834,74,0.021473528322843393,117.06756756756756
21835,12,0.0,108.5
21836,262,0.013570822731128074,101.34351145038168
21837,22,0.008658008658008658,93.5909090909091
21838,21,0.004761904761904762,121.04761904761905
21839,13,0.01282051282051282,80.76923076923077
21840,133,0.01845522898154477,110.73684210526316
21841,10,0.044444444444444446,58.7
21842,3,0.0,141.33333333333334
21843,17,0.0,93.52941176470588
21844,1,0.0,100.0
21845,21,0.023809523809523808,94.61904761904762
21846,19,0.029239766081871343,111.78947368421052
21847,44,0.008456659619450317,92.3409090909091
21848,24,0.028985507246376812,131.45833333333334
21849,1,0.0,13.0
21850,42,0.010452961672473868,101.57142857142857
21851,7,0.0,120.57142857142857
21852,2,0.0,154.5
21853,1,0.0,83.0
21854,59,0.011104617182933957,101.08474576271186
21855,1,0.0,65.0
21856,5,0.0,55.8
21857,61,0.009289617486338797,90.34426229508196
21858,153,0.0174578603371173,112.13725490196079
21859,4,0.0,35.25
21860,4,0.0,37.75
21861,9,0.027777777777777776,141.88888888888889
21862,21,0.014285714285714285,113.57142857142857
21863,7,0.0,61.285714285714285
21864,70,0.01780538302277433,106.48571428571428
21865,13,0.05128205128205128,243.6153846153846
21866,5,0.0,67.6
21867,53,0.006531204644412192,91.26415094339623
21868,10,0.044444444444444446,167.9
21869,37,0.010510510510510511,115.67567567567568
21870,17,0.014705882352941176,80.82352941176471
21871,1,0.0,16.0
21872,5,0.0,60.8
21873,14,0.0,59.5
21874,1,0.0,113.0
21875,116,0.009895052473763119,82.20689655172414
21876,3,0.0,60.333333333333336
21877,1,0.0,123.0
21878,0,0.0,0.0
21879,1,0.0,7.0
21880,18,0.0,64.38888888888889
21881,24,0.0036231884057971015,96.875
21882,124,0.00970364542355101,84.66935483870968
21883,30,0.016091954022988506,71.26666666666667
21884,6,0.0,77.0
21885,156,0.010835401157981803,91.55128205128206
21886,57,0.03007518796992481,148.75438596491227
21887,21,0.004761904761904762,73.0952380952381
21888,7,0.0,92.28571428571429
21889,23,0.011857707509881422,68.56521739130434
21890,44,0.026427061310782242,132.29545454545453
21891,1,0.0,58.0
21892,15,0.01904761904761905,140.06666666666666
21893,15,0.009523809523809525,83.86666666666666
21894,28,0.005291005291005291,71.35714285714286
21895,19,0.005847953216374269,78.15789473684211
21896,52,0.005279034690799397,77.73076923076923
21897,57,0.014411027568922305,98.10526315789474
21898,26,0.024615384615384615,108.42307692307692
21899,25,0.006666666666666667,78.48
21900,5,0.0,75.6
21901,2,0.0,38.5
21902,25,0.013333333333333334,84.84
21903,16,0.008333333333333333,64.9375
21904,26,0.021538461538461538,93.5
21905,20,0.015789473684210527,95.2
21906,85,0.017366946778711485,123.84705882352941
21907,1,0.0,70.0
21908,3,0.0,104.66666666666667
21909,7,0.0,60.285714285714285
21910,21,0.0380952380952381,164.42857142857142
21911,8,0.03571428571428571,232.125
21912,3,0.0,77.66666666666667
21913,0,0.0,0.0
21914,42,0.006968641114982578,92.23809523809524
21915,24,0.010869565217391304,92.375
21916,0,0.0,0.0
21917,14,0.0,60.214285714285715
21918,2,0.0,21.5
21919,54,0.007686932215234102,95.87037037037037
21920,3,0.0,150.0
21921,14,0.07692307692307693,265.85714285714283
21922,2,0.0,207.0
21923,10,0.022222222222222223,128.2
21924,0,0.0,0.0
21925,383,0.010375514332973358,90.60052219321149
21926,0,0.0,0.0
21927,57,0.015664160401002505,143.2982456140351
21928,3,0.0,49.666666666666664
21929,69,0.020460358056265986,136.18840579710144
21930,15,0.009523809523809525,48.93333333333333
21931,6,0.0,81.66666666666667
21932,14,0.0,59.785714285714285
21933,33,0.001893939393939394,76.03030303030303
21934,1,0.0,39.0
21935,1,0.0,11.0
21936,17,0.014705882352941176,69.76470588235294
21937,7,0.0,77.42857142857143
21938,82,0.015356820234869015,117.95121951219512
21939,53,0.022496371552975326,137.16981132075472
21940,9,0.027777777777777776,91.55555555555556
21941,7,0.0,129.28571428571428
21942,16,0.0,91.625
21943,31,0.02795698924731183,148.83870967741936
21944,12,0.015151515151515152,88.83333333333333
21945,14,0.02197802197802198,135.64285714285714
21946,12,0.07575757575757576,276.75
21947,6,0.0,132.66666666666666
21948,29,0.012315270935960592,105.24137931034483
21949,37,0.013513513513513514,98.56756756756756
21950,13,0.038461538461538464,111.07692307692308
21951,2,0.0,70.5
21952,4,0.0,93.25
21953,21,0.023809523809523808,108.0952380952381
21954,1,0.0,6.0
21955,44,0.012684989429175475,105.43181818181819
21956,6,0.0,48.166666666666664
21957,4,0.0,43.75
21958,8,0.03571428571428571,114.875
21959,13,0.0,80.0
21960,4,0.0,43.25
21961,186,0.014472537053182214,109.15053763440861
21962,30,0.01839080459770115,110.66666666666667
21963,47,0.014801110083256245,107.0
21964,57,0.007518796992481203,91.45614035087719
21965,16,0.016666666666666666,80.3125
21966,10,0.0,57.0
21967,33,0.011363636363636364,105.0
21968,108,0.014191761855313257,111.92592592592592
21969,20,0.005263157894736842,73.5
21970,14,0.02197802197802198,111.42857142857143
21971,4,0.16666666666666666,82.75
21972,28,0.015873015873015872,115.03571428571429
21973,26,0.006153846153846154,72.0
21974,4,0.0,87.0
21975,66,0.013053613053613054,105.24242424242425
21976,0,0.0,0.0
21977,84,0.010040160642570281,94.71428571428571
21978,5,0.0,91.0
21979,4,0.0,65.25
21980,8,0.0,61.375
21981,10,0.022222222222222223,108.5
21982,11,0.0,56.09090909090909
21983,0,0.0,0.0
21984,7,0.0,80.14285714285714
21985,30,0.016091954022988506,113.5
21986,4,0.0,37.75
21987,10,0.022222222222222223,122.7
21988,51,0.009411764705882352,101.54901960784314
21989,18,0.013071895424836602,64.38888888888889
21990,18,0.0196078431372549,99.05555555555556
21991,84,0.01491681009753299,105.75
21992,33,0.013257575757575758,96.60606060606061
21993,86,0.024076607387140903,123.31395348837209
21994,15,0.0,83.06666666666666
21995,4,0.0,91.25
21996,27,0.019943019943019943,125.33333333333333
21997,36,0.014285714285714285,81.69444444444444
21998,1,0.0,93.0
21999,4,0.0,62.25
22000,46,0.00966183574879227,97.0
22001,33,0.011363636363636364,78.12121212121212
22002,11,0.01818181818181818,77.36363636363636
22003,17,0.022058823529411766,104.58823529411765
22004,17,0.014705882352941176,132.76470588235293
22005,14,0.03296703296703297,108.0
22006,17,0.03676470588235294,107.58823529411765
22007,7,0.0,87.28571428571429
22008,44,0.019027484143763214,117.06818181818181
22009,26,0.006153846153846154,105.38461538461539
22010,4,0.0,37.25
22011,64,0.012896825396825396,97.890625
22012,80,0.013924050632911392,96.575
22013,34,0.0142602495543672,112.02941176470588
22014,8,0.0,126.875
22015,6,0.0,97.33333333333333
22016,1,0.0,56.0
22017,17,0.0,85.17647058823529
22018,0,0.0,0.0
22019,77,0.022556390977443608,127.22077922077922
22020,47,0.01757631822386679,127.95744680851064
22021,40,0.019230769230769232,134.125
22022,8,0.0,59.375
22023,36,0.020634920634920634,133.77777777777777
22024,14,0.0,51.714285714285715
22025,26,0.006153846153846154,82.96153846153847
22026,19,0.017543859649122806,106.26315789473684
22027,6,0.0,81.0
22028,7,0.0,109.85714285714286
22029,5,0.0,28.2
22030,0,0.0,0.0
22031,1,0.0,91.0
22032,0,0.0,0.0
22033,87,0.017375033413525795,107.54022988505747
22034,27,0.011396011396011397,123.62962962962963
22035,7,0.0,216.57142857142858
22036,0,0.0,0.0
22037,24,0.018115942028985508,111.95833333333333
22038,24,0.021739130434782608,107.91666666666667
22039,9,0.0,65.55555555555556
22040,7,0.0,60.57142857142857
22041,8,0.0,113.125
22042,4,0.0,22.5
22043,54,0.0069881201956673656,80.77777777777777
22044,17,0.007352941176470588,134.05882352941177
22045,63,0.00819252432155658,101.28571428571429
22046,12,0.0,42.0
22047,3,0.0,55.333333333333336
22048,31,0.008602150537634409,101.19354838709677
22049,0,0.0,0.0
22050,28,0.0026455026455026454,66.17857142857143
22051,61,0.008743169398907104,92.77049180327869
22052,1,0.0,10.0
22053,149,0.011427534917467803,96.11409395973155
22054,67,0.007688828584350972,81.58208955223881
22055,6,0.0,133.33333333333334
22056,129,0.01320251937984496,102.30232558139535
22057,149,0.02140395428986033,129.06040268456377
22058,32,0.018145161290322582,101.375
22059,18,0.006535947712418301,77.88888888888889
22060,33,0.01893939393939394,142.36363636363637
22061,1,0.0,14.0
22062,13,0.01282051282051282,88.38461538461539
22063,24,0.0036231884057971015,119.0
22064,6,0.13333333333333333,186.83333333333334
22065,109,0.012402310567448182,90.68807339449542
22066,61,0.014754098360655738,102.21311475409836
22067,2,0.0,54.5
22068,14,0.0,49.214285714285715
22069,60,0.010734463276836158,94.68333333333334
22070,15,0.01904761904761905,102.06666666666666
22071,5,0.0,155.0
22072,30,0.022988505747126436,138.4
22073,27,0.008547008547008548,105.77777777777777
22074,98,0.016200294550810016,105.37755102040816
22075,16,0.008333333333333333,92.9375
22076,66,0.008857808857808859,84.66666666666667
22077,69,0.00980392156862745,93.57971014492753
22078,4,0.0,61.5
22079,2,0.0,29.5
22080,3,0.0,91.0
22081,11,0.01818181818181818,60.09090909090909
22082,1,0.0,183.0
22083,8,0.0,76.5
22084,16,0.0,64.8125
22085,91,0.011721611721611722,88.34065934065934
22086,48,0.01152482269503546,103.72916666666667
22087,35,0.01680672268907563,111.68571428571428
22088,12,0.0,53.75
22089,5,0.1,80.2
22090,60,0.0096045197740113,102.53333333333333
22091,4,0.0,135.25
22092,164,0.016684123896453688,115.04878048780488
22093,41,0.015853658536585366,109.09756097560975
22094,16,0.016666666666666666,87.25
22095,6,0.0,46.166666666666664
22096,77,0.014354066985645933,120.50649350649351
22097,18,0.0,59.44444444444444
22098,1,0.0,69.0
22099,5,0.0,64.6
22100,2,0.0,76.5
22101,31,0.021505376344086023,109.19354838709677
22102,208,0.012402452619843924,93.91346153846153
22103,0,0.0,0.0
22104,1,0.0,57.0
22105,0,0.0,0.0
22106,11,0.0,106.45454545454545
22107,1,0.0,94.0
22108,12,0.0,101.08333333333333
22109,54,0.013277428371767994,131.16666666666666
22110,18,0.013071895424836602,91.11111111111111
22111,8,0.0,68.0
22112,11,0.0,88.36363636363636
22113,1,0.0,89.0
22114,120,0.016246498599439777,110.675
22115,49,0.006802721088435374,77.93877551020408
22116,148,0.011950726236440522,87.46621621621621
22117,150,0.010648769574944072,85.92
22118,24,0.007246376811594203,64.625
22119,9,0.027777777777777776,68.88888888888889
22120,2,0.0,76.5
22121,10,0.0,72.3
22122,17,0.007352941176470588,92.58823529411765
22123,12,0.0,90.91666666666667
22124,84,0.01778542742398164,115.1547619047619
22125,39,0.010796221322537112,116.46153846153847
22126,13,0.02564102564102564,150.15384615384616
22127,39,0.005398110661268556,80.51282051282051
22128,0,0.0,0.0
22129,47,0.010175763182238668,86.46808510638297
22130,40,0.017948717948717947,106.775
22131,19,0.04093567251461988,108.0
22132,140,0.019116135662898253,124.29285714285714
22133,9,0.0,82.55555555555556
22134,16,0.016666666666666666,95.75
22135,132,0.012606985889428638,96.97727272727273
22136,16,0.008333333333333333,112.25
22137,48,0.024822695035460994,138.08333333333334
22138,88,0.011494252873563218,90.45454545454545
22139,5,0.0,172.0
22140,2,0.0,25.0
22141,3,0.0,31.666666666666668
22142,37,0.015015015015015015,116.37837837837837
22143,8,0.0,110.0
22144,14,0.0,121.07142857142857
22145,2,0.0,24.5
22146,6,0.0,99.83333333333333
22147,9,0.027777777777777776,81.88888888888889
22148,5,0.0,62.8
22149,100,0.013939393939393939,95.0
22150,5,0.0,305.2
22151,8,0.03571428571428571,96.25
22152,4,0.0,90.5
22153,24,0.0036231884057971015,89.83333333333333
22154,10,0.0,62.9
22155,4,0.0,70.5
22156,1,0.0,220.0
22157,10,0.022222222222222223,76.8
22158,151,0.012891832229580574,101.9205298013245
22159,15,0.01904761904761905,103.53333333333333
22160,4,0.0,95.5
22161,15,0.009523809523809525,86.26666666666667
22162,20,0.021052631578947368,104.6
22163,34,0.0053475935828877,99.76470588235294
22164,13,0.02564102564102564,136.46153846153845
22165,4,0.0,28.0
22166,0,0.0,0.0
22167,131,0.012096300645918967,102.79389312977099
22168,98,0.019776982958131708,112.75510204081633
22169,15,0.009523809523809525,105.4
22170,41,0.012195121951219513,94.3170731707317
22171,9,0.0,53.55555555555556
22172,1,0.0,50.0
22173,55,0.010774410774410775,107.87272727272727
22174,4,0.0,137.25
22175,3,0.0,73.66666666666667
22176,14,0.0,87.78571428571429
22177,1,0.0,23.0
22178,72,0.010954616588419406,97.30555555555556
22179,1,0.0,69.0
22180,1,0.0,112.0
22181,14,0.04395604395604396,201.42857142857142
22182,19,0.029239766081871343,84.42105263157895
22183,43,0.018826135105204873,102.4186046511628
22184,53,0.013788098693759071,84.22641509433963
22185,93,0.0091164095371669,95.13978494623656
22186,6,0.0,84.16666666666667
22187,103,0.016371597182562345,118.46601941747574
22188,13,0.0,82.61538461538461
22189,2,0.0,13.5
22190,27,0.005698005698005698,70.66666666666667
22191,0,0.0,0.0
22192,21,0.009523809523809525,85.14285714285714
22193,22,0.017316017316017316,99.5
22194,3,0.0,98.0
22195,3,0.0,514.3333333333334
22196,1,0.0,91.0
22197,14,0.04395604395604396,119.07142857142857
22198,8,0.03571428571428571,101.75
22199,0,0.0,0.0
22200,17,0.0,78.58823529411765
22201,3,0.0,92.33333333333333
22202,8,0.0,122.875
22203,15,0.01904761904761905,166.0
22204,52,0.008295625942684766,91.0576923076923
22205,10,0.022222222222222223,138.6
22206,19,0.03508771929824561,186.31578947368422
22207,13,0.0,75.23076923076923
22208,54,0.031446540880503145,156.88888888888889
22209,15,0.009523809523809525,73.93333333333334
22210,63,0.013312852022529442,96.58730158730158
22211,13,0.01282051282051282,61.07692307692308
22212,6,0.0,95.5
22213,9,0.0,105.44444444444444
22214,26,0.015384615384615385,147.5
22215,10,0.0,54.0
22216,98,0.012623606143488323,93.1734693877551
22217,5,0.0,106.4
22218,2,0.0,414.0
22219,1,0.0,145.0
22220,9,0.0,91.77777777777777
22221,57,0.014411027568922305,87.66666666666667
22222,1,0.0,127.0
22223,1,0.0,66.0
22224,123,0.009462881514061043,83.32520325203252
22225,20,0.015789473684210527,117.1
22226,46,0.01932367149758454,104.73913043478261
22227,268,0.01752473587120577,114.2089552238806
22228,11,0.0,86.45454545454545
22229,10,0.0,96.6
22230,13,0.0,69.23076923076923
22231,8,0.0,95.125
22232,14,0.01098901098901099,85.28571428571429
22233,27,0.005698005698005698,128.59259259259258
22234,4,0.0,78.25
22235,8,0.03571428571428571,108.375
22236,104,0.016616878267363706,109.66346153846153
22237,16,0.0,60.3125
22238,1,0.0,187.0
22239,13,0.0,99.07692307692308
22240,12,0.0,77.66666666666667
22241,15,0.01904761904761905,174.66666666666666
22242,37,0.013513513513513514,86.37837837837837
22243,12,0.0,63.833333333333336
22244,1,0.0,91.0
22245,4,0.16666666666666666,195.5
22246,94,0.017844886753603295,127.61702127659575
22247,4,0.0,77.5
22248,63,0.018433179723502304,127.14285714285714
22249,33,0.011363636363636364,109.45454545454545
22250,6,0.0,87.16666666666667
22251,17,0.03676470588235294,104.88235294117646
22252,30,0.011494252873563218,103.36666666666666
22253,8,0.0,38.5
22254,63,0.010752688172043012,94.58730158730158
22255,9,0.027777777777777776,106.22222222222223
22256,115,0.014035087719298246,104.6608695652174
22257,24,0.028985507246376812,160.0
22258,95,0.011198208286674132,97.73684210526316
22259,10,0.0,67.4
22260,1,0.0,22.0
22261,13,0.01282051282051282,41.46153846153846
22262,44,0.017970401691331923,109.72727272727273
22263,1,0.0,58.0
22264,9,0.0,44.55555555555556
22265,96,0.01381578947368421,103.22916666666667
22266,5,0.0,32.6
22267,10,0.0,130.7
22268,52,0.015082956259426848,84.09615384615384
22269,24,0.010869565217391304,75.08333333333333
22270,3,0.0,101.0
22271,202,0.015762770306881436,114.62376237623762
22272,39,0.008097165991902834,88.7948717948718
22273,26,0.006153846153846154,65.1923076923077
22274,8,0.0,71.875
22275,57,0.02568922305764411,142.8421052631579
22276,3,0.0,88.33333333333333
22277,67,0.009045680687471733,73.34328358208955
22278,1,0.0,115.0
22279,9,0.0,106.77777777777777
22280,10,0.044444444444444446,99.3
22281,11,0.05454545454545454,207.0909090909091
22282,1,0.0,2.0
22283,7,0.0,91.42857142857143
22284,3,0.0,13.666666666666666
22285,158,0.01572200274127227,110.56962025316456
22286,11,0.01818181818181818,127.0
22287,8,0.0,83.875
22288,2,0.0,382.0
22289,15,0.0380952380952381,117.13333333333334
22290,12,0.0,44.666666666666664
22291,25,0.02,117.76
22292,14,0.0,61.714285714285715
22293,9,0.0,66.22222222222223
22294,3,0.0,177.66666666666666
22295,19,0.005847953216374269,97.26315789473684
22296,46,0.01932367149758454,100.30434782608695
22297,10,0.022222222222222223,53.7
22298,10,0.022222222222222223,169.5
22299,0,0.0,0.0
22300,56,0.025974025974025976,138.92857142857142
22301,11,0.01818181818181818,77.63636363636364
22302,5,0.1,104.6
22303,6,0.0,28.5
22304,27,0.019943019943019943,143.14814814814815
22305,7,0.0,138.0
22306,0,0.0,0.0
22307,73,0.014840182648401826,94.34246575342466
22308,53,0.008708272859216255,72.43396226415095
22309,74,0.01629026286560533,117.79729729729729
22310,11,0.0,74.18181818181819
22311,10,0.0,60.1
22312,8,0.0,47.5
22313,2,0.0,47.0
22314,6,0.06666666666666667,172.66666666666666
22315,107,0.013048845000881678,96.91588785046729
22316,3,0.0,43.666666666666664
22317,2,0.0,70.5
22318,11,0.0,48.27272727272727
22319,37,0.012012012012012012,98.1891891891892
22320,15,0.009523809523809525,75.06666666666666
22321,4,0.0,67.75
22322,12,0.0,170.66666666666666
22323,29,0.007389162561576354,86.17241379310344
22324,44,0.009513742071881607,88.68181818181819
22325,16,0.05,97.3125
22326,7,0.0,83.57142857142857
22327,8,0.0,86.875
22328,5,0.0,54.6
22329,11,0.0,80.9090909090909
22330,88,0.0109717868338558,90.69318181818181
22331,20,0.010526315789473684,66.05
22332,6,0.0,74.66666666666667
22333,1,0.0,116.0
22334,4,0.0,58.5
22335,11,0.0,108.18181818181819
22336,1,0.0,95.0
22337,5,0.0,64.4
22338,0,0.0,0.0
22339,3,0.0,103.0
22340,3,0.0,26.333333333333332
22341,4,0.0,192.75
22342,8,0.07142857142857142,150.0
22343,0,0.0,0.0
22344,38,0.01849217638691323,87.23684210526316
22345,38,0.02275960170697013,123.34210526315789
22346,12,0.0,76.83333333333333
22347,45,0.020202020202020204,122.86666666666666
22348,3,0.0,52.666666666666664
22349,25,0.016666666666666666,124.8
22350,6,0.06666666666666667,118.16666666666667
22351,19,0.005847953216374269,93.57894736842105
22352,41,0.003658536585365854,67.97560975609755
22353,19,0.029239766081871343,188.89473684210526
22354,5,0.0,59.6
22355,32,0.010080645161290322,112.71875
22356,24,0.0,55.208333333333336
22357,0,0.0,0.0
22358,2,0.0,141.5
22359,0,0.0,0.0
22360,3,0.0,16.333333333333332
22361,25,0.01,100.08
22362,51,0.010980392156862745,85.80392156862744
22363,12,0.0,70.58333333333333
22364,1,0.0,59.0
22365,13,0.02564102564102564,63.0
22366,32,0.010080645161290322,84.15625
22367,5,0.0,113.2
22368,99,0.021438878581735724,141.2929292929293
22369,21,0.009523809523809525,137.28571428571428
22370,22,0.008658008658008658,80.9090909090909
22371,12,0.0,151.08333333333334
22372,7,0.0,79.85714285714286
22373,10,0.022222222222222223,58.6
22374,65,0.007692307692307693,68.58461538461539
22375,4,0.0,51.25
22376,6,0.0,72.66666666666667
22377,0,0.0,0.0
22378,14,0.01098901098901099,61.214285714285715
22379,68,0.01009657594381036,94.79411764705883
22380,35,0.0067226890756302525,93.05714285714286
22381,84,0.01835915088927137,107.03571428571429
22382,114,0.0208042229467474,132.28070175438597
22383,99,0.007627293341579056,96.55555555555556
22384,12,0.0,57.166666666666664
22385,1,0.0,24.0
22386,176,0.017207792207792207,112.8125
22387,1,0.0,24.0
22388,9,0.027777777777777776,75.55555555555556
22389,4,0.16666666666666666,185.25
22390,22,0.0,45.63636363636363
22391,89,0.016087844739530132,116.74157303370787
22392,25,0.0033333333333333335,114.28
22393,8,0.0,109.125
22394,2,0.0,44.0
22395,41,0.024390243902439025,156.5609756097561
22396,41,0.013414634146341463,99.6829268292683
22397,6,0.0,71.16666666666667
22398,53,0.019593613933236574,115.84905660377359
22399,11,0.0,43.09090909090909
22400,28,0.013227513227513227,103.25
22401,74,0.011847463902258423,110.77027027027027
22402,12,0.0,52.083333333333336
22403,279,0.012970268946133416,99.168458781362
22404,5,0.0,114.0
22405,2,0.0,42.5
22406,58,0.018753781004234724,99.60344827586206
22407,116,0.017241379310344827,107.23275862068965
22408,1,0.0,33.0
22409,15,0.0,84.8
22410,4,0.0,21.5
22411,3,0.0,45.333333333333336
22412,86,0.012311901504787962,91.80232558139535
22413,39,0.010796221322537112,68.6923076923077
22414,42,0.006968641114982578,111.88095238095238
22415,17,0.014705882352941176,105.11764705882354
22416,7,0.0,46.57142857142857
22417,2,0.0,281.5
22418,18,0.0196078431372549,115.72222222222223
22419,19,0.005847953216374269,98.3157894736842
22420,114,0.01319670858562335,98.20175438596492
22421,36,0.0015873015873015873,63.388888888888886
22422,21,0.004761904761904762,69.23809523809524
22423,74,0.011847463902258423,102.52702702702703
22424,2,0.0,147.5
22425,167,0.015078277180578602,110.02994011976048
22426,30,0.013793103448275862,77.83333333333333
22427,8,0.0,86.0
22428,2,0.0,337.5
22429,24,0.014492753623188406,141.66666666666666
22430,25,0.02,93.0
22431,71,0.011670020120724347,86.52112676056338
22432,11,0.01818181818181818,143.0909090909091
22433,10,0.0,66.2
22434,10,0.044444444444444446,161.8
22435,10,0.0,182.3
22436,3,0.0,123.33333333333333
22437,0,0.0,0.0
22438,30,0.009195402298850575,107.0
22439,7,0.047619047619047616,122.42857142857143
22440,65,0.017788461538461538,111.81538461538462
22441,8,0.07142857142857142,298.625
22442,9,0.0,47.333333333333336
22443,8,0.0,109.125
22444,8,0.0,104.5
22445,31,0.021505376344086023,115.2258064516129
22446,28,0.007936507936507936,104.67857142857143
22447,29,0.017241379310344827,119.79310344827586
22448,38,0.01422475106685633,108.13157894736842
22449,23,0.003952569169960474,84.26086956521739
22450,5,0.0,85.0
22451,9,0.0,74.33333333333333
22452,3,0.0,40.0
22453,34,0.0142602495543672,107.47058823529412
22454,194,0.017360183750868008,112.77319587628865
22455,12,0.0,95.58333333333333
22456,23,0.019762845849802372,118.34782608695652
22457,30,0.011494252873563218,80.76666666666667
22458,138,0.015339045805564371,109.3913043478261
22459,2,0.0,760.0
22460,5,0.0,84.0
22461,11,0.0,54.18181818181818
22462,9,0.0,52.0
22463,1,0.0,1.0
22464,1,0.0,1.0
22465,87,0.013900026730820636,105.03448275862068
22466,21,0.02857142857142857,101.95238095238095
22467,10,0.0,74.0
22468,58,0.012704174228675136,115.62068965517241
22469,0,0.0,0.0
22470,13,0.02564102564102564,124.3076923076923
22471,13,0.0,98.53846153846153
22472,159,0.018629090040601863,121.13207547169812
22473,13,0.01282051282051282,81.0
22474,43,0.023255813953488372,120.32558139534883
22475,13,0.0,68.46153846153847
22476,21,0.0,47.523809523809526
22477,17,0.007352941176470588,82.76470588235294
22478,46,0.01932367149758454,104.78260869565217
22479,3,0.0,74.33333333333333
22480,16,0.008333333333333333,79.8125
22481,0,0.0,0.0
22482,8,0.0,59.625
22483,0,0.0,0.0
22484,198,0.012664718248474593,98.35858585858585
22485,19,0.017543859649122806,98.26315789473684
22486,4,0.0,43.5
22487,13,0.01282051282051282,100.38461538461539
22488,26,0.0,92.57692307692308
22489,9,0.0,102.0
22490,27,0.011396011396011397,133.25925925925927
22491,4,0.0,64.75
22492,26,0.018461538461538463,100.5
22493,22,0.021645021645021644,100.9090909090909
22494,11,0.05454545454545454,147.45454545454547
22495,7,0.0,65.85714285714286
22496,21,0.014285714285714285,106.0
22497,27,0.011396011396011397,86.14814814814815
22498,3,0.0,104.33333333333333
22499,189,0.0169424743892829,107.78835978835978
22500,39,0.008097165991902834,81.23076923076923
22501,7,0.0,127.0
22502,9,0.0,77.22222222222223
22503,106,0.02623539982030548,137.25471698113208
22504,0,0.0,0.0
22505,3,0.0,68.0
22506,30,0.004597701149425287,90.5
22507,11,0.03636363636363636,228.36363636363637
22508,7,0.0,90.0
22509,2,0.0,41.5
22510,114,0.014904517931998137,115.53508771929825
22511,1,0.0,53.0
22512,30,0.006896551724137931,79.76666666666667
22513,20,0.02631578947368421,186.5
22514,54,0.0286512928022362,135.03703703703704
22515,38,0.017069701280227598,113.28947368421052
22516,12,0.07575757575757576,91.41666666666667
22517,5,0.0,127.0
22518,135,0.015367606412382532,109.21481481481482
22519,12,0.015151515151515152,115.08333333333333
22520,62,0.007932310946589107,83.54838709677419
22521,4,0.3333333333333333,461.75
22522,2,0.0,32.5
22523,19,0.0,74.84210526315789
22524,21,0.014285714285714285,105.71428571428571
22525,9,0.0,34.55555555555556
22526,79,0.014281077572216814,83.79746835443038
22527,3,0.0,102.33333333333333
22528,18,0.0,72.05555555555556
22529,10,0.044444444444444446,254.8
22530,2,0.0,8.0
22531,35,0.018487394957983194,98.68571428571428
22532,123,0.010662401705984273,88.6178861788618
22533,3,0.0,45.333333333333336
22534,5,0.0,42.2
22535,22,0.0,71.5
22536,10,0.044444444444444446,115.6
22537,38,0.008534850640113799,81.65789473684211
22538,11,0.0,85.9090909090909
22539,1,0.0,18.0
22540,14,0.0,65.07142857142857
22541,5,0.0,46.8
22542,31,0.008602150537634409,107.16129032258064
22543,12,0.015151515151515152,66.66666666666667
22544,78,0.008991008991008992,81.37179487179488
22545,15,0.0380952380952381,154.26666666666668
22546,15,0.01904761904761905,124.0
22547,4,0.0,54.25
22548,2,0.0,81.0
22549,40,0.015384615384615385,102.85
22550,25,0.01,68.08
22551,11,0.0,79.36363636363636
22552,2,0.0,99.5
22553,14,0.054945054945054944,157.35714285714286
22554,58,0.024198427102238355,139.9655172413793
22555,3,0.0,79.66666666666667
22556,16,0.008333333333333333,96.875
22557,76,0.010526315789473684,95.28947368421052
22558,26,0.024615384615384615,156.84615384615384
22559,5,0.1,221.6
22560,14,0.03296703296703297,193.57142857142858
22561,35,0.011764705882352941,109.85714285714286
22562,62,0.007932310946589107,80.8225806451613
22563,13,0.0,54.92307692307692
22564,42,0.017421602787456445,114.57142857142857
22565,21,0.023809523809523808,114.57142857142857
22566,10,0.0,101.9
22567,159,0.014330069262001434,108.937106918239
22568,30,0.01839080459770115,102.36666666666666
22569,26,0.018461538461538463,115.5
22570,174,0.01601222510132217,108.33908045977012
22571,27,0.002849002849002849,86.77777777777777
22572,1,0.0,173.0
22573,4,0.0,54.0
22574,1,0.0,36.0
22575,36,0.011111111111111112,98.77777777777777
22576,63,0.010752688172043012,113.03174603174604
22577,1,0.0,317.0
22578,25,0.02,90.4
22579,2,0.0,72.0
22580,14,0.03296703296703297,70.28571428571429
22581,17,0.014705882352941176,102.94117647058823
22582,5,0.0,63.0
22583,18,0.013071895424836602,89.22222222222223
22584,279,0.014053273510224078,103.03225806451613
22585,22,0.008658008658008658,112.45454545454545
22586,2,0.0,80.5
22587,0,0.0,0.0
22588,25,0.013333333333333334,96.84
22589,0,0.0,0.0
22590,5,0.0,106.0
22591,49,0.0195578231292517,96.48979591836735
22592,7,0.0,95.28571428571429
22593,41,0.01097560975609756,90.60975609756098
22594,19,0.023391812865497075,165.78947368421052
22595,1,0.0,98.0
22596,10,0.022222222222222223,47.8
22597,22,0.008658008658008658,73.22727272727273
22598,29,0.019704433497536946,101.0
22599,14,0.04395604395604396,144.92857142857142
22600,13,0.01282051282051282,163.84615384615384
22601,51,0.008627450980392156,82.74509803921569
22602,17,0.007352941176470588,137.35294117647058
22603,3,0.0,161.66666666666666
22604,3,0.0,24.333333333333332
22605,8,0.0,181.25
22606,19,0.011695906432748537,116.89473684210526
22607,21,0.009523809523809525,121.28571428571429
22608,38,0.00995732574679943,71.89473684210526
22609,3,0.0,90.66666666666667
22610,15,0.009523809523809525,78.73333333333333
22611,14,0.02197802197802198,112.64285714285714
22612,10,0.0,80.6
22613,363,0.014459004916061672,103.39944903581267
22614,66,0.014452214452214453,101.6969696969697
22615,8,0.0,68.125
22616,92,0.013616817964644052,97.91304347826087
22617,0,0.0,0.0
22618,3,0.0,55.666666666666664
22619,2,0.0,51.0
22620,44,0.007399577167019027,79.43181818181819
22621,149,0.018592417921276982,129.83892617449663
22622,21,0.03333333333333333,100.04761904761905
22623,31,0.010752688172043012,76.7741935483871
22624,7,0.0,153.42857142857142
22625,1,0.0,221.0
22626,170,0.020675252349460493,125.45882352941176
22627,5,0.0,34.8
22628,3,0.0,73.33333333333333
22629,17,0.014705882352941176,136.94117647058823
22630,9,0.0,59.22222222222222
22631,11,0.01818181818181818,80.63636363636364
22632,4,0.0,81.5
22633,28,0.013227513227513227,122.14285714285714
22634,68,0.012730465320456541,95.8970588235294
22635,25,0.01,107.24
22636,38,0.007112375533428165,81.1842105263158
22637,38,0.02275960170697013,126.55263157894737
22638,33,0.015151515151515152,91.12121212121212
22639,39,0.02699055330634278,138.28205128205127
22640,78,0.027972027972027972,137.52564102564102
22641,175,0.011428571428571429,93.54857142857144
22642,18,0.0,60.44444444444444
22643,53,0.01088534107402032,97.83018867924528
22644,16,0.0,75.875
22645,30,0.022988505747126436,147.93333333333334
22646,66,0.015384615384615385,124.34848484848484
22647,62,0.015864621893178214,103.24193548387096
22648,10,0.0,61.6
22649,37,0.010510510510510511,87.1891891891892
22650,18,0.006535947712418301,106.83333333333333
22651,0,0.0,0.0
22652,20,0.015789473684210527,108.0
22653,46,0.017391304347826087,108.19565217391305
22654,38,0.01422475106685633,129.6315789473684
22655,21,0.01904761904761905,147.57142857142858
22656,1,0.0,99.0
22657,40,0.011538461538461539,71.4
22658,7,0.0,240.14285714285714
22659,1,0.0,83.0
22660,65,0.017788461538461538,114.23076923076923
22661,50,0.013061224489795919,95.16
22662,18,0.0196078431372549,142.38888888888889
22663,57,0.013157894736842105,108.03508771929825
22664,52,0.01885369532428356,122.25
22665,7,0.047619047619047616,123.0
22666,6,0.0,99.33333333333333
22667,29,0.007389162561576354,84.6896551724138
22668,75,0.022342342342342343,122.61333333333333
22669,8,0.0,83.125
22670,20,0.005263157894736842,108.2
22671,38,0.008534850640113799,78.34210526315789
22672,5,0.0,59.2
22673,36,0.006349206349206349,63.80555555555556
22674,44,0.010570824524312896,68.8409090909091
22675,0,0.0,0.0
22676,38,0.03556187766714083,186.31578947368422
22677,7,0.0,119.0
22678,40,0.016666666666666666,87.975
22679,21,0.009523809523809525,67.0
22680,9,0.0,126.11111111111111
22681,25,0.0033333333333333335,77.2
22682,7,0.0,103.57142857142857
22683,30,0.0,55.266666666666666
22684,2,0.0,44.5
22685,3,0.0,144.66666666666666
22686,42,0.017421602787456445,101.83333333333333
22687,17,0.0,89.05882352941177
22688,16,0.008333333333333333,70.1875
22689,27,0.011396011396011397,113.14814814814815
22690,16,0.016666666666666666,88.8125
22691,11,0.01818181818181818,108.36363636363636
22692,57,0.022556390977443608,126.40350877192982
22693,4,0.0,61.25
22694,29,0.007389162561576354,72.41379310344827
22695,5,0.0,47.8
22696,52,0.016591251885369532,109.0
22697,4,0.0,39.5
22698,6,0.13333333333333333,88.5
22699,3,0.0,158.33333333333334
22700,16,0.008333333333333333,115.6875
22701,7,0.0,106.28571428571429
22702,21,0.004761904761904762,87.0
22703,5,0.0,73.4
22704,37,0.028528528528528527,149.51351351351352
22705,0,0.0,0.0
22706,11,0.01818181818181818,122.27272727272727
22707,89,0.01634320735444331,116.15730337078652
22708,1,0.0,13.0
22709,69,0.014919011082693947,93.5072463768116
22710,99,0.015460729746444033,103.61616161616162
22711,164,0.01728265748915158,117.89024390243902
22712,1,0.0,182.0
22713,16,0.0,54.0625
22714,115,0.011746758199847445,100.00869565217391
22715,115,0.014340198321891685,112.1304347826087
22716,3,0.0,80.0
22717,18,0.032679738562091505,107.83333333333333
22718,19,0.011695906432748537,98.3157894736842
22719,21,0.0,61.23809523809524
22720,8,0.03571428571428571,140.5
22721,5,0.0,52.6
22722,34,0.0106951871657754,85.47058823529412
22723,0,0.0,0.0
22724,8,0.0,98.375
22725,28,0.005291005291005291,106.21428571428571
22726,9,0.05555555555555555,86.77777777777777
22727,41,0.023170731707317073,139.78048780487805
22728,121,0.016253443526170797,117.25619834710744
22729,4,0.16666666666666666,67.25
22730,3,0.0,103.66666666666667
22731,14,0.0,64.85714285714286
22732,5,0.0,128.2
22733,24,0.010869565217391304,76.79166666666667
22734,27,0.02849002849002849,124.14814814814815
22735,5,0.0,38.0
22736,41,0.01097560975609756,86.90243902439025
22737,4,0.0,268.25
22738,5,0.0,55.4
22739,9,0.0,82.88888888888889
22740,38,0.017069701280227598,87.0
22741,2,0.0,54.5
22742,17,0.0,64.94117647058823
22743,8,0.0,44.625
22744,102,0.014948553678897301,97.2156862745098
22745,34,0.0017825311942959,76.1470588235294
22746,1,0.0,52.0
22747,38,0.008534850640113799,88.63157894736842
22748,33,0.00946969696969697,108.18181818181819
22749,68,0.009657594381035996,79.8529411764706
22750,3,0.0,26.0
22751,52,0.01583710407239819,117.32692307692308
22752,58,0.012099213551119177,86.13793103448276
22753,12,0.0,61.166666666666664
22754,0,0.0,0.0
22755,1,0.0,57.0
22756,46,0.00966183574879227,92.78260869565217
22757,77,0.016062884483937116,110.1948051948052
22758,2,0.0,123.0
22759,9,0.0,179.55555555555554
22760,16,0.008333333333333333,88.8125
22761,53,0.011611030478955007,94.28301886792453
22762,86,0.017783857729138167,124.68604651162791
22763,14,0.01098901098901099,99.57142857142857
22764,44,0.003171247357293869,75.04545454545455
22765,1,0.0,87.0
22766,75,0.017657657657657658,125.58666666666667
22767,106,0.021203953279424977,124.59433962264151
22768,0,0.0,0.0
22769,0,0.0,0.0
22770,5,0.0,46.8
22771,51,0.01411764705882353,104.49019607843137
22772,71,0.015291750503018108,112.14084507042253
22773,31,0.010752688172043012,96.03225806451613
22774,7,0.0,59.285714285714285
22775,9,0.0,63.22222222222222
22776,28,0.010582010582010581,106.46428571428571
22777,36,0.020634920634920634,67.97222222222223
22778,9,0.0,99.11111111111111
22779,6,0.13333333333333333,164.83333333333334
22780,10,0.022222222222222223,118.3
22781,6,0.0,108.0
22782,18,0.013071895424836602,117.61111111111111
22783,3,0.0,34.333333333333336
22784,3,0.0,538.6666666666666
22785,1,0.0,226.0
22786,45,0.013131313131313131,89.04444444444445
22787,23,0.0,84.26086956521739
22788,18,0.0,85.38888888888889
22789,11,0.0,92.18181818181819
22790,1,0.0,67.0
22791,58,0.012704174228675136,100.08620689655173
22792,3,0.3333333333333333,276.3333333333333
22793,27,0.017094017094017096,94.92592592592592
22794,19,0.023391812865497075,100.63157894736842
22795,24,0.014492753623188406,97.41666666666667
22796,30,0.01839080459770115,110.56666666666666
22797,5,0.0,121.6
22798,48,0.02304964539007092,151.47916666666666
22799,0,0.0,0.0
22800,9,0.0,67.22222222222223
22801,14,0.01098901098901099,77.78571428571429
22802,10,0.022222222222222223,183.7
22803,30,0.013793103448275862,68.23333333333333
22804,91,0.02442002442002442,136.6153846153846
22805,5,0.0,82.4
22806,28,0.0026455026455026454,93.17857142857143
22807,1,0.0,40.0
22808,77,0.016404647983595352,110.93506493506493
22809,60,0.015819209039548022,113.6
22810,29,0.029556650246305417,127.13793103448276
22811,16,0.016666666666666666,98.875
22812,54,0.009084556254367574,83.64814814814815
22813,72,0.01564945226917058,96.48611111111111
22814,9,0.0,88.55555555555556
22815,8,0.0,41.0
22816,2,0.0,31.0
22817,37,0.0045045045045045045,73.83783783783784
22818,48,0.014184397163120567,109.0
22819,10,0.0,126.0
22820,33,0.005681818181818182,81.24242424242425
22821,59,0.0058445353594389245,88.64406779661017
22822,7,0.0,99.14285714285714
22823,12,0.0,56.5
22824,13,0.02564102564102564,90.53846153846153
22825,44,0.011627906976744186,108.18181818181819
22826,10,0.0,58.6
22827,59,0.01928696668614845,125.42372881355932
22828,4,0.0,67.75
22829,4,0.0,77.25
22830,15,0.01904761904761905,67.33333333333333
22831,10,0.0,100.0
22832,35,0.005042016806722689,78.74285714285715
22833,5,0.0,71.4
22834,41,0.004878048780487805,78.51219512195122
22835,12,0.030303030303030304,110.33333333333333
22836,0,0.0,0.0
22837,66,0.017715617715617717,120.5909090909091
22838,3,0.0,126.66666666666667
22839,20,0.005263157894736842,82.0
22840,0,0.0,0.0
22841,6,0.0,167.0
22842,6,0.06666666666666667,87.16666666666667
22843,20,0.010526315789473684,99.95
22844,0,0.0,0.0
22845,1,0.0,96.0
22846,0,0.0,0.0
22847,9,0.0,62.0
22848,4,0.16666666666666666,284.0
22849,0,0.0,0.0
22850,0,0.0,0.0
22851,10,0.06666666666666667,228.8
22852,4,0.0,99.5
22853,1,0.0,35.0
22854,17,0.007352941176470588,73.70588235294117
22855,35,0.01680672268907563,118.14285714285714
22856,47,0.0037002775208140612,99.59574468085107
22857,102,0.012424771888953601,98.26470588235294
22858,20,0.005263157894736842,95.2
22859,85,0.014565826330532213,112.51764705882353
22860,6,0.2,384.3333333333333
22861,1,0.0,20.0
22862,13,0.0,45.69230769230769
22863,9,0.027777777777777776,58.0
22864,8,0.03571428571428571,101.5
22865,54,0.016771488469601678,117.98148148148148
22866,4,0.0,75.75
22867,0,0.0,0.0
22868,9,0.0,71.0
22869,15,0.0,86.6
22870,2,0.0,43.5
22871,0,0.0,0.0
22872,71,0.010462776659959759,94.05633802816901
22873,2,0.0,30.5
22874,8,0.0,99.625
22875,22,0.021645021645021644,93.0909090909091
22876,11,0.01818181818181818,94.9090909090909
22877,57,0.019423558897243107,125.96491228070175
22878,58,0.014519056261343012,107.29310344827586
22879,0,0.0,0.0
22880,2,0.0,25.0
22881,8,0.0,89.0
22882,2,0.0,80.5
22883,51,0.013333333333333334,103.90196078431373
22884,12,0.0,64.91666666666667
22885,34,0.0053475935828877,71.73529411764706
22886,15,0.01904761904761905,124.13333333333334
22887,7,0.0,73.0
22888,2,0.0,50.0
22889,41,0.004878048780487805,82.34146341463415
22890,12,0.0,62.916666666666664
22891,111,0.016216216216216217,114.62162162162163
22892,3,0.0,95.0
22893,0,0.0,0.0
22894,13,0.02564102564102564,78.76923076923077
22895,37,0.010510510510510511,83.08108108108108
22896,4,0.0,21.75
22897,44,0.013742071881606765,108.63636363636364
22898,0,0.0,0.0
22899,5,0.0,100.0
22900,9,0.027777777777777776,57.22222222222222
22901,5,0.0,25.6
22902,24,0.0,82.41666666666667
22903,16,0.008333333333333333,97.9375
22904,0,0.0,0.0
22905,27,0.008547008547008548,94.96296296296296
22906,22,0.012987012987012988,76.5
22907,18,0.006535947712418301,106.16666666666667
22908,34,0.0213903743315508,75.58823529411765
22909,47,0.014801110083256245,130.7872340425532
22910,27,0.02564102564102564,156.40740740740742
22911,15,0.009523809523809525,94.93333333333334
22912,9,0.0,36.55555555555556
22913,25,0.023333333333333334,95.48
22914,4,0.0,172.0
22915,286,0.011360569255306097,88.83916083916084
22916,18,0.032679738562091505,155.5
22917,5,0.0,60.4
22918,8,0.0,100.25
22919,24,0.007246376811594203,63.166666666666664
22920,80,0.016139240506329113,108.7875
22921,63,0.009216589861751152,92.42857142857143
22922,66,0.011188811188811189,91.87878787878788
22923,51,0.03058823529411765,150.27450980392157
22924,26,0.006153846153846154,84.26923076923077
22925,43,0.007751937984496124,85.48837209302326
22926,2,0.0,55.0
22927,3,0.0,34.333333333333336
22928,14,0.0,64.85714285714286
22929,31,0.017204301075268817,81.93548387096774
22930,5,0.0,123.6
22931,16,0.025,149.375
22932,33,0.001893939393939394,84.60606060606061
22933,8,0.0,75.75
22934,0,0.0,0.0
22935,11,0.0,68.36363636363636
22936,2,0.0,9.5
22937,5,0.0,165.0
22938,27,0.008547008547008548,94.88888888888889
22939,3,0.0,89.0
22940,6,0.0,152.5
22941,1,0.0,19.0
22942,19,0.011695906432748537,125.63157894736842
22943,7,0.0,63.42857142857143
22944,23,0.023715415019762844,94.0
22945,3,0.0,79.0
22946,31,0.017204301075268817,117.09677419354838
22947,10,0.0,59.3
22948,8,0.03571428571428571,104.875
22949,14,0.01098901098901099,92.14285714285714
22950,178,0.010855075223766901,92.19101123595506
22951,68,0.01887620719929763,117.86764705882354
22952,3,0.6666666666666666,440.0
22953,24,0.0036231884057971015,86.25
22954,7,0.0,153.71428571428572
22955,16,0.0,80.1875
22956,2,0.0,12.0
22957,20,0.010526315789473684,129.3
22958,7,0.0,112.85714285714286
22959,8,0.0,128.0
22960,18,0.032679738562091505,114.0
22961,19,0.011695906432748537,96.63157894736842
22962,1,0.0,5.0
22963,1,0.0,71.0
22964,31,0.002150537634408602,61.483870967741936
22965,38,0.017069701280227598,99.39473684210526
22966,46,0.01932367149758454,112.21739130434783
22967,9,0.05555555555555555,125.22222222222223
22968,6,0.0,80.16666666666667
22969,11,0.03636363636363636,89.0
22970,11,0.0,96.63636363636364
22971,31,0.015053763440860216,83.09677419354838
22972,18,0.05228758169934641,153.61111111111111
22973,4,0.0,68.25
22974,43,0.006644518272425249,77.55813953488372
22975,4,0.0,129.75
22976,20,0.010526315789473684,62.95
22977,8,0.03571428571428571,197.25
22978,32,0.014112903225806451,93.65625
22979,8,0.0,51.375
22980,21,0.0,99.19047619047619
22981,1,0.0,22.0
22982,14,0.01098901098901099,70.07142857142857
22983,14,0.01098901098901099,102.85714285714286
22984,6,0.0,60.166666666666664
22985,15,0.009523809523809525,111.73333333333333
22986,25,0.03,158.24
22987,12,0.07575757575757576,147.75
22988,0,0.0,0.0
22989,5,0.0,69.8
22990,8,0.0,133.875
22991,315,0.011748053786270347,94.13968253968254
22992,3,0.0,135.0
22993,5,0.0,19.2
22994,5,0.0,65.4
22995,36,0.022222222222222223,141.25
22996,11,0.0,112.36363636363636
22997,114,0.009781089892873778,81.71052631578948
22998,4,0.0,55.25
22999,2,1.0,28.5
23000,3,0.0,71.0
23001,0,0.0,0.0
23002,38,0.008534850640113799,79.8157894736842
23003,36,0.020634920634920634,113.94444444444444
23004,4,0.0,111.5
23005,10,0.0,76.7
23006,4,0.0,40.0
23007,6,0.0,77.5
23008,26,0.015384615384615385,102.3076923076923
23009,23,0.011857707509881422,148.17391304347825
23010,0,0.0,0.0
23011,81,0.009259259259259259,81.75308641975309
23012,43,0.004429678848283499,92.67441860465117
23013,48,0.007978723404255319,77.8125
23014,0,0.0,0.0
23015,38,0.017069701280227598,125.65789473684211
23016,4,0.0,97.25
23017,31,0.0064516129032258064,95.90322580645162
23018,68,0.017998244073748903,122.36764705882354
23019,3,0.0,75.33333333333333
23020,123,0.009596161535385846,76.3821138211382
23021,120,0.008123249299719889,88.05833333333334
23022,6,0.0,48.333333333333336
23023,0,0.0,0.0
23024,15,0.009523809523809525,90.8
23025,78,0.010656010656010656,91.11538461538461
23026,21,0.009523809523809525,101.52380952380952
23027,155,0.010640971931294513,93.41290322580645
23028,7,0.0,71.57142857142857
23029,23,0.011857707509881422,91.04347826086956
23030,33,0.017045454545454544,83.60606060606061
23031,57,0.005639097744360902,85.80701754385964
23032,5,0.0,47.8
23033,7,0.0,50.57142857142857
23034,13,0.0,104.84615384615384
23035,9,0.0,130.77777777777777
23036,22,0.017316017316017316,149.6818181818182
23037,2,0.0,13.0
23038,65,0.015384615384615385,102.13846153846154
23039,1,0.0,634.0
23040,14,0.0,61.0
23041,14,0.0,103.57142857142857
23042,12,0.0,81.25
23043,31,0.012903225806451613,130.19354838709677
23044,6,0.0,60.333333333333336
23045,4,0.16666666666666666,87.25
23046,4,0.0,88.0
23047,24,0.010869565217391304,91.66666666666667
23048,8,0.0,33.125
23049,44,0.0010570824524312897,56.36363636363637
23050,8,0.0,99.625
23051,11,0.01818181818181818,101.9090909090909
23052,44,0.012684989429175475,83.54545454545455
23053,25,0.0033333333333333335,85.8
23054,4,0.0,24.25
23055,14,0.01098901098901099,58.07142857142857
23056,22,0.012987012987012988,87.45454545454545
23057,16,0.041666666666666664,146.625
23058,10,0.0,75.5
23059,6,0.0,211.83333333333334
23060,0,0.0,0.0
23061,45,0.03535353535353535,145.4
23062,32,0.008064516129032258,65.53125
23063,10,0.022222222222222223,138.8
23064,20,0.021052631578947368,174.25
23065,65,0.015384615384615385,121.56923076923077
23066,3,0.0,187.33333333333334
23067,35,0.0067226890756302525,102.68571428571428
23068,2,0.0,40.5
23069,0,0.0,0.0
23070,22,0.0,62.5
23071,26,0.009230769230769232,90.15384615384616
23072,26,0.0,77.65384615384616
23073,6,0.06666666666666667,168.33333333333334
23074,18,0.0,63.333333333333336
23075,64,0.005456349206349206,68.875
23076,6,0.0,78.66666666666667
23077,9,0.0,147.88888888888889
23078,282,0.013553418641629438,99.30851063829788
23079,62,0.009518773135906928,86.20967741935483
23080,0,0.0,0.0
23081,23,0.023715415019762844,144.82608695652175
23082,21,0.014285714285714285,102.9047619047619
23083,10,0.0,47.1
23084,37,0.010510510510510511,95.64864864864865
23085,11,0.0,83.0
23086,6,0.0,137.16666666666666
23087,17,0.007352941176470588,83.58823529411765
23088,6,0.06666666666666667,145.5
23089,3,0.3333333333333333,317.0
23090,5,0.0,99.2
23091,60,0.014689265536723164,110.65
23092,76,0.023859649122807018,140.06578947368422
23093,3,0.0,121.33333333333333
23094,2,0.0,85.5
23095,1,0.0,63.0
23096,35,0.011764705882352941,116.71428571428571
23097,41,0.007317073170731708,82.1219512195122
23098,18,0.006535947712418301,77.83333333333333
23099,54,0.030747728860936407,134.46296296296296
23100,5,0.0,54.4
23101,25,0.01,56.36
23102,11,0.01818181818181818,74.0
23103,0,0.0,0.0
23104,5,0.0,76.8
23105,5,0.0,57.8
23106,77,0.012987012987012988,88.53246753246754
23107,2,0.0,46.0
23108,13,0.01282051282051282,78.3076923076923
23109,56,0.013636363636363636,93.80357142857143
23110,41,0.003658536585365854,97.85365853658537
23111,2,0.0,94.0
23112,4,0.0,38.5
23113,5,0.0,126.4
23114,0,0.0,0.0
23115,1,0.0,36.0
23116,33,0.01893939393939394,101.06060606060606
23117,3,0.0,27.0
23118,2,0.0,19.0
23119,27,0.019943019943019943,102.37037037037037
23120,2,0.0,230.5
23121,21,0.004761904761904762,100.71428571428571
23122,9,0.027777777777777776,67.55555555555556
23123,41,0.024390243902439025,104.39024390243902
23124,18,0.006535947712418301,67.33333333333333
23125,16,0.0,65.9375
23126,0,0.0,0.0
23127,20,0.005263157894736842,77.3
23128,4,0.0,98.75
23129,33,0.003787878787878788,82.51515151515152
23130,21,0.004761904761904762,95.23809523809524
23131,25,0.016666666666666666,118.16
23132,5,0.0,110.6
23133,92,0.01743908265647396,110.32608695652173
23134,57,0.018796992481203006,114.19298245614036
23135,33,0.020833333333333332,100.57575757575758
23136,9,0.0,72.77777777777777
23137,4,0.0,71.0
23138,43,0.012181616832779624,87.5813953488372
23139,8,0.0,78.0
23140,48,0.01950354609929078,125.41666666666667
23141,10,0.0,55.2
23142,14,0.02197802197802198,150.57142857142858
23143,1,0.0,30.0
23144,20,0.015789473684210527,98.15
23145,6,0.0,103.5
23146,3,0.0,128.0
23147,4,0.0,133.5
23148,2,0.0,108.5
23149,26,0.006153846153846154,96.34615384615384
23150,71,0.008853118712273641,85.88732394366197
23151,16,0.025,119.8125
23152,11,0.03636363636363636,92.81818181818181
23153,10,0.0,99.8
23154,55,0.012121212121212121,89.18181818181819
23155,1,0.0,154.0
23156,42,0.015098722415795587,100.04761904761905
23157,116,0.012143928035982009,93.43103448275862
23158,0,0.0,0.0
23159,4,0.0,93.75
23160,4,0.0,187.0
23161,6,0.06666666666666667,106.83333333333333
23162,109,0.008664627930682976,81.0091743119266
23163,84,0.01606425702811245,109.27380952380952
23164,5,0.0,262.2
23165,15,0.01904761904761905,140.53333333333333
23166,30,0.013793103448275862,141.76666666666668
23167,9,0.0,50.111111111111114
23168,29,0.019704433497536946,106.27586206896552
23169,4,0.0,71.0
23170,54,0.019566736547868623,106.20370370370371
23171,34,0.0285204991087344,139.6764705882353
23172,5,0.0,137.4
23173,12,0.015151515151515152,133.08333333333334
23174,43,0.019933554817275746,109.62790697674419
23175,645,0.009032692955847658,84.93178294573643
23176,33,0.011363636363636364,121.39393939393939
23177,4,0.0,62.0
23178,3,0.3333333333333333,285.3333333333333
23179,5,0.1,177.8
23180,102,0.019801980198019802,121.07843137254902
23181,11,0.0,119.0
23182,5,0.0,85.0
23183,2,0.0,99.5
23184,40,0.017948717948717947,121.975
23185,5,0.0,146.6
23186,145,0.020402298850574714,122.17241379310344
23187,45,0.014141414141414142,86.91111111111111
23188,33,0.020833333333333332,139.0
23189,5,0.0,60.0
23190,1,0.0,43.0
23191,10,0.0,73.0
23192,121,0.012672176308539946,92.22314049586777
23193,3,0.0,93.66666666666667
23194,11,0.0,94.36363636363636
23195,3,0.0,81.0
23196,113,0.014380530973451327,117.72566371681415
23197,7,0.0,71.14285714285714
23198,12,0.0,62.916666666666664
23199,36,0.004761904761904762,72.11111111111111
23200,1,0.0,30.0
23201,4,0.0,38.25
23202,52,0.020361990950226245,91.13461538461539
23203,44,0.003171247357293869,79.77272727272727
23204,19,0.0,62.526315789473685
23205,1,0.0,124.0
23206,67,0.016734509271822705,94.31343283582089
23207,21,0.004761904761904762,93.57142857142857
23208,41,0.018292682926829267,114.04878048780488
23209,34,0.0196078431372549,129.58823529411765
23210,16,0.025,77.75
23211,11,0.01818181818181818,91.9090909090909
23212,0,0.0,0.0
23213,12,0.0,57.083333333333336
23214,4,0.0,219.5
23215,2,0.0,77.5
23216,41,0.01097560975609756,89.78048780487805
23217,4,0.0,47.5
23218,32,0.008064516129032258,78.34375
23219,13,0.0,70.6923076923077
23220,4,0.0,51.75
23221,8,0.0,61.25
23222,10,0.0,91.0
23223,1,0.0,155.0
23224,36,0.022222222222222223,115.83333333333333
23225,5,0.0,42.6
23226,61,0.01366120218579235,109.40983606557377
23227,64,0.015376984126984126,102.671875
23228,34,0.0053475935828877,76.58823529411765
23229,23,0.007905138339920948,99.34782608695652
23230,11,0.01818181818181818,128.36363636363637
23231,2,0.0,28.0
23232,8,0.0,93.25
23233,28,0.0026455026455026454,74.67857142857143
23234,13,0.02564102564102564,85.53846153846153
23235,13,0.01282051282051282,98.53846153846153
23236,11,0.01818181818181818,69.36363636363636
23237,27,0.011396011396011397,86.96296296296296
23238,4,0.16666666666666666,73.75
23239,18,0.032679738562091505,104.5
23240,26,0.003076923076923077,93.84615384615384
23241,87,0.016840417000801924,108.06896551724138
23242,151,0.017130242825607066,109.44370860927152
23243,10,0.0,86.1
23244,28,0.010582010582010581,102.85714285714286
23245,68,0.01141352063213345,100.36764705882354
23246,111,0.021621621621621623,145.27027027027026
23247,18,0.0,70.16666666666667
23248,20,0.015789473684210527,114.85
23249,69,0.0076726342710997444,72.56521739130434
23250,10,0.0,41.0
23251,6,0.13333333333333333,140.66666666666666
23252,45,0.01616161616161616,111.97777777777777
23253,34,0.0106951871657754,74.76470588235294
23254,46,0.01642512077294686,134.7173913043478
23255,26,0.018461538461538463,109.1923076923077
23256,6,0.0,55.5
23257,18,0.0,61.72222222222222
23258,25,0.016666666666666666,89.8
23259,35,0.013445378151260505,91.22857142857143
23260,3,0.0,232.66666666666666
23261,48,0.008865248226950355,83.875
23262,1,0.0,46.0
23263,7,0.09523809523809523,127.0
23264,9,0.027777777777777776,86.22222222222223
23265,21,0.004761904761904762,77.38095238095238
23266,181,0.012952731737262123,98.83977900552486
23267,42,0.003484320557491289,70.11904761904762
23268,27,0.03133903133903134,152.77777777777777
23269,30,0.022988505747126436,157.5
23270,139,0.019393181107288084,108.76978417266187
23271,16,0.0,78.25
23272,17,0.007352941176470588,68.29411764705883
23273,47,0.011100832562442183,111.93617021276596
23274,0,0.0,0.0
23275,1,0.0,4.0
23276,36,0.015873015873015872,89.88888888888889
23277,88,0.008620689655172414,86.86363636363636
23278,7,0.14285714285714285,275.85714285714283
23279,8,0.07142857142857142,95.375
23280,29,0.009852216748768473,85.24137931034483
23281,118,0.013327538751267565,99.67796610169492
23282,22,0.012987012987012988,82.4090909090909
23283,5,0.1,79.2
23284,5,0.0,163.2
23285,144,0.017773892773892772,105.05555555555556
23286,52,0.012066365007541479,85.09615384615384
23287,45,0.00808080808080808,68.35555555555555
23288,21,0.014285714285714285,89.23809523809524
23289,112,0.014317889317889318,106.94642857142857
23290,11,0.0,74.45454545454545
23291,88,0.01018808777429467,94.35227272727273
23292,13,0.02564102564102564,78.38461538461539
23293,9,0.0,63.666666666666664
23294,3,0.0,36.333333333333336
23295,62,0.015864621893178214,117.08064516129032
23296,66,0.023310023310023312,141.16666666666666
23297,2,0.0,22.0
23298,49,0.022108843537414966,118.85714285714286
23299,11,0.05454545454545454,103.54545454545455
23300,4,0.0,50.0
23301,15,0.0,57.6
23302,4,0.16666666666666666,194.75
23303,17,0.022058823529411766,136.7058823529412
23304,8,0.03571428571428571,138.625
23305,28,0.0026455026455026454,72.39285714285714
23306,1,0.0,79.0
23307,21,0.023809523809523808,177.85714285714286
23308,70,0.014906832298136646,103.31428571428572
23309,12,0.030303030303030304,105.33333333333333
23310,2,0.0,48.0
23311,158,0.012577602193017819,100.65822784810126
23312,116,0.013193403298350824,102.67241379310344
23313,1,0.0,85.0
23314,36,0.020634920634920634,107.55555555555556
23315,0,0.0,0.0
23316,6,0.0,39.5
23317,1,0.0,88.0
23318,22,0.03896103896103896,143.45454545454547
23319,8,0.0,96.625
23320,65,0.016346153846153847,94.49230769230769
23321,2,0.0,19.0
23322,28,0.010582010582010581,107.03571428571429
23323,7,0.0,91.57142857142857
23324,49,0.007653061224489796,78.40816326530613
23325,5,0.0,98.8
23326,7,0.0,71.42857142857143
23327,2,0.0,66.5
23328,1,0.0,34.0
23329,21,0.01904761904761905,124.76190476190476
23330,33,0.011363636363636364,112.57575757575758
23331,13,0.0,155.46153846153845
23332,8,0.03571428571428571,38.875
23333,24,0.014492753623188406,117.45833333333333
23334,34,0.016042780748663103,93.20588235294117
23335,7,0.0,92.42857142857143
23336,1,0.0,30.0
23337,4,0.0,99.0
23338,22,0.017316017316017316,130.36363636363637
23339,3,0.0,74.33333333333333
23340,8,0.03571428571428571,78.5
23341,37,0.012012012012012012,86.24324324324324
23342,6,0.0,163.5
23343,27,0.019943019943019943,122.18518518518519
23344,11,0.01818181818181818,92.0
23345,1,0.0,145.0
23346,16,0.008333333333333333,75.75
23347,7,0.0,37.42857142857143
23348,4,0.0,36.5
23349,30,0.041379310344827586,151.53333333333333
23350,24,0.025362318840579712,104.83333333333333
23351,6,0.0,83.66666666666667
23352,86,0.017783857729138167,113.96511627906976
23353,6,0.0,134.66666666666666
23354,46,0.010628019323671498,112.08695652173913
23355,8,0.03571428571428571,129.125
23356,11,0.0,81.54545454545455
23357,3,0.0,109.0
23358,12,0.0,74.41666666666667
23359,16,0.0,52.1875
23360,3,0.0,29.0
23361,9,0.0,52.888888888888886
23362,25,0.016666666666666666,113.72
23363,14,0.01098901098901099,61.857142857142854
23364,8,0.0,130.125
23365,55,0.010774410774410775,99.6
23366,6,0.0,55.166666666666664
23367,2,0.0,618.5
23368,0,0.0,0.0
23369,6,0.06666666666666667,52.666666666666664
23370,93,0.00584385226741468,77.49462365591398
23371,0,0.0,0.0
23372,11,0.0,59.72727272727273
23373,33,0.013257575757575758,123.15151515151516
23374,8,0.0,73.625
23375,186,0.012031386224934612,93.98924731182795
23376,44,0.007399577167019027,72.04545454545455
23377,13,0.0,67.76923076923077
23378,0,0.0,0.0
23379,5,0.0,74.6
23380,121,0.013223140495867768,95.13223140495867
23381,25,0.03,151.24
23382,3,0.0,115.33333333333333
23383,8,0.0,75.0
23384,23,0.0,41.43478260869565
23385,2,0.0,70.5
23386,2,0.0,219.5
23387,80,0.01360759493670886,96.625
23388,9,0.027777777777777776,107.55555555555556
23389,2,0.0,13.5
23390,2,0.0,40.5
23391,1,0.0,13.0
23392,25,0.0033333333333333335,83.36
23393,12,0.0,105.83333333333333
23394,21,0.004761904761904762,72.52380952380952
23395,6,0.0,42.666666666666664
23396,24,0.021739130434782608,130.08333333333334
23397,9,0.05555555555555555,115.44444444444444
23398,10,0.0,82.6
23399,86,0.016415868673050615,117.63953488372093
23400,29,0.012315270935960592,86.20689655172414
23401,2,0.0,34.0
23402,4,0.0,85.0
23403,24,0.010869565217391304,80.5
23404,39,0.014844804318488529,86.28205128205128
23405,10,0.044444444444444446,262.9
23406,35,0.020168067226890758,111.14285714285714
23407,38,0.005689900426742532,84.26315789473684
23408,4,0.0,79.25
23409,12,0.0,79.33333333333333
23410,6,0.0,217.0
23411,18,0.0196078431372549,122.55555555555556
23412,51,0.006274509803921568,84.15686274509804
23413,11,0.03636363636363636,120.0
23414,8,0.03571428571428571,90.25
23415,29,0.014778325123152709,112.72413793103448
23416,26,0.018461538461538463,105.38461538461539
23417,7,0.0,75.14285714285714
23418,25,0.013333333333333334,62.0
23419,2,0.0,40.0
23420,5,0.0,57.6
23421,11,0.0,159.0
23422,7,0.0,119.28571428571429
23423,12,0.030303030303030304,100.83333333333333
23424,6,0.0,61.166666666666664
23425,4,0.16666666666666666,50.5
23426,52,0.01282051282051282,94.71153846153847
23427,1,0.0,75.0
23428,18,0.0196078431372549,97.22222222222223
23429,32,0.024193548387096774,120.1875
23430,11,0.0,95.63636363636364
23431,18,0.0,66.33333333333333
23432,5,0.0,100.0
23433,3,0.0,132.33333333333334
23434,11,0.03636363636363636,102.18181818181819
23435,10,0.022222222222222223,73.8
23436,26,0.006153846153846154,57.42307692307692
23437,9,0.0,66.22222222222223
23438,73,0.0136986301369863,81.71232876712328
23439,45,0.015151515151515152,85.13333333333334
23440,2,0.0,88.5
23441,32,0.018145161290322582,111.03125
23442,4,0.0,102.25
23443,1,0.0,89.0
23444,9,0.0,90.55555555555556
23445,199,0.010253286635196182,92.55276381909547
23446,3,0.0,65.33333333333333
23447,70,0.016563146997929608,120.65714285714286
23448,24,0.043478260869565216,177.125
23449,19,0.005847953216374269,88.63157894736842
23450,6,0.0,55.5
23451,6,0.06666666666666667,79.0
23452,14,0.01098901098901099,134.64285714285714
23453,11,0.0,102.36363636363636
23454,3,0.0,76.66666666666667
23455,4,0.0,122.75
23456,6,0.0,73.83333333333333
23457,124,0.011932861264096511,84.16935483870968
23458,10,0.0,164.9
23459,30,0.006896551724137931,64.36666666666666
23460,6,0.0,66.66666666666667
23461,1,0.0,9.0
23462,34,0.016042780748663103,103.47058823529412
23463,16,0.016666666666666666,92.625
23464,92,0.011705685618729096,101.22826086956522
23465,17,0.007352941176470588,66.29411764705883
23466,10,0.044444444444444446,114.9
23467,3,0.0,49.0
23468,4,0.16666666666666666,134.75
23469,25,0.006666666666666667,69.44
23470,9,0.0,83.88888888888889
23471,5,0.0,66.6
23472,12,0.0,85.75
23473,19,0.017543859649122806,91.94736842105263
23474,16,0.025,128.3125
23475,2,0.0,172.0
23476,36,0.020634920634920634,165.19444444444446
23477,4,0.0,169.0
23478,57,0.015664160401002505,109.78947368421052
23479,18,0.026143790849673203,76.38888888888889
23480,13,0.0641025641025641,229.46153846153845
23481,18,0.0,110.66666666666667
23482,83,0.011166617690273288,93.24096385542168
23483,6,0.0,104.16666666666667
23484,1,0.0,21.0
23485,41,0.03048780487804878,133.34146341463415
23486,10,0.044444444444444446,103.6
23487,19,0.011695906432748537,62.05263157894737
23488,8,0.07142857142857142,173.125
23489,56,0.011688311688311689,82.375
23490,5,0.1,98.8
23491,47,0.013876040703052728,89.76595744680851
23492,12,0.0,45.0
23493,16,0.008333333333333333,113.1875
23494,5,0.0,72.8
23495,40,0.010256410256410256,68.85
23496,41,0.007317073170731708,79.04878048780488
23497,28,0.013227513227513227,109.28571428571429
23498,7,0.047619047619047616,85.42857142857143
23499,38,0.011379800853485065,104.47368421052632
23500,49,0.02465986394557823,109.0204081632653
23501,40,0.02564102564102564,118.725
23502,27,0.017094017094017096,116.33333333333333
23503,26,0.018461538461538463,83.6923076923077
23504,239,0.017931858936043037,120.94979079497908
23505,12,0.030303030303030304,192.75
23506,8,0.0,91.375
23507,5,0.0,65.2
23508,13,0.038461538461538464,164.84615384615384
23509,13,0.038461538461538464,88.61538461538461
23510,16,0.008333333333333333,107.8125
23511,4,0.0,128.75
23512,49,0.02295918367346939,130.79591836734693
23513,15,0.0,57.266666666666666
23514,3,0.0,99.33333333333333
23515,10,0.0,70.8
23516,23,0.007905138339920948,62.17391304347826
23517,0,0.0,0.0
23518,57,0.017543859649122806,113.6842105263158
23519,1,0.0,72.0
23520,1,0.0,108.0
23521,3,0.0,70.0
23522,28,0.013227513227513227,94.46428571428571
23523,7,0.0,191.42857142857142
23524,36,0.020634920634920634,139.77777777777777
23525,8,0.0,44.125
23526,25,0.016666666666666666,114.8
23527,14,0.0,64.57142857142857
23528,0,0.0,0.0
23529,16,0.025,120.0
23530,160,0.011635220125786163,90.35
23531,39,0.012145748987854251,117.33333333333333
23532,15,0.009523809523809525,104.93333333333334
23533,3,0.0,85.0
23534,45,0.024242424242424242,114.31111111111112
23535,105,0.017582417582417582,113.74285714285715
23536,19,0.005847953216374269,66.21052631578948
23537,14,0.0,70.21428571428571
23538,18,0.006535947712418301,127.88888888888889
23539,19,0.04093567251461988,139.68421052631578
23540,2,0.0,55.5
23541,40,0.010256410256410256,80.85
23542,35,0.020168067226890758,129.97142857142856
23543,2,0.0,262.0
23544,7,0.047619047619047616,191.0
23545,2,0.0,99.0
23546,62,0.010047593865679535,91.5
23547,2,0.0,12.5
23548,13,0.01282051282051282,119.15384615384616
23549,15,0.0,94.06666666666666
23550,2,1.0,349.0
23551,19,0.04093567251461988,163.42105263157896
23552,6,0.0,38.833333333333336
23553,31,0.0,66.58064516129032
23554,7,0.0,195.14285714285714
23555,8,0.0,42.0
23556,51,0.018823529411764704,121.62745098039215
23557,197,0.01885424220449601,115.8274111675127
23558,3,0.0,129.33333333333334
23559,3,0.0,63.333333333333336
23560,11,0.03636363636363636,107.9090909090909
23561,2,0.0,16.5
23562,5,0.1,83.0
23563,29,0.009852216748768473,75.17241379310344
23564,20,0.015789473684210527,103.3
23565,21,0.014285714285714285,115.61904761904762
23566,9,0.0,120.88888888888889
23567,5,0.0,317.8
23568,34,0.016042780748663103,111.76470588235294
23569,18,0.0,62.611111111111114
23570,35,0.008403361344537815,136.82857142857142
23571,61,0.007650273224043716,77.52459016393442
23572,93,0.008181393174380552,85.87096774193549
23573,20,0.015789473684210527,80.75
23574,2,0.0,12.0
23575,8,0.0,144.25
23576,22,0.008658008658008658,111.9090909090909
23577,31,0.01935483870967742,106.25806451612904
23578,15,0.0,70.06666666666666
23579,18,0.013071895424836602,77.22222222222223
23580,10,0.0,38.9
23581,31,0.004301075268817204,86.93548387096774
23582,5,0.0,54.4
23583,147,0.016494268940452892,112.82312925170068
23584,84,0.011187607573149742,94.72619047619048
23585,15,0.0,81.06666666666666
23586,18,0.0392156862745098,94.61111111111111
23587,1,0.0,10.0
23588,69,0.008951406649616368,84.94202898550725
23589,0,0.0,0.0
23590,29,0.0049261083743842365,66.44827586206897
23591,26,0.012307692307692308,124.57692307692308
23592,43,0.0033222591362126247,81.76744186046511
23593,671,0.011513223747136153,93.06557377049181
23594,8,0.0,44.875
23595,1,0.0,13.0
23596,21,0.009523809523809525,63.285714285714285
23597,54,0.01816911250873515,108.74074074074075
23598,77,0.019138755980861243,115.97402597402598
23599,17,0.0,73.29411764705883
23600,16,0.03333333333333333,150.75
23601,7,0.0,126.42857142857143
23602,27,0.008547008547008548,74.29629629629629
23603,255,0.01222788327929597,96.83921568627451
23604,54,0.009084556254367574,83.12962962962963
23605,11,0.01818181818181818,90.0
23606,27,0.022792022792022793,96.29629629629629
23607,25,0.04666666666666667,143.0
23608,13,0.01282051282051282,137.84615384615384
23609,3,0.0,101.33333333333333
23610,0,0.0,0.0
23611,33,0.007575757575757576,90.57575757575758
23612,3,0.0,91.0
23613,19,0.029239766081871343,80.42105263157895
23614,20,0.0,68.45
23615,46,0.008695652173913044,68.43478260869566
23616,38,0.008534850640113799,80.55263157894737
23617,150,0.014228187919463087,100.78
23618,10,0.0,80.3
23619,11,0.01818181818181818,79.27272727272727
23620,6,0.0,63.0
23621,8,0.0,65.25
23622,18,0.013071895424836602,69.72222222222223
23623,38,0.005689900426742532,87.60526315789474
23624,49,0.01020408163265306,77.46938775510205
23625,35,0.018487394957983194,99.8
23626,8,0.0,74.5
23627,93,0.019635343618513323,135.61290322580646
23628,84,0.015203671830177854,102.29761904761905
23629,3,0.0,28.0
23630,17,0.022058823529411766,192.1764705882353
23631,23,0.007905138339920948,66.95652173913044
23632,9,0.0,47.22222222222222
23633,2,0.0,153.5
23634,75,0.016576576576576577,97.44
23635,39,0.005398110661268556,91.64102564102564
23636,2,0.0,126.0
23637,12,0.0,93.33333333333333
23638,20,0.005263157894736842,56.05
23639,228,0.010472215781745111,99.82894736842105
23640,153,0.013415892672858616,112.43137254901961
23641,111,0.01506961506961507,107.64864864864865
23642,2,0.0,227.5
23643,12,0.0,100.16666666666667
23644,4,0.16666666666666666,121.5
23645,1,0.0,25.0
23646,0,0.0,0.0
23647,3,0.0,219.0
23648,15,0.009523809523809525,118.2
23649,41,0.014634146341463415,98.95121951219512
23650,7,0.0,41.714285714285715
23651,20,0.0,92.3
23652,31,0.0064516129032258064,95.51612903225806
23653,1,0.0,160.0
23654,22,0.017316017316017316,95.04545454545455
23655,7,0.0,85.0
23656,32,0.016129032258064516,93.96875
23657,140,0.016032887975334018,97.52857142857142
23658,26,0.006153846153846154,100.23076923076923
23659,11,0.01818181818181818,229.36363636363637
23660,5,0.0,91.4
23661,11,0.0,80.9090909090909
23662,144,0.019813519813519812,129.65277777777777
23663,13,0.038461538461538464,288.9230769230769
23664,9,0.0,34.111111111111114
23665,1,0.0,93.0
23666,7,0.0,60.714285714285715
23667,21,0.0,69.9047619047619
23668,2,0.0,36.0
23669,97,0.014390034364261168,107.5360824742268
23670,3,0.0,38.666666666666664
23671,13,0.0,95.76923076923077
23672,0,0.0,0.0
23673,20,0.010526315789473684,63.5
23674,31,0.010752688172043012,98.48387096774194
23675,41,0.00853658536585366,85.17073170731707
23676,1,0.0,128.0
23677,19,0.017543859649122806,88.94736842105263
23678,57,0.013157894736842105,95.35087719298245
23679,10,0.044444444444444446,95.2
23680,2,0.0,86.0
23681,8,0.03571428571428571,55.0
23682,86,0.016142270861833105,107.0
23683,3,0.0,131.0
23684,8,0.03571428571428571,105.25
23685,60,0.011299435028248588,103.81666666666666
23686,9,0.0,43.888888888888886
23687,131,0.01632413388138579,105.70992366412214
23688,55,0.007407407407407408,94.58181818181818
23689,20,0.0,65.0
23690,13,0.0,51.15384615384615
23691,29,0.0024630541871921183,97.41379310344827
23692,16,0.0,104.625
23693,91,0.010744810744810745,92.72527472527473
23694,13,0.01282051282051282,89.23076923076923
23695,9,0.0,84.88888888888889
23696,3,0.0,98.33333333333333
23697,0,0.0,0.0
23698,8,0.0,78.5
23699,8,0.0,164.5
23700,11,0.0,54.45454545454545
23701,13,0.01282051282051282,92.07692307692308
23702,16,0.041666666666666664,103.4375
23703,3,0.0,105.33333333333333
23704,19,0.0,62.10526315789474
23705,19,0.011695906432748537,68.78947368421052
23706,6,0.0,75.33333333333333
23707,2,0.0,22.0
23708,1,0.0,11.0
23709,12,0.0,103.08333333333333
23710,9,0.0,95.55555555555556
23711,3,0.0,92.0
23712,13,0.01282051282051282,69.38461538461539
23713,16,0.0,64.6875
23714,1,0.0,132.0
23715,4,0.0,27.25
23716,12,0.0,65.5
23717,45,0.00808080808080808,107.06666666666666
23718,1,0.0,250.0
23719,23,0.02766798418972332,149.52173913043478
23720,0,0.0,0.0
23721,1,0.0,19.0
23722,23,0.007905138339920948,65.08695652173913
23723,2,0.0,101.5
23724,45,0.006060606060606061,85.24444444444444
23725,1,0.0,223.0
23726,12,0.0,78.41666666666667
23727,33,0.022727272727272728,128.9090909090909
23728,35,0.0016806722689075631,72.28571428571429
23729,2,0.0,50.0
23730,13,0.0,113.6923076923077
23731,26,0.009230769230769232,117.26923076923077
23732,6,0.0,101.83333333333333
23733,6,0.0,49.166666666666664
23734,20,0.015789473684210527,86.9
23735,6,0.0,103.66666666666667
23736,45,0.01818181818181818,97.33333333333333
23737,1,0.0,98.0
23738,10,0.0,38.8
23739,13,0.0,89.15384615384616
23740,8,0.0,34.5
23741,4,0.0,83.0
23742,9,0.0,102.11111111111111
23743,7,0.0,84.42857142857143
23744,41,0.01707317073170732,136.14634146341464
23745,2,0.0,195.5
23746,47,0.012950971322849213,96.8936170212766
23747,24,0.007246376811594203,97.875
23748,4,0.16666666666666666,232.0
23749,15,0.01904761904761905,194.6
23750,0,0.0,0.0
23751,1,0.0,44.0
23752,7,0.0,53.857142857142854
23753,16,0.0,58.5
23754,14,0.03296703296703297,94.64285714285714
23755,20,0.015789473684210527,116.7
23756,24,0.014492753623188406,91.875
23757,6,0.0,114.33333333333333
23758,26,0.009230769230769232,120.8076923076923
23759,16,0.008333333333333333,101.6875
23760,33,0.011363636363636364,65.96969696969697
23761,214,0.012110043438199289,93.21495327102804
23762,32,0.006048387096774193,61.1875
23763,77,0.015037593984962405,118.44155844155844
23764,18,0.013071895424836602,91.38888888888889
23765,24,0.025362318840579712,139.95833333333334
23766,10,0.044444444444444446,102.5
23767,13,0.01282051282051282,117.84615384615384
23768,27,0.005698005698005698,93.74074074074075
23769,172,0.014279885760913913,101.30232558139535
23770,13,0.01282051282051282,78.6923076923077
23771,3,0.0,157.0
23772,24,0.021739130434782608,110.70833333333333
23773,5,0.0,200.6
23774,1,0.0,9.0
23775,25,0.016666666666666666,75.08
23776,4,0.0,92.75
23777,21,0.014285714285714285,117.0952380952381
23778,76,0.01649122807017544,120.0
23779,3,0.0,64.66666666666667
23780,1,0.0,50.0
23781,68,0.018437225636523266,103.86764705882354
23782,17,0.03676470588235294,205.23529411764707
23783,58,0.012099213551119177,84.8103448275862
23784,5,0.0,30.0
23785,24,0.007246376811594203,86.54166666666667
23786,2,1.0,192.5
23787,121,0.009228650137741047,89.25619834710744
23788,1,0.0,18.0
23789,1,0.0,54.0
23790,117,0.017241379310344827,116.87179487179488
23791,4,0.0,89.75
23792,139,0.013033051819414034,108.22302158273381
23793,31,0.015053763440860216,104.54838709677419
23794,2,0.0,67.5
23795,20,0.005263157894736842,77.35
23796,3,0.0,42.333333333333336
23797,1,0.0,31.0
23798,9,0.027777777777777776,254.11111111111111
23799,6,0.0,56.0
23800,1,0.0,50.0
23801,62,0.020624008461131677,141.9516129032258
23802,3,0.0,24.666666666666668
23803,5,0.0,43.2
23804,0,0.0,0.0
23805,61,0.01366120218579235,92.11475409836065
23806,3,0.0,123.66666666666667
23807,6,0.0,167.16666666666666
23808,91,0.015384615384615385,111.17582417582418
23809,26,0.009230769230769232,111.42307692307692
23810,9,0.0,74.11111111111111
23811,58,0.007259528130671506,80.20689655172414
23812,12,0.0,64.33333333333333
23813,54,0.011180992313067784,109.68518518518519
23814,26,0.009230769230769232,88.96153846153847
23815,1,0.0,295.0
23816,3,0.0,28.666666666666668
23817,28,0.0026455026455026454,67.92857142857143
23818,27,0.014245014245014245,121.81481481481481
23819,7,0.0,98.14285714285714
23820,3,0.0,20.666666666666668
23821,4,0.0,99.75
23822,35,0.02689075630252101,137.88571428571427
23823,25,0.01,78.44
23824,4,0.0,108.25
23825,1,0.0,221.0
23826,9,0.0,83.11111111111111
23827,7,0.0,88.71428571428571
23828,0,0.0,0.0
23829,3,0.0,135.66666666666666
23830,29,0.027093596059113302,136.58620689655172
23831,23,0.015810276679841896,73.43478260869566
23832,25,0.04,100.92
23833,7,0.0,108.71428571428571
23834,21,0.014285714285714285,94.47619047619048
23835,29,0.017241379310344827,99.34482758620689
23836,8,0.0,88.75
23837,8,0.0,53.0
23838,28,0.0291005291005291,131.35714285714286
23839,0,0.0,0.0
23840,13,0.07692307692307693,170.53846153846155
23841,7,0.0,133.57142857142858
23842,50,0.00816326530612245,93.32
23843,2,0.0,15.5
23844,17,0.007352941176470588,101.52941176470588
23845,1,0.0,25.0
23846,47,0.014801110083256245,110.0
23847,32,0.004032258064516129,84.0
23848,18,0.013071895424836602,91.83333333333333
23849,8,0.0,75.5
23850,85,0.01568627450980392,102.69411764705882
23851,2,0.0,32.5
23852,0,0.0,0.0
23853,1,0.0,16.0
23854,6,0.06666666666666667,82.66666666666667
23855,25,0.02,113.32
23856,19,0.023391812865497075,117.10526315789474
23857,4,0.0,66.0
23858,8,0.03571428571428571,110.0
23859,16,0.016666666666666666,80.8125
23860,14,0.0,73.78571428571429
23861,1,0.0,39.0
23862,6,0.0,256.5
23863,16,0.0,100.4375
23864,7,0.0,78.14285714285714
23865,1,0.0,190.0
23866,14,0.01098901098901099,43.642857142857146
23867,79,0.012009087958455048,95.20253164556962
23868,2,0.0,103.5
23869,23,0.011857707509881422,87.73913043478261
23870,44,0.007399577167019027,64.27272727272727
23871,16,0.025,134.625
23872,19,0.011695906432748537,81.94736842105263
23873,1,0.0,114.0
23874,7,0.047619047619047616,182.71428571428572
23875,3,0.0,165.66666666666666
23876,9,0.0,91.0
23877,21,0.01904761904761905,113.0
23878,44,0.012684989429175475,107.06818181818181
23879,14,0.0,97.5
23880,8,0.0,73.5
23881,5,0.0,114.4
23882,5,0.0,72.2
23883,29,0.014778325123152709,112.82758620689656
23884,3,0.0,27.333333333333332
23885,0,0.0,0.0
23886,96,0.009429824561403509,88.20833333333333
23887,5,0.0,53.0
23888,4,0.0,117.25
23889,2,0.0,124.0
23890,0,0.0,0.0
23891,14,0.01098901098901099,114.57142857142857
23892,16,0.016666666666666666,64.6875
23893,52,0.00980392156862745,87.51923076923077
23894,1,0.0,31.0
23895,33,0.005681818181818182,88.12121212121212
23896,174,0.02079596040130224,123.98850574712644
23897,16,0.016666666666666666,80.1875
23898,10,0.0,77.7
23899,11,0.0,117.54545454545455
23900,13,0.02564102564102564,73.46153846153847
23901,59,0.02104032729398013,115.83050847457628
23902,28,0.007936507936507936,60.785714285714285
23903,26,0.021538461538461538,78.46153846153847
23904,5,0.0,66.8
23905,5,0.0,49.0
23906,2,0.0,92.5
23907,2,0.0,156.0
23908,58,0.013914095583787053,105.56896551724138
23909,9,0.05555555555555555,162.44444444444446
23910,20,0.010526315789473684,125.75
23911,23,0.011857707509881422,71.6086956521739
23912,3,0.0,46.333333333333336
23913,28,0.0,70.07142857142857
23914,3,0.0,178.66666666666666
23915,2,0.0,40.0
23916,0,0.0,0.0
23917,12,0.0,46.583333333333336
23918,53,0.013062409288824383,93.47169811320755
23919,36,0.006349206349206349,100.80555555555556
23920,6,0.0,59.5
23921,36,0.031746031746031744,146.58333333333334
23922,2,0.0,253.5
23923,47,0.013876040703052728,98.25531914893617
23924,39,0.008097165991902834,74.87179487179488
23925,5,0.0,63.0
23926,6,0.0,182.83333333333334
23927,73,0.00684931506849315,65.67123287671232
23928,7,0.0,59.0
23929,4,0.0,35.25
23930,30,0.009195402298850575,95.36666666666666
23931,9,0.027777777777777776,82.88888888888889
23932,433,0.013300829698058335,100.34872979214781
23933,9,0.0,102.66666666666667
23934,83,0.00910960916838084,89.51807228915662
23935,23,0.011857707509881422,77.08695652173913
23936,5,0.0,88.2
23937,8,0.0,62.25
23938,62,0.007932310946589107,83.06451612903226
23939,48,0.015957446808510637,113.66666666666667
23940,8,0.0,68.375
23941,7,0.047619047619047616,61.0
23942,19,0.029239766081871343,157.3684210526316
23943,22,0.0,95.0909090909091
23944,19,0.011695906432748537,78.36842105263158
23945,16,0.008333333333333333,122.625
23946,0,0.0,0.0
23947,3,0.0,76.0
23948,38,0.011379800853485065,96.07894736842105
23949,6,0.0,60.666666666666664
23950,175,0.016288998357963876,118.78857142857143
23951,21,0.03333333333333333,166.42857142857142
23952,1,0.0,59.0
23953,6,0.0,225.83333333333334
23954,8,0.10714285714285714,116.0
23955,23,0.0,91.3913043478261
23956,51,0.008627450980392156,81.37254901960785
23957,8,0.0,65.125
23958,33,0.013257575757575758,88.0909090909091
23959,0,0.0,0.0
23960,17,0.007352941176470588,97.76470588235294
23961,1,0.0,44.0
23962,12,0.0,64.83333333333333
23963,6,0.0,138.83333333333334
23964,1,0.0,5.0
23965,0,0.0,0.0
23966,24,0.010869565217391304,97.91666666666667
23967,54,0.014675052410901468,105.68518518518519
23968,33,0.020833333333333332,126.9090909090909
23969,67,0.014473089099954772,90.97014925373135
23970,48,0.020390070921985817,120.64583333333333
23971,10,0.0,53.6
23972,2,0.0,7.0
23973,3,0.0,134.0
23974,82,0.012947907256850346,86.40243902439025
23975,9,0.027777777777777776,134.33333333333334
23976,57,0.010651629072681704,99.7719298245614
23977,4,0.0,66.75
23978,32,0.03024193548387097,162.9375
23979,8,0.0,70.875
23980,6,0.0,112.83333333333333
23981,93,0.019401589527816735,112.20430107526882
23982,1,0.0,44.0
23983,39,0.022941970310391364,146.82051282051282
23984,2,0.0,141.0
23985,22,0.012987012987012988,93.9090909090909
23986,0,0.0,0.0
23987,8,0.10714285714285714,135.125
23988,4,0.0,46.75
23989,0,0.0,0.0
23990,25,0.013333333333333334,82.32
23991,7,0.0,75.57142857142857
23992,8,0.0,192.5
23993,4,0.0,95.0
23994,13,0.0,56.23076923076923
23995,76,0.00631578947368421,80.55263157894737
23996,9,0.0,80.0
23997,13,0.0,85.46153846153847
23998,1,0.0,21.0
23999,57,0.013157894736842105,99.91228070175438
24000,27,0.008547008547008548,94.22222222222223
24001,10,0.0,29.6
24002,20,0.021052631578947368,125.85
24003,101,0.012277227722772278,85.65346534653466
24004,30,0.013793103448275862,86.13333333333334
24005,31,0.0064516129032258064,106.0
24006,118,0.02230914095320875,125.82203389830508
24007,72,0.013302034428794992,95.98611111111111
24008,16,0.0,66.1875
24009,8,0.03571428571428571,180.0
24010,10,0.0,71.1
24011,9,0.027777777777777776,111.22222222222223
24012,19,0.005847953216374269,105.47368421052632
24013,0,0.0,0.0
24014,18,0.0196078431372549,101.88888888888889
24015,56,0.015584415584415584,115.58928571428571
24016,21,0.009523809523809525,65.47619047619048
24017,0,0.0,0.0
24018,4,0.0,51.25
24019,4,0.0,85.25
24020,28,0.007936507936507936,103.21428571428571
24021,70,0.012008281573498964,95.78571428571429
24022,17,0.007352941176470588,91.47058823529412
24023,53,0.005805515239477504,87.77358490566037
24024,3,0.0,94.0
24025,3,0.0,44.333333333333336
24026,10,0.0,225.2
24027,1,0.0,87.0
24028,7,0.0,48.0
24029,23,0.011857707509881422,79.17391304347827
24030,25,0.023333333333333334,120.96
24031,58,0.0102843315184513,92.62068965517241
24032,15,0.0,61.8
24033,21,0.01904761904761905,118.14285714285714
24034,11,0.0,73.0909090909091
24035,0,0.0,0.0
24036,7,0.0,51.142857142857146
24037,1,0.0,11.0
24038,31,0.010752688172043012,85.74193548387096
24039,11,0.01818181818181818,117.9090909090909
24040,0,0.0,0.0
24041,8,0.03571428571428571,61.125
24042,9,0.0,77.22222222222223
24043,42,0.012775842044134728,88.80952380952381
24044,3,0.0,33.333333333333336
24045,24,0.018115942028985508,133.0
24046,16,0.008333333333333333,151.0625
24047,54,0.009084556254367574,81.55555555555556
24048,218,0.012514268803111656,97.22935779816514
24049,4,0.0,53.25
24050,4,0.16666666666666666,127.75
24051,14,0.0,66.85714285714286
24052,69,0.00937766410912191,80.2463768115942
24053,1,0.0,91.0
24054,48,0.015957446808510637,98.54166666666667
24055,16,0.0,87.375
24056,7,0.047619047619047616,69.28571428571429
24057,59,0.0070134424313267095,69.33898305084746
24058,5,0.0,58.4
24059,148,0.016087516087516088,110.79729729729729
24060,91,0.01562881562881563,115.41758241758242
24061,21,0.004761904761904762,88.14285714285714
24062,46,0.005797101449275362,70.45652173913044
24063,2,0.0,39.5
24064,2,0.0,21.5
24065,3,0.0,33.0
24066,15,0.0,72.6
24067,0,0.0,0.0
24068,4,0.0,135.25
24069,8,0.0,156.625
24070,15,0.009523809523809525,132.53333333333333
24071,50,0.0163265306122449,91.48
24072,0,0.0,0.0
24073,39,0.005398110661268556,74.43589743589743
24074,87,0.010692328254477412,86.22988505747126
24075,6,0.0,97.66666666666667
24076,9,0.0,91.0
24077,9,0.027777777777777776,64.66666666666667
24078,43,0.009966777408637873,63.51162790697674
24079,23,0.011857707509881422,103.52173913043478
24080,103,0.01066057490957548,79.7864077669903
24081,6,0.0,53.5
24082,15,0.009523809523809525,130.66666666666666
24083,20,0.005263157894736842,91.9
24084,1,0.0,18.0
24085,25,0.006666666666666667,61.2
24086,21,0.009523809523809525,70.71428571428571
24087,37,0.003003003003003003,99.02702702702703
24088,37,0.013513513513513514,89.4054054054054
24089,13,0.01282051282051282,104.07692307692308
24090,105,0.015567765567765568,115.29523809523809
24091,3,0.0,104.66666666666667
24092,70,0.018219461697722567,121.27142857142857
24093,12,0.0,68.25
24094,35,0.023529411764705882,161.25714285714287
24095,3,0.0,84.66666666666667
24096,4,0.0,35.25
24097,43,0.008859357696566999,93.65116279069767
24098,608,0.012317913812537934,97.74177631578948
24099,19,0.005847953216374269,50.94736842105263
24100,102,0.0110658124635993,84.00980392156863
24101,7,0.0,55.714285714285715
24102,5,0.0,84.2
24103,24,0.014492753623188406,94.0
24104,3,0.0,89.66666666666667
24105,41,0.015853658536585366,85.04878048780488
24106,23,0.007905138339920948,112.52173913043478
24107,67,0.009497964721845319,88.26865671641791
24108,6,0.0,164.83333333333334
24109,3,0.0,52.333333333333336
24110,1,0.0,58.0
24111,4,0.0,86.0
24112,27,0.019943019943019943,120.74074074074075
24113,32,0.012096774193548387,74.5625
24114,15,0.0,87.6
24115,21,0.014285714285714285,97.85714285714286
24116,43,0.023255813953488372,103.83720930232558
24117,15,0.0,88.93333333333334
24118,33,0.028409090909090908,110.15151515151516
24119,1,0.0,42.0
24120,51,0.006274509803921568,85.2156862745098
24121,20,0.005263157894736842,57.4
24122,15,0.0,79.6
24123,30,0.006896551724137931,70.0
24124,2,0.0,56.0
24125,4,0.0,77.0
24126,3,0.0,44.666666666666664
24127,43,0.023255813953488372,125.95348837209302
24128,115,0.010068649885583524,86.83478260869565
24129,3,0.0,37.666666666666664
24130,31,0.012903225806451613,99.48387096774194
24131,13,0.02564102564102564,69.6923076923077
24132,2,1.0,204.0
24133,7,0.047619047619047616,57.857142857142854
24134,59,0.012273524254821741,87.98305084745763
24135,16,0.016666666666666666,93.9375
24136,32,0.008064516129032258,82.1875
24137,5,0.0,44.6
24138,12,0.0,113.75
24139,7,0.0,95.28571428571429
24140,41,0.00853658536585366,96.85365853658537
24141,28,0.013227513227513227,95.71428571428571
24142,6,0.0,48.5
24143,13,0.0,49.61538461538461
24144,15,0.009523809523809525,81.53333333333333
24145,98,0.013254786450662739,99.76530612244898
24146,3,0.0,93.66666666666667
24147,14,0.02197802197802198,119.5
24148,16,0.025,212.0
24149,63,0.02048131080389145,109.38095238095238
24150,9,0.0,111.55555555555556
24151,20,0.005263157894736842,74.35
24152,23,0.007905138339920948,110.08695652173913
24153,11,0.01818181818181818,80.81818181818181
24154,4,0.0,182.5
24155,3,0.0,111.66666666666667
24156,14,0.02197802197802198,95.07142857142857
24157,15,0.01904761904761905,107.26666666666667
24158,20,0.03684210526315789,146.9
24159,321,0.010299844236760124,88.24610591900311
24160,4,0.0,89.0
24161,120,0.01680672268907563,114.35833333333333
24162,59,0.012273524254821741,105.64406779661017
24163,5,0.0,73.4
24164,71,0.011267605633802818,87.66197183098592
24165,1,0.0,156.0
24166,1,0.0,8.0
24167,28,0.013227513227513227,73.57142857142857
24168,8,0.0,89.5
24169,12,0.015151515151515152,90.75
24170,1,0.0,81.0
24171,8,0.0,96.625
24172,3,0.0,91.66666666666667
24173,14,0.0,65.0
24174,49,0.01020408163265306,84.16326530612245
24175,6,0.0,72.0
24176,45,0.010101010101010102,103.4888888888889
24177,2,0.0,60.0
24178,30,0.006896551724137931,76.33333333333333
24179,6,0.0,90.16666666666667
24180,24,0.025362318840579712,143.79166666666666
24181,1,0.0,21.0
24182,8,0.0,68.625
24183,28,0.0,63.17857142857143
24184,4,0.16666666666666666,409.0
24185,33,0.026515151515151516,112.03030303030303
24186,3,0.3333333333333333,311.0
24187,6,0.06666666666666667,151.5
24188,9,0.0,93.0
24189,14,0.01098901098901099,132.07142857142858
24190,47,0.02312673450508788,123.74468085106383
24191,2,0.0,27.0
24192,14,0.054945054945054944,124.78571428571429
24193,6,0.0,58.0
24194,31,0.0064516129032258064,61.74193548387097
24195,2,0.0,15.5
24196,12,0.0,38.75
24197,3,0.0,44.666666666666664
24198,12,0.015151515151515152,79.75
24199,11,0.0,102.0909090909091
24200,24,0.007246376811594203,75.41666666666667
24201,15,0.009523809523809525,91.8
24202,4,0.0,70.5
24203,30,0.009195402298850575,86.53333333333333
24204,13,0.01282051282051282,104.76923076923077
24205,1,0.0,82.0
24206,5,0.0,200.0
24207,20,0.005263157894736842,98.1
24208,165,0.01204730229120473,100.28484848484848
24209,24,0.0,52.791666666666664
24210,13,0.0,74.38461538461539
24211,5,0.0,41.6
24212,39,0.017543859649122806,101.12820512820512
24213,12,0.0,125.41666666666667
24214,1,0.0,3.0
24215,4,0.0,42.5
24216,1,0.0,130.0
24217,10,0.0,76.7
24218,91,0.015384615384615385,103.02197802197803
24219,8,0.0,27.375
24220,2,0.0,16.5
24221,8,0.10714285714285714,297.375
24222,31,0.012903225806451613,105.29032258064517
24223,42,0.016260162601626018,137.1904761904762
24224,1,0.0,45.0
24225,13,0.0,144.92307692307693
24226,9,0.0,114.33333333333333
24227,8,0.0,116.375
24228,2,0.0,84.0
24229,9,0.027777777777777776,95.77777777777777
24230,10,0.0,94.2
24231,50,0.0236734693877551,136.7
24232,33,0.011363636363636364,87.45454545454545
24233,8,0.0,95.25
24234,11,0.05454545454545454,213.0
24235,63,0.01638504864311316,102.85714285714286
24236,46,0.01642512077294686,98.32608695652173
24237,26,0.015384615384615385,98.88461538461539
24238,21,0.014285714285714285,94.42857142857143
24239,11,0.0,46.72727272727273
24240,43,0.013289036544850499,85.27906976744185
24241,16,0.016666666666666666,107.25
24242,4,0.0,91.0
24243,134,0.017955336101447648,118.6044776119403
24244,44,0.007399577167019027,88.5
24245,12,0.015151515151515152,62.333333333333336
24246,10,0.022222222222222223,81.3
24247,0,0.0,0.0
24248,42,0.016260162601626018,103.78571428571429
24249,13,0.0,104.0
24250,19,0.0,68.57894736842105
24251,1,0.0,19.0
24252,24,0.0036231884057971015,72.45833333333333
24253,62,0.007932310946589107,73.5
24254,0,0.0,0.0
24255,46,0.012560386473429951,100.95652173913044
24256,8,0.03571428571428571,170.125
24257,4,0.0,18.75
24258,18,0.0,86.22222222222223
24259,0,0.0,0.0
24260,15,0.0,99.93333333333334
24261,21,0.014285714285714285,73.76190476190476
24262,238,0.014360174449526647,105.23109243697479
24263,1,0.0,110.0
24264,1,0.0,17.0
24265,17,0.007352941176470588,97.29411764705883
24266,67,0.022161917684305744,121.14925373134328
24267,46,0.015458937198067632,108.67391304347827
24268,7,0.0,45.285714285714285
24269,1,0.0,29.0
24270,124,0.012588512981904013,95.5725806451613
24271,90,0.012983770287141073,99.68888888888888
24272,12,0.030303030303030304,60.166666666666664
24273,13,0.0,56.30769230769231
24274,3,0.3333333333333333,462.0
24275,0,0.0,0.0
24276,1,0.0,23.0
24277,3,0.3333333333333333,49.666666666666664
24278,2,0.0,54.5
24279,3,0.0,33.0
24280,4,0.0,181.0
24281,11,0.05454545454545454,121.9090909090909
24282,55,0.012794612794612794,76.27272727272727
24283,201,0.015621890547263682,114.96517412935323
24284,151,0.016070640176600443,102.7748344370861
24285,23,0.003952569169960474,71.34782608695652
24286,27,0.011396011396011397,128.77777777777777
24287,1,0.0,24.0
24288,9,0.0,66.44444444444444
24289,190,0.012308549150654415,96.77894736842106
24290,3,0.0,165.0
24291,10,0.044444444444444446,63.1
24292,13,0.02564102564102564,147.23076923076923
24293,14,0.0,79.28571428571429
24294,21,0.01904761904761905,59.57142857142857
24295,3,0.0,196.33333333333334
24296,3,0.0,60.666666666666664
24297,42,0.018583042973286876,110.07142857142857
24298,12,0.045454545454545456,114.91666666666667
24299,12,0.0,52.666666666666664
24300,30,0.027586206896551724,142.8
24301,20,0.010526315789473684,80.55
24302,34,0.0071301247771836,68.41176470588235
24303,25,0.01,110.96
24304,25,0.01,75.92
24305,29,0.007389162561576354,103.86206896551724
24306,2,0.0,38.5
24307,18,0.0,59.666666666666664
24308,6,0.0,55.5
24309,48,0.012411347517730497,102.25
24310,10,0.022222222222222223,75.0
24311,63,0.014848950332821301,102.41269841269842
24312,26,0.0,98.03846153846153
24313,13,0.0,87.6923076923077
24314,28,0.021164021164021163,104.60714285714286
24315,12,0.0,115.25
24316,8,0.0,74.625
24317,33,0.022727272727272728,117.18181818181819
24318,3,0.0,65.66666666666667
24319,101,0.011683168316831683,93.74257425742574
24320,4,0.0,114.0
24321,123,0.013061442089830734,106.9430894308943
24322,21,0.02857142857142857,97.85714285714286
24323,23,0.003952569169960474,121.91304347826087
24324,30,0.009195402298850575,100.86666666666666
24325,2,0.0,74.5
24326,3,0.0,34.666666666666664
24327,0,0.0,0.0
24328,36,0.009523809523809525,102.25
24329,26,0.009230769230769232,92.03846153846153
24330,28,0.010582010582010581,117.39285714285714
24331,4,0.0,86.0
24332,31,0.017204301075268817,96.29032258064517
24333,3,0.0,97.0
24334,3,0.0,36.0
24335,8,0.0,153.125
24336,13,0.0,32.23076923076923
24337,178,0.010918555195835714,92.38202247191012
24338,16,0.025,53.1875
24339,2,0.0,112.0
24340,7,0.0,181.0
24341,18,0.0457516339869281,143.05555555555554
24342,22,0.021645021645021644,110.45454545454545
24343,14,0.01098901098901099,185.14285714285714
24344,3,0.0,48.0
24345,2,0.0,47.0
24346,5,0.0,97.6
24347,28,0.007936507936507936,86.89285714285714
24348,117,0.013115237253168288,107.0
24349,12,0.06060606060606061,158.91666666666666
24350,10,0.0,36.8
24351,46,0.012560386473429951,93.3913043478261
24352,26,0.0,67.73076923076923
24353,3,0.0,28.333333333333332
24354,113,0.010587863463969659,80.40707964601769
24355,18,0.0,43.44444444444444
24356,11,0.0,95.72727272727273
24357,2,0.0,137.5
24358,73,0.0045662100456621,96.17808219178082
24359,73,0.0182648401826484,118.67123287671232
24360,1,0.0,8.0
24361,2,0.0,147.5
24362,35,0.005042016806722689,94.65714285714286
24363,43,0.023255813953488372,126.48837209302326
24364,3,0.3333333333333333,41.0
24365,20,0.005263157894736842,76.75
24366,22,0.017316017316017316,72.13636363636364
24367,42,0.020905923344947737,115.19047619047619
24368,51,0.01568627450980392,113.62745098039215
24369,44,0.011627906976744186,104.31818181818181
24370,4,0.0,46.75
24371,70,0.007453416149068323,88.74285714285715
24372,45,0.015151515151515152,106.4
24373,16,0.016666666666666666,131.5625
24374,12,0.030303030303030304,103.33333333333333
24375,1,0.0,32.0
24376,6,0.0,96.0
24377,0,0.0,0.0
24378,3,0.0,263.3333333333333
24379,0,0.0,0.0
24380,21,0.014285714285714285,81.14285714285714
24381,7,0.0,136.28571428571428
24382,28,0.015873015873015872,94.85714285714286
24383,2,0.0,38.5
24384,51,0.01411764705882353,92.94117647058823
24385,33,0.015151515151515152,107.0
24386,13,0.01282051282051282,91.53846153846153
24387,2,0.0,178.0
24388,70,0.006625258799171843,86.92857142857143
24389,17,0.014705882352941176,161.8235294117647
24390,2,0.0,60.0
24391,27,0.017094017094017096,160.4814814814815
24392,17,0.0,71.88235294117646
24393,2,0.0,66.0
24394,1,0.0,45.0
24395,1,0.0,151.0
24396,22,0.0,99.4090909090909
24397,43,0.006644518272425249,70.46511627906976
24398,10,0.0,64.0
24399,7,0.0,80.0
24400,70,0.011594202898550725,98.97142857142858
24401,71,0.007645875251509054,75.16901408450704
24402,66,0.012587412587412588,107.96969696969697
24403,20,0.031578947368421054,161.75
24404,14,0.0,65.64285714285714
24405,75,0.021981981981981983,110.33333333333333
24406,2,0.0,131.5
24407,55,0.020875420875420877,113.23636363636363
24408,8,0.0,71.125
24409,95,0.01433370660694289,89.72631578947369
24410,11,0.01818181818181818,122.45454545454545
24411,6,0.0,50.166666666666664
24412,2,0.0,65.5
24413,4,0.0,326.25
24414,2,0.0,89.5
24415,13,0.01282051282051282,59.30769230769231
24416,19,0.011695906432748537,66.52631578947368
24417,2,0.0,40.0
24418,23,0.011857707509881422,131.52173913043478
24419,63,0.017409114183307733,120.25396825396825
24420,17,0.0,56.94117647058823
24421,4,0.0,23.5
24422,12,0.0,53.833333333333336
24423,2,0.0,165.0
24424,37,0.018018018018018018,120.29729729729729
24425,1,0.0,221.0
24426,103,0.014467923091566724,97.00970873786407
24427,15,0.01904761904761905,52.266666666666666
24428,48,0.004432624113475178,68.58333333333333
24429,52,0.01282051282051282,94.88461538461539
24430,6,0.0,62.5
24431,25,0.056666666666666664,235.64
24432,23,0.023715415019762844,140.1304347826087
24433,126,0.015238095238095238,107.7936507936508
24434,2,0.0,110.5
24435,14,0.01098901098901099,64.71428571428571
24436,14,0.0,79.0
24437,13,0.0,104.53846153846153
24438,127,0.016122984626921636,107.49606299212599
24439,16,0.016666666666666666,107.4375
24440,4,0.0,79.75
24441,9,0.0,49.333333333333336
24442,21,0.02857142857142857,159.0
24443,4,0.0,43.5
24444,18,0.006535947712418301,84.77777777777777
24445,16,0.016666666666666666,74.75
24446,6,0.0,89.5
24447,6,0.0,97.16666666666667
24448,82,0.019572417946401688,122.36585365853658
24449,11,0.03636363636363636,217.72727272727272
24450,5,0.0,63.6
24451,13,0.0,58.92307692307692
24452,145,0.01503831417624521,104.33793103448276
24453,47,0.027752081406105456,136.7872340425532
24454,10,0.0,94.3
24455,7,0.0,75.71428571428571
24456,19,0.005847953216374269,53.473684210526315
24457,9,0.0,61.77777777777778
24458,11,0.03636363636363636,205.27272727272728
24459,69,0.014492753623188406,106.18840579710145
24460,14,0.0,120.42857142857143
24461,28,0.015873015873015872,127.53571428571429
24462,5,0.0,179.2
24463,2,0.0,35.5
24464,30,0.009195402298850575,75.23333333333333
24465,7,0.0,89.28571428571429
24466,40,0.01282051282051282,102.0
24467,1,0.0,123.0
24468,36,0.0380952380952381,162.36111111111111
24469,310,0.01016807599958242,86.31612903225806
24470,0,0.0,0.0
24471,0,0.0,0.0
24472,9,0.027777777777777776,84.22222222222223
24473,9,0.05555555555555555,240.44444444444446
24474,28,0.0026455026455026454,92.17857142857143
24475,11,0.0,80.18181818181819
24476,120,0.011764705882352941,90.2
24477,124,0.011801730920535013,96.63709677419355
24478,5,0.0,54.6
24479,17,0.022058823529411766,122.76470588235294
24480,11,0.0,56.0
24481,14,0.0,61.92857142857143
24482,10,0.022222222222222223,46.4
24483,151,0.015629139072847683,115.09933774834437
24484,24,0.0036231884057971015,100.33333333333333
24485,34,0.0035650623885918,85.29411764705883
24486,16,0.016666666666666666,115.3125
24487,2,0.0,32.0
24488,19,0.011695906432748537,75.15789473684211
24489,80,0.012974683544303797,95.375
24490,28,0.010582010582010581,77.92857142857143
24491,36,0.022222222222222223,146.91666666666666
24492,32,0.010080645161290322,113.1875
24493,9,0.0,77.44444444444444
24494,26,0.003076923076923077,73.92307692307692
24495,46,0.008695652173913044,78.76086956521739
24496,27,0.019943019943019943,96.55555555555556
24497,19,0.017543859649122806,94.52631578947368
24498,8,0.0,127.0
24499,2,0.0,87.0
24500,68,0.007901668129938543,85.6470588235294
24501,8,0.0,75.375
24502,23,0.007905138339920948,84.26086956521739
24503,15,0.0,78.26666666666667
24504,0,0.0,0.0
24505,0,0.0,0.0
24506,11,0.0,102.81818181818181
24507,9,0.0,69.11111111111111
24508,9,0.05555555555555555,139.88888888888889
24509,94,0.01098146877144818,96.32978723404256
24510,38,0.011379800853485065,109.78947368421052
24511,7,0.0,66.42857142857143
24512,16,0.008333333333333333,53.0625
24513,1,0.0,55.0
24514,10,0.1111111111111111,170.9
24515,10,0.0,103.4
24516,48,0.01950354609929078,122.47916666666667
24517,17,0.022058823529411766,126.17647058823529
24518,47,0.024051803885291396,177.6595744680851
24519,15,0.009523809523809525,69.4
24520,99,0.00968872397443826,81.53535353535354
24521,2,0.0,115.0
24522,21,0.023809523809523808,110.28571428571429
24523,18,0.006535947712418301,81.61111111111111
24524,29,0.0049261083743842365,84.44827586206897
24525,20,0.005263157894736842,67.6
24526,6,0.0,47.5
24527,15,0.02857142857142857,157.06666666666666
24528,35,0.0067226890756302525,75.4
24529,227,0.014151495068418386,97.7885462555066
24530,32,0.020161290322580645,115.40625
24531,29,0.009852216748768473,95.82758620689656
24532,17,0.0,70.0
24533,1,0.0,263.0
24534,11,0.03636363636363636,200.63636363636363
24535,25,0.01,77.76
24536,27,0.011396011396011397,93.33333333333333
24537,58,0.010889292196007259,92.36206896551724
24538,25,0.01,127.68
24539,3,0.0,89.33333333333333
24540,23,0.011857707509881422,144.2608695652174
24541,1,0.0,268.0
24542,24,0.010869565217391304,86.875
24543,58,0.013914095583787053,112.46551724137932
24544,2,0.0,275.5
24545,5,0.0,52.2
24546,0,0.0,0.0
24547,30,0.009195402298850575,95.06666666666666
24548,14,0.0,42.857142857142854
24549,9,0.027777777777777776,45.111111111111114
24550,0,0.0,0.0
24551,2,0.0,30.5
24552,28,0.015873015873015872,75.60714285714286
24553,39,0.014844804318488529,115.12820512820512
24554,12,0.0,88.58333333333333
24555,25,0.006666666666666667,72.92
24556,39,0.009446693657219974,94.71794871794872
24557,75,0.010450450450450451,94.93333333333334
24558,0,0.0,0.0
24559,83,0.014399059653247136,106.32530120481928
24560,20,0.021052631578947368,156.2
24561,28,0.018518518518518517,88.39285714285714
24562,6,0.0,49.5
24563,13,0.038461538461538464,188.3846153846154
24564,29,0.03201970443349754,106.72413793103448
24565,33,0.015151515151515152,95.03030303030303
24566,5,0.0,132.0
24567,9,0.0,74.0
24568,16,0.0,50.5625
24569,23,0.007905138339920948,53.82608695652174
24570,26,0.015384615384615385,101.73076923076923
24571,46,0.011594202898550725,105.73913043478261
24572,5,0.0,105.0
24573,16,0.041666666666666664,99.625
24574,1,0.0,77.0
24575,44,0.009513742071881607,93.77272727272727
24576,1,0.0,66.0
24577,1,0.0,395.0
24578,25,0.016666666666666666,139.52
24579,17,0.03676470588235294,132.1764705882353
24580,94,0.02081903454587051,133.56382978723406
24581,22,0.0,62.77272727272727
24582,29,0.019704433497536946,104.58620689655173
24583,4,0.0,88.5
24584,9,0.05555555555555555,86.0
24585,6,0.0,106.83333333333333
24586,37,0.0075075075075075074,90.0
24587,24,0.007246376811594203,91.04166666666667
24588,230,0.01777102715018037,111.14782608695653
24589,9,0.0,62.0
24590,72,0.014475743348982786,94.01388888888889
24591,56,0.012987012987012988,80.21428571428571
24592,47,0.010175763182238668,66.53191489361703
24593,3,0.0,73.66666666666667
24594,1,0.0,18.0
24595,17,0.0,63.294117647058826
24596,2,0.0,166.0
24597,13,0.0,44.92307692307692
24598,20,0.021052631578947368,143.6
24599,11,0.0,126.45454545454545
24600,33,0.017045454545454544,115.18181818181819
24601,7,0.047619047619047616,64.85714285714286
24602,6,0.0,67.83333333333333
24603,4,0.0,41.25
24604,49,0.007653061224489796,59.16326530612245
24605,115,0.012051868802440885,96.61739130434782
24606,26,0.006153846153846154,74.46153846153847
24607,91,0.01098901098901099,95.92307692307692
24608,4,0.0,56.0
24609,2,0.0,11.5
24610,194,0.01741359970087068,109.45360824742268
24611,5,0.0,178.2
24612,69,0.0068201193520886615,81.7536231884058
24613,2,0.0,20.0
24614,1,0.0,20.0
24615,139,0.012094672088416223,92.14388489208633
24616,4,0.0,77.25
24617,23,0.011857707509881422,118.30434782608695
24618,14,0.02197802197802198,78.5
24619,25,0.02,149.96
24620,74,0.021843761569788966,140.48648648648648
24621,2,0.0,158.0
24622,6,0.0,87.16666666666667
24623,30,0.009195402298850575,85.4
24624,34,0.012477718360071301,115.8529411764706
24625,4,0.0,56.25
24626,19,0.023391812865497075,110.10526315789474
24627,2,0.0,374.0
24628,12,0.0,139.25
24629,37,0.018018018018018018,108.21621621621621
24630,11,0.01818181818181818,141.36363636363637
24631,4,0.0,26.25
24632,4,0.0,93.5
24633,28,0.007936507936507936,93.42857142857143
24634,19,0.011695906432748537,92.0
24635,22,0.004329004329004329,108.0909090909091
24636,144,0.020104895104895104,130.60416666666666
24637,7,0.0,51.0
24638,8,0.0,58.0
24639,3,0.0,35.666666666666664
24640,9,0.0,34.666666666666664
24641,9,0.0,65.11111111111111
24642,35,0.0033613445378151263,95.57142857142857
24643,73,0.0121765601217656,95.4931506849315
24644,7,0.0,76.0
24645,35,0.0067226890756302525,83.48571428571428
24646,8,0.0,104.25
24647,12,0.0,40.583333333333336
24648,2,0.0,144.0
24649,36,0.012698412698412698,85.58333333333333
24650,89,0.012257405515832482,105.37078651685393
24651,14,0.0,61.857142857142854
24652,19,0.005847953216374269,89.73684210526316
24653,12,0.0,63.5
24654,2,0.0,26.0
24655,5,0.0,158.0
24656,40,0.011538461538461539,79.625
24657,8,0.0,32.125
24658,16,0.0,67.875
24659,5,0.0,202.8
24660,17,0.007352941176470588,83.70588235294117
24661,22,0.012987012987012988,131.5
24662,9,0.0,60.55555555555556
24663,11,0.0,92.36363636363636
24664,4,0.0,46.0
24665,52,0.010558069381598794,95.6923076923077
24666,7,0.0,68.42857142857143
24667,31,0.01935483870967742,151.2258064516129
24668,51,0.007058823529411765,74.03921568627452
24669,32,0.006048387096774193,72.75
24670,0,0.0,0.0
24671,46,0.01932367149758454,128.0
24672,1,0.0,22.0
24673,1,0.0,255.0
24674,130,0.02039355992844365,122.35384615384615
24675,6,0.0,44.333333333333336
24676,7,0.0,55.285714285714285
24677,17,0.014705882352941176,69.29411764705883
24678,69,0.022591645353793693,118.82608695652173
24679,11,0.01818181818181818,183.54545454545453
24680,18,0.0196078431372549,72.83333333333333
24681,96,0.008552631578947369,88.33333333333333
24682,5,0.0,67.4
24683,174,0.012225101322171285,94.24137931034483
24684,6,0.0,71.0
24685,26,0.009230769230769232,75.3076923076923
24686,8,0.0,133.875
24687,30,0.009195402298850575,73.7
24688,56,0.02012987012987013,134.32142857142858
24689,14,0.01098901098901099,113.28571428571429
24690,112,0.013191763191763193,93.02678571428571
24691,63,0.01638504864311316,102.96825396825396
24692,16,0.0,95.375
24693,36,0.011111111111111112,83.47222222222223
24694,34,0.017825311942959002,90.61764705882354
24695,0,0.0,0.0
24696,8,0.0,88.875
24697,2,0.0,17.5
24698,5,0.0,102.4
24699,9,0.05555555555555555,119.0
24700,59,0.018702513150204558,116.57627118644068
24701,19,0.005847953216374269,105.42105263157895
24702,3,0.0,69.0
24703,10,0.022222222222222223,116.2
24704,3,0.0,108.66666666666667
24705,6,0.0,76.83333333333333
24706,13,0.0,64.38461538461539
24707,11,0.0,57.36363636363637
24708,21,0.01904761904761905,93.0952380952381
24709,33,0.007575757575757576,77.78787878787878
24710,3,0.3333333333333333,299.0
24711,24,0.050724637681159424,140.70833333333334
24712,7,0.0,49.42857142857143
24713,13,0.0,104.92307692307692
24714,54,0.009783368273934312,85.11111111111111
24715,1,0.0,33.0
24716,4,0.0,41.0
24717,30,0.013793103448275862,104.7
24718,41,0.018292682926829267,107.95121951219512
24719,2,0.0,48.0
24720,2,0.0,122.0
24721,54,0.019566736547868623,116.05555555555556
24722,6,0.0,71.83333333333333
24723,21,0.014285714285714285,135.33333333333334
24724,18,0.013071895424836602,94.72222222222223
24725,18,0.013071895424836602,109.22222222222223
24726,84,0.01549053356282272,116.94047619047619
24727,15,0.009523809523809525,79.93333333333334
24728,25,0.0033333333333333335,71.04
24729,16,0.008333333333333333,81.5
24730,43,0.01107419712070875,69.86046511627907
24731,5,0.0,57.4
24732,11,0.03636363636363636,98.63636363636364
24733,28,0.007936507936507936,95.71428571428571
24734,245,0.013583138173302109,99.88163265306123
24735,10,0.0,91.6
24736,12,0.0,86.83333333333333
24737,7,0.0,168.42857142857142
24738,38,0.008534850640113799,86.36842105263158
24739,6,0.0,48.0
24740,19,0.011695906432748537,75.73684210526316
24741,1,0.0,113.0
24742,5,0.0,40.6
24743,131,0.014679976512037582,115.00763358778626
24744,15,0.009523809523809525,87.26666666666667
24745,52,0.014328808446455505,103.34615384615384
24746,9,0.0,86.55555555555556
24747,10,0.0,96.7
24748,67,0.014020805065581185,101.53731343283582
24749,5,0.0,36.2
24750,29,0.019704433497536946,111.37931034482759
24751,93,0.017999064983637212,110.65591397849462
24752,6,0.0,117.33333333333333
24753,51,0.01019607843137255,82.19607843137256
24754,19,0.017543859649122806,76.94736842105263
24755,9,0.0,58.888888888888886
24756,55,0.012794612794612794,92.56363636363636
24757,28,0.007936507936507936,71.71428571428571
24758,5,0.0,58.2
24759,20,0.0,78.05
24760,6,0.0,84.5
24761,0,0.0,0.0
24762,12,0.0,62.166666666666664
24763,83,0.017043784895680283,106.75903614457832
24764,14,0.0,52.642857142857146
24765,3,0.0,91.33333333333333
24766,31,0.021505376344086023,132.06451612903226
24767,16,0.0,52.875
24768,7,0.0,120.85714285714286
24769,6,0.06666666666666667,70.0
24770,2,0.0,230.0
24771,10,0.0,60.8
24772,27,0.005698005698005698,53.81481481481482
24773,10,0.0,88.9
24774,10,0.0,59.3
24775,4,0.0,38.0
24776,17,0.029411764705882353,122.6470588235294
24777,9,0.0,108.33333333333333
24778,1,0.0,59.0
24779,13,0.0,56.46153846153846
24780,2,0.0,62.0
24781,2,0.0,26.0
24782,30,0.013793103448275862,91.23333333333333
24783,26,0.0,90.3076923076923
24784,14,0.01098901098901099,95.71428571428571
24785,0,0.0,0.0
24786,48,0.013297872340425532,102.25
24787,11,0.01818181818181818,57.36363636363637
24788,25,0.01,99.2
24789,0,0.0,0.0
24790,23,0.007905138339920948,113.78260869565217
24791,3,0.3333333333333333,138.33333333333334
24792,13,0.02564102564102564,205.6153846153846
24793,34,0.026737967914438502,127.76470588235294
24794,3,0.0,25.333333333333332
24795,24,0.0036231884057971015,66.33333333333333
24796,11,0.0,84.72727272727273
24797,139,0.011677614430194974,92.63309352517986
24798,6,0.0,62.166666666666664
24799,33,0.007575757575757576,70.75757575757575
24800,9,0.027777777777777776,123.55555555555556
24801,0,0.0,0.0
24802,2,0.0,81.0
24803,9,0.0,64.44444444444444
24804,27,0.002849002849002849,70.74074074074075
24805,6,0.0,69.5
24806,17,0.007352941176470588,62.0
24807,9,0.0,99.77777777777777
24808,31,0.008602150537634409,86.0
24809,59,0.012273524254821741,97.47457627118644
24810,20,0.010526315789473684,104.6
24811,49,0.011054421768707483,96.26530612244898
24812,1,0.0,85.0
24813,21,0.009523809523809525,70.33333333333333
24814,2,0.0,202.0
24815,21,0.009523809523809525,85.28571428571429
24816,11,0.0,128.9090909090909
24817,93,0.010051425899953248,89.68817204301075
24818,33,0.00946969696969697,80.87878787878788
24819,38,0.01849217638691323,117.92105263157895
24820,18,0.032679738562091505,91.27777777777777
24821,61,0.009836065573770493,87.98360655737704
24822,8,0.03571428571428571,96.25
24823,6,0.0,103.33333333333333
24824,8,0.03571428571428571,115.375
24825,5,0.1,175.6
24826,0,0.0,0.0
24827,32,0.008064516129032258,65.0
24828,58,0.012704174228675136,96.34482758620689
24829,13,0.02564102564102564,132.3846153846154
24830,27,0.0,64.77777777777777
24831,19,0.005847953216374269,113.26315789473684
24832,0,0.0,0.0
24833,71,0.01488933601609658,88.46478873239437
24834,11,0.0,192.36363636363637
24835,34,0.0053475935828877,65.88235294117646
24836,13,0.0,47.53846153846154
24837,25,0.0033333333333333335,91.72
24838,37,0.006006006006006006,85.1891891891892
24839,19,0.029239766081871343,82.63157894736842
24840,6,0.06666666666666667,64.16666666666667
24841,15,0.0,76.33333333333333
24842,12,0.0,86.83333333333333
24843,22,0.012987012987012988,76.22727272727273
24844,1,0.0,97.0
24845,0,0.0,0.0
24846,0,0.0,0.0
24847,12,0.0,107.08333333333333
24848,110,0.010341951626355296,84.52727272727273
24849,0,0.0,0.0
24850,9,0.0,92.55555555555556
24851,0,0.0,0.0
24852,71,0.011267605633802818,83.71830985915493
24853,103,0.01332571863696935,97.05825242718447
24854,10,0.0,57.0
24855,66,0.009324009324009324,75.15151515151516
24856,15,0.01904761904761905,184.4
24857,18,0.0,78.72222222222223
24858,24,0.007246376811594203,76.0
24859,5,0.0,63.8
24860,26,0.003076923076923077,70.73076923076923
24861,12,0.0,133.41666666666666
24862,31,0.025806451612903226,122.29032258064517
24863,56,0.00909090909090909,80.91071428571429
24864,5,0.0,127.8
24865,6,0.0,189.83333333333334
24866,10,0.022222222222222223,141.0
24867,3,0.0,87.33333333333333
24868,6,0.0,144.0
24869,1,0.0,27.0
24870,0,0.0,0.0
24871,8,0.0,89.75
24872,9,0.0,72.0
24873,1,0.0,182.0
24874,57,0.011278195488721804,78.75438596491227
24875,9,0.027777777777777776,98.44444444444444
24876,6,0.06666666666666667,193.66666666666666
24877,5,0.0,167.6
24878,48,0.013297872340425532,75.58333333333333
24879,62,0.009518773135906928,93.88709677419355
24880,6,0.0,55.333333333333336
24881,13,0.0,64.23076923076923
24882,4,0.0,92.5
24883,15,0.0,86.53333333333333
24884,13,0.0,55.92307692307692
24885,5,0.0,127.0
24886,13,0.01282051282051282,119.38461538461539
24887,2,0.0,54.5
24888,34,0.012477718360071301,148.08823529411765
24889,5,0.0,88.2
24890,2,0.0,168.0
24891,10,0.044444444444444446,91.5
24892,119,0.011394388263780088,93.3109243697479
24893,50,0.010612244897959184,95.04
24894,2,0.0,41.5
24895,51,0.023529411764705882,128.94117647058823
24896,59,0.029807130333138514,141.57627118644066
24897,18,0.006535947712418301,78.55555555555556
24898,7,0.0,62.42857142857143
24899,25,0.01,87.72
24900,14,0.0,62.5
24901,179,0.015441591864917456,109.8268156424581
24902,4,0.0,124.25
24903,33,0.011363636363636364,77.18181818181819
24904,80,0.008544303797468355,90.3125
24905,0,0.0,0.0
24906,0,0.0,0.0
24907,7,0.0,136.0
24908,6,0.0,55.833333333333336
24909,3,0.0,12.666666666666666
24910,13,0.02564102564102564,72.3076923076923
24911,61,0.00819672131147541,97.90163934426229
24912,147,0.010437051532941943,83.12925170068027
24913,76,0.020350877192982456,125.0
24914,21,0.014285714285714285,109.0
24915,120,0.012044817927170869,92.90833333333333
24916,5,0.0,68.8
24917,36,0.026984126984126985,95.44444444444444
24918,76,0.019649122807017545,120.60526315789474
24919,12,0.0,52.666666666666664
24920,2,0.0,63.0
24921,34,0.012477718360071301,78.17647058823529
24922,3,0.0,37.0
24923,5,0.0,124.6
24924,19,0.0,66.21052631578948
24925,14,0.01098901098901099,83.5
24926,5,0.1,378.4
24927,8,0.0,152.875
24928,89,0.02323799795709908,130.77528089887642
24929,2,0.0,104.5
24930,20,0.021052631578947368,67.4
24931,3,0.0,97.66666666666667
24932,7,0.0,42.0
24933,96,0.019517543859649124,109.15625
24934,21,0.0380952380952381,147.28571428571428
24935,18,0.026143790849673203,101.05555555555556
24936,48,0.013297872340425532,124.22916666666667
24937,2,0.0,277.5
24938,83,0.016749926535409933,117.95180722891567
24939,5,0.0,112.6
24940,1,0.0,24.0
24941,7,0.047619047619047616,142.85714285714286
24942,57,0.017543859649122806,132.08771929824562
24943,11,0.0,95.63636363636364
24944,5,0.0,97.4
24945,5,0.0,45.0
24946,97,0.01804123711340206,124.37113402061856
24947,5,0.0,117.0
24948,12,0.0,128.41666666666666
24949,60,0.01638418079096045,129.58333333333334
24950,30,0.011494252873563218,102.03333333333333
24951,60,0.013559322033898305,110.36666666666666
24952,29,0.012315270935960592,69.48275862068965
24953,1,0.0,101.0
24954,1,0.0,91.0
24955,0,0.0,0.0
24956,13,0.01282051282051282,96.3076923076923
24957,87,0.01657310879443999,102.82758620689656
24958,11,0.0,55.45454545454545
24959,6,0.13333333333333333,219.5
24960,47,0.013876040703052728,96.0
24961,5,0.0,192.8
24962,52,0.00980392156862745,99.76923076923077
24963,3,0.0,92.33333333333333
24964,36,0.01746031746031746,117.05555555555556
24965,5,0.1,155.0
24966,22,0.012987012987012988,107.36363636363636
24967,9,0.0,110.22222222222223
24968,6,0.0,82.5
24969,16,0.0,113.5625
24970,1,0.0,60.0
24971,3,0.0,28.333333333333332
24972,5,0.0,77.6
24973,20,0.0,99.8
24974,31,0.0064516129032258064,75.7741935483871
24975,1,0.0,27.0
24976,4,0.0,106.5
24977,12,0.030303030303030304,110.75
24978,50,0.011428571428571429,112.26
24979,13,0.01282051282051282,121.15384615384616
24980,4,0.0,106.25
24981,4,0.0,27.75
24982,11,0.01818181818181818,139.0
24983,32,0.014112903225806451,96.84375
24984,0,0.0,0.0
24985,14,0.0,120.85714285714286
24986,6,0.0,58.5
24987,15,0.009523809523809525,79.13333333333334
24988,2,0.0,39.0
24989,42,0.010452961672473868,76.14285714285714
24990,2,0.0,149.5
24991,69,0.026854219948849106,140.0144927536232
24992,13,0.0,63.76923076923077
24993,0,0.0,0.0
24994,6,0.06666666666666667,134.83333333333334
24995,9,0.0,39.666666666666664
24996,118,0.011589164131537013,88.50847457627118
24997,15,0.009523809523809525,58.0
24998,8,0.07142857142857142,124.625
24999,0,0.0,0.0
25000,0,0.0,0.0
25001,24,0.010869565217391304,83.20833333333333
25002,52,0.010558069381598794,85.6923076923077
25003,28,0.031746031746031744,189.5
25004,19,0.023391812865497075,172.89473684210526
25005,1,0.0,25.0
25006,22,0.021645021645021644,101.31818181818181
25007,6,0.0,62.5
25008,6,0.0,89.33333333333333
25009,3,0.0,17.333333333333332
25010,15,0.0,65.46666666666667
25011,4,0.0,65.75
25012,23,0.011857707509881422,68.43478260869566
25013,18,0.013071895424836602,72.72222222222223
25014,75,0.013693693693693694,99.56
25015,2,0.0,24.5
25016,7,0.0,33.42857142857143
25017,5,0.0,83.8
25018,17,0.0,70.47058823529412
25019,27,0.005698005698005698,128.37037037037038
25020,33,0.005681818181818182,59.96969696969697
25021,54,0.011180992313067784,90.0
25022,26,0.012307692307692308,62.53846153846154
25023,7,0.0,59.714285714285715
25024,13,0.01282051282051282,114.61538461538461
25025,13,0.01282051282051282,49.92307692307692
25026,37,0.0075075075075075074,77.0
25027,16,0.0,63.25
25028,4,0.0,61.75
25029,13,0.01282051282051282,49.84615384615385
25030,95,0.01612541993281075,108.50526315789473
25031,12,0.0,91.58333333333333
25032,43,0.016611295681063124,111.62790697674419
25033,34,0.0035650623885918,76.94117647058823
25034,2,0.0,20.0
25035,7,0.0,113.85714285714286
25036,64,0.014384920634920634,119.109375
25037,7,0.0,66.14285714285714
25038,2,0.0,17.5
25039,78,0.017316017316017316,101.62820512820512
25040,150,0.010738255033557046,89.26666666666667
25041,10,0.0,181.6
25042,17,0.0,67.82352941176471
25043,4,0.0,112.0
25044,14,0.0,41.5
25045,4,0.0,79.0
25046,102,0.018831294894195303,110.86274509803921
25047,1,0.0,10.0
25048,69,0.014492753623188406,105.23188405797102
25049,6,0.0,121.16666666666667
25050,114,0.016922838068622884,123.08771929824562
25051,32,0.020161290322580645,125.5625
25052,43,0.019933554817275746,109.65116279069767
25053,1,0.0,8.0
25054,0,0.0,0.0
25055,16,0.008333333333333333,91.0625
25056,41,0.02926829268292683,181.73170731707316
25057,78,0.008991008991008992,100.26923076923077
25058,1,0.0,167.0
25059,111,0.011957411957411958,105.43243243243244
25060,68,0.012730465320456541,103.72058823529412
25061,54,0.007686932215234102,84.70370370370371
25062,36,0.01904761904761905,86.61111111111111
25063,15,0.009523809523809525,114.53333333333333
25064,7,0.0,50.285714285714285
25065,168,0.012332477901340178,96.51785714285714
25066,10,0.06666666666666667,167.7
25067,29,0.009852216748768473,105.89655172413794
25068,11,0.0,95.0
25069,25,0.01,128.68
25070,15,0.009523809523809525,101.6
25071,57,0.010025062656641603,90.40350877192982
25072,4,0.0,77.25
25073,3,0.0,71.33333333333333
25074,4,0.0,97.75
25075,21,0.0380952380952381,131.76190476190476
25076,39,0.009446693657219974,90.46153846153847
25077,3,0.0,40.333333333333336
25078,4,0.16666666666666666,231.75
25079,14,0.04395604395604396,212.92857142857142
25080,15,0.01904761904761905,82.6
25081,10,0.022222222222222223,104.6
25082,18,0.0,98.55555555555556
25083,137,0.016745384285100903,118.35766423357664
25084,1,0.0,29.0
25085,49,0.008503401360544218,77.0204081632653
25086,6,0.06666666666666667,55.166666666666664
25087,15,0.01904761904761905,99.6
25088,9,0.027777777777777776,115.22222222222223
25089,47,0.012950971322849213,101.85106382978724
25090,9,0.08333333333333333,177.33333333333334
25091,7,0.0,92.28571428571429
25092,78,0.017316017316017316,100.5
25093,22,0.025974025974025976,135.0
25094,6,0.0,81.33333333333333
25095,3,0.0,138.0
25096,15,0.0,117.86666666666666
25097,12,0.030303030303030304,165.33333333333334
25098,11,0.0,77.9090909090909
25099,15,0.0,86.26666666666667
25100,18,0.006535947712418301,50.333333333333336
25101,12,0.0,125.75
25102,33,0.02462121212121212,164.06060606060606
25103,94,0.02081903454587051,117.38297872340425
25104,3,0.0,85.66666666666667
25105,9,0.05555555555555555,85.88888888888889
25106,6,0.0,120.33333333333333
25107,28,0.010582010582010581,73.42857142857143
25108,3,0.0,56.333333333333336
25109,18,0.006535947712418301,77.0
25110,42,0.010452961672473868,86.92857142857143
25111,18,0.006535947712418301,90.77777777777777
25112,26,0.012307692307692308,113.88461538461539
25113,67,0.01990049751243781,137.2089552238806
25114,1,0.0,43.0
25115,11,0.0,70.9090909090909
25116,19,0.0,69.3157894736842
25117,5,0.0,47.6
25118,15,0.0,54.93333333333333
25119,13,0.02564102564102564,124.3076923076923
25120,5,0.0,126.6
25121,11,0.03636363636363636,93.18181818181819
25122,13,0.01282051282051282,61.07692307692308
25123,12,0.045454545454545456,131.25
25124,6,0.0,65.16666666666667
25125,10,0.044444444444444446,147.7
25126,11,0.03636363636363636,167.36363636363637
25127,4,0.0,78.25
25128,31,0.004301075268817204,96.70967741935483
25129,39,0.009446693657219974,95.41025641025641
25130,25,0.02,127.84
25131,12,0.0,89.75
25132,1,0.0,98.0
25133,9,0.0,120.33333333333333
25134,11,0.03636363636363636,53.54545454545455
25135,3,0.0,50.666666666666664
25136,28,0.007936507936507936,126.07142857142857
25137,16,0.016666666666666666,138.1875
25138,8,0.0,68.0
25139,6,0.0,80.66666666666667
25140,29,0.012315270935960592,87.06896551724138
25141,6,0.0,73.66666666666667
25142,7,0.047619047619047616,97.42857142857143
25143,0,0.0,0.0
25144,3,0.0,34.333333333333336
25145,2,0.0,374.0
25146,9,0.0,57.44444444444444
25147,19,0.017543859649122806,62.421052631578945
25148,6,0.0,84.5
25149,26,0.021538461538461538,94.34615384615384
25150,103,0.018084903864458404,113.76699029126213
25151,13,0.0,36.07692307692308
25152,19,0.005847953216374269,68.57894736842105
25153,13,0.038461538461538464,237.3846153846154
25154,32,0.004032258064516129,77.875
25155,14,0.0,46.57142857142857
25156,7,0.047619047619047616,171.28571428571428
25157,10,0.0,92.8
25158,7,0.0,154.71428571428572
25159,13,0.0,119.38461538461539
25160,9,0.0,55.888888888888886
25161,74,0.01295816364309515,97.71621621621621
25162,32,0.004032258064516129,71.75
25163,56,0.013636363636363636,90.98214285714286
25164,28,0.010582010582010581,95.46428571428571
25165,3,0.0,94.66666666666667
25166,8,0.0,64.875
25167,5,0.0,230.2
25168,91,0.018315018315018316,111.93406593406593
25169,32,0.008064516129032258,93.4375
25170,50,0.014693877551020407,114.4
25171,3,0.0,128.66666666666666
25172,0,0.0,0.0
25173,181,0.01970534069981584,123.41988950276243
25174,13,0.02564102564102564,175.6153846153846
25175,9,0.0,29.0
25176,11,0.01818181818181818,134.54545454545453
25177,33,0.003787878787878788,96.93939393939394
25178,10,0.0,102.1
25179,33,0.007575757575757576,84.78787878787878
25180,8,0.0,99.5
25181,23,0.015810276679841896,175.17391304347825
25182,7,0.0,83.85714285714286
25183,37,0.0045045045045045045,97.45945945945945
25184,16,0.008333333333333333,105.5625
25185,18,0.05228758169934641,147.55555555555554
25186,44,0.011627906976744186,109.47727272727273
25187,17,0.007352941176470588,126.88235294117646
25188,29,0.009852216748768473,92.89655172413794
25189,4,0.0,75.5
25190,14,0.02197802197802198,84.07142857142857
25191,45,0.010101010101010102,90.33333333333333
25192,25,0.0033333333333333335,68.8
25193,13,0.01282051282051282,69.92307692307692
25194,0,0.0,0.0
25195,0,0.0,0.0
25196,12,0.045454545454545456,157.5
25197,26,0.015384615384615385,85.1923076923077
25198,3,0.0,118.66666666666667
25199,35,0.010084033613445379,92.25714285714285
25200,150,0.015838926174496646,106.71333333333334
25201,1,0.0,5.0
25202,7,0.0,120.0
25203,30,0.006896551724137931,76.8
25204,2,0.0,24.0
25205,40,0.019230769230769232,118.0
25206,22,0.0,68.81818181818181
25207,7,0.0,44.42857142857143
25208,66,0.01351981351981352,118.9090909090909
25209,9,0.0,76.0
25210,41,0.01097560975609756,67.14634146341463
25211,4,0.0,81.5
25212,5,0.0,126.6
25213,26,0.012307692307692308,99.3076923076923
25214,12,0.0,226.0
25215,6,0.0,145.16666666666666
25216,3,0.0,40.333333333333336
25217,8,0.0,51.5
25218,1,0.0,35.0
25219,30,0.013793103448275862,88.1
25220,29,0.024630541871921183,165.68965517241378
25221,16,0.008333333333333333,79.6875
25222,13,0.038461538461538464,157.3846153846154
25223,15,0.009523809523809525,116.53333333333333
25224,1,0.0,140.0
25225,25,0.01,78.88
25226,20,0.02631578947368421,114.6
25227,32,0.008064516129032258,84.15625
25228,6,0.0,61.833333333333336
25229,0,0.0,0.0
25230,11,0.0,97.63636363636364
25231,3,0.0,58.666666666666664
25232,2,0.0,19.5
25233,21,0.009523809523809525,91.23809523809524
25234,7,0.0,87.57142857142857
25235,5,0.0,94.8
25236,65,0.012980769230769231,91.95384615384616
25237,83,0.023508668821627974,132.42168674698794
25238,11,0.0,72.27272727272727
25239,185,0.012867215041128085,98.42702702702702
25240,111,0.01850941850941851,126.62162162162163
25241,3,0.0,32.333333333333336
25242,28,0.005291005291005291,71.46428571428571
25243,22,0.008658008658008658,82.54545454545455
25244,19,0.0,68.89473684210526
25245,20,0.010526315789473684,94.35
25246,1,0.0,38.0
25247,4,0.0,70.75
25248,8,0.0,119.375
25249,7,0.047619047619047616,99.0
25250,10,0.06666666666666667,120.4
25251,22,0.03463203463203463,105.9090909090909
25252,4,0.0,381.5
25253,6,0.0,37.666666666666664
25254,8,0.0,78.5
25255,6,0.0,98.0
25256,0,0.0,0.0
25257,25,0.02,122.16
25258,65,0.022596153846153846,132.2
25259,2,0.0,277.0
25260,6,0.0,73.5
25261,1,0.0,151.0
25262,170,0.015454229028889663,108.22941176470589
25263,17,0.03676470588235294,99.88235294117646
25264,17,0.0,69.3529411764706
25265,8,0.0,82.5
25266,21,0.004761904761904762,82.33333333333333
25267,2,0.0,151.5
25268,19,0.017543859649122806,93.10526315789474
25269,14,0.0,42.57142857142857
25270,17,0.03676470588235294,111.6470588235294
25271,6,0.0,112.33333333333333
25272,5,0.0,55.8
25273,1,0.0,39.0
25274,28,0.015873015873015872,112.64285714285714
25275,22,0.021645021645021644,116.36363636363636
25276,5,0.0,116.4
25277,8,0.03571428571428571,70.625
25278,0,0.0,0.0
25279,1,0.0,52.0
25280,34,0.0053475935828877,70.3529411764706
25281,9,0.0,52.77777777777778
25282,5,0.0,180.2
25283,55,0.02356902356902357,137.05454545454546
25284,1,0.0,1480.0
25285,9,0.027777777777777776,62.333333333333336
25286,21,0.009523809523809525,103.61904761904762
25287,7,0.0,78.85714285714286
25288,17,0.029411764705882353,125.05882352941177
25289,11,0.01818181818181818,82.27272727272727
25290,39,0.014844804318488529,82.3076923076923
25291,274,0.012406085398786128,101.86496350364963
25292,3,0.0,50.666666666666664
25293,16,0.008333333333333333,82.0625
25294,9,0.0,87.44444444444444
25295,0,0.0,0.0
25296,11,0.0,46.54545454545455
25297,21,0.01904761904761905,84.14285714285714
25298,3,0.0,49.0
25299,10,0.0,67.9
25300,16,0.025,92.75
25301,10,0.0,66.0
25302,5,0.0,52.0
25303,108,0.010211145725164416,91.37962962962963
25304,53,0.027576197387518143,139.43396226415095
25305,19,0.005847953216374269,88.21052631578948
25306,2,0.0,222.5
25307,4,0.0,257.75
25308,8,0.0,148.125
25309,11,0.0,70.72727272727273
25310,5,0.0,55.2
25311,11,0.0,39.36363636363637
25312,70,0.009523809523809525,79.28571428571429
25313,4,0.0,51.5
25314,23,0.003952569169960474,133.6086956521739
25315,5,0.0,157.8
25316,4,0.0,117.25
25317,4,0.0,62.5
25318,1,0.0,146.0
25319,75,0.009009009009009009,94.6
25320,1,0.0,13.0
25321,2,0.0,73.5
25322,10,0.0,111.5
25323,0,0.0,0.0
25324,18,0.026143790849673203,104.38888888888889
25325,35,0.013445378151260505,96.91428571428571
25326,12,0.0,48.166666666666664
25327,40,0.005128205128205128,83.8
25328,89,0.009193054136874362,87.78651685393258
25329,9,0.027777777777777776,130.66666666666666
25330,48,0.01950354609929078,121.60416666666667
25331,3,0.0,15.666666666666666
25332,75,0.008288288288288289,81.46666666666667
25333,12,0.015151515151515152,88.91666666666667
25334,126,0.014476190476190476,106.47619047619048
25335,3,0.0,153.66666666666666
25336,19,0.017543859649122806,93.6842105263158
25337,14,0.02197802197802198,129.71428571428572
25338,117,0.013557323902151489,108.37606837606837
25339,13,0.0,106.3076923076923
25340,23,0.02766798418972332,97.8695652173913
25341,8,0.03571428571428571,135.125
25342,0,0.0,0.0
25343,0,0.0,0.0
25344,40,0.010256410256410256,106.05
25345,0,0.0,0.0
25346,63,0.011776753712237584,88.46031746031746
25347,80,0.013924050632911392,100.425
25348,4,0.0,103.25
25349,55,0.014814814814814815,84.54545454545455
25350,28,0.0026455026455026454,113.10714285714286
25351,0,0.0,0.0
25352,16,0.0,101.125
25353,5,0.0,26.2
25354,12,0.0,110.0
25355,23,0.02766798418972332,105.73913043478261
25356,25,0.0,71.44
25357,51,0.011764705882352941,119.01960784313725
25358,16,0.008333333333333333,97.8125
25359,3,0.0,177.33333333333334
25360,22,0.004329004329004329,98.77272727272727
25361,15,0.0,88.46666666666667
25362,81,0.015123456790123457,101.22222222222223
25363,18,0.0196078431372549,104.38888888888889
25364,3,0.0,138.33333333333334
25365,30,0.004597701149425287,80.2
25366,10,0.0,115.0
25367,41,0.012195121951219513,105.8780487804878
25368,62,0.013220518244315178,93.01612903225806
25369,4,0.0,405.0
25370,40,0.008974358974358974,83.35
25371,123,0.01479408236705318,104.5040650406504
25372,5,0.0,267.0
25373,5,0.0,56.6
25374,58,0.02661826981246219,120.48275862068965
25375,3,0.3333333333333333,549.0
25376,20,0.02631578947368421,127.65
25377,22,0.004329004329004329,101.81818181818181
25378,2,0.0,68.0
25379,10,0.0,103.9
25380,15,0.01904761904761905,195.33333333333334
25381,24,0.025362318840579712,131.95833333333334
25382,5,0.0,73.4
25383,49,0.011054421768707483,102.16326530612245
25384,77,0.01674641148325359,111.37662337662337
25385,39,0.010796221322537112,86.53846153846153
25386,9,0.027777777777777776,270.8888888888889
25387,28,0.018518518518518517,108.14285714285714
25388,1,0.0,34.0
25389,3,0.0,29.666666666666668
25390,10,0.0,51.5
25391,5,0.0,204.8
25392,13,0.0,79.92307692307692
25393,3,0.0,101.0
25394,10,0.0,62.4
25395,5,0.0,34.4
25396,32,0.03225806451612903,114.6875
25397,0,0.0,0.0
25398,6,0.06666666666666667,102.16666666666667
25399,37,0.024024024024024024,88.16216216216216
25400,2,0.0,115.5
25401,1,0.0,71.0
25402,70,0.012008281573498964,91.55714285714286
25403,17,0.029411764705882353,115.47058823529412
25404,133,0.011506037821827296,90.38345864661655
25405,11,0.0,59.0
25406,6,0.0,78.33333333333333
25407,6,0.0,52.0
25408,40,0.03205128205128205,152.9
25409,24,0.036231884057971016,148.70833333333334
25410,19,0.023391812865497075,76.26315789473684
25411,25,0.02666666666666667,93.32
25412,1,0.0,135.0
25413,25,0.02666666666666667,123.28
25414,12,0.0,45.833333333333336
25415,12,0.030303030303030304,148.0
25416,23,0.015810276679841896,151.17391304347825
25417,30,0.011494252873563218,88.0
25418,55,0.010774410774410775,88.16363636363636
25419,19,0.005847953216374269,43.94736842105263
25420,3,0.0,170.0
25421,119,0.012248967383563595,106.00840336134453
25422,5,0.1,102.4
25423,1,0.0,219.0
25424,15,0.0,80.2
25425,3,0.0,50.333333333333336
25426,42,0.011614401858304297,116.76190476190476
25427,40,0.008974358974358974,78.825
25428,25,0.023333333333333334,122.4
25429,34,0.0106951871657754,65.67647058823529
25430,11,0.0,105.0909090909091
25431,1,0.0,39.0
25432,10,0.08888888888888889,138.4
25433,37,0.012012012012012012,115.24324324324324
25434,15,0.02857142857142857,131.46666666666667
25435,8,0.03571428571428571,85.375
25436,40,0.005128205128205128,56.65
25437,28,0.005291005291005291,80.03571428571429
25438,0,0.0,0.0
25439,8,0.0,115.0
25440,3,0.0,131.33333333333334
25441,51,0.014901960784313726,118.05882352941177
25442,29,0.019704433497536946,111.55172413793103
25443,32,0.018145161290322582,118.875
25444,102,0.013395457192778102,111.48039215686275
25445,84,0.014629948364888123,100.0
25446,13,0.038461538461538464,186.3846153846154
25447,11,0.0,142.54545454545453
25448,63,0.015360983102918587,108.5079365079365
25449,17,0.0,60.23529411764706
25450,5,0.0,76.8
25451,69,0.00937766410912191,88.4927536231884
25452,16,0.0,62.8125
25453,127,0.012498437695288089,95.35433070866142
25454,124,0.017440335693679518,116.38709677419355
25455,12,0.015151515151515152,86.58333333333333
25456,14,0.0,79.85714285714286
25457,7,0.0,82.71428571428571
25458,4,0.0,87.25
25459,6,0.06666666666666667,87.33333333333333
25460,13,0.0,89.84615384615384
25461,44,0.011627906976744186,106.56818181818181
25462,10,0.0,38.4
25463,11,0.0,80.0909090909091
25464,1,0.0,20.0
25465,52,0.021116138763197588,124.8076923076923
25466,30,0.03218390804597701,163.93333333333334
25467,48,0.0070921985815602835,76.25
25468,60,0.014689265536723164,99.3
25469,4,0.0,181.5
25470,21,0.004761904761904762,90.71428571428571
25471,27,0.002849002849002849,66.55555555555556
25472,21,0.014285714285714285,78.0
25473,6,0.0,28.333333333333332
25474,1,0.0,28.0
25475,2,0.0,79.0
25476,6,0.0,137.33333333333334
25477,25,0.02666666666666667,95.4
25478,134,0.017057569296375266,110.08955223880596
25479,1,0.0,45.0
25480,34,0.012477718360071301,97.29411764705883
25481,5,0.0,71.2
25482,5,0.0,87.8
25483,9,0.027777777777777776,62.0
25484,151,0.016688741721854305,111.4635761589404
25485,192,0.013416230366492147,98.48958333333333
25486,4,0.0,86.75
25487,7,0.0,44.142857142857146
25488,52,0.01885369532428356,102.25
25489,389,0.010110513343757453,87.14652956298201
25490,9,0.0,140.33333333333334
25491,17,0.007352941176470588,65.6470588235294
25492,68,0.010974539069359086,106.92647058823529
25493,49,0.015306122448979591,104.77551020408163
25494,2,0.0,38.0
25495,4,0.0,86.5
25496,0,0.0,0.0
25497,1,0.0,85.0
25498,76,0.016140350877192983,117.51315789473684
25499,10,0.022222222222222223,90.3
25500,49,0.013605442176870748,90.08163265306122
25501,4,0.0,115.75
25502,8,0.0,161.0
25503,15,0.0,48.8
25504,15,0.009523809523809525,102.46666666666667
25505,9,0.027777777777777776,34.77777777777778
25506,4,0.0,49.0
25507,197,0.013829897441209986,105.67005076142132
25508,3,0.0,65.0
25509,8,0.0,168.0
25510,36,0.011111111111111112,64.88888888888889
25511,14,0.0,50.142857142857146
25512,7,0.0,122.42857142857143
25513,4,0.0,54.75
25514,1,0.0,1.0
25515,16,0.0,60.8125
25516,8,0.03571428571428571,135.125
25517,12,0.0,90.5
25518,34,0.012477718360071301,89.79411764705883
25519,15,0.0,116.8
25520,4,0.0,71.75
25521,223,0.017492829152021976,109.76681614349776
25522,53,0.02104499274310595,127.0754716981132
25523,39,0.029689608636977057,141.30769230769232
25524,22,0.004329004329004329,83.22727272727273
25525,7,0.0,63.142857142857146
25526,76,0.01368421052631579,100.17105263157895
25527,0,0.0,0.0
25528,6,0.0,133.16666666666666
25529,10,0.0,92.5
25530,25,0.0,104.68
25531,21,0.023809523809523808,147.1904761904762
25532,4,0.0,55.0
25533,133,0.014240145819093188,101.69924812030075
25534,22,0.008658008658008658,58.09090909090909
25535,7,0.0,96.14285714285714
25536,9,0.0,69.88888888888889
25537,23,0.015810276679841896,93.3913043478261
25538,44,0.009513742071881607,127.72727272727273
25539,9,0.027777777777777776,174.11111111111111
25540,29,0.0024630541871921183,94.89655172413794
25541,7,0.0,125.28571428571429
25542,13,0.0,56.46153846153846
25543,28,0.018518518518518517,141.28571428571428
25544,21,0.004761904761904762,104.33333333333333
25545,5,0.0,34.2
25546,19,0.005847953216374269,127.57894736842105
25547,17,0.0,67.05882352941177
25548,2,0.0,38.5
25549,18,0.006535947712418301,77.44444444444444
25550,61,0.011475409836065573,89.1311475409836
25551,14,0.0,34.0
25552,52,0.014328808446455505,99.53846153846153
25553,9,0.0,86.88888888888889
25554,18,0.05228758169934641,142.11111111111111
25555,9,0.05555555555555555,133.77777777777777
25556,11,0.01818181818181818,80.18181818181819
25557,81,0.017592592592592594,107.46913580246914
25558,22,0.004329004329004329,81.5909090909091
25559,0,0.0,0.0
25560,34,0.0035650623885918,60.73529411764706
25561,33,0.011363636363636364,104.27272727272727
25562,0,0.0,0.0
25563,12,0.0,55.5
25564,8,0.0,76.125
25565,206,0.01619701633909543,110.59708737864078
25566,16,0.0,45.3125
25567,0,0.0,0.0
25568,12,0.0,56.166666666666664
25569,71,0.017303822937625755,103.0
25570,10,0.022222222222222223,180.1
25571,4,0.0,80.0
25572,74,0.019252128841169936,115.02702702702703
25573,14,0.0,65.85714285714286
25574,13,0.02564102564102564,157.76923076923077
25575,10,0.0,108.7
25576,15,0.02857142857142857,126.46666666666667
25577,1,0.0,64.0
25578,79,0.011359948068808828,85.87341772151899
25579,3,0.3333333333333333,288.3333333333333
25580,16,0.008333333333333333,104.9375
25581,29,0.0024630541871921183,91.65517241379311
25582,71,0.020523138832997986,108.07042253521126
25583,6,0.0,56.5
25584,13,0.038461538461538464,145.0
25585,16,0.008333333333333333,89.0
25586,0,0.0,0.0
25587,75,0.015855855855855857,113.22666666666667
25588,2,0.0,164.5
25589,3,0.0,130.66666666666666
25590,13,0.01282051282051282,83.61538461538461
25591,28,0.015873015873015872,106.10714285714286
25592,16,0.016666666666666666,106.1875
25593,29,0.022167487684729065,123.27586206896552
25594,245,0.014720642355302778,101.20408163265306
25595,3,0.0,271.0
25596,3,0.0,87.66666666666667
25597,1,0.0,120.0
25598,3,0.0,76.33333333333333
25599,123,0.016126882580301212,106.21138211382114
25600,89,0.014044943820224719,103.47191011235955
25601,27,0.0,93.96296296296296
25602,5,0.0,93.2
25603,17,0.007352941176470588,139.05882352941177
25604,5,0.0,49.2
25605,79,0.013631937682570594,114.0253164556962
25606,32,0.012096774193548387,93.15625
25607,28,0.010582010582010581,95.53571428571429
25608,11,0.0,62.81818181818182
25609,42,0.018583042973286876,133.42857142857142
25610,19,0.017543859649122806,158.3684210526316
25611,183,0.013571128325226686,101.30054644808743
25612,6,0.0,126.33333333333333
25613,168,0.012261191901910464,96.14880952380952
25614,16,0.008333333333333333,90.75
25615,31,0.002150537634408602,66.83870967741936
25616,52,0.013574660633484163,112.13461538461539
25617,65,0.015865384615384615,112.16923076923077
25618,3,0.0,119.66666666666667
25619,6,0.06666666666666667,112.16666666666667
25620,1,0.0,59.0
25621,17,0.007352941176470588,133.7058823529412
25622,59,0.011104617182933957,84.50847457627118
25623,43,0.017718715393133997,116.93023255813954
25624,1,0.0,49.0
25625,9,0.027777777777777776,79.44444444444444
25626,16,0.025,90.0
25627,11,0.01818181818181818,185.8181818181818
25628,165,0.009903917220990393,84.32727272727273
25629,16,0.008333333333333333,86.5
25630,1,0.0,32.0
25631,20,0.0,91.6
25632,38,0.012802275960170697,95.44736842105263
25633,2,0.0,160.5
25634,4,0.0,68.5
25635,2,0.0,147.5
25636,8,0.0,84.625
25637,18,0.006535947712418301,61.111111111111114
25638,21,0.004761904761904762,96.61904761904762
25639,6,0.06666666666666667,33.166666666666664
25640,2,0.0,74.5
25641,1,0.0,53.0
25642,23,0.011857707509881422,76.82608695652173
25643,4,0.0,170.5
25644,22,0.017316017316017316,107.5
25645,17,0.007352941176470588,96.70588235294117
25646,114,0.014904517931998137,113.69298245614036
25647,11,0.05454545454545454,179.36363636363637
25648,19,0.005847953216374269,89.42105263157895
25649,6,0.0,24.666666666666668
25650,11,0.0,79.0909090909091
25651,1,0.0,44.0
25652,87,0.010959636460839348,97.183908045977
25653,30,0.052873563218390804,173.3
25654,3,0.0,91.0
25655,11,0.0,68.9090909090909
25656,26,0.015384615384615385,98.61538461538461
25657,0,0.0,0.0
25658,20,0.042105263157894736,164.15
25659,14,0.01098901098901099,52.92857142857143
25660,6,0.0,126.66666666666667
25661,6,0.0,62.833333333333336
25662,25,0.0033333333333333335,100.16
25663,2,0.0,33.5
25664,21,0.023809523809523808,124.80952380952381
25665,3,0.0,108.0
25666,22,0.0,57.54545454545455
25667,11,0.0,90.45454545454545
25668,7,0.047619047619047616,124.14285714285714
25669,95,0.017245240761478164,100.9578947368421
25670,2,0.0,31.5
25671,60,0.010169491525423728,99.16666666666667
25672,31,0.0064516129032258064,88.64516129032258
25673,10,0.0,51.3
25674,33,0.013257575757575758,99.72727272727273
25675,16,0.008333333333333333,53.125
25676,44,0.005285412262156448,83.5
25677,12,0.0,55.083333333333336
25678,99,0.008245722531436817,79.06060606060606
25679,12,0.0,56.25
25680,6,0.13333333333333333,198.66666666666666
25681,5,0.0,94.4
25682,21,0.004761904761904762,54.666666666666664
25683,28,0.015873015873015872,108.57142857142857
25684,5,0.0,79.4
25685,0,0.0,0.0
25686,8,0.0,71.0
25687,71,0.013682092555331992,115.98591549295774
25688,0,0.0,0.0
25689,14,0.01098901098901099,96.14285714285714
25690,1,0.0,80.0
25691,2,0.0,193.0
25692,3,0.0,33.0
25693,16,0.016666666666666666,110.6875
25694,33,0.020833333333333332,155.93939393939394
25695,20,0.010526315789473684,89.55
25696,15,0.009523809523809525,139.46666666666667
25697,3,0.0,56.333333333333336
25698,6,0.0,52.833333333333336
25699,13,0.01282051282051282,87.15384615384616
25700,37,0.02252252252252252,140.6216216216216
25701,23,0.007905138339920948,98.65217391304348
25702,7,0.0,62.42857142857143
25703,5,0.0,38.0
25704,41,0.006097560975609756,101.51219512195122
25705,12,0.0,125.75
25706,16,0.008333333333333333,114.9375
25707,19,0.023391812865497075,91.0
25708,5,0.0,74.0
25709,60,0.024858757062146894,147.98333333333332
25710,66,0.012121212121212121,100.95454545454545
25711,1,0.0,13.0
25712,63,0.019969278033794162,121.28571428571429
25713,102,0.011842360706658901,87.62745098039215
25714,3,0.0,49.333333333333336
25715,2,0.0,91.5
25716,160,0.011084905660377358,93.425
25717,10,0.022222222222222223,56.5
25718,82,0.009635651912074676,78.57317073170732
25719,21,0.023809523809523808,150.95238095238096
25720,82,0.010237880156579343,91.6951219512195
25721,17,0.0,73.0
25722,14,0.0,82.35714285714286
25723,10,0.022222222222222223,135.6
25724,19,0.005847953216374269,62.36842105263158
25725,6,0.0,45.166666666666664
25726,48,0.0062056737588652485,69.625
25727,8,0.0,104.625
25728,13,0.0,79.76923076923077
25729,7,0.0,88.57142857142857
25730,0,0.0,0.0
25731,67,0.013116236996834011,103.95522388059702
25732,98,0.01598990111508521,105.92857142857143
25733,2,0.0,79.0
25734,32,0.02217741935483871,131.78125
25735,3,0.0,19.666666666666668
25736,0,0.0,0.0
25737,0,0.0,0.0
25738,69,0.017476555839727195,107.26086956521739
25739,84,0.011187607573149742,90.72619047619048
25740,10,0.0,67.8
25741,1,0.0,44.0
25742,34,0.0053475935828877,89.08823529411765
25743,0,0.0,0.0
25744,8,0.0,53.875
25745,11,0.0,89.0
25746,115,0.02425629290617849,131.43478260869566
25747,17,0.014705882352941176,65.52941176470588
25748,4,0.0,30.25
25749,9,0.027777777777777776,129.22222222222223
25750,11,0.01818181818181818,88.27272727272727
25751,57,0.006892230576441102,85.91228070175438
25752,57,0.016290726817042606,96.19298245614036
25753,16,0.025,130.1875
25754,44,0.007399577167019027,94.1590909090909
25755,4,0.0,108.5
25756,94,0.017616106154198122,107.48936170212765
25757,26,0.015384615384615385,83.15384615384616
25758,0,0.0,0.0
25759,41,0.01097560975609756,82.51219512195122
25760,29,0.007389162561576354,93.75862068965517
25761,4,0.16666666666666666,213.25
25762,175,0.013661740558292283,99.32
25763,6,0.0,43.5
25764,18,0.006535947712418301,95.0
25765,9,0.0,92.66666666666667
25766,71,0.012474849094567404,83.16901408450704
25767,0,0.0,0.0
25768,49,0.008503401360544218,92.91836734693878
25769,5,0.0,70.6
25770,8,0.0,184.75
25771,12,0.0,92.75
25772,2,0.0,61.5
25773,0,0.0,0.0
25774,26,0.015384615384615385,104.0
25775,7,0.0,63.285714285714285
25776,0,0.0,0.0
25777,1,0.0,493.0
25778,13,0.0,73.61538461538461
25779,31,0.017204301075268817,106.45161290322581
25780,33,0.013257575757575758,74.66666666666667
25781,18,0.0,63.333333333333336
25782,4,0.0,80.0
25783,9,0.0,54.22222222222222
25784,46,0.008695652173913044,76.58695652173913
25785,25,0.0033333333333333335,101.08
25786,0,0.0,0.0
25787,50,0.009795918367346938,81.44
25788,53,0.013788098693759071,114.26415094339623
25789,15,0.009523809523809525,76.6
25790,7,0.0,64.71428571428571
25791,3,0.0,97.66666666666667
25792,29,0.019704433497536946,117.51724137931035
25793,16,0.008333333333333333,68.75
25794,8,0.0,98.0
25795,1,0.0,147.0
25796,3,0.0,77.66666666666667
25797,0,0.0,0.0
25798,0,0.0,0.0
25799,0,0.0,0.0
25800,10,0.022222222222222223,127.0
25801,76,0.01263157894736842,97.09210526315789
25802,8,0.0,89.5
25803,1,0.0,216.0
25804,6,0.0,21.666666666666668
25805,45,0.020202020202020204,111.31111111111112
25806,6,0.06666666666666667,93.33333333333333
25807,140,0.010483042137718397,95.19285714285714
25808,20,0.015789473684210527,63.35
25809,18,0.026143790849673203,133.44444444444446
25810,108,0.012634129456559362,88.70370370370371
25811,12,0.0,69.41666666666667
25812,31,0.012903225806451613,77.41935483870968
25813,2,0.0,34.0
25814,0,0.0,0.0
25815,24,0.014492753623188406,81.20833333333333
25816,50,0.014693877551020407,106.2
25817,3,0.0,73.33333333333333
25818,1,0.0,24.0
25819,40,0.014102564102564103,108.25
25820,8,0.03571428571428571,163.625
25821,9,0.0,73.0
25822,32,0.010080645161290322,89.25
25823,2,0.0,35.5
25824,10,0.022222222222222223,157.3
25825,18,0.006535947712418301,141.16666666666666
25826,15,0.01904761904761905,79.26666666666667
25827,65,0.0125,77.01538461538462
25828,6,0.06666666666666667,91.16666666666667
25829,10,0.0,36.0
25830,8,0.0,44.5
25831,22,0.017316017316017316,96.63636363636364
25832,30,0.011494252873563218,87.13333333333334
25833,58,0.012099213551119177,102.65517241379311
25834,87,0.011494252873563218,94.16091954022988
25835,86,0.00984952120383037,80.26744186046511
25836,10,0.044444444444444446,86.8
25837,7,0.047619047619047616,186.0
25838,21,0.009523809523809525,74.0
25839,42,0.019744483159117306,126.16666666666667
25840,3,0.0,41.666666666666664
25841,6,0.0,71.16666666666667
25842,10,0.022222222222222223,166.4
25843,5,0.0,80.6
25844,71,0.012072434607645875,85.80281690140845
25845,4,0.16666666666666666,422.75
25846,37,0.015015015015015015,126.70270270270271
25847,4,0.0,120.5
25848,6,0.0,43.0
25849,7,0.0,60.285714285714285
25850,2,0.0,21.5
25851,47,0.01942645698427382,122.40425531914893
25852,39,0.005398110661268556,88.41025641025641
25853,54,0.02585604472396925,130.55555555555554
25854,0,0.0,0.0
25855,7,0.0,94.14285714285714
25856,12,0.015151515151515152,68.83333333333333
25857,49,0.006802721088435374,63.6530612244898
25858,53,0.010159651669085631,83.94339622641509
25859,81,0.013580246913580247,97.95061728395062
25860,4,0.16666666666666666,72.25
25861,14,0.0,72.57142857142857
25862,2,0.0,145.0
25863,0,0.0,0.0
25864,29,0.027093596059113302,160.79310344827587
25865,97,0.01138316151202749,87.08247422680412
25866,0,0.0,0.0
25867,1,0.0,1134.0
25868,4,0.16666666666666666,63.25
25869,5,0.0,84.0
25870,13,0.02564102564102564,108.46153846153847
25871,51,0.01411764705882353,89.90196078431373
25872,13,0.01282051282051282,82.23076923076923
25873,40,0.016666666666666666,100.1
25874,3,0.0,13.333333333333334
25875,27,0.005698005698005698,68.70370370370371
25876,9,0.027777777777777776,96.77777777777777
