,Degree,Clustering_coefficient,Mean_degree_NN
0,72,0.06142410015649452,339.30555555555554
1,3,0.0,185.66666666666666
2,20,0.12105263157894737,486.0
3,167,0.1156482216290311,487.437125748503
4,24,0.036231884057971016,308.3333333333333
5,13,0.0641025641025641,362.53846153846155
6,104,0.08831217326362957,413.9807692307692
7,0,0.0,0.0
8,272,0.07716518341654005,383.2720588235294
9,33,0.06060606060606061,374.54545454545456
10,32,0.08064516129032258,403.03125
11,7,0.0,437.42857142857144
12,159,0.07228723827720723,378.062893081761
13,449,0.07590279987273306,383.89309576837417
14,0,0.0,0.0
15,0,0.0,0.0
16,84,0.0725760183591509,363.75
17,20,0.06315789473684211,304.25
18,6,0.0,344.6666666666667
19,0,0.0,0.0
20,0,0.0,0.0
21,106,0.08104222821203953,394.58490566037733
22,11,0.09090909090909091,394.90909090909093
23,0,0.0,0.0
24,2,1.0,1245.0
25,0,0.0,0.0
26,261,0.09195402298850575,423.191570881226
27,101,0.05524752475247525,334.6237623762376
28,10,0.022222222222222223,396.4
29,0,0.0,0.0
30,169,0.07706396167934629,400.20710059171597
31,679,0.08238733865957659,397.16642120765835
32,5,0.0,159.0
33,14,0.054945054945054944,261.57142857142856
34,13,0.19230769230769232,587.6153846153846
35,771,0.08130105951117625,395.4591439688716
36,30,0.04597701149425287,317.43333333333334
37,68,0.11457418788410886,466.04411764705884
38,6,0.06666666666666667,241.83333333333334
39,5,0.1,452.8
40,1,0.0,941.0
41,2,0.0,336.5
42,5,0.0,300.4
43,20,0.13157894736842105,469.7
44,57,0.11716791979949874,460.89473684210526
45,0,0.0,0.0
46,2,0.0,335.5
47,107,0.11338388291306647,484.98130841121497
48,59,0.08299240210403273,405.77966101694915
49,0,0.0,0.0
50,3,0.3333333333333333,705.6666666666666
51,179,0.0677923545289059,355.1787709497207
52,150,0.06434004474272931,356.17333333333335
53,235,0.05895617384979087,334.86382978723407
54,11,0.16363636363636364,432.72727272727275
55,32,0.12903225806451613,535.6875
56,26,0.06461538461538462,386.9230769230769
57,6,0.0,335.8333333333333
58,32,0.07661290322580645,371.75
59,61,0.06120218579234973,353.04918032786884
60,15,0.20952380952380953,570.0666666666667
61,157,0.06320431161195493,348.7643312101911
62,3,0.3333333333333333,464.0
63,25,0.08333333333333333,388.76
64,9,0.05555555555555555,353.0
65,122,0.09429616583118819,422.172131147541
66,324,0.07879448075526507,390.8611111111111
67,52,0.06711915535444947,354.7307692307692
68,172,0.05392356861145111,313.27906976744185
69,46,0.07536231884057971,372.4130434782609
70,1,0.0,343.0
71,23,0.11462450592885376,403.69565217391306
72,0,0.0,0.0
73,14,0.10989010989010989,396.57142857142856
74,3,0.0,150.66666666666666
75,535,0.08246700969582414,397.0822429906542
76,51,0.043137254901960784,295.62745098039215
77,66,0.06247086247086247,320.95454545454544
78,34,0.053475935828877004,355.8235294117647
79,157,0.06941041972889106,359.03821656050957
80,25,0.043333333333333335,306.36
81,122,0.07790272320823736,373.9590163934426
82,0,0.0,0.0
83,11,0.10909090909090909,426.45454545454544
84,0,0.0,0.0
85,20,0.07894736842105263,475.5
86,0,0.0,0.0
87,116,0.08065967016491754,395.5689655172414
88,35,0.10420168067226891,444.8
89,40,0.08974358974358974,441.6
90,48,0.08421985815602837,349.75
91,3,0.0,77.66666666666667
92,11,0.14545454545454545,443.54545454545456
93,0,0.0,0.0
94,14,0.08791208791208792,422.42857142857144
95,1465,0.06108002760215595,340.92013651877136
96,110,0.08056713928273561,393.2818181818182
97,996,0.06908437771185244,362.6977911646586
98,8,0.10714285714285714,577.125
99,0,0.0,0.0
100,3,0.0,481.0
101,71,0.10945674044265594,466.92957746478874
102,3,0.0,325.3333333333333
103,7,0.09523809523809523,537.1428571428571
104,0,0.0,0.0
105,0,0.0,0.0
106,60,0.0768361581920904,392.85
107,285,0.0810229799851742,400.47719298245613
108,84,0.08835341365461848,404.1547619047619
109,139,0.06860598477739548,371.51079136690646
110,12,0.015151515151515152,335.25
111,85,0.06666666666666667,357.2705882352941
112,42,0.06620209059233449,385.1904761904762
113,0,0.0,0.0
114,22,0.14285714285714285,548.5454545454545
115,15,0.08571428571428572,371.8666666666667
116,1,0.0,544.0
117,37,0.04354354354354354,294.86486486486484
118,29,0.1330049261083744,544.6206896551724
119,245,0.06828370692539311,366.0979591836735
120,312,0.0980913513067854,428.0480769230769
121,41,0.05975609756097561,354.0
122,54,0.08176100628930817,379.85185185185185
123,186,0.06753850624818367,362.19354838709677
124,92,0.08910654562828475,432.1630434782609
125,25,0.03666666666666667,281.56
126,19,0.05847953216374269,293.94736842105266
127,2,0.0,405.0
128,294,0.08019316941793782,398.48639455782313
129,585,0.08158295281582953,395.4769230769231
130,70,0.06376811594202898,351.1142857142857
131,92,0.06497849976110846,388.0108695652174
132,0,0.0,0.0
133,0,0.0,0.0
134,12,0.015151515151515152,173.66666666666666
135,31,0.04086021505376344,262.9032258064516
136,1,0.0,30.0
137,4,0.16666666666666666,405.5
138,4,0.0,354.5
139,0,0.0,0.0
140,76,0.09649122807017543,425.0
141,195,0.0683584456780333,363.1589743589744
142,10,0.022222222222222223,490.2
143,5,0.2,729.0
144,2,1.0,758.0
145,30,0.05747126436781609,310.03333333333336
146,302,0.08675276671580383,413.35099337748346
147,9,0.027777777777777776,259.6666666666667
148,660,0.0743136984411643,374.68333333333334
149,0,0.0,0.0
150,142,0.07421835980421536,380.6056338028169
151,122,0.07356726730795285,376.28688524590166
152,1,0.0,863.0
153,7,0.047619047619047616,405.2857142857143
154,78,0.07825507825507826,387.20512820512823
155,293,0.06498667539389406,353.9249146757679
156,2,0.0,62.5
157,131,0.07821491485613623,387.42748091603056
158,0,0.0,0.0
159,665,0.08371229278014312,400.5112781954887
160,8,0.0,251.625
161,81,0.07993827160493827,383.69135802469134
162,7,0.23809523809523808,731.7142857142857
163,0,0.0,0.0
164,142,0.09449605434022575,435.3732394366197
165,3,0.0,467.0
166,122,0.07898658718330849,387.55737704918033
167,0,0.0,0.0
168,241,0.08485477178423237,397.92946058091286
169,122,0.05934155263514429,333.3360655737705
170,3,0.0,458.0
171,0,0.0,0.0
172,560,0.08977766419626884,416.41607142857146
173,29,0.03940886699507389,269.6896551724138
174,5,0.0,205.0
175,161,0.09440993788819876,433.0745341614907
176,0,0.0,0.0
177,8,0.10714285714285714,369.25
178,48,0.09929078014184398,447.9166666666667
179,3,0.0,386.6666666666667
180,13,0.01282051282051282,206.23076923076923
181,17,0.11764705882352941,395.3529411764706
182,29,0.05665024630541872,361.6896551724138
183,7,0.14285714285714285,388.57142857142856
184,15,0.05714285714285714,297.3333333333333
185,191,0.07362909892532378,376.8848167539267
186,141,0.08216818642350557,407.1985815602837
187,89,0.07201225740551584,376.75280898876406
188,3,0.0,706.6666666666666
189,21,0.11428571428571428,439.0952380952381
190,0,0.0,0.0
191,1,0.0,44.0
192,5,0.0,64.6
193,0,0.0,0.0
194,0,0.0,0.0
195,4,0.3333333333333333,661.5
196,162,0.08381259105896786,401.08024691358025
197,729,0.08381193566378752,400.8093278463649
198,75,0.08684684684684685,418.70666666666665
199,0,0.0,0.0
200,4,0.0,341.5
201,495,0.08389154704944178,404.3272727272727
202,2,0.0,375.0
203,16,0.058333333333333334,441.875
204,35,0.11428571428571428,419.8285714285714
205,14,0.054945054945054944,265.7857142857143
206,6,0.06666666666666667,481.0
207,2,0.0,241.5
208,16,0.05,315.25
209,52,0.07013574660633484,362.63461538461536
210,12,0.06060606060606061,311.3333333333333
211,12,0.18181818181818182,702.4166666666666
212,10,0.0,428.2
213,180,0.09391682184978274,425.6666666666667
214,3,0.0,164.33333333333334
215,0,0.0,0.0
216,0,0.0,0.0
217,138,0.08864910610388237,403.8695652173913
218,4,0.0,130.0
219,2,0.0,532.0
220,98,0.0507048180096781,322.5408163265306
221,4,0.0,130.25
222,44,0.06765327695560254,367.6363636363636
223,54,0.06848357791754019,361.98148148148147
224,220,0.07866334578663346,393.04545454545456
225,13,0.0641025641025641,291.38461538461536
226,265,0.0873642081189251,409.64528301886793
227,14,0.08791208791208792,369.57142857142856
228,27,0.05698005698005698,369.48148148148147
229,27,0.045584045584045586,342.3703703703704
230,1,0.0,286.0
231,37,0.13513513513513514,499.7837837837838
232,0,0.0,0.0
233,230,0.06648946269223467,356.9347826086956
234,81,0.08271604938271605,389.61728395061726
235,343,0.08408777044652448,405.7871720116618
236,0,0.0,0.0
237,25,0.06,353.72
238,94,0.08487760237931824,410.3191489361702
239,337,0.07990674014412887,392.2640949554896
240,2,0.0,87.0
241,38,0.05405405405405406,378.8421052631579
242,16,0.11666666666666667,484.625
243,4,0.0,283.25
244,0,0.0,0.0
245,2,0.0,613.5
246,0,0.0,0.0
247,1,0.0,303.0
248,1,0.0,500.0
249,11,0.0,214.36363636363637
250,21,0.04285714285714286,305.14285714285717
251,16,0.075,475.5
252,0,0.0,0.0
253,1,0.0,729.0
254,8,0.03571428571428571,268.0
255,24,0.09782608695652174,414.5416666666667
256,9,0.027777777777777776,330.22222222222223
257,0,0.0,0.0
258,0,0.0,0.0
259,8,0.07142857142857142,452.875
260,2,0.0,486.5
261,55,0.06868686868686869,348.03636363636366
262,0,0.0,0.0
263,27,0.08262108262108261,352.0740740740741
264,0,0.0,0.0
265,1,0.0,442.0
266,21,0.08571428571428572,383.85714285714283
267,6,0.06666666666666667,419.8333333333333
268,23,0.07509881422924901,396.2173913043478
269,0,0.0,0.0
270,1,0.0,160.0
271,10,0.044444444444444446,389.1
272,725,0.07650600114307488,382.2027586206897
273,64,0.08085317460317461,392.046875
274,270,0.10279498829684704,448.2888888888889
275,0,0.0,0.0
276,14,0.06593406593406594,378.35714285714283
277,200,0.10472361809045226,446.53
278,197,0.1032839531751787,442.01522842639594
279,11,0.0,304.45454545454544
280,382,0.07650025422214893,383.0732984293194
281,9,0.027777777777777776,251.88888888888889
282,0,0.0,0.0
283,6,0.06666666666666667,279.0
284,1,0.0,1053.0
285,64,0.0882936507936508,413.921875
286,8,0.0,308.5
287,9,0.08333333333333333,331.77777777777777
288,13,0.01282051282051282,254.53846153846155
289,9,0.08333333333333333,363.0
290,0,0.0,0.0
291,50,0.10938775510204081,471.66
292,0,0.0,0.0
293,10,0.15555555555555556,485.5
294,177,0.079417051874679,391.361581920904
295,1,0.0,618.0
296,42,0.08826945412311266,420.5238095238095
297,1,0.0,519.0
298,3,0.0,438.0
299,11,0.03636363636363636,353.45454545454544
300,84,0.09552495697074011,430.2857142857143
301,110,0.07673060884070058,389.1181818181818
302,0,0.0,0.0
303,5,0.0,184.0
304,6,0.26666666666666666,459.8333333333333
305,615,0.08150737533433966,392.83577235772356
306,1,0.0,515.0
307,132,0.07436965070552856,382.65909090909093
308,35,0.13445378151260504,504.65714285714284
309,13,0.07692307692307693,370.9230769230769
310,2,0.0,373.5
311,0,0.0,0.0
312,6,0.06666666666666667,210.66666666666666
313,32,0.0967741935483871,384.78125
314,19,0.017543859649122806,218.78947368421052
315,17,0.07352941176470588,395.7647058823529
316,24,0.07971014492753623,425.0416666666667
317,135,0.07517965726920951,378.85925925925926
318,35,0.06050420168067227,374.62857142857143
319,10,0.0,343.6
320,1,0.0,91.0
321,3,0.3333333333333333,704.0
322,15,0.12380952380952381,393.6
323,22,0.047619047619047616,352.1818181818182
324,177,0.06535695942475603,350.11299435028246
325,253,0.09624192232887885,434.6403162055336
326,49,0.07908163265306123,374.6326530612245
327,1,0.0,84.0
328,0,0.0,0.0
329,1101,0.06900668813475352,362.90281562216165
330,98,0.07090258783925941,367.01020408163265
331,1,0.0,436.0
332,120,0.07058823529411765,364.725
333,0,0.0,0.0
334,0,0.0,0.0
335,4,0.0,316.25
336,6,0.0,352.1666666666667
337,63,0.06400409626216078,350.6190476190476
338,466,0.0858830587475195,408.2832618025751
339,105,0.09010989010989011,417.9809523809524
340,12,0.09090909090909091,469.9166666666667
341,16,0.08333333333333333,361.6875
342,130,0.0750149075730471,385.6461538461538
343,0,0.0,0.0
344,6,0.0,339.0
345,67,0.05563093622795115,323.65671641791045
346,25,0.10666666666666667,436.88
347,1,0.0,49.0
348,666,0.08094109146740726,396.33183183183183
349,235,0.0812511365702855,395.73191489361704
350,11,0.01818181818181818,285.09090909090907
351,97,0.09085051546391752,431.49484536082474
352,11,0.09090909090909091,437.6363636363636
353,118,0.09865275966970882,434.96610169491527
354,82,0.09966877446552243,447.8536585365854
355,0,0.0,0.0
356,4,0.16666666666666666,436.0
357,9,0.0,248.44444444444446
358,21,0.1619047619047619,555.3333333333334
359,2,0.0,406.5
360,1,0.0,312.0
361,14,0.07692307692307693,397.85714285714283
362,449,0.07970092268533248,391.8084632516704
363,361,0.08859649122807017,414.7950138504155
364,16,0.075,522.625
365,160,0.07154088050314465,387.4625
366,16,0.11666666666666667,465.0625
367,2,0.0,232.0
368,4,0.0,272.0
369,13,0.02564102564102564,232.23076923076923
370,51,0.06823529411764706,390.05882352941177
371,137,0.07739373121511378,397.007299270073
372,0,0.0,0.0
373,2,0.0,165.5
374,7,0.0,251.14285714285714
375,401,0.08758104738154614,409.07481296758107
376,41,0.08902439024390243,425.609756097561
377,6,0.0,206.83333333333334
378,16,0.19166666666666668,556.4375
379,4,0.0,121.75
380,15,0.047619047619047616,353.0
381,51,0.09019607843137255,405.5882352941176
382,1,0.0,147.0
383,30,0.04597701149425287,352.9
384,4,0.0,228.25
385,6,0.2,554.5
386,6,0.0,215.66666666666666
387,0,0.0,0.0
388,0,0.0,0.0
389,30,0.052873563218390804,357.06666666666666
390,9,0.05555555555555555,286.77777777777777
391,760,0.07906178489702517,389.9013157894737
392,22,0.07792207792207792,406.22727272727275
393,4,0.0,472.5
394,17,0.10294117647058823,323.70588235294116
395,34,0.09269162210338681,447.4117647058824
396,24,0.06884057971014493,384.125
397,2,0.0,271.0
398,0,0.0,0.0
399,0,0.0,0.0
400,51,0.06588235294117648,372.921568627451
401,41,0.09146341463414634,437.5609756097561
402,121,0.08677685950413223,404.3057851239669
403,0,0.0,0.0
404,7,0.09523809523809523,428.57142857142856
405,1,0.0,15.0
406,68,0.06321334503950835,370.70588235294116
407,95,0.083986562150056,404.2315789473684
408,88,0.0932601880877743,432.3068181818182
409,12,0.10606060606060606,377.5833333333333
410,151,0.08026490066225166,390.57615894039736
411,333,0.08428307825898187,403.35135135135135
412,1,0.0,206.0
413,93,0.09537166900420757,431.752688172043
414,565,0.07977154333772674,392.083185840708
415,0,0.0,0.0
416,9,0.05555555555555555,380.77777777777777
417,11,0.03636363636363636,278.0
418,67,0.06919945725915876,373.3880597014925
419,7,0.19047619047619047,614.0
420,368,0.08433538680251156,400.1277173913044
421,41,0.07073170731707316,335.9756097560976
422,1,0.0,237.0
423,249,0.06898561989895065,368.6385542168675
424,14,0.08791208791208792,373.2142857142857
425,1,0.0,15.0
426,2,0.0,466.5
427,64,0.0689484126984127,391.9375
428,11,0.01818181818181818,250.8181818181818
429,34,0.11764705882352941,419.1764705882353
430,0,0.0,0.0
431,468,0.08268818975457091,397.39102564102564
432,0,0.0,0.0
433,0,0.0,0.0
434,19,0.04093567251461988,394.05263157894734
435,26,0.08307692307692308,469.4230769230769
436,0,0.0,0.0
437,168,0.09224408326204733,415.7738095238095
438,246,0.09623361539737846,437.2886178861789
439,2,0.0,715.5
440,13,0.01282051282051282,373.46153846153845
441,276,0.08945981554677207,415.3152173913044
442,5,0.1,318.2
443,7,0.0,369.57142857142856
444,14,0.0989010989010989,439.7857142857143
445,0,0.0,0.0
446,99,0.06947021232735519,371.77777777777777
447,318,0.07977699740094836,389.9308176100629
448,58,0.11736237144585603,475.37931034482756
449,31,0.03870967741935484,246.96774193548387
450,1,0.0,20.0
451,11,0.07272727272727272,250.1818181818182
452,0,0.0,0.0
453,5,0.2,570.6
454,4,0.0,277.5
455,42,0.06387921022067364,357.2142857142857
456,24,0.10144927536231885,420.8333333333333
457,0,0.0,0.0
458,0,0.0,0.0
459,107,0.0915182507494269,428.0747663551402
460,10,0.022222222222222223,295.6
461,11,0.05454545454545454,353.27272727272725
462,1,0.0,51.0
463,11,0.05454545454545454,239.1818181818182
464,0,0.0,0.0
465,124,0.07500655651717808,391.58870967741933
466,56,0.06298701298701298,343.26785714285717
467,14,0.16483516483516483,586.4285714285714
468,116,0.06401799100449775,352.1896551724138
469,6,0.06666666666666667,403.8333333333333
470,0,0.0,0.0
471,14,0.02197802197802198,371.92857142857144
472,3,0.0,326.3333333333333
473,34,0.09982174688057041,452.97058823529414
474,39,0.08232118758434548,403.1025641025641
475,88,0.05799373040752351,333.4886363636364
476,30,0.06206896551724138,331.43333333333334
477,16,0.10833333333333334,433.6875
478,94,0.0720658888126287,380.27659574468083
479,88,0.08150470219435736,398.27272727272725
480,99,0.08554937126365698,394.4848484848485
481,91,0.07277167277167278,377.2197802197802
482,27,0.06837606837606838,324.4074074074074
483,379,0.0748279376247714,378.24274406332455
484,0,0.0,0.0
485,232,0.07236154649947753,380.3491379310345
486,299,0.08188368386792665,398.67224080267556
487,12,0.12121212121212122,325.75
488,26,0.055384615384615386,370.6923076923077
489,8,0.0,129.125
490,286,0.08693411851306589,412.1958041958042
491,323,0.09793665750052881,434.671826625387
492,1,0.0,83.0
493,154,0.0729988965283083,381.16883116883116
494,0,0.0,0.0
495,7,0.0,459.57142857142856
496,106,0.06415094339622641,360.9339622641509
497,416,0.07662187210379981,385.2956730769231
498,2,1.0,820.5
499,0,0.0,0.0
500,45,0.05858585858585859,358.6
501,237,0.09887005649717515,432.32911392405066
502,57,0.09523809523809523,419.29824561403507
503,22,0.1038961038961039,480.6818181818182
504,55,0.11043771043771043,439.74545454545455
505,2,0.0,5.5
506,83,0.06229797237731413,346.5301204819277
507,12,0.06060606060606061,301.8333333333333
508,55,0.10101010101010101,463.1454545454545
509,13,0.0641025641025641,301.84615384615387
510,75,0.07171171171171171,381.8
511,31,0.06451612903225806,364.16129032258067
512,10,0.15555555555555556,551.7
513,82,0.058115025594700394,348.8048780487805
514,85,0.08487394957983194,391.4470588235294
515,106,0.07511230907457322,387.99056603773585
516,24,0.10144927536231885,418.2083333333333
517,3,0.0,255.0
518,3,0.0,551.0
519,3,0.0,92.0
520,1,0.0,1016.0
521,29,0.0960591133004926,471.82758620689657
522,0,0.0,0.0
523,35,0.07058823529411765,384.0571428571429
524,2,0.0,69.5
525,284,0.0779127059174837,385.0422535211268
526,29,0.04926108374384237,341.82758620689657
527,3,0.3333333333333333,356.0
528,10,0.13333333333333333,371.7
529,26,0.10461538461538461,481.9230769230769
530,19,0.029239766081871343,264.7368421052632
531,0,0.0,0.0
532,133,0.12212349054454318,486.1278195488722
533,126,0.04317460317460318,301.23809523809524
534,15,0.08571428571428572,376.8666666666667
535,132,0.0648854961832061,355.5530303030303
536,5,0.0,316.4
537,3,0.0,449.0
538,113,0.0643173198482933,348.3893805309734
539,5,0.4,771.8
540,12,0.10606060606060606,294.1666666666667
541,37,0.04804804804804805,317.6756756756757
542,7,0.047619047619047616,229.85714285714286
543,2,0.0,72.5
544,30,0.09655172413793103,439.8666666666667
545,7,0.0,287.42857142857144
546,0,0.0,0.0
547,23,0.04743083003952569,361.8695652173913
548,51,0.07372549019607844,399.8235294117647
549,57,0.08897243107769423,416.8421052631579
550,11,0.01818181818181818,235.8181818181818
551,26,0.1076923076923077,534.2307692307693
552,7,0.047619047619047616,375.2857142857143
553,10,0.044444444444444446,305.7
554,4,0.0,120.0
555,4,0.0,253.0
556,0,0.0,0.0
557,35,0.08403361344537816,398.6
558,110,0.05404503753127606,312.6818181818182
559,23,0.09090909090909091,374.0869565217391
560,80,0.09841772151898734,434.5125
561,10,0.08888888888888889,495.5
562,16,0.075,443.0
563,2,0.0,358.0
564,72,0.07042253521126761,366.0
565,10,0.15555555555555556,536.8
566,69,0.07715260017050299,401.07246376811594
567,3,0.6666666666666666,482.0
568,43,0.06201550387596899,349.27906976744185
569,3,0.0,231.33333333333334
570,7,0.047619047619047616,278.57142857142856
571,8,0.10714285714285714,312.875
572,268,0.07957403991279557,386.02985074626866
573,27,0.06267806267806268,330.1111111111111
574,11,0.10909090909090909,474.1818181818182
575,0,0.0,0.0
576,5,0.2,530.6
577,6,0.06666666666666667,587.8333333333334
578,90,0.06491885143570537,344.96666666666664
579,102,0.0722189866045428,375.9901960784314
580,2,0.0,203.0
581,29,0.1354679802955665,556.2068965517242
582,0,0.0,0.0
583,9,0.1388888888888889,498.8888888888889
584,5,0.0,322.0
585,391,0.09031411895862024,415.96419437340154
586,0,0.0,0.0
587,150,0.09539149888143177,430.6066666666667
588,1,0.0,96.0
589,0,0.0,0.0
590,10,0.15555555555555556,471.0
591,0,0.0,0.0
592,1,0.0,303.0
593,8,0.03571428571428571,284.75
594,3,0.0,519.6666666666666
595,156,0.07766749379652606,384.87179487179486
596,22,0.04329004329004329,323.1363636363636
597,0,0.0,0.0
598,87,0.07538091419406576,388.3103448275862
599,24,0.028985507246376812,269.3333333333333
600,34,0.0427807486631016,345.2647058823529
601,46,0.07342995169082125,374.1304347826087
602,0,0.0,0.0
603,106,0.06397124887690925,363.6981132075472
604,0,0.0,0.0
605,2,0.0,280.5
606,4,0.16666666666666666,144.5
607,46,0.12367149758454106,459.10869565217394
608,119,0.0905853866970517,429.0924369747899
609,356,0.09806931476499446,431.46067415730334
610,15,0.01904761904761905,304.3333333333333
611,436,0.08555309501212696,405.3532110091743
612,61,0.08196721311475409,373.42622950819674
613,180,0.10602110490378647,462.1777777777778
614,32,0.08870967741935484,413.125
615,0,0.0,0.0
616,15,0.09523809523809523,450.53333333333336
617,398,0.08602204979557738,403.1884422110553
618,49,0.05952380952380952,328.55102040816325
619,164,0.08371988627861739,407.0731707317073
620,8,0.07142857142857142,520.25
621,9,0.027777777777777776,213.33333333333334
622,2,0.0,765.0
623,184,0.10293418864338323,449.48369565217394
624,23,0.07509881422924901,345.04347826086956
625,211,0.09252990295644324,425.13270142180096
626,156,0.07650951199338296,384.4807692307692
627,39,0.1039136302294197,454.64102564102564
628,157,0.06532745386248572,350.0636942675159
629,114,0.05791026238161776,336.46491228070175
630,116,0.127736131934033,502.9655172413793
631,8,0.07142857142857142,405.875
632,38,0.08250355618776671,390.89473684210526
633,27,0.05413105413105413,364.48148148148147
634,401,0.09209476309226933,423.2443890274314
635,1,0.0,256.0
636,5,0.1,434.6
637,274,0.08978369562311168,413.2445255474453
638,6,0.13333333333333333,422.8333333333333
639,36,0.09206349206349207,423.8888888888889
640,114,0.0712622263623661,376.140350877193
641,4,0.3333333333333333,390.25
642,174,0.07408145638163577,373.0402298850575
643,19,0.11695906432748537,495.89473684210526
644,80,0.07151898734177216,347.5125
645,0,0.0,0.0
646,2,0.0,150.5
647,9,0.1111111111111111,471.3333333333333
648,26,0.16923076923076924,595.5384615384615
649,72,0.09154929577464789,425.40277777777777
650,95,0.07458006718924973,373.4
651,94,0.07046442461679249,375.98936170212767
652,10,0.022222222222222223,248.8
653,0,0.0,0.0
654,0,0.0,0.0
655,88,0.07549634273772204,378.92045454545456
656,406,0.08947272395548257,413.54926108374383
657,14,0.07692307692307693,360.2857142857143
658,202,0.06364218511403379,351.01485148514854
659,9,0.027777777777777776,390.1111111111111
660,185,0.061339600470035255,341.94054054054055
661,314,0.07506969740135529,384.2929936305732
662,9,0.027777777777777776,309.77777777777777
663,3,0.3333333333333333,462.6666666666667
664,13,0.16666666666666666,511.15384615384613
665,125,0.084,408.024
666,11,0.03636363636363636,295.1818181818182
667,5,0.0,268.6
668,21,0.03333333333333333,284.3333333333333
669,32,0.07459677419354839,367.625
670,0,0.0,0.0
671,3,0.0,572.0
672,1,0.0,594.0
673,9,0.1111111111111111,328.22222222222223
674,5,0.1,179.2
675,0,0.0,0.0
676,31,0.07096774193548387,343.7096774193548
677,7,0.047619047619047616,344.7142857142857
678,57,0.09210526315789473,425.4561403508772
679,23,0.08300395256916997,413.95652173913044
680,71,0.089738430583501,421.85915492957747
681,4,0.0,263.75
682,72,0.07746478873239436,392.0
683,72,0.06298904538341157,335.2083333333333
684,146,0.07964100141709966,383.35616438356163
685,4,0.0,247.5
686,3,0.0,276.0
687,30,0.10574712643678161,455.06666666666666
688,229,0.06672795525932736,366.0480349344978
689,0,0.0,0.0
690,9,0.05555555555555555,311.0
691,157,0.11350645108606892,465.68152866242036
692,10,0.06666666666666667,273.8
693,5,0.2,613.2
694,0,0.0,0.0
695,46,0.0966183574879227,438.17391304347825
696,60,0.09152542372881356,436.4166666666667
697,12,0.0,206.58333333333334
698,19,0.15789473684210525,522.421052631579
699,1,0.0,766.0
700,216,0.08600344530577089,410.2175925925926
701,76,0.10456140350877192,452.0394736842105
702,54,0.08525506638714186,413.0925925925926
703,83,0.06993828974434323,377.6144578313253
704,10,0.022222222222222223,290.2
705,13,0.02564102564102564,205.3846153846154
706,22,0.06060606060606061,312.27272727272725
707,4,0.16666666666666666,662.0
708,0,0.0,0.0
709,7,0.23809523809523808,867.7142857142857
710,33,0.07386363636363637,390.1212121212121
711,909,0.07459182041552173,378.86138613861385
712,13,0.01282051282051282,184.15384615384616
713,3,0.0,97.66666666666667
714,6,0.13333333333333333,515.1666666666666
715,18,0.0784313725490196,331.22222222222223
716,10,0.0,190.0
717,5,0.0,286.4
718,53,0.05079825834542816,320.60377358490564
719,7,0.047619047619047616,415.85714285714283
720,13,0.0641025641025641,352.6923076923077
721,0,0.0,0.0
722,116,0.08425787106446776,389.0603448275862
723,8,0.03571428571428571,255.5
724,41,0.08048780487804878,394.6341463414634
725,97,0.06958762886597938,375.7938144329897
726,37,0.15765765765765766,514.6486486486486
727,7,0.047619047619047616,346.57142857142856
728,5,0.0,121.2
729,3,0.0,490.6666666666667
730,30,0.11494252873563218,417.46666666666664
731,44,0.052854122621564484,325.72727272727275
732,1,0.0,259.0
733,0,0.0,0.0
734,1,0.0,701.0
735,0,0.0,0.0
736,6,0.06666666666666667,208.33333333333334
737,7,0.19047619047619047,338.85714285714283
738,636,0.08107760114891299,394.7625786163522
739,4,0.0,534.25
740,10,0.15555555555555556,440.7
741,15,0.08571428571428572,292.6666666666667
742,1,0.0,214.0
743,53,0.0660377358490566,381.39622641509436
744,6,0.2,392.5
745,18,0.0718954248366013,460.6666666666667
746,15,0.10476190476190476,417.0
747,5,0.0,346.4
748,44,0.0919661733615222,438.3636363636364
749,46,0.06280193236714976,340.6521739130435
750,0,0.0,0.0
751,180,0.08653010552451894,415.1333333333333
752,17,0.08823529411764706,418.11764705882354
753,22,0.07792207792207792,351.3181818181818
754,9,0.05555555555555555,318.8888888888889
755,45,0.07575757575757576,377.0888888888889
756,83,0.08610049955921247,417.87951807228916
757,4,0.16666666666666666,594.5
758,34,0.06060606060606061,350.6764705882353
759,0,0.0,0.0
760,40,0.09871794871794871,445.25
761,71,0.07806841046277666,388.09859154929575
762,15,0.009523809523809525,299.06666666666666
763,4,0.0,134.75
764,0,0.0,0.0
765,2,0.0,632.5
766,30,0.0735632183908046,431.0
767,232,0.06784594715629198,367.71120689655174
768,8,0.03571428571428571,271.125
769,17,0.03676470588235294,314.0
770,136,0.09531590413943355,422.84558823529414
771,0,0.0,0.0
772,48,0.07092198581560284,404.3541666666667
773,37,0.06456456456456457,381.18918918918916
774,6,0.0,301.3333333333333
775,107,0.06418621054487744,351.97196261682245
776,8,0.10714285714285714,584.625
777,0,0.0,0.0
778,111,0.06126126126126126,360.2432432432432
779,104,0.06516056758775206,359.28846153846155
780,297,0.09757484757484758,430.84175084175087
781,0,0.0,0.0
782,229,0.0796368650884854,386.1877729257642
783,10,0.06666666666666667,408.3
784,2,1.0,537.0
785,125,0.09832258064516129,432.408
786,2,0.0,298.0
787,5,0.1,410.8
788,25,0.10333333333333333,413.64
789,13,0.07692307692307693,362.9230769230769
790,1,0.0,3.0
791,62,0.06451612903225806,360.1290322580645
792,13,0.1282051282051282,534.6923076923077
793,1,0.0,786.0
794,38,0.13229018492176386,526.3421052631579
795,67,0.07055630936227951,352.3134328358209
796,39,0.07557354925775979,392.02564102564105
797,11,0.12727272727272726,494.8181818181818
798,111,0.07878787878787878,399.86486486486484
799,4,0.0,339.25
800,557,0.08385751004223552,399.17594254937165
801,25,0.07,349.32
802,547,0.08891656789280189,413.80438756855574
803,140,0.07810894141829394,392.99285714285713
804,5,0.0,232.2
805,140,0.10441932168550874,438.15714285714284
806,1,0.0,130.0
807,153,0.1023391812865497,460.0980392156863
808,17,0.08088235294117647,424.1764705882353
809,2,0.0,177.0
810,8,0.21428571428571427,579.375
811,2,0.0,507.5
812,0,0.0,0.0
813,1,0.0,1280.0
814,466,0.07311827956989247,375.2725321888412
815,0,0.0,0.0
816,11,0.0,245.63636363636363
817,17,0.051470588235294115,248.23529411764707
818,9,0.1388888888888889,633.8888888888889
819,0,0.0,0.0
820,0,0.0,0.0
821,12,0.07575757575757576,387.25
822,11,0.10909090909090909,459.45454545454544
823,3,0.0,443.6666666666667
824,10,0.06666666666666667,369.2
825,360,0.06706901887960384,360.4916666666667
826,8,0.14285714285714285,423.125
827,248,0.06510382656392844,355.9193548387097
828,0,0.0,0.0
829,28,0.12962962962962962,552.3928571428571
830,13,0.038461538461538464,291.84615384615387
831,4,0.0,341.5
832,1,0.0,957.0
833,13,0.08974358974358974,474.38461538461536
834,489,0.08215997854436957,396.0838445807771
835,213,0.0805208610151475,394.05164319248826
836,4,0.3333333333333333,868.0
837,0,0.0,0.0
838,2,1.0,645.0
839,4,0.0,395.5
840,47,0.10083256244218317,408.468085106383
841,6,0.06666666666666667,430.6666666666667
842,1,0.0,61.0
843,114,0.10122651762148735,443.2719298245614
844,0,0.0,0.0
845,233,0.09157170341867693,421.0472103004292
846,939,0.06584603227586394,355.0915867944622
847,2,0.0,398.5
848,13,0.02564102564102564,416.7692307692308
849,24,0.12318840579710146,498.9166666666667
850,33,0.11174242424242424,478.3939393939394
851,74,0.0899666790077749,407.6756756756757
852,42,0.10569105691056911,472.1190476190476
853,9,0.1111111111111111,375.0
854,52,0.07541478129713423,393.71153846153845
855,2,0.0,207.0
856,1355,0.06663977718063739,355.0966789667897
857,69,0.08397271952259165,392.2463768115942
858,1,0.0,756.0
859,0,0.0,0.0
860,434,0.070369621438682,368.4400921658986
861,15,0.05714285714285714,350.0
862,2,0.0,385.0
863,307,0.09439867152072555,427.7459283387622
864,3,0.0,145.33333333333334
865,13,0.10256410256410256,392.84615384615387
866,3,0.0,201.33333333333334
867,43,0.03765227021040975,290.3953488372093
868,16,0.05,391.125
869,917,0.07655493278347374,380.73064340239915
870,28,0.07936507936507936,445.25
871,52,0.05052790346907994,342.11538461538464
872,10,0.022222222222222223,219.0
873,39,0.0728744939271255,373.8205128205128
874,8,0.0,367.0
875,5,0.0,373.4
876,399,0.08016271835367313,394.3734335839599
877,30,0.11494252873563218,464.56666666666666
878,0,0.0,0.0
879,0,0.0,0.0
880,6,0.06666666666666667,411.8333333333333
881,0,0.0,0.0
882,165,0.06637102734663711,354.369696969697
883,708,0.07911602298244352,386.3573446327684
884,27,0.1111111111111111,486.0740740740741
885,2,0.0,184.0
886,40,0.07435897435897436,399.825
887,8,0.03571428571428571,297.625
888,0,0.0,0.0
889,6,0.06666666666666667,398.3333333333333
890,60,0.07570621468926554,367.5
891,6,0.0,148.66666666666666
892,9,0.08333333333333333,284.8888888888889
893,13,0.14102564102564102,492.61538461538464
894,27,0.07977207977207977,392.1111111111111
895,1296,0.06697054197054197,357.24768518518516
896,11,0.03636363636363636,290.6363636363636
897,58,0.12159709618874773,494.9310344827586
898,2,0.0,474.0
899,22,0.03463203463203463,279.72727272727275
900,1,0.0,686.0
901,138,0.0803977573257167,392.3550724637681
902,50,0.10204081632653061,451.96
903,55,0.059932659932659935,320.1454545454545
904,5,0.1,474.2
905,18,0.09803921568627451,373.5
906,12,0.13636363636363635,533.3333333333334
907,1,0.0,696.0
908,756,0.07912330495111952,392.54232804232805
909,5,0.1,633.2
910,42,0.10220673635307782,453.07142857142856
911,5,0.0,343.8
912,14,0.10989010989010989,437.2142857142857
913,1042,0.07237983557077297,370.915547024952
914,10,0.08888888888888889,347.3
915,1,0.0,939.0
916,0,0.0,0.0
917,199,0.09217806202730826,422.3718592964824
918,0,0.0,0.0
919,130,0.06905187835420394,365.32307692307694
920,17,0.10294117647058823,411.29411764705884
921,11,0.12727272727272726,453.90909090909093
922,19,0.05847953216374269,416.4736842105263
923,80,0.07246835443037974,370.4125
924,10,0.13333333333333333,528.1
925,15,0.047619047619047616,387.8
926,47,0.09898242368177614,428.3404255319149
927,7,0.047619047619047616,342.2857142857143
928,23,0.043478260869565216,349.39130434782606
929,27,0.10541310541310542,469.4074074074074
930,4,0.3333333333333333,920.5
931,1,0.0,25.0
932,2,0.0,254.0
933,34,0.08377896613190731,435.52941176470586
934,14,0.054945054945054944,386.42857142857144
935,0,0.0,0.0
936,38,0.10810810810810811,426.13157894736844
937,1,0.0,471.0
938,414,0.07623024645869156,384.35990338164254
939,3,0.0,579.3333333333334
940,80,0.06993670886075949,375.6625
941,26,0.08,377.5
942,0,0.0,0.0
943,1,0.0,328.0
944,55,0.055218855218855216,318.4
945,8,0.03571428571428571,290.625
946,114,0.05666821922061792,334.49122807017545
947,70,0.062111801242236024,355.74285714285713
948,28,0.09523809523809523,485.32142857142856
949,18,0.08496732026143791,462.72222222222223
950,117,0.07427055702917772,376.9316239316239
951,17,0.1323529411764706,413.3529411764706
952,4,0.0,551.5
953,1,0.0,99.0
954,41,0.10975609756097561,451.4634146341463
955,150,0.07543624161073825,381.03333333333336
956,0,0.0,0.0
957,209,0.0756808980493191,382.4162679425837
958,8,0.07142857142857142,412.0
959,38,0.06543385490753911,374.94736842105266
960,7,0.0,293.57142857142856
961,45,0.1,446.06666666666666
962,121,0.09269972451790634,437.53719008264466
963,503,0.07777240936849025,389.6819085487078
964,57,0.08458646616541353,384.7543859649123
965,1,0.0,80.0
966,46,0.06376811594202898,348.8695652173913
967,8,0.0,136.25
968,16,0.041666666666666664,385.5625
969,88,0.0713166144200627,364.03409090909093
970,181,0.07851442602823819,390.56353591160223
971,20,0.11578947368421053,402.75
972,116,0.07931034482758621,407.6810344827586
973,10,0.08888888888888889,398.8
974,8,0.03571428571428571,385.0
975,1,0.0,329.0
976,55,0.037037037037037035,236.87272727272727
977,2,0.0,443.0
978,33,0.07386363636363637,393.2121212121212
979,7,0.09523809523809523,477.85714285714283
980,16,0.041666666666666664,290.4375
981,22,0.12554112554112554,449.0
982,6,0.13333333333333333,226.33333333333334
983,61,0.053551912568306013,327.2950819672131
984,37,0.06756756756756757,375.1081081081081
985,6,0.26666666666666666,634.5
986,38,0.10526315789473684,462.13157894736844
987,1,0.0,780.0
988,1,0.0,944.0
989,35,0.10084033613445378,423.9142857142857
990,62,0.05817028027498678,327.35483870967744
991,16,0.075,420.3125
992,1,0.0,71.0
993,17,0.04411764705882353,289.94117647058823
994,165,0.08617886178861789,402.23636363636365
995,707,0.07347007464809613,373.47100424328147
996,3,0.0,306.3333333333333
997,419,0.09142295965559374,418.145584725537
998,5,0.0,380.4
999,143,0.08312813946616764,398.8811188811189
1000,38,0.06258890469416785,377.07894736842104
1001,1,0.0,121.0
1002,4,0.0,288.75
1003,1,0.0,546.0
1004,5,0.0,299.0
1005,23,0.02766798418972332,255.2608695652174
1006,7,0.14285714285714285,561.2857142857143
1007,3,0.3333333333333333,360.0
1008,46,0.09178743961352658,422.9130434782609
1009,50,0.062040816326530614,337.28
1010,22,0.07792207792207792,434.3181818181818
1011,2,0.0,298.0
1012,4,0.16666666666666666,367.5
1013,25,0.06,334.36
1014,121,0.10192837465564739,439.2892561983471
1015,621,0.07606358111266948,383.39935587761676
1016,38,0.07254623044096728,344.55263157894734
1017,1217,0.07036284219175712,366.23993426458503
1018,229,0.06531065655404887,356.11353711790395
1019,7,0.14285714285714285,562.2857142857143
1020,173,0.10707084285522248,467.8265895953757
1021,17,0.03676470588235294,293.5882352941176
1022,10,0.13333333333333333,526.8
1023,46,0.09178743961352658,429.45652173913044
1024,1,0.0,21.0
1025,37,0.0990990990990991,450.94594594594594
1026,27,0.05128205128205128,372.22222222222223
1027,47,0.07400555041628122,407.1276595744681
1028,5,0.2,320.4
1029,33,0.10227272727272728,422.1515151515151
1030,15,0.2,449.93333333333334
1031,2,0.0,585.0
1032,31,0.0989247311827957,424.1290322580645
1033,21,0.09523809523809523,433.85714285714283
1034,65,0.0889423076923077,424.9846153846154
1035,0,0.0,0.0
1036,3,0.0,122.33333333333333
1037,25,0.043333333333333335,365.96
1038,3,0.0,415.6666666666667
1039,165,0.0877309682187731,409.24848484848485
1040,13,0.08974358974358974,458.38461538461536
1041,70,0.06790890269151138,358.7857142857143
1042,1,0.0,696.0
1043,90,0.09038701622971286,410.0
1044,39,0.06477732793522267,356.97435897435895
1045,9,0.16666666666666666,519.7777777777778
1046,12,0.07575757575757576,309.8333333333333
1047,2,0.0,60.0
1048,3,0.3333333333333333,393.0
1049,93,0.09981299672744273,430.9032258064516
1050,2,0.0,111.0
1051,13,0.11538461538461539,470.2307692307692
1052,36,0.09841269841269841,441.44444444444446
1053,5,0.1,453.8
1054,0,0.0,0.0
1055,15,0.11428571428571428,507.8
1056,89,0.06945863125638406,368.75280898876406
1057,5,0.2,524.4
1058,1,0.0,24.0
1059,8,0.0,256.125
1060,72,0.09076682316118936,408.19444444444446
1061,0,0.0,0.0
1062,12,0.030303030303030304,400.5
1063,27,0.042735042735042736,337.85185185185185
1064,65,0.06153846153846154,334.9384615384615
1065,416,0.08630676552363299,408.81009615384613
1066,9,0.0,176.33333333333334
1067,0,0.0,0.0
1068,25,0.05,348.36
1069,22,0.05194805194805195,288.8181818181818
1070,26,0.09230769230769231,470.84615384615387
1071,15,0.06666666666666667,466.6
1072,97,0.07624570446735396,383.3298969072165
1073,3,0.0,493.3333333333333
1074,8,0.03571428571428571,231.625
1075,182,0.07510169388622427,382.2637362637363
1076,207,0.09788471460062849,433.9130434782609
1077,5,0.1,459.2
1078,141,0.09544072948328268,424.06382978723406
1079,67,0.08050655811849841,417.6268656716418
1080,31,0.08602150537634409,414.03225806451616
1081,0,0.0,0.0
1082,3,0.0,214.66666666666666
1083,1,0.0,553.0
1084,179,0.08354779988701275,403.5921787709497
1085,51,0.050980392156862744,334.2549019607843
1086,4,0.16666666666666666,451.25
1087,1,0.0,450.0
1088,0,0.0,0.0
1089,0,0.0,0.0
1090,0,0.0,0.0
1091,162,0.11824246606855303,495.87654320987656
1092,3,0.0,254.66666666666666
1093,14,0.10989010989010989,523.4285714285714
1094,20,0.07368421052631578,376.15
1095,29,0.11083743842364532,453.8965517241379
1096,21,0.06190476190476191,343.76190476190476
1097,98,0.06227645697454239,362.0816326530612
1098,29,0.06896551724137931,399.0689655172414
1099,5,0.0,418.4
1100,58,0.060496067755595885,341.8103448275862
1101,35,0.031932773109243695,288.51428571428573
1102,8,0.10714285714285714,485.75
1103,4,0.0,128.0
1104,0,0.0,0.0
1105,125,0.08296774193548387,398.64
1106,6,0.06666666666666667,277.3333333333333
1107,615,0.07865787452662801,389.21463414634144
1108,116,0.06926536731634184,355.4913793103448
1109,18,0.09803921568627451,456.0
1110,0,0.0,0.0
1111,1,0.0,943.0
1112,321,0.08241822429906542,399.5856697819315
1113,171,0.08070175438596491,396.2573099415205
1114,1,0.0,44.0
1115,28,0.06084656084656084,316.42857142857144
1116,75,0.07027027027027027,362.3466666666667
1117,26,0.04923076923076923,334.5
1118,882,0.07471925584460042,378.6825396825397
1119,31,0.06451612903225806,356.16129032258067
1120,24,0.08333333333333333,384.1666666666667
1121,1104,0.07170989527901507,368.32246376811594
1122,21,0.014285714285714285,313.95238095238096
1123,275,0.0912806901128069,420.08
1124,36,0.08253968253968254,445.0
1125,5,0.0,200.2
1126,5,0.0,120.6
1127,33,0.10037878787878787,472.1818181818182
1128,49,0.05612244897959184,308.85714285714283
1129,26,0.08307692307692308,413.38461538461536
1130,6,0.13333333333333333,434.8333333333333
1131,2,0.0,693.5
1132,7,0.19047619047619047,633.7142857142857
1133,0,0.0,0.0
1134,57,0.05263157894736842,312.35087719298247
1135,37,0.12012012012012012,440.56756756756755
1136,25,0.06333333333333334,366.6
1137,0,0.0,0.0
1138,57,0.08145363408521303,424.87719298245617
1139,10,0.1111111111111111,481.5
1140,4,0.0,275.0
1141,371,0.09760326364099949,434.7358490566038
1142,0,0.0,0.0
1143,0,0.0,0.0
1144,4,0.0,259.75
1145,12,0.015151515151515152,209.33333333333334
1146,465,0.07864293659621802,387.5741935483871
1147,0,0.0,0.0
1148,71,0.0925553319919517,416.88732394366195
1149,18,0.032679738562091505,290.1666666666667
1150,11,0.09090909090909091,362.6363636363636
1151,718,0.0727108852655175,373.8050139275766
1152,16,0.05,371.6875
1153,99,0.0979179550608122,429.95959595959596
1154,396,0.08817286791970336,411.3661616161616
1155,1,0.0,363.0
1156,57,0.05513784461152882,339.05263157894734
1157,0,0.0,0.0
1158,16,0.03333333333333333,330.25
1159,11,0.18181818181818182,436.6363636363636
1160,1,0.0,148.0
1161,19,0.1111111111111111,461.89473684210526
1162,161,0.08532608695652173,408.9192546583851
1163,38,0.05832147937411095,381.1578947368421
1164,137,0.08716187204808931,414.35766423357666
1165,61,0.09562841530054644,444.6393442622951
1166,29,0.10344827586206896,417.1034482758621
1167,4,0.0,511.25
1168,49,0.05442176870748299,333.2857142857143
1169,5,0.1,293.4
1170,0,0.0,0.0
1171,2,1.0,875.0
1172,106,0.06918238993710692,361.8867924528302
1173,99,0.10327767470624613,441.8484848484849
1174,11,0.09090909090909091,377.1818181818182
1175,217,0.08687489332650623,419.31797235023043
1176,1576,0.06288131496253324,344.41941624365484
1177,49,0.06717687074829932,353.81632653061223
1178,25,0.10666666666666667,376.76
1179,6,0.0,281.6666666666667
1180,1,0.0,795.0
1181,89,0.057711950970377936,352.70786516853934
1182,243,0.09101112131415162,414.7078189300411
1183,24,0.07971014492753623,368.5416666666667
1184,177,0.07010785824345146,359.49152542372883
1185,195,0.06201427438540841,345.55897435897435
1186,8,0.03571428571428571,254.625
1187,29,0.0665024630541872,364.1034482758621
1188,0,0.0,0.0
1189,0,0.0,0.0
1190,123,0.08263361322137812,407.7642276422764
1191,1,0.0,26.0
1192,50,0.07265306122448979,384.46
1193,12,0.030303030303030304,264.9166666666667
1194,59,0.05961426066627703,321.93220338983053
1195,69,0.08056265984654731,399.07246376811594
1196,1,0.0,524.0
1197,13,0.15384615384615385,371.38461538461536
1198,63,0.08397337429595494,418.3492063492063
1199,29,0.046798029556650245,281.7931034482759
1200,157,0.06361260819859546,349.38853503184714
1201,75,0.07135135135135136,377.72
1202,15,0.047619047619047616,356.8666666666667
1203,12,0.015151515151515152,207.91666666666666
1204,34,0.03208556149732621,311.94117647058823
1205,0,0.0,0.0
1206,2,0.0,858.0
1207,67,0.06196291270918137,337.7761194029851
1208,2,0.0,563.5
1209,4,0.0,121.5
1210,9,0.05555555555555555,312.44444444444446
1211,74,0.0807108478341355,389.0945945945946
1212,90,0.07465667915106117,398.2888888888889
1213,1,0.0,63.0
1214,96,0.06710526315789474,351.9895833333333
1215,79,0.0691333982473223,348.9493670886076
1216,7,0.0,144.57142857142858
1217,11,0.05454545454545454,300.6363636363636
1218,235,0.08594289870885616,407.98297872340424
1219,55,0.05589225589225589,362.45454545454544
1220,70,0.06086956521739131,354.1714285714286
1221,20,0.05263157894736842,323.25
1222,1136,0.0732533970341875,373.1038732394366
1223,15,0.009523809523809525,200.86666666666667
1224,1,0.0,71.0
1225,8,0.03571428571428571,254.625
1226,255,0.07077350625289486,373.9843137254902
1227,19,0.06432748538011696,325.2631578947368
1228,0,0.0,0.0
1229,1,0.0,566.0
1230,46,0.06956521739130435,386.2391304347826
1231,0,0.0,0.0
1232,38,0.07539118065433854,388.7631578947368
1233,0,0.0,0.0
1234,1,0.0,1000.0
1235,0,0.0,0.0
1236,44,0.09090909090909091,400.40909090909093
1237,32,0.05241935483870968,336.5625
1238,10,0.08888888888888889,490.6
1239,0,0.0,0.0
1240,7,0.0,296.7142857142857
1241,685,0.08861996841251547,410.4189781021898
1242,22,0.05194805194805195,313.77272727272725
1243,546,0.07646604160365628,384.56776556776555
1244,29,0.059113300492610835,374.48275862068965
1245,283,0.0866852116382227,413.62544169611306
1246,11,0.0,289.8181818181818
1247,0,0.0,0.0
1248,1,0.0,359.0
1249,6,0.06666666666666667,393.8333333333333
1250,4,0.16666666666666666,449.5
1251,1,0.0,22.0
1252,112,0.0805984555984556,398.89285714285717
1253,55,0.050505050505050504,326.6
1254,3,0.0,131.0
1255,175,0.06949096880131363,367.3885714285714
1256,16,0.10833333333333334,446.8125
1257,471,0.08986764240863712,416.78343949044586
1258,724,0.07919350771417437,388.2099447513812
1259,10,0.06666666666666667,419.4
1260,2,0.0,620.5
1261,246,0.08498423759747802,411.2764227642276
1262,34,0.058823529411764705,332.38235294117646
1263,5,0.0,336.2
1264,144,0.09683372183372184,435.8611111111111
1265,3,0.0,230.66666666666666
1266,82,0.1120144534778681,461.1463414634146
1267,1,0.0,1210.0
1268,11,0.14545454545454545,543.4545454545455
1269,412,0.0825242718446602,399.3398058252427
1270,18,0.13725490196078433,479.44444444444446
1271,29,0.054187192118226604,293.82758620689657
1272,33,0.07386363636363637,364.7878787878788
1273,10,0.044444444444444446,332.1
1274,9,0.027777777777777776,327.44444444444446
1275,19,0.08771929824561403,356.7894736842105
1276,5,0.0,251.8
1277,1,0.0,625.0
1278,10,0.06666666666666667,346.9
1279,7,0.0,337.85714285714283
1280,57,0.05012531328320802,309.7543859649123
1281,10,0.022222222222222223,320.7
1282,12,0.07575757575757576,321.6666666666667
1283,28,0.11375661375661375,429.64285714285717
1284,0,0.0,0.0
1285,6,0.0,260.3333333333333
1286,56,0.06948051948051948,351.76785714285717
1287,24,0.050724637681159424,323.7083333333333
1288,16,0.06666666666666667,337.75
1289,474,0.07293422895424662,374.86708860759495
1290,9,0.0,250.33333333333334
1291,11,0.12727272727272726,504.1818181818182
1292,64,0.09623015873015874,425.359375
1293,83,0.06376726417866588,363.89156626506025
1294,221,0.0679144385026738,359.08597285067873
1295,13,0.05128205128205128,205.07692307692307
1296,12,0.015151515151515152,217.5
1297,3,0.0,298.6666666666667
1298,9,0.08333333333333333,354.77777777777777
1299,16,0.058333333333333334,349.875
1300,7,0.047619047619047616,266.14285714285717
1301,2,1.0,584.0
1302,177,0.07017205957883924,359.9039548022599
1303,755,0.07331846048448012,377.08079470198675
1304,19,0.07017543859649122,374.63157894736844
1305,22,0.11255411255411256,450.3181818181818
1306,133,0.08247892458418775,398.0
1307,33,0.07007575757575757,329.8787878787879
1308,625,0.08170769230769231,396.8592
1309,0,0.0,0.0
1310,110,0.08740617180984153,412.9909090909091
1311,537,0.08060257372356097,394.1042830540037
1312,0,0.0,0.0
1313,0,0.0,0.0
1314,0,0.0,0.0
1315,0,0.0,0.0
1316,119,0.08090015667283863,397.546218487395
1317,1,0.0,246.0
1318,6,0.3333333333333333,740.8333333333334
1319,5,0.0,346.6
1320,8,0.10714285714285714,363.25
1321,9,0.16666666666666666,464.1111111111111
1322,17,0.11764705882352941,452.6470588235294
1323,493,0.08235623938389486,399.35091277890467
1324,14,0.12087912087912088,422.7857142857143
1325,1,0.0,215.0
1326,6,0.06666666666666667,591.6666666666666
1327,7,0.09523809523809523,579.0
1328,3,0.0,94.33333333333333
1329,54,0.0957372466806429,411.6296296296296
1330,23,0.06719367588932806,396.7826086956522
1331,56,0.06103896103896104,323.3392857142857
1332,5,0.0,241.0
1333,18,0.08496732026143791,371.3333333333333
1334,85,0.05238095238095238,331.2705882352941
1335,11,0.01818181818181818,233.0
1336,1,0.0,299.0
1337,529,0.09099501632582918,417.6238185255198
1338,12,0.015151515151515152,306.4166666666667
1339,450,0.07796090076713685,387.8977777777778
1340,5,0.1,356.6
1341,14,0.06593406593406594,324.42857142857144
1342,144,0.07167832167832168,375.61805555555554
1343,171,0.07850017199862401,391.9766081871345
1344,49,0.058673469387755105,322.734693877551
1345,77,0.08954203691045796,437.2857142857143
1346,28,0.09523809523809523,465.89285714285717
1347,6,0.0,175.33333333333334
1348,73,0.10692541856925418,458.13698630136986
1349,8,0.0,349.875
1350,21,0.023809523809523808,327.3333333333333
1351,180,0.07324643078833024,370.3777777777778
1352,13,0.02564102564102564,364.0769230769231
1353,209,0.06293706293706294,344.17224880382776
1354,6,0.06666666666666667,202.83333333333334
1355,94,0.053992221459620224,330.6914893617021
1356,3,0.0,326.3333333333333
1357,8,0.17857142857142858,473.875
1358,5,0.1,384.0
1359,9,0.1388888888888889,476.6666666666667
1360,142,0.07701528318849266,375.27464788732397
1361,25,0.1,336.76
1362,1,0.0,49.0
1363,7,0.0,226.42857142857142
1364,0,0.0,0.0
1365,2,0.0,278.5
1366,152,0.11624259323806205,463.4671052631579
1367,22,0.03896103896103896,307.5
1368,10,0.08888888888888889,367.8
1369,167,0.0956640934997475,435.09580838323353
1370,70,0.06169772256728778,360.1
1371,38,0.059743954480796585,330.9736842105263
1372,11,0.10909090909090909,398.0
1373,284,0.08838899119096202,415.23943661971833
1374,50,0.08163265306122448,382.62
1375,17,0.08823529411764706,444.29411764705884
1376,9,0.1111111111111111,274.8888888888889
1377,1,0.0,580.0
1378,379,0.10311178121204506,445.47229551451187
1379,5,0.3,520.6
1380,24,0.06159420289855073,388.0833333333333
1381,35,0.09747899159663866,446.8
1382,329,0.092612499073319,423.8267477203647
1383,3,0.0,620.3333333333334
1384,8,0.17857142857142858,558.875
1385,20,0.031578947368421054,339.8
1386,49,0.06802721088435375,403.2040816326531
1387,2,0.0,113.5
1388,541,0.09055932087355377,416.4177449168207
1389,7,0.09523809523809523,397.14285714285717
1390,441,0.09283652855081427,422.15646258503403
1391,2,0.0,270.0
1392,109,0.07169554875976894,380.70642201834863
1393,2,0.0,646.0
1394,10,0.06666666666666667,526.9
1395,15,0.02857142857142857,273.06666666666666
1396,105,0.07912087912087912,371.4
1397,1,0.0,147.0
1398,103,0.05825242718446602,346.80582524271847
1399,2,0.0,529.0
1400,2,0.0,442.0
1401,4,0.0,385.75
1402,6,0.13333333333333333,403.3333333333333
1403,25,0.11333333333333333,418.96
1404,7,0.0,345.42857142857144
1405,16,0.058333333333333334,376.0
1406,45,0.0707070707070707,397.9555555555556
1407,12,0.030303030303030304,207.33333333333334
1408,151,0.07452538631346578,387.6622516556291
1409,78,0.05860805860805861,330.3076923076923
1410,9,0.0,350.77777777777777
1411,29,0.07389162561576355,390.62068965517244
1412,96,0.08706140350877192,401.6041666666667
1413,248,0.07989421444429934,396.241935483871
1414,256,0.08483455882352942,405.9609375
1415,32,0.07258064516129033,357.15625
1416,11,0.09090909090909091,346.45454545454544
1417,6,0.0,225.83333333333334
1418,188,0.08328592558880418,402.4574468085106
1419,15,0.12380952380952381,476.4
1420,5,0.2,399.8
1421,108,0.06922810661128419,357.43518518518516
1422,1,0.0,354.0
1423,0,0.0,0.0
1424,15,0.047619047619047616,294.6
1425,12,0.12121212121212122,478.0833333333333
1426,20,0.06315789473684211,390.75
1427,1,0.0,21.0
1428,6,0.06666666666666667,485.6666666666667
1429,37,0.0945945945945946,399.72972972972974
1430,6,0.06666666666666667,295.3333333333333
1431,229,0.10445874511606527,454.9781659388646
1432,198,0.07609085781674614,380.8989898989899
1433,11,0.01818181818181818,308.1818181818182
1434,0,0.0,0.0
1435,5,0.2,472.4
1436,11,0.05454545454545454,349.54545454545456
1437,81,0.06604938271604938,363.320987654321
1438,7,0.09523809523809523,287.7142857142857
1439,27,0.06267806267806268,367.51851851851853
1440,15,0.11428571428571428,523.2
1441,31,0.053763440860215055,347.2258064516129
1442,58,0.07259528130671507,374.17241379310343
1443,1,0.0,55.0
1444,519,0.08268797286138327,398.9730250481696
1445,0,0.0,0.0
1446,6,0.06666666666666667,374.1666666666667
1447,281,0.09499237417386884,424.37010676156586
1448,90,0.09288389513108614,433.68888888888887
1449,63,0.09472606246799795,435.6984126984127
1450,570,0.08409336169950359,398.9087719298246
1451,3,0.0,247.66666666666666
1452,4,0.0,215.25
1453,28,0.047619047619047616,329.07142857142856
1454,90,0.10711610486891386,441.84444444444443
1455,161,0.0829192546583851,391.2298136645963
1456,2,0.0,436.0
1457,29,0.07142857142857142,357.41379310344826
1458,51,0.08705882352941176,410.01960784313724
1459,76,0.10912280701754386,455.0263157894737
1460,46,0.08502415458937199,419.0
1461,54,0.06079664570230608,337.0925925925926
1462,25,0.08333333333333333,383.52
1463,28,0.07671957671957672,419.85714285714283
1464,2,0.0,76.0
1465,3,0.0,625.6666666666666
1466,223,0.08156587080353897,395.3811659192825
1467,534,0.08175755914862519,394.1011235955056
1468,362,0.09738142973018472,434.1270718232044
1469,28,0.042328042328042326,284.60714285714283
1470,12,0.07575757575757576,259.75
1471,231,0.09824957651044608,440.57575757575756
1472,7,0.047619047619047616,418.14285714285717
1473,204,0.09263015551048005,426.27450980392155
1474,1,0.0,26.0
1475,0,0.0,0.0
1476,0,0.0,0.0
1477,2,0.0,43.5
1478,25,0.09,440.16
1479,30,0.06436781609195402,369.56666666666666
1480,71,0.08893360160965795,413.07042253521126
1481,92,0.07620640229335882,396.3695652173913
1482,840,0.07216641126057098,371.0654761904762
1483,5,0.0,111.2
1484,10,0.08888888888888889,369.8
1485,2,0.0,314.5
1486,0,0.0,0.0
1487,393,0.07692008100950304,382.9465648854962
1488,32,0.07661290322580645,394.09375
1489,11,0.01818181818181818,243.1818181818182
1490,113,0.07996207332490518,388.82300884955754
1491,628,0.07311634616361401,373.9028662420382
1492,1,0.0,701.0
1493,26,0.12,472.3076923076923
1494,0,0.0,0.0
1495,60,0.06440677966101695,357.96666666666664
1496,6,0.2,400.0
1497,7,0.047619047619047616,579.1428571428571
1498,511,0.08951306550017267,415.5929549902153
1499,88,0.06556948798328109,379.14772727272725
1500,2,0.0,52.0
1501,361,0.09478301015697138,431.6509695290859
1502,5,0.0,551.2
1503,0,0.0,0.0
1504,395,0.0917560881578102,418.7417721518987
1505,4,0.0,264.0
1506,3,0.0,283.0
1507,19,0.10526315789473684,521.1052631578947
1508,0,0.0,0.0
1509,31,0.05591397849462366,321.3225806451613
1510,7,0.0,321.42857142857144
1511,1,0.0,1108.0
1512,20,0.05789473684210526,310.35
1513,26,0.04,343.38461538461536
1514,23,0.07509881422924901,345.7391304347826
1515,41,0.03536585365853658,292.5853658536585
1516,1,0.0,713.0
1517,0,0.0,0.0
1518,0,0.0,0.0
1519,116,0.07631184407796102,393.0086206896552
1520,117,0.07161803713527852,380.5726495726496
1521,16,0.06666666666666667,390.125
1522,14,0.04395604395604396,387.5
1523,0,0.0,0.0
1524,2,0.0,81.0
1525,5,0.0,361.4
1526,0,0.0,0.0
1527,1,0.0,3.0
1528,44,0.10570824524312897,443.52272727272725
1529,4,0.0,279.0
1530,18,0.09803921568627451,481.77777777777777
1531,1,0.0,700.0
1532,58,0.060496067755595885,339.08620689655174
1533,0,0.0,0.0
1534,24,0.09057971014492754,379.0833333333333
1535,54,0.0992313067784766,442.85185185185185
1536,7,0.0,244.57142857142858
1537,17,0.03676470588235294,329.52941176470586
1538,5,0.1,657.0
1539,5,0.3,398.8
1540,17,0.14705882352941177,497.88235294117646
1541,154,0.07028265851795264,373.6753246753247
1542,337,0.08517026988837077,403.8367952522255
1543,10,0.06666666666666667,339.4
1544,3,0.0,173.0
1545,34,0.04634581105169341,318.3529411764706
1546,111,0.047010647010647014,307.2522522522523
1547,1,0.0,143.0
1548,14,0.10989010989010989,583.4285714285714
1549,76,0.051228070175438595,325.55263157894734
1550,0,0.0,0.0
1551,13,0.05128205128205128,335.53846153846155
1552,7,0.047619047619047616,255.85714285714286
1553,13,0.08974358974358974,463.61538461538464
1554,0,0.0,0.0
1555,137,0.08565908115070846,389.2554744525547
1556,0,0.0,0.0
1557,5,0.0,260.6
1558,4,0.0,359.25
1559,27,0.08831908831908832,445.1111111111111
1560,40,0.06923076923076923,362.6
1561,9,0.0,214.22222222222223
1562,117,0.09578544061302682,430.2649572649573
1563,2,0.0,127.5
1564,15,0.0761904761904762,446.93333333333334
1565,46,0.08115942028985507,377.8695652173913
1566,40,0.07948717948717948,376.3
1567,0,0.0,0.0
1568,57,0.09022556390977443,411.0701754385965
1569,249,0.07679103510817463,380.5983935742972
1570,12,0.030303030303030304,375.8333333333333
1571,1,0.0,237.0
1572,201,0.08263681592039801,400.9800995024876
1573,1,0.0,200.0
1574,14,0.01098901098901099,220.28571428571428
1575,0,0.0,0.0
1576,98,0.08626130864717022,422.9795918367347
1577,1054,0.06607488138164926,353.5474383301708
1578,0,0.0,0.0
1579,19,0.11695906432748537,373.2105263157895
1580,27,0.07407407407407407,354.44444444444446
1581,1,0.0,84.0
1582,50,0.08163265306122448,385.34
1583,22,0.09956709956709957,431.77272727272725
1584,10,0.022222222222222223,295.0
1585,3,0.0,127.66666666666667
1586,14,0.07692307692307693,406.35714285714283
1587,8,0.2857142857142857,625.625
1588,0,0.0,0.0
1589,28,0.03968253968253968,293.07142857142856
1590,31,0.053763440860215055,329.4193548387097
1591,6,0.06666666666666667,466.3333333333333
1592,835,0.07094013412024872,367.9604790419162
1593,69,0.0886615515771526,421.39130434782606
1594,45,0.05454545454545454,344.15555555555557
1595,132,0.07124681933842239,371.5681818181818
1596,42,0.07665505226480836,369.04761904761904
1597,33,0.13257575757575757,560.4545454545455
1598,124,0.09703645423551009,433.43548387096774
1599,106,0.0853548966756514,405.8301886792453
1600,25,0.07333333333333333,379.44
1601,6,0.2,547.3333333333334
1602,122,0.09890258772524048,440.3114754098361
1603,10,0.13333333333333333,517.0
1604,1,0.0,91.0
1605,1,0.0,636.0
1606,0,0.0,0.0
1607,311,0.09411886733741313,420.8360128617363
1608,0,0.0,0.0
1609,692,0.06612683302242707,356.0606936416185
1610,0,0.0,0.0
1611,8,0.03571428571428571,421.25
1612,12,0.06060606060606061,418.6666666666667
1613,7,0.14285714285714285,513.7142857142857
1614,364,0.08779099688190597,407.91483516483515
1615,98,0.07658321060382917,371.5612244897959
1616,4,0.0,223.25
1617,0,0.0,0.0
1618,5,0.2,670.4
1619,15,0.11428571428571428,462.53333333333336
1620,7,0.14285714285714285,343.7142857142857
1621,204,0.08123249299719888,400.9362745098039
1622,2,0.0,141.5
1623,6,0.06666666666666667,371.3333333333333
1624,32,0.06854838709677419,359.96875
1625,10,0.044444444444444446,379.7
1626,2,0.0,522.0
1627,176,0.08077922077922078,394.72159090909093
1628,86,0.07797537619699042,381.27906976744185
1629,13,0.038461538461538464,315.61538461538464
1630,1,0.0,757.0
1631,49,0.05357142857142857,334.14285714285717
1632,76,0.08315789473684211,401.07894736842104
1633,0,0.0,0.0
1634,119,0.07149978635522006,370.70588235294116
1635,2,0.0,585.5
1636,16,0.11666666666666667,435.4375
1637,10,0.13333333333333333,466.2
1638,0,0.0,0.0
1639,49,0.0824829931972789,395.2857142857143
1640,237,0.07523421297289566,381.90717299578057
1641,32,0.07459677419354839,411.75
1642,104,0.06590739357729648,360.4807692307692
1643,135,0.07562189054726368,375.5111111111111
1644,36,0.06031746031746032,299.1111111111111
1645,6,0.13333333333333333,538.8333333333334
1646,14,0.07692307692307693,411.2857142857143
1647,308,0.07464359744490037,376.32142857142856
1648,41,0.12073170731707317,513.1463414634146
1649,16,0.008333333333333333,231.9375
1650,400,0.07918546365914787,389.145
1651,1,0.0,144.0
1652,1,0.0,628.0
1653,0,0.0,0.0
1654,49,0.09863945578231292,416.9591836734694
1655,8,0.03571428571428571,337.125
1656,31,0.05161290322580645,317.6774193548387
1657,15,0.05714285714285714,406.4
1658,170,0.06801253045596937,354.90588235294115
1659,1,0.0,421.0
1660,302,0.10144991309322127,438.9337748344371
1661,1,0.0,261.0
1662,50,0.044081632653061226,319.36
1663,44,0.07399577167019028,410.1136363636364
1664,53,0.054426705370101594,349.60377358490564
1665,0,0.0,0.0
1666,0,0.0,0.0
1667,8,0.03571428571428571,402.25
1668,78,0.06726606726606726,355.88461538461536
1669,4,0.0,294.75
1670,0,0.0,0.0
1671,158,0.0640973957913408,347.15822784810126
1672,0,0.0,0.0
1673,9,0.0,255.44444444444446
1674,4,0.0,49.25
1675,42,0.05226480836236934,330.1904761904762
1676,80,0.0560126582278481,340.8625
1677,69,0.07075873827791987,359.4347826086956
1678,8,0.07142857142857142,310.875
1679,4,0.0,321.75
1680,8,0.07142857142857142,265.75
1681,0,0.0,0.0
1682,6,0.26666666666666666,424.1666666666667
1683,4,0.16666666666666666,624.75
1684,16,0.03333333333333333,335.6875
1685,217,0.07441542925413894,376.4147465437788
1686,6,0.0,293.8333333333333
1687,0,0.0,0.0
1688,18,0.0915032679738562,412.55555555555554
1689,4,0.0,485.75
1690,28,0.042328042328042326,281.42857142857144
1691,24,0.05434782608695652,351.75
1692,23,0.11067193675889328,412.7391304347826
1693,62,0.10523532522474881,447.6774193548387
1694,31,0.09462365591397849,404.2903225806452
1695,108,0.07026652821045344,356.14814814814815
1696,296,0.08018781493357764,401.1993243243243
1697,14,0.13186813186813187,435.2857142857143
1698,11,0.10909090909090909,433.09090909090907
1699,0,0.0,0.0
1700,10,0.022222222222222223,240.2
1701,352,0.0808890183890184,392.5369318181818
1702,4,0.0,152.0
1703,6,0.06666666666666667,475.3333333333333
1704,2,0.0,209.0
1705,9,0.1388888888888889,489.3333333333333
1706,9,0.16666666666666666,457.6666666666667
1707,13,0.02564102564102564,340.15384615384613
1708,0,0.0,0.0
1709,0,0.0,0.0
1710,2,0.0,666.5
1711,2,0.0,229.5
1712,130,0.07262969588550984,380.4153846153846
1713,0,0.0,0.0
1714,22,0.047619047619047616,288.8181818181818
1715,10,0.022222222222222223,164.9
1716,1,0.0,199.0
1717,1,0.0,1269.0
1718,677,0.08196184000069923,397.6189069423929
1719,81,0.06759259259259259,365.04938271604937
1720,18,0.0392156862745098,415.05555555555554
1721,907,0.07391614399653419,374.6527012127894
1722,0,0.0,0.0
1723,19,0.07602339181286549,401.8421052631579
1724,19,0.1111111111111111,425.6842105263158
1725,152,0.07894736842105263,394.9013157894737
1726,2,0.0,466.0
1727,3,0.0,213.66666666666666
1728,299,0.08392628672757065,407.67224080267556
1729,6,0.0,198.66666666666666
1730,0,0.0,0.0
1731,34,0.08912655971479501,446.79411764705884
1732,0,0.0,0.0
1733,279,0.09623269126634176,428.80645161290323
1734,127,0.08198975128108986,405.9448818897638
1735,361,0.08456448137888581,407.4958448753463
1736,8,0.10714285714285714,411.0
1737,3,0.6666666666666666,774.0
1738,0,0.0,0.0
1739,33,0.05113636363636364,331.57575757575756
1740,8,0.03571428571428571,219.125
1741,0,0.0,0.0
1742,10,0.13333333333333333,493.0
1743,44,0.09936575052854123,426.59090909090907
1744,0,0.0,0.0
1745,0,0.0,0.0
1746,0,0.0,0.0
1747,388,0.08601720876954634,404.3943298969072
1748,6,0.06666666666666667,461.6666666666667
1749,27,0.08831908831908832,401.3703703703704
1750,2,0.0,762.5
1751,11,0.05454545454545454,430.27272727272725
1752,2,0.0,300.0
1753,173,0.10061836268315634,441.3815028901734
1754,0,0.0,0.0
1755,30,0.08275862068965517,341.6
1756,89,0.09039836567926456,406.08988764044943
1757,5,0.0,144.4
1758,35,0.08067226890756303,392.7142857142857
1759,57,0.07706766917293233,377.7894736842105
1760,7,0.09523809523809523,743.4285714285714
1761,21,0.0380952380952381,311.76190476190476
1762,59,0.08123904149620105,385.22033898305085
1763,5,0.2,439.8
1764,0,0.0,0.0
1765,27,0.10826210826210826,491.0740740740741
1766,22,0.021645021645021644,238.9090909090909
1767,14,0.02197802197802198,274.7142857142857
1768,8,0.2857142857142857,673.25
1769,2,0.0,531.0
1770,32,0.07661290322580645,336.65625
1771,89,0.07252298263534218,362.3258426966292
1772,7,0.19047619047619047,305.85714285714283
1773,12,0.0,277.1666666666667
1774,0,0.0,0.0
1775,66,0.053613053613053616,313.4848484848485
1776,21,0.08095238095238096,412.04761904761904
1777,21,0.06666666666666667,350.57142857142856
1778,2,0.0,398.0
1779,2,0.0,751.5
1780,1,0.0,57.0
1781,4,0.3333333333333333,483.75
1782,6,0.0,392.0
1783,22,0.05627705627705628,347.6818181818182
1784,272,0.07914586498806164,388.0
1785,31,0.043010752688172046,308.19354838709677
1786,232,0.07366771159874608,376.6551724137931
1787,11,0.07272727272727272,497.90909090909093
1788,405,0.08689646742452023,406.7283950617284
1789,2,0.0,706.0
1790,385,0.09287067099567099,421.64935064935065
1791,20,0.09473684210526316,455.15
1792,7,0.0,294.57142857142856
1793,5,0.0,462.8
1794,17,0.08088235294117647,438.2352941176471
1795,16,0.025,298.875
1796,7,0.0,219.0
1797,16,0.016666666666666666,189.75
1798,189,0.0790273556231003,389.9100529100529
1799,15,0.047619047619047616,371.3333333333333
1800,106,0.09991015274034142,434.95283018867923
1801,187,0.07630383531711805,384.7807486631016
1802,8,0.03571428571428571,525.625
1803,354,0.08735455578495863,412.08474576271186
1804,2,0.0,390.0
1805,10,0.17777777777777778,391.5
1806,7,0.0,479.85714285714283
1807,0,0.0,0.0
1808,636,0.08555440003961769,404.15408805031444
1809,1,0.0,137.0
1810,462,0.0733864833647914,376.95238095238096
1811,7,0.0,137.85714285714286
1812,76,0.0775438596491228,365.10526315789474
1813,14,0.07692307692307693,480.35714285714283
1814,8,0.07142857142857142,525.125
1815,18,0.09803921568627451,392.6111111111111
1816,10,0.0,269.1
1817,0,0.0,0.0
1818,33,0.02462121212121212,259.06060606060606
1819,323,0.08841797588600658,409.08978328173373
1820,779,0.07794582072461233,386.81258023106545
1821,690,0.08431459161565806,401.7550724637681
1822,0,0.0,0.0
1823,9,0.08333333333333333,393.22222222222223
1824,5,0.0,543.4
1825,22,0.06060606060606061,315.5
1826,163,0.12201772324471712,490.680981595092
1827,8,0.07142857142857142,366.25
1828,3,0.3333333333333333,734.3333333333334
1829,0,0.0,0.0
1830,153,0.08797729618163054,401.37254901960785
1831,139,0.07235950370138672,365.2014388489209
1832,0,0.0,0.0
1833,0,0.0,0.0
1834,911,0.07792185860242941,385.1097694840834
1835,70,0.0670807453416149,374.3857142857143
1836,273,0.08406054729584142,404.97069597069594
1837,24,0.06159420289855073,371.0833333333333
1838,43,0.08748615725359911,391.06976744186045
1839,209,0.08294994479205006,403.11483253588517
1840,7,0.047619047619047616,226.42857142857142
1841,11,0.10909090909090909,529.9090909090909
1842,16,0.1,499.1875
1843,115,0.06803966437833715,349.25217391304346
1844,60,0.06384180790960452,336.51666666666665
1845,3,0.0,360.6666666666667
1846,0,0.0,0.0
1847,2,0.0,419.0
1848,2,0.0,61.5
1849,21,0.047619047619047616,294.9047619047619
1850,90,0.1111111111111111,447.23333333333335
1851,937,0.07712831458829324,383.4578441835646
1852,0,0.0,0.0
1853,37,0.0960960960960961,402.1081081081081
1854,48,0.09042553191489362,449.7291666666667
1855,0,0.0,0.0
1856,0,0.0,0.0
1857,37,0.07357357357357357,397.05405405405406
1858,30,0.10114942528735632,474.56666666666666
1859,276,0.0910144927536232,417.15579710144925
1860,10,0.044444444444444446,300.6
1861,17,0.07352941176470588,340.3529411764706
1862,11,0.03636363636363636,321.54545454545456
1863,20,0.08947368421052632,389.8
1864,6,0.0,137.0
1865,286,0.0784688995215311,385.7097902097902
1866,0,0.0,0.0
1867,175,0.09307060755336617,411.1714285714286
1868,1,0.0,48.0
1869,11,0.03636363636363636,254.36363636363637
1870,0,0.0,0.0
1871,0,0.0,0.0
1872,13,0.1282051282051282,497.7692307692308
1873,0,0.0,0.0
1874,8,0.0,271.625
1875,264,0.08889272957714023,414.1212121212121
1876,130,0.07477638640429338,371.88461538461536
1877,118,0.06489931913660728,359.91525423728814
1878,0,0.0,0.0
1879,52,0.04147812971342383,272.5769230769231
1880,2,0.0,207.5
1881,624,0.0856484339630407,405.3060897435897
1882,4,0.0,28.75
1883,6,0.0,201.33333333333334
1884,1,0.0,656.0
1885,146,0.08993859234766179,425.35616438356163
1886,199,0.09725394650017766,436.09547738693465
1887,272,0.07306815715215975,378.55514705882354
1888,368,0.07045966117758559,367.4347826086956
1889,356,0.09028327266972622,412.2584269662921
1890,6,0.06666666666666667,489.3333333333333
1891,5,0.0,268.6
1892,16,0.041666666666666664,327.3125
1893,21,0.1,478.57142857142856
1894,82,0.10538994278831677,465.3292682926829
1895,154,0.09337068160597572,418.2142857142857
1896,56,0.09740259740259741,425.7142857142857
1897,2,0.0,280.0
1898,292,0.08678152803276373,406.1849315068493
1899,70,0.09813664596273292,440.37142857142857
1900,26,0.06461538461538462,359.15384615384613
1901,0,0.0,0.0
1902,39,0.10661268556005399,457.84615384615387
1903,17,0.13970588235294118,491.8235294117647
1904,26,0.07692307692307693,415.3076923076923
1905,36,0.0746031746031746,356.25
1906,31,0.053763440860215055,319.51612903225805
1907,830,0.07565799991279958,381.83012048192774
1908,148,0.08944658944658945,410.3581081081081
1909,7,0.047619047619047616,180.57142857142858
1910,4,0.0,642.75
1911,11,0.0,270.45454545454544
1912,41,0.046341463414634146,352.4878048780488
1913,48,0.08156028368794327,417.4791666666667
1914,61,0.07923497267759563,404.59016393442624
1915,41,0.13414634146341464,499.219512195122
1916,25,0.06,350.16
1917,70,0.0670807453416149,349.1142857142857
1918,7,0.0,193.14285714285714
1919,0,0.0,0.0
1920,134,0.07608573672988442,397.3059701492537
1921,0,0.0,0.0
1922,31,0.07526881720430108,390.1290322580645
1923,23,0.05138339920948617,333.4347826086956
1924,79,0.06361570918532944,354.5822784810127
1925,0,0.0,0.0
1926,7,0.047619047619047616,332.42857142857144
1927,5,0.1,351.2
1928,32,0.10483870967741936,445.125
1929,67,0.10312075983717775,434.64179104477614
1930,1,0.0,1088.0
1931,5,0.0,285.4
1932,51,0.06196078431372549,377.0980392156863
1933,90,0.06142322097378277,359.1
1934,4,0.5,603.75
1935,834,0.07611677764631032,381.2757793764988
1936,5,0.1,341.4
1937,14,0.08791208791208792,474.35714285714283
1938,50,0.08,400.6
1939,32,0.0846774193548387,382.78125
1940,4,0.16666666666666666,581.5
1941,7,0.047619047619047616,420.85714285714283
1942,11,0.09090909090909091,465.72727272727275
1943,134,0.06564919762091796,361.96268656716416
1944,81,0.08611111111111111,409.5432098765432
1945,229,0.07423580786026202,378.6375545851528
1946,914,0.07815866609465513,386.02516411378554
1947,79,0.0902304446608244,398.44303797468353
1948,8,0.21428571428571427,432.875
1949,41,0.0475609756097561,320.9268292682927
1950,492,0.06988392694517577,362.6077235772358
1951,13,0.08974358974358974,398.53846153846155
1952,906,0.0715744026929128,368.242825607064
1953,86,0.05636114911080711,341.1046511627907
1954,0,0.0,0.0
1955,0,0.0,0.0
1956,44,0.05813953488372093,362.3181818181818
1957,110,0.07723102585487907,400.0181818181818
1958,9,0.0,223.33333333333334
1959,0,0.0,0.0
1960,292,0.07331826954761568,369.73972602739724
1961,0,0.0,0.0
1962,8,0.17857142857142858,377.625
1963,87,0.09195402298850575,417.264367816092
1964,29,0.07881773399014778,419.7241379310345
1965,0,0.0,0.0
1966,3,0.0,302.6666666666667
1967,17,0.11029411764705882,436.1764705882353
1968,5,0.1,348.4
1969,9,0.1111111111111111,369.44444444444446
1970,5,0.2,478.6
1971,192,0.08824171029668412,413.0885416666667
1972,22,0.03896103896103896,267.8181818181818
1973,20,0.02631578947368421,280.1
1974,13,0.01282051282051282,231.84615384615384
1975,25,0.06666666666666667,300.68
1976,25,0.05333333333333334,322.32
1977,29,0.05172413793103448,339.13793103448273
1978,116,0.06656671664167917,356.38793103448273
1979,66,0.04941724941724942,331.59090909090907
1980,561,0.07247262541380188,373.0409982174688
1981,0,0.0,0.0
1982,23,0.06719367588932806,377.60869565217394
1983,0,0.0,0.0
1984,3,0.0,593.6666666666666
1985,16,0.008333333333333333,230.6875
1986,15,0.05714285714285714,328.8
1987,12,0.06060606060606061,282.75
1988,79,0.07367737747484583,354.3544303797468
1989,1,0.0,173.0
1990,1,0.0,339.0
1991,10,0.1111111111111111,374.8
1992,19,0.023391812865497075,241.73684210526315
1993,115,0.06422578184591915,359.1391304347826
1994,7,0.19047619047619047,606.1428571428571
1995,25,0.03,297.88
1996,0,0.0,0.0
1997,24,0.057971014492753624,307.2916666666667
1998,25,0.08333333333333333,469.16
1999,73,0.08599695585996955,410.6986301369863
2000,5,0.0,165.4
2001,0,0.0,0.0
2002,41,0.07195121951219512,377.0731707317073
2003,0,0.0,0.0
2004,1,0.0,831.0
2005,179,0.10771451886259494,457.22346368715085
2006,177,0.06400873138161274,358.8757062146893
2007,5,0.0,653.0
2008,3,0.0,409.6666666666667
2009,0,0.0,0.0
2010,468,0.07932978275590695,390.2264957264957
2011,31,0.06451612903225806,362.2903225806452
2012,111,0.052907452907452905,327.1261261261261
2013,53,0.11320754716981132,456.188679245283
2014,1156,0.06616935544271184,355.46539792387546
2015,43,0.058693244739756366,330.51162790697674
2016,5,0.0,310.6
2017,6,0.2,406.3333333333333
2018,5,0.1,363.0
2019,41,0.10609756097560975,463.9756097560976
2020,86,0.06757865937072503,333.1046511627907
2021,2,0.0,182.5
2022,17,0.07352941176470588,432.05882352941177
2023,4,0.3333333333333333,456.0
2024,0,0.0,0.0
2025,0,0.0,0.0
2026,72,0.0903755868544601,431.5833333333333
2027,35,0.09411764705882353,418.2
2028,54,0.07756813417190776,371.01851851851853
2029,210,0.0761449077238551,386.9904761904762
2030,150,0.0680089485458613,364.3333333333333
2031,0,0.0,0.0
2032,57,0.09022556390977443,406.5263157894737
2033,97,0.07710481099656358,387.44329896907215
2034,0,0.0,0.0
2035,1,0.0,87.0
2036,281,0.08118962887646161,393.34875444839855
2037,1,0.0,390.0
2038,38,0.05832147937411095,343.5
2039,22,0.03463203463203463,290.95454545454544
2040,2,0.0,157.5
2041,72,0.06533646322378717,358.7361111111111
2042,28,0.13227513227513227,470.42857142857144
2043,6,0.06666666666666667,742.6666666666666
2044,22,0.07792207792207792,413.40909090909093
2045,4,0.0,308.0
2046,4,0.16666666666666666,380.25
2047,7,0.09523809523809523,231.42857142857142
2048,1,0.0,130.0
2049,12,0.030303030303030304,316.6666666666667
2050,31,0.05591397849462366,306.4193548387097
2051,145,0.07854406130268199,380.9655172413793
2052,86,0.0694938440492476,396.7093023255814
2053,156,0.09652605459057072,442.0
2054,150,0.08545861297539149,410.17333333333335
2055,117,0.08355437665782493,402.0683760683761
2056,3,0.0,239.33333333333334
2057,6,0.0,498.0
2058,313,0.08208405013516834,400.6325878594249
2059,1,0.0,650.0
2060,110,0.06455379482902418,351.0272727272727
2061,71,0.0635814889336016,364.40845070422534
2062,0,0.0,0.0
2063,7,0.0,206.85714285714286
2064,8,0.10714285714285714,605.125
2065,2,0.0,223.0
2066,16,0.09166666666666666,506.9375
2067,1,0.0,307.0
2068,109,0.09327217125382263,430.4403669724771
2069,717,0.0834638429832558,400.18410041841
2070,25,0.043333333333333335,394.72
2071,89,0.0745658835546476,385.4719101123595
2072,0,0.0,0.0
2073,0,0.0,0.0
2074,15,0.08571428571428572,485.6666666666667
2075,132,0.08165625722877631,403.4848484848485
2076,6,0.13333333333333333,452.0
2077,0,0.0,0.0
2078,10,0.022222222222222223,333.2
2079,2,0.0,367.5
2080,10,0.044444444444444446,447.8
2081,34,0.04634581105169341,303.97058823529414
2082,7,0.09523809523809523,418.85714285714283
2083,15,0.08571428571428572,407.6666666666667
2084,29,0.0665024630541872,336.48275862068965
2085,83,0.0922715251248898,420.32530120481925
2086,12,0.12121212121212122,370.0
2087,17,0.029411764705882353,333.47058823529414
2088,15,0.0761904761904762,450.0
2089,3,0.0,197.66666666666666
2090,23,0.07509881422924901,329.69565217391306
2091,37,0.052552552552552555,355.2432432432432
2092,21,0.08095238095238096,355.3809523809524
2093,765,0.07985490880470862,390.7542483660131
2094,153,0.09631922944616443,431.81045751633985
2095,57,0.07080200501253132,370.43859649122805
2096,22,0.15151515151515152,533.4545454545455
2097,29,0.10344827586206896,468.62068965517244
2098,95,0.08936170212765958,422.0
2099,0,0.0,0.0
2100,0,0.0,0.0
2101,215,0.09793523147141926,434.45116279069765
2102,26,0.08307692307692308,424.3076923076923
2103,30,0.07126436781609195,334.06666666666666
2104,70,0.060041407867494824,325.2
2105,1,0.0,762.0
2106,34,0.053475935828877004,334.0882352941176
2107,49,0.1054421768707483,447.85714285714283
2108,1,0.0,553.0
2109,8,0.10714285714285714,579.375
2110,15,0.05714285714285714,328.4
2111,0,0.0,0.0
2112,96,0.09144736842105264,414.7604166666667
2113,12,0.06060606060606061,421.1666666666667
2114,79,0.06848425835767608,381.2025316455696
2115,197,0.07505438723712836,385.4213197969543
2116,44,0.06342494714587738,378.47727272727275
2117,24,0.09420289855072464,445.6666666666667
2118,2,0.0,200.0
2119,2,0.0,66.0
2120,23,0.05928853754940711,316.2608695652174
2121,1,0.0,205.0
2122,9,0.1111111111111111,538.2222222222222
2123,19,0.04093567251461988,314.89473684210526
2124,9,0.2222222222222222,589.4444444444445
2125,0,0.0,0.0
2126,7,0.14285714285714285,293.57142857142856
2127,64,0.08928571428571429,429.5625
2128,0,0.0,0.0
2129,13,0.15384615384615385,474.84615384615387
2130,28,0.08465608465608465,381.10714285714283
2131,0,0.0,0.0
2132,18,0.0392156862745098,400.22222222222223
2133,969,0.07477249272914907,378.63570691434467
2134,0,0.0,0.0
2135,53,0.08127721335268505,393.0188679245283
2136,50,0.07020408163265306,359.66
2137,6,0.0,502.6666666666667
2138,18,0.1437908496732026,527.9444444444445
2139,247,0.07702182284980745,388.80161943319837
2140,19,0.08771929824561403,389.05263157894734
2141,88,0.08124346917450366,396.0
2142,243,0.07771315852123933,385.30041152263374
2143,3,0.0,216.66666666666666
2144,168,0.07634730538922156,381.63690476190476
2145,229,0.08994100972956408,420.1484716157205
2146,60,0.05593220338983051,345.31666666666666
2147,7,0.047619047619047616,266.2857142857143
2148,43,0.10077519379844961,444.1162790697674
2149,38,0.09672830725462304,426.92105263157896
2150,1,0.0,977.0
2151,1,0.0,219.0
2152,194,0.07857486245392874,394.3917525773196
2153,3,0.0,267.6666666666667
2154,2,0.0,111.5
2155,53,0.07547169811320754,387.0
2156,77,0.09295967190704033,440.2987012987013
2157,2,0.0,752.0
2158,27,0.05413105413105413,280.8888888888889
2159,19,0.017543859649122806,224.31578947368422
2160,0,0.0,0.0
2161,57,0.09899749373433583,398.4736842105263
2162,71,0.05835010060362173,341.1267605633803
2163,8,0.07142857142857142,369.25
2164,51,0.06588235294117648,391.7450980392157
2165,157,0.06957373836354729,362.92356687898086
2166,0,0.0,0.0
2167,65,0.07403846153846154,391.73846153846154
2168,558,0.08784257704162725,413.89784946236557
2169,133,0.06550467076782866,341.5563909774436
2170,351,0.08151404151404151,393.4871794871795
2171,2,0.0,588.0
2172,7,0.14285714285714285,355.85714285714283
2173,339,0.06175490042065944,343.3480825958702
2174,0,0.0,0.0
2175,42,0.09872241579558652,413.5238095238095
2176,0,0.0,0.0
2177,8,0.0,213.875
2178,100,0.09434343434343434,426.72
2179,22,0.05627705627705628,336.8636363636364
2180,619,0.07090463269392643,367.7964458804523
2181,30,0.11724137931034483,474.06666666666666
2182,0,0.0,0.0
2183,786,0.07414790684105606,377.35496183206106
2184,6,0.0,239.66666666666666
2185,678,0.07262214437284044,375.93510324483776
2186,1,0.0,90.0
2187,532,0.08403069821446271,404.46992481203006
2188,5,0.2,569.2
2189,40,0.08333333333333333,356.15
2190,1,0.0,115.0
2191,11,0.07272727272727272,504.72727272727275
2192,48,0.05851063829787234,353.9583333333333
2193,90,0.08014981273408239,401.1666666666667
2194,37,0.07057057057057058,387.97297297297297
2195,11,0.10909090909090909,484.0
2196,0,0.0,0.0
2197,105,0.0880952380952381,429.48571428571427
2198,25,0.04666666666666667,349.56
2199,3,0.0,275.6666666666667
2200,0,0.0,0.0
2201,3,0.0,367.3333333333333
2202,110,0.0994161801501251,437.05454545454546
2203,73,0.06278538812785388,335.06849315068496
2204,102,0.1046398757522811,466.97058823529414
2205,2,1.0,699.0
2206,26,0.04923076923076923,350.1923076923077
2207,4,0.16666666666666666,364.5
2208,46,0.07632850241545894,366.60869565217394
2209,8,0.14285714285714285,564.25
2210,27,0.08831908831908832,452.9259259259259
2211,7,0.0,142.71428571428572
2212,39,0.04723346828609987,317.64102564102564
2213,32,0.034274193548387094,246.75
2214,74,0.11032950758978156,473.68918918918916
2215,1,0.0,118.0
2216,36,0.05873015873015873,345.9166666666667
2217,9,0.05555555555555555,432.55555555555554
2218,60,0.08248587570621468,409.56666666666666
2219,11,0.12727272727272726,473.54545454545456
2220,10,0.06666666666666667,347.1
2221,15,0.10476190476190476,441.8666666666667
2222,89,0.0921859039836568,423.9438202247191
2223,5,0.0,294.2
2224,13,0.05128205128205128,322.61538461538464
2225,8,0.17857142857142858,332.625
2226,26,0.07384615384615385,450.84615384615387
2227,12,0.045454545454545456,292.8333333333333
2228,594,0.08091028327116016,393.2087542087542
2229,59,0.06428988895382817,337.728813559322
2230,18,0.08496732026143791,353.8333333333333
2231,0,0.0,0.0
2232,5,0.1,349.8
2233,1,0.0,304.0
2234,148,0.08071336642765214,396.10135135135135
2235,1,0.0,40.0
2236,92,0.06736741519350214,370.0
2237,60,0.08135593220338982,351.03333333333336
2238,7,0.0,367.42857142857144
2239,16,0.058333333333333334,311.3125
2240,31,0.08172043010752689,439.741935483871
2241,306,0.0667738133504768,360.1666666666667
2242,56,0.06818181818181818,390.9107142857143
2243,3,0.0,241.33333333333334
2244,327,0.08727791223429204,413.5596330275229
2245,0,0.0,0.0
2246,8,0.03571428571428571,338.625
2247,4,0.0,84.0
2248,23,0.011857707509881422,280.7391304347826
2249,0,0.0,0.0
2250,0,0.0,0.0
2251,11,0.12727272727272726,485.6363636363636
2252,53,0.0660377358490566,363.0377358490566
2253,9,0.027777777777777776,334.55555555555554
2254,11,0.05454545454545454,333.90909090909093
2255,236,0.09015506671474936,430.364406779661
2256,37,0.07357357357357357,369.4594594594595
2257,23,0.043478260869565216,364.5652173913044
2258,1,0.0,285.0
2259,242,0.06707588902986866,363.72727272727275
2260,2,0.0,238.5
2261,7,0.0,280.2857142857143
2262,3,0.0,241.33333333333334
2263,1,0.0,252.0
2264,3,0.3333333333333333,818.3333333333334
2265,5,0.0,291.2
2266,81,0.05339506172839506,320.14814814814815
2267,475,0.07869420386409061,394.29894736842107
2268,209,0.08971291866028708,414.14354066985646
2269,109,0.05844376486578321,350.89908256880733
2270,124,0.05769735116706006,330.1532258064516
2271,0,0.0,0.0
2272,24,0.05434782608695652,403.375
2273,4,0.0,232.5
2274,137,0.09167024474023186,424.13138686131384
2275,147,0.09123101295312645,402.00680272108843
2276,14,0.03296703296703297,249.85714285714286
2277,19,0.12280701754385964,454.3157894736842
2278,3,0.0,299.6666666666667
2279,1,0.0,201.0
2280,43,0.0664451827242525,335.04651162790697
2281,190,0.07864104706209969,389.39473684210526
2282,11,0.10909090909090909,522.9090909090909
2283,1,0.0,345.0
2284,14,0.054945054945054944,357.07142857142856
2285,1,0.0,85.0
2286,3,0.0,400.6666666666667
2287,7,0.047619047619047616,442.7142857142857
2288,69,0.10656436487638533,463.81159420289856
2289,2,0.0,580.0
2290,1,0.0,16.0
2291,631,0.08874801901743265,414.21553090332804
2292,37,0.1066066066066066,444.56756756756755
2293,58,0.07924984875983061,368.62068965517244
2294,2,0.0,631.5
2295,31,0.07311827956989247,396.19354838709677
2296,893,0.07635872430814657,380.19036954087346
2297,1,0.0,383.0
2298,0,0.0,0.0
2299,4,0.16666666666666666,272.5
2300,3,0.0,413.0
2301,78,0.07925407925407925,367.52564102564105
2302,20,0.08421052631578947,398.5
2303,1,0.0,1270.0
2304,4,0.0,155.0
2305,4,0.0,522.75
2306,13,0.038461538461538464,302.0769230769231
2307,221,0.09436445907034142,426.86425339366514
2308,541,0.08218662285205723,397.68946395563773
2309,171,0.07382180942552459,378.5029239766082
2310,14,0.03296703296703297,264.07142857142856
2311,131,0.0912507339988256,426.17557251908397
2312,5,0.1,395.8
2313,58,0.05021173623714459,339.82758620689657
2314,4,0.0,254.0
2315,3,0.0,345.0
2316,6,0.3333333333333333,638.1666666666666
2317,59,0.10637054354178843,472.8305084745763
2318,7,0.09523809523809523,495.57142857142856
2319,580,0.08217497468882139,398.30689655172415
2320,31,0.12903225806451613,446.16129032258067
2321,0,0.0,0.0
2322,6,0.06666666666666667,172.83333333333334
2323,36,0.07301587301587302,387.9166666666667
2324,124,0.06569630212431156,367.6209677419355
2325,525,0.09179934569247547,419.3885714285714
2326,248,0.09896173436071569,434.26612903225805
2327,88,0.06687565308254964,358.21590909090907
2328,24,0.07246376811594203,342.3333333333333
2329,2,0.0,590.0
2330,16,0.06666666666666667,413.1875
2331,13,0.038461538461538464,315.38461538461536
2332,9,0.08333333333333333,338.55555555555554
2333,0,0.0,0.0
2334,33,0.11174242424242424,473.42424242424244
2335,16,0.09166666666666666,443.5
2336,611,0.08344825735826782,401.77250409165305
2337,34,0.0659536541889483,378.55882352941177
2338,5,0.0,93.0
2339,14,0.12087912087912088,496.7142857142857
2340,7,0.047619047619047616,439.42857142857144
2341,0,0.0,0.0
2342,54,0.10971348707197764,479.22222222222223
2343,13,0.01282051282051282,314.2307692307692
2344,18,0.10457516339869281,529.5
2345,5,0.0,346.6
2346,0,0.0,0.0
2347,4,0.0,124.0
2348,30,0.06436781609195402,368.8666666666667
2349,10,0.0,362.6
2350,72,0.08685446009389672,411.72222222222223
2351,41,0.07560975609756097,398.3170731707317
2352,15,0.13333333333333333,634.2666666666667
2353,681,0.07422043707350781,378.582966226138
2354,4,0.0,196.75
2355,29,0.04926108374384237,360.0344827586207
2356,19,0.06432748538011696,298.10526315789474
2357,27,0.09686609686609686,450.74074074074076
2358,0,0.0,0.0
2359,36,0.05714285714285714,318.3333333333333
2360,47,0.060129509713228495,322.63829787234044
2361,24,0.050724637681159424,362.0833333333333
2362,59,0.05669199298655757,295.864406779661
2363,15,0.06666666666666667,475.26666666666665
2364,2,0.0,148.0
2365,9,0.1388888888888889,529.4444444444445
2366,45,0.08585858585858586,431.24444444444447
2367,179,0.08894607996987007,413.5139664804469
2368,0,0.0,0.0
2369,0,0.0,0.0
2370,2,0.0,191.0
2371,15,0.06666666666666667,379.8666666666667
2372,1,0.0,1.0
2373,0,0.0,0.0
2374,10,0.08888888888888889,441.4
2375,10,0.044444444444444446,301.4
2376,6,0.0,217.66666666666666
2377,24,0.03985507246376811,299.6666666666667
2378,26,0.14153846153846153,467.34615384615387
2379,10,0.022222222222222223,163.8
2380,2,0.0,429.5
2381,33,0.06628787878787878,334.0
2382,7,0.09523809523809523,453.42857142857144
2383,143,0.07899143110410715,389.0769230769231
2384,18,0.0915032679738562,424.22222222222223
2385,60,0.11412429378531073,455.0
2386,5,0.1,353.6
2387,29,0.046798029556650245,271.7586206896552
2388,8,0.10714285714285714,380.75
2389,106,0.06325247079964061,351.33962264150944
2390,0,0.0,0.0
2391,0,0.0,0.0
2392,74,0.08293224731580896,401.8783783783784
2393,73,0.0989345509893455,434.52054794520546
2394,0,0.0,0.0
2395,116,0.09760119940029985,420.25
2396,308,0.07540505097508354,382.3668831168831
2397,142,0.07521726101288582,387.7887323943662
2398,6,0.0,412.5
2399,27,0.08262108262108261,425.6666666666667
2400,5,0.0,324.8
2401,82,0.06925624811803674,383.7926829268293
2402,172,0.07065143478852169,365.2848837209302
2403,14,0.054945054945054944,275.57142857142856
2404,22,0.06493506493506493,469.0
2405,148,0.08503401360544217,411.18918918918916
2406,117,0.0847332743884468,401.54700854700855
2407,104,0.05862584017923824,358.3557692307692
2408,39,0.11201079622132254,452.97435897435895
2409,0,0.0,0.0
2410,52,0.06184012066365008,351.88461538461536
2411,17,0.07352941176470588,372.11764705882354
2412,3,0.0,320.0
2413,0,0.0,0.0
2414,5,0.1,479.2
2415,3,0.0,587.0
2416,0,0.0,0.0
2417,2,0.0,150.5
2418,1,0.0,530.0
2419,0,0.0,0.0
2420,43,0.09191583610188261,422.27906976744185
2421,12,0.030303030303030304,277.8333333333333
2422,0,0.0,0.0
2423,15,0.047619047619047616,336.2
2424,3,0.0,357.6666666666667
2425,71,0.08611670020120725,397.2112676056338
2426,115,0.0684973302822273,371.3652173913043
2427,20,0.11052631578947368,386.2
2428,149,0.09822238345728279,440.06040268456377
2429,24,0.08333333333333333,361.5
2430,6,0.06666666666666667,389.6666666666667
2431,8,0.07142857142857142,483.125
2432,15,0.009523809523809525,163.06666666666666
2433,4,0.16666666666666666,317.25
2434,47,0.04070305272895467,263.25531914893617
2435,30,0.0735632183908046,432.3333333333333
2436,40,0.052564102564102565,324.125
2437,67,0.03844414292175486,267.2835820895522
2438,64,0.06498015873015874,350.765625
2439,36,0.11587301587301588,458.25
2440,18,0.0457516339869281,419.1111111111111
2441,11,0.12727272727272726,343.54545454545456
2442,0,0.0,0.0
2443,13,0.10256410256410256,419.0769230769231
2444,3,0.3333333333333333,388.6666666666667
2445,268,0.09360500866454245,424.2985074626866
2446,9,0.027777777777777776,262.55555555555554
2447,285,0.08055349641709908,395.12280701754383
2448,65,0.06778846153846153,358.7230769230769
2449,0,0.0,0.0
2450,4,0.0,358.25
2451,3,0.0,67.33333333333333
2452,212,0.08374318161495127,399.8018867924528
2453,104,0.06273338312173264,346.2980769230769
2454,18,0.026143790849673203,276.8333333333333
2455,49,0.07312925170068027,401.61224489795916
2456,2,0.0,205.0
2457,386,0.08591615638247763,409.40932642487047
2458,47,0.043478260869565216,296.70212765957444
2459,6,0.0,60.0
2460,41,0.07682926829268293,393.7317073170732
2461,10,0.022222222222222223,249.1
2462,20,0.06842105263157895,357.35
2463,6,0.3333333333333333,622.1666666666666
2464,4,0.16666666666666666,568.5
2465,11,0.03636363636363636,243.54545454545453
2466,1,0.0,178.0
2467,4,0.16666666666666666,471.75
2468,0,0.0,0.0
2469,48,0.05230496453900709,303.125
2470,0,0.0,0.0
2471,66,0.08298368298368299,416.3181818181818
2472,0,0.0,0.0
2473,5,0.0,374.0
2474,3,0.0,61.0
2475,44,0.07399577167019028,394.1136363636364
2476,10,0.06666666666666667,430.0
2477,137,0.09274366680978961,423.2189781021898
2478,0,0.0,0.0
2479,10,0.08888888888888889,389.0
2480,0,0.0,0.0
2481,106,0.07097933513027853,357.9056603773585
2482,20,0.031578947368421054,299.35
2483,1,0.0,223.0
2484,2,0.0,303.0
2485,52,0.07918552036199095,389.7692307692308
2486,5,0.0,420.4
2487,9,0.05555555555555555,265.1111111111111
2488,41,0.07317073170731707,375.3414634146341
2489,400,0.07848370927318296,391.615
2490,16,0.016666666666666666,205.5625
2491,0,0.0,0.0
2492,83,0.06435498089920658,355.69879518072287
2493,515,0.08282271164670772,397.6640776699029
2494,0,0.0,0.0
2495,101,0.07326732673267326,373.0693069306931
2496,0,0.0,0.0
2497,85,0.07142857142857142,378.8235294117647
2498,3,0.0,130.66666666666666
2499,24,0.043478260869565216,328.875
2500,259,0.08551075992936458,409.73359073359075
2501,702,0.07785377828173834,388.24501424501426
2502,262,0.07519522681407388,385.80152671755724
2503,2,0.0,573.5
2504,60,0.06892655367231638,381.0833333333333
2505,43,0.07198228128460686,377.86046511627904
2506,0,0.0,0.0
2507,19,0.05263157894736842,367.7368421052632
2508,38,0.06401137980085349,343.7105263157895
2509,223,0.10540136549105159,453.41255605381167
2510,39,0.0728744939271255,388.15384615384613
2511,477,0.08238641368497085,398.0524109014675
2512,16,0.06666666666666667,398.9375
2513,97,0.06400343642611683,374.8453608247423
2514,1,0.0,337.0
2515,183,0.07301987629856482,386.25136612021856
2516,275,0.0746914399469144,381.2690909090909
2517,257,0.09648589494163425,429.9143968871595
2518,10,0.08888888888888889,457.2
2519,48,0.041666666666666664,284.3541666666667
2520,40,0.04871794871794872,344.4
2521,15,0.10476190476190476,494.8666666666667
2522,137,0.08211678832116788,402.0729927007299
2523,5,0.1,626.4
2524,0,0.0,0.0
2525,4,0.0,240.0
2526,0,0.0,0.0
2527,3,0.0,431.3333333333333
2528,1,0.0,1006.0
2529,28,0.10317460317460317,454.2142857142857
2530,1,0.0,221.0
2531,7,0.047619047619047616,353.57142857142856
2532,203,0.08247573525825488,394.128078817734
2533,7,0.19047619047619047,431.7142857142857
2534,42,0.07897793263646923,380.73809523809524
2535,16,0.058333333333333334,352.5625
2536,7,0.047619047619047616,243.42857142857142
2537,118,0.06200202810372302,341.04237288135596
2538,12,0.045454545454545456,263.25
2539,213,0.07170697138807688,368.6901408450704
2540,342,0.06703709420178011,362.7456140350877
2541,0,0.0,0.0
2542,4,0.0,362.0
2543,8,0.21428571428571427,618.25
2544,1,0.0,326.0
2545,15,0.0761904761904762,440.46666666666664
2546,3,0.0,313.6666666666667
2547,84,0.05823293172690763,346.42857142857144
2548,175,0.06988505747126436,357.6514285714286
2549,1,0.0,181.0
2550,18,0.2679738562091503,704.0
2551,34,0.040998217468805706,306.47058823529414
2552,1,0.0,91.0
2553,54,0.06708595387840671,366.64814814814815
2554,46,0.07536231884057971,381.3478260869565
2555,457,0.09204767937348843,418.55142231947485
2556,247,0.08584312563773411,401.2712550607287
2557,1,0.0,625.0
2558,2,0.0,346.5
2559,164,0.06269639383510399,349.780487804878
2560,20,0.05263157894736842,436.25
2561,120,0.07184873949579831,367.4166666666667
2562,77,0.09398496240601503,447.5194805194805
2563,0,0.0,0.0
2564,52,0.0889894419306184,399.6730769230769
2565,611,0.08298677255775268,396.2454991816694
2566,0,0.0,0.0
2567,2,0.0,473.0
2568,0,0.0,0.0
2569,233,0.08361698978836762,400.72103004291847
2570,92,0.1168179646440516,455.4782608695652
2571,107,0.08852054311408923,407.7383177570093
2572,406,0.09190537006628961,420.4458128078818
2573,207,0.07401153792036021,377.7342995169082
2574,47,0.07585568917668825,347.6170212765957
2575,2,0.0,309.5
2576,5,0.3,542.4
2577,42,0.047619047619047616,335.54761904761904
2578,0,0.0,0.0
2579,0,0.0,0.0
2580,1,0.0,318.0
2581,7,0.14285714285714285,605.0
2582,18,0.1568627450980392,604.4444444444445
2583,16,0.05,241.6875
2584,159,0.07754159700660776,385.9937106918239
2585,3,0.0,524.0
2586,37,0.09309309309309309,439.3243243243243
2587,407,0.08100846031880515,397.6216216216216
2588,1030,0.06854236840367214,361.7097087378641
2589,0,0.0,0.0
2590,7,0.0,136.71428571428572
2591,22,0.1341991341991342,508.3181818181818
2592,0,0.0,0.0
2593,30,0.08505747126436781,369.73333333333335
2594,0,0.0,0.0
2595,140,0.08890030832476875,417.54285714285714
2596,4,0.3333333333333333,390.0
2597,54,0.12858141160027953,504.05555555555554
2598,72,0.07433489827856025,384.7083333333333
2599,358,0.09243697478991597,425.39385474860336
2600,5,0.1,497.4
2601,118,0.06547877734318412,355.6864406779661
2602,4,0.16666666666666666,502.5
2603,12,0.045454545454545456,353.0833333333333
2604,9,0.1111111111111111,326.1111111111111
2605,0,0.0,0.0
2606,5,0.0,178.6
2607,0,0.0,0.0
2608,26,0.06461538461538462,336.4230769230769
2609,0,0.0,0.0
2610,2,0.0,266.0
2611,10,0.06666666666666667,399.3
2612,394,0.08064995285516849,394.61167512690355
2613,261,0.08037135278514589,391.27203065134097
2614,1,0.0,342.0
2615,30,0.07816091954022988,341.1333333333333
2616,7,0.047619047619047616,350.7142857142857
2617,0,0.0,0.0
2618,22,0.08225108225108226,376.6363636363636
2619,95,0.08174692049272117,399.13684210526316
2620,6,0.0,209.5
2621,34,0.035650623885918005,285.97058823529414
2622,2,0.0,570.0
2623,81,0.06265432098765432,349.7283950617284
2624,5,0.0,337.0
2625,428,0.09662063078640373,432.93224299065423
2626,3,0.0,487.0
2627,1,0.0,248.0
2628,3,0.0,496.0
2629,33,0.056818181818181816,281.06060606060606
2630,4,0.16666666666666666,196.75
2631,1006,0.07613226115941168,380.83399602385686
2632,16,0.06666666666666667,360.8125
2633,4,0.16666666666666666,589.25
2634,21,0.06190476190476191,345.85714285714283
2635,2,0.0,191.5
2636,60,0.11751412429378531,502.3
2637,31,0.047311827956989246,308.93548387096774
2638,23,0.043478260869565216,349.9130434782609
2639,201,0.08975124378109453,418.0049751243781
2640,44,0.040169133192389,292.40909090909093
2641,6,0.13333333333333333,407.8333333333333
2642,16,0.075,357.875
2643,3,0.0,15.0
2644,177,0.0968156137647663,432.2090395480226
2645,0,0.0,0.0
2646,126,0.06984126984126984,365.8809523809524
2647,188,0.10484696780065991,444.8776595744681
2648,2,0.0,401.0
2649,1,0.0,145.0
2650,121,0.06831955922865014,362.92561983471074
2651,338,0.07992555264867522,390.5207100591716
2652,33,0.041666666666666664,296.6666666666667
2653,9,0.1111111111111111,535.0
2654,15,0.10476190476190476,372.8
2655,0,0.0,0.0
2656,247,0.07346696948750864,378.8137651821862
2657,0,0.0,0.0
2658,13,0.0641025641025641,424.3076923076923
2659,88,0.10005224660397075,443.0568181818182
2660,1,0.0,1415.0
2661,2,0.0,266.5
2662,0,0.0,0.0
2663,0,0.0,0.0
2664,4,0.0,242.75
2665,4,0.16666666666666666,587.25
2666,0,0.0,0.0
2667,632,0.06584886356797529,353.4177215189873
2668,0,0.0,0.0
2669,0,0.0,0.0
2670,11,0.03636363636363636,209.27272727272728
2671,697,0.06590230709609328,356.81922525107603
2672,0,0.0,0.0
2673,2,0.0,744.0
2674,7,0.09523809523809523,484.85714285714283
2675,32,0.1028225806451613,376.0
2676,0,0.0,0.0
2677,5,0.1,442.2
2678,1,0.0,238.0
2679,9,0.05555555555555555,217.77777777777777
2680,1,0.0,47.0
2681,132,0.06881795049733981,362.3939393939394
2682,8,0.0,160.125
2683,1,0.0,150.0
2684,0,0.0,0.0
2685,5,0.1,445.6
2686,16,0.058333333333333334,416.125
2687,1,0.0,359.0
2688,16,0.016666666666666666,391.0
2689,92,0.0661729574773053,366.5869565217391
2690,87,0.07939053728949479,406.67816091954023
2691,2,0.0,484.5
2692,7,0.0,368.42857142857144
2693,7,0.19047619047619047,512.2857142857143
2694,40,0.06666666666666667,377.725
2695,8,0.10714285714285714,376.0
2696,4,0.3333333333333333,868.75
2697,1,0.0,464.0
2698,2,0.0,277.5
2699,461,0.0799585023106668,398.6616052060738
2700,99,0.07400535971964543,389.3333333333333
2701,24,0.06521739130434782,446.5833333333333
2702,30,0.16551724137931034,536.7333333333333
2703,43,0.05094130675526024,293.3488372093023
2704,25,0.06,459.88
2705,47,0.03700277520814061,305.531914893617
2706,629,0.07975960223993195,391.7154213036566
2707,32,0.07661290322580645,364.875
2708,1,0.0,54.0
2709,50,0.08979591836734693,403.96
2710,187,0.07170375481570927,378.97860962566847
2711,143,0.08046882694770019,386.74825174825173
2712,1,0.0,25.0
2713,2,0.0,117.5
2714,1,0.0,94.0
2715,368,0.08631974884492359,404.5326086956522
2716,46,0.06280193236714976,341.39130434782606
2717,4,0.0,132.75
2718,11,0.09090909090909091,471.09090909090907
2719,3,0.0,667.3333333333334
2720,38,0.09388335704125178,445.7368421052632
2721,39,0.11336032388663968,477.2307692307692
2722,3,0.0,472.3333333333333
2723,3,0.0,178.66666666666666
2724,17,0.0661764705882353,355.52941176470586
2725,15,0.12380952380952381,580.0
2726,20,0.14736842105263157,483.35
2727,3,0.0,296.0
2728,75,0.07891891891891892,383.56
2729,30,0.04597701149425287,313.2
2730,1,0.0,256.0
2731,5,0.0,411.4
2732,10,0.06666666666666667,415.3
2733,4,0.0,158.5
2734,9,0.0,221.0
2735,84,0.09896729776247848,436.6190476190476
2736,26,0.12307692307692308,446.34615384615387
2737,1,0.0,112.0
2738,5,0.0,326.2
2739,0,0.0,0.0
2740,2,0.0,702.5
2741,123,0.06317473010795682,347.2764227642276
2742,4,0.0,306.75
2743,109,0.07747196738022426,382.6788990825688
2744,4,0.0,43.75
2745,1143,0.0752957544054804,380.1303587051619
2746,1,0.0,717.0
2747,185,0.0672737955346651,369.43243243243245
2748,16,0.058333333333333334,314.6875
2749,140,0.06002055498458376,342.8142857142857
2750,39,0.07017543859649122,338.35897435897436
2751,2,0.0,417.0
2752,1,0.0,237.0
2753,232,0.07650395581430064,385.8318965517241
2754,0,0.0,0.0
2755,4,0.16666666666666666,428.0
2756,7,0.0,199.71428571428572
2757,1,0.0,850.0
2758,1,0.0,31.0
2759,12,0.10606060606060606,545.6666666666666
2760,11,0.05454545454545454,348.54545454545456
2761,0,0.0,0.0
2762,127,0.130108736407949,506.0236220472441
2763,6,0.06666666666666667,363.3333333333333
2764,7,0.0,252.28571428571428
2765,42,0.07549361207897794,370.35714285714283
2766,273,0.10038246067657833,443.72893772893775
2767,4,0.0,396.0
2768,10,0.08888888888888889,515.4
2769,0,0.0,0.0
2770,1,0.0,320.0
2771,654,0.07596555066945783,381.0229357798165
2772,2,0.0,156.5
2773,54,0.0440251572327044,309.962962962963
2774,1,0.0,111.0
2775,4,0.0,299.25
2776,673,0.0784644095379608,388.4903417533432
2777,58,0.12522686025408347,506.5344827586207
2778,82,0.08491418247515808,417.9878048780488
2779,110,0.10542118432026688,449.3
2780,6,0.0,372.5
2781,4,0.3333333333333333,561.0
2782,2,0.0,772.5
2783,223,0.07954591362663112,389.5112107623318
2784,3,0.3333333333333333,658.3333333333334
2785,393,0.09266760139170171,423.30788804071244
2786,0,0.0,0.0
2787,103,0.05025699600228441,305.81553398058253
2788,0,0.0,0.0
2789,0,0.0,0.0
2790,4,0.0,456.75
2791,20,0.021052631578947368,255.2
2792,0,0.0,0.0
2793,40,0.07692307692307693,381.975
2794,125,0.07470967741935484,390.256
2795,496,0.08200553926360378,396.6108870967742
2796,270,0.08038000826104916,395.3
2797,3,0.0,249.33333333333334
2798,23,0.06324110671936758,387.60869565217394
2799,117,0.09077512525788388,410.2307692307692
2800,68,0.08691834942932397,400.47058823529414
2801,133,0.08885850991114148,410.9398496240602
2802,0,0.0,0.0
2803,110,0.08457047539616347,413.8727272727273
2804,193,0.05872193436960276,336.9740932642487
2805,71,0.06277665995975855,343.88732394366195
2806,29,0.07389162561576355,359.62068965517244
2807,159,0.08367168219090837,392.35849056603774
2808,40,0.1076923076923077,432.15
2809,800,0.07541301627033792,380.38625
2810,8,0.0,334.5
2811,45,0.08787878787878788,398.7111111111111
2812,14,0.08791208791208792,348.85714285714283
2813,28,0.04497354497354497,313.5357142857143
2814,0,0.0,0.0
2815,99,0.08431251288394145,412.83838383838383
2816,3,0.3333333333333333,525.0
2817,13,0.08974358974358974,434.46153846153845
2818,109,0.0946313285762827,431.9633027522936
2819,11,0.07272727272727272,400.27272727272725
2820,0,0.0,0.0
2821,183,0.07422086110610701,378.0218579234973
2822,12,0.015151515151515152,318.5
2823,3,0.6666666666666666,534.3333333333334
2824,15,0.01904761904761905,356.8
2825,17,0.058823529411764705,373.0
2826,10,0.13333333333333333,567.9
2827,7,0.0,240.14285714285714
2828,22,0.06060606060606061,326.3181818181818
2829,0,0.0,0.0
2830,1,0.0,485.0
2831,153,0.0784313725490196,403.01307189542484
2832,121,0.07493112947658402,378.75206611570246
2833,1,0.0,1421.0
2834,26,0.06461538461538462,401.6923076923077
2835,4,0.0,423.5
2836,108,0.07009345794392523,368.6759259259259
2837,23,0.09090909090909091,404.17391304347825
2838,23,0.07905138339920949,350.60869565217394
2839,612,0.08304183648363873,401.8186274509804
2840,1,0.0,2.0
2841,46,0.05507246376811594,352.9782608695652
2842,246,0.1031690725070516,449.7886178861789
2843,6,0.0,346.6666666666667
2844,6,0.0,151.83333333333334
2845,28,0.047619047619047616,301.60714285714283
2846,131,0.04838520258367587,300.09923664122135
2847,22,0.05627705627705628,325.54545454545456
2848,113,0.08075221238938053,403.69026548672565
2849,4,0.0,596.5
2850,113,0.07395701643489254,374.37168141592923
2851,9,0.16666666666666666,412.1111111111111
2852,3,0.0,439.6666666666667
2853,25,0.1,406.08
2854,2,0.0,700.0
2855,2,1.0,202.0
2856,130,0.07441860465116279,373.4153846153846
2857,7,0.09523809523809523,369.7142857142857
2858,6,0.06666666666666667,379.6666666666667
2859,59,0.07422559906487435,392.1694915254237
2860,28,0.08994708994708994,396.32142857142856
2861,2,0.0,85.0
2862,18,0.06535947712418301,391.77777777777777
2863,9,0.05555555555555555,355.77777777777777
2864,111,0.07780507780507781,375.9099099099099
2865,9,0.05555555555555555,329.22222222222223
2866,1,0.0,330.0
2867,7,0.19047619047619047,594.2857142857143
2868,25,0.056666666666666664,386.24
2869,2,0.0,948.5
2870,14,0.03296703296703297,403.2857142857143
2871,366,0.09258178007335878,421.775956284153
2872,15,0.0761904761904762,455.53333333333336
2873,21,0.0761904761904762,365.7142857142857
2874,251,0.0833784860557769,393.53386454183266
2875,33,0.041666666666666664,308.72727272727275
2876,4,0.0,441.75
2877,124,0.06071334906897456,337.1774193548387
2878,0,0.0,0.0
2879,4,0.0,344.25
2880,1,0.0,418.0
2881,4,0.16666666666666666,357.5
2882,12,0.045454545454545456,419.4166666666667
2883,2,0.0,80.0
2884,40,0.07948717948717948,373.4
2885,1,0.0,31.0
2886,220,0.0838107098381071,400.65
2887,56,0.07727272727272727,399.25
2888,14,0.03296703296703297,328.7857142857143
2889,0,0.0,0.0
2890,181,0.1003683241252302,439.56353591160223
2891,180,0.08392302917442582,389.2111111111111
2892,52,0.07390648567119155,394.4807692307692
2893,4,0.16666666666666666,466.25
2894,1,0.0,13.0
2895,7,0.047619047619047616,428.57142857142856
2896,17,0.0661764705882353,336.70588235294116
2897,244,0.09923767118666936,437.8360655737705
2898,0,0.0,0.0
2899,83,0.08228034087569791,410.71084337349396
2900,73,0.08295281582952815,393.0
2901,7,0.09523809523809523,348.57142857142856
2902,46,0.13429951690821257,487.7608695652174
2903,4,0.0,251.25
2904,1,0.0,328.0
2905,10,0.06666666666666667,407.5
2906,13,0.08974358974358974,550.3846153846154
2907,84,0.06397016637980493,338.1309523809524
2908,41,0.07439024390243902,375.1463414634146
2909,49,0.06547619047619048,337.42857142857144
2910,7,0.047619047619047616,332.14285714285717
2911,281,0.06748856126080326,362.864768683274
2912,0,0.0,0.0
2913,6,0.0,417.8333333333333
2914,34,0.062388591800356503,368.61764705882354
2915,5,0.0,142.2
2916,12,0.015151515151515152,222.41666666666666
2917,173,0.07830353542142761,379.39884393063585
2918,114,0.06707033069399161,345.96491228070175
2919,6,0.06666666666666667,420.3333333333333
2920,531,0.07849198735031802,389.8380414312618
2921,0,0.0,0.0
2922,155,0.10364474235441977,443.03225806451616
2923,101,0.042772277227722776,294.3960396039604
2924,0,0.0,0.0
2925,20,0.07368421052631578,346.85
2926,20,0.08421052631578947,375.35
2927,0,0.0,0.0
2928,1,0.0,105.0
2929,61,0.060655737704918035,363.327868852459
2930,48,0.07535460992907801,391.4791666666667
2931,3,0.3333333333333333,588.0
2932,14,0.02197802197802198,297.7142857142857
2933,1,0.0,14.0
2934,29,0.11576354679802955,465.1034482758621
2935,48,0.06648936170212766,349.7083333333333
2936,133,0.056846662109820006,329.90225563909775
2937,21,0.10476190476190476,418.42857142857144
2938,5,0.0,295.0
2939,78,0.09723609723609723,438.94871794871796
2940,39,0.11470985155195682,444.0769230769231
2941,11,0.07272727272727272,428.1818181818182
2942,26,0.04,262.46153846153845
2943,3,0.0,279.0
2944,9,0.08333333333333333,461.6666666666667
2945,0,0.0,0.0
2946,0,0.0,0.0
2947,11,0.07272727272727272,413.8181818181818
2948,2,0.0,306.5
2949,2,0.0,144.0
2950,2,0.0,205.5
2951,129,0.08805717054263566,415.06976744186045
2952,142,0.08530616322045749,403.1056338028169
2953,33,0.04924242424242424,349.6060606060606
2954,7,0.047619047619047616,261.2857142857143
2955,3,0.3333333333333333,499.0
2956,54,0.0803633822501747,392.44444444444446
2957,1,0.0,244.0
2958,0,0.0,0.0
2959,38,0.08961593172119488,426.7368421052632
2960,850,0.07553523176054874,379.0435294117647
2961,58,0.08469449485783424,400.51724137931035
2962,133,0.05878332194121668,330.593984962406
2963,2,0.0,17.5
2964,629,0.07812927202211578,387.8267090620032
2965,477,0.07526910135123231,381.6163522012579
2966,111,0.06945126945126945,362.009009009009
2967,0,0.0,0.0
2968,28,0.10846560846560846,462.0357142857143
2969,179,0.07915385098236144,390.0446927374302
2970,33,0.10984848484848485,441.3636363636364
2971,2,0.0,82.0
2972,11,0.10909090909090909,477.1818181818182
2973,49,0.07482993197278912,389.734693877551
2974,7,0.2857142857142857,701.5714285714286
2975,117,0.06631299734748011,353.05982905982904
2976,187,0.08055890978092117,393.1818181818182
2977,5,0.0,285.6
2978,109,0.0779816513761468,398.697247706422
2979,48,0.0851063829787234,398.8125
2980,56,0.08181818181818182,389.82142857142856
2981,2,0.0,134.0
2982,274,0.07277880270581001,371.55839416058393
2983,2,0.0,444.0
2984,29,0.03940886699507389,302.9655172413793
2985,16,0.06666666666666667,368.625
2986,3,0.0,282.3333333333333
2987,7,0.047619047619047616,352.57142857142856
2988,0,0.0,0.0
2989,5,0.2,727.0
2990,3,0.0,233.33333333333334
2991,271,0.0909935766024327,421.070110701107
2992,0,0.0,0.0
2993,1,0.0,96.0
2994,303,0.06768955041199484,360.73267326732673
2995,21,0.023809523809523808,296.2857142857143
2996,15,0.047619047619047616,479.6
2997,1,0.0,560.0
2998,102,0.08464375849349641,399.34313725490193
2999,255,0.09964489732901034,441.7647058823529
3000,74,0.0640503517215846,358.2567567567568
3001,35,0.07058823529411765,403.9142857142857
3002,20,0.08421052631578947,405.7
3003,148,0.09339952197095054,422.6081081081081
3004,25,0.056666666666666664,334.96
3005,0,0.0,0.0
3006,114,0.07374631268436578,371.37719298245617
3007,1,0.0,340.0
3008,5,0.4,887.6
3009,82,0.09033423667570009,429.9024390243902
3010,0,0.0,0.0
3011,3,0.0,278.0
3012,240,0.08762203626220362,407.49583333333334
3013,227,0.08210206229776616,400.05286343612335
3014,0,0.0,0.0
3015,12,0.12121212121212122,465.3333333333333
3016,9,0.1388888888888889,529.1111111111111
3017,418,0.07961860176930226,392.6555023923445
3018,118,0.047805302042590175,317.50847457627117
3019,636,0.07840835933244193,387.57861635220127
3020,20,0.031578947368421054,367.6
3021,26,0.06461538461538462,370.34615384615387
3022,1103,0.07324028017961244,373.98640072529463
3023,1,0.0,213.0
3024,24,0.08333333333333333,381.0
3025,31,0.05806451612903226,365.6774193548387
3026,112,0.06258043758043758,329.3392857142857
3027,122,0.05554802872239534,325.8688524590164
3028,62,0.08566895822316235,417.01612903225805
3029,8,0.10714285714285714,337.75
3030,24,0.057971014492753624,340.5833333333333
3031,15,0.08571428571428572,392.46666666666664
3032,34,0.0677361853832442,365.6470588235294
3033,68,0.07682177348551361,380.2352941176471
3034,1,0.0,50.0
3035,20,0.08421052631578947,345.15
3036,90,0.06267166042446941,353.65555555555557
3037,4,0.0,198.75
3038,121,0.06060606060606061,335.08264462809916
3039,10,0.06666666666666667,465.0
3040,16,0.13333333333333333,471.5
3041,68,0.10491659350307288,440.5
3042,42,0.06387921022067364,322.07142857142856
3043,11,0.03636363636363636,286.09090909090907
3044,1,0.0,474.0
3045,27,0.05982905982905983,302.9259259259259
3046,23,0.07509881422924901,363.60869565217394
3047,28,0.047619047619047616,351.2142857142857
3048,221,0.10300287947346771,438.9321266968326
3049,0,0.0,0.0
3050,385,0.0973349567099567,433.97402597402595
3051,51,0.05254901960784314,308.88235294117646
3052,8,0.0,363.625
3053,1,0.0,790.0
3054,21,0.13333333333333333,546.1428571428571
3055,114,0.0895823629871138,419.10526315789474
3056,14,0.06593406593406594,338.2142857142857
3057,0,0.0,0.0
3058,0,0.0,0.0
3059,91,0.08937728937728938,425.2857142857143
3060,0,0.0,0.0
3061,167,0.0886660414111536,419.1077844311377
3062,29,0.10344827586206896,419.37931034482756
3063,625,0.07753846153846154,383.7856
3064,133,0.07256778309409888,380.7218045112782
3065,13,0.0641025641025641,342.6923076923077
3066,25,0.08,376.84
3067,64,0.047619047619047616,339.296875
3068,25,0.08333333333333333,381.32
3069,72,0.07785602503912363,412.625
3070,17,0.03676470588235294,320.6470588235294
3071,10,0.044444444444444446,358.4
3072,98,0.0856301283399958,410.2755102040816
3073,0,0.0,0.0
3074,913,0.07492409830710402,378.14786418400877
3075,5,0.1,504.4
3076,237,0.08853607952513767,417.56540084388183
3077,21,0.1,403.3809523809524
3078,43,0.06090808416389812,372.13953488372096
3079,0,0.0,0.0
3080,0,0.0,0.0
3081,318,0.08172132611154098,404.37735849056605
3082,131,0.07751027598355843,372.8396946564886
3083,274,0.06823346969332371,361.62773722627736
3084,178,0.09261727924839713,422.314606741573
3085,35,0.1361344537815126,494.25714285714287
3086,23,0.15810276679841898,511.2608695652174
3087,28,0.06349206349206349,343.17857142857144
3088,117,0.07338638373121131,375.3162393162393
3089,42,0.08710801393728224,432.8333333333333
3090,4,0.0,117.0
3091,162,0.09148071466912047,410.2345679012346
3092,20,0.09473684210526316,499.5
3093,130,0.08109719737626714,379.65384615384613
3094,5,0.2,483.6
3095,1,0.0,515.0
3096,101,0.0899009900990099,415.0
3097,200,0.08115577889447236,397.05
3098,138,0.06368348672379139,345.1231884057971
3099,330,0.07259832366215345,373.3212121212121
3100,5,0.1,125.8
3101,81,0.061419753086419754,339.14814814814815
3102,166,0.08492150419861264,403.6144578313253
3103,40,0.0641025641025641,361.925
3104,7,0.0,177.28571428571428
3105,562,0.07196097461954694,369.9021352313167
3106,0,0.0,0.0
3107,7,0.19047619047619047,253.28571428571428
3108,5,0.0,271.4
3109,40,0.041025641025641026,301.925
3110,275,0.07758460517584605,379.9563636363636
3111,51,0.04784313725490196,327.2549019607843
3112,61,0.09234972677595628,400.04918032786884
3113,27,0.045584045584045586,295.14814814814815
3114,0,0.0,0.0
3115,19,0.05263157894736842,326.7894736842105
3116,19,0.04093567251461988,344.63157894736844
3117,0,0.0,0.0
3118,1,0.0,182.0
3119,21,0.06666666666666667,380.5238095238095
3120,27,0.03418803418803419,292.3703703703704
3121,50,0.04244897959183674,327.32
3122,3,0.0,638.3333333333334
3123,0,0.0,0.0
3124,0,0.0,0.0
3125,26,0.1723076923076923,571.0769230769231
3126,393,0.08926624084748404,416.17557251908397
3127,33,0.08522727272727272,401.3030303030303
3128,12,0.09090909090909091,410.6666666666667
3129,1,0.0,126.0
3130,3,0.0,324.0
3131,3,0.0,562.6666666666666
3132,12,0.10606060606060606,533.1666666666666
3133,1,0.0,672.0
3134,4,0.0,106.0
3135,35,0.10420168067226891,456.0857142857143
3136,27,0.03418803418803419,302.037037037037
3137,24,0.08333333333333333,389.9583333333333
3138,0,0.0,0.0
3139,1,0.0,80.0
3140,11,0.09090909090909091,442.72727272727275
3141,437,0.09011609598387672,419.24942791762015
3142,183,0.09878100042034468,424.26229508196724
3143,13,0.07692307692307693,296.38461538461536
3144,14,0.01098901098901099,132.64285714285714
3145,29,0.06403940886699508,307.13793103448273
3146,140,0.09105858170606372,422.6
3147,2,0.0,823.5
3148,69,0.08482523444160273,403.8550724637681
3149,1059,0.07287968283378941,373.5250236071766
3150,32,0.046370967741935484,315.90625
3151,7,0.047619047619047616,468.57142857142856
3152,7,0.047619047619047616,407.57142857142856
3153,29,0.07389162561576355,404.3103448275862
3154,50,0.07265306122448979,362.68
3155,6,0.0,307.5
3156,97,0.05627147766323024,325.91752577319585
3157,11,0.16363636363636364,511.6363636363636
3158,19,0.029239766081871343,363.5263157894737
3159,532,0.07889780949549013,391.3045112781955
3160,115,0.09748283752860412,425.2869565217391
3161,0,0.0,0.0
3162,3,0.6666666666666666,602.0
3163,5,0.2,839.0
3164,135,0.0894416804864566,410.2888888888889
3165,1,0.0,41.0
3166,133,0.07006151742993848,375.9624060150376
3167,4,0.0,619.75
3168,22,0.08225108225108226,394.72727272727275
3169,1,0.0,1125.0
3170,261,0.07730621868552903,391.6360153256705
3171,12,0.10606060606060606,356.25
3172,510,0.08133595284872298,395.74117647058824
3173,317,0.09643413329073992,429.5993690851735
3174,1183,0.06769619811400365,359.9442096365173
3175,55,0.08484848484848485,398.8727272727273
3176,3,0.0,526.6666666666666
3177,1,0.0,456.0
3178,111,0.08533988533988535,409.56756756756755
3179,11,0.05454545454545454,461.72727272727275
3180,5,0.0,324.0
3181,35,0.08739495798319327,404.48571428571427
3182,24,0.06884057971014493,403.4583333333333
3183,37,0.07057057057057058,358.9189189189189
3184,10,0.13333333333333333,373.1
3185,24,0.08695652173913043,398.8333333333333
3186,112,0.07673745173745174,385.45535714285717
3187,0,0.0,0.0
3188,14,0.03296703296703297,255.35714285714286
3189,139,0.07371494109060578,383.1726618705036
3190,0,0.0,0.0
3191,100,0.06303030303030303,345.81
3192,2,0.0,69.0
3193,76,0.05403508771929825,326.69736842105266
3194,48,0.0851063829787234,432.0
3195,0,0.0,0.0
3196,1,0.0,233.0
3197,144,0.07002719502719502,365.06944444444446
3198,35,0.052100840336134456,334.9714285714286
3199,0,0.0,0.0
3200,35,0.05378151260504202,367.22857142857146
3201,0,0.0,0.0
3202,3,0.3333333333333333,246.66666666666666
3203,88,0.0877742946708464,403.59090909090907
3204,0,0.0,0.0
3205,14,0.0,234.42857142857142
3206,1,0.0,813.0
3207,0,0.0,0.0
3208,21,0.10476190476190476,437.2857142857143
3209,0,0.0,0.0
3210,13,0.038461538461538464,296.2307692307692
3211,14,0.10989010989010989,359.35714285714283
3212,3,0.0,346.6666666666667
3213,5,0.0,332.6
3214,3,0.0,118.0
3215,35,0.08739495798319327,419.42857142857144
3216,6,0.13333333333333333,408.0
3217,469,0.06990687587702513,366.6460554371002
3218,2,0.0,466.0
3219,1,0.0,459.0
3220,83,0.05847781369379959,340.5301204819277
3221,4,0.0,598.75
3222,19,0.15789473684210525,528.1052631578947
3223,11,0.07272727272727272,305.0
3224,5,0.0,458.2
3225,1,0.0,219.0
3226,13,0.08974358974358974,458.3076923076923
3227,15,0.05714285714285714,279.6666666666667
3228,31,0.06451612903225806,327.83870967741933
3229,0,0.0,0.0
3230,475,0.07378192316233623,375.33473684210526
3231,2,0.0,277.0
3232,2,0.0,16.0
3233,121,0.0815426997245179,384.53719008264466
3234,0,0.0,0.0
3235,9,0.0,252.0
3236,118,0.06359553817180935,355.29661016949154
3237,8,0.0,212.375
3238,0,0.0,0.0
3239,70,0.06459627329192547,361.45714285714286
3240,5,0.1,568.2
3241,19,0.06432748538011696,337.63157894736844
3242,0,0.0,0.0
3243,50,0.09877551020408164,445.52
3244,0,0.0,0.0
3245,171,0.06818025455796353,369.7485380116959
3246,350,0.08504297994269341,404.27142857142854
3247,47,0.1036077705827937,450.82978723404256
3248,24,0.05434782608695652,327.0416666666667
3249,61,0.10382513661202186,444.7049180327869
3250,8,0.03571428571428571,318.25
3251,5,0.0,335.2
3252,29,0.06403940886699508,386.7241379310345
3253,28,0.0582010582010582,329.67857142857144
3254,44,0.04334038054968287,317.25
3255,5,0.0,82.4
3256,29,0.019704433497536946,265.7241379310345
3257,38,0.05689900426742532,359.10526315789474
3258,41,0.06097560975609756,351.0731707317073
3259,25,0.11,435.16
3260,93,0.10261804581580178,457.9247311827957
3261,22,0.11688311688311688,418.1818181818182
3262,14,0.15384615384615385,529.8571428571429
3263,143,0.07790800748547227,389.53146853146853
3264,452,0.06532190020210742,355.8274336283186
3265,13,0.0641025641025641,442.61538461538464
3266,2,1.0,840.5
3267,112,0.061293436293436296,355.70535714285717
3268,10,0.08888888888888889,473.8
3269,45,0.06161616161616162,349.9555555555556
3270,38,0.08108108108108109,387.42105263157896
3271,85,0.08011204481792718,388.5529411764706
3272,0,0.0,0.0
3273,0,0.0,0.0
3274,6,0.06666666666666667,182.0
3275,3,0.0,486.6666666666667
3276,63,0.07578084997439836,369.4761904761905
3277,12,0.0,331.25
3278,2,0.0,754.5
3279,1,0.0,229.0
3280,16,0.14166666666666666,589.8125
3281,7,0.19047619047619047,437.85714285714283
3282,15,0.09523809523809523,390.53333333333336
3283,31,0.060215053763440864,404.0967741935484
3284,39,0.05668016194331984,360.56410256410254
3285,32,0.07661290322580645,410.8125
3286,163,0.07808831326213739,391.3312883435583
3287,2,0.0,685.5
3288,553,0.06865057525486805,365.30741410488247
3289,11,0.09090909090909091,350.27272727272725
3290,522,0.08008471771791648,389.2854406130268
3291,44,0.07188160676532769,373.5
3292,1,0.0,441.0
3293,5,0.0,272.2
3294,609,0.08265815400570392,395.5911330049261
3295,222,0.07704537116301823,381.97747747747746
3296,1697,0.05764612356989582,330.93576900412495
3297,31,0.07311827956989247,341.03225806451616
3298,34,0.11586452762923351,449.52941176470586
3299,1,0.0,562.0
3300,53,0.05370101596516691,345.92452830188677
3301,29,0.06157635467980296,338.2758620689655
3302,13,0.038461538461538464,346.0
3303,19,0.11695906432748537,437.6842105263158
3304,12,0.06060606060606061,288.6666666666667
3305,0,0.0,0.0
3306,343,0.0854176256968953,402.09620991253644
3307,91,0.09523809523809523,443.46153846153845
3308,13,0.1282051282051282,683.0
3309,4,0.0,237.75
3310,244,0.0912096066923025,420.7663934426229
3311,8,0.0,254.5
3312,144,0.10343822843822843,449.40277777777777
3313,143,0.07032404215502808,363.5874125874126
3314,16,0.06666666666666667,345.375
3315,10,0.06666666666666667,314.4
3316,23,0.043478260869565216,300.39130434782606
3317,49,0.05357142857142857,324.3469387755102
3318,74,0.08034061458718993,395.1216216216216
3319,3,0.0,133.33333333333334
3320,2,0.0,256.5
3321,0,0.0,0.0
3322,1,0.0,636.0
3323,4,0.0,619.75
3324,188,0.10251450676982592,450.24468085106383
3325,0,0.0,0.0
3326,19,0.04678362573099415,276.42105263157896
3327,2,0.0,124.5
3328,2,0.0,442.0
3329,415,0.08352249578022233,400.4915662650602
3330,40,0.03974358974358974,310.05
3331,266,0.07450702227266279,381.5263157894737
3332,79,0.08146705615060046,390.0253164556962
3333,65,0.07884615384615384,374.6
3334,85,0.09439775910364145,420.81176470588235
3335,7,0.09523809523809523,368.57142857142856
3336,33,0.045454545454545456,332.2121212121212
3337,3,0.0,428.0
3338,0,0.0,0.0
3339,1,0.0,561.0
3340,6,0.06666666666666667,458.1666666666667
3341,0,0.0,0.0
3342,13,0.01282051282051282,232.3846153846154
3343,84,0.07515777395295467,371.3690476190476
3344,145,0.06532567049808428,348.66896551724136
3345,30,0.09195402298850575,436.8
3346,2,0.0,316.5
3347,0,0.0,0.0
3348,68,0.0781387181738367,383.0735294117647
3349,151,0.09545253863134658,423.0331125827815
3350,911,0.07626687253471008,382.00109769484084
3351,0,0.0,0.0
3352,117,0.0820807544945476,388.1025641025641
3353,0,0.0,0.0
3354,57,0.05325814536340852,324.859649122807
3355,6,0.06666666666666667,266.3333333333333
3356,22,0.025974025974025976,259.6363636363636
3357,2,1.0,1037.0
3358,178,0.08791976131530502,409.3370786516854
3359,52,0.07616892911010557,389.6730769230769
3360,27,0.06267806267806268,360.5925925925926
3361,8,0.03571428571428571,332.375
3362,37,0.07957957957957958,368.3783783783784
3363,6,0.06666666666666667,387.0
3364,46,0.07342995169082125,357.39130434782606
3365,0,0.0,0.0
3366,0,0.0,0.0
3367,28,0.03439153439153439,304.0
3368,5,0.0,326.8
3369,1,0.0,69.0
3370,7,0.0,165.42857142857142
3371,80,0.08132911392405064,389.5
3372,4,0.16666666666666666,499.25
3373,3,0.0,246.33333333333334
3374,36,0.06666666666666667,388.5833333333333
3375,4,0.0,326.75
3376,66,0.06573426573426573,349.57575757575756
3377,37,0.057057057057057055,335.72972972972974
3378,48,0.07358156028368794,384.7916666666667
3379,6,0.26666666666666666,575.5
3380,29,0.05172413793103448,380.37931034482756
3381,34,0.10873440285204991,456.70588235294116
3382,4,0.3333333333333333,689.5
3383,247,0.07850301175076528,388.12955465587044
3384,18,0.0718954248366013,389.6666666666667
3385,15,0.0761904761904762,404.8
3386,54,0.0649895178197065,351.22222222222223
3387,11,0.0,251.0
3388,1,0.0,316.0
3389,0,0.0,0.0
3390,0,0.0,0.0
3391,177,0.10625321006676938,458.17514124293785
3392,124,0.07933385785470758,388.4274193548387
3393,42,0.03716608594657375,277.26190476190476
3394,523,0.08126561320996609,395.03824091778205
3395,30,0.011494252873563218,190.13333333333333
3396,293,0.07426714666417317,373.5460750853242
3397,0,0.0,0.0
3398,0,0.0,0.0
3399,177,0.08596558808423216,404.29378531073445
3400,38,0.029871977240398292,254.73684210526315
3401,32,0.07258064516129033,378.25
3402,15,0.0761904761904762,348.46666666666664
3403,2,0.0,335.5
3404,264,0.07005415370434381,368.8939393939394
3405,4,0.16666666666666666,524.5
3406,7,0.14285714285714285,467.7142857142857
3407,21,0.11428571428571428,499.04761904761904
3408,5,0.0,413.2
3409,45,0.10101010101010101,441.64444444444445
3410,273,0.07342167636285284,379.3626373626374
3411,48,0.09929078014184398,452.5416666666667
3412,5,0.2,674.6
3413,507,0.08517123901739286,405.02366863905326
3414,125,0.07225806451612904,368.6
3415,0,0.0,0.0
3416,19,0.03508771929824561,299.1578947368421
3417,47,0.10823311748381129,438.82978723404256
3418,174,0.0843133346621487,404.4942528735632
3419,9,0.1111111111111111,530.3333333333334
3420,1,0.0,666.0
3421,275,0.08652952886529529,408.6036363636364
3422,19,0.05847953216374269,319.2631578947368
3423,3,0.0,72.66666666666667
3424,4,0.0,539.5
3425,7,0.0,261.42857142857144
3426,70,0.09358178053830228,425.74285714285713
3427,51,0.06196078431372549,359.94117647058823
3428,0,0.0,0.0
3429,543,0.08448349676866934,402.3314917127072
3430,22,0.09956709956709957,381.8181818181818
3431,0,0.0,0.0
3432,53,0.06095791001451379,362.4339622641509
3433,0,0.0,0.0
3434,6,0.0,287.3333333333333
3435,1,0.0,495.0
3436,6,0.26666666666666666,539.1666666666666
3437,3,0.0,106.0
3438,277,0.07845445508292785,387.42599277978337
3439,407,0.08258191016811707,402.6584766584767
3440,7,0.0,139.42857142857142
3441,68,0.05179982440737489,337.13235294117646
3442,3,0.0,164.0
3443,205,0.0672883787661406,364.57073170731707
3444,283,0.07154850512492796,375.1201413427562
3445,26,0.1076923076923077,451.9230769230769
3446,116,0.06296851574212893,367.2413793103448
3447,64,0.0744047619047619,363.8125
3448,160,0.08042452830188679,401.05625
3449,82,0.08611863896416742,421.7439024390244
3450,42,0.13008130081300814,491.42857142857144
3451,33,0.11742424242424243,442.6363636363636
3452,4,0.16666666666666666,260.25
3453,0,0.0,0.0
3454,27,0.07407407407407407,387.9259259259259
3455,127,0.0726159230096238,384.86614173228344
3456,23,0.06719367588932806,332.30434782608694
3457,10,0.0,352.3
3458,1,0.0,645.0
3459,110,0.07105921601334446,372.41818181818184
3460,58,0.09316394434361766,446.32758620689657
3461,21,0.12380952380952381,460.8095238095238
3462,98,0.0780559646539028,389.6020408163265
3463,1,0.0,400.0
3464,78,0.0989010989010989,434.7692307692308
3465,1,0.0,242.0
3466,10,0.08888888888888889,328.3
3467,0,0.0,0.0
3468,18,0.05228758169934641,361.94444444444446
3469,9,0.1111111111111111,374.22222222222223
3470,5,0.0,538.8
3471,1,0.0,195.0
3472,1,0.0,39.0
3473,4,0.16666666666666666,674.75
3474,5,0.1,350.0
3475,1,0.0,102.0
3476,0,0.0,0.0
3477,8,0.03571428571428571,252.75
3478,196,0.07802197802197802,385.96938775510205
3479,104,0.07281553398058252,387.7980769230769
3480,70,0.06252587991718427,339.24285714285713
3481,14,0.054945054945054944,353.57142857142856
3482,20,0.04736842105263158,282.75
3483,23,0.07905138339920949,454.30434782608694
3484,46,0.07246376811594203,390.5869565217391
3485,26,0.09846153846153846,484.7307692307692
3486,112,0.0674066924066924,364.80357142857144
3487,2,0.0,686.5
3488,142,0.06742583158525622,372.14084507042253
3489,2,0.0,280.0
3490,4,0.3333333333333333,710.0
3491,37,0.08408408408408409,397.4864864864865
3492,4,0.0,119.5
3493,1,0.0,119.0
3494,13,0.14102564102564102,451.6923076923077
3495,100,0.09474747474747475,405.31
3496,6,0.06666666666666667,501.0
3497,117,0.0671971706454465,360.22222222222223
3498,116,0.046776611694152925,304.75
3499,24,0.09057971014492754,402.5
3500,82,0.09996988858777477,410.8658536585366
3501,0,0.0,0.0
3502,0,0.0,0.0
3503,10,0.06666666666666667,373.2
3504,18,0.0457516339869281,369.55555555555554
3505,5,0.0,165.6
3506,48,0.061170212765957445,397.25
3507,0,0.0,0.0
3508,1,0.0,262.0
3509,10,0.1111111111111111,462.1
3510,173,0.0953757225433526,432.6936416184971
3511,277,0.07978862554282426,388.7184115523466
3512,2,0.0,347.0
3513,511,0.08388012739342313,402.20156555772996
3514,5,0.1,305.4
3515,448,0.0866690635985938,409.140625
3516,0,0.0,0.0
3517,9,0.08333333333333333,402.0
3518,218,0.09761975225130004,435.1834862385321
3519,4,0.0,346.5
3520,9,0.1388888888888889,626.5555555555555
3521,6,0.13333333333333333,327.6666666666667
3522,23,0.09881422924901186,437.39130434782606
3523,225,0.08115079365079365,395.02666666666664
3524,1,0.0,182.0
3525,83,0.09080223332353805,428.26506024096386
3526,0,0.0,0.0
3527,35,0.058823529411764705,360.1142857142857
3528,21,0.10476190476190476,490.95238095238096
3529,75,0.07099099099099099,370.82666666666665
3530,16,0.06666666666666667,347.625
3531,15,0.19047619047619047,593.1333333333333
3532,3,0.0,409.6666666666667
3533,444,0.09364895369410042,428.06306306306305
3534,4,0.0,342.0
3535,14,0.04395604395604396,290.42857142857144
3536,507,0.08223214912178123,398.32741617357004
3537,104,0.05657206870799104,339.8942307692308
3538,76,0.0887719298245614,420.5657894736842
3539,4,0.16666666666666666,359.5
3540,5,0.2,656.0
3541,1,0.0,843.0
3542,1,0.0,459.0
3543,5,0.0,134.8
3544,5,0.1,558.0
3545,29,0.08620689655172414,469.9310344827586
3546,609,0.07830999913577046,386.2200328407225
3547,16,0.075,281.1875
3548,18,0.058823529411764705,344.1666666666667
3549,2,0.0,477.0
3550,83,0.08169262415515721,399.33734939759034
3551,11,0.07272727272727272,372.54545454545456
3552,15,0.047619047619047616,381.46666666666664
3553,1,0.0,134.0
3554,54,0.08665269042627533,370.462962962963
3555,267,0.07867984568161979,390.2434456928839
3556,0,0.0,0.0
3557,87,0.05854049719326383,340.4597701149425
3558,135,0.10182421227197347,431.51851851851853
3559,0,0.0,0.0
3560,225,0.08817460317460317,414.59555555555556
3561,10,0.1111111111111111,328.3
3562,4,0.0,248.75
3563,1,0.0,701.0
3564,455,0.0790918332768553,390.77362637362637
3565,1,0.0,1333.0
3566,13,0.1282051282051282,479.53846153846155
3567,0,0.0,0.0
3568,2,0.0,116.0
3569,7,0.047619047619047616,663.0
3570,17,0.058823529411764705,278.70588235294116
3571,44,0.052854122621564484,307.45454545454544
3572,69,0.08184143222506395,414.05797101449275
3573,28,0.08465608465608465,370.4642857142857
3574,9,0.05555555555555555,297.22222222222223
3575,0,0.0,0.0
3576,30,0.07586206896551724,399.3333333333333
3577,27,0.03418803418803419,290.5925925925926
3578,0,0.0,0.0
3579,208,0.08003530286138982,391.4519230769231
3580,51,0.08705882352941176,378.3921568627451
3581,1,0.0,437.0
3582,1,0.0,1798.0
3583,351,0.09658933658933659,432.3105413105413
3584,17,0.051470588235294115,365.0
3585,340,0.06972063161547805,373.2676470588235
3586,31,0.06666666666666667,323.9032258064516
3587,0,0.0,0.0
3588,0,0.0,0.0
3589,6,0.0,168.5
3590,0,0.0,0.0
3591,53,0.06821480406386067,363.35849056603774
3592,0,0.0,0.0
3593,3,0.0,556.0
3594,39,0.09716599190283401,409.35897435897436
3595,1,0.0,143.0
3596,0,0.0,0.0
3597,2,0.0,87.5
3598,97,0.06593642611683849,343.8453608247423
3599,150,0.10058165548098434,443.6
3600,35,0.06722689075630252,366.6857142857143
3601,19,0.005847953216374269,233.10526315789474
3602,509,0.0890583667218415,414.9194499017682
3603,64,0.10069444444444445,442.578125
3604,8,0.14285714285714285,499.75
3605,3,0.0,219.0
3606,0,0.0,0.0
3607,2,0.0,447.5
3608,4,0.0,124.5
3609,0,0.0,0.0
3610,7,0.047619047619047616,419.42857142857144
3611,0,0.0,0.0
3612,195,0.05598731165741475,328.2871794871795
3613,97,0.08311855670103092,388.0412371134021
3614,23,0.043478260869565216,363.69565217391306
3615,198,0.09249858996051889,421.6212121212121
3616,188,0.09051086585504609,410.2074468085106
3617,18,0.026143790849673203,314.1666666666667
3618,165,0.11108647450110865,464.1393939393939
3619,10,0.1111111111111111,464.7
3620,153,0.06621947024423805,359.80392156862746
3621,8,0.0,263.5
3622,61,0.10109289617486339,450.59016393442624
3623,4,0.16666666666666666,283.25
3624,291,0.09015286171347316,416.87972508591065
3625,4,0.16666666666666666,509.0
3626,5,0.1,585.4
3627,10,0.022222222222222223,200.7
3628,6,0.2,426.1666666666667
3629,14,0.0989010989010989,378.35714285714283
3630,70,0.07701863354037267,400.14285714285717
3631,25,0.07666666666666666,421.4
3632,14,0.10989010989010989,479.7142857142857
3633,915,0.07866221855532039,387.44043715846993
3634,50,0.05877551020408163,358.62
3635,4,0.16666666666666666,408.0
3636,5,0.0,197.6
3637,127,0.07574053243344582,385.62992125984255
3638,2,0.0,237.0
3639,213,0.07972362476747276,398.3568075117371
3640,5,0.1,550.4
3641,14,0.054945054945054944,415.2142857142857
3642,70,0.07908902691511387,406.37142857142857
3643,81,0.08518518518518518,407.320987654321
3644,19,0.05847953216374269,380.1578947368421
3645,9,0.05555555555555555,291.77777777777777
3646,252,0.08834503256814014,417.43650793650795
3647,130,0.07608825283243888,388.16923076923075
3648,15,0.10476190476190476,407.26666666666665
3649,2,0.0,21.5
3650,0,0.0,0.0
3651,28,0.06084656084656084,375.82142857142856
3652,23,0.05928853754940711,371.7826086956522
3653,4,0.16666666666666666,355.75
3654,269,0.07543139321977473,380.90706319702605
3655,0,0.0,0.0
3656,18,0.09803921568627451,435.94444444444446
3657,4,0.5,844.5
3658,18,0.0784313725490196,408.8888888888889
3659,0,0.0,0.0
3660,28,0.06084656084656084,375.7857142857143
3661,26,0.052307692307692305,335.2307692307692
3662,240,0.06757322175732218,370.375
3663,356,0.099240386137047,436.85955056179773
3664,11,0.03636363636363636,261.1818181818182
3665,326,0.08741859367626238,413.6993865030675
3666,51,0.05568627450980392,335.4117647058824
3667,0,0.0,0.0
3668,51,0.04470588235294118,318.6078431372549
3669,13,0.05128205128205128,329.7692307692308
3670,4,0.0,268.5
3671,35,0.09915966386554621,448.42857142857144
3672,2,0.0,61.0
3673,0,0.0,0.0
3674,2,0.0,208.5
3675,2,0.0,695.5
3676,12,0.15151515151515152,535.0
3677,526,0.08145573058120587,394.0532319391635
3678,38,0.04836415362731152,367.5
3679,1,0.0,2.0
3680,5,0.1,366.4
3681,1,0.0,545.0
3682,67,0.0642243328810493,362.8805970149254
3683,13,0.07692307692307693,445.46153846153845
3684,1,0.0,861.0
3685,44,0.07822410147991543,364.59090909090907
3686,0,0.0,0.0
3687,54,0.06638714185883997,347.3703703703704
3688,52,0.08144796380090498,401.5769230769231
3689,466,0.08675065762148691,410.65450643776825
3690,43,0.08416389811738649,391.09302325581393
3691,2,0.0,501.5
3692,40,0.07179487179487179,353.225
3693,101,0.12613861386138614,497.9207920792079
3694,124,0.08274324678730659,388.0403225806452
3695,16,0.08333333333333333,430.1875
3696,7,0.09523809523809523,329.0
3697,52,0.07315233785822021,381.9423076923077
3698,85,0.0784313725490196,399.4823529411765
3699,29,0.07142857142857142,341.13793103448273
3700,132,0.07344436733749711,382.1515151515151
3701,210,0.08575985418090681,412.62857142857143
3702,17,0.051470588235294115,366.0
3703,8,0.03571428571428571,273.25
3704,30,0.05057471264367816,302.6
3705,305,0.07855910267471959,389.3311475409836
3706,20,0.07894736842105263,441.75
3707,7,0.2857142857142857,623.7142857142857
3708,882,0.07768692039812519,386.39115646258506
3709,5,0.0,377.8
3710,15,0.05714285714285714,424.06666666666666
3711,16,0.16666666666666666,534.75
3712,56,0.06753246753246753,341.17857142857144
3713,1,0.0,804.0
3714,0,0.0,0.0
3715,52,0.07390648567119155,381.46153846153845
3716,604,0.0873062941363821,409.87582781456956
3717,66,0.10256410256410256,468.42424242424244
3718,8,0.03571428571428571,285.375
3719,226,0.09030481809242871,422.89823008849555
3720,0,0.0,0.0
3721,0,0.0,0.0
3722,0,0.0,0.0
3723,55,0.07811447811447811,398.8727272727273
3724,82,0.08220415537488708,417.3536585365854
3725,35,0.06554621848739496,339.42857142857144
3726,55,0.05387205387205387,295.1636363636364
3727,19,0.08771929824561403,367.8421052631579
3728,1,0.0,267.0
3729,7,0.047619047619047616,399.0
3730,8,0.10714285714285714,413.25
3731,13,0.038461538461538464,403.61538461538464
3732,45,0.05555555555555555,321.2888888888889
3733,119,0.08574277168494517,405.33613445378154
3734,9,0.1111111111111111,510.44444444444446
3735,38,0.06685633001422475,349.63157894736844
3736,7,0.047619047619047616,449.57142857142856
3737,31,0.07741935483870968,351.258064516129
3738,6,0.0,148.5
3739,14,0.12087912087912088,451.7142857142857
3740,0,0.0,0.0
3741,13,0.07692307692307693,377.6923076923077
3742,87,0.07885592087677092,377.5402298850575
3743,4,0.0,225.75
3744,19,0.07017543859649122,342.5263157894737
3745,39,0.07422402159244265,381.5128205128205
3746,3,0.0,30.333333333333332
3747,2,0.0,219.0
3748,2,0.0,330.5
3749,40,0.07948717948717948,344.975
3750,204,0.0729257220129431,375.29411764705884
3751,6,0.13333333333333333,433.3333333333333
3752,150,0.10049217002237136,446.05333333333334
3753,1,0.0,304.0
3754,1,0.0,296.0
3755,30,0.06896551724137931,340.26666666666665
3756,3,0.3333333333333333,566.0
3757,19,0.06432748538011696,370.7894736842105
3758,9,0.027777777777777776,510.0
3759,109,0.06388039415562351,350.56880733944956
3760,446,0.08181589157051443,395.82959641255604
3761,14,0.054945054945054944,438.42857142857144
3762,1,0.0,647.0
3763,18,0.12418300653594772,457.77777777777777
3764,55,0.05723905723905724,327.0181818181818
3765,79,0.06037000973709834,338.8607594936709
3766,14,0.02197802197802198,287.64285714285717
3767,2,0.0,726.0
3768,12,0.045454545454545456,232.83333333333334
3769,40,0.07564102564102564,386.95
3770,350,0.08833401555464593,417.52
3771,29,0.03201970443349754,317.6551724137931
3772,20,0.06315789473684211,379.0
3773,1,0.0,32.0
3774,4,0.0,256.75
3775,30,0.09655172413793103,416.2
3776,0,0.0,0.0
3777,37,0.02702702702702703,236.02702702702703
3778,38,0.07681365576102418,389.3157894736842
3779,0,0.0,0.0
3780,29,0.09852216748768473,435.82758620689657
3781,2,0.0,335.5
3782,83,0.08639435791948281,408.71084337349396
3783,15,0.05714285714285714,333.0
3784,99,0.05009276437847866,313.93939393939394
3785,33,0.0625,322.54545454545456
3786,0,0.0,0.0
3787,1017,0.06500321309393847,351.8220255653884
3788,4,0.0,177.75
3789,28,0.05291005291005291,300.2142857142857
3790,182,0.0786230344241394,380.3021978021978
3791,10,0.044444444444444446,350.3
3792,34,0.06417112299465241,373.1470588235294
3793,2,0.0,154.0
3794,2,0.0,379.5
3795,1338,0.06991647409086894,364.559043348281
3796,131,0.09583088667058133,427.40458015267177
3797,0,0.0,0.0
3798,0,0.0,0.0
3799,0,0.0,0.0
3800,5,0.3,332.6
3801,1,0.0,906.0
3802,465,0.07241379310344828,371.7548387096774
3803,2,0.0,580.5
3804,67,0.09588421528720036,428.2089552238806
3805,7,0.09523809523809523,329.7142857142857
3806,7,0.09523809523809523,416.0
3807,7,0.0,397.42857142857144
3808,25,0.056666666666666664,354.4
3809,31,0.05161290322580645,325.93548387096774
3810,9,0.027777777777777776,247.66666666666666
3811,0,0.0,0.0
3812,11,0.03636363636363636,376.09090909090907
3813,26,0.08,435.53846153846155
3814,113,0.10445638432364096,448.6725663716814
3815,1,0.0,263.0
3816,69,0.06095481670929241,328.9855072463768
3817,81,0.05555555555555555,340.2345679012346
3818,262,0.06984294112485742,368.793893129771
3819,207,0.07330800619107922,369.1062801932367
3820,26,0.06769230769230769,405.84615384615387
3821,14,0.0,189.07142857142858
3822,19,0.06432748538011696,386.94736842105266
3823,3,0.3333333333333333,199.33333333333334
3824,1,0.0,553.0
3825,35,0.043697478991596636,329.0
3826,371,0.08771035186129526,409.30727762803235
3827,9,0.027777777777777776,395.8888888888889
3828,193,0.07772020725388601,385.60103626943004
3829,0,0.0,0.0
3830,8,0.0,306.375
3831,29,0.09852216748768473,479.0689655172414
3832,23,0.1422924901185771,444.2173913043478
3833,94,0.06794783802333562,343.78723404255317
3834,7,0.047619047619047616,242.14285714285714
3835,2,0.0,349.0
3836,2,0.0,255.5
3837,8,0.10714285714285714,639.875
3838,108,0.09207338179300796,427.99074074074076
3839,10,0.022222222222222223,282.5
3840,18,0.0457516339869281,315.72222222222223
3841,2,0.0,202.5
3842,126,0.08546031746031746,415.76984126984127
3843,0,0.0,0.0
3844,14,0.02197802197802198,289.92857142857144
3845,0,0.0,0.0
3846,0,0.0,0.0
3847,6,0.0,219.66666666666666
3848,298,0.07165615890448106,370.87919463087246
3849,6,0.13333333333333333,357.1666666666667
3850,189,0.06444894742767084,348.989417989418
3851,12,0.045454545454545456,281.75
3852,21,0.05714285714285714,366.5238095238095
3853,19,0.04678362573099415,308.2631578947368
3854,56,0.10909090909090909,467.23214285714283
3855,6,0.13333333333333333,461.8333333333333
3856,2,0.0,470.0
3857,944,0.08174865646961554,395.4025423728813
3858,2,0.0,542.0
3859,124,0.08300550747442959,409.71774193548384
3860,17,0.03676470588235294,276.4117647058824
3861,13,0.05128205128205128,335.38461538461536
3862,62,0.03913273400317292,307.5806451612903
3863,1,0.0,405.0
3864,32,0.05846774193548387,341.3125
3865,84,0.08777969018932874,426.26190476190476
3866,26,0.08923076923076922,442.1923076923077
3867,46,0.10917874396135266,462.0217391304348
3868,4,0.16666666666666666,299.25
3869,328,0.07980905497128366,389.2621951219512
3870,93,0.052594670406732116,324.1505376344086
3871,122,0.12532177211759923,497.3524590163934
3872,1,0.0,1146.0
3873,11,0.10909090909090909,395.27272727272725
3874,101,0.09643564356435644,441.0495049504951
3875,4,0.0,375.75
3876,119,0.07420595356786783,375.26050420168065
3877,6,0.2,521.6666666666666
3878,15,0.06666666666666667,387.8
3879,55,0.09494949494949495,423.9818181818182
3880,130,0.06607036374478235,353.31538461538463
3881,154,0.06221882692470928,350.4025974025974
3882,67,0.06829488919041157,370.17910447761193
3883,39,0.11875843454790823,477.84615384615387
3884,9,0.05555555555555555,419.0
3885,239,0.08842867691009458,412.5439330543933
3886,0,0.0,0.0
3887,14,0.07692307692307693,325.35714285714283
3888,13,0.05128205128205128,309.46153846153845
3889,46,0.08502415458937199,437.67391304347825
3890,0,0.0,0.0
3891,48,0.09485815602836879,392.3125
3892,480,0.08655184411969381,410.84583333333336
3893,75,0.04612612612612613,316.93333333333334
3894,383,0.06307328475934001,343.79373368146213
3895,7,0.047619047619047616,543.4285714285714
3896,2,0.0,373.0
3897,200,0.07201005025125629,378.255
3898,131,0.06952436876100998,373.3206106870229
3899,740,0.07510148849797023,377.0310810810811
3900,12,0.015151515151515152,179.91666666666666
3901,1,0.0,117.0
3902,76,0.09192982456140351,426.7368421052632
3903,502,0.08806291798872375,413.0278884462151
3904,11,0.07272727272727272,405.72727272727275
3905,30,0.06666666666666667,350.6
3906,16,0.041666666666666664,384.9375
3907,205,0.06441893830703013,353.66829268292685
3908,1,0.0,100.0
3909,8,0.0,303.25
3910,18,0.05228758169934641,340.94444444444446
3911,51,0.07215686274509804,351.3333333333333
3912,3,0.0,702.3333333333334
3913,7,0.047619047619047616,295.7142857142857
3914,136,0.07026143790849673,366.5220588235294
3915,18,0.058823529411764705,352.55555555555554
3916,19,0.07602339181286549,387.10526315789474
3917,25,0.10666666666666667,468.64
3918,31,0.10752688172043011,473.96774193548384
3919,209,0.0639032020610968,351.08133971291863
3920,0,0.0,0.0
3921,61,0.048633879781420766,323.95081967213116
3922,60,0.08305084745762711,438.8833333333333
3923,3,0.3333333333333333,310.6666666666667
3924,2,1.0,795.0
3925,7,0.0,253.0
3926,424,0.0805566706811187,391.35849056603774
3927,11,0.05454545454545454,345.45454545454544
3928,1016,0.07331368061750902,375.4084645669291
3929,9,0.2222222222222222,694.1111111111111
3930,85,0.04985994397759104,323.6235294117647
3931,0,0.0,0.0
3932,5,0.0,118.0
3933,2,0.0,228.0
3934,62,0.05182443151771549,320.2903225806452
3935,7,0.047619047619047616,424.7142857142857
3936,20,0.04736842105263158,335.6
3937,0,0.0,0.0
3938,25,0.11,369.8
3939,6,0.13333333333333333,405.6666666666667
3940,0,0.0,0.0
3941,1,0.0,66.0
3942,562,0.07877392302763875,389.51601423487546
3943,26,0.07384615384615385,414.0
3944,5,0.1,383.4
3945,4,0.16666666666666666,319.0
3946,10,0.0,238.5
3947,436,0.07459664663081303,378.89449541284404
3948,6,0.06666666666666667,297.3333333333333
3949,14,0.0989010989010989,376.64285714285717
3950,127,0.10261217347831521,443.98425196850394
3951,208,0.06270903010033445,353.4951923076923
3952,1159,0.06757954940012904,359.0414150129422
3953,4,0.0,361.5
3954,40,0.057692307692307696,349.575
3955,0,0.0,0.0
3956,0,0.0,0.0
3957,4,0.0,352.5
3958,445,0.0967608057495698,430.8808988764045
3959,32,0.09475806451612903,364.71875
3960,5,0.1,435.0
3961,1,0.0,322.0
3962,7,0.14285714285714285,452.14285714285717
3963,241,0.0923582295988935,417.10788381742736
3964,16,0.03333333333333333,294.5
3965,30,0.08505747126436781,419.3
3966,10,0.15555555555555556,546.8
3967,6,0.06666666666666667,361.1666666666667
3968,12,0.15151515151515152,405.3333333333333
3969,2,0.0,617.5
3970,29,0.07389162561576355,348.51724137931035
3971,181,0.07501534683855125,385.2707182320442
3972,14,0.04395604395604396,274.7142857142857
3973,15,0.01904761904761905,185.2
3974,3,0.0,263.6666666666667
3975,1,0.0,7.0
3976,94,0.06566003202928392,364.22340425531917
3977,27,0.07977207977207977,393.962962962963
3978,168,0.07948388936412888,396.6666666666667
3979,29,0.03940886699507389,302.2413793103448
3980,132,0.0798056904927134,395.04545454545456
3981,3,0.0,147.66666666666666
3982,0,0.0,0.0
3983,38,0.06401137980085349,374.5263157894737
3984,7,0.047619047619047616,327.0
3985,14,0.03296703296703297,270.64285714285717
3986,3,0.0,369.3333333333333
3987,22,0.025974025974025976,227.36363636363637
3988,17,0.029411764705882353,220.0
3989,17,0.14705882352941177,539.7058823529412
3990,4,0.3333333333333333,571.25
3991,35,0.08403361344537816,397.1142857142857
3992,2,0.0,163.5
3993,245,0.05774506523921044,329.33469387755105
3994,0,0.0,0.0
3995,17,0.14705882352941177,542.0
3996,111,0.07665847665847667,387.6216216216216
3997,8,0.21428571428571427,527.125
3998,29,0.03940886699507389,307.48275862068965
3999,8,0.0,269.75
4000,218,0.09199678687692893,420.3256880733945
4001,812,0.07501837420201296,378.41379310344826
4002,3,0.0,406.6666666666667
4003,4,0.16666666666666666,564.25
4004,12,0.12121212121212122,457.5
4005,3,0.3333333333333333,567.3333333333334
4006,0,0.0,0.0
4007,201,0.06646766169154229,356.3880597014925
4008,2,0.0,383.5
4009,20,0.03684210526315789,324.85
4010,247,0.08791679009907508,413.7368421052632
4011,6,0.0,312.6666666666667
4012,4,0.16666666666666666,372.0
4013,365,0.09077224145717297,419.5342465753425
4014,638,0.08121927333749994,393.58777429467085
4015,8,0.10714285714285714,293.5
4016,16,0.041666666666666664,351.75
4017,47,0.05365402405180388,333.25531914893617
4018,20,0.06315789473684211,396.95
4019,0,0.0,0.0
4020,55,0.10774410774410774,449.1636363636364
4021,8,0.0,240.125
4022,225,0.10063492063492063,442.49333333333334
4023,30,0.09195402298850575,430.26666666666665
4024,8,0.03571428571428571,245.25
4025,23,0.05138339920948617,318.6521739130435
4026,1,0.0,97.0
4027,1,0.0,609.0
4028,266,0.085317066250532,406.3233082706767
4029,0,0.0,0.0
4030,4,0.16666666666666666,348.75
4031,205,0.09995217599234815,434.6292682926829
4032,0,0.0,0.0
4033,2,0.0,365.0
4034,109,0.09038396194359496,417.1284403669725
4035,3,0.0,192.33333333333334
4036,20,0.06842105263157895,402.05
4037,0,0.0,0.0
4038,4,0.0,533.25
4039,16,0.075,345.3125
4040,69,0.07544757033248081,372.3768115942029
4041,22,0.05627705627705628,411.40909090909093
4042,2,0.0,268.0
4043,61,0.08360655737704918,395.2295081967213
4044,2,1.0,853.5
4045,32,0.04838709677419355,337.40625
4046,136,0.08714596949891068,416.9264705882353
4047,10,0.022222222222222223,201.7
4048,7,0.09523809523809523,450.57142857142856
4049,119,0.0643782936903575,365.07563025210084
4050,213,0.08636726016476216,413.3286384976526
4051,3,0.0,693.3333333333334
4052,6,0.13333333333333333,558.8333333333334
4053,2,0.0,98.0
4054,59,0.052600818234950324,324.22033898305085
4055,13,0.1282051282051282,421.9230769230769
4056,0,0.0,0.0
4057,19,0.023391812865497075,295.3157894736842
4058,213,0.08308973336876606,405.88262910798124
4059,52,0.07088989441930618,349.4230769230769
4060,0,0.0,0.0
4061,18,0.0718954248366013,418.1666666666667
4062,0,0.0,0.0
4063,0,0.0,0.0
4064,242,0.07732930969445492,394.3471074380165
4065,0,0.0,0.0
4066,8,0.17857142857142858,641.875
4067,0,0.0,0.0
4068,41,0.05975609756097561,346.5365853658537
4069,10,0.15555555555555556,540.0
4070,412,0.08421326152174427,403.3616504854369
4071,56,0.048051948051948054,317.39285714285717
4072,77,0.09330143540669857,428.4025974025974
4073,1,0.0,62.0
4074,24,0.06884057971014493,313.8333333333333
4075,23,0.05533596837944664,354.0
4076,1,0.0,261.0
4077,0,0.0,0.0
4078,18,0.006535947712418301,206.72222222222223
4079,10,0.08888888888888889,442.8
4080,2,0.0,852.0
4081,9,0.05555555555555555,432.6666666666667
4082,0,0.0,0.0
4083,434,0.07860708166154043,382.9193548387097
4084,252,0.10513501549358123,449.51190476190476
4085,4,0.16666666666666666,490.75
4086,3,0.0,584.3333333333334
4087,72,0.06338028169014084,366.2083333333333
4088,45,0.052525252525252523,322.46666666666664
4089,7,0.2857142857142857,722.2857142857143
4090,67,0.052464947987336044,339.07462686567163
4091,4,0.0,303.25
4092,7,0.0,160.42857142857142
4093,3,0.0,254.33333333333334
4094,0,0.0,0.0
4095,11,0.09090909090909091,287.72727272727275
4096,9,0.08333333333333333,367.6666666666667
4097,81,0.07623456790123456,379.6666666666667
4098,3,0.3333333333333333,486.3333333333333
4099,11,0.01818181818181818,284.90909090909093
4100,277,0.08376497671741746,402.11191335740074
4101,0,0.0,0.0
4102,5,0.0,233.2
4103,2,0.0,105.0
4104,419,0.08702652704662503,408.99522673031026
4105,574,0.08226158551787463,397.40418118466897
4106,8,0.0,372.625
4107,0,0.0,0.0
4108,0,0.0,0.0
4109,9,0.1111111111111111,403.3333333333333
4110,31,0.09247311827956989,432.0
4111,0,0.0,0.0
4112,74,0.08922621251388374,398.9189189189189
4113,114,0.0911349169383636,416.57894736842104
4114,0,0.0,0.0
4115,19,0.029239766081871343,234.42105263157896
4116,361,0.08154816866728225,394.93628808864264
4117,2,0.0,114.5
4118,234,0.07358497487252852,376.95726495726495
4119,25,0.02,281.12
4120,2,0.0,54.0
4121,2,0.0,175.5
4122,294,0.09642218662208911,431.9965986394558
4123,393,0.07990600820480864,395.54452926208654
4124,7,0.047619047619047616,330.7142857142857
4125,12,0.015151515151515152,300.5833333333333
4126,838,0.07759557232187919,387.7112171837709
4127,0,0.0,0.0
4128,460,0.07034195320640334,362.6478260869565
4129,1,0.0,203.0
4130,170,0.05805777932474765,347.38823529411764
4131,29,0.05665024630541872,353.51724137931035
4132,264,0.07423090217767024,382.4810606060606
4133,14,0.16483516483516483,558.7857142857143
4134,2,0.0,81.5
4135,7,0.0,359.85714285714283
4136,2,0.0,185.0
4137,7,0.09523809523809523,629.1428571428571
4138,33,0.08333333333333333,403.8181818181818
4139,22,0.1038961038961039,457.8636363636364
4140,70,0.10020703933747412,452.3
4141,6,0.06666666666666667,373.8333333333333
4142,3,0.3333333333333333,451.0
4143,357,0.07819532307304944,387.7955182072829
4144,0,0.0,0.0
4145,1,0.0,10.0
4146,36,0.047619047619047616,325.25
4147,0,0.0,0.0
4148,78,0.08325008325008325,400.96153846153845
4149,25,0.06333333333333334,340.76
4150,2,0.0,459.5
4151,30,0.10804597701149425,441.46666666666664
4152,164,0.0849917701631004,407.3414634146341
4153,30,0.08045977011494253,396.3666666666667
4154,2,0.0,591.0
4155,12,0.015151515151515152,179.66666666666666
4156,19,0.08771929824561403,342.4736842105263
4157,17,0.029411764705882353,298.1764705882353
4158,0,0.0,0.0
4159,45,0.08585858585858586,390.4222222222222
4160,19,0.023391812865497075,220.78947368421052
4161,1,0.0,843.0
4162,8,0.03571428571428571,330.25
4163,32,0.06854838709677419,311.78125
4164,19,0.10526315789473684,519.6315789473684
4165,0,0.0,0.0
4166,157,0.1029723991507431,452.85350318471336
4167,28,0.1164021164021164,458.10714285714283
4168,0,0.0,0.0
4169,96,0.05745614035087719,341.5416666666667
4170,40,0.10512820512820513,446.475
4171,6,0.06666666666666667,425.5
4172,0,0.0,0.0
4173,23,0.06324110671936758,365.6521739130435
4174,317,0.06878169548376792,365.0567823343849
4175,5,0.1,336.6
4176,39,0.06747638326585695,352.97435897435895
4177,387,0.08481610903589455,404.9431524547804
4178,59,0.07071887784921099,373.49152542372883
4179,25,0.07333333333333333,400.8
4180,37,0.06906906906906907,321.64864864864865
4181,46,0.0966183574879227,410.6304347826087
4182,1,0.0,439.0
4183,80,0.07658227848101266,379.1125
4184,0,0.0,0.0
4185,2,0.0,40.0
4186,0,0.0,0.0
4187,0,0.0,0.0
4188,121,0.09517906336088154,440.41322314049586
4189,0,0.0,0.0
4190,173,0.10700362952009679,456.5028901734104
4191,30,0.052873563218390804,309.06666666666666
4192,35,0.08403361344537816,408.9428571428571
4193,196,0.07749869178440608,383.3061224489796
4194,5,0.3,535.0
4195,0,0.0,0.0
4196,55,0.09427609427609428,435.27272727272725
4197,146,0.07888521492678319,396.527397260274
4198,8,0.03571428571428571,392.5
4199,981,0.06820195968295575,361.42813455657495
4200,38,0.05547652916073969,322.89473684210526
4201,198,0.10121519766189817,441.530303030303
4202,390,0.08404192208819458,398.3948717948718
4203,87,0.051590483827853514,318.2758620689655
4204,67,0.07055630936227951,378.56716417910445
4205,3,0.0,605.0
4206,6,0.0,168.66666666666666
4207,242,0.07568327560783238,382.7685950413223
4208,31,0.06881720430107527,386.0967741935484
4209,11,0.01818181818181818,273.6363636363636
4210,15,0.10476190476190476,398.8666666666667
4211,25,0.08666666666666667,358.08
4212,18,0.0457516339869281,344.77777777777777
4213,1128,0.07118786460004908,369.31117021276594
4214,207,0.0890671169269734,419.15942028985506
4215,162,0.07039337474120083,363.22222222222223
4216,40,0.11282051282051282,468.625
4217,3,0.0,583.6666666666666
4218,1,0.0,16.0
4219,1172,0.06678460986933953,357.98890784982933
4220,124,0.09166011014948859,413.89516129032256
4221,552,0.0803414082432468,392.3840579710145
4222,41,0.02804878048780488,295.3170731707317
4223,20,0.05263157894736842,391.45
4224,0,0.0,0.0
4225,4,0.16666666666666666,330.0
4226,58,0.0750151240169389,349.3965517241379
4227,10,0.1111111111111111,453.4
4228,88,0.07445141065830721,391.67045454545456
4229,41,0.06463414634146342,364.0731707317073
4230,21,0.10476190476190476,456.23809523809524
4231,21,0.09523809523809523,403.04761904761904
4232,131,0.07704051673517322,389.3358778625954
4233,3,0.0,484.0
4234,21,0.09047619047619047,417.6190476190476
4235,15,0.14285714285714285,496.2
4236,1,0.0,155.0
4237,220,0.08854296388542963,408.76363636363635
4238,186,0.09200813716942749,415.6774193548387
4239,146,0.09041095890410959,414.78767123287673
4240,17,0.03676470588235294,364.0
4241,51,0.0611764705882353,311.7450980392157
4242,0,0.0,0.0
4243,268,0.07406786293252837,374.31716417910445
4244,8,0.07142857142857142,438.0
4245,28,0.0582010582010582,339.82142857142856
4246,91,0.09108669108669108,422.7362637362637
4247,122,0.06421894052296437,358.0
4248,115,0.07032799389778795,362.7304347826087
4249,273,0.09146735617323852,419.46886446886447
4250,182,0.09100843907473742,419.22527472527474
4251,121,0.06391184573002755,356.53719008264466
4252,43,0.05758582502768549,343.6511627906977
4253,30,0.1724137931034483,561.4
4254,33,0.09848484848484848,450.8181818181818
4255,35,0.11764705882352941,476.34285714285716
4256,90,0.10237203495630462,429.96666666666664
4257,14,0.054945054945054944,334.64285714285717
4258,41,0.09268292682926829,422.8292682926829
4259,47,0.04717853839037928,300.59574468085106
4260,10,0.1111111111111111,319.7
4261,170,0.09223807866341803,420.94117647058823
4262,76,0.08947368421052632,401.64473684210526
4263,45,0.06666666666666667,329.7111111111111
4264,10,0.044444444444444446,291.0
4265,1,0.0,188.0
4266,98,0.09678098043341048,440.0612244897959
4267,250,0.08398393574297189,397.784
4268,103,0.1016561964591662,454.4854368932039
4269,2,0.0,145.5
4270,0,0.0,0.0
4271,42,0.06852497096399536,357.07142857142856
4272,34,0.0427807486631016,337.9117647058824
4273,4,0.0,304.5
4274,215,0.09037165833514453,423.9627906976744
4275,232,0.07803403493058665,386.4698275862069
4276,134,0.0870833800920211,420.03731343283584
4277,288,0.08098625629113435,392.80902777777777
4278,34,0.0659536541889483,371.29411764705884
4279,95,0.07928331466965285,392.2105263157895
4280,1,0.0,26.0
4281,160,0.09992138364779875,443.81875
4282,3,0.0,364.3333333333333
4283,0,0.0,0.0
4284,1,0.0,471.0
4285,18,0.026143790849673203,244.55555555555554
4286,34,0.10695187165775401,447.70588235294116
4287,3,0.0,173.66666666666666
4288,272,0.06574234859995659,361.87867647058823
4289,0,0.0,0.0
4290,798,0.07613450187576846,381.14411027568923
4291,4,0.0,252.25
4292,0,0.0,0.0
4293,12,0.07575757575757576,286.1666666666667
4294,18,0.026143790849673203,280.77777777777777
4295,31,0.07741935483870968,371.19354838709677
4296,171,0.07657378740970072,392.3333333333333
4297,519,0.07024944019163672,367.4219653179191
4298,22,0.08658008658008658,450.40909090909093
4299,1,0.0,812.0
4300,7,0.14285714285714285,534.7142857142857
4301,8,0.07142857142857142,309.625
4302,1,0.0,1296.0
4303,367,0.08423043135152841,404.9482288828338
4304,430,0.07674960698216513,388.69767441860466
4305,2,0.0,475.0
4306,38,0.07254623044096728,343.44736842105266
4307,201,0.11358208955223881,469.06467661691545
4308,10,0.2,444.6
4309,38,0.07539118065433854,410.89473684210526
4310,24,0.06521739130434782,358.2916666666667
4311,8,0.07142857142857142,267.625
4312,3,0.0,311.0
4313,0,0.0,0.0
4314,257,0.07076848249027237,367.0661478599222
4315,7,0.09523809523809523,271.7142857142857
4316,66,0.07365967365967366,396.3333333333333
4317,967,0.07605644658834713,381.2326783867632
4318,13,0.0641025641025641,406.9230769230769
4319,44,0.07610993657505286,352.8863636363636
4320,13,0.07692307692307693,410.7692307692308
4321,9,0.0,454.0
4322,471,0.08238695396846908,396.6624203821656
4323,5,0.1,364.2
4324,12,0.030303030303030304,272.0833333333333
4325,0,0.0,0.0
4326,271,0.062265955992893265,346.070110701107
4327,15,0.10476190476190476,445.0
4328,0,0.0,0.0
4329,0,0.0,0.0
4330,4,0.16666666666666666,289.0
4331,4,0.16666666666666666,669.75
4332,65,0.05432692307692308,325.4307692307692
4333,2,1.0,720.5
4334,55,0.0707070707070707,388.3818181818182
4335,0,0.0,0.0
4336,9,0.3055555555555556,739.3333333333334
4337,5,0.4,648.0
4338,111,0.07485667485667485,383.77477477477476
4339,93,0.08812529219261338,398.26881720430106
4340,33,0.06060606060606061,336.06060606060606
4341,1,0.0,42.0
4342,145,0.08007662835249042,395.88965517241377
4343,596,0.07357171056342,373.4345637583893
4344,11,0.12727272727272726,528.3636363636364
4345,4,0.0,353.5
4346,3,0.0,169.0
4347,0,0.0,0.0
4348,58,0.062310949788263764,334.0344827586207
4349,91,0.054212454212454214,315.0879120879121
4350,42,0.09988385598141696,421.0
4351,1,0.0,655.0
4352,0,0.0,0.0
4353,62,0.08249603384452671,404.64516129032256
4354,0,0.0,0.0
4355,490,0.08513000292141397,404.9734693877551
4356,0,0.0,0.0
4357,17,0.051470588235294115,347.05882352941177
4358,7,0.09523809523809523,268.85714285714283
4359,6,0.06666666666666667,435.0
4360,3,0.0,174.0
4361,89,0.07890704800817161,388.02247191011236
4362,121,0.10013774104683196,438.6115702479339
4363,0,0.0,0.0
4364,14,0.054945054945054944,305.42857142857144
4365,351,0.071990231990232,371.6068376068376
4366,16,0.1,310.5625
4367,32,0.04435483870967742,316.125
4368,34,0.1051693404634581,446.8529411764706
4369,210,0.06976532239690135,372.1333333333333
4370,4,0.0,221.75
4371,225,0.09369047619047619,421.4266666666667
4372,1,0.0,293.0
4373,3,0.0,145.66666666666666
4374,8,0.0,274.5
4375,75,0.0436036036036036,291.92
4376,23,0.06324110671936758,385.9130434782609
4377,18,0.1568627450980392,488.0
4378,14,0.03296703296703297,276.07142857142856
4379,20,0.07368421052631578,302.75
4380,20,0.1,378.05
4381,0,0.0,0.0
4382,1325,0.06692811947785442,358.1403773584906
4383,51,0.058823529411764705,357.05882352941177
4384,0,0.0,0.0
4385,64,0.11458333333333333,463.90625
4386,16,0.03333333333333333,228.1875
4387,45,0.050505050505050504,320.3777777777778
4388,64,0.07291666666666667,365.140625
4389,272,0.08416540047753418,406.30514705882354
4390,1,0.0,32.0
4391,15,0.09523809523809523,435.06666666666666
4392,40,0.07948717948717948,412.1
4393,338,0.05820588906642319,331.89940828402365
4394,12,0.015151515151515152,170.41666666666666
4395,16,0.10833333333333334,407.3125
4396,0,0.0,0.0
4397,8,0.14285714285714285,643.0
4398,16,0.03333333333333333,301.5625
4399,1,0.0,116.0
4400,1,0.0,191.0
4401,25,0.10666666666666667,454.72
4402,5,0.1,475.8
4403,73,0.07496194824961948,393.09589041095893
4404,51,0.1003921568627451,423.03921568627453
4405,485,0.08750958507284655,411.3938144329897
4406,701,0.07956796413287141,389.2339514978602
4407,18,0.06535947712418301,397.05555555555554
4408,113,0.09513274336283185,437.070796460177
4409,231,0.07709392057218144,388.12987012987014
4410,34,0.07130124777183601,411.2352941176471
4411,2,0.0,22.5
4412,121,0.0790633608815427,387.12396694214874
4413,1,0.0,160.0
4414,59,0.12624196376388078,526.4067796610169
4415,0,0.0,0.0
4416,0,0.0,0.0
4417,0,0.0,0.0
4418,50,0.07510204081632653,375.06
4419,5,0.0,506.8
4420,2,1.0,438.5
4421,36,0.05238095238095238,325.47222222222223
4422,60,0.05649717514124294,339.35
4423,1,0.0,1.0
4424,0,0.0,0.0
4425,58,0.07017543859649122,362.05172413793105
4426,26,0.07076923076923076,373.96153846153845
4427,647,0.08875448007235108,412.97681607418855
4428,5,0.1,517.2
4429,17,0.03676470588235294,296.88235294117646
4430,106,0.06828391734052111,357.3207547169811
4431,8,0.07142857142857142,539.25
4432,181,0.07317372621240024,372.6022099447514
4433,3,0.0,95.33333333333333
4434,11,0.09090909090909091,487.90909090909093
4435,27,0.13675213675213677,461.2962962962963
4436,708,0.07841680051782418,386.95621468926555
4437,0,0.0,0.0
4438,0,0.0,0.0
4439,40,0.09230769230769231,470.925
4440,0,0.0,0.0
4441,46,0.07246376811594203,408.6521739130435
4442,5,0.1,279.4
4443,79,0.09087958455047063,430.9240506329114
4444,121,0.06652892561983471,361.05785123966945
4445,0,0.0,0.0
4446,253,0.07660455486542443,387.24505928853756
4447,4,0.0,56.0
4448,0,0.0,0.0
4449,23,0.05533596837944664,335.3478260869565
4450,42,0.1173054587688734,459.8333333333333
4451,9,0.16666666666666666,346.44444444444446
4452,34,0.04634581105169341,303.5882352941176
4453,6,0.0,260.5
4454,8,0.03571428571428571,366.625
4455,51,0.08470588235294117,423.72549019607845
4456,5,0.0,298.4
4457,2,0.0,284.5
4458,0,0.0,0.0
4459,172,0.0710594315245478,374.44767441860466
4460,44,0.08456659619450317,404.79545454545456
4461,4,0.0,236.25
4462,24,0.05434782608695652,337.5
4463,0,0.0,0.0
4464,0,0.0,0.0
4465,95,0.0954087346024636,419.5473684210526
4466,57,0.14285714285714285,534.5087719298245
4467,26,0.06461538461538462,428.5769230769231
4468,10,0.06666666666666667,506.3
4469,20,0.08947368421052632,448.45
4470,15,0.12380952380952381,441.46666666666664
4471,0,0.0,0.0
4472,108,0.06524749048113535,348.26851851851853
4473,326,0.0976875884851345,434.4846625766871
4474,89,0.0712461695607763,370.7865168539326
4475,7,0.09523809523809523,267.0
4476,22,0.07792207792207792,399.6363636363636
4477,526,0.08353431106282817,399.1596958174905
4478,21,0.047619047619047616,393.85714285714283
4479,54,0.09084556254367575,427.24074074074076
4480,8,0.0,125.25
4481,18,0.13725490196078433,521.8888888888889
4482,3,0.3333333333333333,475.0
4483,33,0.10037878787878787,430.1818181818182
4484,2,0.0,129.0
4485,471,0.09471021366942223,429.0828025477707
4486,1,0.0,100.0
4487,2,0.0,313.5
4488,27,0.10541310541310542,393.3333333333333
4489,127,0.09336332958380203,409.79527559055117
4490,0,0.0,0.0
4491,0,0.0,0.0
4492,9,0.0,148.44444444444446
4493,33,0.06060606060606061,327.3636363636364
4494,18,0.08496732026143791,367.1111111111111
4495,311,0.07965978632921895,391.1607717041801
4496,126,0.064,361.8968253968254
4497,393,0.07550501116477125,382.6437659033079
4498,61,0.07540983606557378,380.8688524590164
4499,0,0.0,0.0
4500,13,0.0641025641025641,377.61538461538464
4501,554,0.07656954844269198,386.6028880866426
4502,8,0.0,236.5
4503,22,0.03463203463203463,252.0909090909091
4504,27,0.1339031339031339,469.85185185185185
4505,17,0.029411764705882353,245.35294117647058
4506,146,0.09192253188474256,429.04794520547944
4507,0,0.0,0.0
4508,148,0.07179628608200037,353.63513513513516
4509,385,0.08693181818181818,410.9246753246753
4510,215,0.07407085416213867,383.0186046511628
4511,21,0.01904761904761905,273.0952380952381
4512,187,0.06503363808866655,346.1550802139037
4513,13,0.08974358974358974,387.6923076923077
4514,30,0.027586206896551724,248.23333333333332
4515,1,0.0,112.0
4516,21,0.09523809523809523,409.9047619047619
4517,24,0.05434782608695652,303.5
4518,4,0.0,325.5
4519,99,0.08905380333951762,426.85858585858585
4520,0,0.0,0.0
4521,3,0.0,380.6666666666667
4522,5,0.0,161.8
4523,24,0.05434782608695652,352.1666666666667
4524,20,0.08421052631578947,351.8
4525,6,0.0,233.66666666666666
4526,372,0.07350085499811611,377.3817204301075
4527,13,0.14102564102564102,580.0769230769231
4528,31,0.060215053763440864,323.06451612903226
4529,5,0.4,707.4
4530,0,0.0,0.0
4531,157,0.11113833088355381,465.687898089172
4532,153,0.0694014447884417,365.1503267973856
4533,5,0.0,193.2
4534,151,0.055894039735099335,340.3973509933775
4535,32,0.04032258064516129,306.6875
4536,192,0.07777050610820245,392.2604166666667
4537,373,0.08064516129032258,396.0857908847185
4538,98,0.06669471912476331,370.3469387755102
4539,5,0.1,645.4
4540,30,0.09655172413793103,448.23333333333335
4541,104,0.07766990291262135,395.1442307692308
4542,6,0.0,322.8333333333333
4543,25,0.06333333333333334,306.04
4544,20,0.08947368421052632,410.9
4545,10,0.15555555555555556,560.8
4546,23,0.11067193675889328,477.3478260869565
4547,14,0.03296703296703297,326.7857142857143
4548,30,0.04597701149425287,329.5
4549,6,0.0,264.6666666666667
4550,496,0.08993971977842946,415.30645161290323
4551,14,0.10989010989010989,447.14285714285717
4552,1,0.0,680.0
4553,172,0.06888344893240854,357.3953488372093
4554,27,0.07692307692307693,397.4074074074074
4555,25,0.07,362.28
4556,43,0.06755260243632337,353.9767441860465
4557,7,0.0,305.57142857142856
4558,169,0.08114961961115807,384.84023668639054
4559,19,0.03508771929824561,302.5263157894737
4560,0,0.0,0.0
4561,0,0.0,0.0
4562,6,0.13333333333333333,360.0
4563,291,0.07811352055930798,386.07216494845363
4564,0,0.0,0.0
4565,2,1.0,474.5
4566,319,0.08834604995958281,413.15987460815046
4567,1,0.0,601.0
4568,142,0.07691539306762561,384.67605633802816
4569,3,0.3333333333333333,544.0
4570,9,0.05555555555555555,293.77777777777777
4571,12,0.09090909090909091,505.4166666666667
4572,48,0.05851063829787234,338.3958333333333
4573,6,0.06666666666666667,382.3333333333333
4574,2,0.0,333.0
4575,3,0.0,679.0
4576,118,0.11820947414167753,489.53389830508473
4577,6,0.0,317.1666666666667
4578,299,0.09285986846535431,423.7725752508361
4579,223,0.08253545024845474,409.07174887892376
4580,71,0.11187122736418512,462.88732394366195
4581,4,0.16666666666666666,457.75
4582,15,0.0380952380952381,184.33333333333334
4583,0,0.0,0.0
4584,7,0.14285714285714285,422.0
4585,405,0.08783767265615451,410.47407407407405
4586,259,0.09413067552602436,420.3745173745174
4587,62,0.04389212057112639,296.06451612903226
4588,1,0.0,305.0
4589,13,0.0641025641025641,326.38461538461536
4590,6,0.13333333333333333,626.8333333333334
4591,0,0.0,0.0
4592,1,0.0,757.0
4593,156,0.07783291976840363,386.64102564102564
4594,50,0.08081632653061224,414.14
4595,108,0.07320872274143302,379.19444444444446
4596,2,0.0,384.0
4597,112,0.09041184041184042,418.1517857142857
4598,4,0.5,577.0
4599,0,0.0,0.0
4600,3,0.0,92.33333333333333
4601,0,0.0,0.0
4602,0,0.0,0.0
4603,2,0.0,321.5
4604,30,0.05517241379310345,315.43333333333334
4605,12,0.015151515151515152,257.75
4606,153,0.08651530787753697,416.72549019607845
4607,6,0.2,417.8333333333333
4608,33,0.10416666666666667,405.5151515151515
4609,72,0.08450704225352113,411.25
4610,4,0.0,280.0
4611,59,0.0847457627118644,387.8305084745763
4612,74,0.05627545353572751,319.35135135135135
4613,65,0.06875,382.96923076923076
4614,28,0.06084656084656084,322.5357142857143
4615,2,0.0,800.5
4616,2,0.0,516.5
4617,32,0.06854838709677419,366.40625
4618,50,0.07265306122448979,364.04
4619,76,0.07719298245614035,375.80263157894734
4620,4,0.0,695.0
4621,0,0.0,0.0
4622,9,0.08333333333333333,453.22222222222223
4623,97,0.09600515463917526,425.08247422680415
4624,127,0.06161729783777028,345.84251968503935
4625,10,0.08888888888888889,427.4
4626,77,0.05809979494190021,354.4805194805195
4627,25,0.06333333333333334,344.56
4628,86,0.08153214774281806,393.7906976744186
4629,6,0.06666666666666667,482.0
4630,7,0.09523809523809523,300.85714285714283
4631,3,0.0,242.66666666666666
4632,0,0.0,0.0
4633,94,0.0851063829787234,424.4255319148936
4634,258,0.09549663680511568,436.80232558139534
4635,49,0.0467687074829932,325.16326530612247
4636,58,0.0514216575922565,335.3448275862069
4637,1,0.0,221.0
4638,8,0.0,224.25
4639,15,0.05714285714285714,362.93333333333334
4640,568,0.08006682067714932,391.3538732394366
4641,0,0.0,0.0
4642,2,0.0,3.5
4643,166,0.09784592917123038,428.6927710843373
4644,3,0.0,461.6666666666667
4645,141,0.09189463019250253,425.0354609929078
4646,38,0.07965860597439545,389.3157894736842
4647,51,0.07215686274509804,383.0980392156863
4648,2,0.0,513.5
4649,93,0.07082748948106592,374.48387096774195
4650,0,0.0,0.0
4651,121,0.09393939393939393,427.8264462809917
4652,24,0.028985507246376812,274.4583333333333
4653,2,0.0,295.5
4654,14,0.0,263.85714285714283
4655,26,0.052307692307692305,314.34615384615387
4656,0,0.0,0.0
4657,2,0.0,73.0
4658,12,0.045454545454545456,193.16666666666666
4659,92,0.08623984710941232,403.75
4660,3,0.3333333333333333,444.3333333333333
4661,3,0.0,182.66666666666666
4662,1,0.0,63.0
4663,303,0.08191812558739317,398.03960396039605
4664,137,0.07610562473164448,385.75912408759126
4665,12,0.045454545454545456,248.75
4666,9,0.3055555555555556,720.2222222222222
4667,4,0.16666666666666666,525.5
4668,3,0.0,180.33333333333334
4669,26,0.13538461538461538,452.88461538461536
4670,178,0.07611248651050594,384.2022471910112
4671,256,0.07392769607843137,373.78515625
4672,3,0.0,75.33333333333333
4673,4,0.3333333333333333,794.0
4674,10,0.1111111111111111,383.9
4675,48,0.09219858156028368,401.9375
4676,4,0.0,89.25
4677,39,0.17813765182186234,591.2820512820513
4678,1,0.0,487.0
4679,0,0.0,0.0
4680,47,0.11378353376503238,428.3404255319149
4681,33,0.10795454545454546,495.75757575757575
4682,190,0.0785853522695628,390.34736842105264
4683,11,0.05454545454545454,356.6363636363636
4684,3,0.0,586.0
4685,0,0.0,0.0
4686,0,0.0,0.0
4687,0,0.0,0.0
4688,8,0.10714285714285714,422.5
4689,0,0.0,0.0
4690,136,0.08801742919389978,430.38235294117646
4691,299,0.08628313618100604,408.6488294314381
4692,6,0.13333333333333333,495.8333333333333
4693,394,0.07774376461166867,387.05837563451774
4694,29,0.12315270935960591,529.3793103448276
4695,25,0.11333333333333333,507.12
4696,212,0.06930161852812304,362.10849056603774
4697,4,0.0,87.5
4698,0,0.0,0.0
4699,0,0.0,0.0
4700,3,0.3333333333333333,604.0
4701,11,0.09090909090909091,408.0
4702,14,0.0989010989010989,468.57142857142856
4703,81,0.06358024691358025,356.1975308641975
4704,32,0.08266129032258064,437.90625
4705,0,0.0,0.0
4706,8,0.14285714285714285,446.25
4707,1,0.0,119.0
4708,7,0.0,170.85714285714286
4709,6,0.06666666666666667,258.6666666666667
4710,18,0.0457516339869281,299.1666666666667
4711,32,0.05241935483870968,330.5
4712,54,0.07686932215234102,395.9259259259259
4713,67,0.048846675712347354,316.65671641791045
4714,32,0.034274193548387094,299.5625
4715,97,0.06743986254295532,357.7113402061856
4716,13,0.01282051282051282,274.38461538461536
4717,1,0.0,272.0
4718,26,0.09230769230769231,405.0769230769231
4719,1,0.0,48.0
4720,89,0.04647599591419816,309.3820224719101
4721,308,0.08566352214560684,400.31493506493507
4722,157,0.07243181447003103,390.71974522292993
4723,10,0.022222222222222223,284.4
4724,0,0.0,0.0
4725,13,0.10256410256410256,365.7692307692308
4726,13,0.20512820512820512,621.0769230769231
4727,257,0.11150291828793775,469.49805447470817
4728,4,0.0,282.0
4729,34,0.07308377896613191,413.79411764705884
4730,0,0.0,0.0
4731,3,0.6666666666666666,854.3333333333334
4732,124,0.07041699449252557,365.06451612903226
4733,201,0.07945273631840796,393.9154228855721
4734,4,0.0,180.0
4735,9,0.05555555555555555,360.55555555555554
4736,1,0.0,407.0
4737,140,0.0895169578622816,407.25714285714287
4738,466,0.08595689694955928,406.74463519313304
4739,23,0.05138339920948617,383.82608695652175
4740,7,0.0,304.7142857142857
4741,6,0.06666666666666667,286.1666666666667
4742,71,0.05352112676056338,322.9718309859155
4743,0,0.0,0.0
4744,3,0.3333333333333333,339.6666666666667
4745,119,0.07805155960689361,388.2689075630252
4746,13,0.1282051282051282,483.7692307692308
4747,31,0.07096774193548387,383.258064516129
4748,32,0.07661290322580645,384.21875
4749,0,0.0,0.0
4750,1,0.0,92.0
4751,38,0.06543385490753911,379.94736842105266
4752,3,0.0,359.0
4753,59,0.07422559906487435,407.54237288135596
4754,368,0.07131856415116693,373.6902173913044
4755,17,0.014705882352941176,215.35294117647058
4756,119,0.10183734510753453,436.93277310924367
4757,0,0.0,0.0
4758,2,0.0,413.5
4759,3,0.0,162.0
4760,15,0.12380952380952381,493.8
4761,48,0.06205673758865248,349.4375
4762,0,0.0,0.0
4763,5,0.0,165.2
4764,443,0.07627958285241515,382.81264108352144
4765,50,0.11428571428571428,485.38
4766,0,0.0,0.0
4767,11,0.18181818181818182,488.8181818181818
4768,30,0.08505747126436781,437.1666666666667
4769,65,0.05,324.0769230769231
4770,24,0.06521739130434782,380.5833333333333
4771,14,0.12087912087912088,481.85714285714283
4772,0,0.0,0.0
4773,10,0.022222222222222223,319.4
4774,12,0.09090909090909091,395.8333333333333
4775,1,0.0,553.0
4776,91,0.060073260073260075,340.4945054945055
4777,33,0.07575757575757576,387.93939393939394
4778,15,0.13333333333333333,451.4
4779,8,0.2857142857142857,628.25
4780,30,0.0896551724137931,410.73333333333335
4781,19,0.03508771929824561,264.57894736842104
4782,14,0.0989010989010989,439.7857142857143
4783,10,0.15555555555555556,414.6
4784,2,0.0,300.5
4785,12,0.0,147.16666666666666
4786,249,0.09722762015805156,432.2409638554217
4787,1,0.0,492.0
4788,0,0.0,0.0
4789,202,0.08935520417713413,416.21287128712873
4790,7,0.0,304.14285714285717
4791,8,0.0,246.25
4792,5,0.0,322.0
4793,17,0.03676470588235294,215.7058823529412
4794,16,0.05,426.4375
4795,81,0.07932098765432098,404.28395061728395
4796,39,0.07422402159244265,352.71794871794873
4797,5,0.0,663.8
4798,11,0.05454545454545454,287.6363636363636
4799,50,0.09306122448979592,381.98
4800,6,0.0,332.6666666666667
4801,734,0.08502626286657423,404.64713896457766
4802,23,0.06719367588932806,342.6521739130435
4803,1,0.0,44.0
4804,5,0.3,404.0
4805,17,0.08823529411764706,360.8235294117647
4806,909,0.07962712570816553,388.96809680968096
4807,21,0.05714285714285714,361.85714285714283
4808,11,0.05454545454545454,411.0
4809,0,0.0,0.0
4810,16,0.025,298.1875
4811,75,0.07567567567567568,363.7733333333333
4812,499,0.09356866343128023,420.937875751503
4813,35,0.15630252100840336,529.7714285714286
4814,6,0.0,131.83333333333334
4815,268,0.07870758566716977,388.32835820895525
4816,1,0.0,82.0
4817,4,0.3333333333333333,654.75
4818,24,0.050724637681159424,360.5416666666667
4819,0,0.0,0.0
4820,0,0.0,0.0
4821,0,0.0,0.0
4822,23,0.05138339920948617,370.1304347826087
4823,7,0.09523809523809523,381.7142857142857
4824,1,0.0,308.0
4825,0,0.0,0.0
4826,117,0.05113468906572355,320.6923076923077
4827,20,0.13157894736842105,591.35
4828,4,0.0,63.0
4829,16,0.05,319.375
4830,9,0.1111111111111111,389.55555555555554
4831,136,0.08790849673202615,411.91911764705884
4832,105,0.08681318681318681,409.1904761904762
4833,21,0.014285714285714285,240.1904761904762
4834,1004,0.06806671618610305,360.5318725099602
4835,5,0.0,318.6
4836,400,0.09140350877192982,418.4725
4837,39,0.0620782726045884,337.1794871794872
4838,214,0.07366943091571235,370.45327102803736
4839,2,0.0,184.0
4840,17,0.007352941176470588,381.52941176470586
4841,0,0.0,0.0
4842,62,0.08831306187202538,399.0483870967742
4843,525,0.08853507815339877,411.5904761904762
4844,23,0.07114624505928854,375.9130434782609
4845,7,0.0,182.14285714285714
4846,37,0.04504504504504504,314.72972972972974
4847,1,0.0,560.0
4848,5,0.1,573.4
4849,72,0.081377151799687,380.97222222222223
4850,4,0.16666666666666666,501.0
4851,0,0.0,0.0
4852,368,0.07228112782845635,371.6032608695652
4853,836,0.08017362404377847,392.4988038277512
4854,29,0.05665024630541872,333.41379310344826
4855,3,0.3333333333333333,1061.0
4856,61,0.06229508196721312,362.1967213114754
4857,569,0.08361593108740316,400.7855887521968
4858,3,0.0,228.66666666666666
4859,327,0.07643383801429617,383.3822629969419
4860,26,0.09230769230769231,430.61538461538464
4861,12,0.030303030303030304,242.33333333333334
4862,11,0.05454545454545454,405.0
4863,15,0.0761904761904762,351.3333333333333
4864,132,0.07702984038861901,380.6666666666667
4865,275,0.07981420039814201,388.0945454545455
4866,152,0.08644126873475079,414.0986842105263
4867,51,0.13725490196078433,515.9411764705883
4868,5,0.0,565.0
4869,3,0.0,402.3333333333333
4870,21,0.08095238095238096,398.42857142857144
4871,2,0.0,581.0
4872,55,0.050505050505050504,306.6545454545454
4873,22,0.06060606060606061,308.1818181818182
4874,0,0.0,0.0
4875,292,0.06630419432283575,349.63698630136986
4876,0,0.0,0.0
4877,257,0.07627067120622569,380.60700389105057
4878,346,0.08432604506995058,407.59537572254334
4879,3,0.0,495.3333333333333
4880,1,0.0,222.0
4881,27,0.04843304843304843,332.44444444444446
4882,35,0.052100840336134456,326.6
4883,175,0.08400656814449918,405.44
4884,21,0.09047619047619047,417.3809523809524
4885,23,0.04743083003952569,318.6521739130435
4886,21,0.05238095238095238,332.04761904761904
4887,3,0.0,484.6666666666667
4888,20,0.1,428.0
4889,9,0.027777777777777776,420.3333333333333
4890,84,0.06397016637980493,338.64285714285717
4891,30,0.08275862068965517,378.3666666666667
4892,1,0.0,206.0
4893,5,0.0,266.2
4894,19,0.07017543859649122,386.2105263157895
4895,11,0.05454545454545454,257.1818181818182
4896,15,0.17142857142857143,523.4
4897,366,0.09283629014147765,418.6693989071038
4898,0,0.0,0.0
4899,29,0.07635467980295567,366.3448275862069
4900,10,0.044444444444444446,448.3
4901,10,0.044444444444444446,278.7
4902,1,0.0,540.0
4903,137,0.09370974667239158,431.54014598540147
4904,40,0.06538461538461539,380.6
4905,58,0.10405323653962492,453.01724137931035
4906,455,0.07068790240596408,366.0483516483516
4907,0,0.0,0.0
4908,0,0.0,0.0
4909,0,0.0,0.0
4910,0,0.0,0.0
4911,148,0.0718882147453576,371.6554054054054
4912,14,0.17582417582417584,546.1428571428571
4913,27,0.11396011396011396,422.0
4914,59,0.0701344243132671,365.8813559322034
4915,143,0.05318625036934896,324.13986013986016
4916,0,0.0,0.0
4917,121,0.07079889807162534,363.90909090909093
4918,107,0.06912361135602187,350.0934579439252
4919,18,0.058823529411764705,307.8888888888889
4920,713,0.07579936019666861,380.1079943899018
4921,34,0.0784313725490196,376.2352941176471
4922,38,0.1166429587482219,457.5
4923,185,0.06598119858989424,365.9189189189189
4924,34,0.062388591800356503,387.0882352941176
4925,13,0.08974358974358974,480.0769230769231
4926,62,0.05817028027498678,333.7741935483871
4927,1,0.0,2.0
4928,7,0.09523809523809523,414.0
4929,45,0.1383838383838384,497.93333333333334
4930,413,0.08223042384635276,397.3510895883777
4931,5,0.2,403.6
4932,66,0.08578088578088579,421.3939393939394
4933,6,0.26666666666666666,544.0
4934,13,0.05128205128205128,346.9230769230769
4935,3,0.3333333333333333,511.6666666666667
4936,210,0.09396217817270448,426.16190476190474
4937,661,0.07652775867601888,382.45083207261723
4938,4,0.0,294.5
4939,745,0.077487912246518,384.01610738255033
4940,67,0.05970149253731343,338.3880597014925
4941,2,0.0,48.5
4942,6,0.0,361.8333333333333
4943,501,0.07948103792415169,390.85429141716565
4944,0,0.0,0.0
4945,12,0.015151515151515152,252.75
4946,1,0.0,847.0
4947,3,0.0,254.33333333333334
4948,3,0.3333333333333333,668.3333333333334
4949,106,0.06433063791554358,351.29245283018867
4950,297,0.0642005642005642,348.17845117845116
4951,18,0.0915032679738562,400.05555555555554
4952,9,0.1388888888888889,511.44444444444446
4953,63,0.07629288274449565,395.36507936507934
4954,29,0.06403940886699508,355.62068965517244
4955,0,0.0,0.0
4956,2,0.0,221.5
4957,128,0.07824803149606299,394.265625
4958,125,0.05729032258064516,325.728
4959,2,1.0,769.5
4960,1,0.0,492.0
4961,28,0.06084656084656084,279.89285714285717
4962,765,0.08391335591828354,403.3529411764706
4963,133,0.061175666438824335,337.4661654135338
4964,69,0.10315430520034101,475.6231884057971
4965,8,0.07142857142857142,360.25
4966,0,0.0,0.0
4967,44,0.15327695560253699,530.9318181818181
4968,1,0.0,455.0
4969,948,0.07377505691969756,377.9314345991561
4970,7,0.0,190.14285714285714
4971,13,0.08974358974358974,325.7692307692308
4972,231,0.10054583098061359,442.3722943722944
4973,10,0.17777777777777778,492.5
4974,2,0.0,87.0
4975,772,0.0818834297695611,395.3795336787565
4976,2,0.0,366.5
4977,8,0.10714285714285714,522.375
4978,42,0.0429732868757259,321.6190476190476
4979,24,0.07608695652173914,432.5416666666667
4980,361,0.08858110187750078,412.5318559556787
4981,32,0.08266129032258064,417.40625
4982,1,0.0,264.0
4983,72,0.06807511737089202,380.2638888888889
4984,8,0.03571428571428571,370.375
4985,6,0.0,105.16666666666667
4986,2,0.0,35.0
4987,9,0.08333333333333333,322.8888888888889
4988,36,0.03968253968253968,314.25
4989,9,0.08333333333333333,296.3333333333333
4990,2,0.0,526.0
4991,62,0.11422527763088314,436.93548387096774
4992,66,0.08391608391608392,410.8484848484849
4993,4,0.0,387.0
4994,9,0.05555555555555555,429.3333333333333
4995,1,0.0,806.0
4996,12,0.045454545454545456,240.5
4997,7,0.19047619047619047,612.1428571428571
4998,7,0.09523809523809523,323.2857142857143
4999,34,0.08912655971479501,392.02941176470586
5000,111,0.06666666666666667,365.8288288288288
5001,3,0.0,284.0
5002,0,0.0,0.0
5003,4,0.0,287.75
5004,28,0.082010582010582,416.35714285714283
5005,0,0.0,0.0
5006,108,0.08238144686742818,398.7037037037037
5007,0,0.0,0.0
5008,2,0.0,455.0
5009,21,0.01904761904761905,249.57142857142858
5010,1,0.0,1250.0
5011,0,0.0,0.0
5012,7,0.19047619047619047,430.57142857142856
5013,0,0.0,0.0
5014,35,0.08235294117647059,422.0857142857143
5015,47,0.07770582793709528,382.74468085106383
5016,16,0.041666666666666664,335.125
5017,4,0.0,160.25
5018,39,0.0553306342780027,324.4102564102564
5019,96,0.06315789473684211,350.6145833333333
5020,244,0.08220333265870607,388.9549180327869
5021,263,0.07561025164717151,377.2813688212928
5022,14,0.12087912087912088,578.5714285714286
5023,50,0.10040816326530612,405.72
5024,5,0.0,309.2
5025,10,0.0,332.7
5026,1,0.0,1035.0
5027,127,0.08348956380452444,404.81102362204723
5028,1,0.0,879.0
5029,155,0.0987012987012987,437.4709677419355
5030,67,0.05110809588421529,330.23880597014926
5031,78,0.058941058941058944,337.5128205128205
5032,72,0.04616588419405321,290.68055555555554
5033,130,0.07740011926058438,381.2230769230769
5034,5,0.0,146.2
5035,6,0.0,203.83333333333334
5036,236,0.09138117562206996,424.10593220338984
5037,4,0.0,440.0
5038,205,0.08460066953610712,398.62439024390244
5039,13,0.15384615384615385,610.2307692307693
5040,38,0.07396870554765292,386.7105263157895
5041,0,0.0,0.0
5042,11,0.05454545454545454,301.27272727272725
5043,19,0.05263157894736842,304.1578947368421
5044,131,0.06365237815619496,354.39694656488547
5045,233,0.09323664348083469,425.6652360515021
5046,0,0.0,0.0
5047,126,0.07187301587301587,374.22222222222223
5048,10,0.2,622.7
5049,40,0.09230769230769231,455.1
5050,0,0.0,0.0
5051,1035,0.07275156747867201,372.67149758454104
5052,1,0.0,12.0
5053,542,0.0752399206062301,380.2952029520295
5054,5,0.1,427.0
5055,532,0.07782167282613313,385.36654135338347
5056,6,0.2,630.6666666666666
5057,7,0.047619047619047616,493.7142857142857
5058,13,0.038461538461538464,298.61538461538464
5059,543,0.08296127160166629,399.4033149171271
5060,4,0.0,567.5
5061,58,0.060496067755595885,347.2413793103448
5062,257,0.08788302529182879,406.85603112840465
5063,111,0.12170352170352171,490.4684684684685
5064,5,0.0,183.0
5065,48,0.0549645390070922,334.0208333333333
5066,20,0.07368421052631578,409.85
5067,771,0.0755402833223845,380.40337224383916
5068,16,0.06666666666666667,453.75
5069,27,0.10256410256410256,426.77777777777777
5070,1,0.0,238.0
5071,31,0.08387096774193549,412.80645161290323
5072,18,0.08496732026143791,391.94444444444446
5073,22,0.08658008658008658,420.8636363636364
5074,6,0.0,140.33333333333334
5075,21,0.06666666666666667,345.3333333333333
5076,20,0.08947368421052632,403.6
5077,8,0.07142857142857142,493.25
5078,126,0.07098412698412698,370.3492063492063
5079,339,0.09310362884222653,422.35693215339234
5080,18,0.1111111111111111,463.6111111111111
5081,0,0.0,0.0
5082,295,0.08442292171105731,405.19322033898305
5083,656,0.08370415192701545,402.0365853658537
5084,5,0.3,100.6
5085,102,0.12444185595030091,488.9901960784314
5086,15,0.06666666666666667,316.8
5087,23,0.1422924901185771,456.82608695652175
5088,3,0.0,706.6666666666666
5089,3,0.3333333333333333,423.0
5090,0,0.0,0.0
5091,63,0.059395801331285206,346.0952380952381
5092,6,0.06666666666666667,378.8333333333333
5093,2,0.0,235.5
5094,236,0.08059862964298593,393.6101694915254
5095,4,0.3333333333333333,489.75
5096,1,0.0,441.0
5097,10,0.022222222222222223,185.7
5098,17,0.051470588235294115,336.11764705882354
5099,0,0.0,0.0
5100,17,0.11764705882352941,494.94117647058823
5101,352,0.08318764568764568,403.8323863636364
5102,18,0.13725490196078433,452.8888888888889
5103,1,0.0,650.0
5104,2,0.0,353.0
5105,126,0.08977777777777778,421.6111111111111
5106,9,0.19444444444444445,507.77777777777777
5107,205,0.0806312769010043,396.79024390243904
5108,2,0.0,320.5
5109,2,0.0,108.0
5110,9,0.0,249.33333333333334
5111,72,0.07042253521126761,361.2083333333333
5112,43,0.08970099667774087,394.2093023255814
5113,15,0.08571428571428572,353.8
5114,6,0.13333333333333333,461.1666666666667
5115,17,0.10294117647058823,406.29411764705884
5116,6,0.0,344.8333333333333
5117,85,0.09915966386554621,448.1411764705882
5118,88,0.06713688610240334,368.82954545454544
5119,11,0.03636363636363636,265.45454545454544
5120,9,0.16666666666666666,436.44444444444446
5121,41,0.08902439024390243,394.0
5122,3,0.0,493.0
5123,202,0.06906063740702428,361.0049504950495
5124,5,0.2,567.4
5125,9,0.0,267.0
5126,0,0.0,0.0
5127,0,0.0,0.0
5128,24,0.12318840579710146,463.0
5129,8,0.03571428571428571,229.5
5130,49,0.0663265306122449,342.265306122449
5131,53,0.07402031930333818,372.8867924528302
5132,68,0.09350307287093942,411.19117647058823
5133,5,0.0,274.8
5134,8,0.10714285714285714,442.125
5135,2,0.0,286.5
5136,9,0.08333333333333333,466.44444444444446
5137,1,0.0,60.0
5138,2,0.0,762.5
5139,25,0.04,342.96
5140,133,0.07496012759170653,365.4135338345865
5141,17,0.051470588235294115,335.1764705882353
5142,3,0.3333333333333333,799.6666666666666
5143,2,0.0,455.5
5144,499,0.0711785015814762,371.3346693386774
5145,7,0.0,236.14285714285714
5146,41,0.08902439024390243,399.0487804878049
5147,18,0.032679738562091505,359.72222222222223
5148,483,0.08162160769052344,395.60869565217394
5149,132,0.09426324311820496,430.0984848484849
5150,4,0.3333333333333333,595.5
5151,36,0.03015873015873016,268.1388888888889
5152,1,0.0,43.0
5153,20,0.05263157894736842,342.5
5154,260,0.07858627858627859,383.87307692307695
5155,4,0.16666666666666666,322.25
5156,312,0.0718731964712672,373.28846153846155
5157,1,0.0,1056.0
5158,89,0.0855464759959142,424.7303370786517
5159,0,0.0,0.0
5160,245,0.07771830043492807,387.39591836734695
5161,1,0.0,157.0
5162,2,0.0,211.5
5163,4,0.0,226.5
5164,0,0.0,0.0
5165,0,0.0,0.0
5166,5,0.1,510.0
5167,88,0.06191222570532915,341.1136363636364
5168,51,0.0792156862745098,378.98039215686276
5169,1252,0.0677860267696386,359.35223642172525
5170,20,0.08421052631578947,431.75
5171,726,0.08328678635888667,399.6280991735537
5172,28,0.09259259259259259,441.39285714285717
5173,19,0.06432748538011696,410.2631578947368
5174,11,0.01818181818181818,269.1818181818182
5175,5,0.1,249.2
5176,88,0.08594566353187043,407.7386363636364
5177,181,0.0858195211786372,401.2044198895028
5178,22,0.06060606060606061,351.1818181818182
5179,1,0.0,496.0
5180,0,0.0,0.0
5181,90,0.06916354556803996,364.31111111111113
5182,98,0.04902167052387966,297.8265306122449
5183,384,0.09561303307223673,427.7994791666667
5184,14,0.04395604395604396,356.0
5185,9,0.0,292.22222222222223
5186,701,0.08085999592418994,393.4864479315264
5187,1,0.0,85.0
5188,33,0.056818181818181816,350.09090909090907
5189,9,0.1111111111111111,531.2222222222222
5190,919,0.079107014586756,388.30359085963005
5191,22,0.12987012987012986,473.54545454545456
5192,2,0.0,161.5
5193,294,0.08941050823059599,415.0034013605442
5194,17,0.10294117647058823,392.6470588235294
5195,4,0.0,310.5
5196,3,0.0,174.33333333333334
5197,2,0.0,456.5
5198,27,0.07407407407407407,430.6666666666667
5199,2,0.0,767.5
5200,11,0.14545454545454545,516.0909090909091
5201,124,0.06897456071334906,355.5403225806452
5202,2,0.0,791.5
5203,9,0.1388888888888889,431.3333333333333
5204,44,0.06871035940803383,337.97727272727275
5205,29,0.04926108374384237,316.2413793103448
5206,54,0.0880503144654088,443.01851851851853
5207,0,0.0,0.0
5208,128,0.08095472440944881,397.2109375
5209,0,0.0,0.0
5210,0,0.0,0.0
5211,3,0.0,274.3333333333333
5212,0,0.0,0.0
5213,428,0.08092757556523451,396.04672897196264
5214,13,0.038461538461538464,315.53846153846155
5215,1,0.0,60.0
5216,8,0.17857142857142858,684.25
5217,0,0.0,0.0
5218,28,0.08994708994708994,420.85714285714283
5219,172,0.06813545491636067,362.4418604651163
5220,0,0.0,0.0
5221,0,0.0,0.0
5222,1,0.0,675.0
5223,18,0.13071895424836602,477.3888888888889
5224,599,0.08736411298652716,409.3939899833055
5225,17,0.08823529411764706,436.05882352941177
5226,31,0.03655913978494624,336.03225806451616
5227,3,0.0,125.0
5228,17,0.14705882352941177,511.52941176470586
5229,11,0.01818181818181818,337.1818181818182
5230,18,0.08496732026143791,409.27777777777777
5231,27,0.10256410256410256,449.9259259259259
5232,220,0.07102532171025322,362.4318181818182
5233,52,0.1138763197586727,435.3076923076923
5234,33,0.07386363636363637,384.7878787878788
5235,5,0.4,694.2
5236,9,0.05555555555555555,571.2222222222222
5237,152,0.08670268386197282,404.875
5238,189,0.08499380839806371,402.22222222222223
5239,69,0.0741687979539642,384.4927536231884
5240,7,0.19047619047619047,510.42857142857144
5241,2,0.0,361.5
5242,31,0.10752688172043011,439.35483870967744
5243,14,0.07692307692307693,389.2142857142857
5244,2,0.0,476.0
5245,0,0.0,0.0
5246,78,0.05228105228105228,317.05128205128204
5247,129,0.0869670542635659,415.86046511627904
5248,53,0.059506531204644414,330.07547169811323
5249,29,0.08866995073891626,437.13793103448273
5250,38,0.06543385490753911,366.8157894736842
5251,111,0.05454545454545454,338.52252252252254
5252,19,0.06432748538011696,389.5263157894737
5253,0,0.0,0.0
5254,947,0.07245312336051758,371.6451953537487
5255,95,0.06382978723404255,359.30526315789473
5256,0,0.0,0.0
5257,39,0.10526315789473684,429.6666666666667
5258,26,0.033846153846153845,285.96153846153845
5259,111,0.06552006552006552,350.98198198198196
5260,17,0.08088235294117647,403.2352941176471
5261,17,0.08088235294117647,437.47058823529414
5262,64,0.10119047619047619,444.234375
5263,31,0.043010752688172046,330.4516129032258
5264,2,0.0,135.0
5265,9,0.05555555555555555,288.22222222222223
5266,0,0.0,0.0
5267,0,0.0,0.0
5268,3,0.3333333333333333,847.3333333333334
5269,5,0.2,712.6
5270,175,0.08374384236453201,402.48
5271,9,0.08333333333333333,337.44444444444446
5272,21,0.047619047619047616,262.6666666666667
5273,5,0.1,304.0
5274,5,0.0,204.0
5275,13,0.0641025641025641,312.61538461538464
5276,4,0.0,198.75
5277,55,0.07878787878787878,390.3454545454546
5278,14,0.07692307692307693,304.92857142857144
5279,84,0.07200229489386116,390.35714285714283
5280,244,0.08156243675369358,391.12295081967216
5281,18,0.08496732026143791,347.6111111111111
5282,2,0.0,368.0
5283,115,0.08482074752097635,410.24347826086955
5284,4,0.0,240.75
5285,0,0.0,0.0
5286,5,0.2,493.2
5287,0,0.0,0.0
5288,15,0.12380952380952381,470.6
5289,6,0.06666666666666667,260.1666666666667
5290,1233,0.07323890626810335,373.16707218167073
5291,320,0.0771551724137931,383.084375
5292,25,0.04,365.32
5293,0,0.0,0.0
5294,3,0.3333333333333333,428.6666666666667
5295,2,0.0,337.0
5296,3,0.0,488.3333333333333
5297,48,0.05673758865248227,312.2708333333333
5298,80,0.07689873417721518,391.975
5299,13,0.15384615384615385,602.0769230769231
5300,34,0.06060606060606061,315.9117647058824
5301,9,0.05555555555555555,249.22222222222223
5302,10,0.1111111111111111,614.0
5303,579,0.08059474932917392,391.78756476683935
5304,22,0.1038961038961039,505.5
5305,298,0.10464827243350733,446.4496644295302
5306,677,0.08450088713695122,402.47562776957164
5307,227,0.08861252972593661,414.3171806167401
5308,15,0.0761904761904762,435.3333333333333
5309,3,0.0,506.0
5310,13,0.10256410256410256,447.6923076923077
5311,0,0.0,0.0
5312,553,0.07484209974578715,376.2893309222423
5313,113,0.08644121365360304,414.21238938053096
5314,16,0.11666666666666667,451.4375
5315,0,0.0,0.0
5316,0,0.0,0.0
5317,74,0.08515364679748241,430.68918918918916
5318,3,0.0,485.3333333333333
5319,12,0.045454545454545456,404.9166666666667
5320,155,0.07222454964390448,379.0
5321,0,0.0,0.0
5322,42,0.09407665505226481,443.4761904761905
5323,99,0.0888476602762317,416.949494949495
5324,7,0.047619047619047616,439.57142857142856
5325,312,0.07906669964547779,390.1121794871795
5326,11,0.01818181818181818,324.54545454545456
5327,0,0.0,0.0
5328,3,0.0,69.0
5329,0,0.0,0.0
5330,0,0.0,0.0
5331,0,0.0,0.0
5332,19,0.03508771929824561,355.0
5333,8,0.14285714285714285,508.375
5334,3,0.0,606.3333333333334
5335,27,0.045584045584045586,281.74074074074076
5336,0,0.0,0.0
5337,64,0.06299603174603174,358.6875
5338,8,0.10714285714285714,384.5
5339,359,0.07517779057282022,381.6685236768802
5340,0,0.0,0.0
5341,0,0.0,0.0
5342,35,0.07058823529411765,357.2
5343,0,0.0,0.0
5344,38,0.10099573257467995,476.9736842105263
5345,13,0.07692307692307693,341.46153846153845
5346,468,0.07870751660901554,388.87179487179486
5347,39,0.044534412955465584,265.0769230769231
5348,4,0.0,183.75
5349,59,0.05902980713033314,340.59322033898303
5350,22,0.09523809523809523,396.3181818181818
5351,104,0.07076176250933533,369.33653846153845
5352,7,0.047619047619047616,458.85714285714283
5353,1,0.0,466.0
5354,120,0.05812324929971989,343.05
5355,0,0.0,0.0
5356,0,0.0,0.0
5357,2,0.0,227.5
5358,103,0.0814772510946126,406.11650485436894
5359,671,0.08127321662922347,397.12667660208643
5360,204,0.08842847483821115,423.8235294117647
5361,70,0.04596273291925466,308.3857142857143
5362,17,0.08088235294117647,385.88235294117646
5363,52,0.11463046757164404,446.96153846153845
5364,9,0.08333333333333333,358.3333333333333
5365,1,0.0,90.0
5366,107,0.0777640627755246,381.93457943925233
5367,45,0.07676767676767676,391.31111111111113
5368,24,0.06521739130434782,346.1666666666667
5369,14,0.01098901098901099,197.28571428571428
5370,7,0.0,301.0
5371,2,0.0,412.5
5372,0,0.0,0.0
5373,0,0.0,0.0
5374,227,0.06919808194612295,363.7136563876652
5375,3,0.0,393.6666666666667
5376,9,0.0,196.44444444444446
5377,1053,0.07053358320785444,365.66571699905035
5378,25,0.09,404.96
5379,1,0.0,526.0
5380,0,0.0,0.0
5381,66,0.062004662004662,343.04545454545456
5382,6,0.06666666666666667,436.0
5383,150,0.08178970917225951,400.81333333333333
5384,472,0.08963978552664724,410.23093220338984
5385,2,0.0,445.5
5386,7,0.0,294.14285714285717
5387,12,0.0,311.4166666666667
5388,5,0.0,446.4
5389,183,0.07644268300006005,388.72131147540983
5390,44,0.0613107822410148,367.29545454545456
5391,16,0.075,424.875
5392,23,0.09486166007905138,444.82608695652175
5393,37,0.1021021021021021,426.1621621621622
5394,78,0.07692307692307693,377.14102564102564
5395,13,0.08974358974358974,337.61538461538464
5396,0,0.0,0.0
5397,40,0.035897435897435895,324.975
5398,50,0.10938775510204081,458.94
5399,0,0.0,0.0
5400,18,0.0196078431372549,212.72222222222223
5401,22,0.08225108225108226,428.04545454545456
5402,58,0.0852994555353902,425.62068965517244
5403,79,0.0795196364816618,389.8481012658228
5404,110,0.05454545454545454,311.25454545454545
5405,2,0.0,162.5
5406,0,0.0,0.0
5407,1,0.0,187.0
5408,30,0.04367816091954023,304.46666666666664
5409,0,0.0,0.0
5410,19,0.07602339181286549,362.57894736842104
5411,688,0.07586066822382452,382.41279069767444
5412,574,0.08651817258636312,409.99477351916374
5413,1,0.0,239.0
5414,20,0.02631578947368421,297.6
5415,167,0.07048553495418801,370.437125748503
5416,1,0.0,82.0
5417,4,0.0,159.0
5418,879,0.07237982694146641,372.96814562002277
5419,5,0.0,303.8
5420,142,0.09879132953750874,438.7042253521127
5421,1,0.0,670.0
5422,0,0.0,0.0
5423,32,0.11290322580645161,505.125
5424,0,0.0,0.0
5425,118,0.0789511806460959,391.93220338983053
5426,103,0.07291071768513231,377.5242718446602
5427,84,0.12908777969018934,504.76190476190476
5428,0,0.0,0.0
5429,30,0.04367816091954023,294.26666666666665
5430,207,0.0742460484967872,380.07729468599035
5431,19,0.05847953216374269,351.63157894736844
5432,250,0.0806425702811245,399.996
5433,286,0.07743835112256164,389.5769230769231
5434,29,0.09113300492610837,452.51724137931035
5435,13,0.02564102564102564,263.46153846153845
5436,12,0.0,351.9166666666667
5437,17,0.029411764705882353,239.8235294117647
5438,88,0.08124346917450366,404.32954545454544
5439,394,0.08869686519161468,413.2233502538071
5440,1,0.0,765.0
5441,30,0.07126436781609195,352.9
5442,30,0.08275862068965517,431.73333333333335
5443,38,0.10668563300142248,440.3421052631579
5444,83,0.06729356450191008,345.86746987951807
5445,11,0.07272727272727272,433.1818181818182
5446,0,0.0,0.0
5447,2,0.0,167.0
5448,11,0.18181818181818182,564.5454545454545
5449,6,0.0,269.8333333333333
5450,11,0.01818181818181818,302.0
5451,41,0.05975609756097561,364.609756097561
5452,7,0.0,378.57142857142856
5453,2,0.0,223.5
5454,23,0.12648221343873517,427.3478260869565
5455,0,0.0,0.0
5456,0,0.0,0.0
5457,53,0.05370101596516691,363.33962264150944
5458,8,0.07142857142857142,484.75
5459,5,0.0,245.0
5460,4,0.0,316.25
5461,12,0.06060606060606061,272.8333333333333
5462,163,0.0766492463833977,384.82208588957053
5463,2,0.0,120.0
5464,12,0.0,267.0
5465,11,0.09090909090909091,364.3636363636364
5466,975,0.07081766966777234,368.2974358974359
5467,53,0.07111756168359942,404.0566037735849
5468,248,0.08586913934961474,411.7258064516129
5469,2,0.0,247.5
5470,5,0.0,244.0
5471,7,0.0,530.4285714285714
5472,85,0.07899159663865546,383.2
5473,0,0.0,0.0
5474,35,0.09747899159663866,399.25714285714287
5475,0,0.0,0.0
5476,8,0.07142857142857142,591.0
5477,7,0.09523809523809523,401.2857142857143
5478,6,0.13333333333333333,519.8333333333334
5479,880,0.07066139207777433,367.98636363636365
5480,12,0.045454545454545456,396.3333333333333
5481,1,0.0,808.0
5482,23,0.09090909090909091,406.95652173913044
5483,464,0.08458702614135696,400.71120689655174
5484,3,0.6666666666666666,807.0
5485,12,0.07575757575757576,317.0
5486,7,0.0,262.0
5487,1,0.0,135.0
5488,7,0.047619047619047616,364.57142857142856
5489,41,0.05,318.8780487804878
5490,0,0.0,0.0
5491,133,0.07404875825928457,379.2706766917293
5492,1,0.0,1004.0
5493,246,0.08979591836734693,419.3658536585366
5494,1,0.0,394.0
5495,13,0.01282051282051282,374.2307692307692
5496,23,0.05928853754940711,321.17391304347825
5497,33,0.06628787878787878,337.3939393939394
5498,1,0.0,601.0
5499,5,0.1,268.6
5500,5,0.2,552.8
5501,75,0.0918918918918919,443.61333333333334
5502,14,0.054945054945054944,333.42857142857144
5503,0,0.0,0.0
5504,185,0.08525264394829613,401.5135135135135
5505,2,0.0,363.0
5506,13,0.02564102564102564,365.3076923076923
5507,79,0.054527750730282376,324.44303797468353
5508,0,0.0,0.0
5509,31,0.08817204301075268,453.1290322580645
5510,0,0.0,0.0
5511,106,0.09218328840970351,417.2830188679245
5512,34,0.06951871657754011,340.8529411764706
5513,44,0.06236786469344609,306.3863636363636
5514,2,0.0,306.5
5515,1,0.0,211.0
5516,37,0.052552552552552555,338.6756756756757
5517,12,0.07575757575757576,428.6666666666667
5518,24,0.08695652173913043,407.2916666666667
5519,503,0.08151093439363817,398.8011928429423
5520,5,0.0,318.8
5521,19,0.1286549707602339,514.6842105263158
5522,242,0.07125955900003429,368.2809917355372
5523,522,0.07581941594781624,381.1609195402299
5524,23,0.07905138339920949,366.4782608695652
5525,77,0.08475734791524266,398.8961038961039
5526,44,0.05919661733615222,341.54545454545456
5527,56,0.08311688311688312,395.57142857142856
5528,6,0.0,371.6666666666667
5529,19,0.03508771929824561,285.3157894736842
5530,19,0.0935672514619883,447.7894736842105
5531,0,0.0,0.0
5532,4,0.16666666666666666,539.0
5533,0,0.0,0.0
5534,65,0.075,387.03076923076924
5535,2,0.0,156.0
5536,48,0.05673758865248227,348.875
5537,52,0.049019607843137254,322.9230769230769
5538,1014,0.07273491942031694,372.29881656804736
5539,15,0.0380952380952381,237.0
5540,1,0.0,82.0
5541,14,0.02197802197802198,267.42857142857144
5542,18,0.1437908496732026,506.44444444444446
5543,21,0.04285714285714286,304.95238095238096
5544,72,0.10602503912363068,444.30555555555554
5545,78,0.07792207792207792,392.3076923076923
5546,10,0.17777777777777778,514.6
5547,139,0.08289020957147325,397.1798561151079
5548,2,0.0,429.0
5549,5,0.1,427.2
5550,0,0.0,0.0
5551,95,0.07569988801791713,386.29473684210524
5552,87,0.09810211173483026,436.9655172413793
5553,69,0.07544757033248081,372.28985507246375
5554,0,0.0,0.0
5555,0,0.0,0.0
5556,69,0.06692242114236999,374.4492753623188
5557,52,0.07088989441930618,377.6730769230769
5558,68,0.08384547848990342,368.52941176470586
5559,20,0.07894736842105263,350.15
5560,13,0.0641025641025641,377.9230769230769
5561,13,0.038461538461538464,342.2307692307692
5562,19,0.11695906432748537,485.7368421052632
5563,47,0.07770582793709528,395.7659574468085
5564,5,0.0,332.0
5565,0,0.0,0.0
5566,870,0.07442561803103051,376.8977011494253
5567,4,0.0,279.25
5568,8,0.07142857142857142,546.875
5569,3,0.0,189.33333333333334
5570,26,0.046153846153846156,369.0
5571,15,0.047619047619047616,388.06666666666666
5572,25,0.06,333.88
5573,0,0.0,0.0
5574,114,0.0568234746157429,334.8859649122807
5575,326,0.07326097215667768,376.6687116564417
5576,0,0.0,0.0
5577,21,0.06666666666666667,356.1904761904762
5578,621,0.08591761466936783,408.80032206119165
5579,26,0.03076923076923077,331.4230769230769
5580,308,0.1022039849401413,442.6168831168831
5581,47,0.06567992599444958,341.3404255319149
5582,30,0.0896551724137931,440.06666666666666
5583,8,0.03571428571428571,542.125
5584,45,0.10707070707070707,451.97777777777776
5585,2,0.0,544.5
5586,1,0.0,129.0
5587,175,0.07060755336617405,367.9371428571429
5588,2,0.0,372.0
5589,201,0.06283582089552239,346.0348258706468
5590,83,0.07581545694975023,378.12048192771084
5591,1,0.0,841.0
5592,9,0.1111111111111111,330.22222222222223
5593,0,0.0,0.0
5594,0,0.0,0.0
5595,0,0.0,0.0
5596,81,0.06111111111111111,353.2098765432099
5597,19,0.04678362573099415,316.36842105263156
5598,4,0.3333333333333333,612.5
5599,27,0.10826210826210826,403.7037037037037
5600,73,0.05821917808219178,337.52054794520546
5601,5,0.0,235.0
5602,0,0.0,0.0
5603,92,0.08217869087434305,407.2282608695652
5604,4,0.16666666666666666,591.5
5605,11,0.01818181818181818,186.9090909090909
5606,16,0.058333333333333334,374.3125
5607,701,0.08607295700020379,406.5506419400856
5608,150,0.06961968680089485,376.00666666666666
5609,0,0.0,0.0
5610,17,0.08823529411764706,559.0
5611,13,0.0641025641025641,374.46153846153845
5612,2,0.0,348.5
5613,303,0.07717526719559373,386.3333333333333
5614,0,0.0,0.0
5615,8,0.10714285714285714,460.0
5616,5,0.0,74.6
5617,257,0.09074051556420233,414.863813229572
5618,4,0.0,488.25
5619,25,0.08,378.76
5620,0,0.0,0.0
5621,22,0.0735930735930736,323.72727272727275
5622,225,0.08345238095238096,401.5422222222222
5623,14,0.12087912087912088,498.35714285714283
5624,38,0.051209103840682786,357.6578947368421
5625,13,0.2564102564102564,622.5384615384615
5626,1798,0.055151243915981585,323.31368186874306
5627,91,0.0905982905982906,419.54945054945057
5628,88,0.06452455590386624,341.4886363636364
5629,1,0.0,1325.0
5630,43,0.06312292358803986,403.5348837209302
5631,73,0.1202435312024353,470.05479452054794
5632,1,0.0,85.0
5633,80,0.0949367088607595,435.45
5634,0,0.0,0.0
5635,326,0.06799433695139216,361.40184049079755
5636,61,0.05901639344262295,346.9344262295082
5637,6,0.0,356.8333333333333
5638,6,0.0,270.5
5639,120,0.08585434173669468,402.69166666666666
5640,143,0.07889293804786762,385.76223776223776
5641,6,0.0,302.6666666666667
5642,0,0.0,0.0
5643,0,0.0,0.0
5644,3,0.0,655.3333333333334
5645,10,0.06666666666666667,330.8
5646,236,0.06419040750090155,347.25
5647,11,0.10909090909090909,467.72727272727275
5648,289,0.08751441753171857,412.50865051903116
5649,1,0.0,65.0
5650,20,0.12631578947368421,479.2
5651,41,0.09634146341463415,429.2439024390244
5652,23,0.13043478260869565,556.2608695652174
5653,181,0.09269490484960098,426.353591160221
5654,43,0.08859357696567,403.74418604651163
5655,6,0.06666666666666667,680.3333333333334
5656,29,0.11330049261083744,485.86206896551727
5657,14,0.06593406593406594,346.92857142857144
5658,0,0.0,0.0
5659,7,0.09523809523809523,359.42857142857144
5660,73,0.0745814307458143,381.8493150684931
5661,34,0.09982174688057041,398.02941176470586
5662,36,0.05238095238095238,309.27777777777777
5663,240,0.09034170153417015,412.15416666666664
5664,154,0.07860113742466683,385.8961038961039
5665,37,0.06606606606606606,355.94594594594594
5666,1,0.0,622.0
5667,17,0.08823529411764706,390.5882352941176
5668,2,0.0,543.5
5669,1,0.0,627.0
5670,0,0.0,0.0
5671,15,0.0380952380952381,391.4
5672,9,0.027777777777777776,297.77777777777777
5673,46,0.06859903381642513,357.5652173913044
5674,46,0.11014492753623188,439.9347826086956
5675,7,0.047619047619047616,179.14285714285714
5676,72,0.08685446009389672,435.3611111111111
5677,0,0.0,0.0
5678,47,0.04995374653098982,319.4255319148936
5679,141,0.06778115501519758,368.4468085106383
5680,3,0.0,301.0
5681,8,0.0,417.25
5682,12,0.045454545454545456,403.6666666666667
5683,4,0.0,461.25
5684,10,0.1111111111111111,457.1
5685,78,0.08025308025308026,398.6666666666667
5686,6,0.26666666666666666,517.5
5687,71,0.0800804828973843,405.6619718309859
5688,20,0.031578947368421054,278.25
5689,0,0.0,0.0
5690,0,0.0,0.0
5691,1,0.0,61.0
5692,15,0.12380952380952381,457.06666666666666
5693,5,0.0,521.2
5694,10,0.13333333333333333,588.3
5695,13,0.07692307692307693,419.9230769230769
5696,23,0.03557312252964427,334.4782608695652
5697,7,0.14285714285714285,387.42857142857144
5698,18,0.06535947712418301,396.44444444444446
5699,96,0.07609649122807018,377.0833333333333
5700,14,0.04395604395604396,349.64285714285717
5701,7,0.09523809523809523,335.42857142857144
5702,8,0.03571428571428571,342.5
5703,22,0.09956709956709957,461.6363636363636
5704,20,0.021052631578947368,271.55
5705,14,0.054945054945054944,382.0
5706,1,0.0,121.0
5707,5,0.0,339.4
5708,1,0.0,199.0
5709,222,0.08373078961314255,405.6756756756757
5710,221,0.051460304401480875,320.5429864253394
5711,0,0.0,0.0
5712,40,0.12051282051282051,480.8
5713,28,0.0582010582010582,341.0
5714,52,0.042232277526395176,282.13461538461536
5715,287,0.06620209059233449,358.0034843205575
5716,13,0.11538461538461539,426.61538461538464
5717,40,0.1064102564102564,428.4
5718,26,0.052307692307692305,357.2307692307692
5719,33,0.07386363636363637,386.42424242424244
5720,79,0.10191496267445635,436.60759493670884
5721,1,0.0,175.0
5722,25,0.11333333333333333,431.44
5723,0,0.0,0.0
5724,0,0.0,0.0
5725,17,0.125,490.88235294117646
5726,174,0.09202046375656102,413.6666666666667
5727,0,0.0,0.0
5728,30,0.034482758620689655,296.8333333333333
5729,56,0.06168831168831169,349.48214285714283
5730,31,0.0989247311827957,453.9032258064516
5731,3,0.0,619.0
5732,8,0.14285714285714285,440.25
5733,12,0.030303030303030304,275.0
5734,1,0.0,1.0
5735,383,0.07589572539745465,376.48563968668407
5736,37,0.06156156156156156,344.1081081081081
5737,4,0.0,394.75
5738,2,0.0,159.5
5739,13,0.10256410256410256,426.15384615384613
5740,49,0.05952380952380952,350.0
5741,710,0.08319593158386142,397.9239436619718
5742,58,0.0647307924984876,367.41379310344826
5743,20,0.08421052631578947,405.4
5744,19,0.0935672514619883,341.36842105263156
5745,7,0.0,270.7142857142857
5746,0,0.0,0.0
5747,957,0.07403715411217936,377.89132706374085
5748,38,0.10668563300142248,470.86842105263156
5749,115,0.11914569031273836,481.4869565217391
5750,2,0.0,792.5
5751,59,0.07481005260081823,365.8135593220339
5752,0,0.0,0.0
5753,0,0.0,0.0
5754,9,0.027777777777777776,434.44444444444446
5755,20,0.07894736842105263,388.15
5756,4,0.3333333333333333,746.25
5757,11,0.21818181818181817,543.0909090909091
5758,227,0.0892362870843242,414.9515418502203
5759,7,0.047619047619047616,344.42857142857144
5760,348,0.07024081619132796,366.43390804597703
5761,11,0.05454545454545454,457.72727272727275
5762,322,0.08651148391091504,407.53416149068323
5763,2,0.0,668.0
5764,1,0.0,16.0
5765,1,0.0,4.0
5766,5,0.1,631.6
5767,2,0.0,688.0
5768,5,0.0,426.0
5769,0,0.0,0.0
5770,34,0.05525846702317291,339.94117647058823
5771,257,0.10496716926070039,452.50194552529183
5772,54,0.07896575821104122,416.75925925925924
5773,25,0.05,306.36
5774,42,0.06155632984901278,375.8095238095238
5775,15,0.09523809523809523,418.26666666666665
5776,1,0.0,98.0
5777,298,0.08067249677987932,397.51677852348996
5778,239,0.08667065152420801,407.8493723849372
5779,26,0.08615384615384615,392.7692307692308
5780,100,0.0997979797979798,425.44
5781,59,0.046756282875511396,289.2542372881356
5782,1,0.0,631.0
5783,78,0.05627705627705628,336.7307692307692
5784,661,0.08273965066703343,397.55975794251134
5785,0,0.0,0.0
5786,280,0.08906810035842294,412.4714285714286
5787,54,0.07477288609364081,368.3703703703704
5788,21,0.05238095238095238,325.76190476190476
5789,3,0.3333333333333333,763.0
5790,44,0.0708245243128964,392.5681818181818
5791,13,0.1794871794871795,564.5384615384615
5792,4,0.0,224.75
5793,34,0.09803921568627451,436.0
5794,33,0.054924242424242424,317.6363636363636
5795,3,0.3333333333333333,526.0
5796,29,0.0665024630541872,347.13793103448273
5797,0,0.0,0.0
5798,252,0.0803769050781003,393.0436507936508
5799,193,0.07345639032815199,367.75129533678756
5800,48,0.09397163120567376,436.7916666666667
5801,130,0.09409660107334526,428.81538461538463
5802,11,0.07272727272727272,361.27272727272725
5803,118,0.08039982616253803,386.9491525423729
5804,0,0.0,0.0
5805,0,0.0,0.0
5806,49,0.07908163265306123,394.3265306122449
5807,3,0.0,380.0
5808,0,0.0,0.0
5809,629,0.0851569066256215,401.9618441971383
5810,8,0.07142857142857142,237.75
5811,103,0.08909194745859508,420.99029126213594
5812,4,0.0,492.75
5813,14,0.10989010989010989,512.8571428571429
5814,5,0.1,515.6
5815,239,0.08178334095144334,394.72384937238496
5816,9,0.05555555555555555,197.77777777777777
5817,288,0.07038811459543166,369.77430555555554
5818,1,0.0,232.0
5819,1,0.0,25.0
5820,48,0.10017730496453901,421.7708333333333
5821,76,0.08596491228070176,401.2105263157895
5822,3,0.0,179.66666666666666
5823,1,0.0,1059.0
5824,21,0.05238095238095238,290.7142857142857
5825,2,0.0,149.0
5826,0,0.0,0.0
5827,3,0.0,409.0
5828,21,0.0761904761904762,386.7142857142857
5829,1,0.0,11.0
5830,58,0.062310949788263764,366.7241379310345
5831,174,0.09580758753571192,412.4942528735632
5832,8,0.0,307.375
5833,125,0.0872258064516129,408.584
5834,0,0.0,0.0
5835,52,0.07164404223227752,352.3269230769231
5836,2,0.0,148.5
5837,57,0.07581453634085213,363.9122807017544
5838,56,0.06753246753246753,369.89285714285717
5839,11,0.0,158.36363636363637
5840,260,0.06640926640926641,364.66923076923075
5841,132,0.07032153597039094,371.6212121212121
5842,83,0.054363796650014694,337.1566265060241
5843,0,0.0,0.0
5844,29,0.07142857142857142,362.58620689655174
5845,16,0.075,340.9375
5846,3,0.0,146.33333333333334
5847,6,0.13333333333333333,457.8333333333333
5848,59,0.04792518994739918,320.2881355932203
5849,6,0.13333333333333333,586.3333333333334
5850,727,0.08179203564973228,396.95598349381015
5851,230,0.10324662996012911,435.83478260869566
5852,29,0.09113300492610837,402.1034482758621
5853,30,0.07816091954022988,378.26666666666665
5854,6,0.06666666666666667,298.8333333333333
5855,15,0.09523809523809523,370.2
5856,606,0.07692223767831328,385.1600660066007
5857,96,0.05635964912280702,335.0104166666667
5858,84,0.076592082616179,397.7738095238095
5859,2,0.0,345.5
5860,60,0.04576271186440678,305.81666666666666
5861,487,0.072248840215986,376.6981519507187
5862,2,0.0,562.0
5863,618,0.07887103795901454,387.2265372168285
5864,8,0.10714285714285714,423.0
5865,227,0.07785271529375073,390.6916299559471
5866,13,0.08974358974358974,393.46153846153845
5867,0,0.0,0.0
5868,52,0.06485671191553545,351.2307692307692
5869,49,0.05952380952380952,352.42857142857144
5870,32,0.05241935483870968,336.5625
5871,35,0.07394957983193277,369.0
5872,77,0.09125085440874915,431.14285714285717
5873,111,0.0705978705978706,369.8378378378378
5874,47,0.08880666049953746,442.3191489361702
5875,134,0.09774436090225563,429.9179104477612
5876,1,0.0,320.0
5877,191,0.07214108569853954,375.5602094240838
5878,111,0.09664209664209664,431.5765765765766
5879,14,0.03296703296703297,257.35714285714283
5880,270,0.09114690899077516,424.8925925925926
5881,18,0.0915032679738562,437.6666666666667
5882,0,0.0,0.0
5883,15,0.05714285714285714,340.93333333333334
5884,105,0.06098901098901099,344.0571428571429
5885,285,0.08057820607857673,398.6
5886,1,0.0,3.0
5887,1,0.0,61.0
5888,5,0.0,186.2
5889,613,0.07653349539924725,384.43719412724306
5890,345,0.08218739467475565,401.6898550724638
5891,0,0.0,0.0
5892,1,0.0,421.0
5893,36,0.06507936507936508,353.5
5894,276,0.06126482213438735,344.0652173913044
5895,38,0.044096728307254626,276.2631578947368
5896,3,0.0,209.66666666666666
5897,1,0.0,1101.0
5898,9,0.0,349.3333333333333
5899,1,0.0,686.0
5900,5,0.1,330.6
5901,0,0.0,0.0
5902,78,0.08091908091908091,396.0897435897436
5903,54,0.07058001397624039,362.4259259259259
5904,1,0.0,364.0
5905,28,0.06613756613756613,359.39285714285717
5906,34,0.06951871657754011,383.38235294117646
5907,9,0.027777777777777776,249.11111111111111
5908,5,0.0,278.4
5909,12,0.015151515151515152,200.08333333333334
5910,75,0.07387387387387387,377.81333333333333
5911,16,0.09166666666666666,478.625
5912,55,0.050505050505050504,316.4909090909091
5913,4,0.3333333333333333,787.75
5914,45,0.05757575757575758,369.0
5915,39,0.10526315789473684,445.05128205128204
5916,17,0.08823529411764706,498.7647058823529
5917,80,0.06139240506329114,358.0
5918,49,0.05782312925170068,324.1020408163265
5919,490,0.08626518091899336,406.3530612244898
5920,17,0.0661764705882353,325.4117647058824
5921,80,0.07784810126582278,386.3875
5922,82,0.09093646492020475,428.1463414634146
5923,15,0.01904761904761905,219.6
5924,0,0.0,0.0
5925,283,0.09295040473147383,426.017667844523
5926,4,0.0,310.25
5927,0,0.0,0.0
5928,549,0.08426734740005053,401.37887067395263
5929,43,0.11074197120708748,464.0232558139535
5930,6,0.0,265.0
5931,12,0.030303030303030304,228.91666666666666
5932,334,0.07302512092931254,374.6047904191617
5933,1173,0.07171308945005514,370.57971014492756
5934,7,0.09523809523809523,422.85714285714283
5935,4,0.5,656.75
5936,32,0.056451612903225805,376.84375
5937,11,0.05454545454545454,383.72727272727275
5938,34,0.0944741532976827,427.3529411764706
5939,8,0.07142857142857142,456.125
5940,0,0.0,0.0
5941,397,0.09017123374805995,414.7581863979849
5942,177,0.08076527991782229,396.47457627118644
5943,259,0.062195085450899405,346.42471042471044
5944,0,0.0,0.0
5945,1,0.0,982.0
5946,86,0.09192886456908345,412.86046511627904
5947,16,0.06666666666666667,323.8125
5948,3,0.0,240.66666666666666
5949,1,0.0,659.0
5950,221,0.08428630193336076,397.9457013574661
5951,31,0.08817204301075268,384.5483870967742
5952,31,0.07741935483870968,347.4516129032258
5953,357,0.06954017562081012,362.890756302521
5954,20,0.06842105263157895,385.5
5955,3,0.0,215.33333333333334
5956,0,0.0,0.0
5957,10,0.022222222222222223,388.4
5958,0,0.0,0.0
5959,0,0.0,0.0
5960,190,0.07123363965469229,373.37894736842105
5961,13,0.07692307692307693,362.53846153846155
5962,2,0.0,793.5
5963,0,0.0,0.0
5964,4,0.0,541.75
5965,8,0.10714285714285714,414.375
5966,1,0.0,729.0
5967,0,0.0,0.0
5968,14,0.0989010989010989,456.57142857142856
5969,39,0.08097165991902834,403.9230769230769
5970,0,0.0,0.0
5971,28,0.06084656084656084,387.7857142857143
5972,39,0.08097165991902834,387.5897435897436
5973,1,0.0,1.0
5974,11,0.12727272727272726,427.09090909090907
5975,2,0.0,240.5
5976,433,0.08441322384740399,404.8775981524249
5977,37,0.03303303303303303,278.8918918918919
5978,11,0.01818181818181818,277.72727272727275
5979,70,0.05217391304347826,319.2
5980,2,0.0,93.5
5981,25,0.08666666666666667,425.2
5982,14,0.07692307692307693,424.7857142857143
5983,69,0.08908780903665814,419.7971014492754
5984,0,0.0,0.0
5985,16,0.03333333333333333,263.25
5986,32,0.08064516129032258,437.1875
5987,19,0.07602339181286549,368.63157894736844
5988,5,0.0,456.2
5989,2,0.0,293.5
5990,0,0.0,0.0
5991,2,1.0,1114.5
5992,2,0.0,123.5
5993,3,0.3333333333333333,632.6666666666666
5994,39,0.06882591093117409,346.2564102564103
5995,9,0.05555555555555555,464.1111111111111
5996,26,0.09846153846153846,403.2692307692308
5997,9,0.0,246.11111111111111
5998,13,0.14102564102564102,492.9230769230769
5999,12,0.015151515151515152,210.33333333333334
6000,48,0.06914893617021277,355.0625
6001,2,0.0,406.5
6002,47,0.08695652173913043,373.4255319148936
6003,57,0.09398496240601503,407.0877192982456
6004,61,0.0994535519125683,451.0655737704918
6005,275,0.0831320504313205,400.82545454545453
6006,3,0.3333333333333333,731.6666666666666
6007,3,0.0,308.3333333333333
6008,27,0.06837606837606838,361.0
6009,6,0.06666666666666667,464.6666666666667
6010,1,0.0,466.0
6011,17,0.15441176470588236,516.3529411764706
6012,0,0.0,0.0
6013,41,0.08414634146341464,391.609756097561
6014,0,0.0,0.0
6015,78,0.0636030636030636,347.9102564102564
6016,90,0.07915106117353309,397.02222222222224
6017,2,0.0,216.5
6018,141,0.09817629179331307,435.98581560283685
6019,240,0.09170153417015342,419.9916666666667
6020,36,0.10158730158730159,429.69444444444446
6021,108,0.058497750086535134,344.76851851851853
6022,6,0.2,439.8333333333333
6023,16,0.03333333333333333,308.625
6024,2,0.0,607.0
6025,258,0.10023225650770669,439.1007751937984
6026,63,0.07322068612391193,376.12698412698415
6027,34,0.049910873440285206,329.97058823529414
6028,210,0.09245841877420825,424.15714285714284
6029,100,0.08525252525252525,412.16
6030,9,0.08333333333333333,392.55555555555554
6031,1,0.0,615.0
6032,63,0.08858166922683051,438.23809523809524
6033,371,0.07697239017993734,386.85175202156336
6034,21,0.08571428571428572,451.9047619047619
6035,2,1.0,837.0
6036,8,0.25,493.875
6037,2,0.0,138.5
6038,33,0.043560606060606064,309.06060606060606
6039,23,0.05533596837944664,330.5652173913044
6040,8,0.0,256.0
6041,3,0.0,458.0
6042,3,0.0,180.66666666666666
6043,3,0.0,98.66666666666667
6044,611,0.08225161653832738,397.6170212765957
6045,407,0.08598298253470667,402.7076167076167
6046,8,0.2857142857142857,644.125
6047,55,0.10505050505050505,468.27272727272725
6048,46,0.05990338164251208,335.67391304347825
6049,90,0.08764044943820225,415.3777777777778
6050,48,0.07358156028368794,364.2083333333333
6051,16,0.075,362.0625
6052,5,0.0,414.6
6053,349,0.10367881961597998,451.0143266475645
6054,618,0.0783622602319397,389.6812297734628
6055,220,0.10004151100041511,438.8954545454545
6056,52,0.04072398190045249,290.1730769230769
6057,233,0.07362734941542104,371.53648068669526
6058,29,0.15517241379310345,589.3103448275862
6059,13,0.038461538461538464,310.61538461538464
6060,168,0.06986027944111776,368.1309523809524
6061,8,0.07142857142857142,222.5
6062,59,0.052600818234950324,315.0508474576271
6063,255,0.08235294117647059,394.7803921568627
6064,7,0.047619047619047616,417.7142857142857
6065,0,0.0,0.0
6066,152,0.0819972115719763,395.89473684210526
6067,153,0.07206742346061232,366.77777777777777
6068,0,0.0,0.0
6069,8,0.03571428571428571,300.375
6070,201,0.07502487562189054,380.228855721393
6071,1,0.0,6.0
6072,2,0.0,102.0
6073,22,0.08658008658008658,399.40909090909093
6074,26,0.09846153846153846,402.34615384615387
6075,0,0.0,0.0
6076,112,0.09813384813384814,427.83035714285717
6077,5,0.1,492.8
6078,901,0.07406585275619681,375.53829078801334
6079,63,0.07680491551459294,352.6031746031746
6080,95,0.09249720044792833,421.9578947368421
6081,1,0.0,947.0
6082,14,0.02197802197802198,182.57142857142858
6083,1,0.0,222.0
6084,30,0.06896551724137931,368.3
6085,15,0.08571428571428572,408.73333333333335
6086,52,0.07013574660633484,393.0576923076923
6087,15,0.01904761904761905,291.53333333333336
6088,41,0.07195121951219512,368.0975609756098
6089,6,0.06666666666666667,332.5
6090,674,0.07914427185065322,389.80118694362017
6091,517,0.09391540341565081,425.00580270793034
6092,508,0.08148130891922534,394.3622047244094
6093,34,0.1051693404634581,432.2352941176471
6094,6,0.0,479.6666666666667
6095,527,0.07939336657022676,391.5464895635674
6096,478,0.09137478838276186,417.8451882845188
6097,147,0.07408442829186469,376.5238095238095
6098,23,0.06719367588932806,438.69565217391306
6099,76,0.060350877192982454,346.13157894736844
6100,209,0.0938075082811925,427.36842105263156
6101,34,0.06951871657754011,351.29411764705884
6102,9,0.027777777777777776,263.3333333333333
6103,91,0.0713064713064713,375.54945054945057
6104,119,0.08218202535251388,400.4201680672269
6105,74,0.07256571640133284,396.18918918918916
6106,62,0.07297726070861978,372.4193548387097
6107,223,0.08019229992324163,392.4843049327354
6108,3,0.0,349.6666666666667
6109,1,0.0,597.0
6110,202,0.09290182749618245,413.9504950495049
6111,184,0.10334996436208126,453.8478260869565
6112,7,0.047619047619047616,253.71428571428572
6113,5,0.0,431.8
6114,4,0.0,163.5
6115,0,0.0,0.0
6116,1,0.0,238.0
6117,42,0.1254355400696864,491.7857142857143
6118,14,0.01098901098901099,255.85714285714286
6119,0,0.0,0.0
6120,219,0.06137153868710988,349.05479452054794
6121,0,0.0,0.0
6122,81,0.0808641975308642,386.5679012345679
6123,89,0.10648621041879469,450.19101123595505
6124,20,0.09473684210526316,368.25
6125,0,0.0,0.0
6126,405,0.08134702359124801,394.26666666666665
6127,78,0.07026307026307026,373.3974358974359
6128,0,0.0,0.0
6129,1321,0.06462849540063771,350.3906131718395
6130,91,0.05885225885225885,337.2967032967033
6131,62,0.08302485457429931,379.96774193548384
6132,16,0.016666666666666666,236.125
6133,7,0.14285714285714285,466.42857142857144
6134,57,0.05827067669172932,354.4561403508772
6135,21,0.08571428571428572,432.42857142857144
6136,297,0.08656383656383657,415.2828282828283
6137,59,0.06662770309760374,363.5593220338983
6138,20,0.1,425.8
6139,9,0.0,244.11111111111111
6140,9,0.08333333333333333,393.0
6141,35,0.07058823529411765,357.14285714285717
6142,16,0.1,366.0625
6143,27,0.06552706552706553,373.2962962962963
6144,27,0.13675213675213677,513.3703703703703
6145,361,0.08993536472760849,418.09141274238226
6146,9,0.027777777777777776,288.44444444444446
6147,7,0.09523809523809523,228.14285714285714
6148,10,0.022222222222222223,401.2
6149,5,0.0,469.8
6150,20,0.10526315789473684,418.7
6151,28,0.0582010582010582,292.39285714285717
6152,236,0.0990984493328525,441.3135593220339
6153,7,0.09523809523809523,418.0
6154,474,0.08207776915460166,400.09282700421943
6155,13,0.07692307692307693,328.6923076923077
6156,2,0.0,313.5
6157,63,0.06349206349206349,351.42857142857144
6158,8,0.0,139.875
6159,7,0.047619047619047616,304.57142857142856
6160,98,0.08415737428992215,392.7755102040816
6161,64,0.08978174603174603,424.890625
6162,0,0.0,0.0
6163,133,0.06402369560264297,359.9624060150376
6164,81,0.06512345679012346,360.30864197530866
6165,77,0.050580997949419004,309.7142857142857
6166,144,0.05303030303030303,322.3333333333333
6167,61,0.10437158469945355,444.9672131147541
6168,34,0.06951871657754011,432.2352941176471
6169,1,0.0,64.0
6170,136,0.07908496732026143,401.3970588235294
6171,29,0.12807881773399016,486.86206896551727
6172,69,0.0784313725490196,414.92753623188406
6173,12,0.06060606060606061,433.3333333333333
6174,122,0.07979948516461184,402.0983606557377
6175,79,0.12755598831548198,496.7721518987342
6176,0,0.0,0.0
6177,89,0.0932073544433095,423.29213483146066
6178,73,0.04756468797564688,308.54794520547944
6179,10,0.044444444444444446,241.6
6180,31,0.060215053763440864,360.03225806451616
6181,369,0.08432013667962766,402.1788617886179
6182,16,0.08333333333333333,325.1875
6183,40,0.07179487179487179,379.475
6184,102,0.07668413900213551,374.37254901960785
6185,0,0.0,0.0
6186,35,0.08907563025210084,449.6
6187,22,0.10822510822510822,381.1363636363636
6188,15,0.14285714285714285,518.2
6189,35,0.05378151260504202,370.25714285714287
6190,141,0.07781155015197569,400.72340425531917
6191,1,0.0,840.0
6192,19,0.023391812865497075,188.47368421052633
6193,94,0.06749027682452528,356.8723404255319
6194,2,0.0,385.0
6195,12,0.07575757575757576,498.0
6196,50,0.08979591836734693,426.4
6197,2,0.0,379.5
6198,4,0.0,318.75
6199,4,0.0,266.75
6200,2,0.0,109.0
6201,123,0.0781020924963348,389.9593495934959
6202,85,0.10672268907563025,482.22352941176473
6203,1,0.0,32.0
6204,10,0.13333333333333333,686.1
6205,1,0.0,29.0
6206,0,0.0,0.0
6207,23,0.05138339920948617,278.30434782608694
6208,2,0.0,692.5
6209,14,0.10989010989010989,438.2857142857143
6210,12,0.12121212121212122,473.6666666666667
6211,0,0.0,0.0
6212,1,0.0,187.0
6213,1,0.0,13.0
6214,0,0.0,0.0
6215,7,0.09523809523809523,395.0
6216,9,0.19444444444444445,426.77777777777777
6217,133,0.08920027341079972,423.2857142857143
6218,4,0.0,219.0
6219,40,0.07307692307692308,341.125
6220,0,0.0,0.0
6221,5,0.2,566.8
6222,41,0.02195121951219512,256.1219512195122
6223,15,0.047619047619047616,375.73333333333335
6224,21,0.0761904761904762,328.5238095238095
6225,0,0.0,0.0
6226,24,0.06521739130434782,377.5416666666667
6227,1,0.0,999.0
6228,3,0.0,504.6666666666667
6229,4,0.16666666666666666,331.5
6230,8,0.0,294.375
6231,1,0.0,213.0
6232,0,0.0,0.0
6233,78,0.0899100899100899,402.37179487179486
6234,538,0.07821921316968149,388.3996282527881
6235,5,0.1,600.8
6236,0,0.0,0.0
6237,13,0.038461538461538464,385.15384615384613
6238,17,0.09558823529411764,360.2352941176471
6239,93,0.06007480130902291,345.96774193548384
6240,0,0.0,0.0
6241,96,0.07543859649122807,381.90625
6242,29,0.06403940886699508,350.1034482758621
6243,0,0.0,0.0
6244,321,0.07040498442367601,368.61682242990656
6245,173,0.07326253528700094,376.84971098265896
6246,14,0.01098901098901099,212.85714285714286
6247,67,0.0506558118498417,328.7910447761194
6248,54,0.06848357791754019,366.72222222222223
6249,0,0.0,0.0
6250,23,0.07905138339920949,399.69565217391306
6251,19,0.13450292397660818,528.5263157894736
6252,6,0.0,339.5
6253,264,0.0776299112801014,382.85227272727275
6254,36,0.07936507936507936,411.25
6255,21,0.08095238095238096,393.9047619047619
6256,5,0.0,204.8
6257,81,0.07438271604938272,383.5308641975309
6258,420,0.0846005227866803,404.51428571428573
6259,422,0.08888788823721448,413.2298578199052
6260,6,0.0,320.0
6261,10,0.06666666666666667,324.6
6262,21,0.08571428571428572,405.04761904761904
6263,0,0.0,0.0
6264,75,0.07783783783783783,397.70666666666665
6265,40,0.09487179487179487,439.1
6266,721,0.07167899522268455,368.8391123439667
6267,167,0.07394848856503859,366.4011976047904
6268,10,0.1111111111111111,486.0
6269,0,0.0,0.0
6270,5,0.4,462.2
6271,41,0.05731707317073171,365.9512195121951
6272,21,0.04285714285714286,303.14285714285717
6273,550,0.07767511177347243,386.92
6274,321,0.09201713395638629,428.39252336448595
6275,8,0.03571428571428571,206.125
6276,2,0.0,123.5
6277,2,0.0,267.5
6278,284,0.08341213357885831,395.52464788732397
6279,52,0.06334841628959276,354.9423076923077
6280,21,0.10476190476190476,393.57142857142856
6281,0,0.0,0.0
6282,66,0.07319347319347319,378.1060606060606
6283,16,0.041666666666666664,322.8125
6284,10,0.022222222222222223,356.6
6285,55,0.06868686868686869,372.8909090909091
6286,26,0.055384615384615386,343.46153846153845
6287,1,0.0,682.0
6288,61,0.0825136612021858,384.7049180327869
6289,47,0.08788159111933395,425.59574468085106
6290,0,0.0,0.0
6291,253,0.0727774640818119,376.9209486166008
6292,0,0.0,0.0
6293,36,0.06666666666666667,340.22222222222223
6294,10,0.1111111111111111,480.2
6295,47,0.05735430157261795,339.1489361702128
6296,83,0.06641198942109904,369.06024096385545
6297,0,0.0,0.0
6298,77,0.06322624743677376,337.24675324675326
6299,6,0.0,398.0
6300,11,0.05454545454545454,369.54545454545456
6301,141,0.09848024316109423,430.17021276595744
6302,161,0.09037267080745341,413.1552795031056
6303,11,0.03636363636363636,392.8181818181818
6304,0,0.0,0.0
6305,172,0.0795593635250918,396.20348837209303
6306,13,0.10256410256410256,487.2307692307692
6307,416,0.08529888785912883,404.10096153846155
6308,37,0.07657657657657657,398.3783783783784
6309,3,0.3333333333333333,550.6666666666666
6310,3,0.3333333333333333,354.6666666666667
6311,11,0.01818181818181818,270.54545454545456
6312,44,0.05708245243128964,334.9318181818182
6313,323,0.0783224044766648,391.0123839009288
6314,6,0.3333333333333333,749.8333333333334
6315,0,0.0,0.0
6316,2,0.0,60.5
6317,18,0.12418300653594772,490.1666666666667
6318,9,0.027777777777777776,290.55555555555554
6319,9,0.1388888888888889,421.55555555555554
6320,58,0.05384150030248034,289.37931034482756
6321,83,0.05759623861298854,353.13253012048193
6322,6,0.0,236.66666666666666
6323,189,0.07519981988067094,384.65608465608466
6324,0,0.0,0.0
6325,3,0.0,268.0
6326,0,0.0,0.0
6327,5,0.0,204.2
6328,31,0.05806451612903226,348.1290322580645
6329,2,0.0,735.5
6330,35,0.0907563025210084,390.22857142857146
6331,14,0.14285714285714285,534.7142857142857
6332,1,0.0,87.0
6333,670,0.07936996631193807,390.2671641791045
6334,32,0.05241935483870968,309.3125
6335,15,0.0380952380952381,346.8666666666667
6336,0,0.0,0.0
6337,23,0.12648221343873517,431.17391304347825
6338,5,0.2,210.4
6339,3,0.0,285.0
6340,404,0.08754882932461981,409.19059405940595
6341,61,0.05737704918032787,323.0655737704918
6342,4,0.0,165.0
6343,23,0.07114624505928854,370.5652173913044
6344,308,0.07252844874994713,375.71753246753246
6345,15,0.05714285714285714,402.8666666666667
6346,1,0.0,73.0
6347,36,0.04285714285714286,339.3888888888889
6348,33,0.12310606060606061,507.09090909090907
6349,11,0.03636363636363636,387.09090909090907
6350,14,0.04395604395604396,331.07142857142856
6351,0,0.0,0.0
6352,275,0.09836761778367618,438.2218181818182
6353,12,0.045454545454545456,325.8333333333333
6354,40,0.14102564102564102,511.175
6355,272,0.07768070327762101,383.4227941176471
6356,8,0.03571428571428571,329.625
6357,33,0.0928030303030303,452.1515151515151
6358,51,0.0784313725490196,415.80392156862746
6359,228,0.09575701367957339,429.7368421052632
6360,0,0.0,0.0
6361,6,0.0,393.5
6362,11,0.10909090909090909,285.72727272727275
6363,0,0.0,0.0
6364,3,0.0,247.33333333333334
6365,3,0.0,428.6666666666667
6366,7,0.23809523809523808,410.85714285714283
6367,108,0.08324679820006922,413.1111111111111
6368,1,0.0,523.0
6369,45,0.07878787878787878,374.55555555555554
6370,123,0.08330001332800213,407.5691056910569
6371,79,0.09152872444011685,424.50632911392404
6372,5,0.1,599.4
6373,286,0.08732670837933997,407.6293706293706
6374,1,0.0,192.0
6375,27,0.07122507122507123,329.8888888888889
6376,59,0.08123904149620105,372.89830508474574
6377,46,0.04927536231884058,288.7173913043478
6378,10,0.022222222222222223,323.1
6379,280,0.08328213005632361,396.00357142857143
6380,54,0.04891684136967156,285.5925925925926
6381,2,0.0,898.5
6382,20,0.15789473684210525,633.9
6383,0,0.0,0.0
6384,25,0.07,342.08
6385,22,0.05194805194805195,297.72727272727275
6386,28,0.037037037037037035,238.0
6387,12,0.045454545454545456,285.3333333333333
6388,32,0.06451612903225806,346.21875
6389,20,0.031578947368421054,276.45
6390,40,0.05512820512820513,353.425
6391,1,0.0,104.0
6392,10,0.06666666666666667,360.1
6393,5,0.2,626.4
6394,3,0.0,52.666666666666664
6395,0,0.0,0.0
6396,125,0.07045161290322581,380.144
6397,19,0.05263157894736842,370.1578947368421
6398,2,0.0,735.5
6399,3,0.0,318.6666666666667
6400,46,0.07246376811594203,348.9130434782609
6401,5,0.1,154.6
6402,0,0.0,0.0
6403,3,0.0,166.0
6404,99,0.08204493918779633,401.54545454545456
6405,0,0.0,0.0
6406,0,0.0,0.0
6407,39,0.1039136302294197,440.3076923076923
6408,28,0.0873015873015873,418.4642857142857
6409,0,0.0,0.0
6410,21,0.06190476190476191,377.9047619047619
6411,441,0.08180787466501752,395.6145124716553
6412,1,0.0,32.0
6413,834,0.07129758378171412,369.4664268585132
6414,161,0.09922360248447205,444.3850931677019
6415,256,0.08428308823529412,406.75
6416,1,0.0,786.0
6417,67,0.06377204884667571,345.4179104477612
6418,2,0.0,398.5
6419,29,0.07142857142857142,359.7586206896552
6420,193,0.08025690846286701,389.1761658031088
6421,64,0.06646825396825397,366.171875
6422,29,0.09359605911330049,437.7931034482759
6423,6,0.0,189.66666666666666
6424,234,0.07494222515681744,387.44017094017096
6425,1113,0.0666744232646228,355.20485175202157
6426,61,0.06557377049180328,351.55737704918033
6427,61,0.06612021857923497,356.8032786885246
6428,19,0.07602339181286549,397.1578947368421
6429,24,0.057971014492753624,392.7916666666667
6430,78,0.07226107226107226,359.55128205128204
6431,57,0.05325814536340852,298.6666666666667
6432,185,0.10170387779083431,440.74054054054056
6433,19,0.08771929824561403,424.2105263157895
6434,5,0.0,173.8
6435,0,0.0,0.0
6436,15,0.0761904761904762,353.46666666666664
6437,24,0.06521739130434782,380.0833333333333
6438,3,0.0,559.3333333333334
6439,519,0.08179525520565983,396.08477842003856
6440,4,0.0,361.25
6441,31,0.0989247311827957,422.4193548387097
6442,0,0.0,0.0
6443,18,0.11764705882352941,432.27777777777777
6444,27,0.07122507122507123,360.4074074074074
6445,274,0.08678912328547365,405.12773722627736
6446,38,0.07112375533428165,371.44736842105266
6447,51,0.08470588235294117,419.72549019607845
6448,18,0.058823529411764705,352.44444444444446
6449,4,0.16666666666666666,253.0
6450,2,0.0,204.5
6451,200,0.08648241206030151,410.695
6452,198,0.07157873147720864,369.979797979798
6453,104,0.07897684839432412,392.0673076923077
6454,8,0.03571428571428571,440.875
6455,721,0.09411311450146402,423.1664355062413
6456,28,0.05555555555555555,337.9642857142857
6457,1,0.0,244.0
6458,64,0.07837301587301587,397.015625
6459,0,0.0,0.0
6460,19,0.08187134502923976,423.3157894736842
6461,15,0.047619047619047616,331.53333333333336
6462,0,0.0,0.0
6463,1,0.0,6.0
6464,77,0.0786056049213944,398.4935064935065
6465,4,0.16666666666666666,256.75
6466,301,0.0675968992248062,359.7641196013289
6467,7,0.0,242.85714285714286
6468,0,0.0,0.0
6469,6,0.06666666666666667,373.1666666666667
6470,421,0.08329374505146477,397.45130641330167
6471,15,0.09523809523809523,448.0
6472,0,0.0,0.0
6473,43,0.07419712070874862,396.6046511627907
6474,0,0.0,0.0
6475,67,0.05924920850293985,345.1641791044776
6476,2,0.0,1023.0
6477,5,0.1,392.0
6478,3,0.0,113.0
6479,326,0.05955639452571968,336.8006134969325
6480,42,0.07549361207897794,420.14285714285717
6481,9,0.08333333333333333,432.1111111111111
6482,8,0.03571428571428571,256.875
6483,11,0.03636363636363636,453.1818181818182
6484,1,0.0,346.0
6485,2,0.0,613.0
6486,36,0.08888888888888889,386.97222222222223
6487,0,0.0,0.0
6488,36,0.10634920634920635,450.6666666666667
6489,3,0.0,312.3333333333333
6490,9,0.027777777777777776,253.77777777777777
6491,263,0.07343337300089978,377.09125475285174
6492,12,0.10606060606060606,420.5833333333333
6493,183,0.08929322044076142,411.1256830601093
6494,14,0.0989010989010989,389.2857142857143
6495,18,0.058823529411764705,366.0
6496,8,0.07142857142857142,405.875
6497,124,0.06490952006294257,336.03225806451616
6498,453,0.09804840883783625,433.91832229580575
6499,7,0.09523809523809523,524.5714285714286
6500,2,0.0,703.0
6501,14,0.06593406593406594,292.07142857142856
6502,1,0.0,64.0
6503,2,0.0,231.0
6504,0,0.0,0.0
6505,2,0.0,228.0
6506,0,0.0,0.0
6507,0,0.0,0.0
6508,38,0.08108108108108109,401.05263157894734
6509,8,0.14285714285714285,564.75
6510,13,0.0641025641025641,263.7692307692308
6511,1,0.0,989.0
6512,29,0.05172413793103448,336.7241379310345
6513,0,0.0,0.0
6514,31,0.12473118279569892,484.5806451612903
6515,0,0.0,0.0
6516,8,0.07142857142857142,505.875
6517,49,0.07482993197278912,394.81632653061223
6518,21,0.014285714285714285,163.95238095238096
6519,1,0.0,485.0
6520,365,0.10662351347282854,452.9780821917808
6521,101,0.08693069306930692,411.9504950495049
6522,0,0.0,0.0
6523,70,0.0650103519668737,335.2142857142857
6524,101,0.06,333.7821782178218
6525,24,0.07608695652173914,356.5833333333333
6526,54,0.09713487071977638,429.27777777777777
6527,38,0.06685633001422475,346.0263157894737
6528,16,0.10833333333333334,556.375
6529,23,0.09486166007905138,427.39130434782606
6530,187,0.07141624978437122,376.048128342246
6531,15,0.0380952380952381,316.2
6532,130,0.04889683959451401,326.4153846153846
6533,10,0.1111111111111111,442.0
6534,3,0.0,147.33333333333334
6535,30,0.07816091954022988,449.06666666666666
6536,7,0.14285714285714285,382.0
6537,453,0.061585496884096196,342.35540838852097
6538,2,0.0,637.0
6539,4,0.0,305.25
6540,0,0.0,0.0
6541,3,0.0,286.6666666666667
6542,164,0.07234774801735748,370.7073170731707
6543,2,0.0,554.5
6544,180,0.08770949720670392,413.9222222222222
6545,26,0.06153846153846154,354.53846153846155
6546,38,0.049786628733997154,343.2368421052632
6547,299,0.0804471280105946,396.26421404682276
6548,37,0.07807807807807808,418.0810810810811
6549,1,0.0,444.0
6550,8,0.07142857142857142,287.0
6551,25,0.09,445.6
6552,163,0.0867984548966144,404.14723926380367
6553,1,0.0,919.0
6554,25,0.07333333333333333,349.48
6555,21,0.05714285714285714,373.5238095238095
6556,6,0.13333333333333333,461.0
6557,50,0.04653061224489796,332.24
6558,20,0.042105263157894736,340.7
6559,655,0.07112542895160726,368.393893129771
6560,4,0.5,765.5
6561,48,0.09397163120567376,406.6458333333333
6562,7,0.047619047619047616,322.85714285714283
6563,44,0.06236786469344609,328.79545454545456
6564,18,0.05228758169934641,279.44444444444446
6565,53,0.06676342525399129,372.39622641509436
6566,1,0.0,681.0
6567,12,0.030303030303030304,316.4166666666667
6568,178,0.06494001142639497,350.4831460674157
6569,3,0.0,214.33333333333334
6570,53,0.0841799709724238,404.9433962264151
6571,40,0.05384615384615385,316.675
6572,1,0.0,253.0
6573,320,0.09349529780564263,423.5
6574,10,0.044444444444444446,283.2
6575,1,0.0,167.0
6576,26,0.11384615384615385,495.65384615384613
6577,40,0.07307692307692308,432.0
6578,24,0.08333333333333333,413.25
6579,4,0.0,350.5
6580,14,0.02197802197802198,310.0
6581,1,0.0,692.0
6582,18,0.06535947712418301,397.6111111111111
6583,12,0.12121212121212122,491.3333333333333
6584,0,0.0,0.0
6585,0,0.0,0.0
6586,91,0.1028083028083028,457.4175824175824
6587,71,0.06800804828973843,350.16901408450707
6588,1,0.0,740.0
6589,2,0.0,499.0
6590,63,0.06502816180235535,353.8888888888889
6591,27,0.037037037037037035,332.25925925925924
6592,0,0.0,0.0
6593,60,0.08135593220338982,408.55
6594,68,0.08955223880597014,398.05882352941177
6595,3,0.0,107.33333333333333
6596,9,0.0,243.77777777777777
6597,1,0.0,238.0
6598,12,0.07575757575757576,429.1666666666667
6599,53,0.050072568940493466,308.811320754717
6600,0,0.0,0.0
6601,43,0.132890365448505,520.3255813953489
6602,0,0.0,0.0
6603,374,0.07439319866381844,378.25935828877004
6604,9,0.027777777777777776,235.0
6605,9,0.027777777777777776,268.0
6606,95,0.07301231802911534,376.4315789473684
6607,25,0.02,235.2
6608,13,0.038461538461538464,330.2307692307692
6609,233,0.10004439840165755,441.2832618025751
6610,21,0.047619047619047616,284.57142857142856
6611,347,0.08275724209158601,401.8587896253602
6612,9,0.0,485.55555555555554
6613,35,0.031932773109243695,261.77142857142854
6614,102,0.08891477383032421,413.01960784313724
6615,530,0.0750864928487356,382.3301886792453
6616,19,0.0935672514619883,393.2105263157895
6617,9,0.05555555555555555,385.6666666666667
6618,636,0.0758579705838657,381.4512578616352
6619,6,0.06666666666666667,341.0
6620,3,0.0,110.33333333333333
6621,37,0.052552552552552555,304.94594594594594
6622,18,0.16993464052287582,614.1666666666666
6623,376,0.07767375886524823,385.9095744680851
6624,0,0.0,0.0
6625,0,0.0,0.0
6626,31,0.08172043010752689,378.7741935483871
6627,93,0.07456755493221132,375.63440860215053
6628,5,0.2,468.0
6629,259,0.07766903115740326,388.4092664092664
6630,3,0.0,557.3333333333334
6631,824,0.06686406587313759,357.5230582524272
6632,2,0.0,265.5
6633,19,0.0935672514619883,363.8421052631579
6634,142,0.10288682449305764,449.33098591549293
6635,13,0.15384615384615385,490.0769230769231
6636,8,0.21428571428571427,613.125
6637,0,0.0,0.0
6638,45,0.03535353535353535,262.4888888888889
6639,4,0.16666666666666666,468.75
6640,4,0.0,499.0
6641,0,0.0,0.0
6642,0,0.0,0.0
6643,170,0.09321266968325792,422.8588235294118
6644,4,0.3333333333333333,602.0
6645,56,0.047402597402597405,303.35714285714283
6646,20,0.06842105263157895,355.65
6647,77,0.08304853041695147,393.76623376623377
6648,1,0.0,300.0
6649,9,0.19444444444444445,624.7777777777778
6650,170,0.09794639749390881,427.6058823529412
6651,59,0.1478667445938048,539.1864406779661
6652,39,0.11470985155195682,459.64102564102564
6653,650,0.08066848405831456,394.7661538461538
6654,8,0.03571428571428571,429.875
6655,1,0.0,1.0
6656,26,0.03076923076923077,258.2307692307692
6657,263,0.10478042550721273,453.9239543726236
6658,40,0.03076923076923077,290.55
6659,97,0.07323883161512028,376.69072164948454
6660,1,0.0,902.0
6661,6,0.06666666666666667,208.5
6662,1,0.0,232.0
6663,117,0.08325965222516947,400.0
6664,140,0.07430626927029804,380.62857142857143
6665,5,0.0,607.0
6666,734,0.08575485760805321,406.9264305177112
6667,1,0.0,22.0
6668,174,0.07082585874692711,375.31609195402297
6669,9,0.08333333333333333,360.77777777777777
6670,2,0.0,476.5
6671,1,0.0,268.0
6672,78,0.07992007992007992,404.15384615384613
6673,183,0.08563021677775776,414.27868852459017
6674,2,0.0,118.0
6675,353,0.08192763327324235,398.64305949008497
6676,283,0.0768613888680049,380.6042402826855
6677,64,0.06746031746031746,373.296875
6678,83,0.07610931531002058,376.6385542168675
6679,3,0.0,156.33333333333334
6680,151,0.07823399558498896,388.86092715231786
6681,14,0.08791208791208792,398.7857142857143
6682,6,0.13333333333333333,397.5
6683,2,1.0,704.0
6684,83,0.08139876579488686,399.6144578313253
6685,0,0.0,0.0
6686,14,0.07692307692307693,429.35714285714283
6687,26,0.10461538461538461,410.3076923076923
6688,35,0.07058823529411765,380.4
6689,11,0.16363636363636364,433.45454545454544
6690,338,0.08180429476937123,394.7573964497041
6691,13,0.07692307692307693,370.0
6692,76,0.05894736842105263,348.0
6693,54,0.07617051013277429,382.25925925925924
6694,28,0.07407407407407407,379.75
6695,68,0.08516242317822652,412.88235294117646
6696,0,0.0,0.0
6697,70,0.07287784679089027,356.1857142857143
6698,13,0.038461538461538464,281.3076923076923
6699,16,0.041666666666666664,219.25
6700,18,0.0784313725490196,454.05555555555554
6701,7,0.0,225.71428571428572
6702,72,0.07981220657276995,392.59722222222223
6703,30,0.06206896551724138,354.0
6704,0,0.0,0.0
6705,8,0.10714285714285714,426.625
6706,143,0.08933320200925834,415.83216783216784
6707,41,0.045121951219512194,303.9512195121951
6708,56,0.07857142857142857,397.9107142857143
6709,86,0.05362517099863201,334.95348837209303
6710,0,0.0,0.0
6711,42,0.10801393728222997,488.85714285714283
6712,2,0.0,331.0
6713,155,0.07901131126937579,402.28387096774196
6714,64,0.0689484126984127,344.984375
6715,0,0.0,0.0
6716,17,0.08088235294117647,415.88235294117646
6717,9,0.25,540.0
6718,20,0.015789473684210527,229.35
6719,18,0.0718954248366013,388.05555555555554
6720,48,0.05585106382978723,318.3125
6721,67,0.0877431026684758,439.7313432835821
6722,21,0.08571428571428572,431.14285714285717
6723,3,0.0,153.33333333333334
6724,13,0.11538461538461539,532.9230769230769
6725,1,0.0,165.0
6726,35,0.10588235294117647,460.51428571428573
6727,701,0.07946606888119014,390.8259629101284
6728,3,0.0,278.3333333333333
6729,634,0.07530112976612297,378.37854889589903
6730,18,0.032679738562091505,303.22222222222223
6731,714,0.07546132057311003,378.23949579831935
6732,1,0.0,1697.0
6733,0,0.0,0.0
6734,0,0.0,0.0
6735,303,0.0838414967324547,406.1221122112211
6736,11,0.05454545454545454,481.45454545454544
6737,2,0.0,195.0
6738,11,0.12727272727272726,429.0
6739,0,0.0,0.0
6740,8,0.03571428571428571,237.625
6741,9,0.0,314.8888888888889
6742,6,0.0,375.8333333333333
6743,32,0.06048387096774194,352.5
6744,13,0.07692307692307693,320.38461538461536
6745,18,0.08496732026143791,448.3333333333333
6746,26,0.07076923076923076,380.4230769230769
6747,29,0.027093596059113302,291.0344827586207
6748,452,0.07901811117869827,386.66150442477874
6749,12,0.030303030303030304,385.1666666666667
6750,14,0.07692307692307693,400.2142857142857
6751,20,0.031578947368421054,332.4
6752,0,0.0,0.0
6753,3,0.0,212.33333333333334
6754,19,0.06432748538011696,280.3157894736842
6755,62,0.06240084611316764,359.241935483871
6756,14,0.08791208791208792,456.5
6757,0,0.0,0.0
6758,61,0.07540983606557378,368.0
6759,0,0.0,0.0
6760,32,0.09879032258064516,437.03125
6761,0,0.0,0.0
6762,8,0.07142857142857142,407.625
6763,2,1.0,828.5
6764,49,0.0782312925170068,377.85714285714283
6765,232,0.09307359307359307,429.2715517241379
6766,6,0.13333333333333333,428.5
6767,22,0.05627705627705628,321.0
6768,2,0.0,466.5
6769,175,0.08702791461412152,413.33714285714285
6770,85,0.06582633053221289,379.67058823529413
6771,28,0.07407407407407407,406.89285714285717
6772,0,0.0,0.0
6773,5,0.0,752.0
6774,89,0.08478038815117467,397.14606741573033
6775,0,0.0,0.0
6776,124,0.07553107789142408,389.53225806451616
6777,124,0.08156307369525308,413.4193548387097
6778,21,0.03333333333333333,295.8095238095238
6779,3,0.0,198.66666666666666
6780,31,0.06666666666666667,372.61290322580646
6781,144,0.08886946386946387,417.34027777777777
6782,9,0.027777777777777776,284.6666666666667
6783,5,0.1,501.2
6784,131,0.08056371109806225,421.0381679389313
6785,28,0.09523809523809523,419.35714285714283
6786,458,0.08021748062645122,392.7576419213974
6787,168,0.10129740518962076,432.73214285714283
6788,397,0.09157061801898074,425.33249370277076
6789,168,0.057812945537496434,336.4166666666667
6790,1,0.0,416.0
6791,0,0.0,0.0
6792,490,0.07922874671340929,384.7326530612245
6793,1,0.0,623.0
6794,0,0.0,0.0
6795,21,0.05238095238095238,334.3809523809524
6796,5,0.4,777.8
6797,3,0.0,743.6666666666666
6798,0,0.0,0.0
6799,5,0.2,510.2
6800,105,0.09652014652014652,421.23809523809524
6801,72,0.059076682316118935,356.34722222222223
6802,41,0.06219512195121951,390.4878048780488
6803,8,0.03571428571428571,242.75
6804,24,0.09782608695652174,352.4583333333333
6805,98,0.07784557121817799,388.1734693877551
6806,12,0.16666666666666666,508.1666666666667
6807,190,0.07886382623224729,389.88947368421054
6808,0,0.0,0.0
6809,18,0.032679738562091505,304.77777777777777
6810,10,0.0,255.0
6811,5,0.0,449.4
6812,8,0.03571428571428571,474.875
6813,1,0.0,1149.0
6814,7,0.0,266.0
6815,16,0.058333333333333334,418.0
6816,0,0.0,0.0
6817,20,0.07894736842105263,378.15
6818,15,0.1523809523809524,527.0
6819,0,0.0,0.0
6820,24,0.03260869565217391,225.29166666666666
6821,1,0.0,161.0
6822,3,0.0,737.3333333333334
6823,5,0.1,356.2
6824,3,0.3333333333333333,494.3333333333333
6825,69,0.0792838874680307,390.18840579710144
6826,6,0.13333333333333333,346.6666666666667
6827,1,0.0,108.0
6828,30,0.06666666666666667,341.6
6829,56,0.06168831168831169,353.73214285714283
6830,3,0.6666666666666666,778.0
6831,1,0.0,35.0
6832,0,0.0,0.0
6833,102,0.081537565521258,393.8921568627451
6834,0,0.0,0.0
6835,51,0.06901960784313725,375.88235294117646
6836,43,0.04318936877076412,304.0
6837,7,0.0,235.14285714285714
6838,185,0.11010575793184489,471.8054054054054
6839,0,0.0,0.0
6840,75,0.07315315315315316,388.08
6841,0,0.0,0.0
6842,59,0.05902980713033314,329.52542372881356
6843,98,0.070271407532085,340.0816326530612
6844,15,0.20952380952380953,531.6666666666666
6845,36,0.09523809523809523,402.8888888888889
6846,2,0.0,506.5
6847,17,0.15441176470588236,494.4117647058824
6848,9,0.16666666666666666,692.1111111111111
6849,2,0.0,298.0
6850,1,0.0,125.0
6851,2,0.0,127.0
6852,137,0.07717904680120223,396.62773722627736
6853,2,0.0,115.5
6854,0,0.0,0.0
6855,330,0.07637468914064659,379.8121212121212
6856,12,0.13636363636363635,400.75
6857,75,0.06918918918918919,379.5733333333333
6858,564,0.07497197132887394,376.7322695035461
6859,1,0.0,672.0
6860,0,0.0,0.0
6861,4,0.0,416.0
6862,388,0.08754894909294333,415.5618556701031
6863,4,0.3333333333333333,694.5
6864,355,0.08603485318691811,411.5746478873239
6865,59,0.0771478667445938,387.135593220339
6866,58,0.0677555958862674,374.37931034482756
6867,48,0.0851063829787234,400.6041666666667
6868,9,0.0,339.0
6869,126,0.09307936507936508,430.91269841269843
6870,442,0.07558921004299156,380.69457013574663
6871,2,0.0,349.0
6872,92,0.08456760630673674,409.8804347826087
6873,47,0.08233117483811286,387.9574468085106
6874,2,0.0,255.0
6875,88,0.07079414838035528,355.4886363636364
6876,248,0.07225414653258456,375.7258064516129
6877,100,0.06888888888888889,363.64
6878,0,0.0,0.0
6879,862,0.07442918313836767,375.8723897911833
6880,266,0.08523194779401333,404.3308270676692
6881,2,1.0,743.5
6882,16,0.03333333333333333,353.3125
6883,26,0.12615384615384614,439.6923076923077
6884,1,0.0,36.0
6885,0,0.0,0.0
6886,5,0.2,527.2
6887,152,0.0753746950156849,388.48026315789474
6888,55,0.07272727272727272,386.7090909090909
6889,296,0.1054512139257902,455.4155405405405
6890,1,0.0,313.0
6891,19,0.07602339181286549,353.89473684210526
6892,0,0.0,0.0
6893,0,0.0,0.0
6894,156,0.07890818858560794,394.0897435897436
6895,25,0.07666666666666666,343.44
6896,492,0.08317189078204427,397.0711382113821
6897,64,0.07093253968253968,370.3125
6898,6,0.0,114.83333333333333
6899,0,0.0,0.0
6900,0,0.0,0.0
6901,5,0.0,122.4
6902,174,0.06584280114278121,363.41954022988506
6903,15,0.14285714285714285,487.26666666666665
6904,0,0.0,0.0
6905,47,0.05087881591119334,323.468085106383
6906,169,0.0695266272189349,359.0887573964497
6907,108,0.06576670128071997,365.3703703703704
6908,7,0.3333333333333333,648.2857142857143
6909,10,0.06666666666666667,264.2
6910,1,0.0,413.0
6911,194,0.09187543400459378,427.2680412371134
6912,5,0.2,605.6
6913,80,0.08322784810126582,393.4
6914,35,0.06554621848739496,336.0
6915,238,0.07456653547494947,376.60504201680675
6916,116,0.10764617691154423,444.2758620689655
6917,35,0.07394957983193277,342.0
6918,76,0.07649122807017544,367.5921052631579
6919,1,0.0,1095.0
6920,22,0.12121212121212122,412.8636363636364
6921,5,0.1,285.2
6922,22,0.06060606060606061,313.6818181818182
6923,10,0.0,205.0
6924,4,0.16666666666666666,238.5
6925,12,0.06060606060606061,366.5
6926,8,0.14285714285714285,547.375
6927,27,0.1282051282051282,525.0370370370371
6928,255,0.07664041994750656,381.47058823529414
6929,0,0.0,0.0
6930,235,0.08201491180214585,402.531914893617
6931,266,0.08401191658391262,402.2894736842105
6932,23,0.11067193675889328,435.17391304347825
6933,60,0.061581920903954805,352.05
6934,18,0.10457516339869281,448.22222222222223
6935,372,0.09694809147030693,435.4596774193548
6936,20,0.07368421052631578,378.7
6937,16,0.075,375.0625
6938,6,0.0,291.6666666666667
6939,14,0.054945054945054944,367.35714285714283
6940,15,0.02857142857142857,301.1333333333333
6941,57,0.05513784461152882,310.859649122807
6942,31,0.02795698924731183,239.51612903225808
6943,10,0.022222222222222223,253.4
6944,0,0.0,0.0
6945,21,0.04285714285714286,252.0952380952381
6946,31,0.09247311827956989,420.6774193548387
6947,3,0.0,533.6666666666666
6948,11,0.01818181818181818,294.8181818181818
6949,65,0.058653846153846154,355.33846153846156
6950,240,0.08291492329149233,398.975
6951,12,0.15151515151515152,458.6666666666667
6952,1,0.0,468.0
6953,3,0.0,309.3333333333333
6954,225,0.07289682539682539,370.44444444444446
6955,0,0.0,0.0
6956,72,0.06572769953051644,353.6666666666667
6957,51,0.05254901960784314,343.8235294117647
6958,20,0.10526315789473684,475.65
6959,51,0.07215686274509804,379.7647058823529
6960,208,0.07534373838721665,384.125
6961,2,0.0,204.0
6962,8,0.0,257.125
6963,12,0.07575757575757576,432.0
6964,460,0.08144359192952544,395.11304347826086
6965,32,0.11088709677419355,465.1875
6966,0,0.0,0.0
6967,129,0.08139534883720931,402.5581395348837
6968,15,0.0380952380952381,316.2
6969,1,0.0,191.0
6970,0,0.0,0.0
6971,30,0.08275862068965517,410.3333333333333
6972,48,0.09574468085106383,400.8125
6973,48,0.06028368794326241,352.875
6974,136,0.07755991285403051,388.58088235294116
6975,16,0.08333333333333333,397.625
6976,0,0.0,0.0
6977,1,0.0,28.0
6978,365,0.07084148727984345,369.25479452054793
6979,84,0.07773952954675846,382.51190476190476
6980,9,0.1111111111111111,388.22222222222223
6981,588,0.0850513970494501,405.2074829931973
6982,43,0.1461794019933555,546.6976744186046
6983,1,0.0,1104.0
6984,0,0.0,0.0
6985,211,0.08589483186639585,402.50710900473933
6986,1,0.0,59.0
6987,15,0.10476190476190476,410.8
6988,11,0.03636363636363636,416.1818181818182
6989,1,0.0,320.0
6990,11,0.07272727272727272,279.72727272727275
6991,26,0.03076923076923077,268.38461538461536
6992,4,0.16666666666666666,294.75
6993,45,0.08383838383838384,419.6222222222222
6994,218,0.07770684479770008,388.6880733944954
6995,19,0.08187134502923976,441.2105263157895
6996,5,0.1,321.8
6997,0,0.0,0.0
6998,0,0.0,0.0
6999,15,0.12380952380952381,507.6
7000,17,0.11029411764705882,399.7647058823529
7001,30,0.08275862068965517,409.1
7002,51,0.08705882352941176,444.05882352941177
7003,2,0.0,478.0
7004,0,0.0,0.0
7005,39,0.07152496626180836,368.4102564102564
7006,13,0.16666666666666666,475.0769230769231
7007,0,0.0,0.0
7008,6,0.0,251.83333333333334
7009,48,0.08687943262411348,383.0416666666667
7010,18,0.1437908496732026,409.3333333333333
7011,0,0.0,0.0
7012,8,0.10714285714285714,574.5
7013,12,0.045454545454545456,309.5
7014,42,0.06620209059233449,367.92857142857144
7015,43,0.11295681063122924,440.2093023255814
7016,1,0.0,379.0
7017,28,0.09523809523809523,447.4642857142857
7018,59,0.07247223845704266,360.20338983050846
7019,36,0.09523809523809523,441.94444444444446
7020,171,0.08861369109047128,418.9122807017544
7021,72,0.09194053208137715,423.6111111111111
7022,40,0.06666666666666667,358.325
7023,7,0.047619047619047616,509.85714285714283
7024,2,1.0,1168.5
7025,531,0.07379454926624739,376.45197740112997
7026,24,0.06884057971014493,437.125
7027,12,0.10606060606060606,393.6666666666667
7028,14,0.054945054945054944,253.5
7029,147,0.07613456341440686,377.2857142857143
7030,27,0.1111111111111111,435.5925925925926
7031,12,0.06060606060606061,317.25
7032,2,0.0,346.0
7033,2,0.0,59.5
7034,29,0.07881773399014778,362.17241379310343
7035,2,0.0,47.0
7036,10,0.08888888888888889,287.4
7037,0,0.0,0.0
7038,3,0.0,395.0
7039,1,0.0,362.0
7040,18,0.1111111111111111,400.05555555555554
7041,1,0.0,29.0
7042,9,0.05555555555555555,432.44444444444446
7043,0,0.0,0.0
7044,2,0.0,224.5
7045,3,0.0,218.66666666666666
7046,12,0.0,211.58333333333334
7047,47,0.08140610545790934,387.3829787234043
7048,4,0.0,133.0
7049,53,0.09143686502177069,395.7358490566038
7050,20,0.08421052631578947,409.4
7051,43,0.07973421926910298,395.74418604651163
7052,20,0.06315789473684211,406.45
7053,20,0.04736842105263158,361.95
7054,50,0.0563265306122449,331.9
7055,35,0.11428571428571428,451.2857142857143
7056,170,0.10281935259310825,445.09411764705885
7057,26,0.08923076923076922,451.34615384615387
7058,4,0.0,304.75
7059,2,0.0,326.0
7060,27,0.07407407407407407,319.74074074074076
7061,10,0.06666666666666667,295.8
7062,438,0.09243179419662916,423.42922374429224
7063,0,0.0,0.0
7064,63,0.07322068612391193,371.3174603174603
7065,162,0.0897937274748869,410.72222222222223
7066,10,0.044444444444444446,305.3
7067,2,0.0,251.0
7068,81,0.07592592592592592,381.81481481481484
7069,3,0.3333333333333333,761.3333333333334
7070,1,0.0,712.0
7071,2,1.0,762.0
7072,0,0.0,0.0
7073,1,0.0,196.0
7074,15,0.14285714285714285,555.5333333333333
7075,6,0.0,531.8333333333334
7076,609,0.0850401866735805,403.559934318555
7077,3,0.0,150.66666666666666
7078,11,0.18181818181818182,393.45454545454544
7079,82,0.0716651610960554,377.1585365853659
7080,19,0.12280701754385964,461.63157894736844
7081,11,0.09090909090909091,531.0
7082,1,0.0,245.0
7083,155,0.06233766233766234,346.0451612903226
7084,30,0.11494252873563218,472.8333333333333
7085,49,0.04846938775510204,292.14285714285717
7086,1,0.0,1237.0
7087,9,0.1111111111111111,318.3333333333333
7088,2,0.0,295.0
7089,103,0.07976394441271654,400.3495145631068
7090,111,0.06764946764946765,371.35135135135135
7091,12,0.07575757575757576,274.0
7092,6,0.0,285.0
7093,28,0.11375661375661375,446.9642857142857
7094,151,0.08432671081677705,406.72847682119203
7095,13,0.07692307692307693,461.0769230769231
7096,32,0.08064516129032258,441.59375
7097,402,0.07256733787421993,367.02487562189054
7098,3,0.3333333333333333,685.3333333333334
7099,25,0.08333333333333333,412.32
7100,10,0.044444444444444446,271.3
7101,9,0.08333333333333333,247.0
7102,6,0.06666666666666667,410.3333333333333
7103,16,0.05,332.0
7104,17,0.0661764705882353,361.4117647058824
7105,4,0.0,393.25
7106,8,0.03571428571428571,315.875
7107,1,0.0,244.0
7108,41,0.08048780487804878,376.5853658536585
7109,447,0.08597425788264564,407.6219239373602
7110,3,0.6666666666666666,775.0
7111,61,0.08032786885245902,383.672131147541
7112,31,0.08387096774193549,384.2903225806452
7113,13,0.02564102564102564,166.84615384615384
7114,69,0.08013640238704177,387.57971014492756
7115,74,0.07700851536467974,378.3378378378378
7116,89,0.07379979570990806,373.65168539325845
7117,134,0.09662215239591516,432.94776119402985
7118,16,0.05,297.5625
7119,31,0.07526881720430108,367.93548387096774
7120,9,0.05555555555555555,242.77777777777777
7121,0,0.0,0.0
7122,117,0.08547008547008547,396.3162393162393
7123,86,0.0826265389876881,386.9651162790698
7124,4,0.0,294.75
7125,1,0.0,331.0
7126,325,0.0901994301994302,418.8369230769231
7127,12,0.06060606060606061,406.25
7128,2,0.0,142.5
7129,5,0.0,302.8
7130,69,0.04774083546462063,297.3188405797101
7131,3,0.0,78.33333333333333
7132,135,0.08236594803758983,405.02962962962965
7133,85,0.07170868347338935,397.22352941176473
7134,63,0.06963645673323093,372.8888888888889
7135,2,0.0,224.5
7136,404,0.07822519224627178,388.7277227722772
7137,150,0.06738255033557047,357.41333333333336
7138,8,0.07142857142857142,343.0
7139,177,0.08667180277349769,412.70621468926555
7140,106,0.07044025157232704,384.62264150943395
7141,41,0.07682926829268293,387.1219512195122
7142,7,0.0,280.42857142857144
7143,8,0.0,358.5
7144,19,0.0935672514619883,399.42105263157896
7145,11,0.16363636363636364,537.9090909090909
7146,9,0.1388888888888889,552.4444444444445
7147,14,0.10989010989010989,471.2142857142857
7148,109,0.08834522595990486,407.7798165137615
7149,451,0.07587090416358709,381.97339246119736
7150,37,0.07507507507507508,394.1081081081081
7151,422,0.09470792853846068,429.97156398104266
7152,2,0.0,364.0
7153,0,0.0,0.0
7154,31,0.09462365591397849,422.96774193548384
7155,1,0.0,116.0
7156,57,0.10150375939849623,478.1929824561403
7157,13,0.0641025641025641,369.53846153846155
7158,0,0.0,0.0
7159,8,0.0,323.75
7160,9,0.027777777777777776,255.33333333333334
7161,2,0.0,484.5
7162,4,0.16666666666666666,398.75
7163,21,0.08571428571428572,359.76190476190476
7164,106,0.06271338724168912,353.6509433962264
7165,87,0.08687516706762898,410.55172413793105
7166,15,0.0380952380952381,306.8
7167,105,0.07783882783882784,373.1047619047619
7168,4,0.16666666666666666,632.75
7169,10,0.06666666666666667,434.8
7170,216,0.07786391042204996,391.0787037037037
7171,2,0.0,140.0
7172,56,0.05,348.76785714285717
7173,18,0.0718954248366013,306.94444444444446
7174,35,0.08907563025210084,380.34285714285716
7175,646,0.08584731322149423,404.6393188854489
7176,33,0.09659090909090909,441.969696969697
7177,1,0.0,430.0
7178,32,0.024193548387096774,246.8125
7179,45,0.05353535353535353,346.06666666666666
7180,90,0.06916354556803996,364.2888888888889
7181,4,0.0,373.0
7182,12,0.07575757575757576,325.1666666666667
7183,283,0.07728742199834598,387.9434628975265
7184,68,0.06453028972783142,347.97058823529414
7185,16,0.05,287.4375
7186,21,0.05714285714285714,354.9047619047619
7187,4,0.0,330.5
7188,22,0.11255411255411256,501.6363636363636
7189,1,0.0,333.0
7190,261,0.08791629826112585,408.11877394636014
7191,3,0.0,457.3333333333333
7192,4,0.16666666666666666,615.75
7193,509,0.08390699689061461,401.8388998035363
7194,48,0.07358156028368794,367.0833333333333
7195,6,0.06666666666666667,256.0
7196,43,0.05758582502768549,347.51162790697674
7197,196,0.0739403453689168,384.7091836734694
7198,60,0.05254237288135593,333.1166666666667
7199,30,0.12183908045977011,478.3666666666667
7200,6,0.06666666666666667,294.1666666666667
7201,72,0.07629107981220658,361.7916666666667
7202,86,0.07004103967168263,356.8953488372093
7203,20,0.0,221.1
7204,7,0.09523809523809523,360.42857142857144
7205,32,0.0846774193548387,376.59375
7206,1,0.0,350.0
7207,34,0.0677361853832442,400.7352941176471
7208,2,0.0,765.5
7209,0,0.0,0.0
7210,6,0.06666666666666667,392.3333333333333
7211,0,0.0,0.0
7212,0,0.0,0.0
7213,8,0.03571428571428571,399.625
7214,38,0.10810810810810811,501.2105263157895
7215,22,0.12121212121212122,370.04545454545456
7216,15,0.02857142857142857,221.66666666666666
7217,4,0.16666666666666666,635.25
7218,6,0.06666666666666667,475.0
7219,9,0.05555555555555555,635.2222222222222
7220,5,0.0,303.4
7221,2,1.0,741.0
7222,6,0.0,271.6666666666667
7223,40,0.08846153846153847,380.85
7224,24,0.09420289855072464,530.875
7225,336,0.08882373845060412,415.11309523809524
7226,47,0.09528214616096208,465.51063829787233
7227,0,0.0,0.0
7228,116,0.08170914542728636,381.6465517241379
7229,6,0.06666666666666667,299.0
7230,1,0.0,455.0
7231,13,0.05128205128205128,366.46153846153845
7232,4,0.0,349.5
7233,0,0.0,0.0
7234,38,0.08392603129445235,370.3157894736842
7235,28,0.08465608465608465,362.39285714285717
7236,182,0.09531904559528868,431.7307692307692
7237,12,0.15151515151515152,582.1666666666666
7238,24,0.10869565217391304,444.9166666666667
7239,36,0.05238095238095238,348.25
7240,16,0.09166666666666666,410.375
7241,240,0.06935146443514645,359.9625
7242,4,0.0,135.25
7243,10,0.022222222222222223,316.6
7244,2,0.0,174.0
7245,2,0.0,148.0
7246,14,0.12087912087912088,483.7857142857143
7247,0,0.0,0.0
7248,0,0.0,0.0
7249,41,0.08414634146341464,414.5365853658537
7250,30,0.08735632183908046,426.3666666666667
7251,161,0.09409937888198758,419.09316770186336
7252,650,0.08091027616451345,393.11538461538464
7253,9,0.027777777777777776,204.55555555555554
7254,0,0.0,0.0
7255,0,0.0,0.0
7256,6,0.0,220.16666666666666
7257,1,0.0,821.0
7258,0,0.0,0.0
7259,10,0.022222222222222223,301.0
7260,17,0.11764705882352941,353.11764705882354
7261,9,0.08333333333333333,321.77777777777777
7262,42,0.06968641114982578,378.14285714285717
7263,46,0.08792270531400966,380.95652173913044
7264,5,0.0,428.8
7265,1219,0.0706681699581476,366.5660377358491
7266,73,0.05098934550989345,337.6164383561644
7267,167,0.07791645624413823,392.7784431137725
7268,7,0.047619047619047616,503.85714285714283
7269,30,0.08735632183908046,377.43333333333334
7270,74,0.08145131432802666,403.0405405405405
7271,477,0.08203407149023131,395.44234800838575
7272,165,0.06533628972653363,347.58787878787876
7273,129,0.07376453488372094,374.95348837209303
7274,24,0.07971014492753623,384.25
7275,2,0.0,491.0
7276,553,0.07506486358990487,377.90596745027125
7277,1,0.0,914.0
7278,4,0.0,358.5
7279,14,0.15384615384615385,553.9285714285714
7280,1,0.0,99.0
7281,113,0.05467762326169406,325.4867256637168
7282,4,0.0,459.0
7283,6,0.13333333333333333,227.33333333333334
7284,37,0.0960960960960961,423.27027027027026
7285,2,0.0,252.5
7286,3,0.0,615.6666666666666
7287,22,0.06060606060606061,367.54545454545456
7288,241,0.0702627939142462,368.91701244813277
7289,5,0.0,382.0
7290,6,0.06666666666666667,474.0
7291,18,0.06535947712418301,403.0
7292,1,0.0,3.0
7293,36,0.09047619047619047,407.1388888888889
7294,112,0.1258043758043758,505.25892857142856
7295,142,0.11257616621716113,477.96478873239437
7296,18,0.0457516339869281,354.05555555555554
7297,251,0.09392828685258964,430.0478087649402
7298,17,0.022058823529411766,304.88235294117646
7299,1,0.0,1108.0
7300,619,0.08121983991300302,394.21809369951535
7301,1,0.0,136.0
7302,15,0.05714285714285714,368.1333333333333
7303,25,0.08333333333333333,408.64
7304,78,0.06460206460206461,355.0769230769231
7305,55,0.09562289562289562,432.0
7306,0,0.0,0.0
7307,0,0.0,0.0
7308,2,0.0,589.5
7309,38,0.05689900426742532,324.8157894736842
7310,27,0.06267806267806268,333.037037037037
7311,340,0.08436578171091445,404.1823529411765
7312,330,0.07230358294188081,373.76060606060605
7313,90,0.08064918851435705,384.7888888888889
7314,0,0.0,0.0
7315,50,0.1110204081632653,487.02
7316,111,0.07223587223587223,375.5315315315315
7317,15,0.047619047619047616,360.53333333333336
7318,2,1.0,607.0
7319,74,0.060718252499074414,373.5
7320,49,0.12755102040816327,483.9183673469388
7321,1,0.0,594.0
7322,8,0.17857142857142858,609.25
7323,2,0.0,160.5
7324,2,0.0,587.0
7325,24,0.06521739130434782,392.75
7326,56,0.10324675324675325,465.98214285714283
7327,19,0.029239766081871343,308.94736842105266
7328,13,0.038461538461538464,354.15384615384613
7329,4,0.16666666666666666,625.0
7330,246,0.0794425087108014,386.1382113821138
7331,3,0.0,54.333333333333336
7332,44,0.07822410147991543,388.40909090909093
7333,187,0.0712437467655684,376.4064171122995
7334,1,0.0,889.0
7335,4,0.0,324.25
7336,237,0.07480512050346849,378.58649789029533
7337,168,0.09188765326489877,420.7440476190476
7338,545,0.0761332973556395,383.37981651376145
7339,12,0.07575757575757576,392.1666666666667
7340,29,0.10344827586206896,459.2758620689655
7341,4,0.5,579.75
7342,18,0.08496732026143791,349.5
7343,13,0.02564102564102564,309.38461538461536
7344,53,0.07474600870827286,386.20754716981133
7345,4,0.0,243.25
7346,72,0.06768388106416276,367.77777777777777
7347,3,0.0,500.0
7348,18,0.0392156862745098,312.77777777777777
7349,3,0.0,135.33333333333334
7350,3,0.0,236.33333333333334
7351,6,0.06666666666666667,577.1666666666666
7352,44,0.07716701902748414,371.77272727272725
7353,297,0.08424333424333424,402.1952861952862
7354,1,0.0,338.0
7355,6,0.0,293.0
7356,214,0.059014523276732046,341.0700934579439
7357,18,0.06535947712418301,327.27777777777777
7358,41,0.09024390243902439,451.6341463414634
7359,473,0.08307055577453686,399.51797040169134
7360,55,0.07272727272727272,398.72727272727275
7361,2,0.0,407.5
7362,43,0.07198228128460686,395.9767441860465
7363,29,0.054187192118226604,300.13793103448273
7364,0,0.0,0.0
7365,78,0.055944055944055944,347.52564102564105
7366,1,0.0,71.0
7367,1,0.0,365.0
7368,49,0.06462585034013606,366.42857142857144
7369,36,0.07301587301587302,390.27777777777777
7370,7,0.047619047619047616,457.42857142857144
7371,87,0.09810211173483026,430.5977011494253
7372,12,0.030303030303030304,314.6666666666667
7373,179,0.06377502981608185,353.2625698324022
7374,3,0.0,524.0
7375,2,0.0,268.5
7376,67,0.07010402532790593,387.92537313432837
7377,637,0.08431326086312609,402.0722135007849
7378,91,0.058363858363858365,335.45054945054943
7379,58,0.062310949788263764,344.82758620689657
7380,19,0.05263157894736842,293.0
7381,74,0.061458718992965566,350.8378378378378
7382,55,0.08552188552188553,379.6545454545454
7383,4,0.0,213.0
7384,30,0.07816091954022988,398.6666666666667
7385,33,0.03787878787878788,308.27272727272725
7386,7,0.09523809523809523,657.4285714285714
7387,6,0.06666666666666667,371.5
7388,28,0.07936507936507936,425.67857142857144
7389,5,0.1,208.2
7390,0,0.0,0.0
7391,18,0.10457516339869281,412.27777777777777
7392,8,0.07142857142857142,437.875
7393,35,0.13277310924369748,502.9714285714286
7394,0,0.0,0.0
7395,57,0.039473684210526314,277.2456140350877
7396,262,0.06984294112485742,368.3396946564886
7397,21,0.08095238095238096,384.2857142857143
7398,82,0.08672086720867209,424.9024390243902
7399,5,0.1,303.2
7400,55,0.046464646464646465,325.8
7401,3,0.3333333333333333,491.0
7402,31,0.07526881720430108,384.0
7403,1,0.0,58.0
7404,29,0.0960591133004926,455.58620689655174
7405,5,0.3,640.6
7406,35,0.11260504201680673,484.77142857142854
7407,13,0.08974358974358974,419.0769230769231
7408,4,0.0,438.25
7409,2,0.0,348.0
7410,44,0.0412262156448203,263.95454545454544
7411,9,0.027777777777777776,363.1111111111111
7412,23,0.043478260869565216,345.9130434782609
7413,596,0.08978061023066945,413.68624161073825
7414,5,0.1,516.0
7415,15,0.10476190476190476,410.4
7416,1,0.0,50.0
7417,56,0.09090909090909091,421.0
7418,0,0.0,0.0
7419,182,0.07710521522676218,388.1703296703297
7420,0,0.0,0.0
7421,0,0.0,0.0
7422,2,0.0,424.0
7423,72,0.04929577464788732,304.75
7424,116,0.09160419790104947,424.3534482758621
7425,6,0.2,699.3333333333334
7426,4,0.0,110.75
7427,19,0.029239766081871343,244.73684210526315
7428,38,0.09246088193456614,438.2368421052632
7429,2,0.0,773.0
7430,7,0.23809523809523808,732.5714285714286
7431,2,0.0,147.5
7432,401,0.08933915211970075,411.1695760598504
7433,8,0.03571428571428571,234.375
7434,20,0.09473684210526316,419.8
7435,97,0.07366838487972509,378.340206185567
7436,1,0.0,317.0
7437,8,0.10714285714285714,267.0
7438,0,0.0,0.0
7439,40,0.057692307692307696,357.875
7440,2,0.0,392.0
7441,2,0.0,506.0
7442,6,0.13333333333333333,372.5
7443,90,0.06916354556803996,377.2888888888889
7444,1,0.0,850.0
7445,419,0.09278185700745681,422.09069212410503
7446,0,0.0,0.0
7447,3,0.0,249.33333333333334
7448,24,0.10507246376811594,458.5
7449,12,0.0,162.66666666666666
7450,0,0.0,0.0
7451,675,0.06833278382239806,362.10370370370373
7452,46,0.11497584541062802,461.7608695652174
7453,57,0.10526315789473684,441.4561403508772
7454,19,0.017543859649122806,279.5263157894737
7455,45,0.08080808080808081,390.9111111111111
7456,10,0.06666666666666667,394.5
7457,41,0.06219512195121951,356.4878048780488
7458,51,0.047058823529411764,312.7647058823529
7459,21,0.07142857142857142,377.76190476190476
7460,1,0.0,121.0
7461,270,0.06449125705631281,347.4851851851852
7462,0,0.0,0.0
7463,0,0.0,0.0
7464,2,0.0,15.0
7465,6,0.06666666666666667,260.3333333333333
7466,84,0.05823293172690763,338.2142857142857
7467,0,0.0,0.0
7468,1,0.0,227.0
7469,30,0.14022988505747128,470.1
7470,34,0.08199643493761141,447.29411764705884
7471,22,0.05194805194805195,238.95454545454547
7472,27,0.09116809116809117,435.8888888888889
7473,91,0.10231990231990232,441.0989010989011
7474,52,0.08069381598793364,367.3269230769231
7475,0,0.0,0.0
7476,0,0.0,0.0
7477,0,0.0,0.0
7478,1,0.0,92.0
7479,0,0.0,0.0
7480,244,0.06938541455845645,358.9303278688525
7481,142,0.07531715113375287,393.11971830985914
7482,22,0.030303030303030304,243.77272727272728
7483,339,0.07610270374055261,380.6401179941003
7484,7,0.14285714285714285,370.85714285714283
7485,10,0.08888888888888889,449.6
7486,3,0.3333333333333333,555.3333333333334
7487,74,0.050721954831543875,305.2432432432432
7488,2,0.0,130.0
7489,0,0.0,0.0
7490,2,0.0,487.0
7491,3,0.3333333333333333,165.33333333333334
7492,367,0.09198790964994566,419.04632152588556
7493,38,0.06685633001422475,405.7368421052632
7494,434,0.08007577611987952,392.50921658986175
7495,2,0.0,453.5
7496,29,0.07635467980295567,408.3448275862069
7497,13,0.05128205128205128,353.38461538461536
7498,6,0.06666666666666667,495.0
7499,27,0.05128205128205128,328.6666666666667
7500,124,0.07120377655389457,373.85483870967744
7501,277,0.08517762779260189,404.44404332129966
7502,654,0.08046606815872169,392.7354740061162
7503,6,0.13333333333333333,249.0
7504,12,0.030303030303030304,296.9166666666667
7505,45,0.13131313131313133,536.7333333333333
7506,0,0.0,0.0
7507,28,0.06084656084656084,373.82142857142856
7508,0,0.0,0.0
7509,487,0.07899206530281137,389.9630390143737
7510,200,0.06738693467336683,362.165
7511,483,0.08121783802822952,393.72049689440996
7512,3,0.3333333333333333,750.3333333333334
7513,50,0.04326530612244898,291.54
7514,24,0.07608695652173914,329.2083333333333
7515,102,0.0539701028926422,330.01960784313724
7516,70,0.06956521739130435,376.92857142857144
7517,23,0.06719367588932806,383.04347826086956
7518,188,0.09272954829901013,432.3989361702128
7519,7,0.14285714285714285,583.7142857142857
7520,17,0.022058823529411766,245.52941176470588
7521,13,0.07692307692307693,381.0
7522,48,0.0673758865248227,331.8333333333333
7523,0,0.0,0.0
7524,16,0.041666666666666664,350.75
7525,74,0.07293594964827842,380.43243243243245
7526,54,0.07547169811320754,398.4074074074074
7527,156,0.07485525227460711,379.30128205128204
7528,10,0.044444444444444446,432.1
7529,11,0.12727272727272726,438.27272727272725
7530,18,0.08496732026143791,416.1666666666667
7531,89,0.06664964249233912,358.5730337078652
7532,96,0.05350877192982456,307.8541666666667
7533,298,0.08187015569565906,399.8422818791946
7534,62,0.07562136435748282,387.1774193548387
7535,17,0.04411764705882353,343.1764705882353
7536,39,0.0931174089068826,480.2307692307692
7537,7,0.0,294.2857142857143
7538,3,0.0,153.66666666666666
7539,1,0.0,200.0
7540,6,0.0,396.8333333333333
7541,265,0.09899942824471127,436.27169811320755
7542,563,0.07827917296132185,387.90586145648314
7543,9,0.027777777777777776,322.8888888888889
7544,111,0.07452907452907453,382.3783783783784
7545,67,0.08819538670284939,438.7014925373134
7546,9,0.027777777777777776,385.3333333333333
7547,5,0.2,514.6
7548,0,0.0,0.0
7549,1,0.0,338.0
7550,36,0.08095238095238096,382.9166666666667
7551,27,0.06267806267806268,438.037037037037
7552,29,0.06157635467980296,358.0344827586207
7553,3,0.3333333333333333,683.0
7554,49,0.07482993197278912,400.40816326530614
7555,21,0.11428571428571428,545.4761904761905
7556,15,0.08571428571428572,409.73333333333335
7557,77,0.0710868079289132,381.23376623376623
7558,21,0.10476190476190476,456.3809523809524
7559,2,0.0,156.0
7560,374,0.07338962882252584,379.32620320855614
7561,8,0.03571428571428571,411.5
7562,315,0.07524011727833384,382.7936507936508
7563,980,0.07477434283212775,377.3295918367347
7564,81,0.07067901234567901,369.69135802469134
7565,19,0.0935672514619883,351.5263157894737
7566,51,0.12,455.8235294117647
7567,2,0.0,557.5
7568,2,0.0,306.5
7569,2,0.0,225.0
7570,20,0.05263157894736842,294.0
7571,84,0.09007458405048767,409.48809523809524
7572,0,0.0,0.0
7573,234,0.07655625252191776,385.5128205128205
7574,4,0.0,173.5
7575,177,0.07062146892655367,371.0169491525424
7576,6,0.0,243.83333333333334
7577,553,0.06925334800953953,363.1103074141049
7578,0,0.0,0.0
7579,0,0.0,0.0
7580,29,0.10098522167487685,423.2068965517241
7581,3,0.0,381.6666666666667
7582,170,0.06550643926209537,353.01176470588234
7583,56,0.07272727272727272,386.0357142857143
7584,36,0.06984126984126984,360.75
7585,9,0.08333333333333333,451.0
7586,15,0.08571428571428572,306.3333333333333
7587,15,0.05714285714285714,326.6666666666667
7588,80,0.0810126582278481,401.675
7589,16,0.08333333333333333,384.25
7590,0,0.0,0.0
7591,3,0.0,97.66666666666667
7592,0,0.0,0.0
7593,0,0.0,0.0
7594,27,0.1111111111111111,429.22222222222223
7595,222,0.07578166401695813,377.8378378378378
7596,7,0.047619047619047616,364.14285714285717
7597,508,0.07315690568264765,373.3346456692913
7598,1,0.0,716.0
7599,4,0.3333333333333333,206.25
7600,25,0.09333333333333334,419.96
7601,37,0.08708708708708708,439.4864864864865
7602,5,0.1,275.4
7603,169,0.09453367145674837,431.4437869822485
7604,152,0.07642035552457302,374.23026315789474
7605,324,0.09324236517218973,430.10185185185185
7606,6,0.06666666666666667,466.6666666666667
7607,121,0.09269972451790634,421.09090909090907
7608,8,0.21428571428571427,438.75
7609,6,0.06666666666666667,547.1666666666666
7610,64,0.08035714285714286,412.96875
7611,145,0.06254789272030652,337.95862068965516
7612,7,0.0,207.85714285714286
7613,1,0.0,351.0
7614,16,0.1,395.625
7615,24,0.025362318840579712,259.3333333333333
7616,12,0.12121212121212122,429.0833333333333
7617,264,0.08609862887429427,412.46590909090907
7618,1,0.0,261.0
7619,67,0.07236544549977386,368.53731343283584
7620,3,0.0,287.0
7621,33,0.058712121212121215,343.75757575757575
7622,339,0.07859873278525423,390.353982300885
7623,51,0.04470588235294118,321.19607843137254
7624,7,0.047619047619047616,202.85714285714286
7625,2,0.0,508.5
7626,1,0.0,33.0
7627,50,0.036734693877551024,283.76
7628,0,0.0,0.0
7629,10,0.0,258.6
7630,329,0.09024019571502706,421.30091185410333
7631,5,0.0,291.4
7632,0,0.0,0.0
7633,43,0.07751937984496124,394.72093023255815
7634,13,0.02564102564102564,252.92307692307693
7635,1,0.0,662.0
7636,19,0.08187134502923976,414.57894736842104
7637,0,0.0,0.0
7638,25,0.11666666666666667,505.52
7639,98,0.07511045655375552,392.68367346938777
7640,433,0.07754896929261826,389.45034642032334
7641,195,0.10298704731694422,446.55384615384617
7642,39,0.10931174089068826,449.8974358974359
7643,4,0.0,516.5
7644,24,0.09420289855072464,397.0
7645,17,0.08823529411764706,459.7647058823529
7646,101,0.08396039603960397,402.43564356435644
7647,0,0.0,0.0
7648,17,0.051470588235294115,355.4117647058824
7649,459,0.0825983959813911,397.5925925925926
7650,7,0.0,147.28571428571428
7651,779,0.0724381333922932,373.0847240051348
7652,60,0.07909604519774012,393.9
7653,780,0.07759784075573549,386.9217948717949
7654,5,0.1,325.2
7655,267,0.06614851736081777,363.52059925093636
7656,1,0.0,350.0
7657,45,0.07272727272727272,364.73333333333335
7658,27,0.08547008547008547,382.5925925925926
7659,95,0.07816349384098545,394.0105263157895
7660,4,0.0,247.0
7661,9,0.05555555555555555,369.1111111111111
7662,20,0.07368421052631578,339.85
7663,101,0.06613861386138614,363.84158415841586
7664,218,0.08679660085401429,406.0963302752294
7665,68,0.08296751536435469,384.44117647058823
7666,33,0.07575757575757576,399.030303030303
7667,56,0.08116883116883117,406.57142857142856
7668,119,0.08218202535251388,409.7647058823529
7669,0,0.0,0.0
7670,102,0.0642593671131819,346.9313725490196
7671,0,0.0,0.0
7672,10,0.1111111111111111,502.5
7673,1471,0.05981954984577108,337.63630183548605
7674,8,0.17857142857142858,613.0
7675,7,0.0,189.0
7676,3,0.0,266.3333333333333
7677,49,0.04251700680272109,293.3673469387755
7678,0,0.0,0.0
7679,59,0.0771478667445938,378.06779661016947
7680,3,0.0,184.33333333333334
7681,0,0.0,0.0
7682,12,0.0,221.58333333333334
7683,20,0.07894736842105263,372.65
7684,37,0.06456456456456457,338.97297297297297
7685,40,0.07435897435897436,375.05
7686,366,0.08484167976644959,405.0327868852459
7687,5,0.0,319.6
7688,132,0.08986814712005552,432.42424242424244
7689,3,0.0,173.33333333333334
7690,32,0.056451612903225805,342.59375
7691,8,0.03571428571428571,277.625
7692,406,0.08067870826491516,396.89408866995075
7693,206,0.08534217381008762,398.21844660194176
7694,82,0.07317073170731707,371.7439024390244
7695,0,0.0,0.0
7696,23,0.03557312252964427,279.17391304347825
7697,2,0.0,539.0
7698,26,0.07384615384615385,366.1923076923077
7699,238,0.09931567563734355,436.7268907563025
7700,164,0.08506658686218764,402.6341463414634
7701,177,0.08063687724704674,397.99435028248587
7702,8,0.10714285714285714,520.0
7703,1,0.0,244.0
7704,21,0.009523809523809525,274.4761904761905
7705,160,0.06202830188679245,347.2625
7706,400,0.07781954887218046,388.5675
7707,0,0.0,0.0
7708,1,0.0,492.0
7709,337,0.07727497527200791,386.3946587537092
7710,84,0.06626506024096386,382.29761904761904
7711,28,0.07936507936507936,410.0
7712,23,0.043478260869565216,384.0
7713,29,0.059113300492610835,313.0344827586207
7714,1,0.0,1017.0
7715,0,0.0,0.0
7716,59,0.07539450613676213,395.1694915254237
7717,108,0.07736240913811007,396.23148148148147
7718,2,0.0,171.5
7719,73,0.07534246575342465,389.67123287671234
7720,7,0.0,180.0
7721,0,0.0,0.0
7722,12,0.06060606060606061,401.0
7723,33,0.06628787878787878,356.5151515151515
7724,184,0.08618436683297695,407.6521739130435
7725,9,0.05555555555555555,468.6666666666667
7726,66,0.061072261072261075,325.6666666666667
7727,78,0.07858807858807859,405.62820512820514
7728,111,0.0814086814086814,410.5945945945946
7729,17,0.07352941176470588,439.05882352941177
7730,292,0.07802570258438074,390.07876712328766
7731,15,0.11428571428571428,472.3333333333333
7732,448,0.08650926813678492,408.71875
7733,8,0.07142857142857142,317.625
7734,13,0.01282051282051282,241.07692307692307
7735,107,0.04619996473285135,292.5700934579439
7736,64,0.05704365079365079,315.21875
7737,726,0.07533010354326969,378.92148760330576
7738,3,0.0,551.3333333333334
7739,212,0.10457837789501923,452.5377358490566
7740,286,0.08757207704576125,412.16783216783216
7741,35,0.07899159663865546,429.1714285714286
7742,94,0.07961564859299931,383.1489361702128
7743,23,0.06324110671936758,289.1304347826087
7744,497,0.07758648666190693,381.87726358148893
7745,78,0.0735930735930736,380.85897435897436
7746,174,0.08398113082187231,401.5
7747,37,0.057057057057057055,340.64864864864865
7748,4,0.0,490.25
7749,0,0.0,0.0
7750,8,0.0,366.375
7751,1,0.0,1415.0
7752,2,1.0,796.0
7753,1,0.0,65.0
7754,3,0.0,240.0
7755,4,0.0,553.25
7756,375,0.08513368983957219,401.21866666666665
7757,59,0.10286382232612508,450.89830508474574
7758,91,0.054212454212454214,332.6373626373626
7759,0,0.0,0.0
7760,20,0.04736842105263158,281.5
7761,8,0.07142857142857142,314.375
7762,282,0.08967466747431918,411.5248226950355
7763,6,0.0,85.83333333333333
7764,6,0.0,278.0
7765,59,0.06428988895382817,366.3728813559322
7766,61,0.07978142076502732,397.0163934426229
7767,3,0.0,42.0
7768,7,0.047619047619047616,396.2857142857143
7769,57,0.047619047619047616,309.42105263157896
7770,670,0.08160542578586887,395.0492537313433
7771,1,0.0,247.0
7772,223,0.08750454490364805,412.4035874439462
7773,12,0.030303030303030304,277.6666666666667
7774,1,0.0,487.0
7775,140,0.10174717368961973,435.6357142857143
7776,0,0.0,0.0
7777,11,0.10909090909090909,520.5454545454545
7778,800,0.08226846057571965,396.05875
7779,347,0.08144125535140177,395.5187319884726
7780,0,0.0,0.0
7781,1,0.0,30.0
7782,0,0.0,0.0
7783,4,0.0,248.25
7784,74,0.07441688263606072,379.2027027027027
7785,0,0.0,0.0
7786,2,0.0,441.0
7787,44,0.0613107822410148,334.72727272727275
7788,20,0.05263157894736842,263.4
7789,1,0.0,1630.0
7790,19,0.029239766081871343,256.5263157894737
7791,40,0.06538461538461539,338.275
7792,3,0.0,275.0
7793,273,0.07883538030596854,389.8901098901099
7794,1,0.0,51.0
7795,4,0.0,449.5
7796,4,0.3333333333333333,589.5
7797,33,0.07196969696969698,369.42424242424244
7798,18,0.09803921568627451,472.8333333333333
7799,31,0.07956989247311828,407.4516129032258
7800,1,0.0,13.0
7801,62,0.06504494976203067,362.98387096774195
7802,18,0.0457516339869281,326.05555555555554
7803,0,0.0,0.0
7804,0,0.0,0.0
7805,405,0.08464735362425131,404.37283950617285
7806,19,0.05847953216374269,441.0
7807,0,0.0,0.0
7808,0,0.0,0.0
7809,102,0.08250825082508251,392.48039215686276
7810,2,0.0,903.0
7811,1,0.0,316.0
7812,578,0.07328803679693918,375.5536332179931
7813,227,0.09734513274336283,430.215859030837
7814,6,0.06666666666666667,246.5
7815,3,0.0,293.0
7816,178,0.07674728623119406,382.0674157303371
7817,58,0.05807622504537205,336.41379310344826
7818,9,0.1111111111111111,497.55555555555554
7819,0,0.0,0.0
7820,3,0.0,258.3333333333333
7821,8,0.17857142857142858,545.875
7822,24,0.06884057971014493,322.2083333333333
7823,45,0.10808080808080808,467.75555555555553
7824,27,0.1396011396011396,488.8888888888889
7825,84,0.07544463568559955,380.35714285714283
7826,60,0.08531073446327683,428.28333333333336
7827,2,0.0,109.0
7828,19,0.05847953216374269,349.63157894736844
7829,8,0.0,375.0
7830,0,0.0,0.0
7831,53,0.09288824383164006,453.8301886792453
7832,119,0.06395100413046574,343.01680672268907
7833,27,0.07977207977207977,338.5925925925926
7834,8,0.10714285714285714,388.75
7835,7,0.047619047619047616,280.0
7836,0,0.0,0.0
7837,174,0.08258587469271145,400.1609195402299
7838,0,0.0,0.0
7839,10,0.06666666666666667,504.7
7840,3,0.0,75.33333333333333
7841,7,0.0,461.42857142857144
7842,10,0.044444444444444446,310.3
7843,7,0.0,129.0
7844,7,0.09523809523809523,346.2857142857143
7845,16,0.06666666666666667,517.0
7846,18,0.0784313725490196,366.44444444444446
7847,35,0.025210084033613446,297.2857142857143
7848,231,0.10788631658196876,463.13852813852816
7849,30,0.06896551724137931,415.93333333333334
7850,212,0.07958508450326389,390.0377358490566
7851,97,0.06851374570446736,377.2680412371134
7852,8,0.07142857142857142,416.125
7853,609,0.07148258577478178,370.30377668308705
7854,28,0.10582010582010581,448.75
7855,98,0.07363770250368189,384.1938775510204
7856,77,0.08920027341079972,398.6753246753247
7857,27,0.1225071225071225,532.5925925925926
7858,92,0.06569517439082656,362.2282608695652
7859,645,0.08296018103904858,398.51937984496124
7860,11,0.14545454545454545,483.0
7861,86,0.10615595075239398,444.48837209302326
7862,569,0.08059605435778114,395.1634446397188
7863,48,0.08776595744680851,430.25
7864,45,0.043434343434343436,300.26666666666665
7865,42,0.11149825783972125,486.76190476190476
7866,4,0.0,264.75
7867,16,0.09166666666666666,461.75
7868,1,0.0,229.0
7869,4,0.3333333333333333,339.0
7870,59,0.11396843950905904,460.3728813559322
7871,111,0.08845208845208845,412.2882882882883
7872,12,0.045454545454545456,363.5
7873,0,0.0,0.0
7874,9,0.05555555555555555,532.5555555555555
7875,27,0.05413105413105413,319.25925925925924
7876,4,0.0,276.75
7877,53,0.06966618287373004,355.92452830188677
7878,8,0.21428571428571427,577.875
7879,0,0.0,0.0
7880,107,0.09098924351966144,419.4766355140187
7881,29,0.03694581280788178,317.44827586206895
7882,2,0.0,261.5
7883,50,0.07673469387755102,366.88
7884,278,0.08583746721034724,406.6223021582734
7885,1,0.0,1173.0
7886,0,0.0,0.0
7887,2,0.0,106.5
7888,31,0.07096774193548387,349.64516129032256
7889,5,0.0,193.8
7890,74,0.09366901147723065,423.9594594594595
7891,68,0.07506584723441616,370.1764705882353
7892,44,0.07716701902748414,370.65909090909093
7893,47,0.08325624421831637,428.29787234042556
7894,615,0.0786525780567252,390.53821138211384
7895,159,0.08940370989570894,418.8930817610063
7896,406,0.0918688803746275,419.8226600985222
7897,24,0.06521739130434782,344.9166666666667
7898,13,0.1282051282051282,366.84615384615387
7899,0,0.0,0.0
7900,73,0.07496194824961948,384.24657534246575
7901,29,0.09359605911330049,413.3103448275862
7902,9,0.08333333333333333,344.0
7903,2,1.0,655.0
7904,7,0.0,270.7142857142857
7905,642,0.07703597863540709,386.6588785046729
7906,7,0.14285714285714285,597.1428571428571
7907,87,0.06094627105052125,349.60919540229884
7908,40,0.0858974358974359,421.625
7909,7,0.0,197.71428571428572
7910,1,0.0,1097.0
7911,102,0.058435255290234904,335.0882352941176
7912,6,0.06666666666666667,258.8333333333333
7913,25,0.04666666666666667,363.24
7914,237,0.08167060001430308,390.5822784810127
7915,106,0.0963162623539982,421.89622641509436
7916,86,0.07797537619699042,384.7674418604651
7917,64,0.062003968253968256,356.46875
7918,38,0.09672830725462304,439.0
7919,206,0.09552450864314468,428.07766990291265
7920,3,0.0,367.6666666666667
7921,77,0.063568010936432,385.15584415584414
7922,17,0.058823529411764705,312.5882352941176
7923,67,0.053821800090456805,335.3134328358209
7924,167,0.0827501623259505,399.7185628742515
7925,16,0.05,287.8125
7926,8,0.07142857142857142,454.5
7927,848,0.07700040097124145,384.4669811320755
7928,203,0.08886504413988197,417.4088669950739
7929,75,0.07207207207207207,381.88
7930,1,0.0,850.0
7931,35,0.06218487394957983,352.7142857142857
7932,126,0.09803174603174603,439.95238095238096
7933,24,0.07971014492753623,422.9583333333333
7934,2,0.0,220.5
7935,51,0.05568627450980392,331.96078431372547
7936,51,0.07764705882352942,399.45098039215685
7937,2,0.0,382.5
7938,717,0.08783104649260186,410.44490934449095
7939,3,0.0,366.3333333333333
7940,12,0.07575757575757576,348.75
7941,36,0.05873015873015873,347.6111111111111
7942,46,0.03671497584541063,280.69565217391306
7943,1,0.0,32.0
7944,566,0.07800118827980862,387.75088339222617
7945,4,0.0,333.75
7946,30,0.05747126436781609,359.43333333333334
7947,2,0.0,388.5
7948,62,0.07562136435748282,394.01612903225805
7949,39,0.04048582995951417,323.0769230769231
7950,6,0.06666666666666667,558.0
7951,416,0.07615848007414272,378.12259615384613
7952,22,0.12121212121212122,428.8181818181818
7953,98,0.06942983378918578,367.7959183673469
7954,52,0.07767722473604827,413.5576923076923
7955,11,0.10909090909090909,447.72727272727275
7956,391,0.08319234048134304,401.2250639386189
7957,256,0.08005514705882352,387.1015625
7958,7,0.0,145.28571428571428
7959,0,0.0,0.0
7960,1,0.0,1068.0
7961,102,0.09939817511162881,429.8333333333333
7962,17,0.08088235294117647,338.1764705882353
7963,25,0.03666666666666667,372.8
7964,120,0.0803921568627451,402.44166666666666
7965,12,0.16666666666666666,540.9166666666666
7966,36,0.06031746031746032,330.5833333333333
7967,36,0.10317460317460317,442.19444444444446
7968,542,0.08690343835046484,410.21955719557195
7969,21,0.11428571428571428,443.8095238095238
7970,141,0.053292806484295845,324.5886524822695
7971,572,0.08098906347592863,394.03146853146853
7972,9,0.0,373.1111111111111
7973,37,0.06456456456456457,346.35135135135135
7974,3,0.0,302.3333333333333
7975,57,0.09899749373433583,436.3157894736842
7976,40,0.09743589743589744,425.15
7977,11,0.10909090909090909,425.6363636363636
7978,185,0.0782608695652174,386.7891891891892
7979,149,0.09314347904951932,416.79194630872485
7980,0,0.0,0.0
7981,5,0.0,223.4
7982,15,0.0761904761904762,382.26666666666665
7983,163,0.09997727789138833,439.15337423312883
7984,50,0.030204081632653063,268.66
7985,21,0.06190476190476191,403.4761904761905
7986,0,0.0,0.0
7987,7,0.047619047619047616,331.85714285714283
7988,13,0.14102564102564102,486.2307692307692
7989,5,0.0,200.2
7990,55,0.09023569023569024,434.8363636363636
7991,2,0.0,169.5
7992,24,0.13043478260869565,445.2916666666667
7993,689,0.08190164377088467,395.200290275762
7994,19,0.029239766081871343,321.5263157894737
7995,44,0.06871035940803383,347.34090909090907
7996,2,0.0,378.5
7997,226,0.08055063913470993,396.30973451327435
7998,42,0.148664343786295,577.7142857142857
7999,204,0.06843427025982807,357.3578431372549
8000,606,0.09301475602105665,426.54785478547853
8001,3,0.0,548.3333333333334
8002,10,0.022222222222222223,250.0
8003,20,0.09473684210526316,394.75
8004,202,0.07777941973301808,388.34653465346537
8005,585,0.08435780353588573,400.07179487179485
8006,3,0.0,507.6666666666667
8007,3,0.0,265.6666666666667
8008,9,0.1388888888888889,667.0
8009,195,0.08511763150938409,400.53846153846155
8010,5,0.0,285.8
8011,355,0.08387045436460572,405.70704225352114
8012,91,0.07985347985347985,387.84615384615387
8013,68,0.08165057067603161,409.19117647058823
8014,470,0.08997867803837953,418.5510638297872
8015,5,0.5,616.4
8016,199,0.07776255012435918,383.74874371859295
8017,0,0.0,0.0
8018,8,0.07142857142857142,377.75
8019,41,0.16951219512195123,587.4146341463414
8020,0,0.0,0.0
8021,38,0.08961593172119488,350.2105263157895
8022,17,0.029411764705882353,304.4117647058824
8023,34,0.06417112299465241,361.7647058823529
8024,1,0.0,321.0
8025,48,0.07535460992907801,377.375
8026,16,0.016666666666666666,291.625
8027,19,0.05263157894736842,333.05263157894734
8028,490,0.0932181461541672,425.8204081632653
8029,178,0.08341268329841935,403.5
8030,7,0.0,290.85714285714283
8031,14,0.08791208791208792,438.2142857142857
8032,3,0.0,436.6666666666667
8033,8,0.03571428571428571,341.0
8034,954,0.0745433707084106,377.1142557651992
8035,33,0.0625,353.75757575757575
8036,5,0.2,437.8
8037,22,0.08658008658008658,371.95454545454544
8038,219,0.07201206484856101,371.1917808219178
8039,714,0.08296895195665924,398.17787114845936
8040,18,0.0784313725490196,378.6666666666667
8041,3,0.0,498.3333333333333
8042,49,0.05357142857142857,377.7755102040816
8043,1,0.0,35.0
8044,21,0.11428571428571428,508.0
8045,23,0.08300395256916997,416.4347826086956
8046,43,0.08084163898117387,337.0
8047,40,0.08974358974358974,364.625
8048,98,0.08436776772564696,406.92857142857144
8049,27,0.07407407407407407,388.8888888888889
8050,0,0.0,0.0
8051,16,0.058333333333333334,266.125
8052,21,0.05238095238095238,310.95238095238096
8053,170,0.06564566655064392,368.3529411764706
8054,46,0.05410628019323672,355.4347826086956
8055,154,0.08174178762414057,391.84415584415586
8056,41,0.07804878048780488,372.0243902439024
8057,49,0.08078231292517007,392.46938775510205
8058,146,0.08115257439773264,401.44520547945206
8059,3,0.0,419.0
8060,84,0.08605851979345955,400.0833333333333
8061,1,0.0,196.0
8062,225,0.06821428571428571,363.2311111111111
8063,45,0.05656565656565657,336.9111111111111
8064,66,0.14032634032634034,504.8030303030303
8065,0,0.0,0.0
8066,116,0.0575712143928036,335.7758620689655
8067,109,0.06982670744138635,371.3669724770642
8068,34,0.05525846702317291,335.47058823529414
8069,21,0.08095238095238096,415.57142857142856
8070,10,0.044444444444444446,339.4
8071,0,0.0,0.0
8072,72,0.1189358372456964,458.43055555555554
8073,34,0.09982174688057041,442.29411764705884
8074,10,0.022222222222222223,281.5
8075,12,0.06060606060606061,383.3333333333333
8076,1,0.0,174.0
8077,236,0.08178867652362062,391.0
8078,10,0.044444444444444446,372.0
8079,27,0.03418803418803419,351.77777777777777
8080,0,0.0,0.0
8081,56,0.09935064935064936,443.625
8082,138,0.08547551041997249,417.09420289855075
8083,0,0.0,0.0
8084,25,0.07666666666666666,380.72
8085,6,0.06666666666666667,309.0
8086,9,0.05555555555555555,418.3333333333333
8087,165,0.0811529933481153,396.44242424242424
8088,17,0.07352941176470588,415.70588235294116
8089,2,0.0,310.5
8090,3,0.0,98.66666666666667
8091,2,0.0,696.0
8092,551,0.08941098828576143,413.00907441016335
8093,1,0.0,704.0
8094,7,0.09523809523809523,249.28571428571428
8095,45,0.08888888888888889,405.1777777777778
8096,103,0.07709880068532267,367.9611650485437
8097,67,0.052464947987336044,332.35820895522386
8098,0,0.0,0.0
8099,14,0.03296703296703297,395.14285714285717
8100,95,0.07569988801791713,394.2315789473684
8101,85,0.06946778711484594,375.78823529411767
8102,1,0.0,312.0
8103,124,0.08903750327825859,412.13709677419354
8104,73,0.06811263318112633,358.24657534246575
8105,78,0.06893106893106893,367.1794871794872
8106,3,0.0,22.333333333333332
8107,30,0.09425287356321839,423.43333333333334
8108,93,0.06498363721365123,355.81720430107526
8109,108,0.08099688473520249,400.8611111111111
8110,5,0.0,344.2
8111,2,1.0,719.5
8112,8,0.17857142857142858,683.375
8113,112,0.064993564993565,357.73214285714283
8114,11,0.05454545454545454,273.27272727272725
8115,18,0.0196078431372549,280.55555555555554
8116,42,0.059233449477351915,348.95238095238096
8117,16,0.03333333333333333,272.1875
8118,2,0.0,437.0
8119,1,0.0,51.0
8120,3,0.0,72.66666666666667
8121,14,0.04395604395604396,402.42857142857144
8122,0,0.0,0.0
8123,53,0.0602322206095791,355.0188679245283
8124,50,0.0653061224489796,355.7
8125,43,0.04983388704318937,290.3255813953488
8126,6,0.06666666666666667,326.8333333333333
8127,3,0.0,492.3333333333333
8128,9,0.05555555555555555,457.22222222222223
8129,254,0.07080389654850457,367.68110236220474
8130,0,0.0,0.0
8131,3,0.3333333333333333,502.3333333333333
8132,5,0.0,199.6
8133,23,0.05138339920948617,285.04347826086956
8134,50,0.06693877551020408,351.28
8135,36,0.07936507936507936,368.6388888888889
8136,15,0.17142857142857143,526.8666666666667
8137,0,0.0,0.0
8138,11,0.2,415.0
8139,40,0.0641025641025641,335.975
8140,0,0.0,0.0
8141,4,0.16666666666666666,368.25
8142,1,0.0,383.0
8143,0,0.0,0.0
8144,10,0.044444444444444446,360.1
8145,6,0.13333333333333333,446.0
8146,544,0.07339399848337125,373.8805147058824
8147,24,0.10869565217391304,429.7083333333333
8148,22,0.047619047619047616,365.27272727272725
8149,32,0.07862903225806452,356.1875
8150,2,0.0,213.0
8151,13,0.05128205128205128,287.7692307692308
8152,11,0.07272727272727272,321.6363636363636
8153,36,0.06666666666666667,361.3333333333333
8154,1,0.0,157.0
8155,2,0.0,438.5
8156,0,0.0,0.0
8157,8,0.07142857142857142,430.625
8158,266,0.07430841254078592,383.8721804511278
8159,904,0.06694254157724007,358.6603982300885
8160,1,0.0,27.0
8161,1,0.0,469.0
8162,0,0.0,0.0
8163,15,0.0761904761904762,384.8
8164,19,0.06432748538011696,406.57894736842104
8165,36,0.07777777777777778,418.47222222222223
8166,1,0.0,38.0
8167,804,0.08296314194903441,398.4776119402985
8168,33,0.1268939393939394,465.6363636363636
8169,57,0.06328320802005012,391.7368421052632
8170,4,0.0,127.0
8171,1,0.0,162.0
8172,3,0.0,64.33333333333333
8173,262,0.09382586060659238,427.0458015267176
8174,322,0.07138019775159149,368.8695652173913
8175,68,0.06277436347673397,351.2647058823529
8176,2,0.0,410.0
8177,118,0.09691438504997828,423.9237288135593
8178,1,0.0,286.0
8179,213,0.09544689520772433,422.61971830985914
8180,12,0.12121212121212122,518.25
8181,92,0.09125656951743909,428.32608695652175
8182,26,0.046153846153846156,293.4230769230769
8183,6,0.06666666666666667,260.6666666666667
8184,255,0.08352632391539293,403.3450980392157
8185,29,0.06403940886699508,331.48275862068965
8186,5,0.1,388.0
8187,4,0.0,188.75
8188,11,0.03636363636363636,262.27272727272725
8189,3,0.0,551.6666666666666
8190,60,0.05706214689265537,351.8833333333333
8191,39,0.08771929824561403,441.64102564102564
8192,1,0.0,584.0
8193,31,0.11612903225806452,479.9032258064516
8194,114,0.04455829840086943,304.82456140350877
8195,8,0.0,353.375
8196,121,0.07947658402203857,390.0413223140496
8197,326,0.08084945729117508,391.9815950920245
8198,3,0.0,529.0
8199,18,0.0718954248366013,468.55555555555554
8200,21,0.06666666666666667,331.57142857142856
8201,29,0.07142857142857142,374.17241379310343
8202,119,0.07990314769975787,400.88235294117646
8203,9,0.1111111111111111,595.1111111111111
8204,14,0.13186813186813187,354.07142857142856
8205,276,0.08974967061923583,419.79347826086956
8206,148,0.08071336642765214,397.0135135135135
8207,126,0.07022222222222223,378.45238095238096
8208,3,0.3333333333333333,689.0
8209,404,0.09038645800063877,414.5693069306931
8210,0,0.0,0.0
8211,18,0.0392156862745098,323.0
8212,0,0.0,0.0
8213,26,0.043076923076923075,289.53846153846155
8214,2,0.0,884.5
8215,110,0.06922435362802336,363.3
8216,3,0.0,211.0
8217,78,0.06393606393606394,338.56410256410254
8218,1,0.0,479.0
8219,4,0.0,343.25
8220,75,0.05369369369369369,342.1333333333333
8221,0,0.0,0.0
8222,1107,0.06638341247788608,355.44896115627824
8223,4,0.0,468.25
8224,292,0.07364778986018924,373.48972602739724
8225,4,0.0,551.25
8226,15,0.17142857142857143,462.2
8227,152,0.0991634715928895,439.74342105263156
8228,84,0.08204245553643144,410.01190476190476
8229,53,0.07256894049346879,381.1320754716981
8230,13,0.02564102564102564,254.6153846153846
8231,23,0.09090909090909091,365.4347826086956
8232,166,0.0828039430449069,402.26506024096386
8233,94,0.11187371310912834,451.8510638297872
8234,153,0.07937736498108015,397.8496732026144
8235,96,0.08421052631578947,401.8125
8236,155,0.07683284457478005,395.3806451612903
8237,80,0.09430379746835443,411.15
8238,41,0.06341463414634146,318.2439024390244
8239,0,0.0,0.0
8240,28,0.06349206349206349,387.89285714285717
8241,256,0.07049632352941176,367.5859375
8242,14,0.08791208791208792,475.92857142857144
8243,6,0.3333333333333333,443.0
8244,36,0.046031746031746035,288.97222222222223
8245,361,0.08130193905817175,392.79224376731304
8246,0,0.0,0.0
8247,11,0.05454545454545454,380.8181818181818
8248,0,0.0,0.0
8249,3,0.0,199.33333333333334
8250,3,0.0,226.66666666666666
8251,1,0.0,71.0
8252,291,0.07837421495437848,392.2817869415808
8253,0,0.0,0.0
8254,0,0.0,0.0
8255,0,0.0,0.0
8256,350,0.08129349160867785,399.8257142857143
8257,3,0.0,84.0
8258,2,0.0,422.5
8259,1,0.0,61.0
8260,69,0.06734867860187553,366.9710144927536
8261,10,0.13333333333333333,494.8
8262,72,0.07042253521126761,350.5
8263,1,0.0,41.0
8264,1081,0.07179737554390653,369.2321924144311
8265,726,0.07598366106203097,381.0
8266,0,0.0,0.0
8267,50,0.06285714285714286,349.36
8268,20,0.06315789473684211,366.05
8269,18,0.0457516339869281,260.94444444444446
8270,31,0.07096774193548387,367.7096774193548
8271,13,0.0641025641025641,318.53846153846155
8272,0,0.0,0.0
8273,42,0.09291521486643438,451.23809523809524
8274,1,0.0,882.0
8275,0,0.0,0.0
8276,12,0.015151515151515152,260.5
8277,19,0.13450292397660818,498.89473684210526
8278,96,0.07258771929824562,372.2083333333333
8279,17,0.10294117647058823,492.3529411764706
8280,0,0.0,0.0
8281,13,0.02564102564102564,322.46153846153845
8282,387,0.0761537534642728,383.82428940568474
8283,11,0.03636363636363636,312.3636363636364
8284,109,0.06031260618416582,347.26605504587155
8285,5,0.1,542.2
8286,62,0.06187202538339503,362.03225806451616
8287,23,0.05533596837944664,278.7826086956522
8288,1,0.0,1035.0
8289,47,0.0666049953746531,376.4255319148936
8290,122,0.07031567538273946,367.0409836065574
8291,0,0.0,0.0
8292,40,0.08076923076923077,367.45
8293,59,0.04032729398012858,286.5762711864407
8294,56,0.06688311688311688,376.0892857142857
8295,38,0.07823613086770982,405.63157894736844
8296,191,0.07230642050151558,365.67539267015707
8297,14,0.08791208791208792,380.64285714285717
8298,439,0.08379359482426853,401.1047835990888
8299,937,0.07573269846482227,379.4631803628602
8300,17,0.16911764705882354,584.0588235294117
8301,26,0.1476923076923077,520.8461538461538
8302,471,0.08212494918010571,392.755838641189
8303,92,0.09937888198757763,447.4347826086956
8304,155,0.0870548806032677,410.6967741935484
8305,85,0.06974789915966387,367.1764705882353
8306,95,0.08465845464725644,414.7473684210526
8307,160,0.07963836477987421,394.79375
8308,6,0.26666666666666666,537.3333333333334
8309,2,0.0,236.5
8310,0,0.0,0.0
8311,5,0.1,537.0
8312,1,0.0,41.0
8313,39,0.08097165991902834,407.12820512820514
8314,21,0.11904761904761904,499.23809523809524
8315,23,0.039525691699604744,331.2608695652174
8316,3,0.0,703.3333333333334
8317,24,0.10507246376811594,473.5416666666667
8318,6,0.0,336.5
8319,1,0.0,262.0
8320,0,0.0,0.0
8321,2,0.0,368.5
8322,39,0.07827260458839407,356.8205128205128
8323,6,0.2,481.6666666666667
8324,30,0.08505747126436781,404.6333333333333
8325,17,0.07352941176470588,429.8235294117647
8326,9,0.05555555555555555,346.6666666666667
8327,1,0.0,1217.0
8328,1,0.0,19.0
8329,75,0.06414414414414414,342.32
8330,11,0.03636363636363636,337.0
8331,86,0.08317373461012312,380.24418604651163
8332,462,0.07975321858185198,392.3181818181818
8333,195,0.10362146444620672,452.9948717948718
8334,91,0.08180708180708181,382.75824175824175
8335,3,0.0,112.33333333333333
8336,1,0.0,407.0
8337,3,0.0,432.0
8338,46,0.09178743961352658,427.6304347826087
8339,472,0.08044550001799274,389.8135593220339
8340,246,0.09732868757259001,435.6260162601626
8341,76,0.08280701754385965,409.55263157894734
8342,3,0.0,653.6666666666666
8343,63,0.07526881720430108,384.968253968254
8344,9,0.0,239.0
8345,43,0.0753045404208195,399.90697674418607
8346,0,0.0,0.0
8347,178,0.07598552656636831,382.2584269662921
8348,2,0.0,176.5
8349,29,0.16995073891625614,531.2068965517242
8350,8,0.03571428571428571,266.25
8351,0,0.0,0.0
8352,0,0.0,0.0
8353,17,0.10294117647058823,388.94117647058823
8354,17,0.07352941176470588,407.70588235294116
8355,15,0.047619047619047616,295.6
8356,0,0.0,0.0
8357,139,0.04910853925555208,311.136690647482
8358,0,0.0,0.0
8359,286,0.0789596368543737,386.7097902097902
8360,26,0.07384615384615385,352.53846153846155
8361,155,0.07984918307498953,384.81935483870967
8362,27,0.05128205128205128,272.3333333333333
8363,20,0.09473684210526316,377.2
8364,299,0.09829184530089112,428.9364548494983
8365,24,0.08333333333333333,325.0
8366,20,0.07894736842105263,398.75
8367,7,0.0,539.7142857142857
8368,23,0.15019762845849802,564.9130434782609
8369,20,0.07894736842105263,465.7
8370,13,0.0641025641025641,294.2307692307692
8371,4,0.0,632.25
8372,12,0.09090909090909091,420.25
8373,32,0.038306451612903226,315.375
8374,158,0.080706280738531,407.75949367088606
8375,20,0.10526315789473684,412.2
8376,67,0.052917232021709636,323.86567164179104
8377,49,0.11479591836734694,477.44897959183675
8378,392,0.08347251944255964,400.140306122449
8379,23,0.06324110671936758,311.5652173913044
8380,0,0.0,0.0
8381,0,0.0,0.0
8382,138,0.11128742198243943,456.55797101449275
8383,2,0.0,150.5
8384,5,0.0,419.2
8385,150,0.06281879194630872,363.06666666666666
8386,26,0.052307692307692305,416.61538461538464
8387,26,0.05846153846153846,352.61538461538464
8388,89,0.07916241062308478,387.3707865168539
8389,234,0.09702505410659917,428.8290598290598
8390,102,0.08872063676955931,420.2352941176471
8391,34,0.0659536541889483,392.4117647058824
8392,301,0.06830564784053156,359.3189368770764
8393,149,0.08171594413205152,393.36241610738256
8394,36,0.09365079365079365,406.77777777777777
8395,4,0.0,220.0
8396,38,0.07112375533428165,341.4736842105263
8397,7,0.09523809523809523,281.85714285714283
8398,20,0.05263157894736842,319.15
8399,45,0.0707070707070707,386.4
8400,78,0.06926406926406926,374.1025641025641
8401,174,0.07893163244967112,386.367816091954
8402,81,0.08703703703703704,414.61728395061726
8403,1,0.0,128.0
8404,25,0.10333333333333333,389.56
8405,3,0.0,402.3333333333333
8406,24,0.04710144927536232,314.375
8407,4,0.16666666666666666,516.5
8408,11,0.09090909090909091,458.45454545454544
8409,47,0.0666049953746531,350.4255319148936
8410,14,0.02197802197802198,283.92857142857144
8411,22,0.06493506493506493,410.45454545454544
8412,90,0.06891385767790262,356.9111111111111
8413,46,0.10241545893719807,489.1304347826087
8414,21,0.08095238095238096,406.6666666666667
8415,20,0.05263157894736842,329.9
8416,6,0.2,440.8333333333333
8417,0,0.0,0.0
8418,1,0.0,1471.0
8419,2,1.0,374.5
8420,19,0.12280701754385964,489.89473684210526
8421,33,0.11553030303030302,492.93939393939394
8422,0,0.0,0.0
8423,1,0.0,593.0
8424,44,0.052854122621564484,283.8636363636364
8425,63,0.07475678443420379,386.41269841269843
8426,342,0.08075663253931505,391.17543859649123
8427,424,0.06534635799991079,355.8301886792453
8428,7,0.09523809523809523,434.14285714285717
8429,32,0.10080645161290322,419.9375
8430,0,0.0,0.0
8431,264,0.08871989860583017,412.0681818181818
8432,487,0.0823129769057216,400.517453798768
8433,84,0.0717154331612163,382.9761904761905
8434,190,0.09239766081871345,426.0421052631579
8435,181,0.08428483732351136,406.3646408839779
8436,18,0.09803921568627451,503.0
8437,36,0.06507936507936508,356.4166666666667
8438,0,0.0,0.0
8439,3,0.0,150.66666666666666
8440,10,0.08888888888888889,363.8
8441,75,0.06486486486486487,363.9866666666667
8442,2,0.0,186.5
8443,16,0.05,290.5625
8444,1010,0.06916366562325212,362.9960396039604
8445,185,0.08390129259694477,396.68108108108106
8446,3,0.0,743.6666666666666
8447,162,0.07200368069933287,364.58024691358025
8448,28,0.031746031746031744,258.4642857142857
8449,6,0.0,321.6666666666667
8450,627,0.0888861712806559,413.2248803827751
8451,2,0.0,464.0
8452,1,0.0,939.0
8453,43,0.07751937984496124,398.8139534883721
8454,5,0.0,342.0
8455,4,0.0,255.25
8456,100,0.08404040404040404,387.63
8457,10,0.06666666666666667,272.8
8458,0,0.0,0.0
8459,16,0.15,472.9375
8460,17,0.09558823529411764,465.88235294117646
8461,19,0.04678362573099415,350.57894736842104
8462,1068,0.07915890048404817,388.08801498127343
8463,703,0.08028676449729082,392.6045519203414
8464,29,0.06157635467980296,329.58620689655174
8465,3,0.0,134.33333333333334
8466,0,0.0,0.0
8467,0,0.0,0.0
8468,0,0.0,0.0
8469,0,0.0,0.0
8470,9,0.16666666666666666,352.6666666666667
8471,46,0.10048309178743961,451.2391304347826
8472,182,0.07449456620727339,378.65384615384613
8473,16,0.075,454.0625
8474,40,0.03333333333333333,267.25
8475,29,0.05665024630541872,369.6896551724138
8476,111,0.07387387387387387,392.4234234234234
8477,59,0.0929281122150789,441.22033898305085
8478,44,0.08562367864693446,394.8636363636364
8479,15,0.08571428571428572,323.4
8480,39,0.1106612685560054,460.12820512820514
8481,0,0.0,0.0
8482,10,0.06666666666666667,321.3
8483,63,0.10240655401945725,430.26984126984127
8484,1110,0.06710208856286404,358.55945945945945
8485,1,0.0,327.0
8486,0,0.0,0.0
8487,68,0.07945566286215978,423.6470588235294
8488,99,0.0676149247577819,368.3030303030303
8489,54,0.08944793850454227,405.0925925925926
8490,19,0.05263157894736842,314.36842105263156
8491,0,0.0,0.0
8492,18,0.0392156862745098,284.22222222222223
8493,0,0.0,0.0
8494,4,0.0,645.5
8495,16,0.175,485.9375
8496,87,0.06148088746324512,352.7011494252874
8497,6,0.0,154.33333333333334
8498,318,0.08894311846517072,407.9874213836478
8499,44,0.04334038054968287,269.8181818181818
8500,34,0.0392156862745098,301.3529411764706
8501,52,0.07013574660633484,377.34615384615387
8502,0,0.0,0.0
8503,0,0.0,0.0
8504,318,0.06894430887050373,364.5880503144654
8505,3,0.0,404.3333333333333
8506,1,0.0,28.0
8507,824,0.07218735622692257,370.7633495145631
8508,106,0.07690925426774484,376.54716981132077
8509,1,0.0,291.0
8510,542,0.07818649351003676,387.30258302583024
8511,9,0.0,248.0
8512,67,0.10538218000904569,459.0
8513,37,0.09759759759759759,446.13513513513516
8514,4,0.0,85.5
8515,24,0.14130434782608695,498.0416666666667
8516,104,0.08644510828976848,403.3269230769231
8517,21,0.06190476190476191,360.8095238095238
8518,65,0.05913461538461538,346.4
8519,1,0.0,126.0
8520,28,0.07407407407407407,347.75
8521,14,0.04395604395604396,289.85714285714283
8522,1,0.0,252.0
8523,8,0.0,243.375
8524,0,0.0,0.0
8525,92,0.06521739130434782,359.1521739130435
8526,13,0.10256410256410256,326.9230769230769
8527,102,0.0790137837313143,378.6666666666667
8528,148,0.07418643132928847,370.02702702702703
8529,31,0.08602150537634409,477.0
8530,34,0.0677361853832442,335.6764705882353
8531,0,0.0,0.0
8532,3,0.0,287.6666666666667
8533,8,0.03571428571428571,376.5
8534,65,0.06538461538461539,344.03076923076924
8535,1,0.0,1198.0
8536,60,0.06327683615819209,388.5
8537,3,0.0,377.0
8538,3,0.0,159.66666666666666
8539,4,0.0,296.75
8540,166,0.07842278203723987,388.9578313253012
8541,42,0.06968641114982578,385.07142857142856
8542,13,0.11538461538461539,504.9230769230769
8543,26,0.08,374.5769230769231
8544,11,0.07272727272727272,293.72727272727275
8545,7,0.0,195.57142857142858
8546,47,0.09065679925994449,427.1914893617021
8547,1,0.0,1.0
8548,60,0.05536723163841808,328.0
8549,2,0.0,538.0
8550,440,0.08312279975150134,396.8954545454545
8551,0,0.0,0.0
8552,2,0.0,481.0
8553,0,0.0,0.0
8554,8,0.0,279.125
8555,21,0.07142857142857142,369.95238095238096
8556,42,0.1173054587688734,503.14285714285717
8557,118,0.09445168767202665,412.8050847457627
8558,0,0.0,0.0
8559,4,0.0,377.75
8560,12,0.06060606060606061,362.0833333333333
8561,20,0.07894736842105263,435.25
8562,1,0.0,12.0
8563,23,0.05533596837944664,348.8695652173913
8564,0,0.0,0.0
8565,261,0.058768051871500145,339.0727969348659
8566,21,0.05238095238095238,280.6666666666667
8567,110,0.09591326105087573,439.04545454545456
8568,191,0.09655552493799945,429.1780104712042
8569,0,0.0,0.0
8570,0,0.0,0.0
8571,363,0.07208194450786114,372.8484848484849
8572,1,0.0,4.0
8573,15,0.1523809523809524,510.1333333333333
8574,44,0.09302325581395349,409.1363636363636
8575,26,0.1076923076923077,468.65384615384613
8576,39,0.09716599190283401,448.1794871794872
8577,46,0.11884057971014493,485.17391304347825
8578,155,0.07641390867197319,380.4193548387097
8579,0,0.0,0.0
8580,16,0.075,516.9375
8581,179,0.1028811750674785,453.00558659217876
8582,0,0.0,0.0
8583,8,0.07142857142857142,394.25
8584,110,0.08890742285237697,432.96363636363634
8585,199,0.06101213136389016,332.47738693467335
8586,102,0.095127159774801,430.6666666666667
8587,1,0.0,241.0
8588,0,0.0,0.0
8589,8,0.0,223.25
8590,33,0.06060606060606061,402.4848484848485
8591,530,0.0827049969682919,396.81320754716984
8592,13,0.11538461538461539,444.0769230769231
8593,0,0.0,0.0
8594,19,0.04678362573099415,318.5263157894737
8595,0,0.0,0.0
8596,64,0.09126984126984126,405.734375
8597,32,0.04032258064516129,345.25
8598,45,0.07474747474747474,373.26666666666665
8599,139,0.08247315191325201,388.8561151079137
8600,53,0.10014513788098693,423.37735849056605
8601,2,0.0,92.0
8602,2,0.0,1.0
8603,0,0.0,0.0
8604,3,0.0,225.66666666666666
8605,0,0.0,0.0
8606,12,0.045454545454545456,406.6666666666667
8607,12,0.0,180.0
8608,18,0.0784313725490196,439.77777777777777
8609,1,0.0,655.0
8610,1,0.0,1255.0
8611,239,0.0771421539327028,383.092050209205
8612,2,0.0,306.5
8613,594,0.08272153803351105,400.8316498316498
8614,318,0.08602662539928178,406.1509433962264
8615,0,0.0,0.0
8616,6,0.3333333333333333,585.1666666666666
8617,9,0.08333333333333333,530.1111111111111
8618,1,0.0,99.0
8619,2,0.0,545.0
8620,22,0.025974025974025976,235.0
8621,209,0.09711998527788002,434.52153110047846
8622,1,0.0,24.0
8623,12,0.07575757575757576,374.75
8624,379,0.0740880345101981,377.6675461741425
8625,283,0.08771270330551588,416.37455830388694
8626,35,0.12605042016806722,491.0857142857143
8627,181,0.0748925721301412,385.1546961325967
8628,80,0.055379746835443035,322.225
8629,3,0.0,205.33333333333334
8630,34,0.0855614973262032,414.5
8631,3,0.0,493.3333333333333
8632,9,0.1388888888888889,581.0
8633,15,0.12380952380952381,478.6
8634,3,0.0,287.3333333333333
8635,16,0.08333333333333333,311.6875
8636,32,0.05443548387096774,315.8125
8637,36,0.03650793650793651,263.97222222222223
8638,20,0.06315789473684211,329.8
8639,2,0.0,703.0
8640,2,0.0,212.0
8641,2,0.0,549.5
8642,16,0.03333333333333333,251.4375
8643,34,0.10160427807486631,454.2352941176471
8644,16,0.09166666666666666,461.8125
8645,68,0.0601404741000878,356.05882352941177
8646,151,0.058189845474613686,333.64900662251654
8647,19,0.1286549707602339,400.8421052631579
8648,1,0.0,32.0
8649,12,0.07575757575757576,360.25
8650,7,0.14285714285714285,550.1428571428571
8651,2,0.0,275.0
8652,22,0.06060606060606061,323.1818181818182
8653,117,0.08547008547008547,410.05128205128204
8654,45,0.07676767676767676,408.5111111111111
8655,73,0.0821917808219178,416.93150684931504
8656,15,0.08571428571428572,375.2
8657,7,0.09523809523809523,376.7142857142857
8658,105,0.07692307692307693,397.84761904761905
8659,0,0.0,0.0
8660,206,0.0636987923277291,352.0873786407767
8661,82,0.07046070460704607,368.390243902439
8662,78,0.07792207792207792,367.6794871794872
8663,3,0.0,155.0
8664,272,0.06715324506186238,360.55882352941177
8665,18,0.1568627450980392,627.8888888888889
8666,9,0.027777777777777776,429.1111111111111
8667,109,0.08154943934760449,400.1834862385321
8668,20,0.06315789473684211,291.05
8669,34,0.11586452762923351,439.70588235294116
8670,285,0.07627872498146776,385.21754385964914
8671,153,0.0651014791881665,360.4967320261438
8672,432,0.08607244135086363,405.2453703703704
8673,1,0.0,148.0
8674,7,0.09523809523809523,329.0
8675,276,0.06447957839262188,349.92391304347825
8676,18,0.058823529411764705,390.8333333333333
8677,8,0.03571428571428571,317.5
8678,5,0.1,263.6
8679,175,0.07540229885057471,371.3485714285714
8680,10,0.08888888888888889,465.7
8681,45,0.09696969696969697,438.3333333333333
8682,706,0.07670021899423382,382.60906515580734
8683,320,0.0969435736677116,430.38125
8684,135,0.08667772249861802,409.6740740740741
8685,102,0.0937682003494467,418.44117647058823
8686,32,0.04838709677419355,300.9375
8687,0,0.0,0.0
8688,0,0.0,0.0
8689,279,0.087594440576571,415.6559139784946
8690,0,0.0,0.0
8691,119,0.05982053838484546,344.34453781512605
8692,34,0.044563279857397504,312.6470588235294
8693,55,0.09158249158249158,403.9818181818182
8694,31,0.04946236559139785,280.96774193548384
8695,9,0.027777777777777776,259.0
8696,7,0.09523809523809523,376.0
8697,9,0.05555555555555555,256.22222222222223
8698,219,0.06572828955636546,359.6849315068493
8699,205,0.0820181731229077,396.809756097561
8700,5,0.0,110.6
8701,1,0.0,12.0
8702,2,0.0,523.0
8703,5,0.3,615.4
8704,119,0.08161230593932488,409.52941176470586
8705,2,1.0,286.5
8706,5,0.2,556.2
8707,9,0.08333333333333333,378.8888888888889
8708,16,0.11666666666666667,438.625
8709,121,0.08787878787878788,400.92561983471074
8710,15,0.0761904761904762,418.4
8711,14,0.08791208791208792,373.7142857142857
8712,25,0.056666666666666664,352.96
8713,45,0.06060606060606061,322.4888888888889
8714,19,0.07017543859649122,392.0
8715,174,0.07906451398578168,393.36206896551727
8716,0,0.0,0.0
8717,0,0.0,0.0
8718,457,0.0718357710468732,370.27352297592995
8719,12,0.07575757575757576,377.1666666666667
8720,0,0.0,0.0
8721,25,0.04,322.68
8722,8,0.07142857142857142,410.375
8723,121,0.07768595041322314,384.42148760330576
8724,10,0.08888888888888889,440.0
8725,21,0.06190476190476191,395.04761904761904
8726,25,0.056666666666666664,349.28
8727,3,0.0,209.0
8728,2,0.0,256.5
8729,3,0.0,205.66666666666666
8730,33,0.04924242424242424,308.030303030303
8731,0,0.0,0.0
8732,3,0.0,702.3333333333334
8733,16,0.11666666666666667,425.0
8734,216,0.07695951765719207,389.56944444444446
8735,1,0.0,206.0
8736,33,0.08333333333333333,388.6666666666667
8737,32,0.07056451612903226,399.78125
8738,3,0.0,343.0
8739,285,0.0892018779342723,414.3263157894737
8740,27,0.1225071225071225,490.77777777777777
8741,1,0.0,72.0
8742,9,0.16666666666666666,422.8888888888889
8743,1,0.0,8.0
8744,22,0.09090909090909091,423.40909090909093
8745,397,0.06522402870009923,354.19647355163727
8746,1,0.0,131.0
8747,39,0.058029689608636977,345.94871794871796
8748,176,0.07564935064935065,382.77840909090907
8749,105,0.07765567765567766,392.0190476190476
8750,3,0.0,153.33333333333334
8751,33,0.06060606060606061,346.1515151515151
8752,75,0.08144144144144144,411.61333333333334
8753,41,0.12439024390243902,471.219512195122
8754,25,0.07,421.16
8755,33,0.026515151515151516,254.27272727272728
8756,88,0.0796760710553814,397.5568181818182
8757,1,0.0,443.0
8758,23,0.05533596837944664,326.60869565217394
8759,20,0.09473684210526316,361.55
8760,44,0.10570824524312897,472.34090909090907
8761,319,0.10841663216419235,453.5485893416928
8762,37,0.0990990990990991,405.56756756756755
8763,1,0.0,70.0
8764,282,0.08000807652507509,389.58156028368796
8765,62,0.07350608143839238,389.38709677419354
8766,1,0.0,683.0
8767,360,0.08477251624883937,402.95
8768,161,0.07383540372670808,378.3229813664596
8769,139,0.08653946408090919,408.28776978417267
8770,1,0.0,12.0
8771,47,0.11193339500462535,462.8936170212766
8772,35,0.07226890756302522,407.51428571428573
8773,7,0.0,319.2857142857143
8774,6,0.0,192.16666666666666
8775,14,0.08791208791208792,387.64285714285717
8776,3,0.0,384.0
8777,0,0.0,0.0
8778,2,0.0,179.5
8779,0,0.0,0.0
8780,10,0.08888888888888889,374.5
8781,16,0.09166666666666666,402.625
8782,0,0.0,0.0
8783,36,0.03650793650793651,310.77777777777777
8784,1271,0.06521122310537304,351.8347757671125
8785,1,0.0,235.0
8786,6,0.0,265.3333333333333
8787,9,0.08333333333333333,239.0
8788,0,0.0,0.0
8789,28,0.0291005291005291,243.25
8790,52,0.05957767722473605,319.13461538461536
8791,72,0.0594679186228482,342.69444444444446
8792,5,0.0,198.2
8793,116,0.0782608695652174,393.91379310344826
8794,61,0.10546448087431694,444.5409836065574
8795,71,0.0772635814889336,380.88732394366195
8796,108,0.11180339217722396,465.51851851851853
8797,28,0.08994708994708994,394.85714285714283
8798,0,0.0,0.0
8799,45,0.07878787878787878,390.4
8800,0,0.0,0.0
8801,3,0.0,392.0
8802,29,0.059113300492610835,314.58620689655174
8803,66,0.062004662004662,335.6212121212121
8804,234,0.09515424966068743,430.44444444444446
8805,16,0.125,438.0625
8806,29,0.0665024630541872,408.7241379310345
8807,27,0.06552706552706553,353.037037037037
8808,35,0.02689075630252101,294.65714285714284
8809,14,0.07692307692307693,350.0
8810,215,0.06798522060421648,364.89767441860465
8811,0,0.0,0.0
8812,72,0.07276995305164319,389.1666666666667
8813,2,0.0,123.0
8814,6,0.0,342.1666666666667
8815,2,0.0,313.0
8816,1,0.0,213.0
8817,304,0.10200625325690464,446.5361842105263
8818,21,0.11904761904761904,485.6190476190476
8819,92,0.06665074056378405,377.7391304347826
8820,60,0.05706214689265537,355.21666666666664
8821,116,0.05622188905547226,345.5
8822,3,0.0,232.66666666666666
8823,0,0.0,0.0
8824,23,0.11067193675889328,392.39130434782606
8825,6,0.06666666666666667,566.3333333333334
8826,221,0.07980255039078568,388.2217194570136
8827,155,0.08244658567239213,386.49032258064517
8828,1,0.0,172.0
8829,23,0.09090909090909091,477.3478260869565
8830,88,0.10397074190177638,459.40909090909093
8831,1,0.0,508.0
8832,0,0.0,0.0
8833,1,0.0,638.0
8834,1,0.0,638.0
8835,2,0.0,1065.5
8836,4,0.16666666666666666,205.75
8837,5,0.0,260.4
8838,1,0.0,68.0
8839,11,0.01818181818181818,265.8181818181818
8840,313,0.08189972966330794,396.46964856230034
8841,3,0.0,303.3333333333333
8842,28,0.026455026455026454,250.17857142857142
8843,211,0.0673888512751072,354.5308056872038
8844,7,0.047619047619047616,358.57142857142856
8845,14,0.03296703296703297,273.64285714285717
8846,28,0.19047619047619047,598.5714285714286
8847,0,0.0,0.0
8848,314,0.09259070836979305,427.0668789808917
8849,3,0.0,213.66666666666666
8850,10,0.17777777777777778,540.8
8851,26,0.09846153846153846,407.34615384615387
8852,439,0.09166744677088859,417.9020501138952
8853,14,0.0989010989010989,523.0
8854,4,0.16666666666666666,613.75
8855,6,0.0,322.0
8856,0,0.0,0.0
8857,32,0.04233870967741935,289.5
8858,0,0.0,0.0
8859,2,0.0,294.5
8860,293,0.07260741502641545,371.160409556314
8861,22,0.08658008658008658,452.45454545454544
8862,18,0.013071895424836602,233.77777777777777
8863,6,0.0,79.16666666666667
8864,49,0.10714285714285714,442.7142857142857
8865,6,0.26666666666666666,683.6666666666666
8866,11,0.07272727272727272,425.1818181818182
8867,1,0.0,239.0
8868,29,0.06896551724137931,336.58620689655174
8869,368,0.07598329581803104,383.14130434782606
8870,0,0.0,0.0
8871,24,0.10507246376811594,461.8333333333333
8872,14,0.08791208791208792,331.5
8873,8,0.07142857142857142,321.75
8874,496,0.08122352557836429,397.66129032258067
8875,2,0.0,735.5
8876,307,0.07266185518724319,371.1009771986971
8877,3,0.0,255.0
8878,1,0.0,14.0
8879,795,0.07878903093959412,388.87044025157235
8880,0,0.0,0.0
8881,303,0.07778724892356785,383.990099009901
8882,11,0.07272727272727272,390.8181818181818
8883,2,0.0,60.5
8884,85,0.06498599439775911,362.15294117647056
8885,17,0.051470588235294115,346.8235294117647
8886,442,0.07743610264618668,383.7647058823529
8887,1,0.0,60.0
8888,24,0.10869565217391304,426.9166666666667
8889,36,0.12222222222222222,506.30555555555554
8890,43,0.11074197120708748,465.06976744186045
8891,49,0.08078231292517007,397.61224489795916
8892,0,0.0,0.0
8893,249,0.10532452390205985,447.13654618473896
8894,17,0.051470588235294115,380.11764705882354
8895,2,0.0,130.5
8896,1,0.0,275.0
8897,1035,0.07770395911006457,385.34106280193237
8898,6,0.06666666666666667,503.3333333333333
8899,67,0.07598371777476255,382.82089552238807
8900,1,0.0,25.0
8901,8,0.03571428571428571,243.625
8902,7,0.14285714285714285,375.0
8903,102,0.08211997670355271,398.80392156862746
8904,21,0.09047619047619047,406.6190476190476
8905,72,0.08176838810641628,414.5
8906,135,0.07374239911553344,378.4
8907,55,0.061952861952861954,362.7818181818182
8908,40,0.06025641025641026,359.025
8909,24,0.050724637681159424,330.5833333333333
8910,5,0.0,245.0
8911,8,0.10714285714285714,468.375
8912,0,0.0,0.0
8913,126,0.06628571428571428,362.57142857142856
8914,239,0.0750325234696389,377.7573221757322
8915,455,0.08752480999177034,411.4945054945055
8916,5,0.0,426.8
8917,471,0.08885576184668202,416.19532908704883
8918,121,0.06955922865013774,363.8677685950413
8919,19,0.0935672514619883,365.0
8920,4,0.16666666666666666,198.5
8921,5,0.0,324.0
8922,0,0.0,0.0
8923,2,0.0,140.0
8924,0,0.0,0.0
8925,0,0.0,0.0
8926,38,0.07681365576102418,376.8421052631579
8927,0,0.0,0.0
8928,48,0.09840425531914894,440.2291666666667
8929,2,0.0,103.5
8930,3,0.0,347.3333333333333
8931,54,0.04053109713487072,311.5
8932,20,0.08947368421052632,404.35
8933,233,0.09168269942282078,413.69957081545067
8934,117,0.07161803713527852,373.84615384615387
8935,245,0.09474740715958514,433.130612244898
8936,59,0.06428988895382817,319.4406779661017
8937,20,0.08947368421052632,404.5
8938,13,0.05128205128205128,314.46153846153845
8939,4,0.0,295.5
8940,5,0.0,265.0
8941,2,0.0,61.5
8942,4,0.0,287.0
8943,7,0.0,319.85714285714283
8944,4,0.0,274.25
8945,3,0.0,508.0
8946,2,0.0,649.0
8947,0,0.0,0.0
8948,0,0.0,0.0
8949,17,0.03676470588235294,358.11764705882354
8950,92,0.07429526994744386,396.3152173913044
8951,394,0.07145348161351571,370.5532994923858
8952,6,0.13333333333333333,322.6666666666667
8953,28,0.031746031746031744,243.35714285714286
8954,6,0.3333333333333333,563.1666666666666
8955,111,0.09074529074529075,426.2972972972973
8956,20,0.11578947368421053,518.65
8957,1,0.0,115.0
8958,24,0.09057971014492754,388.5
8959,1,0.0,283.0
8960,80,0.07879746835443038,409.425
8961,0,0.0,0.0
8962,3,0.3333333333333333,758.6666666666666
8963,29,0.08866995073891626,364.3103448275862
8964,240,0.08197350069735007,403.57916666666665
8965,31,0.060215053763440864,324.2903225806452
8966,0,0.0,0.0
8967,9,0.027777777777777776,187.66666666666666
8968,342,0.09893502083654886,440.6842105263158
8969,37,0.08408408408408409,434.05405405405406
8970,60,0.11186440677966102,467.8833333333333
8971,4,0.16666666666666666,826.5
8972,5,0.2,416.2
8973,132,0.08466342817487855,412.31060606060606
8974,8,0.2857142857142857,851.625
8975,72,0.08881064162754304,395.25
8976,20,0.07368421052631578,378.6
8977,28,0.037037037037037035,244.64285714285714
8978,110,0.09124270225187657,409.55454545454546
8979,477,0.08260662755668305,398.1446540880503
8980,32,0.05241935483870968,319.1875
8981,36,0.06031746031746032,372.52777777777777
8982,12,0.10606060606060606,458.0
8983,9,0.08333333333333333,398.1111111111111
8984,0,0.0,0.0
8985,0,0.0,0.0
8986,46,0.09371980676328502,403.8695652173913
8987,177,0.07177709296353364,373.909604519774
8988,12,0.10606060606060606,420.9166666666667
8989,72,0.07668231611893583,390.1666666666667
8990,11,0.03636363636363636,410.8181818181818
8991,21,0.12380952380952381,507.0
8992,16,0.08333333333333333,423.375
8993,66,0.06806526806526807,357.57575757575756
8994,268,0.08860193414947733,409.5261194029851
8995,34,0.06951871657754011,374.4117647058824
8996,40,0.04871794871794872,324.675
8997,3,0.3333333333333333,567.0
8998,5,0.2,504.6
8999,0,0.0,0.0
9000,398,0.08584484133513917,403.74874371859295
9001,45,0.06363636363636363,351.15555555555557
9002,154,0.05984211866564808,326.85064935064935
9003,276,0.10368906455862978,443.4963768115942
9004,5,0.1,755.6
9005,25,0.10333333333333333,422.44
9006,13,0.08974358974358974,397.3076923076923
9007,1,0.0,1217.0
9008,145,0.09003831417624521,417.02758620689656
9009,41,0.07804878048780488,382.0731707317073
9010,31,0.06236559139784946,361.35483870967744
9011,11,0.0,337.3636363636364
9012,82,0.09605540499849442,427.3292682926829
9013,13,0.14102564102564102,545.3076923076923
9014,488,0.08837142760965429,412.66188524590166
9015,0,0.0,0.0
9016,14,0.03296703296703297,301.0
9017,15,0.09523809523809523,441.1333333333333
9018,1,0.0,132.0
9019,11,0.05454545454545454,350.90909090909093
9020,25,0.03666666666666667,197.2
9021,40,0.07051282051282051,416.2
9022,11,0.0,359.6363636363636
9023,588,0.07515442292760376,380.42857142857144
9024,28,0.07671957671957672,346.7857142857143
9025,174,0.09952827054680752,440.02298850574715
9026,152,0.08156151969327292,390.42105263157896
9027,1,0.0,33.0
9028,4,0.0,299.5
9029,0,0.0,0.0
9030,24,0.09420289855072464,489.6666666666667
9031,3,0.0,312.0
9032,20,0.05789473684210526,370.55
9033,38,0.08392603129445235,380.2631578947368
9034,21,0.07142857142857142,398.85714285714283
9035,14,0.07692307692307693,344.0
9036,10,0.06666666666666667,329.7
9037,149,0.08516234355160529,399.56375838926175
9038,5,0.2,301.0
9039,5,0.0,288.4
9040,114,0.07452258965999069,373.3333333333333
9041,41,0.06097560975609756,371.7317073170732
9042,228,0.09498415642630806,430.62280701754383
9043,1364,0.06470654047157491,349.65102639296185
9044,6,0.06666666666666667,590.0
9045,39,0.05398110661268556,338.97435897435895
9046,23,0.08695652173913043,456.8695652173913
9047,133,0.09068124857598542,412.8796992481203
9048,0,0.0,0.0
9049,3,0.3333333333333333,603.3333333333334
9050,4,0.0,207.0
9051,23,0.06324110671936758,338.0869565217391
9052,106,0.08787061994609165,399.29245283018867
9053,9,0.027777777777777776,379.44444444444446
9054,2,0.0,241.0
9055,4,0.0,413.5
9056,6,0.0,342.6666666666667
9057,2,0.0,166.5
9058,12,0.015151515151515152,340.6666666666667
9059,0,0.0,0.0
9060,10,0.06666666666666667,399.2
9061,0,0.0,0.0
9062,0,0.0,0.0
9063,68,0.06935908691834942,357.94117647058823
9064,2,0.0,188.5
9065,1146,0.07295396175800392,372.956369982548
9066,0,0.0,0.0
9067,2,0.0,504.5
9068,94,0.08968199496682681,419.2340425531915
9069,6,0.06666666666666667,428.3333333333333
9070,21,0.10952380952380952,551.2380952380952
9071,179,0.0813508254346871,398.2625698324022
9072,36,0.1380952380952381,531.8611111111111
9073,15,0.06666666666666667,396.06666666666666
9074,19,0.07017543859649122,347.94736842105266
9075,0,0.0,0.0
9076,437,0.08283123044947831,403.9771167048055
9077,74,0.08552388004442799,398.4189189189189
9078,9,0.027777777777777776,309.77777777777777
9079,68,0.0601404741000878,336.6764705882353
9080,8,0.17857142857142858,496.875
9081,1,0.0,359.0
9082,1,0.0,191.0
9083,2,0.0,389.5
9084,68,0.09218612818261633,405.54411764705884
9085,2,1.0,725.0
9086,1,0.0,34.0
9087,234,0.06969663622024137,372.05128205128204
9088,13,0.07692307692307693,317.6923076923077
9089,340,0.06880097171612008,369.81176470588235
9090,5,0.0,147.8
9091,127,0.09573803274590677,428.3937007874016
9092,4,0.16666666666666666,669.75
9093,23,0.07509881422924901,388.0
9094,16,0.03333333333333333,343.875
9095,30,0.07126436781609195,375.06666666666666
9096,775,0.07450529298991415,378.9458064516129
9097,20,0.11052631578947368,482.1
9098,49,0.08163265306122448,383.8979591836735
9099,0,0.0,0.0
9100,44,0.056025369978858354,335.09090909090907
9101,30,0.0735632183908046,331.46666666666664
9102,5,0.2,425.6
9103,7,0.047619047619047616,414.7142857142857
9104,14,0.07692307692307693,373.14285714285717
9105,51,0.08862745098039215,457.5686274509804
9106,1,0.0,370.0
9107,53,0.062409288824383166,361.8867924528302
9108,0,0.0,0.0
9109,1,0.0,1252.0
9110,27,0.09116809116809117,437.51851851851853
9111,1,0.0,2.0
9112,1,0.0,146.0
9113,4,0.16666666666666666,554.5
9114,73,0.06468797564687975,356.4109589041096
9115,0,0.0,0.0
9116,11,0.21818181818181817,580.0
9117,16,0.03333333333333333,286.4375
9118,2,0.0,90.0
9119,12,0.030303030303030304,319.6666666666667
9120,71,0.07042253521126761,364.92957746478874
9121,26,0.03076923076923077,302.84615384615387
9122,37,0.08258258258258258,400.2162162162162
9123,0,0.0,0.0
9124,291,0.07349211991942173,378.1890034364261
9125,374,0.0751243709767602,381.5561497326203
9126,4,0.0,311.25
9127,0,0.0,0.0
9128,0,0.0,0.0
9129,1,0.0,64.0
9130,119,0.09001566728386269,426.218487394958
9131,33,0.10416666666666667,398.4848484848485
9132,1,0.0,712.0
9133,6,0.13333333333333333,413.0
9134,125,0.07458064516129033,388.976
9135,69,0.07033248081841433,364.57971014492756
9136,0,0.0,0.0
9137,6,0.06666666666666667,435.3333333333333
9138,7,0.047619047619047616,355.7142857142857
9139,40,0.1076923076923077,474.675
9140,3,0.0,559.3333333333334
9141,25,0.05333333333333334,330.56
9142,61,0.07650273224043716,387.0
9143,0,0.0,0.0
9144,8,0.0,340.875
9145,9,0.1111111111111111,535.7777777777778
9146,38,0.06116642958748222,350.05263157894734
9147,143,0.06470993794937457,356.12587412587413
9148,86,0.0667578659370725,371.5232558139535
9149,9,0.1388888888888889,409.77777777777777
9150,0,0.0,0.0
9151,84,0.0831899024670109,407.1309523809524
9152,14,0.12087912087912088,474.0
9153,0,0.0,0.0
9154,8,0.10714285714285714,338.375
9155,13,0.0,276.46153846153845
9156,160,0.06965408805031446,363.95625
9157,76,0.08280701754385965,411.07894736842104
9158,756,0.08277444899961456,397.0224867724868
9159,22,0.09956709956709957,380.0
9160,13,0.0641025641025641,256.7692307692308
9161,8,0.0,335.375
9162,107,0.0890495503438547,418.5233644859813
9163,44,0.06659619450317125,370.25
9164,3,0.0,306.6666666666667
9165,20,0.03684210526315789,221.85
9166,0,0.0,0.0
9167,2,0.0,721.5
9168,2,0.0,275.0
9169,20,0.11052631578947368,511.85
9170,19,0.05847953216374269,318.05263157894734
9171,0,0.0,0.0
9172,803,0.07604276978785912,380.5342465753425
9173,469,0.09183933810799483,420.3560767590618
9174,7,0.19047619047619047,623.2857142857143
9175,44,0.07293868921775898,354.72727272727275
9176,191,0.0718655276935795,370.5026178010471
9177,27,0.05698005698005698,334.74074074074076
9178,65,0.07692307692307693,389.16923076923075
9179,7,0.047619047619047616,297.14285714285717
9180,0,0.0,0.0
9181,39,0.06612685560053981,381.64102564102564
9182,16,0.08333333333333333,398.625
9183,25,0.043333333333333335,320.88
9184,271,0.08038813721470547,389.05535055350555
9185,18,0.08496732026143791,390.55555555555554
9186,8,0.0,132.0
9187,4,0.0,287.25
9188,11,0.01818181818181818,303.72727272727275
9189,438,0.09543065525636604,431.8767123287671
9190,4,0.3333333333333333,637.75
9191,0,0.0,0.0
9192,8,0.07142857142857142,394.75
9193,141,0.0911854103343465,429.9645390070922
9194,189,0.0963638410446921,422.16402116402116
9195,14,0.15384615384615385,558.7857142857143
9196,68,0.1286215978928885,510.2352941176471
9197,16,0.03333333333333333,217.8125
9198,89,0.06230847803881512,367.1685393258427
9199,46,0.028985507246376812,276.89130434782606
9200,9,0.05555555555555555,403.77777777777777
9201,270,0.07385377942998761,380.14444444444445
9202,7,0.09523809523809523,448.2857142857143
9203,2,0.0,227.0
9204,794,0.07423265919363702,376.24307304785896
9205,582,0.07864151746899231,387.60137457044675
9206,0,0.0,0.0
9207,25,0.14333333333333334,515.36
9208,10,0.0,245.0
9209,52,0.08823529411764706,415.96153846153845
9210,12,0.06060606060606061,326.5833333333333
9211,2,0.0,142.0
9212,4,0.0,455.75
9213,20,0.05263157894736842,399.8
9214,1,0.0,309.0
9215,36,0.0873015873015873,407.1666666666667
9216,2,0.0,356.0
9217,141,0.08855116514690983,411.3900709219858
9218,13,0.07692307692307693,596.5384615384615
9219,1,0.0,37.0
9220,25,0.05333333333333334,317.36
9221,2,0.0,634.0
9222,15,0.12380952380952381,476.2
9223,17,0.058823529411764705,380.47058823529414
9224,2,0.0,127.0
9225,2,0.0,503.5
9226,1,0.0,553.0
9227,136,0.07222222222222222,376.40441176470586
9228,7,0.0,201.57142857142858
9229,9,0.027777777777777776,314.1111111111111
9230,9,0.027777777777777776,343.8888888888889
9231,43,0.12624584717607973,481.95348837209303
9232,426,0.07505109085887876,382.1854460093897
9233,6,0.13333333333333333,377.5
9234,2,0.0,358.5
9235,776,0.07576321915530429,377.70747422680415
9236,12,0.06060606060606061,342.5
9237,2,0.0,301.5
9238,2,0.0,479.0
9239,53,0.023947750362844702,200.71698113207546
9240,95,0.09742441209406495,423.12631578947367
9241,229,0.08653183176281315,418.07860262008734
9242,1,0.0,1120.0
9243,96,0.10635964912280702,460.3229166666667
9244,83,0.09256538348516015,422.33734939759034
9245,461,0.07676129397340375,383.55531453362255
9246,16,0.016666666666666666,266.1875
9247,0,0.0,0.0
9248,0,0.0,0.0
9249,103,0.05349324195697697,335.11650485436894
9250,81,0.07376543209876543,396.22222222222223
9251,89,0.10137895812053116,452.2696629213483
9252,27,0.13675213675213677,452.48148148148147
9253,20,0.05789473684210526,358.7
9254,45,0.08080808080808081,425.26666666666665
9255,0,0.0,0.0
9256,11,0.01818181818181818,298.1818181818182
9257,37,0.08108108108108109,384.18918918918916
9258,118,0.08822251195132551,413.3050847457627
9259,18,0.06535947712418301,356.1111111111111
9260,862,0.07902104874545597,388.56496519721577
9261,5,0.0,123.4
9262,1,0.0,553.0
9263,1,0.0,510.0
9264,8,0.03571428571428571,360.25
9265,5,0.0,330.4
9266,3,0.0,403.3333333333333
9267,67,0.07327001356852103,400.5223880597015
9268,0,0.0,0.0
9269,9,0.05555555555555555,323.22222222222223
9270,12,0.09090909090909091,416.4166666666667
9271,208,0.07227796358231141,373.90865384615387
9272,12,0.07575757575757576,359.6666666666667
9273,0,0.0,0.0
9274,51,0.08392156862745098,429.29411764705884
9275,7,0.14285714285714285,486.85714285714283
9276,176,0.07064935064935066,379.6306818181818
9277,10,0.044444444444444446,366.5
9278,859,0.08091753027725088,393.0488940628638
9279,69,0.06223358908780904,339.1304347826087
9280,26,0.06153846153846154,381.96153846153845
9281,2,0.0,709.5
9282,50,0.10204081632653061,455.52
9283,6,0.0,359.1666666666667
9284,124,0.0965119328612641,421.4274193548387
9285,91,0.09010989010989011,418.8791208791209
9286,22,0.12121212121212122,414.5
9287,7,0.09523809523809523,471.42857142857144
9288,15,0.08571428571428572,503.06666666666666
9289,886,0.07198479805129382,370.61286681715575
9290,32,0.04435483870967742,345.59375
9291,2,0.0,446.5
9292,125,0.07922580645161291,400.16
9293,0,0.0,0.0
9294,4,0.0,663.25
9295,92,0.06975633062589584,384.8152173913044
9296,229,0.08982609361832529,416.1353711790393
9297,1,0.0,78.0
9298,31,0.09247311827956989,436.2903225806452
9299,10,0.17777777777777778,540.0
9300,11,0.09090909090909091,483.09090909090907
9301,0,0.0,0.0
9302,2,1.0,658.5
9303,11,0.01818181818181818,236.63636363636363
9304,22,0.09523809523809523,406.5
9305,2,0.0,26.5
9306,15,0.06666666666666667,285.06666666666666
9307,7,0.14285714285714285,445.7142857142857
9308,1,0.0,492.0
9309,79,0.08114248620577734,400.62025316455697
9310,156,0.07096774193548387,367.45512820512823
9311,23,0.03162055335968379,343.4782608695652
9312,81,0.07469135802469136,376.358024691358
9313,3,0.0,518.6666666666666
9314,16,0.05,377.5625
9315,40,0.08846153846153847,384.6
9316,60,0.05649717514124294,320.0
9317,132,0.0715938006014342,376.3484848484849
9318,331,0.08490341481278037,404.87311178247734
9319,69,0.10485933503836317,454.2028985507246
9320,4,0.0,314.5
9321,8,0.07142857142857142,222.625
9322,237,0.06275477365372238,347.8101265822785
9323,10,0.08888888888888889,249.0
9324,0,0.0,0.0
9325,2,0.0,760.5
9326,3,0.3333333333333333,741.0
9327,38,0.034139402560455195,281.7368421052632
9328,14,0.12087912087912088,489.0
9329,70,0.07287784679089027,395.9714285714286
9330,63,0.07936507936507936,390.3809523809524
9331,126,0.11123809523809523,458.74603174603175
9332,67,0.08095884215287201,383.4776119402985
9333,0,0.0,0.0
9334,2,0.0,169.0
9335,37,0.08408408408408409,401.7837837837838
9336,72,0.10485133020344288,454.75
9337,152,0.08391425583827117,400.3618421052632
9338,231,0.06485977790325616,359.7705627705628
9339,5,0.3,624.6
9340,2,0.0,443.0
9341,22,0.0735930735930736,417.59090909090907
9342,23,0.05533596837944664,323.0869565217391
9343,23,0.07114624505928854,475.5217391304348
9344,2,0.0,761.0
9345,1,0.0,424.0
9346,3,0.0,755.6666666666666
9347,4,0.5,783.25
9348,25,0.09333333333333334,428.2
9349,4,0.0,280.25
9350,793,0.07070388627765677,367.7074401008827
9351,4,0.0,396.25
9352,36,0.06349206349206349,354.1666666666667
9353,23,0.03557312252964427,359.8695652173913
9354,6,0.13333333333333333,725.6666666666666
9355,2,0.0,433.5
9356,0,0.0,0.0
9357,19,0.08771929824561403,384.2631578947368
9358,10,0.2222222222222222,404.1
9359,13,0.07692307692307693,422.0
9360,282,0.08684788369803892,408.16312056737587
9361,230,0.08323523827605847,399.8434782608696
9362,0,0.0,0.0
9363,89,0.07328907048008172,380.40449438202245
9364,7,0.14285714285714285,549.7142857142857
9365,22,0.09523809523809523,407.3181818181818
9366,42,0.10801393728222997,442.5238095238095
9367,38,0.05405405405405406,355.5263157894737
9368,234,0.05935218810755291,336.62393162393164
9369,3,0.3333333333333333,563.6666666666666
9370,35,0.06554621848739496,374.9142857142857
9371,3,0.0,375.0
9372,304,0.10741271495570609,453.95723684210526
9373,222,0.09029391382332559,418.1801801801802
9374,86,0.05170998632010944,333.36046511627904
9375,1,0.0,471.0
9376,12,0.030303030303030304,324.4166666666667
9377,29,0.08374384236453201,396.9655172413793
9378,0,0.0,0.0
9379,783,0.08034544819093721,390.2081736909323
9380,479,0.075645740341192,380.59498956158666
9381,8,0.17857142857142858,379.125
9382,5,0.1,349.6
9383,410,0.07045142823066372,365.3609756097561
9384,86,0.06593707250341997,376.06976744186045
9385,23,0.03162055335968379,322.5217391304348
9386,199,0.09156895589056394,418.4422110552764
9387,63,0.055811571940604196,354.95238095238096
9388,9,0.05555555555555555,254.44444444444446
9389,121,0.048347107438016526,308.6115702479339
9390,23,0.05138339920948617,365.8695652173913
9391,10,0.08888888888888889,344.0
9392,31,0.05161290322580645,303.80645161290323
9393,8,0.0,223.5
9394,17,0.058823529411764705,321.3529411764706
9395,126,0.08012698412698413,385.73015873015873
9396,3,0.0,667.6666666666666
9397,546,0.0931881574083409,422.04945054945057
9398,9,0.19444444444444445,565.3333333333334
9399,196,0.07435897435897436,378.5
9400,1198,0.06798576853932271,359.2771285475793
9401,177,0.08224191063174115,401.9491525423729
9402,4,0.0,466.25
9403,2,0.0,434.5
9404,329,0.08859070353621469,418.629179331307
9405,53,0.08200290275761973,386.39622641509436
9406,1,0.0,722.0
9407,51,0.07372549019607844,381.88235294117646
9408,0,0.0,0.0
9409,460,0.08730700009472388,409.6434782608696
9410,10,0.044444444444444446,441.2
9411,105,0.05293040293040293,327.9238095238095
9412,0,0.0,0.0
9413,5,0.0,208.4
9414,37,0.07057057057057058,341.6756756756757
9415,80,0.07373417721518988,377.175
9416,9,0.08333333333333333,351.0
9417,3,0.0,212.33333333333334
9418,0,0.0,0.0
9419,27,0.045584045584045586,308.3333333333333
9420,178,0.07236716815844602,376.35393258426967
9421,7,0.0,85.71428571428571
9422,5,0.1,298.4
9423,2,0.0,28.0
9424,1336,0.06291462019780664,345.60853293413174
9425,0,0.0,0.0
9426,50,0.07183673469387755,402.7
9427,346,0.07690374465946218,386.16473988439304
9428,55,0.08215488215488216,390.4
9429,51,0.08627450980392157,417.15686274509807
9430,119,0.08531548212505341,415.2436974789916
9431,283,0.0779390020800441,388.2791519434629
9432,62,0.05764145954521417,355.69354838709677
9433,9,0.05555555555555555,285.6666666666667
9434,230,0.07875450920827795,391.6434782608696
9435,39,0.04723346828609987,325.05128205128204
9436,42,0.10104529616724739,434.2857142857143
9437,119,0.059535678678250964,333.11764705882354
9438,6,0.0,275.1666666666667
9439,10,0.2,572.4
9440,7,0.047619047619047616,692.2857142857143
9441,10,0.0,219.7
9442,124,0.08064516129032258,397.28225806451616
9443,7,0.09523809523809523,363.57142857142856
9444,748,0.08175303710385212,396.8649732620321
9445,27,0.1225071225071225,527.1111111111111
9446,0,0.0,0.0
9447,28,0.03968253968253968,298.2142857142857
9448,12,0.06060606060606061,398.1666666666667
9449,0,0.0,0.0
9450,0,0.0,0.0
9451,11,0.03636363636363636,270.27272727272725
9452,53,0.05152394775036284,337.1698113207547
9453,14,0.07692307692307693,386.7142857142857
9454,6,0.0,142.5
9455,302,0.08558667576070933,405.24834437086093
9456,1,0.0,343.0
9457,17,0.08823529411764706,379.05882352941177
9458,9,0.05555555555555555,303.6666666666667
9459,25,0.056666666666666664,365.76
9460,2,0.0,744.0
9461,10,0.13333333333333333,473.8
9462,20,0.04736842105263158,352.8
9463,15,0.02857142857142857,310.6
9464,38,0.0953058321479374,442.4736842105263
9465,49,0.070578231292517,370.3265306122449
9466,5,0.0,266.8
9467,1,0.0,263.0
9468,3,0.0,573.6666666666666
9469,9,0.027777777777777776,295.55555555555554
9470,8,0.0,191.0
9471,93,0.09326788218793829,424.2043010752688
9472,0,0.0,0.0
9473,120,0.09915966386554621,443.7416666666667
9474,266,0.07510285146829337,383.1466165413534
9475,11,0.01818181818181818,250.0
9476,140,0.1250770811921891,500.0571428571429
9477,7,0.047619047619047616,352.14285714285717
9478,6,0.0,131.66666666666666
9479,0,0.0,0.0
9480,16,0.058333333333333334,390.625
9481,13,0.038461538461538464,404.84615384615387
9482,13,0.05128205128205128,385.38461538461536
9483,44,0.07928118393234672,394.70454545454544
9484,6,0.13333333333333333,542.6666666666666
9485,15,0.1619047619047619,614.7333333333333
9486,4,0.0,477.5
9487,31,0.07526881720430108,365.4193548387097
9488,17,0.051470588235294115,257.1764705882353
9489,57,0.07080200501253132,390.94736842105266
9490,4,0.0,360.0
9491,232,0.08602030153754292,406.4568965517241
9492,99,0.05112347969490827,326.8181818181818
9493,0,0.0,0.0
9494,7,0.09523809523809523,416.2857142857143
9495,45,0.051515151515151514,332.53333333333336
9496,17,0.09558823529411764,463.47058823529414
9497,0,0.0,0.0
9498,13,0.05128205128205128,322.46153846153845
9499,4,0.0,171.75
9500,1,0.0,39.0
9501,23,0.16600790513833993,545.9130434782609
9502,21,0.0380952380952381,349.7142857142857
9503,8,0.03571428571428571,240.125
9504,1,0.0,371.0
9505,63,0.07526881720430108,360.1111111111111
9506,762,0.07899538181905974,386.8635170603674
9507,87,0.08660785886126704,403.0
9508,23,0.09486166007905138,427.4347826086956
9509,0,0.0,0.0
9510,2,0.0,201.5
9511,11,0.10909090909090909,345.72727272727275
9512,9,0.0,310.1111111111111
9513,3,0.6666666666666666,465.0
9514,0,0.0,0.0
9515,0,0.0,0.0
9516,6,0.06666666666666667,583.6666666666666
9517,0,0.0,0.0
9518,23,0.11857707509881422,519.3478260869565
9519,42,0.053426248548199766,335.6666666666667
9520,3,0.0,92.33333333333333
9521,134,0.09325552687689373,429.17910447761193
9522,0,0.0,0.0
9523,6,0.2,688.0
9524,1,0.0,67.0
9525,448,0.08395254074784277,397.50892857142856
9526,16,0.08333333333333333,447.8125
9527,4,0.0,482.25
9528,1,0.0,909.0
9529,26,0.07692307692307693,356.88461538461536
9530,34,0.0748663101604278,420.61764705882354
9531,85,0.08179271708683473,386.8941176470588
9532,1,0.0,394.0
9533,25,0.06333333333333334,339.2
9534,1,0.0,86.0
9535,19,0.08187134502923976,423.63157894736844
9536,264,0.08033759649729232,389.89772727272725
9537,14,0.06593406593406594,277.57142857142856
9538,3,0.0,352.0
9539,103,0.06510565391205025,347.54368932038835
9540,2,0.0,144.0
9541,0,0.0,0.0
9542,5,0.0,362.8
9543,85,0.09019607843137255,427.43529411764706
9544,2,0.0,408.5
9545,62,0.06557377049180328,357.11290322580646
9546,111,0.057002457002457,330.990990990991
9547,5,0.0,438.4
9548,667,0.08665487076281679,408.1829085457271
9549,76,0.059298245614035086,349.92105263157896
9550,0,0.0,0.0
9551,75,0.0872072072072072,440.82666666666665
9552,21,0.07142857142857142,378.6190476190476
9553,6,0.0,75.0
9554,4,0.0,300.5
9555,14,0.07692307692307693,423.7142857142857
9556,98,0.07637281716810436,381.16326530612247
9557,5,0.0,324.2
9558,16,0.058333333333333334,360.6875
9559,5,0.3,515.2
9560,0,0.0,0.0
9561,3,0.0,150.66666666666666
9562,315,0.08737235870993833,402.3047619047619
9563,13,0.02564102564102564,450.9230769230769
9564,2,0.0,21.5
9565,362,0.07667467593088566,384.2790055248619
9566,3,0.0,109.66666666666667
9567,4,0.16666666666666666,324.25
9568,0,0.0,0.0
9569,8,0.14285714285714285,435.5
9570,541,0.08310399123707811,401.7504621072089
9571,9,0.027777777777777776,251.88888888888889
9572,2,0.0,300.5
9573,47,0.04440333024976873,306.1489361702128
9574,102,0.06134731120170841,349.5686274509804
9575,18,0.0457516339869281,340.22222222222223
9576,0,0.0,0.0
9577,14,0.07692307692307693,405.92857142857144
9578,41,0.05853658536585366,324.2926829268293
9579,6,0.06666666666666667,568.5
9580,10,0.1111111111111111,274.8
9581,1,0.0,146.0
9582,388,0.08461866325687951,404.44072164948454
9583,4,0.16666666666666666,386.25
9584,55,0.09023569023569024,426.56363636363636
9585,32,0.04435483870967742,279.21875
9586,6,0.13333333333333333,531.6666666666666
9587,1,0.0,1035.0
9588,1,0.0,2.0
9589,23,0.11462450592885376,545.6086956521739
9590,1,0.0,150.0
9591,103,0.0618694079573577,345.747572815534
9592,895,0.07076100133728269,366.98324022346367
9593,3,0.6666666666666666,637.6666666666666
9594,12,0.06060606060606061,279.4166666666667
9595,1,0.0,683.0
9596,7,0.047619047619047616,165.42857142857142
9597,42,0.056910569105691054,326.8809523809524
9598,54,0.0573025856044724,356.1666666666667
9599,1,0.0,27.0
9600,2,1.0,669.5
9601,1,0.0,580.0
9602,0,0.0,0.0
9603,0,0.0,0.0
9604,8,0.10714285714285714,497.625
9605,4,0.0,471.25
9606,158,0.07248246392001935,375.1392405063291
9607,42,0.032520325203252036,268.45238095238096
9608,128,0.06803641732283465,370.9765625
9609,948,0.08128043700069952,394.3523206751055
9610,64,0.0744047619047619,382.875
9611,2,0.0,639.0
9612,26,0.06153846153846154,350.96153846153845
9613,20,0.11578947368421053,441.35
9614,2,0.0,313.0
9615,29,0.04433497536945813,295.51724137931035
9616,10,0.0,168.4
9617,8,0.03571428571428571,244.75
9618,110,0.06922435362802336,359.42727272727274
9619,117,0.07206012378426171,379.9059829059829
9620,22,0.030303030303030304,295.40909090909093
9621,2,0.0,191.5
9622,44,0.04439746300211417,298.22727272727275
9623,0,0.0,0.0
9624,2,0.0,430.5
9625,342,0.08742775805594141,409.03508771929825
9626,91,0.07985347985347985,385.61538461538464
9627,260,0.09465399465399466,424.10769230769233
9628,0,0.0,0.0
9629,108,0.0647282796815507,348.85185185185185
9630,25,0.05,318.48
9631,1,0.0,756.0
9632,69,0.08525149190110827,417.95652173913044
9633,2,0.0,412.0
9634,0,0.0,0.0
9635,49,0.05952380952380952,355.8775510204082
9636,1,0.0,59.0
9637,0,0.0,0.0
9638,67,0.07688828584350972,404.43283582089555
9639,14,0.054945054945054944,346.2142857142857
9640,223,0.09146366097038743,422.47982062780267
9641,27,0.13105413105413105,517.4074074074074
9642,0,0.0,0.0
9643,0,0.0,0.0
9644,24,0.07971014492753623,400.375
9645,8,0.07142857142857142,381.125
9646,43,0.08970099667774087,436.5348837209302
9647,9,0.027777777777777776,370.55555555555554
9648,3,0.0,259.3333333333333
9649,3,0.0,365.6666666666667
9650,36,0.10317460317460317,438.02777777777777
9651,0,0.0,0.0
9652,30,0.06666666666666667,363.1
9653,214,0.06910622614189811,361.70093457943926
9654,682,0.08338608480714492,400.8181818181818
9655,37,0.07957957957957958,414.72972972972974
9656,24,0.06884057971014493,338.5833333333333
9657,8,0.07142857142857142,321.0
9658,9,0.05555555555555555,416.44444444444446
9659,58,0.07924984875983061,400.1034482758621
9660,11,0.01818181818181818,312.6363636363636
9661,11,0.01818181818181818,366.8181818181818
9662,2,0.0,542.0
9663,7,0.23809523809523808,589.5714285714286
9664,332,0.07907763986459433,391.4277108433735
9665,310,0.06524689424783381,352.241935483871
9666,0,0.0,0.0
9667,64,0.05257936507936508,335.40625
9668,4,0.0,317.75
9669,11,0.09090909090909091,374.8181818181818
9670,2,0.0,473.5
9671,77,0.0758714969241285,354.12987012987014
9672,25,0.09333333333333334,477.8
9673,85,0.050140056022408966,312.0352941176471
9674,24,0.06521739130434782,315.875
9675,73,0.06506849315068493,348.6849315068493
9676,18,0.032679738562091505,254.5
9677,2,0.0,26.5
9678,1,0.0,1269.0
9679,30,0.07816091954022988,367.5
9680,66,0.05501165501165501,331.3787878787879
9681,38,0.05832147937411095,346.5263157894737
9682,75,0.07135135135135136,378.2266666666667
9683,35,0.1092436974789916,458.6857142857143
9684,36,0.07777777777777778,370.72222222222223
9685,48,0.07092198581560284,350.2708333333333
9686,10,0.2,517.4
9687,15,0.05714285714285714,420.53333333333336
9688,7,0.0,287.7142857142857
9689,3,0.3333333333333333,649.6666666666666
9690,8,0.0,331.0
9691,28,0.0582010582010582,313.57142857142856
9692,6,0.13333333333333333,470.5
9693,131,0.06975924838520259,364.6412213740458
9694,3,0.0,557.0
9695,166,0.0714859437751004,361.2530120481928
9696,4,0.0,181.0
9697,42,0.06387921022067364,345.3333333333333
9698,4,0.0,434.5
9699,0,0.0,0.0
9700,2,0.0,202.5
9701,49,0.11734693877551021,463.48979591836735
9702,61,0.07431693989071038,387.37704918032784
9703,7,0.047619047619047616,388.42857142857144
9704,35,0.043697478991596636,361.42857142857144
9705,19,0.14619883040935672,528.6315789473684
9706,25,0.05,297.72
9707,21,0.10952380952380952,468.2857142857143
9708,169,0.10263454494223725,444.9230769230769
9709,3,0.0,436.6666666666667
9710,181,0.09754450583179865,443.27624309392263
9711,36,0.04126984126984127,276.6111111111111
9712,30,0.10344827586206896,463.1333333333333
9713,0,0.0,0.0
9714,1,0.0,560.0
9715,3,0.0,538.0
9716,11,0.2,475.54545454545456
9717,26,0.07692307692307693,372.2307692307692
9718,85,0.10140056022408964,418.3764705882353
9719,13,0.07692307692307693,368.7692307692308
9720,165,0.07147080561714708,369.3030303030303
9721,140,0.10565262076053443,448.1714285714286
9722,44,0.0613107822410148,365.1363636363636
9723,11,0.18181818181818182,509.0
9724,18,0.13725490196078433,460.72222222222223
9725,55,0.07003367003367003,391.09090909090907
9726,92,0.07118967988533206,355.4021739130435
9727,39,0.10526315789473684,402.97435897435895
9728,4,0.0,446.0
9729,0,0.0,0.0
9730,14,0.16483516483516483,573.4285714285714
9731,237,0.0803833226060216,393.73417721518985
9732,59,0.06312098188194039,362.3898305084746
9733,462,0.08403527058624673,398.8831168831169
9734,7,0.0,71.0
9735,0,0.0,0.0
9736,107,0.04672897196261682,304.61682242990656
9737,0,0.0,0.0
9738,0,0.0,0.0
9739,25,0.08333333333333333,411.84
9740,9,0.1111111111111111,480.55555555555554
9741,120,0.06736694677871148,366.85
9742,27,0.06552706552706553,370.81481481481484
9743,32,0.10887096774193548,495.53125
9744,6,0.06666666666666667,361.8333333333333
9745,138,0.08674494869353644,413.6811594202899
9746,4,0.0,354.5
9747,163,0.10171930621828372,443.34355828220856
9748,8,0.0,400.125
9749,7,0.0,312.42857142857144
9750,66,0.06946386946386947,366.3030303030303
9751,24,0.043478260869565216,287.1666666666667
9752,20,0.042105263157894736,362.25
9753,0,0.0,0.0
9754,3,0.0,405.3333333333333
9755,150,0.060850111856823264,343.81333333333333
9756,2,0.0,59.5
9757,11,0.05454545454545454,413.09090909090907
9758,415,0.09699086199871952,432.1975903614458
9759,1,0.0,32.0
9760,20,0.11052631578947368,362.0
9761,34,0.0873440285204991,409.55882352941177
9762,295,0.07416118989968869,379.7559322033898
9763,2,0.0,489.5
9764,297,0.09543634543634544,427.16498316498314
9765,22,0.047619047619047616,350.0
9766,109,0.07560312606184166,378.4954128440367
9767,29,0.07635467980295567,385.86206896551727
9768,765,0.08149402867604284,395.7124183006536
9769,25,0.13,445.64
9770,39,0.08367071524966262,402.4871794871795
9771,36,0.13968253968253969,491.19444444444446
9772,2,0.0,390.5
9773,0,0.0,0.0
9774,7,0.09523809523809523,368.57142857142856
9775,498,0.0836989810348032,400.89156626506025
9776,59,0.06838106370543542,360.135593220339
9777,41,0.06463414634146342,355.8780487804878
9778,11,0.07272727272727272,456.3636363636364
9779,194,0.07830778270391539,389.88659793814435
9780,856,0.07740339946439306,383.75817757009344
9781,304,0.08183515719993052,395.6282894736842
9782,14,0.02197802197802198,352.07142857142856
9783,18,0.06535947712418301,308.1111111111111
9784,4,0.0,179.5
9785,55,0.08754208754208755,432.05454545454546
9786,0,0.0,0.0
9787,3,0.0,181.0
9788,401,0.08997506234413966,415.4837905236908
9789,4,0.16666666666666666,541.0
9790,85,0.08263305322128851,384.15294117647056
9791,0,0.0,0.0
9792,2,1.0,423.0
9793,17,0.07352941176470588,385.94117647058823
9794,16,0.058333333333333334,387.0
9795,16,0.075,453.25
9796,712,0.06980988953681316,365.7584269662921
9797,0,0.0,0.0
9798,7,0.19047619047619047,487.85714285714283
9799,117,0.06704980842911877,358.2991452991453
9800,231,0.08635422548466026,410.23809523809524
9801,1,0.0,264.0
9802,0,0.0,0.0
9803,12,0.030303030303030304,359.4166666666667
9804,81,0.11141975308641976,469.44444444444446
9805,7,0.0,328.2857142857143
9806,20,0.07368421052631578,399.1
9807,84,0.060814687320711415,329.25
9808,0,0.0,0.0
9809,13,0.05128205128205128,361.0
9810,0,0.0,0.0
9811,11,0.07272727272727272,448.3636363636364
9812,356,0.08328849501503402,400.5814606741573
9813,1,0.0,1.0
9814,0,0.0,0.0
9815,10,0.0,233.6
9816,56,0.09740259740259741,436.75
9817,93,0.09069658719027583,422.89247311827955
9818,42,0.04878048780487805,319.4761904761905
9819,15,0.0380952380952381,334.2
9820,4,0.3333333333333333,541.75
9821,0,0.0,0.0
9822,34,0.0748663101604278,378.44117647058823
9823,24,0.050724637681159424,343.875
9824,8,0.0,257.75
9825,89,0.08197139938712972,375.314606741573
9826,557,0.07401547343812562,376.83123877917416
9827,1,0.0,212.0
9828,10,0.06666666666666667,395.5
9829,161,0.07173913043478261,368.167701863354
9830,1149,0.06652504980849883,355.9042645778938
9831,21,0.10476190476190476,489.57142857142856
9832,325,0.0924406457739791,421.6369230769231
9833,10,0.08888888888888889,374.7
9834,94,0.12171127888355067,481.1808510638298
9835,54,0.0957372466806429,406.5925925925926
9836,5,0.1,318.0
9837,10,0.044444444444444446,412.6
9838,15,0.01904761904761905,275.8666666666667
9839,11,0.03636363636363636,440.45454545454544
9840,3,0.3333333333333333,425.6666666666667
9841,3,0.0,371.6666666666667
9842,76,0.06631578947368422,342.0
9843,9,0.05555555555555555,345.0
9844,4,0.0,286.5
9845,7,0.09523809523809523,262.42857142857144
9846,86,0.05307797537619699,330.6162790697674
9847,6,0.0,321.0
9848,3,0.6666666666666666,729.3333333333334
9849,40,0.05512820512820513,339.775
9850,18,0.06535947712418301,324.1666666666667
9851,27,0.08262108262108261,407.25925925925924
9852,2,0.0,460.5
9853,0,0.0,0.0
9854,231,0.0886128364389234,414.75757575757575
9855,42,0.08130081300813008,416.92857142857144
9856,0,0.0,0.0
9857,4,0.0,229.5
9858,7,0.0,213.28571428571428
9859,37,0.0990990990990991,436.7027027027027
9860,237,0.07648573267539155,385.7974683544304
9861,1118,0.07411559521655085,377.57960644007153
9862,1,0.0,361.0
9863,50,0.07510204081632653,396.52
9864,1,0.0,40.0
9865,18,0.058823529411764705,377.05555555555554
9866,3,0.0,268.3333333333333
9867,8,0.10714285714285714,331.5
9868,29,0.07635467980295567,407.6551724137931
9869,0,0.0,0.0
9870,10,0.044444444444444446,286.1
9871,429,0.08587674008234755,408.01864801864804
9872,4,0.0,442.0
9873,37,0.07057057057057058,360.6756756756757
9874,31,0.04516129032258064,312.258064516129
9875,1,0.0,4.0
9876,8,0.21428571428571427,573.5
9877,36,0.08253968253968254,405.5833333333333
9878,488,0.08614131349513583,406.1946721311475
9879,844,0.07835927881128671,386.55331753554503
9880,45,0.05858585858585859,345.22222222222223
9881,121,0.07479338842975207,385.3471074380165
9882,101,0.07247524752475247,370.970297029703
9883,170,0.06891750783153498,360.5470588235294
9884,93,0.13183730715287517,498.89247311827955
9885,200,0.06814070351758794,359.72
9886,193,0.08246977547495682,400.0880829015544
9887,5,0.3,571.2
9888,0,0.0,0.0
9889,25,0.06666666666666667,352.52
9890,2,0.0,429.0
9891,3,0.0,471.6666666666667
9892,379,0.0855914338763943,405.86015831134563
9893,63,0.0629800307219662,358.92063492063494
9894,38,0.07396870554765292,389.8157894736842
9895,151,0.0565121412803532,329.5430463576159
9896,145,0.07471264367816093,384.6965517241379
9897,123,0.08903105424496868,404.479674796748
9898,35,0.0773109243697479,396.57142857142856
9899,538,0.07612164510255931,380.6672862453532
9900,1,0.0,277.0
9901,2,0.0,447.0
9902,0,0.0,0.0
9903,26,0.05846153846153846,323.2692307692308
9904,1,0.0,294.0
9905,288,0.0845915602013163,404.7708333333333
9906,1,0.0,96.0
9907,10,0.022222222222222223,222.1
9908,0,0.0,0.0
9909,4,0.0,335.5
9910,54,0.11320754716981132,453.74074074074076
9911,490,0.08854388381119319,415.17755102040815
9912,10,0.044444444444444446,384.4
9913,273,0.08185197155785391,390.04395604395603
9914,1,0.0,1269.0
9915,0,0.0,0.0
9916,16,0.05,332.375
9917,2,0.0,413.0
9918,6,0.13333333333333333,510.8333333333333
9919,15,0.01904761904761905,175.4
9920,1269,0.07086108190209137,368.40110323089044
9921,0,0.0,0.0
9922,2,0.0,449.5
9923,4,0.16666666666666666,302.0
9924,99,0.06143063285920429,356.4141414141414
9925,251,0.09482071713147411,426.8884462151394
9926,317,0.0863115441440722,403.25236593059935
9927,18,0.1111111111111111,465.22222222222223
9928,32,0.12298387096774194,480.15625
9929,0,0.0,0.0
9930,21,0.03333333333333333,280.0
9931,9,0.0,110.33333333333333
9932,0,0.0,0.0
9933,0,0.0,0.0
9934,4,0.0,136.5
9935,1,0.0,117.0
9936,16,0.06666666666666667,388.75
9937,70,0.06625258799171843,358.75714285714287
9938,200,0.07557788944723617,383.18
9939,14,0.0989010989010989,423.14285714285717
9940,0,0.0,0.0
9941,39,0.04723346828609987,331.0769230769231
9942,5,0.2,516.6
9943,9,0.027777777777777776,266.55555555555554
9944,33,0.08522727272727272,428.6060606060606
9945,0,0.0,0.0
9946,291,0.08970257139471502,420.58762886597935
9947,6,0.0,179.33333333333334
9948,12,0.0,231.33333333333334
9949,55,0.09225589225589226,435.3636363636364
9950,8,0.07142857142857142,328.375
9951,48,0.05939716312056738,351.8958333333333
9952,129,0.07667151162790697,370.47286821705427
9953,1,0.0,92.0
9954,27,0.08831908831908832,452.7037037037037
9955,1,0.0,524.0
9956,9,0.05555555555555555,333.8888888888889
9957,965,0.06663298432696235,355.1720207253886
9958,20,0.12631578947368421,457.9
9959,5,0.1,478.6
9960,19,0.0935672514619883,446.89473684210526
9961,4,0.0,275.75
9962,526,0.07243164946587,371.8403041825095
9963,318,0.08324901295557804,400.25786163522014
9964,5,0.0,346.0
9965,147,0.07240704500978473,363.6734693877551
9966,7,0.0,306.2857142857143
9967,2,0.0,1045.5
9968,4,0.0,331.5
9969,5,0.4,780.6
9970,0,0.0,0.0
9971,11,0.03636363636363636,352.45454545454544
9972,125,0.08374193548387097,403.536
9973,4,0.0,247.25
9974,525,0.08339512904398401,404.3504761904762
9975,530,0.09450369155045119,429.80943396226417
9976,17,0.08823529411764706,406.8235294117647
9977,34,0.0766488413547237,402.88235294117646
9978,16,0.11666666666666667,480.3125
9979,56,0.08571428571428572,417.625
9980,22,0.030303030303030304,297.45454545454544
9981,59,0.08708357685563997,422.40677966101697
9982,314,0.08394212571986732,405.9777070063694
9983,8,0.03571428571428571,322.125
9984,3,0.0,373.0
9985,0,0.0,0.0
9986,68,0.0781387181738367,371.6617647058824
9987,1,0.0,629.0
9988,132,0.062340966921119595,349.2651515151515
9989,9,0.08333333333333333,497.44444444444446
9990,34,0.04634581105169341,338.5
9991,270,0.09500206526228831,433.9962962962963
9992,19,0.09941520467836257,411.36842105263156
9993,0,0.0,0.0
9994,3,0.0,108.66666666666667
9995,4,0.0,621.75
9996,23,0.09486166007905138,395.1304347826087
9997,176,0.09824675324675325,441.89204545454544
9998,173,0.07554778868127436,389.70520231213874
9999,187,0.07935138864930136,385.2566844919786
10000,226,0.08039331366764996,390.4778761061947
10001,96,0.10789473684210527,475.1979166666667
10002,1,0.0,48.0
10003,2,0.0,141.5
10004,113,0.0627370417193426,345.43362831858406
10005,91,0.07741147741147741,402.43956043956047
10006,6,0.0,256.5
10007,34,0.0427807486631016,313.6470588235294
10008,1,0.0,883.0
10009,13,0.07692307692307693,251.76923076923077
10010,1,0.0,473.0
10011,40,0.08974358974358974,441.275
10012,0,0.0,0.0
10013,4,0.0,618.25
10014,1,0.0,29.0
10015,1,0.0,495.0
10016,7,0.047619047619047616,288.14285714285717
10017,4,0.0,162.5
10018,7,0.0,194.85714285714286
10019,1,0.0,546.0
10020,2,0.0,219.5
10021,8,0.14285714285714285,525.625
10022,81,0.10462962962962963,438.01234567901236
10023,5,0.1,465.4
10024,0,0.0,0.0
10025,10,0.044444444444444446,494.5
10026,0,0.0,0.0
10027,3,0.0,223.66666666666666
10028,5,0.1,296.6
10029,1,0.0,263.0
10030,11,0.05454545454545454,220.1818181818182
10031,0,0.0,0.0
10032,0,0.0,0.0
10033,23,0.07114624505928854,438.5652173913044
10034,40,0.06538461538461539,338.95
10035,75,0.05189189189189189,319.4
10036,25,0.13,486.72
10037,164,0.06920544665569354,362.9329268292683
10038,16,0.09166666666666666,348.1875
10039,17,0.04411764705882353,361.47058823529414
10040,4,0.0,362.5
10041,52,0.12895927601809956,486.21153846153845
10042,13,0.01282051282051282,355.2307692307692
10043,11,0.05454545454545454,356.3636363636364
10044,7,0.047619047619047616,439.85714285714283
10045,71,0.08490945674044266,411.50704225352115
10046,1,0.0,542.0
10047,12,0.0,264.25
10048,2,1.0,191.5
10049,1095,0.07190737355271176,370.05479452054794
10050,62,0.06187202538339503,330.19354838709677
10051,0,0.0,0.0
10052,89,0.0712461695607763,364.4831460674157
10053,6,0.06666666666666667,484.5
10054,8,0.03571428571428571,253.0
10055,21,0.04285714285714286,307.6666666666667
10056,23,0.03557312252964427,265.17391304347825
10057,14,0.02197802197802198,203.5
10058,13,0.08974358974358974,386.46153846153845
10059,2,0.0,741.0
10060,118,0.07764739968129798,380.08474576271186
10061,3,0.0,344.6666666666667
10062,1,0.0,988.0
10063,61,0.07868852459016394,395.04918032786884
10064,31,0.03870967741935484,296.83870967741933
10065,23,0.05928853754940711,368.0869565217391
10066,32,0.0625,342.375
10067,7,0.047619047619047616,401.2857142857143
10068,288,0.08756775067750677,415.16319444444446
10069,3,0.0,381.0
10070,4,0.16666666666666666,226.5
10071,0,0.0,0.0
10072,20,0.10526315789473684,432.75
10073,3,0.0,54.333333333333336
10074,187,0.09964924386176759,445.7807486631016
10075,4,0.0,434.5
10076,29,0.027093596059113302,263.86206896551727
10077,2,1.0,31.0
10078,3,0.0,104.66666666666667
10079,1,0.0,17.0
10080,1,0.0,1009.0
10081,11,0.09090909090909091,353.6363636363636
10082,16,0.041666666666666664,335.8125
10083,52,0.09049773755656108,395.1730769230769
10084,1,0.0,59.0
10085,66,0.07319347319347319,366.93939393939394
10086,48,0.06826241134751773,372.3125
10087,36,0.047619047619047616,271.47222222222223
10088,61,0.07431693989071038,380.57377049180326
10089,9,0.19444444444444445,702.3333333333334
10090,42,0.08013937282229965,369.45238095238096
10091,423,0.06845708267509215,362.46335697399525
10092,18,0.0392156862745098,281.05555555555554
10093,81,0.05771604938271605,333.1604938271605
10094,19,0.08771929824561403,307.57894736842104
10095,3,0.0,181.66666666666666
10096,1,0.0,359.0
10097,32,0.05241935483870968,365.71875
10098,48,0.10017730496453901,430.2916666666667
10099,26,0.06153846153846154,354.38461538461536
10100,208,0.08588814567075437,410.92788461538464
10101,1,0.0,371.0
10102,2,0.0,248.0
10103,26,0.09538461538461539,432.96153846153845
10104,1,0.0,5.0
10105,14,0.16483516483516483,477.57142857142856
10106,696,0.07701976349954519,384.735632183908
10107,2,0.0,214.5
10108,0,0.0,0.0
10109,21,0.09047619047619047,417.6190476190476
10110,45,0.07171717171717172,323.5777777777778
10111,2,0.0,290.5
10112,38,0.09246088193456614,407.55263157894734
10113,13,0.11538461538461539,480.6923076923077
10114,0,0.0,0.0
10115,0,0.0,0.0
10116,0,0.0,0.0
10117,1,0.0,359.0
10118,11,0.16363636363636364,468.54545454545456
10119,3,0.0,469.0
10120,79,0.08049334631613113,401.4810126582278
10121,3,0.3333333333333333,692.6666666666666
10122,48,0.08865248226950355,396.3333333333333
10123,9,0.05555555555555555,353.77777777777777
10124,5,0.0,311.0
10125,8,0.14285714285714285,509.0
10126,8,0.03571428571428571,257.25
10127,1,0.0,2.0
10128,18,0.05228758169934641,328.55555555555554
10129,3,0.0,52.666666666666664
10130,243,0.0881542699724518,412.7366255144033
10131,6,0.2,634.8333333333334
10132,13,0.07692307692307693,420.38461538461536
10133,20,0.07368421052631578,389.15
10134,1,0.0,812.0
10135,1,0.0,148.0
10136,1,0.0,19.0
10137,9,0.027777777777777776,282.6666666666667
10138,352,0.08833527583527584,411.8068181818182
10139,84,0.0717154331612163,352.2738095238095
10140,241,0.06894882434301522,367.4813278008299
10141,21,0.09047619047619047,437.14285714285717
10142,12,0.045454545454545456,286.8333333333333
10143,2,1.0,1069.0
10144,75,0.07567567567567568,386.2133333333333
10145,11,0.07272727272727272,353.3636363636364
10146,70,0.07701863354037267,389.2142857142857
10147,100,0.07090909090909091,382.95
10148,2,0.0,145.5
10149,41,0.09268292682926829,459.5121951219512
10150,38,0.06685633001422475,357.0263157894737
10151,0,0.0,0.0
10152,223,0.07716236415787986,386.1210762331838
10153,552,0.0792366974407533,391.1304347826087
10154,40,0.0641025641025641,366.35
10155,6,0.0,128.0
10156,0,0.0,0.0
10157,9,0.3055555555555556,708.3333333333334
10158,38,0.06258890469416785,384.2368421052632
10159,316,0.07809925658026924,390.48417721518985
10160,49,0.041666666666666664,285.3469387755102
10161,33,0.04924242424242424,332.90909090909093
10162,605,0.07234415193476,371.1322314049587
10163,34,0.09269162210338681,437.2647058823529
10164,64,0.06398809523809523,351.484375
10165,116,0.07286356821589206,370.67241379310343
10166,2,0.0,27.0
10167,122,0.07844465519577293,393.0655737704918
10168,2,0.0,333.5
10169,307,0.08809691085989227,411.88273615635177
10170,10,0.044444444444444446,293.3
10171,13,0.08974358974358974,364.0769230769231
10172,44,0.08668076109936575,410.09090909090907
10173,132,0.07714550080962294,387.49242424242425
10174,240,0.09442119944211995,426.3833333333333
10175,0,0.0,0.0
10176,49,0.045068027210884355,320.9795918367347
10177,31,0.06451612903225806,371.64516129032256
10178,9,0.0,304.3333333333333
10179,0,0.0,0.0
10180,1,0.0,118.0
10181,106,0.08265947888589398,398.1792452830189
10182,9,0.1388888888888889,537.0
10183,3,0.3333333333333333,933.3333333333334
10184,0,0.0,0.0
10185,7,0.09523809523809523,316.0
10186,13,0.15384615384615385,443.15384615384613
10187,1,0.0,449.0
10188,4,0.16666666666666666,399.75
10189,7,0.0,141.85714285714286
10190,364,0.09036418127327218,416.8021978021978
10191,2,0.0,398.5
10192,8,0.0,230.25
10193,41,0.05121951219512195,309.1219512195122
10194,459,0.08096203061525435,396.61873638344224
10195,29,0.07142857142857142,427.3448275862069
10196,18,0.05228758169934641,311.6666666666667
10197,6,0.06666666666666667,401.5
10198,50,0.08,417.02
10199,43,0.04983388704318937,334.25581395348837
10200,647,0.08022738909278834,390.8207109737249
10201,45,0.09292929292929293,449.46666666666664
10202,0,0.0,0.0
10203,0,0.0,0.0
10204,271,0.08399617329506628,407.35055350553506
10205,5,0.0,292.2
10206,218,0.06726419481672515,361.3532110091743
10207,4,0.16666666666666666,483.25
10208,0,0.0,0.0
10209,126,0.07085714285714285,370.72222222222223
10210,165,0.08662232076866223,408.09090909090907
10211,10,0.08888888888888889,364.9
10212,373,0.08568998818069129,403.5710455764075
10213,3,0.0,330.6666666666667
10214,51,0.08235294117647059,412.078431372549
10215,42,0.07317073170731707,361.9761904761905
10216,30,0.08505747126436781,397.6333333333333
10217,18,0.06535947712418301,331.44444444444446
10218,105,0.10201465201465201,444.3142857142857
10219,126,0.11085714285714286,461.26984126984127
10220,37,0.08558558558558559,430.6756756756757
10221,0,0.0,0.0
10222,24,0.06884057971014493,405.4166666666667
10223,0,0.0,0.0
10224,0,0.0,0.0
10225,4,0.0,175.75
10226,16,0.058333333333333334,326.1875
10227,8,0.10714285714285714,336.375
10228,14,0.01098901098901099,169.07142857142858
10229,353,0.09763713623486994,438.63739376770536
10230,8,0.03571428571428571,306.0
10231,15,0.02857142857142857,210.8
10232,4,0.0,228.75
10233,36,0.04285714285714286,311.6666666666667
10234,242,0.06289221905970303,348.1570247933884
10235,9,0.08333333333333333,451.8888888888889
10236,3,0.3333333333333333,539.0
10237,0,0.0,0.0
10238,15,0.01904761904761905,260.8
10239,90,0.06791510611735331,364.4888888888889
10240,41,0.08292682926829269,391.219512195122
10241,4,0.0,403.25
10242,2,0.0,486.0
10243,70,0.07287784679089027,379.74285714285713
10244,0,0.0,0.0
10245,593,0.08604894945535754,406.3406408094435
10246,18,0.08496732026143791,378.55555555555554
10247,0,0.0,0.0
10248,3,0.0,611.3333333333334
10249,2,0.0,453.0
10250,20,0.08947368421052632,384.15
10251,167,0.08563595700165934,415.52694610778445
10252,6,0.13333333333333333,486.5
10253,24,0.057971014492753624,381.5
10254,198,0.09552376557452699,424.25757575757575
10255,5,0.0,368.4
10256,21,0.03333333333333333,251.85714285714286
10257,18,0.06535947712418301,295.6666666666667
10258,2,0.0,582.5
10259,5,0.0,418.2
10260,11,0.12727272727272726,407.6363636363636
10261,33,0.10984848484848485,445.06060606060606
10262,263,0.10800220590369489,452.7794676806084
10263,448,0.07622243528283797,383.14285714285717
10264,24,0.09782608695652174,459.2083333333333
10265,26,0.055384615384615386,329.65384615384613
10266,12,0.045454545454545456,398.5
10267,12,0.12121212121212122,488.0833333333333
10268,102,0.0627062706270627,359.2352941176471
10269,14,0.04395604395604396,272.35714285714283
10270,2,0.0,714.0
10271,4,0.16666666666666666,634.75
10272,10,0.08888888888888889,586.3
10273,18,0.09803921568627451,431.94444444444446
10274,2,0.0,116.0
10275,32,0.07459677419354839,387.3125
10276,91,0.07863247863247863,395.65934065934067
10277,38,0.07965860597439545,394.6578947368421
10278,15,0.06666666666666667,410.6
10279,40,0.06923076923076923,385.6
10280,18,0.0784313725490196,352.3888888888889
10281,19,0.05847953216374269,370.42105263157896
10282,4,0.3333333333333333,468.25
10283,8,0.07142857142857142,275.0
10284,69,0.06010230179028133,338.0289855072464
10285,1,0.0,107.0
10286,20,0.03684210526315789,275.15
10287,154,0.1015193956370427,442.37012987012986
10288,6,0.06666666666666667,425.5
10289,0,0.0,0.0
10290,9,0.0,271.77777777777777
10291,86,0.08974008207934336,408.48837209302326
10292,10,0.13333333333333333,485.1
10293,35,0.06890756302521009,360.25714285714287
10294,11,0.01818181818181818,378.27272727272725
10295,71,0.0647887323943662,367.15492957746477
10296,76,0.09649122807017543,425.61842105263156
10297,174,0.06391601886917812,348.0057471264368
10298,125,0.09703225806451612,430.808
10299,6,0.0,159.0
10300,22,0.05194805194805195,277.59090909090907
10301,157,0.08770210681038706,407.2484076433121
10302,3,0.0,421.0
10303,0,0.0,0.0
10304,45,0.03333333333333333,283.4222222222222
10305,176,0.06422077922077922,355.47159090909093
10306,0,0.0,0.0
10307,2,0.0,378.5
10308,16,0.075,401.4375
10309,153,0.06570347437220503,368.66013071895424
10310,40,0.0858974358974359,423.75
10311,913,0.0724380776695298,370.23658269441404
10312,1035,0.06839346284304657,360.0212560386473
10313,40,0.08974358974358974,430.375
10314,53,0.0841799709724238,407.22641509433964
10315,20,0.06315789473684211,438.5
10316,4,0.0,463.5
10317,10,0.13333333333333333,369.1
10318,68,0.0504828797190518,324.1617647058824
10319,744,0.07148439195936265,369.8494623655914
10320,182,0.0681804383461842,367.84615384615387
10321,7,0.0,156.0
10322,4,0.16666666666666666,456.25
10323,9,0.05555555555555555,389.77777777777777
10324,15,0.12380952380952381,503.4
10325,44,0.06025369978858351,363.54545454545456
10326,24,0.07246376811594203,376.5416666666667
10327,2,0.0,384.5
10328,13,0.11538461538461539,442.0
10329,31,0.0989247311827957,423.6774193548387
10330,372,0.08109439758861549,395.6209677419355
10331,4,0.0,163.0
10332,115,0.09549961861174676,428.88695652173914
10333,0,0.0,0.0
10334,13,0.1282051282051282,382.53846153846155
10335,131,0.08232530827950675,399.8473282442748
10336,8,0.07142857142857142,497.75
10337,65,0.0625,377.04615384615386
10338,4,0.0,461.25
10339,4,0.0,341.25
10340,9,0.027777777777777776,265.6666666666667
10341,4,0.16666666666666666,314.5
10342,57,0.06203007518796992,367.6140350877193
10343,19,0.10526315789473684,487.3157894736842
10344,41,0.08658536585365853,407.5121951219512
10345,4,0.0,284.75
10346,1,0.0,798.0
10347,29,0.06896551724137931,359.48275862068965
10348,276,0.06719367588932806,355.5688405797101
10349,7,0.0,252.85714285714286
10350,28,0.082010582010582,407.39285714285717
10351,21,0.06666666666666667,360.3333333333333
10352,7,0.09523809523809523,340.42857142857144
10353,2,0.0,678.0
10354,267,0.07318858945115599,374.1685393258427
10355,205,0.05671927307508369,334.01951219512193
10356,0,0.0,0.0
10357,1,0.0,8.0
10358,14,0.02197802197802198,257.42857142857144
10359,2,0.0,345.5
10360,84,0.12478485370051635,500.23809523809524
10361,28,0.07142857142857142,342.57142857142856
10362,9,0.08333333333333333,401.77777777777777
10363,13,0.08974358974358974,442.9230769230769
10364,11,0.16363636363636364,484.1818181818182
10365,3,0.3333333333333333,164.33333333333334
10366,244,0.08007825676313837,399.6106557377049
10367,49,0.09098639455782313,450.6530612244898
10368,16,0.09166666666666666,481.25
10369,1,0.0,16.0
10370,10,0.022222222222222223,277.3
10371,6,0.06666666666666667,331.6666666666667
10372,24,0.07608695652173914,424.2083333333333
10373,2,0.0,380.0
10374,202,0.0868430126594749,423.8168316831683
10375,0,0.0,0.0
10376,46,0.04927536231884058,339.3695652173913
10377,180,0.09875853507138424,436.84444444444443
10378,425,0.08359600443951165,401.73411764705884
10379,109,0.06642881413523616,374.6605504587156
10380,6,0.0,251.16666666666666
10381,354,0.07360637633840687,374.79378531073445
10382,106,0.112848158131177,467.7169811320755
10383,61,0.08415300546448087,393.57377049180326
10384,0,0.0,0.0
10385,5,0.0,273.6
10386,15,0.05714285714285714,335.73333333333335
10387,7,0.14285714285714285,432.14285714285717
10388,46,0.10338164251207729,445.17391304347825
10389,10,0.044444444444444446,293.9
10390,58,0.08166969147005444,414.13793103448273
10391,29,0.09359605911330049,389.9310344827586
10392,28,0.07936507936507936,385.75
10393,253,0.07632222849614154,381.15810276679844
10394,2,0.0,652.0
10395,94,0.08579272477693892,408.17021276595744
10396,6,0.0,185.83333333333334
10397,307,0.09195035234506398,422.07817589576547
10398,16,0.09166666666666666,475.125
10399,277,0.08203840318108094,400.2202166064982
10400,29,0.05665024630541872,313.37931034482756
10401,0,0.0,0.0
10402,47,0.0666049953746531,377.59574468085106
10403,2,0.0,543.0
10404,15,0.0761904761904762,403.46666666666664
10405,3,0.0,391.3333333333333
10406,28,0.0582010582010582,328.92857142857144
10407,0,0.0,0.0
10408,262,0.09909040390746103,429.3435114503817
10409,11,0.0,295.8181818181818
10410,2,0.0,600.5
10411,24,0.11594202898550725,499.3333333333333
10412,0,0.0,0.0
10413,44,0.08350951374207188,384.8636363636364
10414,1,0.0,105.0
10415,2,1.0,520.0
10416,7,0.047619047619047616,321.2857142857143
10417,7,0.14285714285714285,387.57142857142856
10418,1,0.0,325.0
10419,20,0.09473684210526316,513.35
10420,254,0.08004730633967197,388.68110236220474
10421,65,0.09086538461538461,417.55384615384617
10422,49,0.0782312925170068,399.42857142857144
10423,2,0.0,269.5
10424,96,0.06074561403508772,356.7916666666667
10425,164,0.09187490647912615,426.8231707317073
10426,24,0.10507246376811594,437.5
10427,105,0.05787545787545788,329.6190476190476
10428,13,0.07692307692307693,385.7692307692308
10429,11,0.07272727272727272,389.90909090909093
10430,4,0.0,345.0
10431,5,0.1,343.2
10432,5,0.0,550.6
10433,135,0.08247650635710337,393.23703703703706
10434,8,0.07142857142857142,244.5
10435,2,0.0,244.5
10436,11,0.0,207.8181818181818
10437,0,0.0,0.0
10438,295,0.06604404473653869,358.1457627118644
10439,3,0.0,453.0
10440,185,0.07309048178613396,368.3945945945946
10441,97,0.07366838487972509,383.10309278350513
10442,7,0.09523809523809523,284.7142857142857
10443,24,0.06884057971014493,419.0833333333333
10444,0,0.0,0.0
10445,53,0.06095791001451379,366.58490566037733
10446,21,0.10476190476190476,497.9047619047619
10447,3,0.0,199.0
10448,97,0.12800687285223367,492.680412371134
10449,17,0.051470588235294115,301.2352941176471
10450,4,0.16666666666666666,477.5
10451,472,0.092608586131203,420.6885593220339
10452,1,0.0,199.0
10453,10,0.044444444444444446,386.3
10454,51,0.09176470588235294,424.05882352941177
10455,0,0.0,0.0
10456,2,1.0,422.0
10457,29,0.09113300492610837,451.2413793103448
10458,177,0.08070107858243451,394.5819209039548
10459,38,0.034139402560455195,271.0
10460,46,0.08888888888888889,409.67391304347825
10461,4,0.0,354.5
10462,87,0.09248863940122962,418.6666666666667
10463,6,0.06666666666666667,204.83333333333334
10464,7,0.14285714285714285,520.4285714285714
10465,27,0.1168091168091168,427.77777777777777
10466,32,0.04032258064516129,256.75
10467,17,0.10294117647058823,481.7647058823529
10468,18,0.06535947712418301,402.8888888888889
10469,21,0.0761904761904762,457.04761904761904
10470,3,0.0,155.66666666666666
10471,2,0.0,106.5
10472,6,0.0,395.0
10473,102,0.0566880217433508,347.9117647058824
10474,24,0.11594202898550725,542.375
10475,46,0.0821256038647343,406.19565217391306
10476,11,0.14545454545454545,509.09090909090907
10477,53,0.06386066763425254,324.2641509433962
10478,30,0.09655172413793103,469.2
10479,254,0.06289875820858361,351.71259842519686
10480,10,0.06666666666666667,428.6
10481,46,0.035748792270531404,250.02173913043478
10482,0,0.0,0.0
10483,426,0.09830433581883458,437.9131455399061
10484,202,0.054233781587113936,323.7524752475247
10485,17,0.13970588235294118,488.5882352941176
10486,84,0.05737234652897304,339.29761904761904
10487,3,0.0,393.6666666666667
10488,63,0.07168458781362007,384.93650793650795
10489,1,0.0,391.0
10490,94,0.06337222603523221,349.4468085106383
10491,4,0.16666666666666666,171.0
10492,429,0.08434089275210771,400.6689976689977
10493,105,0.08315018315018315,392.77142857142854
10494,25,0.09666666666666666,403.6
10495,33,0.12310606060606061,523.2424242424242
10496,100,0.06727272727272728,351.53
10497,73,0.07686453576864535,397.6849315068493
10498,8,0.07142857142857142,336.5
10499,197,0.09307987154252564,419.24365482233503
10500,2,0.0,457.5
10501,61,0.09180327868852459,392.40983606557376
10502,1,0.0,116.0
10503,0,0.0,0.0
10504,0,0.0,0.0
10505,0,0.0,0.0
10506,126,0.08723809523809524,405.3095238095238
10507,6,0.0,334.6666666666667
10508,407,0.0946248532455429,426.07371007371006
10509,1,0.0,210.0
10510,0,0.0,0.0
10511,161,0.09417701863354037,428.57142857142856
10512,4,0.3333333333333333,561.25
10513,0,0.0,0.0
10514,13,0.01282051282051282,300.0769230769231
10515,47,0.06382978723404255,364.27659574468083
10516,118,0.07808199333623063,383.33898305084745
10517,275,0.08700729927007299,413.3890909090909
10518,1,0.0,178.0
10519,0,0.0,0.0
10520,53,0.09869375907111756,411.77358490566036
10521,208,0.06870122630992197,365.4423076923077
10522,1,0.0,32.0
10523,0,0.0,0.0
10524,10,0.15555555555555556,652.2
10525,121,0.07920110192837465,397.40495867768595
10526,1,0.0,150.0
10527,16,0.041666666666666664,334.5625
10528,36,0.0761904761904762,403.1388888888889
10529,7,0.0,174.57142857142858
10530,17,0.03676470588235294,272.5882352941176
10531,38,0.07396870554765292,399.42105263157896
10532,8,0.14285714285714285,488.75
10533,21,0.0380952380952381,328.23809523809524
10534,16,0.06666666666666667,334.125
10535,14,0.02197802197802198,245.78571428571428
10536,68,0.06760316066725197,371.05882352941177
10537,101,0.057623762376237626,328.35643564356434
10538,160,0.08176100628930817,396.13125
10539,0,0.0,0.0
10540,0,0.0,0.0
10541,21,0.023809523809523808,355.57142857142856
10542,57,0.05388471177944862,333.8421052631579
10543,1,0.0,86.0
10544,228,0.07241672463096066,376.32894736842104
10545,8,0.14285714285714285,410.75
10546,1,0.0,1096.0
10547,3,0.0,200.0
10548,43,0.07751937984496124,408.06976744186045
10549,25,0.06333333333333334,391.48
10550,15,0.0380952380952381,288.4
10551,368,0.0909252458239545,417.2228260869565
10552,0,0.0,0.0
10553,13,0.08974358974358974,488.15384615384613
10554,17,0.04411764705882353,353.3529411764706
10555,41,0.08902439024390243,431.1463414634146
10556,15,0.0380952380952381,323.6
10557,35,0.146218487394958,510.1142857142857
10558,12,0.030303030303030304,255.16666666666666
10559,1,0.0,31.0
10560,19,0.08187134502923976,341.7894736842105
10561,5,0.2,628.6
10562,32,0.06451612903225806,404.6875
10563,420,0.08041822934424367,392.04761904761904
10564,14,0.06593406593406594,438.7142857142857
10565,9,0.027777777777777776,329.0
10566,378,0.08416487726832554,400.4973544973545
10567,35,0.07899159663865546,412.77142857142854
10568,255,0.09102979774587,415.8156862745098
10569,11,0.01818181818181818,269.90909090909093
10570,6,0.0,285.1666666666667
10571,1,0.0,218.0
10572,4,0.0,362.5
10573,7,0.047619047619047616,230.42857142857142
10574,18,0.1895424836601307,521.0555555555555
10575,9,0.08333333333333333,328.55555555555554
10576,0,0.0,0.0
10577,12,0.09090909090909091,460.3333333333333
10578,29,0.11083743842364532,459.2758620689655
10579,6,0.0,233.5
10580,1,0.0,40.0
10581,14,0.054945054945054944,410.7857142857143
10582,21,0.04285714285714286,282.3809523809524
10583,0,0.0,0.0
10584,10,0.06666666666666667,526.1
10585,0,0.0,0.0
10586,10,0.13333333333333333,504.4
10587,314,0.0663600659327242,355.4076433121019
10588,0,0.0,0.0
10589,28,0.08465608465608465,393.7857142857143
10590,427,0.0964145528911172,429.42857142857144
10591,11,0.21818181818181817,587.4545454545455
10592,14,0.07692307692307693,507.7857142857143
10593,421,0.07681257776269652,386.19952494061755
10594,1,0.0,143.0
10595,50,0.09142857142857143,415.4
10596,0,0.0,0.0
10597,0,0.0,0.0
10598,36,0.06507936507936508,365.55555555555554
10599,0,0.0,0.0
10600,64,0.08134920634920635,395.28125
10601,143,0.09012114645917463,426.04895104895104
10602,34,0.0481283422459893,316.70588235294116
10603,14,0.13186813186813187,440.0
10604,58,0.05868118572292801,347.6551724137931
10605,23,0.04743083003952569,307.8695652173913
10606,83,0.06229797237731413,345.3614457831325
10607,55,0.04511784511784512,312.1636363636364
10608,6,0.0,340.6666666666667
10609,127,0.07961504811898512,397.3228346456693
10610,28,0.09788359788359788,474.0
10611,820,0.07228029423151375,371.07560975609755
10612,35,0.03697478991596639,285.0
10613,30,0.06896551724137931,364.1333333333333
10614,215,0.07985220604216475,394.6046511627907
10615,0,0.0,0.0
10616,11,0.07272727272727272,458.54545454545456
10617,0,0.0,0.0
10618,28,0.0873015873015873,384.5357142857143
10619,19,0.10526315789473684,470.8421052631579
10620,164,0.09434385754900494,430.7682926829268
10621,71,0.05835010060362173,361.0422535211268
10622,1,0.0,809.0
10623,12,0.15151515151515152,581.8333333333334
10624,22,0.05194805194805195,283.3181818181818
10625,33,0.09659090909090909,467.969696969697
10626,209,0.07880934854619065,385.5406698564593
10627,86,0.0640218878248974,329.6162790697674
10628,212,0.07006170079585085,373.188679245283
10629,352,0.1071937321937322,454.64204545454544
10630,3,0.3333333333333333,978.0
10631,103,0.061107938320959454,338.3592233009709
10632,26,0.07384615384615385,380.7692307692308
10633,44,0.04334038054968287,301.70454545454544
10634,155,0.09141181399245915,417.01290322580644
10635,685,0.07663806718743331,385.0248175182482
10636,0,0.0,0.0
10637,9,0.027777777777777776,393.8888888888889
10638,73,0.08105022831050228,387.32876712328766
10639,7,0.14285714285714285,457.14285714285717
10640,0,0.0,0.0
10641,32,0.11895161290322581,482.84375
10642,2,0.0,191.0
10643,1,0.0,13.0
10644,0,0.0,0.0
10645,1,0.0,619.0
10646,19,0.09941520467836257,475.6842105263158
10647,1,0.0,967.0
10648,4,0.0,262.0
10649,14,0.12087912087912088,520.7857142857143
10650,6,0.0,156.0
10651,0,0.0,0.0
10652,20,0.1,470.65
10653,39,0.0620782726045884,363.0
10654,7,0.0,222.14285714285714
10655,34,0.10338680926916222,429.70588235294116
10656,10,0.044444444444444446,392.7
10657,6,0.13333333333333333,348.3333333333333
10658,2,0.0,442.0
10659,51,0.0596078431372549,319.6862745098039
10660,12,0.06060606060606061,387.6666666666667
10661,3,0.0,297.0
10662,110,0.07789824854045038,383.1
10663,0,0.0,0.0
10664,140,0.06361767728674203,330.2
10665,327,0.09877863454719424,438.6238532110092
10666,39,0.05398110661268556,281.28205128205127
10667,10,0.044444444444444446,333.0
10668,25,0.08666666666666667,415.4
10669,103,0.08280982295830953,381.9611650485437
10670,3,0.0,415.3333333333333
10671,0,0.0,0.0
10672,0,0.0,0.0
10673,25,0.09666666666666666,440.6
10674,0,0.0,0.0
10675,4,0.0,405.25
10676,9,0.027777777777777776,311.6666666666667
10677,209,0.08483621641516378,405.9282296650718
10678,69,0.08567774936061381,411.17391304347825
10679,7,0.09523809523809523,517.5714285714286
10680,24,0.025362318840579712,269.4166666666667
10681,2,0.0,76.0
10682,45,0.1111111111111111,460.0888888888889
10683,1,0.0,483.0
10684,74,0.06442058496853018,369.81081081081084
10685,1,0.0,73.0
10686,142,0.0717211067825392,358.98591549295776
10687,228,0.09490687070098153,422.36842105263156
10688,884,0.0775098261275065,384.70361990950227
10689,2,0.0,320.0
10690,135,0.08833609729132118,413.42962962962963
10691,3,0.0,475.3333333333333
10692,75,0.0699099099099099,365.72
10693,1333,0.06615167305339849,355.09977494373595
10694,0,0.0,0.0
10695,34,0.0748663101604278,390.7352941176471
10696,35,0.08403361344537816,398.54285714285714
10697,2,0.0,139.0
10698,110,0.0652210175145955,360.05454545454546
10699,467,0.07416529578810965,378.5910064239829
10700,6,0.06666666666666667,373.0
10701,150,0.08626398210290828,402.24666666666667
10702,33,0.09848484848484848,438.3939393939394
10703,0,0.0,0.0
10704,0,0.0,0.0
10705,7,0.0,263.14285714285717
10706,145,0.07308429118773946,376.63448275862066
10707,377,0.09639370167616683,431.9151193633952
10708,5,0.0,158.0
10709,13,0.038461538461538464,299.61538461538464
10710,26,0.06461538461538462,401.46153846153845
10711,59,0.05669199298655757,315.06779661016947
10712,174,0.07866586937745,382.87931034482756
10713,15,0.02857142857142857,274.0
10714,189,0.07289204097714735,378.1111111111111
10715,4,0.0,292.5
10716,56,0.07857142857142857,363.14285714285717
10717,56,0.07597402597402597,372.51785714285717
10718,244,0.06931795183161303,365.71311475409834
10719,5,0.0,502.0
10720,98,0.05659583420997265,319.1734693877551
10721,9,0.1111111111111111,407.3333333333333
10722,120,0.0757703081232493,381.8833333333333
10723,23,0.05928853754940711,460.6521739130435
10724,9,0.0,361.77777777777777
10725,40,0.05,349.175
10726,9,0.1388888888888889,376.3333333333333
10727,1,0.0,393.0
10728,0,0.0,0.0
10729,132,0.06939625260235947,354.93939393939394
10730,0,0.0,0.0
10731,19,0.05263157894736842,255.78947368421052
10732,88,0.07001044932079414,365.45454545454544
10733,2,0.0,243.5
10734,6,0.0,329.3333333333333
10735,4,0.16666666666666666,339.75
10736,5,0.0,289.4
10737,6,0.0,156.16666666666666
10738,105,0.11593406593406594,484.84761904761905
10739,140,0.0735868448098664,381.70714285714286
10740,100,0.06444444444444444,346.67
10741,5,0.1,402.8
10742,24,0.09057971014492754,403.125
10743,7,0.0,357.57142857142856
10744,5,0.2,736.6
10745,23,0.07509881422924901,400.69565217391306
10746,8,0.03571428571428571,511.125
10747,75,0.09981981981981981,448.38666666666666
10748,509,0.07966833222468017,393.63064833005893
10749,73,0.0517503805175038,322.8493150684931
10750,476,0.07961079168509509,391.6029411764706
10751,26,0.036923076923076927,297.5
10752,18,0.0718954248366013,354.94444444444446
10753,106,0.04995507637017071,305.99056603773585
10754,152,0.06282676890902754,346.7894736842105
10755,0,0.0,0.0
10756,8,0.10714285714285714,389.5
10757,240,0.07789400278940029,391.5208333333333
10758,264,0.10061643046433921,437.50757575757575
10759,101,0.07504950495049505,385.2178217821782
10760,363,0.0838622285131577,399.030303030303
10761,43,0.06533776301218161,342.4651162790698
10762,21,0.06666666666666667,341.1904761904762
10763,67,0.09181365897783808,437.2238805970149
10764,8,0.10714285714285714,432.875
10765,5,0.3,476.4
10766,29,0.14285714285714285,460.82758620689657
10767,309,0.06798217963266506,363.77022653721684
10768,51,0.09803921568627451,404.96078431372547
10769,70,0.07660455486542443,379.84285714285716
10770,32,0.0625,344.625
10771,6,0.13333333333333333,874.6666666666666
10772,3,0.0,369.0
10773,1,0.0,97.0
10774,42,0.0545876887340302,312.26190476190476
10775,22,0.025974025974025976,297.1818181818182
10776,27,0.039886039886039885,359.5925925925926
10777,202,0.08383823456972563,402.1930693069307
10778,0,0.0,0.0
10779,2,0.0,105.0
10780,8,0.03571428571428571,176.75
10781,21,0.11904761904761904,487.85714285714283
10782,1,0.0,53.0
10783,3,0.0,199.66666666666666
10784,3,0.0,400.3333333333333
10785,10,0.022222222222222223,402.7
10786,4,0.16666666666666666,278.25
10787,24,0.06884057971014493,345.25
10788,142,0.10458495654779743,440.57042253521126
10789,179,0.06528152658339087,353.30167597765364
10790,13,0.05128205128205128,283.7692307692308
10791,2,1.0,811.5
10792,2,0.0,431.5
10793,68,0.09789288849868305,423.4852941176471
10794,208,0.08361204013377926,401.6105769230769
10795,4,0.16666666666666666,478.75
10796,7,0.19047619047619047,569.2857142857143
10797,49,0.10289115646258504,439.18367346938777
10798,127,0.09036370453693289,410.7165354330709
10799,192,0.09053228621291448,418.9270833333333
10800,122,0.0910445739059748,417.9344262295082
10801,443,0.08244895457748996,401.19638826185104
10802,5,0.0,442.0
10803,48,0.08599290780141844,387.9791666666667
10804,33,0.08712121212121213,408.969696969697
10805,25,0.1,453.72
10806,19,0.13450292397660818,480.2631578947368
10807,24,0.13043478260869565,503.0833333333333
10808,68,0.08472344161545214,382.95588235294116
10809,440,0.07742803893145579,384.95
10810,350,0.08132623823168236,393.5342857142857
10811,2,0.0,849.5
10812,16,0.125,509.75
10813,2,0.0,547.0
10814,0,0.0,0.0
10815,2,0.0,471.5
10816,0,0.0,0.0
10817,69,0.07246376811594203,350.0144927536232
10818,0,0.0,0.0
10819,34,0.11229946524064172,417.1470588235294
10820,132,0.10074022669442517,437.25757575757575
10821,1,0.0,527.0
10822,0,0.0,0.0
10823,23,0.08300395256916997,416.9130434782609
10824,201,0.06895522388059701,368.67164179104475
10825,49,0.08078231292517007,409.55102040816325
10826,1,0.0,47.0
10827,26,0.04,356.3076923076923
10828,9,0.05555555555555555,513.3333333333334
10829,0,0.0,0.0
10830,5,0.0,132.4
10831,25,0.05,314.88
10832,124,0.07697351167060058,383.69354838709677
10833,456,0.08451898978214768,405.9451754385965
10834,9,0.027777777777777776,294.44444444444446
10835,3,0.0,93.0
10836,1,0.0,1767.0
10837,3,0.0,220.33333333333334
10838,19,0.09941520467836257,476.94736842105266
10839,0,0.0,0.0
10840,43,0.14950166112956811,539.7906976744187
10841,13,0.05128205128205128,338.2307692307692
10842,0,0.0,0.0
10843,0,0.0,0.0
10844,6,0.0,189.83333333333334
10845,61,0.09890710382513661,423.88524590163934
10846,53,0.08563134978229318,392.0943396226415
10847,0,0.0,0.0
10848,1,0.0,131.0
10849,7,0.23809523809523808,492.85714285714283
10850,115,0.06407322654462243,355.5913043478261
10851,36,0.04285714285714286,297.22222222222223
10852,20,0.06842105263157895,394.1
10853,5,0.3,441.4
10854,0,0.0,0.0
10855,463,0.08643983805970847,410.16630669546436
10856,2,1.0,596.0
10857,18,0.1111111111111111,477.22222222222223
10858,114,0.058065517776742744,353.1842105263158
10859,284,0.07291096401731946,381.59507042253523
10860,6,0.0,230.66666666666666
10861,128,0.06139271653543307,353.3671875
10862,4,0.0,406.0
10863,81,0.0734567901234568,387.17283950617286
10864,15,0.08571428571428572,377.2
10865,120,0.05854341736694678,339.875
10866,289,0.09751057285659362,431.98269896193773
10867,4,0.0,341.5
10868,0,0.0,0.0
10869,1,0.0,598.0
10870,0,0.0,0.0
10871,33,0.0625,347.6969696969697
10872,2,0.0,79.0
10873,615,0.08192049998675882,395.41138211382116
10874,12,0.10606060606060606,402.8333333333333
10875,28,0.04497354497354497,289.14285714285717
10876,29,0.05665024630541872,390.7931034482759
10877,19,0.1871345029239766,471.10526315789474
10878,91,0.09914529914529914,443.83516483516485
10879,583,0.0871072129582147,410.9965694682676
10880,30,0.04827586206896552,318.1333333333333
10881,4,0.16666666666666666,425.5
10882,0,0.0,0.0
10883,71,0.07645875251509054,390.85915492957747
10884,4,0.0,246.0
10885,21,0.07142857142857142,322.9047619047619
10886,276,0.0653227931488801,352.0471014492754
10887,224,0.0592568866111467,332.9955357142857
10888,6,0.13333333333333333,404.5
10889,47,0.07585568917668825,380.63829787234044
10890,63,0.07731694828469023,425.3809523809524
10891,1,0.0,71.0
10892,9,0.1111111111111111,428.3333333333333
10893,524,0.08142980164348372,399.48664122137404
10894,19,0.06432748538011696,306.57894736842104
10895,0,0.0,0.0
10896,0,0.0,0.0
10897,140,0.08098663926002056,389.5857142857143
10898,67,0.04839439167797377,313.4029850746269
10899,31,0.053763440860215055,350.96774193548384
10900,30,0.08045977011494253,363.93333333333334
10901,23,0.06324110671936758,342.69565217391306
10902,97,0.08676975945017182,404.49484536082474
10903,47,0.0730804810360777,383.1489361702128
10904,16,0.10833333333333334,418.75
10905,17,0.022058823529411766,352.47058823529414
10906,6,0.0,425.6666666666667
10907,0,0.0,0.0
10908,45,0.09696969696969697,401.64444444444445
10909,0,0.0,0.0
10910,93,0.0474520804114072,322.68817204301075
10911,5,0.0,309.6
10912,0,0.0,0.0
10913,1,0.0,1191.0
10914,23,0.04743083003952569,301.3478260869565
10915,5,0.2,467.8
10916,44,0.07610993657505286,396.3636363636364
10917,154,0.05169340463458111,324.4415584415584
10918,11,0.05454545454545454,405.0
10919,12,0.030303030303030304,374.6666666666667
10920,127,0.09136357955255593,417.9133858267717
10921,8,0.0,211.375
10922,18,0.0196078431372549,292.94444444444446
10923,23,0.08695652173913043,385.8695652173913
10924,135,0.0919845218352681,410.2
10925,12,0.06060606060606061,299.4166666666667
10926,26,0.033846153846153845,329.2307692307692
10927,2,0.0,946.5
10928,3,0.0,361.0
10929,8,0.07142857142857142,305.0
10930,195,0.07575997885276235,387.38461538461536
10931,20,0.16842105263157894,524.15
10932,74,0.08441318030359127,398.27027027027026
10933,24,0.07246376811594203,406.75
10934,0,0.0,0.0
10935,125,0.06412903225806452,348.336
10936,1,0.0,1172.0
10937,59,0.1244886031560491,494.3898305084746
10938,5,0.1,244.8
10939,66,0.05314685314685315,337.8030303030303
10940,86,0.07031463748290014,385.0348837209302
10941,6,0.0,180.5
10942,106,0.07924528301886792,387.3490566037736
10943,0,0.0,0.0
10944,4,0.0,301.5
10945,48,0.05319148936170213,328.6875
10946,47,0.0666049953746531,363.4468085106383
10947,69,0.08780903665814152,432.4927536231884
10948,6,0.0,332.6666666666667
10949,18,0.013071895424836602,223.16666666666666
10950,85,0.09607843137254903,433.15294117647056
10951,86,0.06101231190150479,349.8488372093023
10952,43,0.10520487264673312,449.7674418604651
10953,1,0.0,53.0
10954,20,0.05789473684210526,321.2
10955,108,0.07199723087573555,372.0462962962963
10956,843,0.07638706914283622,380.5243179122183
10957,5,0.3,542.2
10958,54,0.06009783368273934,352.94444444444446
10959,1,0.0,143.0
10960,21,0.0761904761904762,449.85714285714283
10961,6,0.13333333333333333,374.3333333333333
10962,66,0.09696969696969697,450.3939393939394
10963,4,0.0,247.5
10964,25,0.03,302.64
10965,21,0.09523809523809523,420.0952380952381
10966,3,0.0,306.0
10967,49,0.125,459.7959183673469
10968,5,0.1,516.6
10969,0,0.0,0.0
10970,1,0.0,736.0
10971,1,0.0,75.0
10972,5,0.3,628.4
10973,0,0.0,0.0
10974,14,0.07692307692307693,385.64285714285717
10975,31,0.08602150537634409,424.83870967741933
10976,36,0.07142857142857142,363.05555555555554
10977,12,0.0,167.5
10978,76,0.0824561403508772,387.10526315789474
10979,25,0.09333333333333334,350.2
10980,11,0.23636363636363636,674.6363636363636
10981,0,0.0,0.0
10982,319,0.08558585201395871,408.9278996865204
10983,22,0.030303030303030304,281.77272727272725
10984,0,0.0,0.0
10985,712,0.06894467358839425,362.81601123595505
10986,17,0.08088235294117647,345.1764705882353
10987,1,0.0,1149.0
10988,483,0.08371777359690043,398.20910973084887
10989,96,0.07236842105263158,388.3541666666667
10990,2,0.0,367.5
10991,123,0.08010129281620686,380.1544715447154
10992,112,0.05662805662805663,332.54464285714283
10993,72,0.0715962441314554,373.25
10994,33,0.04734848484848485,306.8484848484849
10995,0,0.0,0.0
10996,44,0.08985200845665962,411.59090909090907
10997,47,0.04995374653098982,345.0425531914894
10998,8,0.03571428571428571,325.625
10999,25,0.07666666666666666,419.68
11000,21,0.09047619047619047,424.6190476190476
11001,388,0.09083886091797863,424.9974226804124
11002,27,0.04843304843304843,336.25925925925924
11003,66,0.049883449883449886,314.6060606060606
11004,285,0.08490239683716333,407.0385964912281
11005,17,0.014705882352941176,321.8235294117647
11006,2,0.0,435.5
11007,26,0.08307692307692308,362.96153846153845
11008,89,0.08707865168539326,423.97752808988764
11009,43,0.06533776301218161,333.06976744186045
11010,145,0.06628352490421456,360.88965517241377
11011,30,0.07126436781609195,328.3
11012,355,0.08808784912867032,414.3633802816901
11013,27,0.09686609686609686,419.3333333333333
11014,5,0.0,386.8
11015,1,0.0,469.0
11016,5,0.3,656.2
11017,304,0.08593885704359909,405.5296052631579
11018,16,0.05,353.4375
11019,8,0.10714285714285714,282.0
11020,13,0.0641025641025641,387.61538461538464
11021,0,0.0,0.0
11022,18,0.026143790849673203,252.55555555555554
11023,0,0.0,0.0
11024,155,0.09116045245077503,418.8258064516129
11025,20,0.07368421052631578,392.0
11026,137,0.08168741949334478,390.13138686131384
11027,357,0.08140559594624366,396.1064425770308
11028,26,0.11076923076923077,419.88461538461536
11029,0,0.0,0.0
11030,23,0.043478260869565216,235.95652173913044
11031,153,0.07576539387684898,388.32026143790847
11032,2,0.0,402.5
11033,0,0.0,0.0
11034,1,0.0,17.0
11035,2,0.0,471.0
11036,6,0.13333333333333333,389.5
11037,20,0.06842105263157895,333.05
11038,27,0.07122507122507123,371.8888888888889
11039,8,0.21428571428571427,750.0
11040,74,0.06442058496853018,367.22972972972974
11041,17,0.03676470588235294,216.23529411764707
11042,38,0.07681365576102418,363.2894736842105
11043,21,0.07142857142857142,419.6666666666667
11044,4,0.0,387.0
11045,15,0.009523809523809525,258.6
11046,28,0.05555555555555555,323.32142857142856
11047,95,0.07950727883538634,398.41052631578947
11048,4,0.0,75.25
11049,663,0.07406141633971738,377.131221719457
11050,2,0.0,229.0
11051,2,0.0,348.0
11052,168,0.08083832335329341,403.86309523809524
11053,0,0.0,0.0
11054,3,0.0,345.3333333333333
11055,7,0.0,403.85714285714283
11056,11,0.07272727272727272,459.27272727272725
11057,34,0.08021390374331551,368.2647058823529
11058,4,0.0,163.5
11059,83,0.07170143990596532,356.67469879518075
11060,42,0.09175377468060394,404.3095238095238
11061,9,0.027777777777777776,400.55555555555554
11062,9,0.1111111111111111,651.0
11063,6,0.0,576.0
11064,1055,0.0701313884367384,365.2928909952607
11065,21,0.09047619047619047,414.0
11066,863,0.07542888483222343,379.38354577056776
11067,4,0.0,184.25
11068,1,0.0,67.0
11069,84,0.10470453241537579,457.45238095238096
11070,19,0.12280701754385964,487.42105263157896
11071,594,0.07732184123415152,382.479797979798
11072,17,0.125,417.6470588235294
11073,50,0.10693877551020409,502.24
11074,1,0.0,522.0
11075,20,0.06842105263157895,441.05
11076,32,0.08064516129032258,384.96875
11077,0,0.0,0.0
11078,4,0.0,365.75
11079,97,0.053479381443298966,330.16494845360825
11080,116,0.06761619190404798,353.5258620689655
11081,348,0.08201662857332141,399.1666666666667
11082,0,0.0,0.0
11083,2,0.0,157.0
11084,16,0.14166666666666666,577.9375
11085,26,0.052307692307692305,307.2692307692308
11086,193,0.08878454231433507,423.04145077720204
11087,2,1.0,192.0
11088,8,0.0,293.25
11089,1,0.0,1658.0
11090,58,0.07078039927404718,365.0
11091,73,0.06012176560121765,354.4109589041096
11092,200,0.06959798994974874,356.87
11093,32,0.06653225806451613,398.65625
11094,20,0.07368421052631578,411.05
11095,174,0.06896551724137931,361.98275862068965
11096,9,0.027777777777777776,283.3333333333333
11097,0,0.0,0.0
11098,183,0.07434095958686122,376.8415300546448
11099,6,0.06666666666666667,123.0
11100,128,0.07258858267716535,385.546875
11101,193,0.07464378238341969,385.0621761658031
11102,44,0.09513742071881606,436.15909090909093
11103,222,0.0696261872732461,365.26576576576576
11104,98,0.05743740795287187,340.265306122449
11105,4,0.16666666666666666,674.0
11106,190,0.09340016708437761,437.6736842105263
11107,103,0.06510565391205025,357.747572815534
11108,57,0.07832080200501253,390.63157894736844
11109,0,0.0,0.0
11110,314,0.08019779817260536,395.46815286624206
11111,72,0.0594679186228482,357.4166666666667
11112,3,0.0,76.0
11113,44,0.0708245243128964,359.45454545454544
11114,372,0.09047039387879315,414.55645161290323
11115,8,0.03571428571428571,337.125
11116,2,0.0,367.5
11117,17,0.16176470588235295,417.70588235294116
11118,65,0.09519230769230769,435.3076923076923
11119,3,0.0,497.3333333333333
11120,4,0.0,324.0
11121,0,0.0,0.0
11122,4,0.0,441.5
11123,11,0.10909090909090909,432.3636363636364
11124,2,0.0,813.0
11125,3,0.0,161.66666666666666
11126,6,0.06666666666666667,302.1666666666667
11127,1,0.0,164.0
11128,152,0.09410944579993029,425.32894736842104
11129,26,0.09230769230769231,436.0
11130,2,0.0,552.5
11131,12,0.030303030303030304,232.08333333333334
11132,0,0.0,0.0
11133,15,0.0761904761904762,371.2
11134,63,0.09984639016897082,460.8095238095238
11135,3,0.3333333333333333,287.0
11136,2,0.0,37.5
11137,0,0.0,0.0
11138,19,0.10526315789473684,453.89473684210526
11139,17,0.18382352941176472,665.5294117647059
11140,0,0.0,0.0
11141,1,0.0,213.0
11142,9,0.16666666666666666,587.4444444444445
11143,1,0.0,204.0
11144,29,0.059113300492610835,412.3448275862069
11145,19,0.03508771929824561,331.7894736842105
11146,16,0.025,322.75
11147,0,0.0,0.0
11148,1,0.0,187.0
11149,0,0.0,0.0
11150,46,0.07246376811594203,374.0
11151,3,0.3333333333333333,882.0
11152,112,0.07915057915057915,395.9642857142857
11153,303,0.07516447008939305,376.13201320132015
11154,0,0.0,0.0
11155,0,0.0,0.0
11156,104,0.09372666168782674,437.0576923076923
11157,3,0.0,138.33333333333334
11158,1049,0.07973060493818176,389.1525262154433
11159,5,0.2,839.6
11160,121,0.07741046831955922,390.43801652892563
11161,286,0.09434425223898908,428.06643356643355
11162,20,0.04736842105263158,306.35
11163,43,0.08305647840531562,391.69767441860466
11164,56,0.048051948051948054,325.75
11165,34,0.07308377896613191,405.29411764705884
11166,146,0.08861596598960794,412.8493150684931
11167,167,0.07625712430560566,380.3952095808383
11168,2,0.0,140.5
11169,22,0.12987012987012986,451.5
11170,3,0.3333333333333333,451.0
11171,17,0.09558823529411764,513.6470588235294
11172,15,0.009523809523809525,251.06666666666666
11173,33,0.07575757575757576,372.06060606060606
11174,23,0.11462450592885376,444.7826086956522
11175,79,0.08081791626095423,380.8607594936709
11176,22,0.03896103896103896,325.1363636363636
11177,24,0.07608695652173914,341.2083333333333
11178,4,0.0,616.5
11179,31,0.043010752688172046,324.6774193548387
11180,516,0.0892451268156845,413.468992248062
11181,14,0.08791208791208792,474.07142857142856
11182,5,0.0,378.0
11183,571,0.09125265001382615,416.600700525394
11184,8,0.03571428571428571,288.5
11185,599,0.08041831145554743,390.7679465776294
11186,39,0.08502024291497975,412.12820512820514
11187,364,0.08097962643417189,395.3076923076923
11188,10,0.1111111111111111,445.3
11189,3,0.0,298.3333333333333
11190,62,0.07244843997884717,376.88709677419354
11191,34,0.058823529411764705,357.0882352941176
11192,8,0.10714285714285714,395.875
11193,1,0.0,243.0
11194,3,0.0,115.33333333333333
11195,28,0.047619047619047616,343.82142857142856
11196,2,0.0,93.5
11197,9,0.1111111111111111,400.55555555555554
11198,32,0.07459677419354839,383.375
11199,0,0.0,0.0
11200,12,0.06060606060606061,164.16666666666666
11201,239,0.07612249920888858,379.54811715481173
11202,1,0.0,90.0
11203,10,0.022222222222222223,296.1
11204,5,0.0,249.8
11205,11,0.07272727272727272,350.27272727272725
11206,11,0.10909090909090909,326.54545454545456
11207,4,0.0,201.25
11208,18,0.05228758169934641,368.05555555555554
11209,0,0.0,0.0
11210,2,0.0,100.5
11211,7,0.0,575.7142857142857
11212,6,0.0,377.0
11213,7,0.09523809523809523,285.85714285714283
11214,0,0.0,0.0
11215,6,0.26666666666666666,673.6666666666666
11216,10,0.044444444444444446,476.1
11217,1,0.0,48.0
11218,3,0.0,499.3333333333333
11219,43,0.06866002214839424,376.69767441860466
11220,60,0.07401129943502825,377.43333333333334
11221,1,0.0,626.0
11222,10,0.044444444444444446,433.5
11223,21,0.08095238095238096,361.9047619047619
11224,114,0.07079646017699115,367.2368421052632
11225,79,0.06426484907497566,328.37974683544303
11226,20,0.21578947368421053,596.55
11227,39,0.1282051282051282,476.46153846153845
11228,0,0.0,0.0
11229,101,0.0805940594059406,410.05940594059405
11230,2,0.0,153.0
11231,17,0.03676470588235294,278.1764705882353
11232,31,0.12258064516129032,458.03225806451616
11233,285,0.06389918458117123,349.2421052631579
11234,10,0.06666666666666667,279.6
11235,16,0.06666666666666667,376.25
11236,15,0.0,139.8
11237,18,0.0392156862745098,294.1666666666667
11238,30,0.03908045977011494,307.4
11239,14,0.01098901098901099,246.21428571428572
11240,18,0.0457516339869281,358.3333333333333
11241,0,0.0,0.0
11242,1,0.0,67.0
11243,32,0.07056451612903226,403.46875
11244,0,0.0,0.0
11245,31,0.07956989247311828,398.35483870967744
11246,1,0.0,233.0
11247,5,0.0,247.0
11248,156,0.06377171215880893,344.86538461538464
11249,11,0.07272727272727272,418.1818181818182
11250,148,0.07078507078507079,370.05405405405406
11251,17,0.03676470588235294,323.70588235294116
11252,130,0.08813357185450209,401.9307692307692
11253,499,0.08301744050349695,398.0480961923848
11254,49,0.045068027210884355,308.0
11255,513,0.07106633771929824,368.0740740740741
11256,194,0.073340099353667,371.37113402061857
11257,6,0.2,647.8333333333334
11258,271,0.0949842831761651,426.2841328413284
11259,5,0.3,551.0
11260,399,0.07711489779725696,387.37092731829574
11261,25,0.10333333333333333,429.24
11262,16,0.05,257.1875
11263,58,0.08287961282516637,408.6551724137931
11264,30,0.06666666666666667,331.6666666666667
11265,0,0.0,0.0
11266,18,0.08496732026143791,455.3888888888889
11267,1125,0.0703582443653618,365.54133333333334
11268,13,0.08974358974358974,423.38461538461536
11269,1,0.0,20.0
11270,121,0.08925619834710743,416.7603305785124
11271,77,0.06630211893369788,354.68831168831167
11272,38,0.07539118065433854,343.2105263157895
11273,2,0.0,840.0
11274,50,0.0636734693877551,370.98
11275,2,0.0,206.5
11276,441,0.0911873840445269,419.59410430839
11277,1,0.0,107.0
11278,108,0.06905503634475597,364.99074074074076
11279,362,0.0705529453176413,369.646408839779
11280,6,0.0,476.0
11281,4,0.16666666666666666,267.25
11282,3,1.0,679.3333333333334
11283,3,0.0,193.0
11284,26,0.16615384615384615,528.4615384615385
11285,16,0.008333333333333333,217.8125
11286,22,0.05627705627705628,378.45454545454544
11287,99,0.0676149247577819,376.2828282828283
11288,8,0.07142857142857142,432.5
11289,120,0.0665266106442577,351.44166666666666
11290,292,0.08440427434919738,407.0239726027397
11291,2,1.0,811.5
11292,2,0.0,93.0
11293,0,0.0,0.0
11294,2,0.0,640.0
11295,0,0.0,0.0
11296,1,0.0,243.0
11297,68,0.05223880597014925,308.80882352941177
11298,61,0.08579234972677596,411.7704918032787
11299,12,0.16666666666666666,562.0
11300,68,0.06935908691834942,349.63235294117646
11301,14,0.08791208791208792,308.7857142857143
11302,2,0.0,292.5
11303,0,0.0,0.0
11304,66,0.10862470862470862,457.030303030303
11305,386,0.08813673373258865,415.440414507772
11306,174,0.07062653644276128,374.7068965517241
11307,0,0.0,0.0
11308,11,0.16363636363636364,537.7272727272727
11309,87,0.07484629778134189,378.95402298850576
11310,58,0.07017543859649122,391.2586206896552
11311,57,0.046992481203007516,301.2631578947368
11312,18,0.09803921568627451,428.8888888888889
11313,11,0.05454545454545454,245.63636363636363
11314,11,0.07272727272727272,450.6363636363636
11315,14,0.03296703296703297,262.64285714285717
11316,15,0.0761904761904762,426.46666666666664
11317,44,0.042283298097251586,299.09090909090907
11318,498,0.0726851066236778,373.66465863453817
11319,2,1.0,639.0
11320,0,0.0,0.0
11321,8,0.07142857142857142,356.125
11322,186,0.07439697762278408,385.6774193548387
11323,18,0.06535947712418301,352.94444444444446
11324,7,0.047619047619047616,481.85714285714283
11325,45,0.07575757575757576,387.1111111111111
11326,114,0.08026703927961497,401.3333333333333
11327,2,0.0,559.5
11328,4,0.16666666666666666,316.0
11329,31,0.10752688172043011,442.16129032258067
11330,59,0.06954997077732321,382.6271186440678
11331,12,0.09090909090909091,455.3333333333333
11332,99,0.05813234384662956,340.1111111111111
11333,88,0.07262277951933124,370.8068181818182
11334,888,0.06831662553195811,360.161036036036
11335,23,0.07509881422924901,433.6521739130435
11336,11,0.12727272727272726,395.54545454545456
11337,124,0.08261211644374508,406.6693548387097
11338,80,0.07563291139240506,370.5625
11339,0,0.0,0.0
11340,1,0.0,9.0
11341,5,0.0,185.0
11342,10,0.13333333333333333,638.7
11343,43,0.05094130675526024,328.8139534883721
11344,805,0.0763357127406446,381.0086956521739
11345,114,0.0647414997671169,361.2543859649123
11346,23,0.05138339920948617,302.2173913043478
11347,6,0.0,210.33333333333334
11348,8,0.14285714285714285,482.625
11349,19,0.08771929824561403,410.7368421052632
11350,68,0.11589113257243196,437.0
11351,0,0.0,0.0
11352,0,0.0,0.0
11353,2,1.0,507.0
11354,3,0.0,423.3333333333333
11355,79,0.07724764686790003,397.17721518987344
11356,178,0.07884212530946487,384.24719101123594
11357,0,0.0,0.0
11358,23,0.06719367588932806,361.9130434782609
11359,5,0.0,280.8
11360,14,0.04395604395604396,291.0
11361,10,0.022222222222222223,283.6
11362,217,0.08145587984297661,395.3824884792627
11363,5,0.1,184.4
11364,86,0.06511627906976744,367.1279069767442
11365,26,0.08923076923076922,367.61538461538464
11366,78,0.07192807192807193,361.6025641025641
11367,17,0.03676470588235294,278.29411764705884
11368,19,0.04093567251461988,326.0
11369,1,0.0,491.0
11370,253,0.0971516406299015,436.09090909090907
11371,5,0.1,425.4
11372,72,0.06572769953051644,353.0138888888889
11373,138,0.06505871152015233,369.0072463768116
11374,14,0.0989010989010989,536.9285714285714
11375,6,0.0,279.0
11376,0,0.0,0.0
11377,158,0.09046198500362815,413.9240506329114
11378,56,0.06493506493506493,359.7857142857143
11379,26,0.07384615384615385,358.53846153846155
11380,1,0.0,442.0
11381,0,0.0,0.0
11382,463,0.07777247950034127,391.34557235421164
11383,111,0.06961506961506962,355.76576576576576
11384,86,0.0826265389876881,399.2674418604651
11385,3,0.0,299.6666666666667
11386,36,0.09047619047619047,414.5
11387,1,0.0,31.0
11388,50,0.05714285714285714,342.96
11389,23,0.023715415019762844,302.0
11390,1169,0.06730374866704947,358.5551753635586
11391,36,0.06349206349206349,373.9166666666667
11392,0,0.0,0.0
11393,32,0.1028225806451613,451.65625
11394,55,0.06531986531986532,348.25454545454545
11395,2,0.0,615.5
11396,170,0.08144796380090498,400.48823529411766
11397,253,0.09988079553296944,440.60474308300394
11398,4,0.0,401.25
11399,30,0.06666666666666667,351.6333333333333
11400,2,1.0,698.0
11401,0,0.0,0.0
11402,1,0.0,685.0
11403,9,0.05555555555555555,461.77777777777777
11404,187,0.07538381921683629,380.6844919786096
11405,81,0.11049382716049383,431.5432098765432
11406,87,0.07484629778134189,384.264367816092
11407,17,0.03676470588235294,307.0
11408,4,0.0,249.5
11409,783,0.08211253850199084,395.7471264367816
11410,63,0.06605222734254992,358.95238095238096
11411,2,0.0,431.0
11412,27,0.045584045584045586,353.77777777777777
11413,9,0.0,347.8888888888889
11414,92,0.09221213569039656,418.4891304347826
11415,0,0.0,0.0
11416,182,0.07910873656730011,389.6373626373626
11417,4,0.0,361.0
11418,471,0.09377061029046393,421.98513800424627
11419,204,0.06877233652081523,362.86764705882354
11420,240,0.07820781032078103,387.40416666666664
11421,87,0.06709435979684576,362.71264367816093
11422,0,0.0,0.0
11423,103,0.07252998286693318,383.4271844660194
11424,5,0.5,634.2
11425,5,0.0,287.2
11426,1,0.0,350.0
11427,20,0.05789473684210526,301.0
11428,388,0.07576120834332295,383.7783505154639
11429,222,0.08568749745220333,407.5900900900901
11430,73,0.11453576864535768,459.82191780821915
11431,0,0.0,0.0
11432,245,0.07822014051522248,389.2326530612245
11433,17,0.1323529411764706,505.05882352941177
11434,37,0.03753753753753754,340.86486486486484
11435,5,0.2,700.0
11436,66,0.06386946386946386,336.04545454545456
11437,41,0.06829268292682927,401.7317073170732
11438,197,0.11504195586864187,477.33502538071065
11439,19,0.029239766081871343,241.3684210526316
11440,0,0.0,0.0
11441,128,0.07012795275590551,365.96875
11442,14,0.06593406593406594,354.57142857142856
11443,210,0.11246297562087036,465.68095238095236
11444,439,0.08401202400640725,403.14578587699316
11445,54,0.05520614954577219,303.68518518518516
11446,29,0.08620689655172414,407.0
11447,4,0.16666666666666666,369.25
11448,0,0.0,0.0
11449,243,0.08237254701901167,403.1440329218107
11450,0,0.0,0.0
11451,5,0.2,728.8
11452,1,0.0,36.0
11453,63,0.06912442396313365,349.3015873015873
11454,0,0.0,0.0
11455,9,0.027777777777777776,357.8888888888889
11456,9,0.1388888888888889,491.8888888888889
11457,467,0.09010118462287821,414.169164882227
11458,20,0.06842105263157895,332.7
11459,0,0.0,0.0
11460,0,0.0,0.0
11461,119,0.09015809713715994,431.672268907563
11462,122,0.08684460100257417,406.3196721311475
11463,29,0.07142857142857142,361.0344827586207
11464,0,0.0,0.0
11465,633,0.08223848661187434,398.3696682464455
11466,0,0.0,0.0
11467,30,0.08735632183908046,396.7
11468,63,0.05837173579109063,340.63492063492066
11469,0,0.0,0.0
11470,30,0.10114942528735632,460.46666666666664
11471,342,0.08029359812042325,394.70175438596493
11472,12,0.015151515151515152,301.5833333333333
11473,300,0.09012263099219621,408.8
11474,2,0.0,556.5
11475,215,0.07572266898500327,384.28837209302327
11476,8,0.0,205.75
11477,31,0.08602150537634409,346.0967741935484
11478,11,0.09090909090909091,395.09090909090907
11479,650,0.07689937181462606,383.3430769230769
11480,4,0.0,595.5
11481,2,0.0,112.5
11482,495,0.0928311454627244,424.66464646464647
11483,9,0.1111111111111111,540.8888888888889
11484,49,0.047619047619047616,282.265306122449
11485,5,0.0,452.6
11486,206,0.07738574473123372,383.378640776699
11487,0,0.0,0.0
11488,29,0.07389162561576355,355.8965517241379
11489,0,0.0,0.0
11490,7,0.09523809523809523,527.8571428571429
11491,138,0.0829366338728446,390.21014492753625
11492,907,0.07175974941039888,369.81477398015437
11493,2,1.0,793.0
11494,359,0.09439629012931638,427.32311977715875
11495,0,0.0,0.0
11496,2,0.0,231.5
11497,1,0.0,684.0
11498,9,0.0,289.6666666666667
11499,21,0.10476190476190476,430.14285714285717
11500,0,0.0,0.0
11501,0,0.0,0.0
11502,6,0.06666666666666667,307.0
11503,10,0.06666666666666667,450.1
11504,30,0.05517241379310345,303.2
11505,165,0.07102734663710274,373.1272727272727
11506,7,0.23809523809523808,389.0
11507,10,0.08888888888888889,464.7
11508,8,0.14285714285714285,433.75
11509,4,0.3333333333333333,687.25
11510,19,0.05263157894736842,330.57894736842104
11511,1122,0.0685662311311679,361.27985739750443
11512,29,0.08866995073891626,399.41379310344826
11513,29,0.027093596059113302,263.82758620689657
11514,100,0.0692929292929293,369.32
11515,29,0.0665024630541872,358.82758620689657
11516,4,0.3333333333333333,653.75
11517,179,0.07727073002322515,381.9888268156425
11518,0,0.0,0.0
11519,316,0.08975286317058469,415.73417721518985
11520,709,0.07806809941590367,387.657263751763
11521,28,0.047619047619047616,326.2857142857143
11522,0,0.0,0.0
11523,206,0.07497040018943879,380.9466019417476
11524,0,0.0,0.0
11525,0,0.0,0.0
11526,6,0.06666666666666667,402.6666666666667
11527,45,0.06767676767676768,373.31111111111113
11528,0,0.0,0.0
11529,40,0.07051282051282051,357.025
11530,4,0.16666666666666666,488.5
11531,12,0.09090909090909091,432.75
11532,6,0.06666666666666667,358.3333333333333
11533,4,0.3333333333333333,445.75
11534,1,0.0,91.0
11535,0,0.0,0.0
11536,192,0.06855366492146597,371.078125
11537,3,0.0,532.6666666666666
11538,154,0.08488243782361429,409.74675324675326
11539,3,0.3333333333333333,446.3333333333333
11540,0,0.0,0.0
11541,7,0.23809523809523808,573.4285714285714
11542,1,0.0,632.0
11543,30,0.1310344827586207,461.2
11544,3,0.0,397.0
11545,6,0.0,577.1666666666666
11546,13,0.08974358974358974,472.38461538461536
11547,48,0.11170212765957446,440.4791666666667
11548,0,0.0,0.0
11549,401,0.07018703241895262,362.4189526184539
11550,16,0.058333333333333334,246.3125
11551,64,0.09672619047619048,432.546875
11552,64,0.08630952380952381,399.640625
11553,20,0.05789473684210526,301.55
11554,17,0.022058823529411766,259.5882352941176
11555,4,0.3333333333333333,459.25
11556,2,0.0,114.0
11557,180,0.09124767225325885,422.59444444444443
11558,0,0.0,0.0
11559,3,0.3333333333333333,544.3333333333334
11560,395,0.07149007260810898,369.8354430379747
11561,127,0.08223972003499562,389.29133858267716
11562,683,0.07328802119337235,374.8125915080527
11563,2,0.0,583.0
11564,0,0.0,0.0
11565,108,0.0680166147455867,345.3703703703704
11566,0,0.0,0.0
11567,1,0.0,53.0
11568,169,0.07678219216680755,386.603550295858
11569,95,0.06338185890257558,335.93684210526317
11570,12,0.07575757575757576,431.8333333333333
11571,0,0.0,0.0
11572,21,0.03333333333333333,269.42857142857144
11573,68,0.1044776119402985,447.0882352941176
11574,49,0.07653061224489796,403.0204081632653
11575,0,0.0,0.0
11576,2,0.0,498.0
11577,20,0.09473684210526316,450.1
11578,54,0.0593990216631726,337.24074074074076
11579,71,0.06921529175050302,354.80281690140845
11580,11,0.05454545454545454,420.72727272727275
11581,32,0.08064516129032258,397.1875
11582,1,0.0,68.0
11583,141,0.07993920972644376,386.2695035460993
11584,564,0.0886965723139715,413.4166666666667
11585,41,0.05,325.7073170731707
11586,0,0.0,0.0
11587,5,0.1,404.2
11588,48,0.06382978723404255,361.8958333333333
11589,62,0.04918032786885246,315.30645161290323
11590,35,0.040336134453781515,352.6
11591,3,0.0,370.0
11592,37,0.0990990990990991,460.5945945945946
11593,47,0.08140610545790934,403.7659574468085
11594,42,0.09407665505226481,413.5238095238095
11595,12,0.030303030303030304,278.3333333333333
11596,66,0.08717948717948718,411.72727272727275
11597,5,0.2,544.4
11598,21,0.02857142857142857,292.76190476190476
11599,26,0.12615384615384614,493.03846153846155
11600,1,0.0,151.0
11601,518,0.08515865962674474,404.86872586872585
11602,12,0.06060606060606061,338.0
11603,27,0.08831908831908832,408.4074074074074
11604,0,0.0,0.0
11605,8,0.03571428571428571,469.375
11606,15,0.12380952380952381,452.06666666666666
11607,18,0.12418300653594772,396.0
11608,7,0.23809523809523808,576.0
11609,44,0.08456659619450317,421.47727272727275
11610,824,0.07715379442956741,385.1104368932039
11611,32,0.12298387096774194,437.8125
11612,6,0.13333333333333333,577.8333333333334
11613,24,0.06884057971014493,357.1666666666667
11614,11,0.07272727272727272,479.45454545454544
11615,7,0.2857142857142857,751.5714285714286
11616,11,0.10909090909090909,354.90909090909093
11617,82,0.09786208973200843,446.1341463414634
11618,39,0.05263157894736842,355.71794871794873
11619,13,0.08974358974358974,440.6923076923077
11620,0,0.0,0.0
11621,1,0.0,785.0
11622,58,0.05323653962492438,304.36206896551727
11623,0,0.0,0.0
11624,13,0.038461538461538464,433.0
11625,2,0.0,266.0
11626,0,0.0,0.0
11627,0,0.0,0.0
11628,71,0.07605633802816901,369.38028169014086
11629,39,0.08636977058029689,399.1794871794872
11630,52,0.08823529411764706,428.28846153846155
11631,2,0.0,102.0
11632,4,0.16666666666666666,412.5
11633,75,0.06846846846846846,358.56
11634,2,0.0,581.0
11635,56,0.07467532467532467,377.32142857142856
11636,98,0.0858405217757206,412.16326530612247
11637,6,0.06666666666666667,506.8333333333333
11638,11,0.03636363636363636,246.36363636363637
11639,3,0.0,340.0
11640,6,0.3333333333333333,658.8333333333334
11641,1,0.0,147.0
11642,0,0.0,0.0
11643,11,0.09090909090909091,527.0
11644,944,0.07155534985710947,369.80402542372883
11645,1,0.0,59.0
11646,0,0.0,0.0
11647,0,0.0,0.0
11648,171,0.07636738906088751,385.16959064327483
11649,60,0.07005649717514124,394.96666666666664
11650,16,0.06666666666666667,383.25
11651,84,0.09007458405048767,419.9761904761905
11652,11,0.10909090909090909,603.6363636363636
11653,29,0.06896551724137931,334.13793103448273
11654,29,0.059113300492610835,340.13793103448273
11655,123,0.07290417166466746,363.4471544715447
11656,1421,0.06707932323002051,356.81140042223785
11657,919,0.08285504989083047,398.519042437432
11658,175,0.069688013136289,363.9371428571429
11659,17,0.058823529411764705,371.88235294117646
11660,291,0.09569854248133665,425.16838487972507
11661,115,0.09000762776506484,419.6521739130435
11662,73,0.07039573820395738,382.2739726027397
11663,3,0.0,187.0
11664,87,0.07110398289227479,384.5057471264368
11665,200,0.056733668341708544,333.83
11666,93,0.07503506311360449,375.494623655914
11667,0,0.0,0.0
11668,618,0.08234855994922713,397.34466019417476
11669,49,0.06547619047619048,385.3469387755102
11670,1,0.0,6.0
11671,1,0.0,276.0
11672,18,0.0392156862745098,193.11111111111111
11673,54,0.10062893081761007,455.48148148148147
11674,0,0.0,0.0
11675,36,0.05873015873015873,368.97222222222223
11676,79,0.0483609217786433,306.88607594936707
11677,178,0.06963752935948708,364.2022471910112
11678,20,0.07894736842105263,454.15
11679,10,0.13333333333333333,470.6
11680,5,0.1,246.4
11681,128,0.08033956692913385,383.671875
11682,0,0.0,0.0
11683,9,0.05555555555555555,298.1111111111111
11684,17,0.14705882352941177,489.8235294117647
11685,31,0.1010752688172043,421.9032258064516
11686,32,0.14516129032258066,508.09375
11687,64,0.06299603174603174,337.453125
11688,6,0.0,166.16666666666666
11689,630,0.07992530345471521,390.9174603174603
11690,61,0.09344262295081968,422.95081967213116
11691,39,0.09041835357624832,432.84615384615387
11692,0,0.0,0.0
11693,29,0.08620689655172414,397.55172413793105
11694,494,0.06997560995639356,366.81781376518217
11695,27,0.05413105413105413,374.81481481481484
11696,301,0.08155038759689923,392.81063122923587
11697,44,0.07928118393234672,381.6136363636364
11698,3,0.0,432.3333333333333
11699,95,0.07010078387458006,375.5052631578947
11700,0,0.0,0.0
11701,3,0.0,241.33333333333334
11702,363,0.07445626531513021,372.6418732782369
11703,34,0.040998217468805706,273.0882352941176
11704,22,0.03463203463203463,279.0
11705,17,0.16176470588235295,637.5882352941177
11706,40,0.07564102564102564,437.875
11707,68,0.06628621597892889,358.97058823529414
11708,59,0.09351256575102279,422.0169491525424
11709,76,0.08315789473684211,403.10526315789474
11710,14,0.14285714285714285,473.2142857142857
11711,10,0.06666666666666667,312.8
11712,24,0.12318840579710146,558.25
11713,23,0.07114624505928854,368.2608695652174
11714,10,0.1111111111111111,383.9
11715,82,0.06112616681722373,334.5365853658537
11716,54,0.05870020964360587,360.3333333333333
11717,0,0.0,0.0
11718,19,0.0935672514619883,384.3157894736842
11719,83,0.0490743461651484,298.68674698795184
11720,895,0.07433292090035369,376.99441340782124
11721,33,0.06818181818181818,377.6363636363636
11722,509,0.08889593614157759,415.72102161100196
11723,22,0.13852813852813853,505.09090909090907
11724,12,0.09090909090909091,380.9166666666667
11725,8,0.0,262.125
11726,1,0.0,38.0
11727,36,0.046031746031746035,279.97222222222223
11728,103,0.08585570150390254,414.79611650485435
11729,101,0.09267326732673267,415.56435643564356
11730,2,0.0,239.0
11731,1,0.0,206.0
11732,21,0.07142857142857142,437.0952380952381
11733,91,0.0884004884004884,421.6923076923077
11734,0,0.0,0.0
11735,0,0.0,0.0
11736,21,0.0380952380952381,215.85714285714286
11737,7,0.0,413.42857142857144
11738,7,0.047619047619047616,433.14285714285717
11739,2,0.0,238.0
11740,672,0.08192285856220283,398.39136904761904
11741,13,0.0641025641025641,430.9230769230769
11742,160,0.0936320754716981,430.74375
11743,0,0.0,0.0
11744,0,0.0,0.0
11745,0,0.0,0.0
11746,1,0.0,173.0
11747,40,0.09102564102564102,368.575
11748,6,0.06666666666666667,451.5
11749,38,0.03982930298719772,283.63157894736844
11750,6,0.13333333333333333,458.1666666666667
11751,0,0.0,0.0
11752,34,0.0962566844919786,420.29411764705884
11753,167,0.07301060529543323,381.94011976047904
11754,6,0.2,346.8333333333333
11755,17,0.08823529411764706,357.3529411764706
11756,8,0.0,241.625
11757,4,0.0,335.75
11758,5,0.1,460.4
11759,254,0.06408141670038281,351.7755905511811
11760,47,0.06567992599444958,382.4255319148936
11761,1,0.0,694.0
11762,4,0.3333333333333333,473.75
11763,33,0.04734848484848485,305.8787878787879
11764,4,0.0,133.75
11765,84,0.055077452667814115,321.2261904761905
11766,10,0.044444444444444446,502.0
11767,78,0.0656010656010656,372.34615384615387
11768,4,0.3333333333333333,654.5
11769,59,0.11981297486849796,476.47457627118644
11770,7,0.047619047619047616,222.28571428571428
11771,10,0.0,191.3
11772,22,0.04329004329004329,232.54545454545453
11773,201,0.07388059701492537,363.59203980099505
11774,8,0.10714285714285714,500.75
11775,593,0.08530832687662367,403.7352445193929
11776,12,0.0,311.75
11777,94,0.09242736215968886,416.02127659574467
11778,19,0.0,195.05263157894737
11779,0,0.0,0.0
11780,14,0.03296703296703297,265.64285714285717
11781,0,0.0,0.0
11782,889,0.07505649631633883,379.08548931383575
11783,72,0.07120500782472614,374.69444444444446
11784,1,0.0,354.0
11785,61,0.06775956284153005,398.24590163934425
11786,18,0.0718954248366013,401.05555555555554
11787,168,0.07620473339036213,384.67261904761904
11788,227,0.0795680480293166,388.08810572687224
11789,0,0.0,0.0
11790,13,0.05128205128205128,240.0
11791,4,0.0,721.5
11792,31,0.0989247311827957,404.19354838709677
11793,113,0.10556257901390645,447.7079646017699
11794,7,0.14285714285714285,434.42857142857144
11795,14,0.12087912087912088,354.35714285714283
11796,336,0.09442075337597726,428.2559523809524
11797,0,0.0,0.0
11798,8,0.03571428571428571,263.25
11799,12,0.06060606060606061,378.5
11800,11,0.05454545454545454,305.0
11801,2,0.0,189.0
11802,13,0.21794871794871795,572.0769230769231
11803,0,0.0,0.0
11804,22,0.08225108225108226,335.54545454545456
11805,8,0.07142857142857142,378.125
11806,541,0.0794550557951667,388.9075785582255
11807,0,0.0,0.0
11808,74,0.0547945205479452,306.7567567567568
11809,4,0.16666666666666666,484.0
11810,29,0.054187192118226604,362.7931034482759
11811,706,0.07828742490908726,387.0084985835694
11812,411,0.08722331018930628,408.20924574209243
11813,1,0.0,413.0
11814,0,0.0,0.0
11815,113,0.07348293299620733,359.3893805309734
11816,209,0.07903938167096061,394.89473684210526
11817,2,0.0,361.0
11818,116,0.0967016491754123,431.37931034482756
11819,56,0.07662337662337662,403.82142857142856
11820,7,0.0,400.57142857142856
11821,1,0.0,292.0
11822,27,0.039886039886039885,367.6666666666667
11823,1,0.0,182.0
11824,707,0.0862640290738908,406.44695898161245
11825,6,0.2,501.0
11826,129,0.10138081395348837,446.27131782945736
11827,19,0.05263157894736842,331.05263157894734
11828,3,0.0,176.0
11829,30,0.04367816091954023,298.56666666666666
11830,8,0.07142857142857142,380.875
11831,8,0.17857142857142858,438.875
11832,11,0.03636363636363636,346.09090909090907
11833,4,0.0,245.75
11834,120,0.05546218487394958,332.3333333333333
11835,0,0.0,0.0
11836,68,0.0636523266022827,329.0882352941176
11837,583,0.08376509699209563,397.3996569468268
11838,8,0.07142857142857142,273.875
11839,18,0.1568627450980392,609.6666666666666
11840,4,0.16666666666666666,437.0
11841,57,0.05701754385964912,322.87719298245617
11842,124,0.07776029373196958,383.39516129032256
11843,2,0.0,367.0
11844,44,0.06765327695560254,350.95454545454544
11845,10,0.1111111111111111,412.0
11846,11,0.07272727272727272,368.54545454545456
11847,4,0.16666666666666666,577.5
11848,8,0.21428571428571427,618.625
11849,4,0.0,430.5
11850,12,0.07575757575757576,421.9166666666667
11851,213,0.09318805917264594,424.28169014084506
11852,716,0.08458413095284603,402.55167597765364
11853,2,0.0,611.5
11854,42,0.08013937282229965,421.6190476190476
11855,22,0.08658008658008658,410.1818181818182
11856,8,0.0,319.125
11857,27,0.13105413105413105,537.4814814814815
11858,5,0.2,380.0
11859,105,0.06483516483516484,349.76190476190476
11860,2,0.0,255.0
11861,10,0.13333333333333333,554.1
11862,16,0.05,385.0
11863,100,0.06343434343434344,344.54
11864,0,0.0,0.0
11865,123,0.06424097027855524,343.5284552845528
11866,30,0.05747126436781609,354.2
11867,14,0.06593406593406594,421.7857142857143
11868,0,0.0,0.0
11869,2,0.0,665.5
11870,11,0.01818181818181818,266.3636363636364
11871,46,0.043478260869565216,310.5652173913044
11872,325,0.07487179487179488,375.8892307692308
11873,17,0.11764705882352941,513.8235294117648
11874,53,0.07039187227866474,354.60377358490564
11875,152,0.07851167654234925,386.8157894736842
11876,23,0.07114624505928854,450.4347826086956
11877,56,0.11103896103896103,487.5357142857143
11878,20,0.14736842105263157,480.8
11879,683,0.07337389385280567,376.0644216691069
11880,4,0.0,225.0
11881,1,0.0,470.0
11882,167,0.08080225091984705,387.96407185628743
11883,0,0.0,0.0
11884,10,0.022222222222222223,374.7
11885,313,0.08681494224625215,404.57507987220447
11886,1,0.0,46.0
11887,47,0.09898242368177614,448.51063829787233
11888,14,0.04395604395604396,277.0
11889,8,0.07142857142857142,450.5
11890,3,0.0,423.6666666666667
11891,17,0.11764705882352941,376.29411764705884
11892,10,0.022222222222222223,294.5
11893,1,0.0,913.0
11894,45,0.1414141414141414,498.9111111111111
11895,29,0.054187192118226604,385.2068965517241
11896,50,0.10612244897959183,444.74
11897,826,0.0807454692200455,393.9515738498789
11898,3,0.0,439.6666666666667
11899,94,0.11461908030199039,467.56382978723406
11900,4,0.0,333.75
11901,64,0.05952380952380952,355.53125
11902,20,0.06842105263157895,325.15
11903,8,0.10714285714285714,417.0
11904,3,0.0,433.0
11905,6,0.0,424.8333333333333
11906,0,0.0,0.0
11907,390,0.07200580054050491,367.5
11908,10,0.022222222222222223,236.9
11909,46,0.07922705314009662,385.0
11910,3,0.3333333333333333,476.6666666666667
11911,19,0.11695906432748537,519.421052631579
11912,4,0.0,155.75
11913,467,0.08854803282756339,410.92077087794434
11914,6,0.0,239.33333333333334
11915,14,0.054945054945054944,409.85714285714283
11916,477,0.07888060884731252,386.4842767295597
11917,239,0.07429415280756654,383.0460251046025
11918,0,0.0,0.0
11919,10,0.13333333333333333,601.7
11920,4,0.0,118.75
11921,132,0.07205644228544993,372.47727272727275
11922,1,0.0,352.0
11923,314,0.08658757453043284,407.26751592356686
11924,400,0.09179197994987469,418.3525
11925,5,0.0,522.8
11926,4,0.0,163.75
11927,4,0.0,501.0
11928,2,0.0,222.5
11929,1,0.0,394.0
11930,5,0.0,448.8
11931,66,0.05174825174825175,317.07575757575756
11932,275,0.09284671532846715,426.1127272727273
11933,3,0.6666666666666666,804.0
11934,1,0.0,863.0
11935,2,0.0,507.0
11936,20,0.042105263157894736,290.2
11937,44,0.03382663847780127,250.72727272727272
11938,1,0.0,114.0
11939,1,0.0,14.0
11940,0,0.0,0.0
11941,24,0.04710144927536232,323.125
11942,163,0.08369310005301825,402.6134969325153
11943,0,0.0,0.0
11944,50,0.07346938775510205,361.44
11945,16,0.058333333333333334,374.9375
11946,33,0.06818181818181818,400.0
11947,2,0.0,124.5
11948,20,0.1,461.9
11949,32,0.08064516129032258,402.1875
11950,22,0.05194805194805195,339.09090909090907
11951,7,0.09523809523809523,484.0
11952,2,0.0,753.0
11953,5,0.3,254.4
11954,70,0.11635610766045548,460.4
11955,262,0.08715743909215876,411.50763358778624
11956,0,0.0,0.0
11957,695,0.07921962142101881,391.7597122302158
11958,0,0.0,0.0
11959,15,0.02857142857142857,248.73333333333332
11960,40,0.05128205128205128,329.375
11961,40,0.11025641025641025,473.05
11962,45,0.07878787878787878,377.75555555555553
11963,33,0.0946969696969697,447.1818181818182
11964,69,0.07971014492753623,369.82608695652175
11965,30,0.05057471264367816,340.26666666666665
11966,4,0.0,336.5
11967,99,0.10451453308596166,449.0808080808081
11968,6,0.3333333333333333,782.3333333333334
11969,0,0.0,0.0
11970,25,0.09,404.76
11971,557,0.0922787802074319,424.05924596050266
11972,380,0.08920983196778225,414.40263157894736
11973,13,0.1282051282051282,553.4615384615385
11974,107,0.05554575912537471,330.21495327102804
11975,3,0.0,52.666666666666664
11976,11,0.03636363636363636,332.6363636363636
11977,155,0.06853791369920402,366.61290322580646
11978,13,0.038461538461538464,309.15384615384613
11979,2,0.0,247.5
11980,21,0.11428571428571428,492.3809523809524
11981,0,0.0,0.0
11982,0,0.0,0.0
11983,1,0.0,200.0
11984,13,0.08974358974358974,459.7692307692308
11985,17,0.125,509.3529411764706
11986,34,0.09803921568627451,417.11764705882354
11987,13,0.15384615384615385,526.9230769230769
11988,1,0.0,834.0
11989,26,0.12615384615384614,461.0769230769231
11990,20,0.08421052631578947,386.15
11991,87,0.09810211173483026,450.48275862068965
11992,41,0.05,336.4146341463415
11993,2,0.0,128.0
11994,0,0.0,0.0
11995,0,0.0,0.0
11996,1,0.0,2.0
11997,0,0.0,0.0
11998,107,0.07265032622112502,379.2897196261682
11999,1,0.0,66.0
12000,0,0.0,0.0
12001,1096,0.0655317801553178,352.41970802919707
12002,4,0.0,435.0
12003,30,0.08735632183908046,371.8666666666667
12004,0,0.0,0.0
12005,0,0.0,0.0
12006,9,0.027777777777777776,182.77777777777777
12007,0,0.0,0.0
12008,0,0.0,0.0
12009,29,0.046798029556650245,309.7241379310345
12010,208,0.05704199182460052,337.27884615384613
12011,10,0.06666666666666667,418.7
12012,229,0.08902168083965371,409.5764192139738
12013,52,0.08220211161387632,395.03846153846155
12014,0,0.0,0.0
12015,1,0.0,1422.0
12016,279,0.06908021969521157,364.72759856630825
12017,327,0.08412600138834168,404.14373088685016
12018,0,0.0,0.0
12019,31,0.023655913978494623,252.3548387096774
12020,82,0.09063535079795243,420.1463414634146
12021,2,0.0,478.0
12022,337,0.08358061325420375,402.893175074184
12023,79,0.08471275559883155,406.9620253164557
12024,11,0.05454545454545454,377.8181818181818
12025,205,0.09612625538020086,437.4341463414634
12026,0,0.0,0.0
12027,36,0.09047619047619047,442.6666666666667
12028,28,0.0582010582010582,329.17857142857144
12029,0,0.0,0.0
12030,21,0.047619047619047616,385.9047619047619
12031,98,0.06921944035346098,374.8061224489796
12032,0,0.0,0.0
12033,7,0.0,234.85714285714286
12034,24,0.07608695652173914,399.25
12035,15,0.11428571428571428,395.8666666666667
12036,79,0.07530022719896137,377.0379746835443
12037,9,0.0,234.0
12038,4,0.0,87.75
12039,299,0.08969495634216965,419.3411371237458
12040,0,0.0,0.0
12041,10,0.0,206.3
12042,3,0.3333333333333333,777.0
12043,47,0.09435707678075855,405.4255319148936
12044,8,0.0,345.0
12045,23,0.08300395256916997,384.4347826086956
12046,95,0.06315789473684211,341.09473684210525
12047,65,0.06971153846153846,375.16923076923075
12048,322,0.09320640080493799,424.46894409937886
12049,24,0.08333333333333333,401.0833333333333
12050,1,0.0,327.0
12051,75,0.10234234234234234,457.3066666666667
12052,65,0.08028846153846154,375.33846153846156
12053,19,0.0935672514619883,363.5263157894737
12054,359,0.08523054418698744,406.22562674094706
12055,5,0.1,486.6
12056,30,0.06436781609195402,352.53333333333336
12057,11,0.01818181818181818,239.27272727272728
12058,0,0.0,0.0
12059,537,0.08895466800077823,415.64618249534453
12060,2,0.0,80.0
12061,1,0.0,21.0
12062,0,0.0,0.0
12063,132,0.11265325005783021,466.1818181818182
12064,4,0.0,161.0
12065,147,0.07212748112943808,372.44897959183675
12066,28,0.05026455026455026,335.67857142857144
12067,2,0.0,342.0
12068,0,0.0,0.0
12069,121,0.06859504132231405,367.3223140495868
12070,468,0.085277915042369,404.44017094017096
12071,10,0.06666666666666667,382.5
12072,1,0.0,263.0
12073,0,0.0,0.0
12074,30,0.11494252873563218,450.93333333333334
12075,18,0.1111111111111111,421.77777777777777
12076,23,0.15810276679841898,515.6086956521739
12077,1250,0.06317117694155325,346.244
12078,31,0.06451612903225806,309.4193548387097
12079,2,0.0,383.0
12080,205,0.08335724533715926,407.8243902439024
12081,117,0.06424992631889184,349.85470085470087
12082,285,0.08932542624166048,417.9824561403509
12083,6,0.13333333333333333,565.8333333333334
12084,21,0.06666666666666667,393.14285714285717
12085,2,0.0,95.0
12086,458,0.08686803053901943,407.7292576419214
12087,139,0.08372432488791576,407.55395683453236
12088,1,0.0,339.0
12089,63,0.08397337429595494,408.7142857142857
12090,1,0.0,331.0
12091,1,0.0,362.0
12092,3,0.3333333333333333,445.6666666666667
12093,22,0.0735930735930736,430.5
12094,35,0.0907563025210084,427.8857142857143
12095,707,0.07741684730998394,384.3168316831683
12096,14,0.02197802197802198,247.64285714285714
12097,9,0.05555555555555555,430.1111111111111
12098,31,0.053763440860215055,321.16129032258067
12099,2,0.0,292.5
12100,111,0.05536445536445536,318.76576576576576
12101,52,0.06334841628959276,344.0
12102,28,0.06878306878306878,378.57142857142856
12103,1,0.0,25.0
12104,20,0.05789473684210526,346.65
12105,68,0.07243195785776997,385.1029411764706
12106,245,0.09682167949146872,435.40408163265306
12107,13,0.10256410256410256,415.84615384615387
12108,45,0.0595959595959596,339.9111111111111
12109,24,0.04710144927536232,348.375
12110,7,0.09523809523809523,460.85714285714283
12111,8,0.0,308.875
12112,24,0.14855072463768115,588.3333333333334
12113,20,0.08421052631578947,415.7
12114,0,0.0,0.0
12115,562,0.07740372111316218,387.38078291814946
12116,26,0.13846153846153847,493.9230769230769
12117,816,0.07500902201371346,379.40808823529414
12118,0,0.0,0.0
12119,903,0.07095343680709534,368.1273532668882
12120,4,0.0,420.5
12121,57,0.06892230576441102,348.7894736842105
12122,36,0.09047619047619047,420.3611111111111
12123,10,0.022222222222222223,239.5
12124,76,0.07192982456140351,375.30263157894734
12125,86,0.106703146374829,432.1046511627907
12126,7,0.0,291.42857142857144
12127,180,0.08547486033519552,397.6277777777778
12128,6,0.0,198.66666666666666
12129,7,0.0,232.85714285714286
12130,6,0.06666666666666667,263.8333333333333
12131,34,0.06951871657754011,384.6470588235294
12132,37,0.06006006006006006,355.81081081081084
12133,0,0.0,0.0
12134,8,0.07142857142857142,314.0
12135,16,0.23333333333333334,678.25
12136,130,0.05819916517590936,331.5153846153846
12137,13,0.038461538461538464,327.0
12138,22,0.04329004329004329,298.59090909090907
12139,5,0.0,201.4
12140,79,0.0934761441090555,413.3164556962025
12141,31,0.07096774193548387,392.8709677419355
12142,3,0.0,192.66666666666666
12143,118,0.0938722294654498,416.6525423728813
12144,132,0.07471663196854036,378.7348484848485
12145,67,0.055178652193577565,336.4776119402985
12146,32,0.056451612903225805,329.15625
12147,1,0.0,1415.0
12148,204,0.08620689655172414,409.0882352941176
12149,0,0.0,0.0
12150,0,0.0,0.0
12151,6,0.26666666666666666,708.1666666666666
12152,197,0.08427431886460168,406.9492385786802
12153,82,0.08461306835290575,396.1951219512195
12154,57,0.07017543859649122,407.280701754386
12155,0,0.0,0.0
12156,92,0.08313425704730053,410.5217391304348
12157,3,0.0,420.0
12158,433,0.08732144384569326,408.81986143187066
12159,62,0.06451612903225806,373.03225806451616
12160,195,0.08506476341527888,411.08717948717947
12161,63,0.0742447516641065,367.6984126984127
12162,5,0.0,369.6
12163,70,0.05134575569358178,332.1
12164,12,0.09090909090909091,435.25
12165,6,0.06666666666666667,411.5
12166,18,0.0784313725490196,304.3333333333333
12167,6,0.0,70.16666666666667
12168,47,0.0666049953746531,376.0425531914894
12169,243,0.08900452334795769,410.7078189300411
12170,7,0.0,290.0
12171,18,0.058823529411764705,362.6111111111111
12172,1,0.0,408.0
12173,0,0.0,0.0
12174,0,0.0,0.0
12175,0,0.0,0.0
12176,1,0.0,11.0
12177,22,0.030303030303030304,315.1363636363636
12178,7,0.047619047619047616,268.7142857142857
12179,1,0.0,392.0
12180,227,0.07025067248840201,362.74449339207047
12181,3,0.0,453.6666666666667
12182,3,0.0,140.33333333333334
12183,14,0.12087912087912088,568.4285714285714
12184,139,0.08768637264101763,415.568345323741
12185,4,0.0,234.25
12186,15,0.047619047619047616,231.46666666666667
12187,1,0.0,205.0
12188,1,0.0,508.0
12189,40,0.03974358974358974,294.475
12190,9,0.08333333333333333,290.3333333333333
12191,11,0.01818181818181818,335.72727272727275
12192,8,0.0,438.875
12193,33,0.07954545454545454,383.09090909090907
12194,239,0.07176259625188988,375.69037656903765
12195,2,0.0,599.0
12196,135,0.06334991708126037,348.94074074074075
12197,6,0.06666666666666667,323.6666666666667
12198,247,0.06174911951548665,343.1012145748988
12199,710,0.0728461034188204,374.1915492957746
12200,22,0.08658008658008658,438.1818181818182
12201,0,0.0,0.0
12202,48,0.06914893617021277,379.9791666666667
12203,226,0.08200589970501475,401.070796460177
12204,3,0.0,74.0
12205,56,0.07077922077922078,360.07142857142856
12206,38,0.05689900426742532,313.2368421052632
12207,0,0.0,0.0
12208,38,0.08961593172119488,426.0
12209,90,0.10586766541822722,461.3333333333333
12210,4,0.0,291.0
12211,2,0.0,507.0
12212,1,0.0,104.0
12213,372,0.07666000057965974,389.997311827957
12214,64,0.07738095238095238,377.1875
12215,320,0.07739028213166144,384.46875
12216,121,0.07644628099173553,384.0082644628099
12217,53,0.08272859216255443,407.60377358490564
12218,7,0.14285714285714285,544.7142857142857
12219,11,0.18181818181818182,481.45454545454544
12220,146,0.0860651865847898,406.82876712328766
12221,0,0.0,0.0
12222,0,0.0,0.0
12223,569,0.08168519022748087,394.7065026362039
12224,33,0.07765151515151515,337.57575757575756
12225,86,0.0908344733242134,400.2093023255814
12226,266,0.0789615548304724,388.1466165413534
12227,2,0.0,272.0
12228,20,0.07368421052631578,344.7
12229,52,0.06485671191553545,367.7692307692308
12230,4,0.0,289.75
12231,76,0.07929824561403509,391.13157894736844
12232,1,0.0,5.0
12233,18,0.032679738562091505,301.77777777777777
12234,5,0.0,209.8
12235,81,0.05864197530864197,346.55555555555554
12236,201,0.07890547263681592,390.2686567164179
12237,87,0.06415396952686447,350.5632183908046
12238,26,0.05846153846153846,333.0
12239,18,0.11764705882352941,535.9444444444445
12240,3,0.0,191.33333333333334
12241,6,0.0,496.3333333333333
12242,6,0.0,180.83333333333334
12243,2,0.0,141.0
12244,8,0.07142857142857142,326.0
12245,108,0.07390100380754587,373.18518518518516
12246,111,0.07583947583947584,398.5945945945946
12247,22,0.08225108225108226,447.3181818181818
12248,36,0.07936507936507936,394.4166666666667
12249,5,0.0,219.2
12250,405,0.08579635741351913,406.7012345679012
12251,19,0.0935672514619883,399.42105263157896
12252,35,0.06218487394957983,377.4
12253,15,0.14285714285714285,437.6
12254,16,0.05,270.0
12255,53,0.057329462989840346,354.66037735849056
12256,2,0.0,349.5
12257,42,0.056910569105691054,340.3333333333333
12258,24,0.010869565217391304,199.66666666666666
12259,196,0.09706959706959707,439.7857142857143
12260,13,0.01282051282051282,286.38461538461536
12261,244,0.0947851312150037,430.00409836065575
12262,2,0.0,514.0
12263,1,0.0,579.0
12264,883,0.07469125815671682,376.56285390713475
12265,9,0.08333333333333333,356.44444444444446
12266,0,0.0,0.0
12267,0,0.0,0.0
12268,51,0.0596078431372549,334.52941176470586
12269,0,0.0,0.0
12270,118,0.07648848326814428,374.23728813559325
12271,58,0.08045977011494253,382.9655172413793
12272,0,0.0,0.0
12273,94,0.06291466483642187,354.1914893617021
12274,21,0.06666666666666667,368.4761904761905
12275,0,0.0,0.0
12276,25,0.08,421.2
12277,442,0.07203907203907203,373.1651583710407
12278,78,0.07192807192807193,372.35897435897436
12279,1,0.0,500.0
12280,684,0.07924276283681385,389.23830409356725
12281,75,0.062342342342342344,344.49333333333334
12282,263,0.07732272951557194,386.93536121673003
12283,250,0.10306827309236948,443.028
12284,22,0.047619047619047616,366.45454545454544
12285,28,0.10317460317460317,459.64285714285717
12286,77,0.06869446343130553,353.6363636363636
12287,329,0.078397212543554,391.2158054711246
12288,5,0.2,354.8
12289,10,0.022222222222222223,253.5
12290,27,0.05698005698005698,371.037037037037
12291,246,0.09500580720092915,423.7073170731707
12292,32,0.08870967741935484,429.28125
12293,291,0.09098234387960659,419.15807560137455
12294,4,0.16666666666666666,291.25
12295,0,0.0,0.0
12296,0,0.0,0.0
12297,2,0.0,149.5
12298,5,0.1,296.4
12299,6,0.06666666666666667,334.1666666666667
12300,7,0.14285714285714285,497.14285714285717
12301,5,0.1,236.2
12302,14,0.12087912087912088,418.14285714285717
12303,1,0.0,223.0
12304,36,0.07142857142857142,333.1388888888889
12305,83,0.0946223920070526,418.10843373493975
12306,6,0.0,330.8333333333333
12307,49,0.07993197278911565,390.44897959183675
12308,45,0.046464646464646465,294.3333333333333
12309,14,0.08791208791208792,359.92857142857144
12310,151,0.07479028697571743,380.4569536423841
12311,324,0.09473301991361847,433.9537037037037
12312,267,0.08552279575342851,401.35955056179773
12313,6,0.0,184.0
12314,61,0.07814207650273224,409.24590163934425
12315,10,0.022222222222222223,308.3
12316,32,0.07459677419354839,381.90625
12317,3,0.0,373.6666666666667
12318,3,0.0,427.0
12319,9,0.1388888888888889,470.55555555555554
12320,143,0.07308184772973506,374.34965034965035
12321,64,0.06944444444444445,401.390625
12322,42,0.08478513356562137,428.07142857142856
12323,6,0.06666666666666667,579.6666666666666
12324,849,0.0752522390381581,379.09658421672555
12325,31,0.07741935483870968,368.19354838709677
12326,3,0.0,212.0
12327,359,0.08295855962403324,400.08356545961004
12328,110,0.07906588824020017,387.6636363636364
12329,41,0.06951219512195123,353.7560975609756
12330,0,0.0,0.0
12331,9,0.08333333333333333,333.0
12332,225,0.07607142857142857,383.28
12333,147,0.08461466778492219,404.3333333333333
12334,843,0.07838761577106984,385.6820877817319
12335,19,0.06432748538011696,355.7894736842105
12336,22,0.08658008658008658,424.95454545454544
12337,8,0.03571428571428571,444.125
12338,10,0.1111111111111111,523.3
12339,971,0.07346661428859609,374.8506694129763
12340,138,0.06780916111287422,358.72463768115944
12341,4,0.0,617.25
12342,70,0.06666666666666667,360.4142857142857
12343,92,0.08528428093645485,399.7608695652174
12344,1,0.0,309.0
12345,1,0.0,14.0
12346,54,0.1013277428371768,452.6296296296296
12347,7,0.09523809523809523,497.0
12348,143,0.0790899241603467,387.27972027972027
12349,7,0.09523809523809523,544.7142857142857
12350,52,0.058069381598793365,317.65384615384613
12351,1,0.0,441.0
12352,1,0.0,734.0
12353,377,0.070573960155765,371.0132625994695
12354,1,0.0,726.0
12355,1,0.0,73.0
12356,9,0.1111111111111111,463.55555555555554
12357,3,0.3333333333333333,577.6666666666666
12358,3,0.0,471.3333333333333
12359,6,0.13333333333333333,301.6666666666667
12360,62,0.08090957165520889,391.61290322580646
12361,2,0.0,60.5
12362,125,0.08709677419354839,417.112
12363,0,0.0,0.0
12364,39,0.10121457489878542,434.94871794871796
12365,10,0.13333333333333333,405.8
12366,0,0.0,0.0
12367,76,0.06456140350877193,360.92105263157896
12368,3,0.0,498.0
12369,41,0.08658536585365853,411.2439024390244
12370,17,0.022058823529411766,303.70588235294116
12371,4,0.0,579.25
12372,22,0.09523809523809523,493.54545454545456
12373,2,0.0,173.0
12374,6,0.13333333333333333,474.3333333333333
12375,65,0.10048076923076923,460.26153846153846
12376,2,0.0,276.0
12377,8,0.0,138.875
12378,134,0.07271911121086298,361.44776119402985
12379,213,0.08898042342102933,418.11737089201876
12380,115,0.10099160945842868,435.7913043478261
12381,106,0.0738544474393531,376.0188679245283
12382,8,0.07142857142857142,388.75
12383,6,0.0,257.5
12384,8,0.03571428571428571,407.75
12385,1031,0.07938753025152318,389.5072744907856
12386,4,0.0,179.25
12387,12,0.030303030303030304,297.75
12388,10,0.044444444444444446,252.7
12389,2,0.0,579.5
12390,11,0.14545454545454545,413.1818181818182
12391,40,0.1141025641025641,463.175
12392,11,0.03636363636363636,313.45454545454544
12393,15,0.08571428571428572,496.93333333333334
12394,16,0.058333333333333334,332.5
12395,34,0.04634581105169341,347.55882352941177
12396,66,0.0937062937062937,416.3787878787879
12397,121,0.081267217630854,395.7685950413223
12398,97,0.07517182130584192,384.96907216494844
12399,207,0.09582102152807091,430.8502415458937
12400,0,0.0,0.0
12401,8,0.03571428571428571,385.0
12402,2,0.0,831.0
12403,11,0.12727272727272726,498.45454545454544
12404,0,0.0,0.0
12405,18,0.05228758169934641,369.8333333333333
12406,4,0.0,555.25
12407,147,0.08890131395023763,412.5034013605442
12408,48,0.06648936170212766,357.4166666666667
12409,24,0.07608695652173914,368.7083333333333
12410,404,0.09577918089575707,431.1460396039604
12411,8,0.14285714285714285,480.125
12412,12,0.030303030303030304,451.5
12413,4,0.3333333333333333,479.75
12414,210,0.07377534745955798,372.752380952381
12415,329,0.07300392912743717,379.3130699088146
12416,21,0.1,401.7142857142857
12417,0,0.0,0.0
12418,31,0.09032258064516129,423.38709677419354
12419,0,0.0,0.0
12420,274,0.0796502767305687,387.7153284671533
12421,191,0.10890052356020942,461.08376963350787
12422,46,0.08985507246376812,432.4782608695652
12423,10,0.044444444444444446,174.2
12424,8,0.14285714285714285,483.0
12425,93,0.15801776531089293,549.989247311828
12426,422,0.08486902094989361,402.3009478672986
12427,512,0.07548006360078278,378.8203125
12428,9,0.1388888888888889,459.6666666666667
12429,0,0.0,0.0
12430,2,0.0,572.0
12431,3,0.0,67.33333333333333
12432,9,0.05555555555555555,399.8888888888889
12433,0,0.0,0.0
12434,10,0.1111111111111111,364.2
12435,7,0.047619047619047616,427.2857142857143
12436,3,0.3333333333333333,429.6666666666667
12437,55,0.06801346801346801,366.4909090909091
12438,7,0.14285714285714285,483.85714285714283
12439,86,0.0667578659370725,378.13953488372096
12440,17,0.08823529411764706,383.0
12441,0,0.0,0.0
12442,3,0.0,218.66666666666666
12443,187,0.0843539761945834,403.72727272727275
12444,72,0.08294209702660407,364.30555555555554
12445,32,0.05846774193548387,368.21875
12446,19,0.06432748538011696,365.05263157894734
12447,593,0.07658607173784239,383.1585160202361
12448,44,0.12790697674418605,504.40909090909093
12449,0,0.0,0.0
12450,0,0.0,0.0
12451,56,0.05,315.75
12452,16,0.03333333333333333,317.125
12453,265,0.06526586620926243,352.83396226415095
12454,12,0.07575757575757576,388.8333333333333
12455,31,0.06881720430107527,331.83870967741933
12456,4,0.0,345.5
12457,63,0.08704557091653865,403.8888888888889
12458,210,0.07268170426065163,379.35714285714283
12459,7,0.0,184.42857142857142
12460,241,0.08184647302904564,397.9751037344398
12461,574,0.08755191516013888,409.5766550522648
12462,22,0.08225108225108226,376.72727272727275
12463,18,0.0196078431372549,347.3333333333333
12464,43,0.07308970099667775,378.04651162790697
12465,108,0.07753547940463829,396.8703703703704
12466,13,0.038461538461538464,255.76923076923077
12467,1,0.0,3.0
12468,25,0.056666666666666664,359.08
12469,13,0.038461538461538464,362.61538461538464
12470,1,0.0,975.0
12471,0,0.0,0.0
12472,25,0.07333333333333333,397.6
12473,12,0.07575757575757576,314.0
12474,0,0.0,0.0
12475,15,0.0380952380952381,334.1333333333333
12476,541,0.08525364551242555,404.31608133086877
12477,40,0.06282051282051282,355.9
12478,26,0.07384615384615385,359.96153846153845
12479,6,0.0,517.8333333333334
12480,345,0.06848668688911358,365.60289855072466
12481,919,0.07495359406003968,377.2121871599565
12482,0,0.0,0.0
12483,105,0.10604395604395604,445.5904761904762
12484,4,0.16666666666666666,450.5
12485,0,0.0,0.0
12486,22,0.14285714285714285,516.8636363636364
12487,83,0.06935057302380253,369.3855421686747
12488,68,0.058384547848990345,342.44117647058823
12489,14,0.054945054945054944,346.57142857142856
12490,7,0.09523809523809523,309.85714285714283
12491,2,0.0,157.0
12492,0,0.0,0.0
12493,0,0.0,0.0
12494,92,0.08241758241758242,388.6630434782609
12495,0,0.0,0.0
12496,22,0.05627705627705628,382.27272727272725
12497,0,0.0,0.0
12498,331,0.07829350910921908,385.36858006042297
12499,77,0.10013670539986329,446.76623376623377
12500,0,0.0,0.0
12501,9,0.027777777777777776,380.55555555555554
12502,153,0.08384932920536636,393.2483660130719
12503,14,0.04395604395604396,308.2142857142857
12504,10,0.15555555555555556,458.5
12505,18,0.0915032679738562,440.6111111111111
12506,260,0.08541728541728542,407.1038461538462
12507,20,0.07894736842105263,389.95
12508,50,0.08979591836734693,407.32
12509,0,0.0,0.0
12510,12,0.09090909090909091,395.8333333333333
12511,1,0.0,358.0
12512,11,0.12727272727272726,420.90909090909093
12513,272,0.062106576948122424,352.7095588235294
12514,0,0.0,0.0
12515,6,0.06666666666666667,435.3333333333333
12516,192,0.06468150087260036,349.5052083333333
12517,43,0.059800664451827246,318.0
12518,185,0.0763219741480611,379.17297297297296
12519,141,0.08996960486322189,426.0921985815603
12520,40,0.0641025641025641,368.925
12521,0,0.0,0.0
12522,53,0.06531204644412192,354.0943396226415
12523,1,0.0,584.0
12524,31,0.047311827956989246,309.96774193548384
12525,34,0.0766488413547237,345.44117647058823
12526,0,0.0,0.0
12527,1,0.0,853.0
12528,38,0.09246088193456614,406.94736842105266
12529,313,0.07184402392070123,371.3993610223642
12530,1,0.0,31.0
12531,25,0.09333333333333334,412.04
12532,6,0.2,440.6666666666667
12533,0,0.0,0.0
12534,20,0.07368421052631578,310.85
12535,39,0.12280701754385964,456.84615384615387
12536,114,0.06536252134761683,352.2368421052632
12537,3,0.0,72.0
12538,4,0.0,318.0
12539,158,0.07006369426751592,372.6392405063291
12540,259,0.07904582323186975,394.6332046332046
12541,0,0.0,0.0
12542,2,0.0,101.5
12543,7,0.047619047619047616,390.0
12544,9,0.027777777777777776,285.44444444444446
12545,39,0.037786774628879895,242.53846153846155
12546,2,0.0,57.5
12547,42,0.06504065040650407,336.23809523809524
12548,3,0.0,90.66666666666667
12549,1,0.0,57.0
12550,135,0.07606412382531785,373.0962962962963
12551,7,0.047619047619047616,445.2857142857143
12552,120,0.06260504201680672,355.53333333333336
12553,39,0.09041835357624832,397.2564102564103
12554,6,0.06666666666666667,359.8333333333333
12555,7,0.047619047619047616,415.0
12556,58,0.056261343012704176,338.51724137931035
12557,16,0.041666666666666664,290.8125
12558,3,0.0,363.3333333333333
12559,111,0.07911547911547911,393.9549549549549
12560,72,0.06142410015649452,362.31944444444446
12561,4,0.0,240.0
12562,1,0.0,48.0
12563,5,0.1,447.8
12564,13,0.07692307692307693,534.4615384615385
12565,9,0.1111111111111111,358.44444444444446
12566,1,0.0,328.0
12567,1,0.0,404.0
12568,26,0.06153846153846154,322.3076923076923
12569,26,0.1076923076923077,448.1923076923077
12570,25,0.08666666666666667,383.16
12571,0,0.0,0.0
12572,8,0.0,176.75
12573,3,0.0,379.3333333333333
12574,21,0.1380952380952381,494.57142857142856
12575,46,0.07053140096618357,360.45652173913044
12576,1200,0.07130525437864887,368.4033333333333
12577,5,0.1,321.6
12578,0,0.0,0.0
12579,57,0.05827067669172932,366.6666666666667
12580,8,0.03571428571428571,248.5
12581,41,0.09024390243902439,463.390243902439
12582,77,0.06903622693096377,386.8831168831169
12583,53,0.09143686502177069,425.3018867924528
12584,45,0.08282828282828283,401.73333333333335
12585,293,0.09285146570667166,422.01706484641636
12586,1,0.0,36.0
12587,28,0.15873015873015872,553.2857142857143
12588,405,0.08896222955628896,413.18765432098763
12589,23,0.09090909090909091,407.39130434782606
12590,1,0.0,989.0
12591,2,0.0,446.0
12592,20,0.042105263157894736,344.85
12593,38,0.08677098150782361,418.7894736842105
12594,32,0.0967741935483871,452.84375
12595,1,0.0,337.0
12596,3,0.0,188.0
12597,239,0.09131183854294855,418.31799163179915
12598,39,0.05398110661268556,351.35897435897436
12599,28,0.06613756613756613,335.5
12600,15,0.11428571428571428,570.7333333333333
12601,2,0.0,92.5
12602,33,0.0928030303030303,363.93939393939394
12603,233,0.0813970697054906,392.43776824034336
12604,34,0.049910873440285206,327.05882352941177
12605,3,0.0,139.66666666666666
12606,16,0.058333333333333334,331.125
12607,38,0.07539118065433854,376.6842105263158
12608,0,0.0,0.0
12609,6,0.13333333333333333,570.6666666666666
12610,43,0.08527131782945736,393.83720930232556
12611,96,0.08640350877192983,402.8229166666667
12612,13,0.02564102564102564,279.3076923076923
12613,9,0.19444444444444445,433.1111111111111
12614,4,0.16666666666666666,419.75
12615,3,0.0,121.0
12616,17,0.11029411764705882,474.2352941176471
12617,444,0.07562076749435666,380.8738738738739
12618,50,0.09959183673469388,439.6
12619,15,0.01904761904761905,196.0
12620,3,0.0,253.33333333333334
12621,49,0.06972789115646258,375.42857142857144
12622,1,0.0,424.0
12623,39,0.09041835357624832,408.7435897435897
12624,47,0.06938020351526364,375.63829787234044
12625,0,0.0,0.0
12626,2,0.0,215.5
12627,0,0.0,0.0
12628,12,0.09090909090909091,466.75
12629,0,0.0,0.0
12630,14,0.03296703296703297,214.14285714285714
12631,5,0.0,212.2
12632,111,0.09205569205569206,408.2882882882883
12633,254,0.06115589306277427,343.2795275590551
12634,82,0.0984643179765131,435.5609756097561
12635,66,0.07645687645687646,386.74242424242425
12636,120,0.08697478991596638,413.78333333333336
12637,129,0.08078972868217055,391.5813953488372
12638,585,0.07918276548413535,391.11623931623933
12639,24,0.08333333333333333,373.7083333333333
12640,10,0.0,201.4
12641,0,0.0,0.0
12642,7,0.0,182.0
12643,143,0.08962868117797695,416.46853146853147
12644,18,0.0784313725490196,415.8888888888889
12645,7,0.0,261.0
12646,69,0.10656436487638533,469.57971014492756
12647,137,0.07406612279948475,380.17518248175185
12648,8,0.0,190.875
12649,8,0.07142857142857142,349.25
12650,54,0.07966457023060797,397.44444444444446
12651,98,0.07616242373237955,388.7040816326531
12652,14,0.07692307692307693,355.2142857142857
12653,66,0.07505827505827506,383.04545454545456
12654,38,0.10099573257467995,441.7631578947368
12655,522,0.0918878372713835,421.47318007662835
12656,504,0.07987787560352173,392.4761904761905
12657,1,0.0,407.0
12658,28,0.0582010582010582,347.2142857142857
12659,9,0.08333333333333333,405.0
12660,23,0.05138339920948617,291.7826086956522
12661,1,0.0,419.0
12662,58,0.08953418027828192,403.62068965517244
12663,14,0.04395604395604396,295.92857142857144
12664,8,0.03571428571428571,354.875
12665,1,0.0,537.0
12666,159,0.09147360878910915,425.2830188679245
12667,1,0.0,1113.0
12668,5,0.0,264.6
12669,434,0.09341109609305989,425.32027649769583
12670,1,0.0,327.0
12671,47,0.11840888066604996,468.8085106382979
12672,34,0.06417112299465241,391.97058823529414
12673,3,0.0,523.3333333333334
12674,1,0.0,18.0
12675,0,0.0,0.0
12676,69,0.08439897698209718,408.39130434782606
12677,3,0.0,325.3333333333333
12678,0,0.0,0.0
12679,0,0.0,0.0
12680,8,0.03571428571428571,175.375
12681,3,0.0,255.66666666666666
12682,1,0.0,620.0
12683,7,0.09523809523809523,396.85714285714283
12684,0,0.0,0.0
12685,0,0.0,0.0
12686,88,0.059822361546499475,339.54545454545456
12687,101,0.08158415841584159,400.0
12688,117,0.07942823460064839,404.1880341880342
12689,15,0.06666666666666667,277.0
12690,0,0.0,0.0
12691,38,0.08250355618776671,420.1578947368421
12692,71,0.07847082494969819,402.943661971831
12693,16,0.14166666666666666,467.3125
12694,295,0.06934163495906838,366.4779661016949
12695,111,0.053726453726453724,325.6216216216216
12696,3,0.3333333333333333,445.0
12697,344,0.08002237439826429,392.8343023255814
12698,448,0.06393815915627996,346.6830357142857
12699,177,0.06908063687724705,356.8474576271187
12700,126,0.08393650793650793,411.73015873015873
12701,7,0.0,245.57142857142858
12702,11,0.07272727272727272,410.45454545454544
12703,12,0.16666666666666666,533.25
12704,23,0.09486166007905138,423.30434782608694
12705,28,0.06349206349206349,405.14285714285717
12706,83,0.07023214810461358,381.27710843373495
12707,11,0.05454545454545454,317.72727272727275
12708,101,0.1001980198019802,447.23762376237624
12709,22,0.12121212121212122,475.54545454545456
12710,6,0.0,263.5
12711,249,0.07164140432698536,366.1285140562249
12712,118,0.07953063885267275,394.27966101694915
12713,13,0.05128205128205128,316.46153846153845
12714,71,0.103420523138833,442.1830985915493
12715,1,0.0,36.0
12716,17,0.13970588235294118,453.29411764705884
12717,0,0.0,0.0
12718,7,0.23809523809523808,506.57142857142856
12719,204,0.06766154737757171,367.76960784313724
12720,9,0.08333333333333333,411.8888888888889
12721,0,0.0,0.0
12722,39,0.0728744939271255,408.61538461538464
12723,10,0.044444444444444446,216.5
12724,2,1.0,853.5
12725,1,0.0,251.0
12726,4,0.16666666666666666,625.5
12727,25,0.12333333333333334,498.68
12728,0,0.0,0.0
12729,2,0.0,567.5
12730,1,0.0,252.0
12731,0,0.0,0.0
12732,0,0.0,0.0
12733,35,0.02689075630252101,241.77142857142857
12734,8,0.21428571428571427,524.5
12735,19,0.023391812865497075,244.10526315789474
12736,12,0.06060606060606061,329.75
12737,27,0.07122507122507123,389.8888888888889
12738,9,0.08333333333333333,329.55555555555554
12739,22,0.017316017316017316,208.63636363636363
12740,0,0.0,0.0
12741,4,0.0,258.5
12742,22,0.07792207792207792,397.8181818181818
12743,0,0.0,0.0
12744,48,0.09574468085106383,441.25
12745,251,0.07703585657370518,389.34661354581675
12746,17,0.08088235294117647,450.8235294117647
12747,5,0.0,373.6
12748,10,0.06666666666666667,425.0
12749,832,0.07349231694899565,375.50961538461536
12750,3,0.3333333333333333,540.3333333333334
12751,2,0.0,327.5
12752,630,0.07990511519923285,391.24126984126985
12753,0,0.0,0.0
12754,239,0.08776062726345768,414.45188284518827
12755,3,0.0,520.3333333333334
12756,8,0.03571428571428571,274.25
12757,6,0.0,247.0
12758,10,0.1111111111111111,473.8
12759,61,0.10765027322404372,454.4918032786885
12760,124,0.08903750327825859,419.5241935483871
12761,170,0.06794291681169509,359.99411764705883
12762,1,0.0,272.0
12763,56,0.07077922077922078,378.89285714285717
12764,131,0.0556664709336465,326.85496183206106
12765,201,0.0963681592039801,430.92039800995025
12766,9,0.1111111111111111,394.0
12767,1,0.0,557.0
12768,120,0.0880952380952381,416.14166666666665
12769,25,0.06,309.32
12770,0,0.0,0.0
12771,7,0.047619047619047616,132.0
12772,48,0.07358156028368794,380.5625
12773,10,0.24444444444444444,570.3
12774,3,0.0,247.33333333333334
12775,90,0.09063670411985018,407.56666666666666
12776,309,0.08435254066322027,403.20388349514565
12777,105,0.08205128205128205,402.1047619047619
12778,461,0.08099594454399699,393.96746203904553
12779,59,0.11221507890122735,465.23728813559325
12780,46,0.07149758454106281,399.4782608695652
12781,22,0.05627705627705628,318.8636363636364
12782,2,0.0,682.0
12783,3,0.0,146.0
12784,18,0.0915032679738562,412.5
12785,5,0.0,194.6
12786,112,0.08075933075933076,394.07142857142856
12787,31,0.07741935483870968,404.64516129032256
12788,3,0.0,256.0
12789,10,0.08888888888888889,361.3
12790,0,0.0,0.0
12791,20,0.1368421052631579,484.05
12792,3,0.0,90.0
12793,1,0.0,330.0
12794,111,0.09582309582309582,421.3783783783784
12795,355,0.09306914935943343,426.17464788732394
12796,21,0.1523809523809524,541.7619047619048
12797,0,0.0,0.0
12798,38,0.08392603129445235,398.92105263157896
12799,16,0.05,320.75
12800,3,0.0,245.0
12801,34,0.10873440285204991,445.2647058823529
12802,2,0.0,322.5
12803,29,0.06896551724137931,333.7586206896552
12804,9,0.1111111111111111,527.6666666666666
12805,0,0.0,0.0
12806,20,0.02631578947368421,256.9
12807,3,0.0,345.0
12808,229,0.09166475139814602,420.31004366812226
12809,195,0.06888712661908539,363.7230769230769
12810,14,0.12087912087912088,474.85714285714283
12811,0,0.0,0.0
12812,20,0.021052631578947368,318.75
12813,55,0.05117845117845118,342.8545454545455
12814,10,0.022222222222222223,280.6
12815,2,0.0,394.0
12816,24,0.057971014492753624,348.6666666666667
12817,85,0.11316526610644258,472.84705882352944
12818,7,0.0,247.42857142857142
12819,111,0.0918918918918919,418.23423423423424
12820,10,0.022222222222222223,250.0
12821,57,0.05388471177944862,303.0
12822,6,0.0,130.83333333333334
12823,24,0.07608695652173914,362.2083333333333
12824,96,0.1013157894736842,431.9270833333333
12825,37,0.0915915915915916,401.4864864864865
12826,8,0.0,243.5
12827,48,0.09929078014184398,436.8958333333333
12828,5,0.1,369.8
12829,4,0.16666666666666666,377.75
12830,2,0.0,222.5
12831,18,0.0784313725490196,362.0
12832,84,0.07372346528973035,390.75
12833,1,0.0,402.0
12834,1,0.0,434.0
12835,4,0.0,223.75
12836,151,0.07876379690949227,383.5298013245033
12837,16,0.058333333333333334,354.8125
12838,29,0.10098522167487685,445.41379310344826
12839,404,0.07148121760066825,372.7772277227723
12840,264,0.08964166378615047,415.25
12841,5,0.1,492.4
12842,11,0.07272727272727272,483.45454545454544
12843,20,0.05263157894736842,348.05
12844,5,0.0,164.0
12845,7,0.0,275.0
12846,2,0.0,252.0
12847,1,0.0,402.0
12848,0,0.0,0.0
12849,391,0.07536231884057971,380.3554987212276
12850,165,0.06962305986696231,366.2121212121212
12851,1,0.0,324.0
12852,0,0.0,0.0
12853,249,0.07892861769659282,384.4698795180723
12854,50,0.10285714285714286,435.02
12855,15,0.11428571428571428,442.8
12856,3,0.0,267.0
12857,39,0.0310391363022942,295.97435897435895
12858,7,0.2857142857142857,523.5714285714286
12859,26,0.08615384615384615,358.88461538461536
12860,124,0.06687647521636507,361.2741935483871
12861,133,0.08578263841421736,406.3233082706767
12862,0,0.0,0.0
12863,25,0.03333333333333333,255.24
12864,0,0.0,0.0
12865,61,0.05683060109289618,322.55737704918033
12866,0,0.0,0.0
12867,30,0.08045977011494253,376.9
12868,5,0.0,213.0
12869,36,0.10317460317460317,490.05555555555554
12870,0,0.0,0.0
12871,3,0.0,86.33333333333333
12872,5,0.2,506.4
12873,3,0.0,428.3333333333333
12874,4,0.0,318.25
12875,0,0.0,0.0
12876,0,0.0,0.0
12877,5,0.1,475.8
12878,71,0.0676056338028169,355.5774647887324
12879,75,0.08396396396396397,394.44
12880,35,0.08739495798319327,411.1714285714286
12881,298,0.10071633561566447,439.3489932885906
12882,176,0.09818181818181818,431.5625
12883,2,0.0,486.0
12884,22,0.09956709956709957,410.8181818181818
12885,0,0.0,0.0
12886,3,0.0,144.66666666666666
12887,6,0.06666666666666667,517.3333333333334
12888,112,0.08317245817245818,408.88392857142856
12889,7,0.14285714285714285,556.7142857142857
12890,7,0.0,242.42857142857142
12891,8,0.03571428571428571,501.375
12892,39,0.07557354925775979,395.2564102564103
12893,0,0.0,0.0
12894,54,0.0803633822501747,386.6111111111111
12895,53,0.10740203193033382,452.41509433962267
12896,95,0.08353863381858903,408.0210526315789
12897,27,0.06267806267806268,381.3333333333333
12898,11,0.0,327.72727272727275
12899,7,0.047619047619047616,407.57142857142856
12900,54,0.09224318658280922,429.18518518518516
12901,10,0.1111111111111111,370.2
12902,1,0.0,1269.0
12903,6,0.06666666666666667,367.1666666666667
12904,178,0.07877864533739605,391.53370786516854
12905,40,0.09358974358974359,419.625
12906,1,0.0,1576.0
12907,67,0.07372229760289462,360.56716417910445
12908,12,0.13636363636363635,417.25
12909,15,0.09523809523809523,381.26666666666665
12910,0,0.0,0.0
12911,22,0.09090909090909091,444.6363636363636
12912,16,0.15833333333333333,525.1875
12913,94,0.08716540837336993,408.47872340425533
12914,0,0.0,0.0
12915,19,0.04678362573099415,354.6842105263158
12916,0,0.0,0.0
12917,401,0.08089775561097257,397.5935162094763
12918,33,0.03977272727272727,285.0
12919,479,0.0775936618303474,386.0187891440501
12920,87,0.08393477679764769,411.1264367816092
12921,24,0.07246376811594203,387.4166666666667
12922,33,0.06818181818181818,370.09090909090907
12923,17,0.03676470588235294,312.47058823529414
12924,461,0.07426200132038102,380.19739696312365
12925,0,0.0,0.0
12926,0,0.0,0.0
12927,0,0.0,0.0
12928,7,0.09523809523809523,463.85714285714283
12929,164,0.08244800239413437,395.5731707317073
12930,35,0.07563025210084033,416.8
12931,174,0.09202046375656102,420.3390804597701
12932,25,0.05,366.48
12933,16,0.041666666666666664,259.0
12934,4,0.0,365.0
12935,0,0.0,0.0
12936,3,0.0,679.6666666666666
12937,2,0.0,207.5
12938,0,0.0,0.0
12939,0,0.0,0.0
12940,36,0.049206349206349205,337.22222222222223
12941,2,0.0,43.5
12942,9,0.027777777777777776,432.6666666666667
12943,1,0.0,42.0
12944,1,0.0,313.0
12945,37,0.05405405405405406,332.27027027027026
12946,6,0.06666666666666667,442.6666666666667
12947,5,0.0,89.8
12948,45,0.09393939393939393,410.0444444444444
12949,8,0.07142857142857142,445.0
12950,4,0.16666666666666666,537.5
12951,2,0.0,237.0
12952,0,0.0,0.0
12953,179,0.06327286422697885,357.5139664804469
12954,0,0.0,0.0
12955,45,0.08484848484848485,426.1777777777778
12956,3,0.0,358.3333333333333
12957,17,0.1323529411764706,522.9411764705883
12958,4,0.16666666666666666,801.25
12959,6,0.26666666666666666,740.5
12960,1,0.0,346.0
12961,167,0.06947550681768992,361.70059880239523
12962,178,0.08798324128737384,409.9157303370786
12963,32,0.06048387096774194,361.3125
12964,101,0.06435643564356436,362.34653465346537
12965,131,0.0723429242513212,377.19847328244276
12966,102,0.060570762958648806,353.38235294117646
12967,4,0.16666666666666666,316.75
12968,0,0.0,0.0
12969,25,0.07333333333333333,396.48
12970,0,0.0,0.0
12971,25,0.13,499.24
12972,7,0.0,335.7142857142857
12973,4,0.16666666666666666,496.25
12974,78,0.08491508491508491,411.7435897435897
12975,0,0.0,0.0
12976,29,0.08374384236453201,373.9310344827586
12977,0,0.0,0.0
12978,371,0.0982734756319662,435.7574123989218
12979,6,0.0,327.0
12980,143,0.08352211169112578,402.09090909090907
12981,1,0.0,232.0
12982,52,0.04524886877828054,307.86538461538464
12983,0,0.0,0.0
12984,1,0.0,25.0
12985,20,0.05263157894736842,332.8
12986,43,0.06755260243632337,376.1162790697674
12987,8,0.10714285714285714,438.625
12988,12,0.015151515151515152,240.0
12989,28,0.0582010582010582,397.89285714285717
12990,47,0.04902867715078631,322.3404255319149
12991,145,0.103544061302682,438.7448275862069
12992,0,0.0,0.0
12993,259,0.08784532040345994,412.6138996138996
12994,51,0.07294117647058823,386.2549019607843
12995,114,0.06846762925011644,363.12280701754383
12996,1,0.0,168.0
12997,47,0.09805735430157261,408.29787234042556
12998,1,0.0,449.0
12999,21,0.10476190476190476,508.9047619047619
13000,20,0.1,453.95
13001,39,0.06342780026990553,339.84615384615387
13002,1,0.0,199.0
13003,8,0.0,323.375
13004,0,0.0,0.0
13005,36,0.06984126984126984,337.5
13006,121,0.07727272727272727,378.4793388429752
13007,23,0.02766798418972332,273.2608695652174
13008,26,0.08,357.53846153846155
13009,197,0.09680928208846991,429.7005076142132
13010,35,0.05714285714285714,349.25714285714287
13011,160,0.08388364779874213,401.81875
13012,44,0.056025369978858354,330.8181818181818
13013,20,0.15263157894736842,565.6
13014,14,0.13186813186813187,373.57142857142856
13015,3,0.0,416.0
13016,3,0.0,255.33333333333334
13017,2,0.0,331.0
13018,5,0.0,288.2
13019,166,0.07740051113545089,390.2831325301205
13020,2,0.0,483.0
13021,22,0.06060606060606061,422.8636363636364
13022,4,0.0,194.0
13023,2,0.0,214.5
13024,478,0.08689245019867899,410.02092050209205
13025,54,0.06708595387840671,375.3333333333333
13026,10,0.022222222222222223,312.8
13027,0,0.0,0.0
13028,5,0.0,395.0
13029,0,0.0,0.0
13030,8,0.10714285714285714,433.875
13031,0,0.0,0.0
13032,141,0.06879432624113475,365.35460992907804
13033,16,0.125,507.4375
13034,32,0.04838709677419355,303.4375
13035,1,0.0,1364.0
13036,21,0.10952380952380952,482.76190476190476
13037,5,0.0,293.0
13038,59,0.07481005260081823,371.2881355932203
13039,0,0.0,0.0
13040,94,0.10066346373827499,436.77659574468083
13041,7,0.0,186.28571428571428
13042,28,0.082010582010582,387.57142857142856
13043,16,0.125,553.625
13044,0,0.0,0.0
13045,35,0.10420168067226891,449.7142857142857
13046,0,0.0,0.0
13047,1,0.0,569.0
13048,65,0.08701923076923077,394.0
13049,7,0.09523809523809523,601.4285714285714
13050,3,0.3333333333333333,555.3333333333334
13051,17,0.051470588235294115,242.05882352941177
13052,346,0.08147775823071124,399.71965317919074
13053,19,0.06432748538011696,364.2105263157895
13054,6,0.0,352.8333333333333
13055,135,0.07241569928137093,379.8814814814815
13056,434,0.06628281946765147,356.15668202764977
13057,4,0.3333333333333333,828.25
13058,1101,0.07025348856411527,366.71571298819254
13059,35,0.05546218487394958,309.54285714285714
13060,11,0.05454545454545454,403.72727272727275
13061,4,0.0,174.0
13062,17,0.051470588235294115,260.11764705882354
13063,63,0.045570916538658475,284.92063492063494
13064,1,0.0,84.0
13065,4,0.0,410.25
13066,1154,0.06496352669022563,351.0563258232236
13067,0,0.0,0.0
13068,8,0.0,217.625
13069,9,0.2222222222222222,562.7777777777778
13070,3,0.0,129.0
13071,75,0.07675675675675675,395.64
13072,0,0.0,0.0
13073,0,0.0,0.0
13074,9,0.0,310.77777777777777
13075,0,0.0,0.0
13076,3,0.0,88.0
13077,17,0.04411764705882353,352.05882352941177
13078,0,0.0,0.0
13079,589,0.08787521799891433,411.2682512733447
13080,1,0.0,142.0
13081,474,0.07975843212817013,389.295358649789
13082,52,0.05656108597285068,355.28846153846155
13083,13,0.15384615384615385,562.4615384615385
13084,31,0.08172043010752689,373.06451612903226
13085,58,0.09437386569872959,456.05172413793105
13086,3,0.3333333333333333,534.3333333333334
13087,7,0.0,383.14285714285717
13088,1,0.0,86.0
13089,189,0.0699651018799955,378.87301587301585
13090,21,0.047619047619047616,284.1904761904762
13091,14,0.08791208791208792,426.42857142857144
13092,0,0.0,0.0
13093,11,0.0,165.54545454545453
13094,0,0.0,0.0
13095,110,0.09958298582151794,438.8
13096,1,0.0,294.0
13097,59,0.07831677381648158,399.54237288135596
13098,105,0.07142857142857142,373.6095238095238
13099,53,0.07619738751814223,392.45283018867923
13100,213,0.07520595269731598,388.15023474178406
13101,39,0.14979757085020243,517.5128205128206
13102,2,1.0,493.5
13103,236,0.07288135593220339,371.8093220338983
13104,0,0.0,0.0
13105,142,0.10248726400958945,451.33098591549293
13106,1,0.0,712.0
13107,0,0.0,0.0
13108,6,0.13333333333333333,383.1666666666667
13109,67,0.0673903211216644,382.94029850746267
13110,0,0.0,0.0
13111,0,0.0,0.0
13112,10,0.08888888888888889,403.8
13113,38,0.10953058321479374,453.4736842105263
13114,0,0.0,0.0
13115,3,0.0,357.6666666666667
13116,1,0.0,43.0
13117,75,0.07099099099099099,372.6
13118,43,0.0753045404208195,368.16279069767444
13119,3,0.0,501.6666666666667
13120,62,0.09095716552088842,424.93548387096774
13121,7,0.0,321.85714285714283
13122,880,0.07877753645671734,390.17954545454546
13123,10,0.1111111111111111,549.5
13124,0,0.0,0.0
13125,21,0.05714285714285714,349.85714285714283
13126,4,0.0,67.75
13127,14,0.12087912087912088,372.85714285714283
13128,39,0.07557354925775979,401.12820512820514
13129,11,0.18181818181818182,582.7272727272727
13130,1013,0.06846567741885137,361.6268509378085
13131,86,0.11053351573187414,482.3139534883721
13132,12,0.12121212121212122,486.8333333333333
13133,4,0.0,249.5
13134,37,0.0915915915915916,419.7027027027027
13135,69,0.0814151747655584,396.28985507246375
13136,5,0.1,490.4
13137,3,0.0,516.3333333333334
13138,12,0.030303030303030304,258.75
13139,10,0.1111111111111111,392.1
13140,1,0.0,615.0
13141,1,0.0,825.0
13142,1,0.0,187.0
13143,0,0.0,0.0
13144,1,0.0,132.0
13145,45,0.10808080808080808,444.9111111111111
13146,187,0.08820654361451326,414.6363636363636
13147,4,0.0,356.25
13148,30,0.11724137931034483,511.9
13149,1,0.0,156.0
13150,0,0.0,0.0
13151,10,0.0,294.7
13152,46,0.06086956521739131,353.30434782608694
13153,53,0.10449927431059507,436.22641509433964
13154,36,0.0761904761904762,391.1111111111111
13155,2,0.0,731.0
13156,210,0.08243335611756665,397.6047619047619
13157,0,0.0,0.0
13158,5,0.0,198.6
13159,3,0.0,363.3333333333333
13160,83,0.07846018219218337,398.65060240963857
13161,8,0.07142857142857142,365.375
13162,2,0.0,218.5
13163,1,0.0,1081.0
13164,4,0.16666666666666666,240.5
13165,103,0.08756900818579859,395.5145631067961
13166,0,0.0,0.0
13167,2,0.0,574.5
13168,2,0.0,673.0
13169,0,0.0,0.0
13170,37,0.08258258258258258,387.13513513513516
13171,5,0.0,134.0
13172,3,0.0,130.33333333333334
13173,101,0.05623762376237624,324.3762376237624
13174,0,0.0,0.0
13175,291,0.07000829482166133,368.3298969072165
13176,0,0.0,0.0
13177,1,0.0,469.0
13178,0,0.0,0.0
13179,16,0.05,290.5
13180,149,0.09423181570832577,426.5302013422819
13181,4,0.16666666666666666,342.25
13182,6,0.13333333333333333,491.0
13183,2,0.0,150.5
13184,11,0.07272727272727272,417.45454545454544
13185,50,0.052244897959183675,323.24
13186,4,0.5,944.5
13187,32,0.04435483870967742,344.15625
13188,7,0.0,177.28571428571428
13189,294,0.09695618861879222,434.6666666666667
13190,66,0.10442890442890443,437.530303030303
13191,119,0.09272183449651047,424.25210084033614
13192,35,0.06218487394957983,337.0571428571429
13193,14,0.08791208791208792,416.14285714285717
13194,198,0.06906629749269343,366.4141414141414
13195,11,0.12727272727272726,505.09090909090907
13196,42,0.09639953542392567,419.85714285714283
13197,0,0.0,0.0
13198,1,0.0,5.0
13199,7,0.14285714285714285,545.2857142857143
13200,9,0.05555555555555555,365.77777777777777
13201,0,0.0,0.0
13202,0,0.0,0.0
13203,3,0.0,216.66666666666666
13204,8,0.03571428571428571,215.625
13205,7,0.09523809523809523,377.0
13206,66,0.07832167832167833,369.06060606060606
13207,2,0.0,114.0
13208,10,0.06666666666666667,368.3
13209,17,0.051470588235294115,344.70588235294116
13210,13,0.11538461538461539,427.9230769230769
13211,0,0.0,0.0
13212,6,0.0,263.8333333333333
13213,86,0.05362517099863201,328.6860465116279
13214,102,0.07202484954377791,367.4313725490196
13215,2,0.0,168.0
13216,251,0.09711553784860558,433.0478087649402
13217,25,0.09,412.64
13218,28,0.06613756613756613,327.4642857142857
13219,33,0.08143939393939394,430.8484848484849
13220,18,0.05228758169934641,370.55555555555554
13221,349,0.09470408062444423,427.55300859598856
13222,4,0.0,447.0
13223,30,0.08275862068965517,412.26666666666665
13224,9,0.027777777777777776,370.55555555555554
13225,36,0.03968253968253968,319.1111111111111
13226,44,0.0613107822410148,341.8863636363636
13227,326,0.08383199622463426,399.19018404907973
13228,10,0.022222222222222223,289.3
13229,1,0.0,320.0
13230,4,0.0,176.25
13231,192,0.0856784467713787,402.96875
13232,3,0.3333333333333333,451.3333333333333
13233,12,0.015151515151515152,321.0833333333333
13234,6,0.06666666666666667,311.6666666666667
13235,3,0.0,496.3333333333333
13236,4,0.0,354.25
13237,2,0.0,392.5
13238,0,0.0,0.0
13239,38,0.05689900426742532,307.0
13240,5,0.2,653.4
13241,0,0.0,0.0
13242,2,0.0,592.5
13243,44,0.046511627906976744,340.45454545454544
13244,0,0.0,0.0
13245,23,0.07905138339920949,421.2608695652174
13246,0,0.0,0.0
13247,459,0.08407302756133991,402.442265795207
13248,72,0.081377151799687,412.55555555555554
13249,111,0.06814086814086814,356.94594594594594
13250,203,0.08618250987660342,407.8029556650246
13251,192,0.07967931937172774,392.9895833333333
13252,2,0.0,128.0
13253,6,0.0,247.5
13254,17,0.07352941176470588,395.70588235294116
13255,308,0.08259655653792461,400.2012987012987
13256,38,0.112375533428165,478.44736842105266
13257,0,0.0,0.0
13258,28,0.06349206349206349,391.82142857142856
13259,0,0.0,0.0
13260,22,0.09956709956709957,437.6818181818182
13261,357,0.08353004122997514,404.07563025210084
13262,19,0.14035087719298245,478.2631578947368
13263,10,0.17777777777777778,656.2
13264,25,0.08,418.4
13265,364,0.09289195652832016,423.8296703296703
13266,10,0.044444444444444446,427.1
13267,1,0.0,18.0
13268,75,0.07027027027027027,349.08
13269,31,0.09462365591397849,418.2258064516129
13270,0,0.0,0.0
13271,155,0.09283619606200251,425.3354838709677
13272,49,0.07653061224489796,385.18367346938777
13273,0,0.0,0.0
13274,11,0.03636363636363636,404.0
13275,65,0.06923076923076923,372.2769230769231
13276,0,0.0,0.0
13277,15,0.1523809523809524,510.6
13278,0,0.0,0.0
13279,20,0.11578947368421053,435.35
13280,11,0.03636363636363636,410.72727272727275
13281,16,0.06666666666666667,391.5
13282,1,0.0,10.0
13283,1,0.0,40.0
13284,4,0.0,104.75
13285,7,0.09523809523809523,282.0
13286,49,0.07568027210884354,387.40816326530614
13287,1,0.0,16.0
13288,0,0.0,0.0
13289,0,0.0,0.0
13290,12,0.06060606060606061,384.5833333333333
13291,97,0.09063573883161512,434.5773195876289
13292,82,0.09695874736525142,428.280487804878
13293,66,0.05547785547785548,339.2878787878788
13294,49,0.11819727891156463,493.57142857142856
13295,0,0.0,0.0
13296,0,0.0,0.0
13297,28,0.08465608465608465,366.39285714285717
13298,29,0.07389162561576355,333.7586206896552
13299,0,0.0,0.0
13300,4,0.0,375.0
13301,6,0.06666666666666667,288.8333333333333
13302,23,0.05138339920948617,297.69565217391306
13303,1,0.0,42.0
13304,16,0.10833333333333334,395.8125
13305,0,0.0,0.0
13306,5,0.0,185.0
13307,1,0.0,160.0
13308,2,0.0,491.0
13309,126,0.06704761904761905,360.9047619047619
13310,0,0.0,0.0
13311,3,0.0,495.3333333333333
13312,136,0.09019607843137255,417.3602941176471
13313,0,0.0,0.0
13314,23,0.07509881422924901,407.17391304347825
13315,18,0.058823529411764705,390.27777777777777
13316,59,0.10695499707773232,464.79661016949154
13317,11,0.05454545454545454,463.09090909090907
13318,98,0.08268462023984852,400.2244897959184
13319,70,0.08530020703933748,413.9428571428571
13320,43,0.06423034330011074,356.6046511627907
13321,3,0.0,419.0
13322,37,0.07357357357357357,359.27027027027026
13323,263,0.08199576234290193,404.319391634981
13324,16,0.075,467.25
13325,93,0.07924263674614306,385.36559139784947
13326,6,0.06666666666666667,286.3333333333333
13327,59,0.10987726475745178,449.1186440677966
13328,6,0.13333333333333333,519.8333333333334
13329,1,0.0,241.0
13330,20,0.06315789473684211,355.6
13331,16,0.09166666666666666,373.6875
13332,0,0.0,0.0
13333,0,0.0,0.0
13334,68,0.09569798068481124,437.44117647058823
13335,400,0.08551378446115289,409.005
13336,164,0.09411940745174323,426.6768292682927
13337,3,0.3333333333333333,649.3333333333334
13338,15,0.08571428571428572,447.8
13339,142,0.08091099790230746,393.2676056338028
13340,407,0.07539245470279952,376.6756756756757
13341,6,0.06666666666666667,157.33333333333334
13342,24,0.06159420289855073,382.75
13343,0,0.0,0.0
13344,338,0.08863448808666795,416.08579881656806
13345,298,0.09321401938851603,427.20805369127515
13346,10,0.044444444444444446,470.5
13347,0,0.0,0.0
13348,356,0.07107137205253995,371.61516853932585
13349,4,0.0,148.25
13350,15,0.06666666666666667,395.53333333333336
13351,280,0.08125960061443932,392.675
13352,1,0.0,1006.0
13353,2,0.0,616.0
13354,14,0.03296703296703297,285.35714285714283
13355,32,0.07056451612903226,434.5625
13356,35,0.06386554621848739,381.14285714285717
13357,2,0.0,383.0
13358,9,0.027777777777777776,196.11111111111111
13359,2,0.0,283.5
13360,2,0.0,336.0
13361,0,0.0,0.0
13362,5,0.0,236.4
13363,0,0.0,0.0
13364,48,0.08244680851063829,406.0208333333333
13365,85,0.07450980392156863,359.8705882352941
13366,31,0.13763440860215054,474.6774193548387
13367,45,0.051515151515151514,300.8222222222222
13368,0,0.0,0.0
13369,73,0.0852359208523592,423.06849315068496
13370,50,0.04326530612244898,285.62
13371,2,0.0,200.5
13372,4,0.0,165.0
13373,1,0.0,205.0
13374,4,0.0,529.75
13375,20,0.07894736842105263,434.2
13376,855,0.07601243546023528,381.47719298245613
13377,3,0.0,614.3333333333334
13378,93,0.06545114539504442,358.9139784946237
13379,0,0.0,0.0
13380,760,0.07286249219887664,371.9736842105263
13381,124,0.06622082349855757,351.0967741935484
13382,149,0.0738255033557047,379.0402684563758
13383,222,0.07398801516448575,384.1171171171171
13384,1,0.0,79.0
13385,1,0.0,316.0
13386,0,0.0,0.0
13387,2,0.0,416.0
13388,282,0.08386966507660079,403.21276595744683
13389,23,0.07114624505928854,363.1304347826087
13390,4,0.0,280.0
13391,29,0.12807881773399016,458.62068965517244
13392,6,0.0,280.8333333333333
13393,0,0.0,0.0
13394,10,0.1111111111111111,499.7
13395,130,0.09636255217650566,424.37692307692305
13396,9,0.0,380.6666666666667
13397,37,0.06006006006006006,359.0810810810811
13398,71,0.08249496981891348,401.53521126760563
13399,38,0.06258890469416785,333.5263157894737
13400,1,0.0,1.0
13401,19,0.011695906432748537,207.57894736842104
13402,1,0.0,10.0
13403,45,0.06464646464646465,347.06666666666666
13404,87,0.05292702485966319,331.7931034482759
13405,58,0.0998185117967332,470.7413793103448
13406,107,0.07000529007229765,371.29906542056074
13407,3,0.3333333333333333,689.3333333333334
13408,22,0.11255411255411256,406.27272727272725
13409,259,0.09371165185118674,425.3050193050193
13410,158,0.08586632266387165,400.746835443038
13411,10,0.044444444444444446,361.2
13412,23,0.09486166007905138,395.30434782608694
13413,4,0.0,146.75
13414,320,0.08512931034482758,409.08125
13415,1,0.0,501.0
13416,0,0.0,0.0
13417,143,0.07367280606717226,383.56643356643355
13418,4,0.0,88.5
13419,1,0.0,1010.0
13420,0,0.0,0.0
13421,5,0.0,137.0
13422,6,0.0,106.0
13423,11,0.0,269.54545454545456
13424,11,0.0,182.8181818181818
13425,18,0.032679738562091505,301.8888888888889
13426,7,0.42857142857142855,672.4285714285714
13427,4,0.16666666666666666,172.0
13428,200,0.08904522613065327,412.29
13429,68,0.07287093942054433,355.0147058823529
13430,26,0.07076923076923076,377.5769230769231
13431,6,0.2,587.6666666666666
13432,6,0.0,227.83333333333334
13433,5,0.1,445.0
13434,8,0.07142857142857142,338.25
13435,0,0.0,0.0
13436,0,0.0,0.0
13437,6,0.06666666666666667,542.6666666666666
13438,0,0.0,0.0
13439,265,0.08196112064036593,399.94716981132075
13440,45,0.05858585858585859,347.53333333333336
13441,85,0.07282913165266107,375.38823529411764
13442,7,0.0,119.57142857142857
13443,46,0.04927536231884058,311.2826086956522
13444,9,0.1111111111111111,170.88888888888889
13445,7,0.047619047619047616,211.14285714285714
13446,63,0.0742447516641065,383.04761904761904
13447,8,0.17857142857142858,417.75
13448,9,0.05555555555555555,374.22222222222223
13449,132,0.08894286375202405,414.5984848484849
13450,4,0.16666666666666666,447.5
13451,0,0.0,0.0
13452,22,0.025974025974025976,277.54545454545456
13453,1,0.0,22.0
13454,12,0.10606060606060606,501.0
13455,0,0.0,0.0
13456,5,0.1,291.0
13457,0,0.0,0.0
13458,0,0.0,0.0
13459,15,0.0761904761904762,403.8
13460,2,1.0,733.5
13461,1,0.0,70.0
13462,9,0.027777777777777776,224.88888888888889
13463,5,0.1,489.4
13464,43,0.07198228128460686,377.1860465116279
13465,40,0.0641025641025641,337.725
13466,328,0.0815618706645782,390.0670731707317
13467,2,0.0,24.5
13468,14,0.04395604395604396,275.57142857142856
13469,23,0.043478260869565216,309.39130434782606
13470,20,0.06842105263157895,364.15
13471,672,0.08040149740969413,391.79613095238096
13472,6,0.06666666666666667,618.6666666666666
13473,2,0.0,597.0
13474,3,0.0,312.0
13475,9,0.0,376.22222222222223
13476,7,0.047619047619047616,348.0
13477,123,0.11515393842463015,491.7317073170732
13478,8,0.14285714285714285,389.625
13479,40,0.11666666666666667,451.3
13480,71,0.05995975855130785,351.38028169014086
13481,8,0.07142857142857142,416.25
13482,1,0.0,382.0
13483,808,0.07597200240470144,382.61386138613864
13484,16,0.06666666666666667,321.8125
13485,2,1.0,939.0
13486,0,0.0,0.0
13487,7,0.0,245.85714285714286
13488,190,0.09707602339181287,436.7
13489,4,0.0,486.25
13490,90,0.0616729088639201,352.56666666666666
13491,187,0.07756885745500547,390.0802139037433
13492,1,0.0,689.0
13493,182,0.08530143889259911,406.1978021978022
13494,33,0.03977272727272727,327.90909090909093
13495,25,0.09333333333333334,390.48
13496,0,0.0,0.0
13497,33,0.09090909090909091,444.27272727272725
13498,9,0.08333333333333333,440.0
13499,4,0.0,399.25
13500,0,0.0,0.0
13501,192,0.09151396160558464,421.1458333333333
13502,1,0.0,24.0
13503,12,0.045454545454545456,436.6666666666667
13504,114,0.0647414997671169,366.85087719298247
13505,14,0.02197802197802198,291.7857142857143
13506,6,0.0,151.16666666666666
13507,72,0.08215962441314555,407.125
13508,0,0.0,0.0
13509,0,0.0,0.0
13510,2,0.0,314.5
13511,0,0.0,0.0
13512,6,0.0,311.5
13513,7,0.047619047619047616,353.14285714285717
13514,0,0.0,0.0
13515,1,0.0,323.0
13516,19,0.05847953216374269,321.36842105263156
13517,1,0.0,52.0
13518,27,0.07692307692307693,438.3333333333333
13519,84,0.06282271944922548,343.85714285714283
13520,145,0.09061302681992338,414.8137931034483
13521,0,0.0,0.0
13522,3,0.0,529.3333333333334
13523,527,0.07758241282530429,388.61290322580646
13524,0,0.0,0.0
13525,43,0.09745293466223699,440.90697674418607
13526,61,0.10382513661202186,439.5081967213115
13527,68,0.053994732221246705,341.72058823529414
13528,455,0.08798954349615143,413.0021978021978
13529,15,0.05714285714285714,314.06666666666666
13530,4,0.0,260.0
13531,4,0.0,436.75
13532,6,0.0,430.3333333333333
13533,20,0.06315789473684211,282.2
13534,0,0.0,0.0
13535,324,0.0876619653709437,415.10493827160496
13536,20,0.16842105263157894,544.5
13537,9,0.027777777777777776,267.22222222222223
13538,26,0.10153846153846154,433.84615384615387
13539,1,0.0,1035.0
13540,71,0.0869215291750503,428.76056338028167
13541,104,0.0909260642270351,401.8076923076923
13542,0,0.0,0.0
13543,14,0.0989010989010989,416.14285714285717
13544,75,0.0627027027027027,363.2266666666667
13545,148,0.08567751424894282,406.77702702702703
13546,7,0.14285714285714285,609.5714285714286
13547,7,0.19047619047619047,458.42857142857144
13548,134,0.0720457861070587,373.82835820895525
13549,0,0.0,0.0
13550,1,0.0,103.0
13551,4,0.16666666666666666,526.75
13552,0,0.0,0.0
13553,6,0.2,644.1666666666666
13554,8,0.10714285714285714,190.25
13555,1,0.0,507.0
13556,18,0.12418300653594772,503.22222222222223
13557,2,1.0,856.0
13558,68,0.061018437225636525,341.6764705882353
13559,27,0.05698005698005698,302.74074074074076
13560,18,0.0457516339869281,396.27777777777777
13561,49,0.06972789115646258,341.3061224489796
13562,42,0.03368176538908246,265.3333333333333
13563,0,0.0,0.0
13564,28,0.05555555555555555,338.67857142857144
13565,31,0.07311827956989247,338.96774193548384
13566,4,0.0,125.5
13567,8,0.03571428571428571,280.875
13568,147,0.07976889385891343,392.51020408163265
13569,19,0.10526315789473684,463.42105263157896
13570,446,0.0841235451201693,403.44170403587447
13571,4,0.0,341.75
13572,114,0.07980127309424002,409.92105263157896
13573,0,0.0,0.0
13574,14,0.01098901098901099,189.0
13575,18,0.0718954248366013,290.3888888888889
13576,170,0.08910546467107554,417.71176470588233
13577,0,0.0,0.0
13578,6,0.0,519.6666666666666
13579,81,0.09537037037037037,422.5925925925926
13580,91,0.08083028083028083,396.3296703296703
13581,17,0.07352941176470588,432.47058823529414
13582,7,0.0,161.42857142857142
13583,262,0.07811997309233425,388.37404580152673
13584,9,0.027777777777777776,283.6666666666667
13585,229,0.07538496897264997,377.9912663755459
13586,11,0.03636363636363636,334.09090909090907
13587,120,0.10336134453781512,442.1
13588,16,0.09166666666666666,424.5
13589,6,0.13333333333333333,437.5
13590,15,0.06666666666666667,306.6666666666667
13591,136,0.07755991285403051,389.27941176470586
13592,316,0.07116736990154712,368.373417721519
13593,61,0.07923497267759563,373.88524590163934
13594,123,0.1096894575503132,471.780487804878
13595,145,0.07567049808429119,369.70344827586206
13596,5,0.3,556.6
13597,72,0.11071987480438185,458.0416666666667
13598,2,0.0,393.5
13599,87,0.0772520716385993,389.3448275862069
13600,5,0.0,48.0
13601,247,0.09496066620585235,425.1578947368421
13602,11,0.12727272727272726,537.3636363636364
13603,23,0.06324110671936758,324.30434782608694
13604,29,0.04926108374384237,271.2068965517241
13605,26,0.06153846153846154,363.3076923076923
13606,371,0.0843738617323523,403.58490566037733
13607,3,0.3333333333333333,277.0
13608,354,0.09426865767193227,428.2090395480226
13609,8,0.03571428571428571,403.75
13610,325,0.07559354226020892,381.5076923076923
13611,10,0.044444444444444446,559.9
13612,124,0.08339889850511409,412.3467741935484
13613,134,0.086858938390753,402.53731343283584
13614,0,0.0,0.0
13615,98,0.053650326109825376,332.734693877551
13616,63,0.07885304659498207,384.1111111111111
13617,2,0.0,111.5
13618,984,0.07501716166703885,378.7682926829268
13619,91,0.07936507936507936,390.34065934065933
13620,9,0.05555555555555555,268.0
13621,24,0.028985507246376812,315.875
13622,0,0.0,0.0
13623,237,0.08353000071515411,399.72151898734177
13624,1,0.0,387.0
13625,291,0.08280601967057709,399.17182130584195
13626,60,0.06892655367231638,377.0833333333333
13627,45,0.03535353535353535,231.53333333333333
13628,5,0.1,351.8
13629,138,0.0828308473500476,388.3550724637681
13630,15,0.01904761904761905,211.33333333333334
13631,29,0.07881773399014778,388.6551724137931
13632,1,0.0,611.0
13633,0,0.0,0.0
13634,0,0.0,0.0
13635,0,0.0,0.0
13636,31,0.07526881720430108,423.2903225806452
13637,30,0.07816091954022988,391.6
13638,32,0.08266129032258064,440.0625
13639,0,0.0,0.0
13640,58,0.08711433756805807,398.4310344827586
13641,0,0.0,0.0
13642,0,0.0,0.0
13643,124,0.12470495672698663,496.1693548387097
13644,5,0.0,379.4
13645,0,0.0,0.0
13646,22,0.12121212121212122,490.6363636363636
13647,2,0.0,624.5
13648,95,0.06002239641657335,341.9684210526316
13649,165,0.08418329637841833,408.43636363636364
13650,2,0.0,217.5
13651,978,0.08092466190688494,391.41308793456034
13652,6,0.2,483.0
13653,18,0.10457516339869281,442.77777777777777
13654,14,0.06593406593406594,304.57142857142856
13655,234,0.08429624738637614,399.97008547008545
13656,491,0.08298765534727129,399.29124236252545
13657,38,0.08961593172119488,437.07894736842104
13658,1056,0.07046172626741347,366.905303030303
13659,3,0.0,565.0
13660,1,0.0,645.0
13661,20,0.11052631578947368,427.85
13662,3,0.0,82.33333333333333
13663,18,0.13725490196078433,493.6666666666667
13664,0,0.0,0.0
13665,14,0.04395604395604396,329.92857142857144
13666,185,0.06527614571092832,359.25405405405405
13667,0,0.0,0.0
13668,4,0.0,504.75
13669,2,0.0,314.0
13670,47,0.0545790934320074,343.8936170212766
13671,17,0.08088235294117647,331.11764705882354
13672,16,0.075,446.5
13673,16,0.025,263.25
13674,7,0.14285714285714285,475.0
13675,376,0.07526241134751772,384.06382978723406
13676,44,0.09936575052854123,446.0
13677,16,0.03333333333333333,279.4375
13678,91,0.060805860805860805,339.95604395604397
13679,322,0.0931290029217701,421.8229813664596
13680,136,0.07919389978213508,385.1102941176471
13681,94,0.0750400366048959,398.86170212765956
13682,13,0.10256410256410256,389.6923076923077
13683,2,0.0,75.0
13684,27,0.05128205128205128,353.037037037037
13685,39,0.09986504723346828,442.7692307692308
13686,50,0.08979591836734693,419.26
13687,0,0.0,0.0
13688,0,0.0,0.0
13689,2,0.0,769.5
13690,0,0.0,0.0
13691,1,0.0,424.0
13692,4,0.3333333333333333,125.5
13693,72,0.10328638497652583,441.7638888888889
13694,1,0.0,44.0
13695,1,0.0,629.0
13696,77,0.052289815447710185,325.2077922077922
13697,3,0.0,235.33333333333334
13698,0,0.0,0.0
13699,19,0.09941520467836257,457.7894736842105
13700,2,0.0,412.0
13701,35,0.040336134453781515,272.77142857142854
13702,31,0.060215053763440864,348.1290322580645
13703,63,0.06246799795186892,348.46031746031747
13704,7,0.14285714285714285,360.57142857142856
13705,27,0.042735042735042736,313.2962962962963
13706,2,0.0,293.0
13707,0,0.0,0.0
13708,3,0.0,152.0
13709,73,0.07572298325722983,361.2739726027397
13710,4,0.0,171.75
13711,270,0.08395979622745423,397.4148148148148
13712,16,0.15,491.0
13713,3,0.3333333333333333,678.3333333333334
13714,13,0.0641025641025641,296.9230769230769
13715,10,0.08888888888888889,275.3
13716,43,0.07198228128460686,385.3255813953488
13717,134,0.08001346650207608,397.05970149253733
13718,227,0.08448013722661885,401.0220264317181
13719,841,0.08459034029783138,403.6860879904875
13720,199,0.07004720572559768,368.56281407035175
13721,2,1.0,687.0
13722,105,0.1097069597069597,450.1904761904762
13723,11,0.05454545454545454,265.1818181818182
13724,1,0.0,143.0
13725,12,0.06060606060606061,328.9166666666667
13726,46,0.08599033816425121,422.8478260869565
13727,29,0.07389162561576355,333.0689655172414
13728,15,0.1619047619047619,497.6
13729,76,0.11578947368421053,469.38157894736844
13730,343,0.08707142004671543,410.13119533527697
13731,238,0.06541857249228805,356.60084033613447
13732,464,0.0916902509868176,420.8405172413793
13733,293,0.07293468605357895,382.15699658703073
13734,56,0.06818181818181818,379.8392857142857
13735,100,0.0903030303030303,419.69
13736,159,0.06169890932250617,349.2012578616352
13737,42,0.05574912891986063,372.64285714285717
13738,41,0.08170731707317073,414.780487804878
13739,185,0.063572267920094,360.6216216216216
13740,4,0.3333333333333333,290.25
13741,252,0.07794219945614368,388.4920634920635
13742,1,0.0,1136.0
13743,0,0.0,0.0
13744,0,0.0,0.0
13745,67,0.052917232021709636,322.8955223880597
13746,59,0.06312098188194039,351.33898305084745
13747,11,0.14545454545454545,564.0909090909091
13748,0,0.0,0.0
13749,0,0.0,0.0
13750,1,0.0,54.0
13751,166,0.08024826579043447,382.9759036144578
13752,713,0.07553934160139937,380.1907433380084
13753,364,0.08167589985771805,397.22527472527474
13754,2,0.0,256.5
13755,26,0.06461538461538462,365.3076923076923
13756,0,0.0,0.0
13757,32,0.12096774193548387,463.90625
13758,0,0.0,0.0
13759,5,0.0,200.8
13760,60,0.07853107344632769,387.45
13761,69,0.08098891730605286,401.4347826086956
13762,7,0.0,304.7142857142857
13763,2,0.0,829.0
13764,19,0.04678362573099415,344.89473684210526
13765,720,0.07785504558800804,388.29583333333335
13766,107,0.08411214953271028,405.5607476635514
13767,12,0.015151515151515152,305.75
13768,94,0.0889956531686113,425.59574468085106
13769,21,0.08095238095238096,437.3809523809524
13770,26,0.08615384615384615,387.88461538461536
13771,22,0.07792207792207792,408.40909090909093
13772,10,0.022222222222222223,273.6
13773,118,0.060118788932348254,341.1186440677966
13774,0,0.0,0.0
13775,6,0.06666666666666667,332.6666666666667
13776,507,0.08760358927583008,411.99605522682447
13777,809,0.07703863711463853,381.8108776266996
13778,8,0.0,219.125
13779,67,0.08276797829036635,405.9850746268657
13780,45,0.11616161616161616,475.8666666666667
13781,192,0.07618891797556719,381.9479166666667
13782,0,0.0,0.0
13783,7,0.3333333333333333,767.0
13784,18,0.1111111111111111,471.55555555555554
13785,9,0.1111111111111111,432.6666666666667
13786,5,0.3,529.2
13787,67,0.05472636815920398,321.95522388059703
13788,85,0.07675070028011205,399.56470588235294
13789,180,0.08001241464928616,390.23333333333335
13790,27,0.06267806267806268,339.3703703703704
13791,29,0.0812807881773399,454.7931034482759
13792,41,0.045121951219512194,349.609756097561
13793,13,0.038461538461538464,387.38461538461536
13794,0,0.0,0.0
13795,36,0.06984126984126984,342.3888888888889
13796,1,0.0,1030.0
13797,0,0.0,0.0
13798,39,0.04183535762483131,309.35897435897436
13799,9,0.19444444444444445,474.1111111111111
13800,0,0.0,0.0
13801,1,0.0,5.0
13802,0,0.0,0.0
13803,2,0.0,1228.5
13804,13,0.0,218.84615384615384
13805,10,0.06666666666666667,483.6
13806,548,0.09039352006298457,414.88138686131384
13807,2,0.0,366.0
13808,35,0.05546218487394958,354.45714285714286
13809,8,0.0,376.375
13810,145,0.09195402298850575,420.36551724137934
13811,412,0.07624075780124252,383.7135922330097
13812,10,0.044444444444444446,431.5
13813,24,0.10144927536231885,489.0416666666667
13814,139,0.08143050776769889,401.15107913669067
13815,54,0.05380852550663871,330.1666666666667
13816,6,0.06666666666666667,417.6666666666667
13817,20,0.09473684210526316,511.75
13818,82,0.08822643781993375,406.4268292682927
13819,19,0.10526315789473684,449.6842105263158
13820,133,0.07518796992481203,367.7593984962406
13821,11,0.16363636363636364,451.54545454545456
13822,10,0.044444444444444446,248.0
13823,0,0.0,0.0
13824,10,0.0,323.3
13825,18,0.0196078431372549,229.88888888888889
13826,460,0.07568438003220612,381.8717391304348
13827,40,0.07051282051282051,352.175
13828,2,0.0,170.0
13829,264,0.09367438645005186,421.0416666666667
13830,1,0.0,82.0
13831,4,0.16666666666666666,584.5
13832,26,0.036923076923076927,345.03846153846155
13833,0,0.0,0.0
13834,13,0.0641025641025641,315.2307692307692
13835,0,0.0,0.0
13836,38,0.05832147937411095,376.60526315789474
13837,1,0.0,726.0
13838,7,0.14285714285714285,462.2857142857143
13839,10,0.06666666666666667,426.5
13840,6,0.0,311.3333333333333
13841,14,0.06593406593406594,374.5
13842,100,0.09717171717171717,429.0
13843,47,0.04625346901017576,285.40425531914894
13844,162,0.07008664979679473,368.9074074074074
13845,40,0.09487179487179487,452.075
13846,67,0.08593396653098145,393.23880597014926
13847,90,0.06941323345817728,367.1
13848,4,0.0,466.5
13849,7,0.047619047619047616,588.4285714285714
13850,7,0.047619047619047616,439.2857142857143
13851,42,0.08013937282229965,358.3333333333333
13852,20,0.13157894736842105,492.05
13853,8,0.14285714285714285,557.75
13854,112,0.07722007722007722,386.44642857142856
13855,101,0.056633663366336635,329.8910891089109
13856,7,0.09523809523809523,489.7142857142857
13857,135,0.09231619679380873,421.2814814814815
13858,69,0.10315430520034101,458.1159420289855
13859,21,0.0380952380952381,320.14285714285717
13860,53,0.09941944847605225,423.811320754717
13861,1,0.0,49.0
13862,0,0.0,0.0
13863,77,0.09911141490088858,427.83116883116884
13864,0,0.0,0.0
13865,42,0.10801393728222997,453.3095238095238
13866,70,0.06956521739130435,381.74285714285713
13867,753,0.07688748551891723,384.68924302788844
13868,1,0.0,126.0
13869,0,0.0,0.0
13870,0,0.0,0.0
13871,29,0.0960591133004926,444.2758620689655
13872,175,0.07133004926108374,383.48
13873,2,0.0,460.5
13874,1,0.0,504.0
13875,0,0.0,0.0
13876,0,0.0,0.0
13877,31,0.06666666666666667,330.2258064516129
13878,1,0.0,552.0
13879,1415,0.06358824676006218,347.1703180212014
13880,6,0.2,493.1666666666667
13881,38,0.051209103840682786,334.5
13882,3,0.0,372.3333333333333
13883,114,0.10138177301661233,442.3859649122807
13884,1,0.0,344.0
13885,240,0.08218270571827058,397.39166666666665
13886,62,0.05817028027498678,333.30645161290323
13887,285,0.07575982209043736,377.27719298245614
13888,21,0.0380952380952381,270.0
13889,18,0.0718954248366013,374.8888888888889
13890,15,0.05714285714285714,377.26666666666665
13891,44,0.07188160676532769,399.09090909090907
13892,53,0.06821480406386067,363.92452830188677
13893,366,0.08942286099258927,413.89071038251365
13894,3,0.0,316.3333333333333
13895,31,0.05806451612903226,340.3225806451613
13896,65,0.08990384615384615,430.67692307692306
13897,7,0.0,273.42857142857144
13898,45,0.0797979797979798,385.06666666666666
13899,3,0.6666666666666666,673.0
13900,549,0.08799010809301583,410.20582877959924
13901,1,0.0,622.0
13902,182,0.10017606702689576,446.5164835164835
13903,35,0.058823529411764705,337.14285714285717
13904,40,0.10384615384615385,419.575
13905,35,0.06218487394957983,368.6857142857143
13906,287,0.05535927487146999,327.52613240418117
13907,40,0.07692307692307693,420.175
13908,1,0.0,10.0
13909,29,0.09113300492610837,439.51724137931035
13910,7,0.09523809523809523,349.7142857142857
13911,6,0.0,186.0
13912,29,0.04433497536945813,381.6551724137931
13913,71,0.08048289738430583,404.9718309859155
13914,2,0.0,917.0
13915,60,0.09774011299435029,433.53333333333336
13916,0,0.0,0.0
13917,6,0.0,285.8333333333333
13918,0,0.0,0.0
13919,1,0.0,4.0
13920,243,0.07363194231881101,373.58024691358025
13921,2,0.0,137.0
13922,0,0.0,0.0
13923,58,0.12401693889897157,489.13793103448273
13924,161,0.09340062111801242,424.54037267080747
13925,0,0.0,0.0
13926,0,0.0,0.0
13927,11,0.03636363636363636,264.54545454545456
13928,0,0.0,0.0
13929,14,0.13186813186813187,458.85714285714283
13930,1255,0.06897068822000674,362.9705179282868
13931,38,0.09246088193456614,403.7631578947368
13932,61,0.08961748633879782,416.0163934426229
13933,3,0.0,314.6666666666667
13934,205,0.08871353419416547,418.7512195121951
13935,102,0.1005629974762182,435.6470588235294
13936,63,0.07834101382488479,375.25396825396825
13937,0,0.0,0.0
13938,89,0.07303370786516854,381.96629213483146
13939,476,0.0637859354268023,349.203781512605
13940,371,0.06502513294966125,354.25606469002696
13941,0,0.0,0.0
13942,34,0.053475935828877004,350.1470588235294
13943,12,0.07575757575757576,333.9166666666667
13944,5,0.0,344.2
13945,3,0.0,321.0
13946,11,0.09090909090909091,390.90909090909093
13947,29,0.046798029556650245,329.44827586206895
13948,106,0.08733153638814016,418.33962264150944
13949,305,0.09204055220017256,420.28196721311474
13950,5,0.1,494.8
13951,0,0.0,0.0
13952,10,0.2222222222222222,541.7
13953,34,0.05525846702317291,386.9117647058824
13954,33,0.0625,340.3636363636364
13955,0,0.0,0.0
13956,261,0.07745358090185676,382.1570881226054
13957,0,0.0,0.0
13958,16,0.041666666666666664,283.0625
13959,258,0.07260278104545592,378.6007751937984
13960,9,0.05555555555555555,322.6666666666667
13961,277,0.08609323497096218,410.18772563176896
13962,3,0.3333333333333333,601.3333333333334
13963,97,0.062285223367697595,346.5773195876289
13964,346,0.08333752199044986,401.228323699422
13965,3,0.0,202.33333333333334
13966,0,0.0,0.0
13967,53,0.08490566037735849,423.50943396226415
13968,2,0.0,169.5
13969,3,0.0,365.6666666666667
13970,144,0.06837606837606838,364.2916666666667
13971,5,0.0,432.6
13972,29,0.15270935960591134,544.1724137931035
13973,1,0.0,674.0
13974,19,0.06432748538011696,333.05263157894734
13975,195,0.08776103621464446,414.14358974358976
13976,70,0.07163561076604555,393.5571428571429
13977,18,0.0457516339869281,332.1111111111111
13978,11,0.10909090909090909,502.90909090909093
13979,8,0.0,269.0
13980,0,0.0,0.0
13981,37,0.10510510510510511,466.2162162162162
13982,7,0.09523809523809523,407.57142857142856
13983,25,0.06333333333333334,388.56
13984,0,0.0,0.0
13985,17,0.03676470588235294,358.1764705882353
13986,500,0.07212825651302605,370.988
13987,30,0.059770114942528735,342.93333333333334
13988,45,0.06868686868686869,362.6
13989,6,0.0,309.8333333333333
13990,101,0.12079207920792079,467.029702970297
13991,42,0.12195121951219512,453.8095238095238
13992,38,0.08250355618776671,373.36842105263156
13993,169,0.07664130741053818,381.92899408284023
13994,11,0.05454545454545454,474.1818181818182
13995,95,0.05352743561030235,322.63157894736844
13996,4,0.16666666666666666,563.5
13997,66,0.07179487179487179,360.8939393939394
13998,7,0.14285714285714285,520.5714285714286
13999,95,0.07928331466965285,385.0210526315789
14000,20,0.07894736842105263,385.85
14001,1,0.0,104.0
14002,56,0.07142857142857142,379.07142857142856
14003,2,1.0,617.0
14004,14,0.054945054945054944,425.57142857142856
14005,9,0.05555555555555555,436.44444444444446
14006,471,0.07962235171884176,391.5307855626327
14007,2,0.0,220.0
14008,40,0.10128205128205128,478.125
14009,9,0.027777777777777776,252.55555555555554
14010,46,0.07729468599033816,399.4130434782609
14011,56,0.06623376623376623,353.9107142857143
14012,37,0.1066066066066066,479.1621621621622
14013,6,0.0,378.8333333333333
14014,4,0.16666666666666666,393.25
14015,2,0.0,598.0
14016,14,0.04395604395604396,334.0
14017,81,0.09351851851851851,421.0617283950617
14018,118,0.0663479646530494,357.4237288135593
14019,77,0.06390977443609022,352.5064935064935
14020,5,0.2,428.4
14021,6,0.06666666666666667,412.0
14022,49,0.07142857142857142,409.38775510204084
14023,18,0.0915032679738562,429.6666666666667
14024,0,0.0,0.0
14025,41,0.045121951219512194,289.390243902439
14026,5,0.1,349.6
14027,5,0.0,486.0
14028,5,0.0,244.2
14029,73,0.09170471841704718,402.86301369863014
14030,2,0.0,219.0
14031,28,0.10317460317460317,462.2857142857143
14032,7,0.0,413.85714285714283
14033,214,0.0840682725637313,403.99532710280374
14034,5,0.1,407.2
14035,0,0.0,0.0
14036,131,0.06318261890780975,346.1145038167939
14037,108,0.0711318795430945,375.25
14038,1,0.0,748.0
14039,2,0.0,136.5
14040,22,0.04329004329004329,337.77272727272725
14041,49,0.06972789115646258,396.3265306122449
14042,1,0.0,138.0
14043,135,0.07982310668877833,404.2814814814815
14044,137,0.11002576212966939,459.5985401459854
14045,92,0.08934543717152413,427.9130434782609
14046,17,0.03676470588235294,306.0
14047,44,0.06236786469344609,357.84090909090907
14048,28,0.06613756613756613,428.2142857142857
14049,16,0.03333333333333333,367.5
14050,255,0.07139107611548556,370.4627450980392
14051,738,0.07554246505830052,379.0934959349593
14052,66,0.07692307692307693,390.9848484848485
14053,2,0.0,432.0
14054,4,0.16666666666666666,410.0
14055,11,0.05454545454545454,466.0
14056,0,0.0,0.0
14057,3,0.0,161.0
14058,59,0.07130333138515488,369.66101694915255
14059,59,0.08182349503214495,418.66101694915255
14060,26,0.06461538461538462,375.6923076923077
14061,182,0.061744884949304836,340.1043956043956
14062,71,0.06317907444668008,352.3380281690141
14063,343,0.09859683221659592,438.5889212827988
14064,34,0.09982174688057041,455.02941176470586
14065,48,0.09308510638297872,443.6666666666667
14066,10,0.044444444444444446,325.3
14067,3,0.0,292.3333333333333
14068,1,0.0,716.0
14069,224,0.07583279948750801,385.00892857142856
14070,27,0.07407407407407407,451.2962962962963
14071,21,0.07142857142857142,335.0
14072,24,0.09420289855072464,444.3333333333333
14073,350,0.08879246827670896,411.49142857142857
14074,29,0.09852216748768473,475.3448275862069
14075,3,0.0,585.6666666666666
14076,49,0.10119047619047619,448.8775510204082
14077,2,1.0,432.5
14078,68,0.0636523266022827,328.52941176470586
14079,130,0.06607036374478235,363.83846153846156
14080,5,0.5,598.6
14081,22,0.05194805194805195,395.0
14082,146,0.0843646669815777,412.2260273972603
14083,5,0.0,409.2
14084,23,0.13438735177865613,502.7826086956522
14085,23,0.07905138339920949,349.95652173913044
14086,90,0.05593008739076155,336.3333333333333
14087,128,0.08772145669291338,406.71875
14088,136,0.10381263616557734,456.7867647058824
14089,348,0.07277485176719997,371.0574712643678
14090,0,0.0,0.0
14091,72,0.07198748043818466,365.43055555555554
14092,70,0.06873706004140787,344.6
14093,0,0.0,0.0
14094,227,0.05988070640520837,336.18502202643174
14095,72,0.06298904538341157,351.69444444444446
14096,382,0.08996715724670541,413.29319371727746
14097,0,0.0,0.0
14098,0,0.0,0.0
14099,46,0.02608695652173913,276.89130434782606
14100,3,0.0,373.3333333333333
14101,62,0.05552617662612375,335.80645161290323
14102,15,0.009523809523809525,157.93333333333334
14103,0,0.0,0.0
14104,1,0.0,555.0
14105,165,0.10310421286031042,458.26666666666665
14106,24,0.10144927536231885,465.75
14107,32,0.07056451612903226,381.4375
14108,11,0.07272727272727272,353.27272727272725
14109,12,0.16666666666666666,614.9166666666666
14110,22,0.05194805194805195,310.22727272727275
14111,68,0.050921861281826165,311.02941176470586
14112,1,0.0,2.0
14113,70,0.12298136645962733,463.34285714285716
14114,14,0.06593406593406594,326.35714285714283
14115,0,0.0,0.0
14116,56,0.06948051948051948,348.07142857142856
14117,4,0.0,213.25
14118,111,0.09402129402129403,415.3063063063063
14119,2,0.0,357.5
14120,0,0.0,0.0
14121,5,0.1,641.2
14122,10,0.022222222222222223,321.5
14123,291,0.08830430145751866,413.9621993127148
14124,9,0.05555555555555555,372.55555555555554
14125,11,0.01818181818181818,348.3636363636364
14126,169,0.07544378698224852,385.3609467455621
14127,129,0.08733042635658915,410.3410852713178
14128,207,0.07091599831152386,367.6473429951691
14129,5,0.0,245.2
14130,40,0.08205128205128205,405.375
14131,2,0.0,209.5
14132,71,0.03299798792756539,266.84507042253523
14133,7,0.09523809523809523,470.14285714285717
14134,10,0.044444444444444446,475.6
14135,1,0.0,243.0
14136,0,0.0,0.0
14137,248,0.09008097165991903,418.7903225806452
14138,11,0.10909090909090909,397.09090909090907
14139,1,0.0,268.0
14140,2,0.0,688.0
14141,0,0.0,0.0
14142,638,0.08190823954370752,394.7899686520376
14143,303,0.0792516337726488,391.8712871287129
14144,16,0.1,455.875
14145,30,0.12183908045977011,475.53333333333336
14146,178,0.07097060877293214,360.2415730337079
14147,10,0.13333333333333333,498.4
14148,18,0.11764705882352941,488.77777777777777
14149,147,0.09952474140341068,433.6326530612245
14150,90,0.07166042446941323,373.81111111111113
14151,15,0.047619047619047616,303.6
14152,71,0.08209255533199195,399.50704225352115
14153,5,0.0,152.4
14154,94,0.07000686341798215,365.01063829787233
14155,125,0.05496774193548387,330.016
14156,7,0.047619047619047616,213.42857142857142
14157,180,0.10018621973929237,438.77222222222224
14158,35,0.06386554621848739,339.8285714285714
14159,5,0.0,624.8
14160,6,0.26666666666666666,774.5
14161,7,0.14285714285714285,498.85714285714283
14162,0,0.0,0.0
14163,8,0.03571428571428571,297.375
14164,2,0.0,43.0
14165,6,0.0,368.5
14166,44,0.045454545454545456,301.84090909090907
14167,73,0.07077625570776255,365.958904109589
14168,0,0.0,0.0
14169,46,0.05603864734299517,338.82608695652175
14170,20,0.11578947368421053,458.95
14171,141,0.09219858156028368,409.3049645390071
14172,11,0.09090909090909091,409.54545454545456
14173,2,0.0,21.5
14174,20,0.09473684210526316,415.8
14175,365,0.07424356465452356,381.3123287671233
14176,30,0.06896551724137931,384.9
14177,69,0.07971014492753623,388.6521739130435
14178,1,0.0,78.0
14179,19,0.07602339181286549,373.5263157894737
14180,15,0.13333333333333333,496.93333333333334
14181,0,0.0,0.0
14182,295,0.10453130404704254,452.8033898305085
14183,0,0.0,0.0
14184,3,0.0,199.33333333333334
14185,557,0.08099660307660514,392.2100538599641
14186,0,0.0,0.0
14187,22,0.07792207792207792,403.04545454545456
14188,4,0.0,442.5
14189,30,0.07126436781609195,371.8
14190,16,0.041666666666666664,222.875
14191,76,0.0968421052631579,441.0921052631579
14192,54,0.06289308176100629,370.85185185185185
14193,20,0.14210526315789473,547.45
14194,62,0.07086197778952935,361.8709677419355
14195,116,0.08290854572713643,397.6465517241379
14196,441,0.08817769532055246,411.20861678004536
14197,14,0.10989010989010989,412.5
14198,10,0.044444444444444446,227.9
14199,659,0.08335831669057382,401.36722306525036
14200,3,0.0,608.3333333333334
14201,80,0.07974683544303797,390.9625
14202,61,0.08688524590163935,417.1639344262295
14203,1,0.0,105.0
14204,98,0.08373658741847255,403.765306122449
14205,259,0.0813504534434767,387.72200772200773
14206,0,0.0,0.0
14207,14,0.01098901098901099,181.85714285714286
14208,493,0.09278682036313264,422.6085192697769
14209,0,0.0,0.0
14210,35,0.11260504201680673,457.4
14211,394,0.09173221735704783,421.9543147208122
14212,38,0.0953058321479374,392.6842105263158
14213,8,0.17857142857142858,633.75
14214,0,0.0,0.0
14215,52,0.09728506787330317,410.9230769230769
14216,17,0.04411764705882353,349.6470588235294
14217,0,0.0,0.0
14218,566,0.0789017792926608,390.07597173144876
14219,0,0.0,0.0
14220,2,0.0,646.0
14221,12,0.030303030303030304,197.41666666666666
14222,619,0.08211385939321696,392.1922455573506
14223,590,0.08232281085436391,396.40508474576274
14224,98,0.07637281716810436,376.85714285714283
14225,37,0.05105105105105105,335.18918918918916
14226,2,0.0,198.0
14227,309,0.10202580590930105,444.22330097087377
14228,91,0.06642246642246642,362.032967032967
14229,303,0.0770222717636002,382.1716171617162
14230,34,0.11942959001782531,489.11764705882354
14231,9,0.08333333333333333,480.77777777777777
14232,2,0.0,563.0
14233,101,0.09584158415841584,436.03960396039605
14234,92,0.09125656951743909,415.3369565217391
14235,0,0.0,0.0
14236,7,0.09523809523809523,429.2857142857143
14237,0,0.0,0.0
14238,3,0.3333333333333333,439.0
14239,0,0.0,0.0
14240,3,0.3333333333333333,752.0
14241,39,0.0553306342780027,342.7692307692308
14242,0,0.0,0.0
14243,0,0.0,0.0
14244,71,0.08450704225352113,400.19718309859155
14245,7,0.047619047619047616,394.85714285714283
14246,339,0.0648269361679845,348.55162241887905
14247,21,0.047619047619047616,285.2857142857143
14248,11,0.03636363636363636,382.0
14249,254,0.1030469017459774,449.3503937007874
14250,59,0.0771478667445938,397.96610169491527
14251,230,0.09656350863869376,425.8608695652174
14252,9,0.1111111111111111,553.1111111111111
14253,2,0.0,63.0
14254,93,0.06778868630201028,364.01075268817203
14255,0,0.0,0.0
14256,4,0.5,866.75
14257,42,0.08246225319396051,373.1666666666667
14258,62,0.088841882601798,428.03225806451616
14259,0,0.0,0.0
14260,9,0.0,237.33333333333334
14261,264,0.09427929484963705,427.1628787878788
14262,350,0.08697503069995907,409.9714285714286
14263,16,0.08333333333333333,411.0
14264,20,0.06315789473684211,404.7
14265,2,0.0,408.0
14266,7,0.047619047619047616,203.57142857142858
14267,0,0.0,0.0
14268,11,0.07272727272727272,358.27272727272725
14269,39,0.048582995951417005,331.56410256410254
14270,158,0.08175441425461581,399.9240506329114
14271,244,0.0926263239560143,418.6803278688525
14272,38,0.049786628733997154,313.89473684210526
14273,1,0.0,197.0
14274,0,0.0,0.0
14275,205,0.08995695839311334,414.50243902439024
14276,44,0.05813953488372093,357.72727272727275
14277,49,0.07738095238095238,393.7755102040816
14278,14,0.12087912087912088,478.2142857142857
14279,262,0.08598754058085462,408.5496183206107
14280,0,0.0,0.0
14281,850,0.07635003117854916,380.99882352941177
14282,2,0.0,691.0
14283,6,0.0,231.66666666666666
14284,8,0.03571428571428571,402.625
14285,450,0.08490967582281614,405.21777777777777
14286,1,0.0,1250.0
14287,0,0.0,0.0
14288,18,0.058823529411764705,330.72222222222223
14289,76,0.07719298245614035,384.39473684210526
14290,2,1.0,579.0
14291,17,0.022058823529411766,219.58823529411765
14292,49,0.06207482993197279,350.57142857142856
14293,25,0.05333333333333334,323.8
14294,0,0.0,0.0
14295,4,0.0,519.0
14296,0,0.0,0.0
14297,8,0.07142857142857142,282.625
14298,1,0.0,460.0
14299,8,0.10714285714285714,345.0
14300,72,0.046948356807511735,306.40277777777777
14301,13,0.01282051282051282,187.30769230769232
14302,22,0.047619047619047616,322.6818181818182
14303,206,0.07388112716078617,373.7378640776699
14304,51,0.06588235294117648,330.921568627451
14305,0,0.0,0.0
14306,91,0.09914529914529914,443.24175824175825
14307,23,0.05533596837944664,294.9130434782609
14308,12,0.07575757575757576,317.5833333333333
14309,3,0.0,645.6666666666666
14310,4,0.0,204.0
14311,1009,0.07508809602466689,378.16947472745295
14312,0,0.0,0.0
14313,2,0.0,181.5
14314,288,0.09139082462253194,418.85069444444446
14315,4,0.0,238.5
14316,10,0.15555555555555556,508.3
14317,15,0.14285714285714285,492.6
14318,1,0.0,532.0
14319,30,0.08045977011494253,411.1666666666667
14320,4,0.0,388.0
14321,1,0.0,168.0
14322,71,0.049899396378269616,326.49295774647885
14323,6,0.13333333333333333,411.5
14324,469,0.07453574617753722,376.99360341151385
14325,19,0.08187134502923976,374.8421052631579
14326,30,0.09195402298850575,427.93333333333334
14327,0,0.0,0.0
14328,23,0.03557312252964427,378.3478260869565
14329,3,0.0,316.3333333333333
14330,0,0.0,0.0
14331,125,0.05767741935483871,325.544
14332,495,0.0807753649858913,394.6181818181818
14333,4,0.0,672.75
14334,31,0.07096774193548387,395.6774193548387
14335,81,0.09814814814814815,442.55555555555554
14336,3,0.0,521.6666666666666
14337,12,0.07575757575757576,378.0833333333333
14338,78,0.06327006327006326,364.93589743589746
14339,108,0.09449636552440291,430.8333333333333
14340,2,0.0,181.5
14341,70,0.03975155279503106,304.4142857142857
14342,2,0.0,424.5
14343,2,1.0,688.0
14344,12,0.10606060606060606,424.5
14345,63,0.06144393241167435,372.44444444444446
14346,0,0.0,0.0
14347,34,0.07130124777183601,358.8235294117647
14348,0,0.0,0.0
14349,11,0.10909090909090909,354.27272727272725
14350,7,0.09523809523809523,459.42857142857144
14351,13,0.05128205128205128,243.69230769230768
14352,39,0.05128205128205128,367.8205128205128
14353,19,0.12280701754385964,433.36842105263156
14354,50,0.1110204081632653,435.0
14355,133,0.08259284575074048,388.42857142857144
14356,41,0.1048780487804878,439.0487804878049
14357,1,0.0,989.0
14358,0,0.0,0.0
14359,0,0.0,0.0
14360,11,0.09090909090909091,410.8181818181818
14361,42,0.11614401858304298,427.73809523809524
14362,404,0.08662752131292534,411.7549504950495
14363,6,0.06666666666666667,654.5
14364,130,0.08550983899821109,406.55384615384617
14365,14,0.01098901098901099,207.85714285714286
14366,129,0.08175872093023256,396.86821705426354
14367,0,0.0,0.0
14368,87,0.09970596097300187,437.51724137931035
14369,124,0.08431681091004459,404.38709677419354
14370,107,0.10086404514195027,445.58878504672896
14371,6,0.0,161.83333333333334
14372,595,0.0852163087457205,404.66218487394957
14373,5,0.0,131.4
14374,49,0.061224489795918366,357.0204081632653
14375,44,0.10042283298097252,429.72727272727275
14376,37,0.09309309309309309,416.5405405405405
14377,11,0.12727272727272726,411.8181818181818
14378,3,0.0,182.0
14379,3,0.0,145.66666666666666
14380,53,0.09941944847605225,452.8490566037736
14381,159,0.09648913303080965,434.0314465408805
14382,192,0.100021815008726,438.109375
14383,21,0.11904761904761904,433.23809523809524
14384,44,0.05179704016913319,306.52272727272725
14385,2,0.0,220.5
14386,1,0.0,50.0
14387,313,0.07153682313426722,375.961661341853
14388,299,0.08475679558259074,403.96321070234114
14389,143,0.0807643061164188,401.32167832167835
14390,481,0.07664587664587665,380.8212058212058
14391,8,0.17857142857142858,562.25
14392,111,0.06961506961506962,372.65765765765764
14393,92,0.09173435260391782,409.0652173913044
14394,83,0.09550396708786366,420.7469879518072
14395,162,0.08020857296219615,393.8641975308642
14396,0,0.0,0.0
14397,40,0.06666666666666667,393.675
14398,159,0.07849693495740785,387.44025157232704
14399,1,0.0,65.0
14400,11,0.07272727272727272,394.1818181818182
14401,1,0.0,544.0
14402,5,0.0,120.6
14403,4,0.16666666666666666,334.0
14404,237,0.07745119073160266,392.3586497890295
14405,0,0.0,0.0
14406,26,0.07076923076923076,317.6923076923077
14407,14,0.054945054945054944,232.28571428571428
14408,5,0.1,453.0
14409,6,0.0,268.5
14410,15,0.009523809523809525,250.6
14411,2,0.0,921.0
14412,13,0.14102564102564102,429.9230769230769
14413,27,0.07122507122507123,413.9259259259259
14414,57,0.05701754385964912,314.6842105263158
14415,8,0.07142857142857142,494.375
14416,70,0.09772256728778468,442.01428571428573
14417,200,0.0849748743718593,404.46
14418,7,0.047619047619047616,247.14285714285714
14419,24,0.07608695652173914,370.5
14420,11,0.0,269.54545454545456
14421,0,0.0,0.0
14422,59,0.07247223845704266,378.93220338983053
14423,88,0.09090909090909091,412.3863636363636
14424,32,0.07258064516129033,372.34375
14425,35,0.05378151260504202,340.6857142857143
14426,19,0.06432748538011696,288.57894736842104
14427,2,0.0,831.5
14428,42,0.08130081300813008,390.6190476190476
14429,615,0.07212203066656074,373.39674796747966
14430,3,0.0,299.3333333333333
14431,50,0.08244897959183674,375.88
14432,32,0.13306451612903225,515.15625
14433,6,0.06666666666666667,530.1666666666666
14434,5,0.1,432.8
14435,753,0.07941637704501145,391.30013280212484
14436,28,0.07936507936507936,431.7142857142857
14437,4,0.0,246.0
14438,57,0.08082706766917293,400.6666666666667
14439,831,0.07118147680976614,369.5511432009627
14440,28,0.12962962962962962,542.8571428571429
14441,4,0.0,534.5
14442,7,0.0,216.28571428571428
14443,122,0.06123831459151877,336.7049180327869
14444,79,0.09120415449529373,417.0
14445,789,0.07268083354242665,374.43979721166033
14446,536,0.06906123587669132,365.1194029850746
14447,13,0.08974358974358974,431.3076923076923
14448,131,0.08032883147386964,394.8396946564886
14449,5,0.0,360.0
14450,8,0.0,354.375
14451,5,0.1,435.0
14452,945,0.07680477087256748,382.04656084656085
14453,0,0.0,0.0
14454,122,0.07952851917084405,403.94262295081967
14455,18,0.0915032679738562,394.1666666666667
14456,0,0.0,0.0
14457,1,0.0,112.0
14458,52,0.05580693815987934,351.13461538461536
14459,0,0.0,0.0
14460,99,0.08080808080808081,388.1515151515151
14461,1,0.0,685.0
14462,15,0.0761904761904762,428.6
14463,27,0.07692307692307693,360.4074074074074
14464,17,0.11764705882352941,405.4117647058824
14465,3,0.3333333333333333,339.0
14466,42,0.06620209059233449,373.8333333333333
14467,17,0.08088235294117647,314.3529411764706
14468,2,0.0,58.0
14469,4,0.16666666666666666,680.25
14470,654,0.06852869138438915,360.9847094801223
14471,0,0.0,0.0
14472,9,0.1111111111111111,475.3333333333333
14473,5,0.0,101.2
14474,2,0.0,122.5
14475,0,0.0,0.0
14476,2,0.0,232.0
14477,194,0.0667699375033385,358.13917525773195
14478,136,0.09803921568627451,428.33088235294116
14479,11,0.07272727272727272,403.09090909090907
14480,98,0.07258573532505785,374.48979591836735
14481,9,0.0,280.3333333333333
14482,6,0.2,447.0
14483,294,0.0708365257365745,365.9421768707483
14484,47,0.05180388529139685,340.9148936170213
14485,5,0.0,189.4
14486,13,0.07692307692307693,349.0769230769231
14487,1,0.0,28.0
14488,124,0.07303960136375558,373.5967741935484
14489,0,0.0,0.0
14490,287,0.07353621987768329,374.10452961672473
14491,568,0.07821000074521202,386.8292253521127
14492,30,0.06896551724137931,420.8666666666667
14493,9,0.027777777777777776,415.77777777777777
14494,0,0.0,0.0
14495,30,0.04827586206896552,275.06666666666666
14496,19,0.11695906432748537,490.36842105263156
14497,187,0.0546259559542292,322.73262032085563
14498,18,0.0718954248366013,351.0
14499,0,0.0,0.0
14500,244,0.07178034136139783,372.8688524590164
14501,41,0.06097560975609756,311.1219512195122
14502,4,0.3333333333333333,390.75
14503,14,0.0989010989010989,447.14285714285717
14504,0,0.0,0.0
14505,1,0.0,283.0
14506,292,0.08082662524125594,394.26027397260276
14507,36,0.09682539682539683,435.44444444444446
14508,2,0.0,198.0
14509,0,0.0,0.0
14510,0,0.0,0.0
14511,119,0.07876370887337986,393.6218487394958
14512,4,0.16666666666666666,636.5
14513,4,0.3333333333333333,580.75
14514,23,0.11857707509881422,441.82608695652175
14515,30,0.07126436781609195,418.7
14516,25,0.08,381.44
14517,2,0.0,238.5
14518,40,0.08846153846153847,470.625
14519,1,0.0,20.0
14520,117,0.06631299734748011,362.35042735042737
14521,3,0.0,514.3333333333334
14522,16,0.016666666666666666,313.25
14523,18,0.0718954248366013,385.94444444444446
14524,6,0.0,510.5
14525,130,0.08992248062015504,423.0153846153846
14526,20,0.08947368421052632,398.1
14527,1,0.0,115.0
14528,1,0.0,913.0
14529,28,0.1349206349206349,447.42857142857144
14530,0,0.0,0.0
14531,22,0.03896103896103896,326.22727272727275
14532,1,0.0,237.0
14533,383,0.07540360614055473,378.9556135770235
14534,31,0.047311827956989246,282.48387096774195
14535,455,0.07999225444159365,393.4835164835165
14536,1,0.0,309.0
14537,501,0.0902994011976048,417.2255489021956
14538,1,0.0,701.0
14539,61,0.05245901639344262,329.26229508196724
14540,86,0.05444596443228454,322.2906976744186
14541,9,0.05555555555555555,314.55555555555554
14542,162,0.09347442680776014,416.94444444444446
14543,5,0.0,530.4
14544,52,0.06259426847662142,356.65384615384613
14545,366,0.08608428774608878,408.6174863387978
14546,40,0.05897435897435897,340.7
14547,32,0.0625,348.5625
14548,0,0.0,0.0
14549,3,0.0,526.0
14550,45,0.09898989898989899,429.3333333333333
14551,35,0.10084033613445378,455.74285714285713
14552,0,0.0,0.0
14553,82,0.08852755194218609,402.280487804878
14554,8,0.07142857142857142,440.875
14555,18,0.0915032679738562,547.2222222222222
14556,20,0.042105263157894736,361.8
14557,402,0.08208334884182579,399.8955223880597
14558,76,0.06631578947368422,378.4736842105263
14559,2,1.0,524.0
14560,93,0.06124357176250585,335.81720430107526
14561,1,0.0,410.0
14562,42,0.09523809523809523,448.2142857142857
14563,1,0.0,511.0
14564,2,0.0,747.0
14565,0,0.0,0.0
14566,6,0.0,288.6666666666667
14567,47,0.06938020351526364,378.3829787234043
14568,1,0.0,13.0
14569,79,0.0694579681921454,369.73417721518985
14570,23,0.09881422924901186,408.04347826086956
14571,0,0.0,0.0
14572,8,0.07142857142857142,290.375
14573,107,0.0698289543290425,360.22429906542055
14574,0,0.0,0.0
14575,61,0.030601092896174863,254.50819672131146
14576,7,0.047619047619047616,143.14285714285714
14577,0,0.0,0.0
14578,38,0.11379800853485064,482.2631578947368
14579,200,0.09582914572864322,432.17
14580,13,0.10256410256410256,444.2307692307692
14581,82,0.07226738934056007,371.3658536585366
14582,3,0.0,530.0
14583,23,0.06719367588932806,389.4347826086956
14584,671,0.07292301532575572,372.4903129657228
14585,358,0.07389324444861743,373.5670391061453
14586,2,0.0,229.0
14587,6,0.0,315.6666666666667
14588,13,0.10256410256410256,427.15384615384613
14589,7,0.0,279.85714285714283
14590,13,0.038461538461538464,351.46153846153845
14591,579,0.08156289031918772,394.89637305699483
14592,8,0.10714285714285714,367.75
14593,14,0.13186813186813187,501.92857142857144
14594,9,0.08333333333333333,412.3333333333333
14595,5,0.1,376.2
14596,26,0.11076923076923077,399.2307692307692
14597,0,0.0,0.0
14598,11,0.07272727272727272,444.54545454545456
14599,35,0.05714285714285714,307.0
14600,13,0.01282051282051282,247.6153846153846
14601,0,0.0,0.0
14602,88,0.054336468129571575,323.40909090909093
14603,7,0.047619047619047616,437.85714285714283
14604,12,0.030303030303030304,126.83333333333333
14605,34,0.06060606060606061,342.05882352941177
14606,3,0.0,106.33333333333333
14607,1,0.0,261.0
14608,2,0.0,105.5
14609,0,0.0,0.0
14610,0,0.0,0.0
14611,17,0.10294117647058823,488.8235294117647
14612,96,0.10241228070175439,431.7395833333333
14613,20,0.05263157894736842,346.6
14614,21,0.06190476190476191,370.04761904761904
14615,0,0.0,0.0
14616,321,0.07747274143302181,390.58878504672896
14617,17,0.014705882352941176,183.76470588235293
14618,23,0.06324110671936758,359.7826086956522
14619,0,0.0,0.0
14620,25,0.06,358.36
14621,9,0.0,230.77777777777777
14622,0,0.0,0.0
14623,13,0.1282051282051282,522.0
14624,5,0.0,251.6
14625,6,0.13333333333333333,457.5
14626,95,0.10772676371780515,460.2105263157895
14627,0,0.0,0.0
14628,2,1.0,300.5
14629,183,0.08893292499849877,423.0
14630,2,0.0,98.0
14631,148,0.07528957528957529,372.5135135135135
14632,8,0.03571428571428571,171.5
14633,4,0.16666666666666666,286.25
14634,4,0.16666666666666666,398.0
14635,22,0.06926406926406926,314.3181818181818
14636,6,0.0,351.3333333333333
14637,0,0.0,0.0
14638,21,0.04285714285714286,233.47619047619048
14639,3,0.3333333333333333,860.0
14640,3,0.0,482.3333333333333
14641,7,0.09523809523809523,450.42857142857144
14642,40,0.06153846153846154,339.2
14643,63,0.0670762928827445,344.1587301587302
14644,0,0.0,0.0
14645,0,0.0,0.0
14646,53,0.05805515239477504,343.45283018867923
14647,122,0.09538002980625931,434.24590163934425
14648,64,0.08283730158730158,380.0
14649,10,0.06666666666666667,271.5
14650,6,0.2,399.0
14651,41,0.09634146341463415,443.6585365853659
14652,35,0.023529411764705882,259.14285714285717
14653,22,0.10822510822510822,501.40909090909093
14654,0,0.0,0.0
14655,343,0.09503350212265357,429.62390670553935
14656,199,0.07420943099335059,381.66331658291455
14657,3,0.0,544.6666666666666
14658,48,0.11436170212765957,469.5625
14659,113,0.048672566371681415,318.9380530973451
14660,16,0.175,515.9375
14661,33,0.03409090909090909,265.45454545454544
14662,0,0.0,0.0
14663,22,0.047619047619047616,294.0
14664,65,0.07067307692307692,371.6923076923077
14665,34,0.06060606060606061,330.8529411764706
14666,501,0.08737724550898203,409.1497005988024
14667,1,0.0,579.0
14668,10,0.06666666666666667,290.3
14669,6,0.0,170.83333333333334
14670,4,0.3333333333333333,471.0
14671,14,0.07692307692307693,363.57142857142856
14672,94,0.0526195378631892,314.97872340425533
14673,57,0.04887218045112782,316.35087719298247
14674,12,0.22727272727272727,600.5
14675,39,0.09851551956815115,454.71794871794873
14676,8,0.14285714285714285,467.625
14677,3,0.0,126.0
14678,35,0.08739495798319327,370.8857142857143
14679,29,0.07881773399014778,388.2068965517241
14680,2,0.0,253.5
14681,302,0.08241842863743372,398.9701986754967
14682,158,0.07990002418769653,394.00632911392404
14683,282,0.10287473814391358,446.1418439716312
14684,77,0.09090909090909091,421.4025974025974
14685,204,0.06775813773785376,355.28921568627453
14686,201,0.07492537313432836,379.1542288557214
14687,729,0.07957988513544069,391.5089163237311
14688,57,0.08395989974937343,381.63157894736844
14689,6,0.06666666666666667,373.6666666666667
14690,0,0.0,0.0
14691,10,0.044444444444444446,353.8
14692,62,0.09413008989952407,428.8225806451613
14693,433,0.09315926781284749,421.61200923787527
14694,56,0.09610389610389611,424.625
14695,152,0.0948065528058557,426.19736842105266
14696,1,0.0,19.0
14697,0,0.0,0.0
14698,99,0.06143063285920429,351.050505050505
14699,77,0.09022556390977443,408.7922077922078
14700,361,0.08494921514312095,407.3074792243767
14701,1,0.0,251.0
14702,123,0.08130081300813008,392.609756097561
14703,3,0.0,219.33333333333334
14704,10,0.06666666666666667,369.5
14705,0,0.0,0.0
14706,0,0.0,0.0
14707,0,0.0,0.0
14708,3,0.0,680.6666666666666
14709,47,0.06753006475485661,342.02127659574467
14710,45,0.05454545454545454,339.6222222222222
14711,24,0.06521739130434782,362.375
14712,4,0.0,663.0
14713,20,0.04736842105263158,422.1
14714,4,0.0,299.0
14715,0,0.0,0.0
14716,9,0.05555555555555555,206.11111111111111
14717,25,0.09333333333333334,449.56
14718,101,0.09702970297029703,438.44554455445547
14719,15,0.0761904761904762,318.73333333333335
14720,2,0.0,426.5
14721,33,0.06818181818181818,348.3333333333333
14722,19,0.14035087719298245,506.7368421052632
14723,7,0.09523809523809523,483.42857142857144
14724,1,0.0,44.0
14725,5,0.3,533.0
14726,5,0.0,82.6
14727,19,0.05847953216374269,332.8421052631579
14728,11,0.01818181818181818,302.45454545454544
14729,42,0.06504065040650407,352.4761904761905
14730,2,0.0,728.0
14731,148,0.05993748850891708,346.1621621621622
14732,9,0.027777777777777776,304.55555555555554
14733,6,0.06666666666666667,451.5
14734,26,0.046153846153846156,399.0769230769231
14735,9,0.027777777777777776,293.22222222222223
14736,16,0.041666666666666664,380.5625
14737,6,0.26666666666666666,712.0
14738,2,0.0,530.5
14739,15,0.0380952380952381,286.93333333333334
14740,6,0.13333333333333333,269.8333333333333
14741,13,0.0641025641025641,385.53846153846155
14742,72,0.05359937402190924,334.68055555555554
14743,101,0.07544554455445544,389.990099009901
14744,8,0.07142857142857142,338.0
14745,20,0.10526315789473684,437.45
14746,53,0.07402031930333818,376.92452830188677
14747,149,0.07826954471249774,389.28187919463085
14748,2,0.0,716.0
14749,1,0.0,31.0
14750,150,0.07713646532438478,381.22
14751,25,0.056666666666666664,397.96
14752,14,0.054945054945054944,384.07142857142856
14753,7,0.047619047619047616,246.71428571428572
14754,132,0.08859588248901226,411.3030303030303
14755,0,0.0,0.0
14756,77,0.04955570745044429,328.24675324675326
14757,0,0.0,0.0
14758,533,0.08270676691729323,395.69418386491554
14759,320,0.08432601880877742,402.1125
14760,445,0.07445085534973175,382.87865168539327
14761,16,0.06666666666666667,400.1875
14762,0,0.0,0.0
14763,0,0.0,0.0
14764,169,0.08417864187094956,403.7869822485207
14765,19,0.08771929824561403,377.2631578947368
14766,39,0.1106612685560054,492.2564102564103
14767,37,0.04504504504504504,301.5135135135135
14768,10,0.022222222222222223,279.7
14769,2,0.0,645.0
14770,524,0.07849605184417556,387.75954198473283
14771,25,0.05333333333333334,314.32
14772,26,0.12307692307692308,447.6923076923077
14773,633,0.07066510688503609,369.2843601895735
14774,7,0.0,411.2857142857143
14775,137,0.0742808072133963,381.0729927007299
14776,134,0.09864212770732803,435.4776119402985
14777,1,0.0,125.0
14778,15,0.047619047619047616,238.26666666666668
14779,464,0.08782676696209131,410.35129310344826
14780,87,0.08420208500400962,405.1034482758621
14781,1,0.0,984.0
14782,16,0.175,543.6875
14783,1,0.0,58.0
14784,63,0.05837173579109063,332.25396825396825
14785,25,0.03333333333333333,270.92
14786,118,0.10980733014631319,442.10169491525426
14787,30,0.07586206896551724,364.0
14788,0,0.0,0.0
14789,111,0.0895986895986896,405.27027027027026
14790,273,0.07773109243697479,386.76556776556777
14791,13,0.02564102564102564,297.53846153846155
14792,12,0.0,212.0
14793,1,0.0,176.0
14794,6,0.0,247.33333333333334
14795,0,0.0,0.0
14796,1,0.0,799.0
14797,9,0.027777777777777776,274.6666666666667
14798,116,0.07961019490254873,389.9741379310345
14799,68,0.07857769973661106,398.47058823529414
14800,126,0.07504761904761904,380.031746031746
14801,336,0.0711087420042644,373.32142857142856
14802,27,0.03133903133903134,267.2962962962963
14803,25,0.03333333333333333,298.72
14804,192,0.09533158813263526,440.7395833333333
14805,4,0.16666666666666666,258.0
14806,34,0.11051693404634581,448.55882352941177
14807,9,0.027777777777777776,389.22222222222223
14808,11,0.16363636363636364,560.7272727272727
14809,36,0.04285714285714286,296.69444444444446
14810,40,0.057692307692307696,340.925
14811,131,0.07469172049324721,382.1603053435114
14812,6,0.0,279.6666666666667
14813,0,0.0,0.0
14814,4,0.0,438.5
14815,26,0.10153846153846154,519.1538461538462
14816,66,0.05827505827505827,335.6212121212121
14817,300,0.07955406911928652,392.3833333333333
14818,67,0.0845771144278607,411.6865671641791
14819,0,0.0,0.0
14820,0,0.0,0.0
14821,76,0.058596491228070174,353.55263157894734
14822,30,0.03908045977011494,287.26666666666665
14823,34,0.058823529411764705,351.70588235294116
14824,23,0.06324110671936758,383.2173913043478
14825,4,0.0,96.5
14826,28,0.06084656084656084,392.5
14827,0,0.0,0.0
14828,15,0.0380952380952381,313.2
14829,52,0.06561085972850679,353.7307692307692
14830,48,0.09397163120567376,435.7916666666667
14831,16,0.06666666666666667,278.8125
14832,415,0.09132180897503056,419.5084337349398
14833,8,0.14285714285714285,481.75
14834,154,0.09498344792462439,427.73376623376623
14835,23,0.06719367588932806,364.0869565217391
14836,0,0.0,0.0
14837,43,0.046511627906976744,329.0
14838,2,0.0,24.5
14839,56,0.048701298701298704,319.07142857142856
14840,2,0.0,151.0
14841,0,0.0,0.0
14842,87,0.05693664795509222,346.11494252873564
14843,23,0.13438735177865613,492.30434782608694
14844,7,0.0,281.42857142857144
14845,9,0.19444444444444445,542.7777777777778
14846,8,0.0,185.375
14847,18,0.10457516339869281,431.05555555555554
14848,3,0.0,228.33333333333334
14849,0,0.0,0.0
14850,104,0.09559372666168783,417.52884615384613
14851,284,0.0708206838202359,368.0281690140845
14852,555,0.0746999707288516,378.9711711711712
14853,36,0.06507936507936508,389.6111111111111
14854,2,0.0,349.0
14855,48,0.09131205673758866,420.4583333333333
14856,149,0.07400689279883911,384.18791946308727
14857,91,0.08424908424908426,418.6703296703297
14858,9,0.16666666666666666,608.6666666666666
14859,15,0.11428571428571428,487.6666666666667
14860,42,0.032520325203252036,328.9761904761905
14861,413,0.06316556571616634,349.3317191283293
14862,1,0.0,631.0
14863,0,0.0,0.0
14864,121,0.08898071625344353,427.75206611570246
14865,120,0.052521008403361345,315.475
14866,4,0.0,185.75
14867,142,0.08001198681450404,395.00704225352115
14868,3,0.0,147.66666666666666
14869,17,0.058823529411764705,389.05882352941177
14870,18,0.0718954248366013,360.55555555555554
14871,1,0.0,674.0
14872,60,0.05084745762711865,304.8
14873,24,0.07971014492753623,345.4166666666667
14874,96,0.11447368421052631,453.5520833333333
14875,7,0.0,430.2857142857143
14876,235,0.07765048190580105,395.08936170212763
14877,116,0.1095952023988006,462.5603448275862
14878,6,0.13333333333333333,329.5
14879,3,0.0,342.0
14880,2,0.0,302.0
14881,605,0.0789776147994089,388.0082644628099
14882,1,0.0,793.0
14883,9,0.05555555555555555,374.44444444444446
14884,87,0.07244052392408447,381.67816091954023
14885,0,0.0,0.0
14886,0,0.0,0.0
14887,299,0.06145765527148661,339.95317725752506
14888,2,0.0,58.5
14889,158,0.0890107232121261,407.2721518987342
14890,25,0.06333333333333334,382.92
14891,0,0.0,0.0
14892,23,0.06324110671936758,344.4782608695652
14893,19,0.1111111111111111,412.4736842105263
14894,184,0.07418626752197671,383.54891304347825
14895,777,0.07339887752258886,375.64478764478764
14896,4,0.3333333333333333,685.0
14897,623,0.07464658611737625,381.7239165329053
14898,209,0.0931174089068826,418.2200956937799
14899,20,0.05789473684210526,398.85
14900,20,0.05263157894736842,319.45
14901,0,0.0,0.0
14902,13,0.0641025641025641,347.7692307692308
14903,262,0.06431517065894533,351.7671755725191
14904,0,0.0,0.0
14905,61,0.09234972677595628,422.5245901639344
14906,10,0.08888888888888889,392.2
14907,87,0.05640203154236835,327.7816091954023
14908,5,0.0,286.2
14909,65,0.058653846153846154,340.26153846153846
14910,212,0.08025574532772958,400.25
14911,2,0.0,44.5
14912,7,0.09523809523809523,413.14285714285717
14913,0,0.0,0.0
14914,59,0.09175920514319112,397.08474576271186
14915,902,0.0819956146287323,396.5986696230599
14916,0,0.0,0.0
14917,13,0.15384615384615385,470.53846153846155
14918,23,0.05928853754940711,376.7826086956522
14919,90,0.11485642946317104,474.0888888888889
14920,6,0.0,213.83333333333334
14921,23,0.07114624505928854,384.39130434782606
14922,5,0.0,342.0
14923,222,0.08173331702743468,396.5855855855856
14924,2,0.0,506.0
14925,34,0.11764705882352941,456.88235294117646
14926,53,0.11103047895500726,439.45283018867923
14927,3,0.0,133.0
14928,8,0.03571428571428571,438.25
14929,20,0.13157894736842105,444.65
14930,7,0.047619047619047616,258.14285714285717
14931,0,0.0,0.0
14932,2,0.0,316.0
14933,24,0.043478260869565216,311.8333333333333
14934,2,0.0,487.0
14935,20,0.10526315789473684,382.85
14936,33,0.13446969696969696,495.5151515151515
14937,38,0.041251778093883355,316.6578947368421
14938,244,0.0702286986439992,369.89344262295083
14939,50,0.08897959183673469,438.8
14940,32,0.06653225806451613,341.84375
14941,581,0.07845569469998219,387.76247848537
14942,16,0.075,372.375
14943,66,0.11002331002331002,470.6363636363636
14944,1,0.0,293.0
14945,19,0.1111111111111111,463.1578947368421
14946,8,0.0,393.75
14947,0,0.0,0.0
14948,310,0.08645996450568953,406.9258064516129
14949,8,0.07142857142857142,347.0
14950,1,0.0,849.0
14951,15,0.01904761904761905,206.13333333333333
14952,32,0.03024193548387097,284.0625
14953,76,0.09719298245614034,459.5657894736842
14954,179,0.08348502918837487,396.60893854748605
14955,10,0.044444444444444446,434.7
14956,3,0.0,367.3333333333333
14957,94,0.0828185769846717,416.1595744680851
14958,70,0.056314699792960665,368.25714285714287
14959,9,0.1388888888888889,411.3333333333333
14960,55,0.04242424242424243,316.4909090909091
14961,30,0.08735632183908046,426.3333333333333
14962,5,0.1,180.8
14963,1,0.0,251.0
14964,115,0.08405797101449275,411.6608695652174
14965,31,0.043010752688172046,324.4193548387097
14966,0,0.0,0.0
14967,6,0.06666666666666667,625.1666666666666
14968,0,0.0,0.0
14969,5,0.2,492.0
14970,93,0.07643758765778401,390.8817204301075
14971,24,0.07246376811594203,399.625
14972,0,0.0,0.0
14973,60,0.09209039548022599,422.3333333333333
14974,0,0.0,0.0
14975,23,0.08300395256916997,444.17391304347825
14976,18,0.058823529411764705,349.0
14977,0,0.0,0.0
14978,0,0.0,0.0
14979,7,0.09523809523809523,311.42857142857144
14980,10,0.044444444444444446,322.2
14981,69,0.07246376811594203,374.57971014492756
14982,18,0.0457516339869281,255.27777777777777
14983,18,0.0915032679738562,351.27777777777777
14984,1,0.0,256.0
14985,189,0.09022852639873917,420.4550264550264
14986,19,0.017543859649122806,212.57894736842104
14987,208,0.07975659606094389,393.6923076923077
14988,30,0.07126436781609195,347.6
14989,0,0.0,0.0
14990,7,0.14285714285714285,392.42857142857144
14991,12,0.030303030303030304,330.0
14992,51,0.0603921568627451,353.5686274509804
14993,19,0.06432748538011696,323.2105263157895
14994,238,0.06726234797716554,369.781512605042
14995,7,0.19047619047619047,513.2857142857143
14996,8,0.10714285714285714,756.0
14997,39,0.06072874493927125,358.53846153846155
14998,27,0.04843304843304843,322.0
14999,131,0.06306517909571345,347.0381679389313
15000,10,0.06666666666666667,450.4
15001,170,0.08054298642533937,396.5352941176471
15002,6,0.13333333333333333,533.3333333333334
15003,0,0.0,0.0
15004,3,0.0,247.33333333333334
15005,665,0.08122565449769001,390.42406015037596
15006,149,0.09613640486123708,433.96644295302013
15007,359,0.06515616003485784,352.6991643454039
15008,0,0.0,0.0
15009,0,0.0,0.0
15010,56,0.052597402597402594,312.67857142857144
15011,30,0.14022988505747128,490.4
15012,26,0.055384615384615386,306.3076923076923
15013,130,0.06857483601669648,359.9230769230769
15014,4,0.0,303.75
15015,117,0.05349248452696728,317.7435897435897
15016,72,0.0880281690140845,407.6666666666667
15017,83,0.06435498089920658,356.7469879518072
15018,92,0.09483994266602962,439.60869565217394
15019,686,0.08308825094166968,398.7725947521866
15020,42,0.0545876887340302,338.73809523809524
15021,404,0.07855686313048178,384.3019801980198
15022,291,0.08847019789074535,414.6666666666667
15023,0,0.0,0.0
15024,11,0.03636363636363636,239.0909090909091
15025,1,0.0,157.0
15026,17,0.04411764705882353,310.8235294117647
15027,127,0.08798900137482815,413.0
15028,0,0.0,0.0
15029,2,0.0,242.0
15030,0,0.0,0.0
15031,4,0.0,136.75
15032,25,0.03333333333333333,331.72
15033,28,0.10582010582010581,425.10714285714283
15034,4,0.0,432.25
15035,3,0.0,149.66666666666666
15036,75,0.07387387387387387,360.46666666666664
15037,331,0.09026824132564314,413.9969788519638
15038,2,0.0,96.0
15039,39,0.059379217273954114,323.3076923076923
15040,0,0.0,0.0
15041,4,0.0,212.25
15042,14,0.18681318681318682,613.4285714285714
15043,0,0.0,0.0
15044,27,0.08547008547008547,397.6296296296296
15045,1,0.0,401.0
15046,59,0.0847457627118644,431.20338983050846
15047,6,0.13333333333333333,653.8333333333334
15048,3,0.0,477.0
15049,1,0.0,357.0
15050,111,0.07731367731367732,400.2072072072072
15051,33,0.05113636363636364,325.3636363636364
15052,87,0.10024057738572574,444.5977011494253
15053,6,0.0,370.3333333333333
15054,97,0.07882302405498282,380.7938144329897
15055,2,0.0,604.5
15056,320,0.08730407523510972,409.9625
15057,25,0.05333333333333334,346.12
15058,16,0.11666666666666667,433.75
15059,99,0.07833436404864977,402.4343434343434
15060,0,0.0,0.0
15061,0,0.0,0.0
15062,640,0.0791422143974961,388.853125
15063,700,0.08062129572859186,393.36857142857144
15064,2,1.0,534.0
15065,0,0.0,0.0
15066,35,0.11428571428571428,446.25714285714287
15067,5,0.0,551.0
15068,8,0.03571428571428571,368.625
15069,17,0.03676470588235294,249.1764705882353
15070,2,0.0,870.5
15071,19,0.0935672514619883,420.2631578947368
15072,24,0.050724637681159424,318.0833333333333
15073,15,0.047619047619047616,358.4
15074,78,0.055944055944055944,332.4230769230769
15075,4,0.0,174.25
15076,305,0.08037100949094046,391.2655737704918
15077,41,0.06707317073170732,364.2926829268293
15078,14,0.06593406593406594,401.7142857142857
15079,48,0.07712765957446809,397.2916666666667
15080,17,0.09558823529411764,353.94117647058823
15081,1,0.0,448.0
15082,81,0.05617283950617284,324.24691358024694
15083,1018,0.06665082593938411,357.1611001964637
15084,22,0.03896103896103896,277.22727272727275
15085,2,0.0,457.5
15086,14,0.06593406593406594,441.7142857142857
15087,0,0.0,0.0
15088,49,0.09098639455782313,415.81632653061223
15089,109,0.08851512062521237,413.92660550458714
15090,56,0.06753246753246753,369.2142857142857
15091,70,0.045548654244306416,308.74285714285713
15092,275,0.09573988055739881,431.6872727272727
15093,16,0.10833333333333334,520.75
15094,0,0.0,0.0
15095,40,0.07692307692307693,377.825
15096,160,0.08238993710691823,383.4
15097,9,0.027777777777777776,271.8888888888889
15098,18,0.0392156862745098,345.5
15099,19,0.1695906432748538,459.94736842105266
15100,0,0.0,0.0
15101,1,0.0,15.0
15102,7,0.047619047619047616,396.42857142857144
15103,0,0.0,0.0
15104,50,0.0636734693877551,378.22
15105,2,0.0,367.0
15106,36,0.07142857142857142,339.69444444444446
15107,12,0.10606060606060606,469.25
15108,0,0.0,0.0
15109,4,0.0,79.0
15110,39,0.09041835357624832,419.4102564102564
15111,128,0.07997047244094488,388.4296875
15112,7,0.047619047619047616,359.14285714285717
15113,3,0.0,70.0
15114,6,0.0,325.1666666666667
15115,7,0.09523809523809523,239.42857142857142
15116,359,0.08028197507041596,399.924791086351
15117,65,0.07836538461538461,378.9846153846154
15118,10,0.06666666666666667,405.9
15119,7,0.0,216.0
15120,6,0.2,312.8333333333333
15121,0,0.0,0.0
15122,81,0.06388888888888888,352.5679012345679
15123,9,0.0,179.22222222222223
15124,2,0.0,147.5
15125,17,0.051470588235294115,348.8235294117647
15126,24,0.10507246376811594,447.875
15127,100,0.1111111111111111,456.52
15128,3,0.0,334.0
15129,18,0.0784313725490196,340.72222222222223
15130,0,0.0,0.0
15131,1,0.0,291.0
15132,171,0.057722738218094254,337.953216374269
15133,0,0.0,0.0
15134,691,0.07700664862937562,385.5832127351664
15135,36,0.06666666666666667,346.55555555555554
15136,76,0.05824561403508772,336.4342105263158
15137,6,0.0,265.5
15138,2,0.0,209.0
15139,14,0.07692307692307693,382.92857142857144
15140,52,0.06561085972850679,367.0
15141,132,0.0715938006014342,372.030303030303
15142,4,0.0,267.75
15143,79,0.06426484907497566,346.62025316455697
15144,7,0.0,220.0
15145,112,0.07963320463320463,397.45535714285717
15146,10,0.15555555555555556,574.0
15147,799,0.07288559320704766,373.5607008760951
15148,50,0.07183673469387755,375.48
15149,1,0.0,329.0
15150,4,0.16666666666666666,588.5
15151,14,0.12087912087912088,436.57142857142856
15152,15,0.09523809523809523,430.3333333333333
15153,24,0.018115942028985508,310.3333333333333
15154,2,0.0,378.5
15155,240,0.10268479776847977,448.14166666666665
15156,11,0.0,208.0909090909091
15157,18,0.032679738562091505,323.6111111111111
15158,19,0.1111111111111111,521.421052631579
15159,1,0.0,83.0
15160,101,0.11544554455445545,476.54455445544556
15161,584,0.09060363260414954,419.22945205479454
15162,19,0.06432748538011696,344.89473684210526
15163,0,0.0,0.0
15164,81,0.07993827160493827,378.7037037037037
15165,164,0.0822983689959599,400.0914634146341
15166,6,0.06666666666666667,312.6666666666667
15167,146,0.055077940481813886,317.6164383561644
15168,145,0.05938697318007663,337.99310344827586
15169,73,0.06202435312024353,362.24657534246575
15170,8,0.03571428571428571,291.625
15171,28,0.06878306878306878,360.4642857142857
15172,34,0.10695187165775401,478.1764705882353
15173,22,0.09090909090909091,457.40909090909093
15174,112,0.08735521235521236,404.91964285714283
15175,23,0.08300395256916997,374.4782608695652
15176,2,0.0,291.0
15177,16,0.041666666666666664,303.8125
15178,34,0.0677361853832442,358.1764705882353
15179,15,0.05714285714285714,366.93333333333334
15180,902,0.07443810892553482,377.27272727272725
15181,45,0.09898989898989899,448.8222222222222
15182,5,0.0,423.4
15183,39,0.0728744939271255,414.0
15184,0,0.0,0.0
15185,37,0.0990990990990991,409.72972972972974
15186,1,0.0,609.0
15187,277,0.09451682101187674,433.6606498194946
15188,2,0.0,308.5
15189,109,0.09955827387020047,436.20183486238534
15190,52,0.09049773755656108,423.0
15191,0,0.0,0.0
15192,10,0.022222222222222223,233.4
15193,2,0.0,276.5
15194,1,0.0,242.0
15195,18,0.0457516339869281,415.8333333333333
15196,0,0.0,0.0
15197,29,0.03694581280788178,285.17241379310343
15198,183,0.08316819792229628,397.3169398907104
15199,14,0.08791208791208792,431.14285714285717
15200,537,0.08107507156952667,396.60521415270017
15201,863,0.07722212214984152,383.1993047508691
15202,31,0.060215053763440864,330.4516129032258
15203,3,0.0,267.6666666666667
15204,1237,0.06802657018101524,360.4939369442199
15205,11,0.05454545454545454,335.6363636363636
15206,18,0.0457516339869281,286.05555555555554
15207,0,0.0,0.0
15208,5,0.2,481.6
15209,0,0.0,0.0
15210,277,0.07489666718987077,376.4801444043321
15211,2,0.0,275.5
15212,83,0.08404349103732,405.71084337349396
15213,8,0.17857142857142858,584.5
15214,14,0.06593406593406594,330.92857142857144
15215,20,0.11052631578947368,460.15
15216,111,0.0819000819000819,395.34234234234236
15217,0,0.0,0.0
15218,28,0.07671957671957672,293.14285714285717
15219,1,0.0,405.0
15220,83,0.08081104907434616,394.0120481927711
15221,26,0.052307692307692305,358.6923076923077
15222,148,0.10884353741496598,461.7567567567568
15223,7,0.09523809523809523,354.85714285714283
15224,35,0.03865546218487395,303.0857142857143
15225,5,0.2,781.4
15226,0,0.0,0.0
15227,79,0.08568646543330087,395.0
15228,28,0.05291005291005291,307.92857142857144
15229,82,0.08039747064137308,403.3780487804878
15230,14,0.10989010989010989,465.2142857142857
15231,0,0.0,0.0
15232,6,0.13333333333333333,516.5
15233,589,0.06862779067484379,365.106960950764
15234,5,0.1,302.0
15235,24,0.11594202898550725,531.3333333333334
15236,7,0.14285714285714285,500.42857142857144
15237,74,0.10921880784894483,472.55405405405406
15238,86,0.11135430916552667,466.8837209302326
15239,1,0.0,72.0
15240,41,0.05609756097560976,335.5365853658537
15241,32,0.04435483870967742,285.4375
15242,5,0.1,232.8
15243,79,0.055176890619928594,329.32911392405066
15244,35,0.13109243697478992,488.2
15245,57,0.08583959899749373,406.2631578947368
15246,76,0.08842105263157894,416.1578947368421
15247,52,0.09502262443438914,451.34615384615387
15248,22,0.07792207792207792,419.3636363636364
15249,22,0.09523809523809523,444.6818181818182
15250,0,0.0,0.0
15251,0,0.0,0.0
15252,428,0.072873120444746,376.6518691588785
15253,34,0.0944741532976827,417.38235294117646
15254,11,0.10909090909090909,495.1818181818182
15255,3,0.0,116.66666666666667
15256,0,0.0,0.0
15257,281,0.07099644128113879,373.94306049822063
15258,9,0.0,260.44444444444446
15259,9,0.08333333333333333,485.8888888888889
15260,15,0.05714285714285714,384.73333333333335
15261,0,0.0,0.0
15262,0,0.0,0.0
15263,560,0.07603501150012779,382.0892857142857
15264,7,0.0,194.42857142857142
15265,10,0.08888888888888889,347.7
15266,17,0.09558823529411764,451.5882352941176
15267,61,0.08797814207650273,406.73770491803276
15268,4,0.0,377.75
15269,2,0.0,379.5
15270,20,0.07894736842105263,381.7
15271,193,0.0804188255613126,388.6735751295337
15272,0,0.0,0.0
15273,15,0.0761904761904762,468.8666666666667
15274,49,0.09098639455782313,439.734693877551
15275,110,0.07639699749791493,372.40909090909093
15276,0,0.0,0.0
15277,156,0.1130686517783292,474.89102564102564
15278,24,0.09057971014492754,402.625
15279,46,0.10241545893719807,455.17391304347825
15280,25,0.08666666666666667,385.4
15281,115,0.07063310450038139,373.8
15282,0,0.0,0.0
15283,13,0.32051282051282054,653.3846153846154
15284,6,0.13333333333333333,253.66666666666666
15285,68,0.05662862159789289,342.79411764705884
15286,6,0.0,376.3333333333333
15287,10,0.08888888888888889,340.2
15288,77,0.10526315789473684,452.6363636363636
15289,138,0.08938961176346133,418.1521739130435
15290,10,0.044444444444444446,388.0
15291,17,0.09558823529411764,372.47058823529414
15292,112,0.06515444015444015,343.0357142857143
15293,37,0.07507507507507508,380.6756756756757
15294,78,0.07625707625707626,422.7692307692308
15295,487,0.07762313990924531,386.58316221765915
15296,1,0.0,342.0
15297,1,0.0,44.0
15298,14,0.04395604395604396,331.07142857142856
15299,1,0.0,461.0
15300,1,0.0,208.0
15301,214,0.07283576850511167,379.7897196261682
15302,5,0.0,281.0
15303,3,0.0,205.66666666666666
15304,26,0.055384615384615386,320.2307692307692
15305,1,0.0,619.0
15306,1,0.0,552.0
15307,8,0.07142857142857142,512.5
15308,216,0.07342807924203273,374.7546296296296
15309,632,0.06851692110172722,360.4636075949367
15310,79,0.10256410256410256,432.9873417721519
15311,8,0.0,303.75
15312,0,0.0,0.0
15313,53,0.062409288824383166,330.75471698113205
15314,23,0.07509881422924901,377.3478260869565
15315,34,0.06417112299465241,375.9117647058824
15316,299,0.07106462256739467,365.10033444816054
15317,0,0.0,0.0
15318,1,0.0,34.0
15319,263,0.07793225553652802,384.3384030418251
15320,15,0.09523809523809523,455.8
15321,9,0.05555555555555555,348.3333333333333
15322,14,0.17582417582417584,532.5714285714286
15323,0,0.0,0.0
15324,31,0.07956989247311828,395.83870967741933
15325,1,0.0,102.0
15326,10,0.15555555555555556,414.5
15327,14,0.03296703296703297,271.85714285714283
15328,0,0.0,0.0
15329,0,0.0,0.0
15330,0,0.0,0.0
15331,0,0.0,0.0
15332,0,0.0,0.0
15333,65,0.06875,385.0615384615385
15334,1,0.0,38.0
15335,8,0.21428571428571427,415.0
15336,345,0.08287832827772161,397.968115942029
15337,439,0.06695374502033472,357.39179954441914
15338,374,0.09231408868690055,422.9598930481283
15339,32,0.0907258064516129,399.5
15340,99,0.08225108225108226,396.5656565656566
15341,37,0.06156156156156156,383.86486486486484
15342,60,0.0847457627118644,430.75
15343,7,0.19047619047619047,407.14285714285717
15344,9,0.0,339.55555555555554
15345,174,0.07069297721081656,380.7068965517241
15346,345,0.08867542972699696,416.29855072463766
15347,2,0.0,216.0
15348,13,0.14102564102564102,489.46153846153845
15349,0,0.0,0.0
15350,8,0.32142857142857145,619.625
15351,0,0.0,0.0
15352,63,0.05273937532002048,325.63492063492066
15353,437,0.0840593706044129,402.70480549199084
15354,201,0.08293532338308458,401.5124378109453
15355,26,0.08615384615384615,392.96153846153845
15356,23,0.07905138339920949,382.6521739130435
15357,36,0.05396825396825397,337.3333333333333
15358,23,0.039525691699604744,267.2173913043478
15359,0,0.0,0.0
15360,9,0.027777777777777776,418.6666666666667
15361,77,0.0673274094326726,358.61038961038963
15362,4,0.0,429.5
15363,37,0.057057057057057055,398.5405405405405
15364,3,0.3333333333333333,395.3333333333333
15365,51,0.0815686274509804,393.4313725490196
15366,41,0.06951219512195123,354.0487804878049
15367,41,0.06951219512195123,335.1219512195122
15368,16,0.09166666666666666,416.3125
15369,38,0.06970128022759602,389.0263157894737
15370,1,0.0,838.0
15371,9,0.027777777777777776,288.22222222222223
15372,6,0.13333333333333333,475.8333333333333
15373,27,0.11396011396011396,469.5925925925926
15374,31,0.04086021505376344,285.8709677419355
15375,15,0.05714285714285714,363.6666666666667
15376,10,0.1111111111111111,352.7
15377,362,0.09906490564882692,438.8066298342541
15378,83,0.07140758154569497,381.8433734939759
15379,176,0.08285714285714285,401.41477272727275
15380,68,0.06277436347673397,350.0
15381,6,0.06666666666666667,375.5
15382,4,0.0,209.75
15383,0,0.0,0.0
15384,32,0.05846774193548387,335.375
15385,33,0.03977272727272727,291.8181818181818
15386,4,0.0,334.5
15387,37,0.09759759759759759,411.7027027027027
15388,2,0.0,556.0
15389,269,0.06530544304499805,357.4275092936803
15390,428,0.0695900544988947,366.6542056074766
15391,68,0.08779631255487269,400.38235294117646
15392,79,0.08146705615060046,404.72151898734177
15393,30,0.09885057471264368,432.0
15394,500,0.09221643286573146,422.928
15395,30,0.07816091954022988,416.3
15396,560,0.07639279325325837,377.95714285714286
15397,4,0.0,286.75
15398,50,0.09714285714285714,434.56
15399,99,0.06679035250463822,357.2121212121212
15400,21,0.10952380952380952,432.1904761904762
15401,137,0.05216831258050666,310.54014598540147
15402,2,0.0,108.0
15403,2,0.0,48.5
15404,68,0.09833187006145742,427.2352941176471
15405,96,0.08048245614035088,386.65625
15406,6,0.13333333333333333,432.6666666666667
15407,20,0.04736842105263158,379.65
15408,0,0.0,0.0
15409,0,0.0,0.0
15410,319,0.07809388616155044,389.62382445141066
15411,116,0.09145427286356822,417.7844827586207
15412,0,0.0,0.0
15413,0,0.0,0.0
15414,8,0.10714285714285714,442.625
15415,4,0.0,478.75
15416,46,0.04927536231884058,304.45652173913044
15417,471,0.07856529791751367,384.1634819532909
15418,9,0.1388888888888889,296.22222222222223
15419,14,0.04395604395604396,303.2857142857143
15420,137,0.10079433233147274,430.4160583941606
15421,437,0.07121113513740474,370.96338672768877
15422,0,0.0,0.0
15423,5,0.1,520.0
15424,13,0.02564102564102564,197.3846153846154
15425,21,0.08571428571428572,437.57142857142856
15426,0,0.0,0.0
15427,407,0.07063579477372581,365.1081081081081
15428,9,0.05555555555555555,248.33333333333334
15429,79,0.09315157416423239,417.46835443037975
15430,29,0.06896551724137931,425.1034482758621
15431,11,0.05454545454545454,372.09090909090907
15432,11,0.07272727272727272,316.0
15433,17,0.07352941176470588,463.8235294117647
15434,43,0.10077519379844961,396.7906976744186
15435,9,0.027777777777777776,253.11111111111111
15436,2,0.0,289.0
15437,22,0.08658008658008658,402.27272727272725
15438,0,0.0,0.0
15439,0,0.0,0.0
15440,2,0.0,124.0
15441,14,0.04395604395604396,391.0
15442,12,0.06060606060606061,382.0
15443,249,0.0960940536338904,428.66265060240966
15444,14,0.14285714285714285,469.0
15445,0,0.0,0.0
15446,7,0.047619047619047616,301.0
15447,1,0.0,805.0
15448,0,0.0,0.0
15449,36,0.12222222222222222,493.5
15450,195,0.09098598995506212,419.26666666666665
15451,221,0.08889345948169478,409.1900452488688
15452,160,0.08404088050314465,410.70625
15453,358,0.07685085207267264,383.04748603351953
15454,46,0.07149758454106281,384.54347826086956
15455,75,0.03567567567567568,268.9866666666667
15456,419,0.08453711845245572,401.67780429594274
15457,242,0.0796611913171702,398.39256198347107
15458,281,0.07544483985765124,376.34163701067615
15459,821,0.07057425507263598,365.73934226552984
15460,89,0.05898876404494382,347.12359550561797
15461,17,0.11029411764705882,430.11764705882354
15462,12,0.06060606060606061,293.5
15463,3,0.0,135.0
15464,703,0.07676097149781361,382.6415362731152
15465,13,0.01282051282051282,184.69230769230768
15466,9,0.027777777777777776,297.6666666666667
15467,220,0.0879618098796181,419.7409090909091
15468,21,0.06190476190476191,426.04761904761904
15469,84,0.05364314400458979,315.8809523809524
15470,395,0.08241341643641971,400.0354430379747
15471,2,0.0,404.5
15472,5,0.0,431.8
15473,3,0.0,469.3333333333333
15474,19,0.1286549707602339,546.3684210526316
15475,46,0.07246376811594203,375.3695652173913
15476,0,0.0,0.0
15477,497,0.07935516323748945,390.51911468812875
15478,422,0.07987076583625086,391.02843601895734
15479,262,0.08601678804363722,407.8587786259542
15480,3,0.0,950.3333333333334
15481,3,0.3333333333333333,260.3333333333333
15482,0,0.0,0.0
15483,9,0.027777777777777776,461.8888888888889
15484,4,0.0,556.0
15485,18,0.0457516339869281,318.05555555555554
15486,2,0.0,199.5
15487,941,0.0770841341262125,385.44952178533475
15488,0,0.0,0.0
15489,14,0.0989010989010989,367.85714285714283
15490,30,0.0896551724137931,410.73333333333335
15491,722,0.06381564539862687,350.98337950138506
15492,0,0.0,0.0
15493,793,0.07863629994777535,389.01134930643127
15494,179,0.10306948716339213,447.4804469273743
15495,12,0.030303030303030304,264.3333333333333
15496,6,0.06666666666666667,366.6666666666667
15497,8,0.0,513.375
15498,37,0.07057057057057058,357.7027027027027
15499,23,0.06719367588932806,376.1304347826087
15500,21,0.06190476190476191,375.5238095238095
15501,0,0.0,0.0
15502,58,0.11433756805807622,438.1551724137931
15503,26,0.06153846153846154,355.7307692307692
15504,159,0.07642703606400764,386.12578616352204
15505,31,0.0967741935483871,447.741935483871
15506,22,0.06926406926406926,394.3636363636364
15507,103,0.08376166000380734,399.56310679611653
15508,37,0.10510510510510511,405.7027027027027
15509,0,0.0,0.0
15510,3,0.0,452.6666666666667
15511,1,0.0,59.0
15512,35,0.06722689075630252,389.37142857142857
15513,95,0.06091825307950728,354.2736842105263
15514,52,0.06636500754147813,341.86538461538464
15515,5,0.6,768.2
15516,13,0.05128205128205128,390.0769230769231
15517,0,0.0,0.0
15518,18,0.032679738562091505,252.0
15519,17,0.029411764705882353,354.88235294117646
15520,251,0.09290836653386454,427.14741035856576
15521,2,0.0,526.5
15522,138,0.07701258859621284,389.2971014492754
15523,35,0.04873949579831933,364.6857142857143
15524,44,0.09408033826638477,395.97727272727275
15525,43,0.06976744186046512,381.86046511627904
15526,3,0.0,508.0
15527,15,0.10476190476190476,347.06666666666666
15528,1,0.0,523.0
15529,200,0.09321608040201006,421.41
15530,1,0.0,177.0
15531,27,0.06552706552706553,382.77777777777777
15532,7,0.0,231.57142857142858
15533,1,0.0,448.0
15534,0,0.0,0.0
15535,4,0.3333333333333333,562.5
15536,134,0.06284367635506677,357.7014925373134
15537,100,0.09333333333333334,437.74
15538,3,0.0,351.6666666666667
15539,17,0.029411764705882353,200.35294117647058
15540,17,0.051470588235294115,365.11764705882354
15541,47,0.061979648473635525,356.06382978723406
15542,327,0.06050543141779704,344.4831804281346
15543,6,0.0,557.3333333333334
15544,316,0.0892706449668475,413.38607594936707
15545,87,0.08687516706762898,395.32183908045977
15546,23,0.05138339920948617,317.0
15547,27,0.1396011396011396,478.8888888888889
15548,3,0.0,374.3333333333333
15549,0,0.0,0.0
15550,46,0.05410628019323672,337.9782608695652
15551,508,0.08535619438102782,402.5255905511811
15552,5,0.0,386.2
15553,68,0.06453028972783142,349.5882352941176
15554,7,0.0,372.85714285714283
15555,0,0.0,0.0
15556,24,0.08695652173913043,384.8333333333333
15557,2,0.0,478.0
15558,17,0.10294117647058823,418.7647058823529
15559,3,0.0,365.0
15560,4,0.0,439.0
15561,3,0.0,528.3333333333334
15562,18,0.0457516339869281,416.27777777777777
15563,5,0.0,303.6
15564,4,0.16666666666666666,618.25
15565,2,0.0,394.0
15566,0,0.0,0.0
15567,0,0.0,0.0
15568,32,0.04435483870967742,320.90625
15569,12,0.07575757575757576,297.8333333333333
15570,7,0.14285714285714285,425.57142857142856
15571,3,0.3333333333333333,299.0
15572,26,0.06769230769230769,342.96153846153845
15573,21,0.04285714285714286,321.8095238095238
15574,1088,0.06718775366632393,358.1259191176471
15575,11,0.12727272727272726,505.72727272727275
15576,13,0.14102564102564102,465.38461538461536
15577,36,0.06984126984126984,362.3611111111111
15578,2,0.0,268.5
15579,8,0.03571428571428571,537.75
15580,7,0.09523809523809523,435.42857142857144
15581,10,0.044444444444444446,347.9
15582,5,0.0,212.0
15583,11,0.0,228.1818181818182
15584,5,0.0,309.4
15585,1,0.0,176.0
15586,3,0.0,313.6666666666667
15587,6,0.0,175.66666666666666
15588,18,0.032679738562091505,283.6111111111111
15589,3,0.0,311.0
15590,31,0.060215053763440864,381.19354838709677
15591,683,0.06765477473454615,359.00146412884334
15592,346,0.08760995224930887,404.9884393063584
15593,42,0.05226480836236934,314.2142857142857
15594,8,0.35714285714285715,867.875
15595,156,0.08238213399503722,393.1602564102564
15596,46,0.04830917874396135,338.19565217391306
15597,64,0.06349206349206349,358.34375
15598,25,0.04,333.64
15599,44,0.0824524312896406,369.97727272727275
15600,48,0.047872340425531915,337.9375
15601,14,0.06593406593406594,341.5
15602,1,0.0,272.0
15603,28,0.082010582010582,464.17857142857144
15604,10,0.0,154.4
15605,37,0.10810810810810811,470.13513513513516
15606,44,0.06871035940803383,389.1818181818182
15607,98,0.07994950557542604,392.44897959183675
15608,84,0.09064830751577739,416.6547619047619
15609,2,0.0,154.5
15610,17,0.07352941176470588,344.4117647058824
15611,81,0.06944444444444445,372.2098765432099
15612,12,0.13636363636363635,552.25
15613,12,0.10606060606060606,505.6666666666667
15614,20,0.010526315789473684,264.6
15615,646,0.07666978664170687,383.6222910216718
15616,73,0.07077625570776255,391.2739726027397
15617,3,0.3333333333333333,465.6666666666667
15618,201,0.07383084577114428,387.0049751243781
15619,3,0.0,93.0
15620,182,0.08269078987311032,394.2967032967033
15621,305,0.082053494391717,396.65245901639344
15622,0,0.0,0.0
15623,158,0.08425380956220269,406.4620253164557
15624,12,0.10606060606060606,432.0
15625,12,0.030303030303030304,403.0
15626,24,0.057971014492753624,353.1666666666667
15627,5,0.1,298.8
15628,2,1.0,1049.5
15629,10,0.0,224.1
15630,589,0.08801381333518127,409.3735144312394
15631,24,0.06884057971014493,391.875
15632,72,0.1111111111111111,469.97222222222223
15633,73,0.060882800608828,364.90410958904107
15634,80,0.08354430379746836,412.025
15635,19,0.10526315789473684,362.3157894736842
15636,0,0.0,0.0
15637,4,0.0,513.0
15638,503,0.07331310939146,374.3538767395626
15639,11,0.05454545454545454,254.0
15640,45,0.08888888888888889,386.64444444444445
15641,1,0.0,476.0
15642,2,0.0,606.0
15643,17,0.09558823529411764,455.6470588235294
15644,26,0.08,418.61538461538464
15645,3,0.0,634.6666666666666
15646,10,0.022222222222222223,324.9
15647,14,0.06593406593406594,388.14285714285717
15648,3,0.0,809.0
15649,41,0.11341463414634147,476.1951219512195
15650,117,0.07603890362511052,385.1709401709402
15651,2,0.0,52.0
15652,23,0.03557312252964427,284.2608695652174
15653,26,0.11384615384615385,492.96153846153845
15654,52,0.07692307692307693,403.8076923076923
15655,37,0.036036036036036036,282.4054054054054
15656,8,0.0,208.75
15657,0,0.0,0.0
15658,94,0.11393273850377487,501.468085106383
15659,156,0.08933002481389578,409.7692307692308
15660,626,0.07042044728434504,367.4121405750799
15661,722,0.07620994233155705,383.084487534626
15662,0,0.0,0.0
15663,0,0.0,0.0
15664,4,0.16666666666666666,301.0
15665,3,0.3333333333333333,449.6666666666667
15666,0,0.0,0.0
15667,78,0.07992007992007992,410.21794871794873
15668,148,0.06719985291413863,356.7364864864865
15669,18,0.0392156862745098,305.94444444444446
15670,22,0.03896103896103896,308.95454545454544
15671,666,0.08422858949174739,402.8873873873874
15672,1,0.0,686.0
15673,11,0.10909090909090909,536.7272727272727
15674,44,0.03699788583509514,307.20454545454544
15675,29,0.1354679802955665,452.3448275862069
15676,650,0.07049425151120066,369.28615384615387
15677,6,0.0,325.8333333333333
15678,4,0.0,90.5
15679,20,0.11052631578947368,407.0
15680,200,0.08678391959798995,410.245
15681,0,0.0,0.0
15682,0,0.0,0.0
15683,5,0.0,527.6
15684,168,0.09666381522668947,423.86309523809524
15685,0,0.0,0.0
15686,1,0.0,541.0
15687,28,0.03439153439153439,284.64285714285717
15688,1,0.0,427.0
15689,204,0.07133198106828939,373.3480392156863
15690,1,0.0,215.0
15691,1,0.0,1093.0
15692,8,0.2857142857142857,473.875
15693,581,0.08256276336874592,398.86402753872636
15694,12,0.09090909090909091,555.8333333333334
15695,187,0.050428382496693694,310.7165775401069
15696,37,0.1111111111111111,452.43243243243245
15697,725,0.08995618212992951,418.2537931034483
15698,0,0.0,0.0
15699,976,0.07291719209751997,373.1659836065574
15700,465,0.08083055246570263,393.3806451612903
15701,65,0.08557692307692308,402.55384615384617
15702,0,0.0,0.0
15703,116,0.07541229385307346,388.37931034482756
15704,0,0.0,0.0
15705,9,0.1388888888888889,571.7777777777778
15706,120,0.06820728291316526,372.03333333333336
15707,3,0.0,102.66666666666667
15708,82,0.08702198133092443,406.8658536585366
15709,11,0.05454545454545454,513.9090909090909
15710,38,0.015647226173541962,182.39473684210526
15711,9,0.08333333333333333,343.6666666666667
15712,6,0.26666666666666666,636.8333333333334
15713,0,0.0,0.0
15714,10,0.022222222222222223,291.3
15715,15,0.05714285714285714,352.53333333333336
15716,1,0.0,134.0
15717,0,0.0,0.0
15718,5,0.2,473.0
15719,4,0.0,378.25
15720,614,0.08957389035607441,414.8371335504886
15721,629,0.08697457292436686,410.1287758346582
15722,10,0.1111111111111111,512.6
15723,132,0.06581077955123757,347.1439393939394
15724,3,0.0,202.66666666666666
15725,1270,0.06098918486253048,340.96535433070864
15726,394,0.09180971571020782,419.4746192893401
15727,0,0.0,0.0
15728,9,0.027777777777777776,386.3333333333333
15729,67,0.06512890094979647,354.2985074626866
15730,21,0.0380952380952381,307.95238095238096
15731,4,0.0,176.5
15732,1,0.0,1103.0
15733,441,0.1020614306328592,441.0770975056689
15734,16,0.075,325.125
15735,25,0.06333333333333334,357.64
15736,0,0.0,0.0
15737,0,0.0,0.0
15738,48,0.08067375886524823,401.0625
15739,75,0.09045045045045046,439.72
15740,578,0.08427434588882958,404.51903114186854
15741,263,0.0746814500914289,380.03041825095056
15742,1825,0.060042057197788996,337.10246575342467
15743,63,0.08602150537634409,430.73015873015873
15744,355,0.08644863531471314,409.7464788732394
15745,12,0.06060606060606061,389.9166666666667
15746,112,0.0933075933075933,439.875
15747,1,0.0,276.0
15748,0,0.0,0.0
15749,166,0.07477181453085067,385.5120481927711
15750,134,0.08786892604645943,412.3134328358209
15751,2,1.0,501.5
15752,17,0.007352941176470588,171.8235294117647
15753,6,0.06666666666666667,302.6666666666667
15754,12,0.12121212121212122,444.75
15755,10,0.1111111111111111,480.7
15756,42,0.0743321718931475,360.1904761904762
15757,8,0.10714285714285714,536.25
15758,579,0.07874213385445614,386.2176165803109
15759,1,0.0,449.0
15760,11,0.12727272727272726,457.45454545454544
15761,56,0.06753246753246753,351.9107142857143
15762,6,0.13333333333333333,535.1666666666666
15763,18,0.0457516339869281,330.94444444444446
15764,19,0.05263157894736842,288.10526315789474
15765,37,0.07657657657657657,397.9189189189189
15766,13,0.038461538461538464,316.61538461538464
15767,1,0.0,12.0
15768,84,0.08663224325874928,404.1190476190476
15769,120,0.10070028011204482,436.425
15770,24,0.06521739130434782,354.8333333333333
15771,99,0.08183879612451041,405.6060606060606
15772,55,0.07811447811447811,370.45454545454544
15773,0,0.0,0.0
15774,990,0.07665941518317655,382.9727272727273
15775,15,0.08571428571428572,381.3333333333333
15776,163,0.09656896159963645,434.14723926380367
15777,93,0.06989247311827956,360.61290322580646
15778,77,0.06630211893369788,350.7012987012987
15779,100,0.06707070707070707,362.22
15780,468,0.07873496952726075,385.96367521367523
15781,21,0.08571428571428572,388.14285714285717
15782,1,0.0,477.0
15783,338,0.08612364581321441,410.1952662721894
15784,85,0.06666666666666667,358.5529411764706
15785,32,0.08266129032258064,381.125
15786,67,0.07236544549977386,373.82089552238807
15787,24,0.07971014492753623,399.1666666666667
15788,622,0.08902765480425204,412.9147909967846
15789,318,0.07622562149078428,379.70440251572325
15790,123,0.06130880980940957,340.6178861788618
15791,5,0.2,377.6
15792,15,0.0761904761904762,448.53333333333336
15793,3,0.0,217.0
15794,10,0.022222222222222223,247.2
15795,141,0.06808510638297872,361.6808510638298
15796,17,0.09558823529411764,493.7647058823529
15797,12,0.0,203.25
15798,5,0.0,261.2
15799,2,0.0,563.5
15800,265,0.07535734705546027,377.6301886792453
15801,1,0.0,824.0
15802,257,0.08046571011673152,390.9455252918288
15803,61,0.09562841530054644,433.8360655737705
15804,0,0.0,0.0
15805,18,0.13071895424836602,433.44444444444446
15806,0,0.0,0.0
15807,8,0.10714285714285714,449.0
15808,21,0.05714285714285714,333.85714285714283
15809,12,0.07575757575757576,415.75
15810,1,0.0,15.0
15811,151,0.058719646799116995,341.1456953642384
15812,238,0.07942417473318442,386.5126050420168
15813,260,0.10041580041580042,440.16923076923075
15814,40,0.12692307692307692,474.725
15815,30,0.0367816091954023,339.5
15816,25,0.07333333333333333,392.36
15817,42,0.09988385598141696,462.8095238095238
15818,38,0.07965860597439545,359.07894736842104
15819,105,0.06813186813186813,363.8
15820,4,0.0,532.75
15821,11,0.18181818181818182,434.45454545454544
15822,2,0.0,527.0
15823,142,0.07471781040855059,383.2323943661972
15824,165,0.06407982261640799,353.6242424242424
15825,60,0.05028248587570622,305.43333333333334
15826,0,0.0,0.0
15827,9,0.0,173.77777777777777
15828,0,0.0,0.0
15829,61,0.07377049180327869,387.21311475409834
15830,443,0.07918041326619205,384.9345372460497
15831,19,0.08187134502923976,395.36842105263156
15832,32,0.08064516129032258,416.25
15833,323,0.09343691710093649,427.8452012383901
15834,4,0.0,150.25
15835,5,0.0,298.4
15836,53,0.07474600870827286,386.1509433962264
15837,118,0.06547877734318412,367.43220338983053
15838,7,0.0,301.57142857142856
15839,55,0.10707070707070707,470.74545454545455
15840,9,0.05555555555555555,449.6666666666667
15841,20,0.02631578947368421,268.35
15842,0,0.0,0.0
15843,55,0.04107744107744108,313.90909090909093
15844,8,0.0,223.5
15845,67,0.07010402532790593,383.55223880597015
15846,13,0.05128205128205128,324.15384615384613
15847,94,0.09654541294898193,410.3404255319149
15848,7,0.09523809523809523,333.85714285714283
15849,0,0.0,0.0
15850,12,0.19696969696969696,417.3333333333333
15851,0,0.0,0.0
15852,24,0.06159420289855073,362.625
15853,40,0.08333333333333333,381.575
15854,29,0.06403940886699508,306.86206896551727
15855,2,0.0,551.0
15856,239,0.1209873070567139,486.6694560669456
15857,0,0.0,0.0
15858,160,0.062342767295597484,345.49375
15859,304,0.08144432864339066,393.06907894736844
15860,29,0.04926108374384237,325.41379310344826
15861,16,0.13333333333333333,410.0
15862,58,0.07924984875983061,399.7931034482759
15863,8,0.07142857142857142,372.625
15864,8,0.03571428571428571,196.625
15865,76,0.06421052631578947,361.6842105263158
15866,1,0.0,265.0
15867,8,0.14285714285714285,597.75
15868,284,0.09194744438361618,424.05281690140845
15869,0,0.0,0.0
15870,4,0.0,310.0
15871,0,0.0,0.0
15872,5,0.3,658.6
15873,166,0.08316903979554582,396.7469879518072
15874,6,0.13333333333333333,331.1666666666667
15875,23,0.09486166007905138,414.95652173913044
15876,676,0.08044269121192198,391.34615384615387
15877,0,0.0,0.0
15878,6,0.0,475.0
15879,21,0.023809523809523808,274.0
15880,92,0.08146201624462494,399.44565217391306
15881,3,0.0,493.3333333333333
15882,77,0.07689678742310321,384.02597402597405
15883,31,0.15053763440860216,513.0322580645161
15884,9,0.0,321.55555555555554
15885,60,0.08870056497175141,441.1666666666667
15886,115,0.1026697177726926,451.6695652173913
15887,1,0.0,52.0
15888,56,0.06558441558441558,364.82142857142856
15889,1418,0.06663693832596926,355.83286318758815
15890,86,0.08125854993160055,402.3720930232558
15891,1,0.0,34.0
15892,369,0.10473371038058207,446.93766937669375
15893,92,0.084089823220258,382.82608695652175
15894,32,0.10887096774193548,435.9375
15895,44,0.07610993657505286,397.5
15896,190,0.06265664160401002,348.8263157894737
15897,1,0.0,1418.0
15898,1,0.0,757.0
15899,4,0.0,214.0
15900,23,0.07509881422924901,435.39130434782606
15901,15,0.02857142857142857,215.06666666666666
15902,213,0.08308973336876606,400.2957746478873
15903,35,0.052100840336134456,338.51428571428573
15904,247,0.0825515947467167,400.3157894736842
15905,22,0.08225108225108226,423.77272727272725
15906,191,0.08123449986222099,400.14659685863876
15907,26,0.04,297.46153846153845
15908,109,0.07577302072714917,390.2201834862385
15909,231,0.07532467532467532,373.6666666666667
15910,10,0.08888888888888889,326.9
15911,51,0.08705882352941176,408.96078431372547
15912,30,0.06436781609195402,365.1
15913,6,0.0,189.83333333333334
15914,70,0.0906832298136646,411.42857142857144
15915,9,0.027777777777777776,347.0
15916,21,0.10952380952380952,382.2857142857143
15917,0,0.0,0.0
15918,0,0.0,0.0
15919,3,0.0,348.0
15920,10,0.13333333333333333,442.0
15921,428,0.0844951738930596,401.2172897196262
15922,5,0.0,357.8
15923,0,0.0,0.0
15924,20,0.1631578947368421,503.55
15925,10,0.13333333333333333,463.4
15926,3,0.0,880.0
15927,11,0.2,550.8181818181819
15928,39,0.05263157894736842,357.87179487179486
15929,9,0.1388888888888889,430.0
15930,6,0.06666666666666667,461.1666666666667
15931,0,0.0,0.0
15932,8,0.0,209.75
15933,0,0.0,0.0
15934,1,0.0,393.0
15935,9,0.027777777777777776,306.0
15936,422,0.09006990802760298,417.5924170616114
15937,0,0.0,0.0
15938,1,0.0,64.0
15939,54,0.08455625436757512,419.1296296296296
15940,11,0.09090909090909091,177.9090909090909
15941,6,0.0,459.8333333333333
15942,66,0.08624708624708624,423.74242424242425
15943,6,0.06666666666666667,460.6666666666667
15944,0,0.0,0.0
15945,1,0.0,145.0
15946,27,0.06267806267806268,330.74074074074076
15947,7,0.23809523809523808,718.7142857142857
15948,20,0.07894736842105263,434.3
15949,64,0.050595238095238096,304.109375
15950,3,0.0,263.0
15951,12,0.18181818181818182,577.5833333333334
15952,13,0.07692307692307693,408.3076923076923
15953,0,0.0,0.0
15954,63,0.07782898105478751,371.3809523809524
15955,21,0.0761904761904762,400.0952380952381
15956,1,0.0,407.0
15957,86,0.06703146374829001,360.6279069767442
15958,408,0.06677265500794913,358.3406862745098
15959,12,0.12121212121212122,343.9166666666667
15960,943,0.07595130506829853,381.5302226935313
15961,15,0.1523809523809524,572.3333333333334
15962,168,0.08675506130595952,408.92857142857144
15963,2,0.0,154.0
15964,0,0.0,0.0
15965,11,0.12727272727272726,406.1818181818182
15966,2,0.0,633.5
15967,6,0.06666666666666667,179.5
15968,83,0.09726711724948575,429.7831325301205
15969,1,0.0,988.0
15970,2,0.0,462.0
15971,0,0.0,0.0
15972,0,0.0,0.0
15973,1,0.0,281.0
15974,2,0.0,752.0
15975,203,0.07974442764473491,385.41379310344826
15976,3,0.0,158.33333333333334
15977,2,0.0,109.0
15978,394,0.07384301416928224,375.492385786802
15979,32,0.08870967741935484,440.96875
15980,478,0.09027832600896468,414.0271966527197
15981,4,0.0,382.75
15982,20,0.09473684210526316,506.4
15983,9,0.0,181.33333333333334
15984,56,0.06038961038961039,326.23214285714283
15985,2,0.0,45.0
15986,2,0.0,357.0
15987,8,0.03571428571428571,336.625
15988,1,0.0,259.0
15989,24,0.13405797101449277,482.4166666666667
15990,0,0.0,0.0
15991,647,0.07728932295280432,387.0710973724884
15992,9,0.16666666666666666,454.55555555555554
15993,162,0.10727704930603481,455.74691358024694
15994,9,0.027777777777777776,279.8888888888889
15995,161,0.08796583850931677,405.35403726708074
15996,0,0.0,0.0
15997,46,0.0647342995169082,334.2826086956522
15998,21,0.08095238095238096,454.23809523809524
15999,62,0.05605499735589635,342.758064516129
16000,5,0.3,774.4
16001,73,0.05745814307458143,333.3150684931507
16002,34,0.0570409982174688,394.61764705882354
16003,45,0.07575757575757576,346.6
16004,69,0.04219948849104859,303.95652173913044
16005,8,0.07142857142857142,361.5
16006,47,0.0786308973172988,439.48936170212767
16007,0,0.0,0.0
16008,10,0.17777777777777778,517.0
16009,172,0.0794233646130831,391.44767441860466
16010,6,0.0,387.6666666666667
16011,24,0.07971014492753623,418.2083333333333
16012,203,0.10305808906013754,439.5073891625616
16013,13,0.08974358974358974,548.0769230769231
16014,15,0.05714285714285714,395.8666666666667
16015,161,0.08532608695652173,403.6149068322981
16016,11,0.09090909090909091,333.3636363636364
16017,18,0.06535947712418301,321.22222222222223
16018,327,0.0865649800191366,405.7492354740061
16019,0,0.0,0.0
16020,18,0.0915032679738562,504.6666666666667
16021,83,0.06317954745812518,344.96385542168673
16022,15,0.1619047619047619,558.0
16023,33,0.12310606060606061,484.969696969697
16024,2,0.0,287.0
16025,31,0.06236559139784946,345.7096774193548
16026,10,0.022222222222222223,382.5
16027,3,0.3333333333333333,507.6666666666667
16028,0,0.0,0.0
16029,51,0.12,482.11764705882354
16030,1,0.0,36.0
16031,21,0.0761904761904762,419.7142857142857
16032,2,0.0,936.5
16033,0,0.0,0.0
16034,17,0.11029411764705882,406.1764705882353
16035,173,0.08112649549670654,404.0751445086705
16036,17,0.07352941176470588,366.94117647058823
16037,6,0.0,129.33333333333334
16038,3,0.0,189.33333333333334
16039,3,0.0,282.3333333333333
16040,13,0.02564102564102564,249.69230769230768
16041,8,0.03571428571428571,266.875
16042,19,0.10526315789473684,396.5263157894737
16043,4,0.3333333333333333,708.25
16044,60,0.04350282485875706,305.05
16045,0,0.0,0.0
16046,28,0.047619047619047616,344.7142857142857
16047,19,0.08187134502923976,443.57894736842104
16048,105,0.06978021978021978,371.5904761904762
16049,16,0.05,288.125
16050,157,0.0766780989710926,383.3312101910828
16051,2,0.0,773.5
16052,0,0.0,0.0
16053,24,0.06159420289855073,363.5
16054,2,0.0,100.0
16055,712,0.0742742458003445,379.17134831460675
16056,252,0.08328590400303548,397.031746031746
16057,0,0.0,0.0
16058,0,0.0,0.0
16059,80,0.08069620253164557,405.525
16060,931,0.07863206403104536,390.5800214822771
16061,186,0.07800058122638767,390.3494623655914
16062,15,0.009523809523809525,255.66666666666666
16063,82,0.06654622101776574,368.9512195121951
16064,8,0.03571428571428571,358.75
16065,22,0.08225108225108226,383.40909090909093
16066,82,0.08431195423065342,387.7439024390244
16067,272,0.07841328413284133,390.7095588235294
16068,305,0.07877480586712683,388.3180327868852
16069,124,0.07120377655389457,373.1693548387097
16070,132,0.07726116123062687,387.6969696969697
16071,172,0.07500339997280021,386.91279069767444
16072,1,0.0,9.0
16073,78,0.07026307026307026,365.8974358974359
16074,928,0.07040927351858052,366.2273706896552
16075,336,0.06634683724235962,360.4107142857143
16076,31,0.09462365591397849,450.35483870967744
16077,0,0.0,0.0
16078,55,0.06397306397306397,358.3636363636364
16079,71,0.09215291750503019,431.943661971831
16080,571,0.0832088979014963,398.1138353765324
16081,795,0.0756301189740665,379.3232704402516
16082,32,0.08669354838709678,383.03125
16083,340,0.07159465556133958,371.5764705882353
16084,462,0.0865894770450085,406.6623376623377
16085,3,0.0,86.0
16086,28,0.0873015873015873,367.07142857142856
16087,25,0.04666666666666667,323.24
16088,0,0.0,0.0
16089,22,0.05194805194805195,381.8636363636364
16090,9,0.1111111111111111,437.0
16091,4,0.16666666666666666,371.25
16092,21,0.11428571428571428,476.0952380952381
16093,1,0.0,766.0
16094,50,0.06285714285714286,357.1
16095,3,0.0,157.66666666666666
16096,1,0.0,112.0
16097,51,0.07215686274509804,377.1372549019608
16098,0,0.0,0.0
16099,0,0.0,0.0
16100,10,0.13333333333333333,457.7
16101,610,0.06528304934183962,355.927868852459
16102,0,0.0,0.0
16103,136,0.08159041394335512,386.5
16104,74,0.08478341355053684,393.4189189189189
16105,30,0.06436781609195402,404.96666666666664
16106,13,0.02564102564102564,199.76923076923077
16107,12,0.045454545454545456,419.8333333333333
16108,3,0.3333333333333333,519.0
16109,136,0.09389978213507626,430.8014705882353
16110,31,0.06451612903225806,366.1290322580645
16111,79,0.10418695228821812,458.0632911392405
16112,27,0.10541310541310542,455.81481481481484
16113,0,0.0,0.0
16114,182,0.06641976807722665,358.02197802197804
16115,33,0.0625,365.57575757575756
16116,20,0.06842105263157895,286.45
16117,4,0.3333333333333333,700.25
16118,2,0.0,372.0
16119,58,0.06412583182093164,354.2068965517241
16120,22,0.08225108225108226,450.3636363636364
16121,2,1.0,558.0
16122,22,0.03896103896103896,304.77272727272725
16123,148,0.05993748850891708,340.0
16124,2,0.0,700.0
16125,5,0.0,423.2
16126,121,0.07024793388429752,367.1652892561983
16127,0,0.0,0.0
16128,4,0.0,260.25
16129,25,0.05,308.12
16130,112,0.08832046332046332,399.10714285714283
16131,7,0.047619047619047616,384.7142857142857
16132,147,0.06709533128319821,361.8095238095238
16133,15,0.0380952380952381,308.2
16134,8,0.03571428571428571,374.75
16135,218,0.06823658732507504,358.8211009174312
16136,1,0.0,473.0
16137,63,0.1080389144905274,478.12698412698415
16138,324,0.08366777510224363,399.3487654320988
16139,59,0.06019871420222092,369.1694915254237
16140,25,0.056666666666666664,309.6
16141,0,0.0,0.0
16142,2,0.0,35.0
16143,1,0.0,63.0
16144,0,0.0,0.0
16145,44,0.08773784355179703,427.6136363636364
16146,6,0.26666666666666666,433.0
16147,11,0.03636363636363636,269.0
16148,0,0.0,0.0
16149,51,0.05019607843137255,334.9019607843137
16150,1,0.0,187.0
16151,3,0.3333333333333333,765.6666666666666
16152,49,0.06802721088435375,364.7959183673469
16153,7,0.0,284.42857142857144
16154,0,0.0,0.0
16155,9,0.1111111111111111,449.3333333333333
16156,8,0.0,221.25
16157,68,0.0733099209833187,388.8382352941176
16158,22,0.05627705627705628,318.1363636363636
16159,1,0.0,351.0
16160,6,0.0,371.8333333333333
16161,251,0.07639840637450199,380.8486055776892
16162,27,0.08831908831908832,356.14814814814815
16163,92,0.07596751075011944,397.3695652173913
16164,36,0.06984126984126984,355.52777777777777
16165,71,0.08048289738430583,402.09859154929575
16166,0,0.0,0.0
16167,1,0.0,569.0
16168,495,0.07315257841573632,374.46262626262626
16169,2,1.0,498.0
16170,208,0.10321441843180974,455.59134615384613
16171,8,0.21428571428571427,467.75
16172,0,0.0,0.0
16173,1,0.0,222.0
16174,9,0.1111111111111111,436.6666666666667
16175,23,0.07509881422924901,448.7391304347826
16176,31,0.07311827956989247,369.5806451612903
16177,182,0.09665472648898063,433.03846153846155
16178,8,0.03571428571428571,268.0
16179,44,0.07716701902748414,400.20454545454544
16180,63,0.11827956989247312,475.8888888888889
16181,38,0.06258890469416785,366.63157894736844
16182,11,0.16363636363636364,386.09090909090907
16183,212,0.06818385048734686,359.3632075471698
16184,15,0.0761904761904762,372.1333333333333
16185,264,0.07374121442562508,373.2462121212121
16186,31,0.0989247311827957,364.51612903225805
16187,1,0.0,628.0
16188,60,0.06836158192090395,375.71666666666664
16189,404,0.09799032012382379,434.7178217821782
16190,359,0.08014192122749413,389.899721448468
16191,408,0.08909042732572145,418.02941176470586
16192,59,0.06370543541788427,355.49152542372883
16193,292,0.0881466836134256,412.7568493150685
16194,0,0.0,0.0
16195,1,0.0,66.0
16196,40,0.1064102564102564,441.625
16197,0,0.0,0.0
16198,1,0.0,736.0
16199,6,0.06666666666666667,291.5
16200,3,0.0,252.33333333333334
16201,4,0.0,245.75
16202,23,0.08300395256916997,355.5217391304348
16203,151,0.09721854304635762,440.50331125827813
16204,0,0.0,0.0
16205,1,0.0,422.0
16206,605,0.07580865852991078,382.92561983471074
16207,81,0.08858024691358024,394.962962962963
16208,311,0.07802095218338347,382.5755627009646
16209,1,0.0,915.0
16210,77,0.07552973342447027,397.5844155844156
16211,0,0.0,0.0
16212,204,0.08374384236453201,399.3529411764706
16213,51,0.05411764705882353,304.0980392156863
16214,6,0.0,301.8333333333333
16215,7,0.0,329.7142857142857
16216,0,0.0,0.0
16217,23,0.05138339920948617,335.6521739130435
16218,27,0.12535612535612536,511.9259259259259
16219,378,0.0811614949545984,397.16402116402116
16220,104,0.10231516056758776,444.86538461538464
16221,10,0.06666666666666667,264.7
16222,20,0.07894736842105263,337.15
16223,71,0.05311871227364185,328.9154929577465
16224,1,0.0,55.0
16225,13,0.038461538461538464,358.0769230769231
16226,37,0.052552552552552555,310.43243243243245
16227,47,0.036077705827937095,276.1914893617021
16228,6,0.13333333333333333,873.6666666666666
16229,20,0.09473684210526316,406.1
16230,142,0.0894016581760064,417.64084507042253
16231,20,0.07894736842105263,436.6
16232,2,0.0,207.5
16233,348,0.08310974195899169,403.8189655172414
16234,251,0.10409561752988047,440.74900398406373
16235,533,0.09064170745813878,420.3696060037523
16236,221,0.10341423282599753,452.2126696832579
16237,114,0.07840397453811519,393.63157894736844
16238,15,0.09523809523809523,403.8
16239,198,0.09342152489360611,427.3939393939394
16240,6,0.0,294.8333333333333
16241,8,0.03571428571428571,498.75
16242,200,0.07577889447236182,380.25
16243,36,0.06666666666666667,359.3611111111111
16244,1120,0.06620547682880122,355.7125
16245,29,0.10591133004926108,488.2758620689655
16246,327,0.0860209001707285,406.519877675841
16247,1,0.0,1.0
16248,40,0.03333333333333333,243.775
16249,219,0.07699719324703615,388.43835616438355
16250,0,0.0,0.0
16251,211,0.08332204919882645,401.86729857819904
16252,0,0.0,0.0
16253,34,0.044563279857397504,317.8235294117647
16254,6,0.0,217.5
16255,24,0.036231884057971016,216.58333333333334
16256,233,0.09064673671747817,419.2618025751073
16257,5,0.0,226.4
16258,1,0.0,44.0
16259,5,0.0,63.2
16260,48,0.07535460992907801,388.3958333333333
16261,11,0.05454545454545454,370.27272727272725
16262,1,0.0,233.0
16263,190,0.09473684210526316,431.6578947368421
16264,5,0.1,408.4
16265,1,0.0,753.0
16266,0,0.0,0.0
16267,17,0.058823529411764705,326.2352941176471
16268,55,0.08282828282828283,387.05454545454546
16269,8,0.07142857142857142,575.625
16270,9,0.05555555555555555,418.55555555555554
16271,0,0.0,0.0
16272,13,0.14102564102564102,504.3076923076923
16273,40,0.11538461538461539,416.0
16274,66,0.05314685314685315,311.8484848484849
16275,40,0.05641025641025641,306.8
16276,2,0.0,148.5
16277,82,0.08401084010840108,376.6463414634146
16278,0,0.0,0.0
16279,2,0.0,106.5
16280,30,0.10114942528735632,413.53333333333336
16281,39,0.044534412955465584,308.43589743589746
16282,0,0.0,0.0
16283,0,0.0,0.0
16284,292,0.0760250435437556,374.38698630136986
16285,67,0.05789235639981909,346.2835820895522
16286,270,0.060856395428886136,345.14074074074074
16287,13,0.16666666666666666,590.5384615384615
16288,12,0.09090909090909091,299.5
16289,70,0.05548654244306418,344.57142857142856
16290,1,0.0,1149.0
16291,44,0.09513742071881606,479.1363636363636
16292,86,0.07852257181942544,400.72093023255815
16293,9,0.05555555555555555,215.0
16294,22,0.06926406926406926,347.0
16295,22,0.09956709956709957,495.40909090909093
16296,292,0.0859106529209622,409.7054794520548
16297,0,0.0,0.0
16298,6,0.06666666666666667,279.5
16299,77,0.08031442241968557,396.84415584415586
16300,5,0.1,363.6
16301,70,0.0484472049689441,326.14285714285717
16302,215,0.09063247120191263,411.89767441860465
16303,3,0.0,111.66666666666667
16304,12,0.015151515151515152,340.25
16305,26,0.055384615384615386,325.15384615384613
16306,28,0.06878306878306878,401.0357142857143
16307,164,0.0893311387101601,417.5182926829268
16308,257,0.06827577821011672,366.5175097276265
16309,7,0.23809523809523808,516.0
16310,17,0.11029411764705882,429.8235294117647
16311,6,0.06666666666666667,247.66666666666666
16312,12,0.030303030303030304,408.4166666666667
16313,1,0.0,1173.0
16314,35,0.040336134453781515,302.54285714285714
16315,86,0.08180574555403557,417.3837209302326
16316,64,0.08680555555555555,392.25
16317,41,0.09024390243902439,390.6829268292683
16318,6,0.0,72.0
16319,0,0.0,0.0
16320,293,0.07429052316611343,376.06825938566556
16321,53,0.0602322206095791,349.58490566037733
16322,101,0.07544554455445544,383.8514851485148
16323,152,0.08321714883234577,395.9868421052632
16324,87,0.09810211173483026,428.3103448275862
16325,56,0.06558441558441558,349.0
16326,0,0.0,0.0
16327,57,0.06704260651629072,362.4561403508772
16328,1,0.0,847.0
16329,39,0.06072874493927125,361.7692307692308
16330,166,0.09368382621394669,429.27710843373495
16331,1,0.0,321.0
16332,30,0.09885057471264368,420.6
16333,6,0.0,360.6666666666667
16334,0,0.0,0.0
16335,88,0.08176593521421108,395.0568181818182
16336,0,0.0,0.0
16337,122,0.06733504945129386,374.172131147541
16338,235,0.09165302782324058,420.40851063829786
16339,2,0.0,203.5
16340,34,0.10695187165775401,431.8529411764706
16341,0,0.0,0.0
16342,36,0.09206349206349207,387.8888888888889
16343,8,0.0,334.5
16344,5,0.1,430.0
16345,8,0.07142857142857142,113.5
16346,18,0.06535947712418301,345.1111111111111
16347,3,0.0,338.3333333333333
16348,52,0.0693815987933635,355.4230769230769
16349,10,0.022222222222222223,157.1
16350,41,0.09146341463414634,397.4146341463415
16351,77,0.056049213943950786,360.0
16352,32,0.08064516129032258,434.21875
16353,26,0.09538461538461539,461.88461538461536
16354,0,0.0,0.0
16355,85,0.06946778711484594,365.29411764705884
16356,67,0.09407507914970602,420.3731343283582
16357,25,0.13333333333333333,479.0
16358,23,0.06324110671936758,371.6521739130435
16359,5,0.0,185.8
16360,0,0.0,0.0
16361,53,0.061683599419448475,348.8490566037736
16362,5,0.1,354.4
16363,9,0.027777777777777776,196.22222222222223
16364,184,0.08766928011404133,412.4782608695652
16365,83,0.08727593300029386,403.66265060240966
16366,39,0.048582995951417005,341.3333333333333
16367,3,0.0,157.33333333333334
16368,0,0.0,0.0
16369,30,0.10344827586206896,416.9
16370,16,0.025,400.3125
16371,48,0.07358156028368794,384.2291666666667
16372,0,0.0,0.0
16373,23,0.10276679841897234,392.4782608695652
16374,17,0.022058823529411766,291.88235294117646
16375,138,0.06558764413413731,356.9855072463768
16376,122,0.10147676466603442,445.9836065573771
16377,1,0.0,453.0
16378,13,0.02564102564102564,203.6153846153846
16379,43,0.09080841638981174,393.6279069767442
16380,128,0.0797244094488189,396.171875
16381,31,0.06666666666666667,348.741935483871
16382,88,0.04231974921630094,287.6931818181818
16383,1,0.0,422.0
16384,2,0.0,472.5
16385,10,0.044444444444444446,294.2
16386,33,0.056818181818181816,297.27272727272725
16387,8,0.0,278.75
16388,59,0.07539450613676213,367.10169491525426
16389,0,0.0,0.0
16390,9,0.08333333333333333,430.77777777777777
16391,141,0.07588652482269503,384.56028368794324
16392,479,0.08085184441086293,395.35490605427975
16393,22,0.08225108225108226,365.40909090909093
16394,31,0.11612903225806452,463.2903225806452
16395,19,0.08771929824561403,405.4736842105263
16396,339,0.0878846590214868,411.48377581120945
16397,0,0.0,0.0
16398,31,0.07526881720430108,372.64516129032256
16399,39,0.06882591093117409,400.20512820512823
16400,0,0.0,0.0
16401,41,0.07560975609756097,393.2439024390244
16402,793,0.07223559682576076,370.6368221941992
16403,7,0.09523809523809523,375.2857142857143
16404,1,0.0,127.0
16405,70,0.056314699792960665,325.95714285714286
16406,0,0.0,0.0
16407,20,0.1368421052631579,560.0
16408,12,0.045454545454545456,283.1666666666667
16409,192,0.07073516579406632,376.5572916666667
16410,4,0.0,629.75
16411,2,0.0,863.0
16412,29,0.08374384236453201,338.51724137931035
16413,3,0.3333333333333333,618.6666666666666
16414,0,0.0,0.0
16415,386,0.09103021331000606,417.5181347150259
16416,261,0.09345711759504863,422.62068965517244
16417,22,0.03463203463203463,259.6363636363636
16418,4,0.16666666666666666,371.75
16419,2,0.0,210.5
16420,44,0.08985200845665962,452.52272727272725
16421,482,0.08605860888018564,405.21991701244815
16422,63,0.06400409626216078,361.5238095238095
16423,31,0.08387096774193549,389.61290322580646
16424,7,0.14285714285714285,390.0
16425,4,0.0,150.0
16426,7,0.0,287.14285714285717
16427,2,0.0,87.0
16428,40,0.1141025641025641,438.025
16429,18,0.032679738562091505,290.27777777777777
16430,8,0.03571428571428571,280.875
16431,61,0.08032786885245902,370.7704918032787
16432,37,0.042042042042042045,288.64864864864865
16433,89,0.08426966292134831,405.59550561797755
16434,0,0.0,0.0
16435,67,0.10221619176843058,454.34328358208955
16436,12,0.015151515151515152,213.33333333333334
16437,0,0.0,0.0
16438,72,0.0848982785602504,411.9861111111111
16439,0,0.0,0.0
16440,540,0.09122517693946265,420.1537037037037
16441,0,0.0,0.0
16442,1,0.0,650.0
16443,51,0.08392156862745098,401.80392156862746
16444,0,0.0,0.0
16445,2,0.0,146.0
16446,188,0.07901922858118102,392.6489361702128
16447,4,0.0,276.5
16448,14,0.054945054945054944,337.2142857142857
16449,0,0.0,0.0
16450,28,0.10846560846560846,396.7857142857143
16451,0,0.0,0.0
16452,33,0.03977272727272727,308.8181818181818
16453,50,0.07102040816326531,360.82
16454,578,0.0809640606166006,397.29065743944636
16455,20,0.05789473684210526,298.7
16456,7,0.09523809523809523,531.4285714285714
16457,4,0.3333333333333333,742.75
16458,23,0.11067193675889328,529.2608695652174
16459,47,0.06938020351526364,362.1063829787234
16460,1,0.0,579.0
16461,2,0.0,509.0
16462,6,0.06666666666666667,373.6666666666667
16463,23,0.08695652173913043,386.2608695652174
16464,459,0.08225590090475783,397.68409586056646
16465,265,0.09705546026300743,439.3735849056604
16466,0,0.0,0.0
16467,33,0.08712121212121213,394.90909090909093
16468,191,0.09776798015982364,436.4712041884817
16469,17,0.04411764705882353,297.4117647058824
16470,29,0.1206896551724138,468.1034482758621
16471,85,0.0784313725490196,408.6470588235294
16472,24,0.06884057971014493,430.3333333333333
16473,0,0.0,0.0
16474,0,0.0,0.0
16475,15,0.047619047619047616,379.2
16476,33,0.06628787878787878,351.3636363636364
16477,0,0.0,0.0
16478,13,0.038461538461538464,340.2307692307692
16479,109,0.07900101936799185,396.74311926605503
16480,3,0.3333333333333333,534.6666666666666
16481,38,0.06970128022759602,368.36842105263156
16482,19,0.05263157894736842,306.6842105263158
16483,39,0.09986504723346828,481.61538461538464
16484,16,0.041666666666666664,263.625
16485,130,0.0851520572450805,399.54615384615386
16486,176,0.07142857142857142,371.3068181818182
16487,7,0.09523809523809523,414.85714285714283
16488,1,0.0,969.0
16489,0,0.0,0.0
16490,1,0.0,19.0
16491,0,0.0,0.0
16492,0,0.0,0.0
16493,189,0.06630642800855567,361.02645502645504
16494,0,0.0,0.0
16495,26,0.036923076923076927,329.4230769230769
16496,1,0.0,94.0
16497,100,0.11333333333333333,466.13
16498,67,0.08276797829036635,411.6119402985075
16499,64,0.08531746031746032,392.46875
16500,9,0.08333333333333333,344.44444444444446
16501,193,0.08862262521588947,414.3730569948186
16502,370,0.09026587563172929,417.0243243243243
16503,26,0.05846153846153846,343.7692307692308
16504,7,0.09523809523809523,413.14285714285717
16505,0,0.0,0.0
16506,4,0.0,183.25
16507,38,0.05689900426742532,347.4736842105263
16508,47,0.10730804810360776,448.468085106383
16509,191,0.08410030311380545,412.3717277486911
16510,9,0.19444444444444445,561.6666666666666
16511,0,0.0,0.0
16512,13,0.038461538461538464,360.84615384615387
16513,16,0.05,245.375
16514,4,0.3333333333333333,762.25
16515,0,0.0,0.0
16516,60,0.06384180790960452,359.76666666666665
16517,0,0.0,0.0
16518,0,0.0,0.0
16519,19,0.10526315789473684,363.3157894736842
16520,5,0.1,372.4
16521,15,0.0761904761904762,363.8666666666667
16522,33,0.08333333333333333,429.1818181818182
16523,18,0.0196078431372549,322.44444444444446
16524,218,0.10628672895615777,454.4770642201835
16525,23,0.05533596837944664,338.4782608695652
16526,11,0.03636363636363636,255.54545454545453
16527,9,0.08333333333333333,407.22222222222223
16528,55,0.09158249158249158,423.6181818181818
16529,17,0.07352941176470588,451.7647058823529
16530,120,0.05672268907563025,333.125
16531,0,0.0,0.0
16532,10,0.08888888888888889,328.0
16533,14,0.12087912087912088,396.14285714285717
16534,0,0.0,0.0
16535,21,0.05238095238095238,282.14285714285717
16536,1,0.0,313.0
16537,175,0.07540229885057471,385.84
16538,81,0.10185185185185185,447.5308641975309
16539,43,0.06090808416389812,373.27906976744185
16540,3,0.0,115.0
16541,4,0.0,324.5
16542,0,0.0,0.0
16543,0,0.0,0.0
16544,149,0.07826954471249774,378.1275167785235
16545,52,0.04600301659125189,290.0769230769231
16546,0,0.0,0.0
16547,1,0.0,1825.0
16548,25,0.11666666666666667,419.76
16549,7,0.09523809523809523,326.57142857142856
16550,1,0.0,38.0
16551,11,0.03636363636363636,312.1818181818182
16552,4,0.0,327.25
16553,184,0.06812782133523403,367.1358695652174
16554,1,0.0,364.0
16555,0,0.0,0.0
16556,509,0.08526831984901691,402.9803536345776
16557,0,0.0,0.0
16558,5,0.0,602.6
16559,35,0.07899159663865546,382.0285714285714
16560,20,0.08947368421052632,445.35
16561,26,0.05846153846153846,310.15384615384613
16562,81,0.06265432098765432,341.2716049382716
16563,22,0.09523809523809523,472.0
16564,8,0.03571428571428571,473.5
16565,0,0.0,0.0
16566,6,0.06666666666666667,575.8333333333334
16567,93,0.08134642356241234,397.2903225806452
16568,3,0.0,551.0
16569,0,0.0,0.0
16570,9,0.027777777777777776,265.8888888888889
16571,1,0.0,284.0
16572,1,0.0,618.0
16573,62,0.061343204653622425,352.7903225806452
16574,74,0.05738615327656423,337.64864864864865
16575,21,0.1619047619047619,600.1428571428571
16576,24,0.10507246376811594,465.25
16577,73,0.0989345509893455,436.63013698630135
16578,96,0.07412280701754385,385.9479166666667
16579,34,0.0677361853832442,362.38235294117646
16580,30,0.04597701149425287,320.8666666666667
16581,69,0.07885763000852515,387.9710144927536
16582,1,0.0,829.0
16583,10,0.1111111111111111,386.7
16584,53,0.050072568940493466,311.39622641509436
16585,50,0.07673469387755102,390.04
16586,0,0.0,0.0
16587,7,0.09523809523809523,454.14285714285717
16588,81,0.07839506172839507,407.6296296296296
16589,5,0.1,378.4
16590,1,0.0,1247.0
16591,3,0.0,177.66666666666666
16592,11,0.09090909090909091,502.45454545454544
16593,0,0.0,0.0
16594,3,0.0,289.0
16595,15,0.06666666666666667,432.8666666666667
16596,2,0.0,128.0
16597,87,0.09970596097300187,426.01149425287355
16598,1,0.0,3.0
16599,106,0.058580413297394426,340.8301886792453
16600,21,0.12380952380952381,386.4761904761905
16601,64,0.06994047619047619,359.0
16602,16,0.125,446.5
16603,2,1.0,1060.5
16604,210,0.08042834358623832,394.7238095238095
16605,19,0.07017543859649122,362.05263157894734
16606,107,0.07670604831599365,375.93457943925233
16607,0,0.0,0.0
16608,1,0.0,177.0
16609,26,0.08923076923076922,456.4230769230769
16610,1,0.0,216.0
16611,526,0.07116422234292957,366.9391634980989
16612,12,0.045454545454545456,389.75
16613,209,0.0701140964298859,368.05263157894734
16614,0,0.0,0.0
16615,21,0.12380952380952381,484.76190476190476
16616,7,0.047619047619047616,410.0
16617,403,0.0890831203782576,416.8089330024814
16618,115,0.06880244088482075,365.6521739130435
16619,7,0.19047619047619047,478.42857142857144
16620,10,0.06666666666666667,281.0
16621,31,0.13978494623655913,476.2258064516129
16622,1,0.0,4.0
16623,3,0.0,336.0
16624,217,0.08410138248847926,397.80645161290323
16625,4,0.0,405.75
16626,24,0.025362318840579712,323.5416666666667
16627,18,0.1111111111111111,428.72222222222223
16628,3,0.0,481.6666666666667
16629,0,0.0,0.0
16630,5,0.0,317.0
16631,10,0.1111111111111111,345.0
16632,18,0.0392156862745098,288.5
16633,8,0.07142857142857142,418.25
16634,70,0.0670807453416149,362.65714285714284
16635,142,0.0905004495055439,415.2957746478873
16636,8,0.07142857142857142,253.25
16637,0,0.0,0.0
16638,262,0.10227837735076482,451.87404580152673
16639,23,0.043478260869565216,312.95652173913044
16640,2,0.0,523.0
16641,104,0.07449589245705751,399.4326923076923
16642,1,0.0,645.0
16643,7,0.09523809523809523,415.2857142857143
16644,1,0.0,109.0
16645,39,0.09041835357624832,425.53846153846155
16646,1,0.0,43.0
16647,12,0.18181818181818182,524.75
16648,20,0.09473684210526316,381.4
16649,16,0.03333333333333333,254.125
16650,21,0.11428571428571428,433.1904761904762
16651,0,0.0,0.0
16652,7,0.09523809523809523,321.7142857142857
16653,0,0.0,0.0
16654,15,0.1523809523809524,543.8
16655,10,0.08888888888888889,560.1
16656,8,0.07142857142857142,442.875
16657,7,0.09523809523809523,357.7142857142857
16658,10,0.17777777777777778,529.0
16659,9,0.027777777777777776,134.33333333333334
16660,29,0.1354679802955665,474.7586206896552
16661,5,0.1,554.2
16662,23,0.10276679841897234,400.0869565217391
16663,389,0.07688230461399835,386.5038560411311
16664,565,0.07516475240067784,378.8212389380531
16665,0,0.0,0.0
16666,2,0.0,479.5
16667,6,0.06666666666666667,269.5
16668,1,0.0,178.0
16669,301,0.0826578073089701,401.6777408637874
16670,59,0.09000584453535944,437.8813559322034
16671,31,0.03870967741935484,276.9032258064516
16672,75,0.10054054054054054,448.44
16673,15,0.02857142857142857,345.6666666666667
16674,0,0.0,0.0
16675,48,0.06648936170212766,352.0625
16676,10,0.022222222222222223,212.3
16677,0,0.0,0.0
16678,0,0.0,0.0
16679,7,0.14285714285714285,611.8571428571429
16680,160,0.061635220125786164,342.375
16681,13,0.0641025641025641,324.3076923076923
16682,25,0.02666666666666667,338.56
16683,8,0.0,276.875
16684,42,0.06504065040650407,324.0
16685,17,0.051470588235294115,330.94117647058823
16686,29,0.046798029556650245,295.2068965517241
16687,0,0.0,0.0
16688,51,0.07529411764705882,374.5686274509804
16689,217,0.06741764806280935,361.05069124423966
16690,0,0.0,0.0
16691,222,0.09278056336879867,423.7477477477477
16692,216,0.08307493540051679,404.875
16693,0,0.0,0.0
16694,67,0.07372229760289462,383.089552238806
16695,891,0.07308541091312627,373.2962962962963
16696,35,0.06386554621848739,342.62857142857143
16697,2,0.0,73.0
16698,300,0.06356744704570791,349.39
16699,101,0.04811881188118812,306.96039603960395
16700,219,0.06912152821415106,368.82648401826486
16701,39,0.07827260458839407,383.15384615384613
16702,241,0.07420470262793914,379.12033195020746
16703,373,0.08437833318919542,398.11260053619304
16704,10,0.17777777777777778,602.6
16705,3,0.0,227.66666666666666
16706,112,0.0703024453024453,360.9642857142857
16707,0,0.0,0.0
16708,3,0.3333333333333333,744.3333333333334
16709,2,0.0,652.5
16710,42,0.08362369337979095,399.8095238095238
16711,0,0.0,0.0
16712,871,0.07806062525568444,386.0907003444317
16713,1,0.0,370.0
16714,6,0.26666666666666666,778.0
16715,33,0.08712121212121213,451.8787878787879
16716,1,0.0,794.0
16717,78,0.05827505827505827,351.52564102564105
16718,0,0.0,0.0
16719,1,0.0,1325.0
16720,20,0.08947368421052632,331.0
16721,18,0.12418300653594772,490.3888888888889
16722,169,0.07333051563820794,375.6923076923077
16723,209,0.06767574530732426,361.10526315789474
16724,52,0.05128205128205128,320.2307692307692
16725,0,0.0,0.0
16726,3,0.0,239.33333333333334
16727,102,0.0607649000194137,335.94117647058823
16728,286,0.06423751686909582,351.63286713286715
16729,562,0.07111094195038092,367.66725978647685
16730,0,0.0,0.0
16731,6,0.13333333333333333,306.6666666666667
16732,4,0.16666666666666666,461.25
16733,38,0.112375533428165,451.5
16734,238,0.07066624118001631,368.39495798319325
16735,55,0.0632996632996633,355.3636363636364
16736,33,0.05113636363636364,332.3636363636364
16737,19,0.05263157894736842,336.6842105263158
16738,675,0.08047477744807122,392.29925925925926
16739,275,0.08395487723954877,398.93454545454546
16740,23,0.05928853754940711,359.6521739130435
16741,40,0.06538461538461539,353.8
16742,1,0.0,293.0
16743,15,0.10476190476190476,469.93333333333334
16744,1,0.0,5.0
16745,95,0.07323628219484882,399.4947368421053
16746,0,0.0,0.0
16747,51,0.08078431372549019,392.078431372549
16748,220,0.09290161892901619,419.4227272727273
16749,22,0.06926406926406926,408.8636363636364
16750,256,0.08431372549019608,402.61328125
16751,328,0.08881554411874394,411.1981707317073
16752,0,0.0,0.0
16753,10,0.1111111111111111,653.1
16754,32,0.06048387096774194,369.03125
16755,4,0.0,367.5
16756,154,0.09056956115779645,421.55194805194805
16757,59,0.0853302162478083,408.93220338983053
16758,33,0.05303030303030303,343.42424242424244
16759,57,0.09147869674185463,415.56140350877195
16760,22,0.15584415584415584,609.5909090909091
16761,17,0.125,438.0
16762,0,0.0,0.0
16763,38,0.13086770981507823,522.7368421052631
16764,4,0.0,471.25
16765,42,0.10801393728222997,453.54761904761904
16766,66,0.0703962703962704,373.030303030303
16767,0,0.0,0.0
16768,0,0.0,0.0
16769,271,0.08902555692223589,411.859778597786
16770,136,0.07363834422657953,384.9485294117647
16771,55,0.059932659932659935,333.54545454545456
16772,1364,0.061754625276742046,343.4406158357771
16773,547,0.08108832057643758,396.0237659963437
16774,10,0.022222222222222223,358.9
16775,8,0.10714285714285714,311.625
16776,22,0.04329004329004329,303.95454545454544
16777,150,0.09378076062639822,427.18666666666667
16778,73,0.09665144596651445,426.43835616438355
16779,58,0.08287961282516637,400.82758620689657
16780,44,0.09513742071881606,360.79545454545456
16781,101,0.06059405940594059,336.33663366336634
16782,0,0.0,0.0
16783,53,0.05370101596516691,324.92452830188677
16784,91,0.0695970695970696,374.53846153846155
16785,13,0.05128205128205128,434.15384615384613
16786,64,0.07886904761904762,384.703125
16787,24,0.07971014492753623,433.5416666666667
16788,2,0.0,1043.5
16789,18,0.026143790849673203,327.94444444444446
16790,12,0.06060606060606061,332.25
16791,0,0.0,0.0
16792,0,0.0,0.0
16793,52,0.06259426847662142,372.75
16794,16,0.025,203.3125
16795,7,0.14285714285714285,431.14285714285717
16796,40,0.057692307692307696,337.975
16797,7,0.0,253.28571428571428
16798,74,0.06812291743798593,351.0945945945946
16799,15,0.06666666666666667,374.6
16800,59,0.07188778492109878,380.66101694915255
16801,16,0.11666666666666667,442.375
16802,640,0.0811913145539906,396.5921875
16803,153,0.09425524595803234,431.26797385620915
16804,18,0.0718954248366013,447.8333333333333
16805,26,0.09538461538461539,396.6923076923077
16806,36,0.06825396825396825,355.27777777777777
16807,1,0.0,9.0
16808,70,0.06625258799171843,367.27142857142854
16809,18,0.058823529411764705,300.5
16810,2,0.0,584.5
16811,21,0.11428571428571428,455.0952380952381
16812,4,0.0,175.75
16813,0,0.0,0.0
16814,44,0.07399577167019028,376.1818181818182
16815,2,0.0,798.5
16816,19,0.08771929824561403,374.2631578947368
16817,281,0.07132689374682258,368.84697508896795
16818,114,0.08244061481136469,397.1578947368421
16819,2,0.0,613.5
16820,44,0.04439746300211417,283.5681818181818
16821,1,0.0,57.0
16822,177,0.06182588597842835,346.6779661016949
16823,0,0.0,0.0
16824,77,0.063568010936432,360.02597402597405
16825,33,0.08333333333333333,372.1515151515151
16826,85,0.09943977591036414,443.2823529411765
16827,12,0.030303030303030304,326.1666666666667
16828,7,0.0,356.42857142857144
16829,75,0.05945945945945946,355.2
16830,1,0.0,329.0
16831,76,0.08210526315789474,410.7236842105263
16832,199,0.08040201005025126,388.8994974874372
16833,62,0.053410893707033315,336.56451612903226
16834,91,0.09377289377289377,409.38461538461536
16835,20,0.07894736842105263,364.15
16836,302,0.0841785659281424,404.8907284768212
16837,8,0.14285714285714285,404.125
16838,111,0.06273546273546274,351.8198198198198
16839,8,0.03571428571428571,369.75
16840,0,0.0,0.0
16841,34,0.06951871657754011,354.1764705882353
16842,29,0.054187192118226604,341.17241379310343
16843,97,0.08247422680412371,390.2371134020619
16844,67,0.09814563545906829,413.35820895522386
16845,18,0.032679738562091505,360.1111111111111
16846,0,0.0,0.0
16847,246,0.08382279741164758,402.1666666666667
16848,33,0.11931818181818182,434.54545454545456
16849,13,0.05128205128205128,413.84615384615387
16850,17,0.07352941176470588,362.7647058823529
16851,21,0.0761904761904762,399.23809523809524
16852,9,0.0,277.1111111111111
16853,14,0.04395604395604396,294.35714285714283
16854,355,0.07764780775045754,388.2225352112676
16855,65,0.0673076923076923,367.15384615384613
16856,9,0.027777777777777776,201.44444444444446
16857,54,0.09084556254367575,414.9074074074074
16858,0,0.0,0.0
16859,37,0.05405405405405406,292.0810810810811
16860,451,0.0794579945799458,386.7849223946785
16861,397,0.08715619672798514,411.0125944584383
16862,5,0.0,453.6
16863,381,0.0782566652852604,386.18635170603676
16864,12,0.015151515151515152,270.5833333333333
16865,232,0.10169428272876549,444.01724137931035
16866,58,0.06352087114337568,358.1551724137931
16867,1,0.0,157.0
16868,1,0.0,1269.0
16869,4,0.0,84.5
16870,7,0.0,189.0
16871,42,0.1440185830429733,540.5238095238095
16872,5,0.0,171.0
16873,1,0.0,246.0
16874,22,0.05194805194805195,400.45454545454544
16875,93,0.08158017765310893,390.31182795698925
16876,42,0.09639953542392567,419.95238095238096
16877,57,0.07644110275689223,368.9824561403509
16878,54,0.12299091544374563,504.81481481481484
16879,35,0.08067226890756303,412.6857142857143
16880,21,0.06190476190476191,350.4761904761905
16881,1,0.0,677.0
16882,26,0.07384615384615385,426.53846153846155
16883,0,0.0,0.0
16884,1,0.0,850.0
16885,0,0.0,0.0
16886,1,0.0,513.0
16887,1,0.0,585.0
16888,9,0.05555555555555555,294.22222222222223
16889,18,0.058823529411764705,351.1111111111111
16890,6,0.13333333333333333,489.8333333333333
16891,33,0.09090909090909091,433.90909090909093
16892,189,0.0834177642688281,391.72486772486775
16893,7,0.09523809523809523,515.5714285714286
16894,51,0.0596078431372549,370.37254901960785
16895,72,0.11306729264475743,440.1666666666667
16896,425,0.0832630410654828,400.5835294117647
16897,8,0.0,307.25
16898,0,0.0,0.0
16899,508,0.0789731165261147,388.9251968503937
16900,11,0.0,305.72727272727275
16901,12,0.030303030303030304,249.83333333333334
16902,472,0.09050343661160891,418.93220338983053
16903,8,0.0,280.0
16904,14,0.04395604395604396,339.7857142857143
16905,130,0.05831842576028622,338.66923076923075
16906,0,0.0,0.0
16907,335,0.07796943426579676,380.23880597014926
16908,322,0.08285443393123199,402.85403726708074
16909,1,0.0,530.0
16910,69,0.0494458653026428,327.0289855072464
16911,28,0.07936507936507936,384.0
16912,23,0.10276679841897234,446.3478260869565
16913,427,0.07952633835801695,390.21077283372364
16914,4,0.0,356.0
16915,8,0.07142857142857142,486.5
16916,8,0.03571428571428571,359.0
16917,3,0.0,157.33333333333334
16918,20,0.05789473684210526,457.3
16919,0,0.0,0.0
16920,264,0.08854706763452011,416.93560606060606
16921,1,0.0,333.0
16922,16,0.05,437.0
16923,1,0.0,61.0
16924,0,0.0,0.0
16925,36,0.06666666666666667,362.3611111111111
16926,636,0.08168177091071163,398.0487421383648
16927,128,0.05561023622047244,326.40625
16928,1,0.0,1097.0
16929,1116,0.06940064612565698,364.17652329749103
16930,0,0.0,0.0
16931,2,0.0,362.0
16932,7,0.14285714285714285,552.7142857142857
16933,3,0.0,215.66666666666666
16934,1,0.0,215.0
16935,36,0.0761904761904762,395.72222222222223
16936,1,0.0,62.0
16937,36,0.0873015873015873,393.77777777777777
16938,5,0.1,497.6
16939,0,0.0,0.0
16940,10,0.08888888888888889,476.4
16941,5,0.1,447.0
16942,5,0.0,304.6
16943,1,0.0,1418.0
16944,0,0.0,0.0
16945,0,0.0,0.0
16946,87,0.09703287890938252,429.0689655172414
16947,4,0.0,232.0
16948,0,0.0,0.0
16949,8,0.25,496.25
16950,39,0.06612685560053981,345.5897435897436
16951,64,0.06299603174603174,348.515625
16952,0,0.0,0.0
16953,33,0.05113636363636364,301.030303030303
16954,0,0.0,0.0
16955,7,0.0,247.85714285714286
16956,0,0.0,0.0
16957,131,0.07598355842630652,392.0
16958,403,0.101687591817587,446.46153846153845
16959,64,0.0744047619047619,380.4375
16960,15,0.12380952380952381,433.06666666666666
16961,161,0.08090062111801243,384.53416149068323
16962,0,0.0,0.0
16963,10,0.044444444444444446,320.4
16964,14,0.054945054945054944,397.64285714285717
16965,121,0.1059228650137741,450.7603305785124
16966,152,0.0636981526664343,357.29605263157896
16967,2,0.0,327.0
16968,3,0.0,106.33333333333333
16969,148,0.07106085677514248,376.5945945945946
16970,14,0.054945054945054944,302.0
16971,39,0.0728744939271255,369.5897435897436
16972,5,0.0,270.2
16973,304,0.07458311620635748,379.2763157894737
16974,1,0.0,614.0
16975,0,0.0,0.0
16976,1,0.0,207.0
16977,8,0.14285714285714285,393.375
16978,2,0.0,503.5
16979,355,0.08199252009230525,399.2112676056338
16980,9,0.1111111111111111,446.8888888888889
16981,0,0.0,0.0
16982,5,0.0,614.6
16983,1,0.0,1767.0
16984,233,0.0813970697054906,402.7725321888412
16985,6,0.13333333333333333,563.1666666666666
16986,0,0.0,0.0
16987,329,0.08666320705760248,408.42857142857144
16988,0,0.0,0.0
16989,0,0.0,0.0
16990,8,0.0,322.625
16991,287,0.08279525352696085,404.26480836236937
16992,55,0.09696969696969697,406.56363636363636
16993,989,0.07539411256616302,379.7745197168857
16994,14,0.06593406593406594,347.57142857142856
16995,436,0.08870610566276495,412.2798165137615
16996,208,0.06396321070234114,358.2644230769231
16997,2,0.0,206.5
16998,773,0.07980481134668106,389.8796895213454
16999,22,0.04329004329004329,304.3636363636364
17000,136,0.06938997821350762,368.47058823529414
17001,1,0.0,125.0
17002,72,0.0848982785602504,423.93055555555554
17003,0,0.0,0.0
17004,3,0.0,161.0
17005,31,0.05591397849462366,332.4516129032258
17006,12,0.07575757575757576,367.9166666666667
17007,6,0.0,191.0
17008,27,0.07977207977207977,395.8888888888889
17009,36,0.07301587301587302,367.3611111111111
17010,0,0.0,0.0
17011,5,0.0,454.0
17012,10,0.022222222222222223,309.5
17013,1,0.0,725.0
17014,6,0.06666666666666667,466.3333333333333
17015,227,0.08315465284004522,406.94713656387665
17016,8,0.17857142857142858,422.375
17017,8,0.10714285714285714,365.125
17018,186,0.05922696890438826,339.0860215053763
17019,2,0.0,123.0
17020,1,0.0,485.0
17021,2,0.0,315.5
17022,37,0.04354354354354354,305.4594594594595
17023,25,0.10666666666666667,436.84
17024,19,0.029239766081871343,260.2631578947368
17025,4,0.3333333333333333,327.25
17026,122,0.0956509958000271,432.1639344262295
17027,36,0.06031746031746032,347.4166666666667
17028,4,0.0,507.5
17029,1,0.0,22.0
17030,147,0.07119560152828254,382.3333333333333
17031,27,0.04843304843304843,297.22222222222223
17032,4,0.0,132.75
17033,16,0.08333333333333333,356.5
17034,118,0.07663334781978849,394.41525423728814
17035,1,0.0,1.0
17036,38,0.05547652916073969,314.94736842105266
17037,280,0.06920122887864823,360.875
17038,29,0.04433497536945813,302.7931034482759
17039,1,0.0,625.0
17040,75,0.08972972972972973,424.3066666666667
17041,1,0.0,441.0
17042,15,0.0380952380952381,372.6
17043,209,0.0639032020610968,347.5263157894737
17044,1,0.0,36.0
17045,44,0.05391120507399577,319.29545454545456
17046,31,0.08172043010752689,388.258064516129
17047,2,0.0,200.0
17048,26,0.06769230769230769,392.1923076923077
17049,29,0.1477832512315271,548.5172413793103
17050,795,0.0742328469812905,376.22264150943397
17051,2,0.0,759.5
17052,234,0.07516231979751294,378.15811965811963
17053,1,0.0,37.0
17054,1,0.0,838.0
17055,19,0.12280701754385964,489.3157894736842
17056,92,0.11419015766841854,467.0217391304348
17057,78,0.08491508491508491,412.46153846153845
17058,297,0.07282282282282282,379.74074074074076
17059,25,0.06666666666666667,323.8
17060,39,0.06072874493927125,378.94871794871796
17061,35,0.05042016806722689,353.25714285714287
17062,17,0.058823529411764705,416.4117647058824
17063,1,0.0,15.0
17064,3,0.0,156.33333333333334
17065,4,0.0,345.0
17066,11,0.03636363636363636,297.72727272727275
17067,26,0.07384615384615385,331.46153846153845
17068,13,0.19230769230769232,608.6923076923077
17069,0,0.0,0.0
17070,32,0.04233870967741935,310.65625
17071,3,0.3333333333333333,330.3333333333333
17072,55,0.06060606060606061,339.43636363636364
17073,11,0.10909090909090909,461.3636363636364
17074,55,0.07407407407407407,357.3090909090909
17075,1422,0.06308229679184346,345.5963431786217
17076,0,0.0,0.0
17077,1,0.0,39.0
17078,20,0.11052631578947368,408.5
17079,21,0.04285714285714286,350.42857142857144
17080,785,0.07536396724294814,378.9923566878981
17081,191,0.08382474510884541,401.64397905759165
17082,0,0.0,0.0
17083,47,0.07123034227567067,397.17021276595744
17084,1,0.0,919.0
17085,0,0.0,0.0
17086,103,0.06796116504854369,353.86407766990294
17087,10,0.08888888888888889,454.3
17088,86,0.059644322845417236,358.2674418604651
17089,148,0.061224489795918366,353.1689189189189
17090,133,0.0771246297562087,384.10526315789474
17091,8,0.03571428571428571,432.0
17092,86,0.057181942544459644,337.80232558139534
17093,33,0.08143939393939394,409.27272727272725
17094,127,0.09048868891388577,412.12598425196853
17095,37,0.07957957957957958,405.4594594594595
17096,235,0.08914348063284233,410.5787234042553
17097,310,0.08048856874412778,388.63870967741934
17098,0,0.0,0.0
17099,2,0.0,645.5
17100,0,0.0,0.0
17101,4,0.5,941.0
17102,361,0.07326869806094183,377.1301939058172
17103,79,0.12268743914313535,479.126582278481
17104,179,0.09095474232628209,414.81564245810057
17105,169,0.06924485770639617,378.1242603550296
17106,547,0.08518659889775064,403.9890310786106
17107,10,0.022222222222222223,271.1
17108,8,0.07142857142857142,488.125
17109,2,1.0,700.5
17110,66,0.09090909090909091,419.7878787878788
17111,170,0.07866341802993387,388.47058823529414
17112,358,0.09065302098493029,415.1815642458101
17113,1,0.0,6.0
17114,60,0.06949152542372881,383.6666666666667
17115,0,0.0,0.0
17116,0,0.0,0.0
17117,0,0.0,0.0
17118,4,0.16666666666666666,488.75
17119,448,0.08291387024608501,396.24107142857144
17120,2,0.0,356.0
17121,0,0.0,0.0
17122,5,0.0,194.4
17123,13,0.10256410256410256,396.9230769230769
17124,0,0.0,0.0
17125,1,0.0,684.0
17126,0,0.0,0.0
17127,12,0.015151515151515152,224.41666666666666
17128,155,0.07733556765814831,387.47741935483873
17129,1,0.0,493.0
17130,0,0.0,0.0
17131,7,0.09523809523809523,316.14285714285717
17132,4,0.0,302.5
17133,7,0.09523809523809523,189.28571428571428
17134,1,0.0,109.0
17135,12,0.030303030303030304,305.1666666666667
17136,112,0.06756756756756757,354.9375
17137,2,0.0,361.0
17138,43,0.05426356589147287,351.93023255813955
17139,2,0.0,187.5
17140,2,0.0,279.5
17141,132,0.09322229932916956,421.0681818181818
17142,19,0.06432748538011696,278.57894736842104
17143,0,0.0,0.0
17144,154,0.07435701553348611,373.92857142857144
17145,21,0.10952380952380952,409.7142857142857
17146,16,0.11666666666666667,453.25
17147,4,0.5,640.5
17148,357,0.08450571239731848,400.6218487394958
17149,105,0.06978021978021978,377.32380952380953
17150,1010,0.07251763828513674,373.5316831683168
17151,3,0.0,289.3333333333333
17152,7,0.0,278.85714285714283
17153,330,0.07836418900248687,383.2848484848485
17154,156,0.08494623655913978,399.5576923076923
17155,977,0.07341183281037636,375.11770726714434
17156,0,0.0,0.0
17157,850,0.0743767754451604,379.4294117647059
17158,19,0.07017543859649122,370.4736842105263
17159,83,0.08228034087569791,410.2409638554217
17160,0,0.0,0.0
17161,13,0.10256410256410256,481.61538461538464
17162,12,0.015151515151515152,324.6666666666667
17163,30,0.034482758620689655,292.76666666666665
17164,23,0.04743083003952569,281.04347826086956
17165,12,0.030303030303030304,326.5833333333333
17166,26,0.07692307692307693,420.88461538461536
17167,41,0.06585365853658537,319.4634146341463
17168,113,0.10461441213653604,453.69026548672565
17169,0,0.0,0.0
17170,17,0.0661764705882353,324.5882352941176
17171,43,0.06090808416389812,329.5581395348837
17172,6,0.26666666666666666,489.3333333333333
17173,207,0.10576426996857559,451.4830917874396
17174,308,0.0948009645078049,423.31168831168833
17175,24,0.08333333333333333,389.1666666666667
17176,15,0.09523809523809523,421.1333333333333
17177,63,0.06451612903225806,379.6507936507937
17178,38,0.03840682788051209,285.44736842105266
17179,2,0.0,150.0
17180,390,0.0934414343154703,425.4923076923077
17181,0,0.0,0.0
17182,123,0.08916433426629349,416.9918699186992
17183,164,0.09688762531797097,438.0548780487805
17184,0,0.0,0.0
17185,10,0.13333333333333333,526.2
17186,5,0.1,363.4
17187,0,0.0,0.0
17188,4,0.16666666666666666,367.75
17189,660,0.08175840345794823,397.0348484848485
17190,26,0.036923076923076927,352.11538461538464
17191,51,0.07058823529411765,359.27450980392155
17192,6,0.2,426.5
17193,10,0.022222222222222223,238.0
17194,10,0.13333333333333333,371.1
17195,1,0.0,104.0
17196,14,0.08791208791208792,336.85714285714283
17197,8,0.03571428571428571,315.0
17198,1,0.0,2.0
17199,6,0.06666666666666667,397.5
17200,26,0.08923076923076922,380.34615384615387
17201,21,0.07142857142857142,380.76190476190476
17202,8,0.10714285714285714,546.625
17203,55,0.08350168350168351,379.54545454545456
17204,1,0.0,216.0
17205,177,0.07453775038520802,387.02259887005647
17206,2,0.0,332.5
17207,7,0.09523809523809523,416.85714285714283
17208,0,0.0,0.0
17209,7,0.3333333333333333,611.5714285714286
17210,216,0.06881998277347115,361.48148148148147
17211,8,0.14285714285714285,494.0
17212,61,0.04480874316939891,296.2295081967213
17213,1,0.0,299.0
17214,0,0.0,0.0
17215,0,0.0,0.0
17216,273,0.07290993320405086,370.24175824175825
17217,7,0.09523809523809523,506.14285714285717
17218,4,0.0,248.0
17219,25,0.11333333333333333,428.44
17220,260,0.07205227205227205,375.51153846153846
17221,4,0.16666666666666666,532.5
17222,192,0.08993237347294938,418.921875
17223,122,0.05446416474732421,343.4754098360656
17224,320,0.09849137931034482,440.09375
17225,21,0.07142857142857142,338.5238095238095
17226,4,0.0,473.25
17227,30,0.06436781609195402,334.26666666666665
17228,124,0.07749803304484658,386.21774193548384
17229,0,0.0,0.0
17230,1,0.0,644.0
17231,47,0.09528214616096208,426.1489361702128
17232,188,0.08004323586301058,392.7340425531915
17233,44,0.07822410147991543,370.34090909090907
17234,0,0.0,0.0
17235,60,0.0768361581920904,403.98333333333335
17236,1,0.0,1116.0
17237,63,0.10599078341013825,457.23809523809524
17238,21,0.0761904761904762,322.42857142857144
17239,1,0.0,150.0
17240,982,0.06805059885274388,360.17922606924645
17241,18,0.0392156862745098,292.22222222222223
17242,9,0.19444444444444445,415.22222222222223
17243,15,0.02857142857142857,259.3333333333333
17244,138,0.09584258965407808,425.32608695652175
17245,2,0.0,274.0
17246,8,0.03571428571428571,475.0
17247,5,0.0,178.2
17248,69,0.07374254049445865,373.3478260869565
17249,7,0.09523809523809523,323.57142857142856
17250,48,0.08953900709219859,397.9166666666667
17251,14,0.04395604395604396,320.64285714285717
17252,5,0.3,764.4
17253,11,0.09090909090909091,460.90909090909093
17254,39,0.09446693657219973,452.05128205128204
17255,0,0.0,0.0
17256,6,0.26666666666666666,521.0
17257,22,0.10822510822510822,449.27272727272725
17258,11,0.05454545454545454,290.45454545454544
17259,3,0.0,448.0
17260,35,0.08235294117647059,402.0285714285714
17261,9,0.027777777777777776,604.8888888888889
17262,13,0.11538461538461539,480.61538461538464
17263,17,0.09558823529411764,374.29411764705884
17264,2,0.0,101.0
17265,0,0.0,0.0
17266,337,0.08623004097781546,411.02373887240356
17267,61,0.055191256830601096,350.04918032786884
17268,10,0.044444444444444446,389.9
17269,0,0.0,0.0
17270,9,0.05555555555555555,350.77777777777777
17271,112,0.09346846846846847,430.51785714285717
17272,71,0.07484909456740442,377.1830985915493
17273,524,0.09304073679447696,425.8702290076336
17274,16,0.016666666666666666,346.5
17275,68,0.07945566286215978,398.1470588235294
17276,39,0.07692307692307693,396.1025641025641
17277,6,0.0,328.3333333333333
17278,122,0.09768324075328547,444.0245901639344
17279,25,0.09,418.24
17280,2,0.0,919.0
17281,246,0.10456280073004812,444.5365853658537
17282,77,0.09022556390977443,409.09090909090907
17283,20,0.04736842105263158,347.2
17284,24,0.03260869565217391,269.7083333333333
17285,30,0.06206896551724138,379.06666666666666
17286,1,0.0,408.0
17287,17,0.051470588235294115,351.5882352941176
17288,0,0.0,0.0
17289,5,0.1,504.6
17290,1,0.0,58.0
17291,0,0.0,0.0
17292,0,0.0,0.0
17293,32,0.0625,346.5
17294,0,0.0,0.0
17295,129,0.07376453488372094,383.6511627906977
17296,61,0.10273224043715846,454.9672131147541
17297,10,0.17777777777777778,406.1
17298,52,0.05580693815987934,338.53846153846155
17299,5,0.0,405.4
17300,0,0.0,0.0
17301,474,0.08705542323440468,406.06540084388183
17302,4,0.16666666666666666,434.75
17303,32,0.10685483870967742,441.53125
17304,193,0.065036701208981,353.1761658031088
17305,361,0.08191751308094798,397.87257617728534
17306,2,0.0,357.0
17307,1,0.0,200.0
17308,64,0.05853174603174603,333.0
17309,11,0.07272727272727272,515.2727272727273
17310,71,0.06438631790744467,369.6478873239437
17311,252,0.07398975526465566,377.9166666666667
17312,122,0.0699092263920878,376.9672131147541
17313,12,0.09090909090909091,476.0833333333333
17314,0,0.0,0.0
17315,700,0.07420396484774167,376.44428571428574
17316,33,0.03977272727272727,298.3636363636364
17317,79,0.061668289516390785,320.27848101265823
17318,9,0.1111111111111111,461.55555555555554
17319,21,0.08095238095238096,451.04761904761904
17320,0,0.0,0.0
17321,8,0.0,274.75
17322,0,0.0,0.0
17323,24,0.10507246376811594,437.5833333333333
17324,21,0.05714285714285714,365.57142857142856
17325,0,0.0,0.0
17326,0,0.0,0.0
17327,806,0.07229628716304733,369.348635235732
17328,4,0.0,153.5
17329,9,0.08333333333333333,390.22222222222223
17330,21,0.11904761904761904,490.04761904761904
17331,0,0.0,0.0
17332,30,0.08505747126436781,413.3666666666667
17333,26,0.10153846153846154,502.0769230769231
17334,0,0.0,0.0
17335,20,0.09473684210526316,479.45
17336,9,0.05555555555555555,408.8888888888889
17337,2,0.0,377.0
17338,8,0.07142857142857142,350.625
17339,284,0.09431145174936545,426.1443661971831
17340,191,0.07610912096996418,380.5183246073298
17341,54,0.04821802935010482,310.3888888888889
17342,50,0.07591836734693877,376.88
17343,174,0.08198790778021393,393.5574712643678
17344,55,0.06599326599326599,365.03636363636366
17345,12,0.12121212121212122,551.3333333333334
17346,2,0.0,372.5
17347,35,0.09243697478991597,437.65714285714284
17348,429,0.09035357166198288,414.16317016317015
17349,53,0.062409288824383166,347.24528301886795
17350,145,0.08189655172413793,404.0896551724138
17351,5,0.0,186.0
17352,55,0.09158249158249158,425.43636363636364
17353,0,0.0,0.0
17354,53,0.08708272859216255,424.9811320754717
17355,4,0.16666666666666666,570.25
17356,65,0.09086538461538461,414.2
17357,40,0.08974358974358974,398.325
17358,0,0.0,0.0
17359,10,0.044444444444444446,294.0
17360,1,0.0,182.0
17361,6,0.06666666666666667,181.5
17362,101,0.05287128712871287,332.74257425742576
17363,1,0.0,582.0
17364,0,0.0,0.0
17365,34,0.05169340463458111,329.97058823529414
17366,50,0.08163265306122448,386.3
17367,1,0.0,665.0
17368,52,0.07616892911010557,400.88461538461536
17369,2,0.0,565.5
17370,106,0.09218328840970351,426.42452830188677
17371,9,0.0,283.3333333333333
17372,0,0.0,0.0
17373,170,0.10156630699617125,437.94117647058823
17374,1,0.0,21.0
17375,20,0.05263157894736842,372.65
17376,15,0.01904761904761905,229.13333333333333
17377,8,0.07142857142857142,511.75
17378,108,0.08722741433021806,407.2962962962963
17379,6,0.06666666666666667,450.5
17380,2,0.0,527.0
17381,39,0.07152496626180836,354.8974358974359
17382,28,0.11904761904761904,461.7857142857143
17383,20,0.13157894736842105,540.55
17384,7,0.0,175.57142857142858
17385,36,0.0746031746031746,361.4166666666667
17386,6,0.06666666666666667,523.0
17387,0,0.0,0.0
17388,18,0.10457516339869281,422.6111111111111
17389,121,0.06418732782369146,351.6528925619835
17390,7,0.09523809523809523,425.57142857142856
17391,16,0.041666666666666664,402.5625
17392,111,0.07141687141687142,369.5945945945946
17393,99,0.08925994640280355,416.55555555555554
17394,38,0.05689900426742532,371.60526315789474
17395,9,0.05555555555555555,344.1111111111111
17396,6,0.26666666666666666,605.5
17397,3,0.0,387.0
17398,187,0.09223161405324592,427.048128342246
17399,11,0.05454545454545454,413.45454545454544
17400,19,0.05263157894736842,332.94736842105266
17401,0,0.0,0.0
17402,17,0.19852941176470587,512.2352941176471
17403,0,0.0,0.0
17404,26,0.06461538461538462,354.0
17405,6,0.0,232.83333333333334
17406,86,0.07934336525307797,382.72093023255815
17407,926,0.07166656937715253,369.2429805615551
17408,84,0.08204245553643144,388.7738095238095
17409,120,0.09187675070028012,418.1333333333333
17410,245,0.09233857477417197,425.8979591836735
17411,0,0.0,0.0
17412,0,0.0,0.0
17413,6,0.0,209.66666666666666
17414,1,0.0,369.0
17415,1,0.0,250.0
17416,16,0.11666666666666667,451.8125
17417,335,0.07923853784967379,388.0238805970149
17418,19,0.07017543859649122,373.7368421052632
17419,5,0.0,238.4
17420,38,0.07112375533428165,375.42105263157896
17421,167,0.07048553495418801,368.2215568862275
17422,40,0.09102564102564102,421.45
17423,20,0.10526315789473684,448.0
17424,205,0.08110951697752272,393.5365853658537
17425,6,0.06666666666666667,234.0
17426,16,0.041666666666666664,336.0
17427,51,0.10509803921568628,455.3921568627451
17428,23,0.05533596837944664,376.1304347826087
17429,4,0.0,363.75
17430,0,0.0,0.0
17431,0,0.0,0.0
17432,36,0.09047619047619047,424.69444444444446
17433,22,0.09523809523809523,341.5
17434,26,0.07076923076923076,427.46153846153845
17435,38,0.06116642958748222,341.4736842105263
17436,0,0.0,0.0
17437,489,0.0683898219853163,359.00817995910023
17438,5,0.0,174.6
17439,0,0.0,0.0
17440,16,0.05,379.9375
17441,35,0.07058823529411765,385.77142857142854
17442,74,0.07997038134024435,390.22972972972974
17443,26,0.09538461538461539,420.1923076923077
17444,0,0.0,0.0
17445,35,0.11428571428571428,437.6857142857143
17446,1102,0.07241560633708673,369.7005444646098
17447,0,0.0,0.0
17448,20,0.07368421052631578,349.8
17449,2,0.0,42.0
17450,37,0.05555555555555555,313.86486486486484
17451,0,0.0,0.0
17452,0,0.0,0.0
17453,0,0.0,0.0
17454,0,0.0,0.0
17455,10,0.06666666666666667,278.0
17456,5,0.2,416.4
17457,160,0.06650943396226415,362.71875
17458,7,0.14285714285714285,485.7142857142857
17459,22,0.06493506493506493,355.45454545454544
17460,18,0.032679738562091505,276.3333333333333
17461,7,0.0,377.0
17462,53,0.038461538461538464,296.6792452830189
17463,92,0.11012900143334926,450.1630434782609
17464,0,0.0,0.0
17465,408,0.07855181384593149,391.1151960784314
17466,24,0.07246376811594203,456.875
17467,1,0.0,184.0
17468,35,0.08235294117647059,404.42857142857144
17469,602,0.07834672002918723,389.80398671096344
17470,9,0.0,245.55555555555554
17471,7,0.0,273.14285714285717
17472,44,0.09513742071881606,420.0681818181818
17473,24,0.043478260869565216,351.0
17474,7,0.0,295.2857142857143
17475,0,0.0,0.0
17476,101,0.08712871287128712,413.990099009901
17477,0,0.0,0.0
17478,97,0.07560137457044673,386.4639175257732
17479,2,0.0,445.0
17480,8,0.03571428571428571,398.25
17481,305,0.07793356341673857,386.4754098360656
17482,0,0.0,0.0
17483,49,0.07738095238095238,372.38775510204084
17484,6,0.13333333333333333,424.6666666666667
17485,85,0.07338935574229692,374.43529411764706
17486,212,0.07274434409371368,370.87264150943395
17487,38,0.08108108108108109,406.3421052631579
17488,5,0.0,194.0
17489,54,0.0803633822501747,409.0
17490,21,0.07142857142857142,339.6666666666667
17491,12,0.12121212121212122,369.6666666666667
17492,86,0.06839945280437756,377.5
17493,2,0.0,298.5
17494,57,0.06203007518796992,318.0877192982456
17495,19,0.14619883040935672,448.63157894736844
17496,3,0.0,69.66666666666667
17497,2,0.0,84.0
17498,10,0.06666666666666667,256.7
17499,449,0.08781419026407891,411.34966592427617
17500,280,0.07913466461853559,389.3285714285714
17501,1,0.0,902.0
17502,1,0.0,446.0
17503,11,0.05454545454545454,252.36363636363637
17504,0,0.0,0.0
17505,13,0.08974358974358974,465.7692307692308
17506,15,0.12380952380952381,462.1333333333333
17507,2,0.0,391.5
17508,6,0.06666666666666667,212.66666666666666
17509,62,0.09994711792702274,456.61290322580646
17510,0,0.0,0.0
17511,2,1.0,943.0
17512,4,0.0,247.5
17513,79,0.05485232067510549,326.32911392405066
17514,0,0.0,0.0
17515,516,0.08497779784752013,403.5503875968992
17516,182,0.0681804383461842,365.532967032967
17517,6,0.06666666666666667,326.1666666666667
17518,8,0.0,178.5
17519,19,0.07017543859649122,413.0
17520,12,0.07575757575757576,381.0
17521,58,0.10949788263762855,442.37931034482756
17522,11,0.05454545454545454,339.0
17523,110,0.06939115929941618,373.5
17524,227,0.09430431562122335,427.31277533039645
17525,2,0.0,662.5
17526,0,0.0,0.0
17527,85,0.08319327731092437,395.84705882352944
17528,6,0.06666666666666667,316.0
17529,203,0.08569477637418914,411.128078817734
17530,7,0.09523809523809523,353.0
17531,504,0.07881283726214143,387.94642857142856
17532,29,0.08374384236453201,396.3448275862069
17533,64,0.04811507936507937,324.1875
17534,146,0.08502598016060463,404.2260273972603
17535,0,0.0,0.0
17536,0,0.0,0.0
17537,99,0.0707070707070707,373.64646464646466
17538,3,0.0,224.33333333333334
17539,3,0.0,164.33333333333334
17540,0,0.0,0.0
17541,203,0.09110861825098766,421.72906403940885
17542,22,0.08225108225108226,372.8636363636364
17543,65,0.08076923076923077,394.4
17544,8,0.07142857142857142,630.375
17545,12,0.015151515151515152,191.33333333333334
17546,15,0.09523809523809523,386.93333333333334
17547,97,0.06980240549828179,371.69072164948454
17548,716,0.07661054029769114,382.7946927374302
17549,7,0.0,355.0
17550,0,0.0,0.0
17551,7,0.047619047619047616,190.71428571428572
17552,411,0.07930686606136135,389.9732360097324
17553,11,0.03636363636363636,229.45454545454547
17554,15,0.047619047619047616,336.0
17555,16,0.041666666666666664,331.8125
17556,6,0.0,428.8333333333333
17557,170,0.11082492168465019,462.4
17558,0,0.0,0.0
17559,16,0.18333333333333332,525.9375
17560,21,0.07142857142857142,309.0
17561,594,0.08008698565190976,391.56734006734007
17562,2,0.0,99.0
17563,4,0.0,195.25
17564,1,0.0,363.0
17565,4,0.0,216.25
17566,32,0.08266129032258064,431.0625
17567,28,0.06349206349206349,401.89285714285717
17568,2,1.0,680.5
17569,16,0.09166666666666666,507.5
17570,75,0.06882882882882883,366.41333333333336
17571,97,0.07667525773195877,395.4329896907216
17572,2,0.0,410.5
17573,1,0.0,967.0
17574,359,0.07538009056815176,386.36211699164346
17575,139,0.06631216765717861,357.431654676259
17576,436,0.09474849731097754,428.11238532110093
17577,0,0.0,0.0
17578,274,0.08935589957487768,421.6021897810219
17579,790,0.07584989812452872,381.8455696202532
17580,1,0.0,222.0
17581,5,0.1,239.8
17582,39,0.06882591093117409,377.5897435897436
17583,5,0.1,531.8
17584,12,0.13636363636363635,390.4166666666667
17585,33,0.05303030303030303,337.90909090909093
17586,27,0.1339031339031339,542.1851851851852
17587,0,0.0,0.0
17588,4,0.0,289.25
17589,1767,0.05664693278880905,327.50367855121675
17590,48,0.10815602836879433,455.9166666666667
17591,1,0.0,462.0
17592,35,0.06218487394957983,336.54285714285714
17593,2,0.0,69.5
17594,107,0.08199612061364839,394.4299065420561
17595,59,0.10987726475745178,444.0169491525424
17596,44,0.03805496828752643,270.5681818181818
17597,3,0.0,225.66666666666666
17598,155,0.06912442396313365,363.52258064516127
17599,15,0.0761904761904762,367.6
17600,82,0.11291779584462511,473.1463414634146
17601,15,0.12380952380952381,530.5333333333333
17602,78,0.09257409257409258,422.0897435897436
17603,2,0.0,279.5
17604,12,0.06060606060606061,365.6666666666667
17605,8,0.03571428571428571,255.25
17606,12,0.12121212121212122,519.5
17607,1,0.0,187.0
17608,2,0.0,180.5
17609,29,0.07881773399014778,385.0
17610,1,0.0,9.0
17611,575,0.08399333434328132,401.61391304347825
17612,135,0.06909894969596463,367.74074074074076
17613,2,0.0,49.5
17614,0,0.0,0.0
17615,7,0.09523809523809523,272.0
17616,9,0.08333333333333333,433.8888888888889
17617,1,0.0,525.0
17618,0,0.0,0.0
17619,207,0.08418929693729187,398.6328502415459
17620,684,0.07376298237051879,374.97076023391816
17621,0,0.0,0.0
17622,14,0.01098901098901099,314.2142857142857
17623,1,0.0,27.0
17624,764,0.07628677101274248,381.4397905759162
17625,1,0.0,209.0
17626,0,0.0,0.0
17627,228,0.07929515418502203,388.4122807017544
17628,6,0.06666666666666667,417.6666666666667
17629,9,0.08333333333333333,239.55555555555554
17630,29,0.059113300492610835,378.44827586206895
17631,12,0.21212121212121213,601.1666666666666
17632,28,0.12698412698412698,524.8928571428571
17633,12,0.06060606060606061,396.75
17634,3,0.0,511.6666666666667
17635,5,0.0,350.4
17636,23,0.05138339920948617,331.39130434782606
17637,179,0.08775343669575042,414.75418994413405
17638,10,0.0,296.4
17639,715,0.07528941646588705,382.05734265734264
17640,11,0.03636363636363636,141.8181818181818
17641,1,0.0,91.0
17642,4,0.0,302.75
17643,26,0.08,356.38461538461536
17644,2,0.0,1258.5
17645,65,0.08798076923076924,407.4
17646,0,0.0,0.0
17647,97,0.07109106529209622,379.7525773195876
17648,2,0.0,26.0
17649,5,0.0,146.4
17650,2,0.0,164.5
17651,16,0.075,313.0
17652,6,0.06666666666666667,379.6666666666667
17653,154,0.07130124777183601,370.64935064935065
17654,2,0.0,206.5
17655,3,0.0,377.0
17656,18,0.0196078431372549,320.6111111111111
17657,0,0.0,0.0
17658,25,0.09333333333333334,378.76
17659,12,0.10606060606060606,415.25
17660,5,0.0,279.4
17661,7,0.09523809523809523,442.7142857142857
17662,22,0.09523809523809523,446.8636363636364
17663,1,0.0,485.0
17664,7,0.047619047619047616,236.28571428571428
17665,14,0.04395604395604396,360.42857142857144
17666,449,0.09073735284759783,418.93986636971044
17667,12,0.18181818181818182,688.5
17668,1,0.0,467.0
17669,42,0.0975609756097561,405.9761904761905
17670,8,0.07142857142857142,466.75
17671,289,0.07586024605920799,377.2076124567474
17672,10,0.08888888888888889,415.1
17673,41,0.09634146341463415,453.0243902439024
17674,73,0.0958904109589041,452.3150684931507
17675,2,0.0,26.5
17676,355,0.07915970398663165,385.1915492957746
17677,21,0.1,423.57142857142856
17678,7,0.14285714285714285,333.0
17679,32,0.07459677419354839,359.6875
17680,2,0.0,40.5
17681,232,0.08426630840423945,401.44827586206895
17682,0,0.0,0.0
17683,23,0.04743083003952569,356.04347826086956
17684,1,0.0,23.0
17685,12,0.09090909090909091,435.1666666666667
17686,16,0.05,342.9375
17687,45,0.08484848484848485,405.55555555555554
17688,9,0.027777777777777776,337.1111111111111
17689,60,0.09265536723163842,439.1166666666667
17690,498,0.07968291677777509,393.13253012048193
17691,0,0.0,0.0
17692,43,0.08416389811738649,390.6511627906977
17693,0,0.0,0.0
17694,49,0.06547619047619048,362.0408163265306
17695,190,0.07401837928153718,384.12105263157895
17696,5,0.1,215.0
17697,179,0.08900885066850794,421.58659217877096
17698,7,0.0,129.71428571428572
17699,0,0.0,0.0
17700,0,0.0,0.0
17701,26,0.09230769230769231,369.88461538461536
17702,1,0.0,217.0
17703,1,0.0,488.0
17704,7,0.047619047619047616,495.42857142857144
17705,30,0.04827586206896552,361.2
17706,38,0.07254623044096728,363.55263157894734
17707,1,0.0,1390.0
17708,16,0.058333333333333334,260.625
17709,7,0.14285714285714285,404.85714285714283
17710,4,0.16666666666666666,238.5
17711,26,0.09538461538461539,369.4230769230769
17712,3,0.0,219.66666666666666
17713,10,0.0,306.9
17714,24,0.10869565217391304,497.3333333333333
17715,25,0.07666666666666666,345.76
17716,8,0.0,123.125
17717,0,0.0,0.0
17718,112,0.0814028314028314,389.4017857142857
17719,0,0.0,0.0
17720,22,0.03896103896103896,304.27272727272725
17721,18,0.05228758169934641,322.77777777777777
17722,0,0.0,0.0
17723,33,0.03977272727272727,268.42424242424244
17724,20,0.03684210526315789,249.35
17725,4,0.0,325.5
17726,276,0.08729907773386034,413.40942028985506
17727,3,0.0,208.33333333333334
17728,2,0.0,417.5
17729,35,0.06722689075630252,356.0285714285714
17730,398,0.0780729845702062,387.3994974874372
17731,6,0.0,157.83333333333334
17732,35,0.06722689075630252,387.65714285714284
17733,22,0.06926406926406926,385.90909090909093
17734,1,0.0,1.0
17735,230,0.08156445794569964,385.4913043478261
17736,2,0.0,813.0
17737,14,0.13186813186813187,486.64285714285717
17738,0,0.0,0.0
17739,9,0.027777777777777776,307.0
17740,230,0.06360356939434213,348.4130434782609
17741,14,0.08791208791208792,495.92857142857144
17742,6,0.06666666666666667,387.8333333333333
17743,57,0.07080200501253132,364.89473684210526
17744,6,0.0,176.5
17745,0,0.0,0.0
17746,18,0.0718954248366013,366.05555555555554
17747,20,0.07894736842105263,325.45
17748,12,0.07575757575757576,383.6666666666667
17749,0,0.0,0.0
17750,1,0.0,22.0
17751,7,0.0,419.7142857142857
17752,5,0.0,378.2
17753,502,0.08693370231648258,407.8426294820717
17754,132,0.070205875549387,381.68939393939394
17755,96,0.08201754385964913,406.9479166666667
17756,12,0.045454545454545456,488.5
17757,8,0.10714285714285714,655.875
17758,0,0.0,0.0
17759,54,0.08455625436757512,399.9259259259259
17760,37,0.06606606606606606,399.13513513513516
17761,53,0.08200290275761973,386.1132075471698
17762,2,0.0,83.0
17763,0,0.0,0.0
17764,71,0.06398390342052314,345.3380281690141
17765,14,0.03296703296703297,279.57142857142856
17766,460,0.09057497395093303,418.995652173913
17767,0,0.0,0.0
17768,55,0.044444444444444446,308.1090909090909
17769,0,0.0,0.0
17770,0,0.0,0.0
17771,234,0.07068706210337111,361.0128205128205
17772,8,0.03571428571428571,275.875
17773,17,0.27941176470588236,640.2941176470588
17774,562,0.08508573277256551,403.1334519572954
17775,1,0.0,1110.0
17776,190,0.09273182957393483,423.89473684210526
17777,2,0.0,277.5
17778,15,0.0380952380952381,345.6666666666667
17779,0,0.0,0.0
17780,7,0.0,367.57142857142856
17781,0,0.0,0.0
17782,26,0.11384615384615385,458.5769230769231
17783,0,0.0,0.0
17784,52,0.06184012066365008,356.21153846153845
17785,80,0.08702531645569621,411.1375
17786,24,0.05434782608695652,351.2083333333333
17787,38,0.0953058321479374,446.0263157894737
17788,841,0.07521657890266689,378.5279429250892
17789,1,0.0,130.0
17790,0,0.0,0.0
17791,132,0.05910247513300949,342.1287878787879
17792,56,0.09090909090909091,424.0
17793,10,0.2,518.1
17794,256,0.08085171568627451,399.4609375
17795,119,0.09927360774818401,422.0
17796,295,0.08555286521388217,408.1423728813559
17797,11,0.12727272727272726,472.6363636363636
17798,418,0.08503436485261552,405.29904306220095
17799,11,0.03636363636363636,319.0
17800,8,0.0,154.375
17801,3,0.0,153.0
17802,21,0.08571428571428572,366.04761904761904
17803,8,0.17857142857142858,675.625
17804,23,0.07905138339920949,384.39130434782606
17805,66,0.09557109557109557,457.04545454545456
17806,6,0.06666666666666667,482.8333333333333
17807,23,0.07114624505928854,323.95652173913044
17808,164,0.0703276971420021,363.0914634146341
17809,3,0.0,66.33333333333333
17810,37,0.08558558558558559,399.6216216216216
17811,40,0.05512820512820513,343.85
17812,9,0.027777777777777776,393.77777777777777
17813,15,0.009523809523809525,209.93333333333334
17814,2,0.0,289.5
17815,117,0.08488063660477453,409.5213675213675
17816,41,0.06585365853658537,344.2682926829268
17817,3,0.3333333333333333,507.6666666666667
17818,17,0.051470588235294115,321.70588235294116
17819,101,0.0502970297029703,309.55445544554453
17820,0,0.0,0.0
17821,41,0.0975609756097561,445.7560975609756
17822,0,0.0,0.0
17823,72,0.1068075117370892,458.25
17824,0,0.0,0.0
17825,0,0.0,0.0
17826,4,0.0,307.0
17827,2,0.0,108.5
17828,660,0.08905596174184945,414.8712121212121
17829,25,0.08,409.2
17830,83,0.08022333235380547,371.03614457831327
17831,28,0.07142857142857142,329.10714285714283
17832,11,0.03636363636363636,267.45454545454544
17833,3,0.0,346.3333333333333
17834,35,0.0453781512605042,303.6
17835,2,0.0,333.5
17836,1,0.0,904.0
17837,1,0.0,350.0
17838,5,0.2,329.2
17839,62,0.07033315705975675,373.7096774193548
17840,4,0.0,115.25
17841,12,0.045454545454545456,399.1666666666667
17842,26,0.027692307692307693,327.9230769230769
17843,18,0.0392156862745098,288.05555555555554
17844,6,0.0,283.1666666666667
17845,6,0.06666666666666667,201.16666666666666
17846,250,0.0798714859437751,397.14
17847,30,0.04367816091954023,345.1333333333333
17848,11,0.03636363636363636,381.72727272727275
17849,1,0.0,233.0
17850,0,0.0,0.0
17851,18,0.013071895424836602,207.55555555555554
17852,2,0.0,717.0
17853,0,0.0,0.0
17854,20,0.042105263157894736,360.85
17855,1,0.0,666.0
17856,93,0.065684899485741,355.35483870967744
17857,7,0.14285714285714285,284.14285714285717
17858,1,0.0,636.0
17859,0,0.0,0.0
17860,9,0.1388888888888889,535.3333333333334
17861,11,0.03636363636363636,304.8181818181818
17862,46,0.10338164251207729,429.2391304347826
17863,14,0.10989010989010989,438.92857142857144
17864,10,0.06666666666666667,372.1
17865,31,0.043010752688172046,263.16129032258067
17866,10,0.044444444444444446,280.2
17867,1,0.0,227.0
17868,28,0.09523809523809523,418.82142857142856
17869,1,0.0,84.0
17870,7,0.047619047619047616,390.85714285714283
17871,1,0.0,170.0
17872,12,0.0,267.8333333333333
17873,11,0.01818181818181818,227.72727272727272
17874,134,0.084502300527438,419.07462686567163
17875,156,0.08296112489660877,398.53846153846155
17876,1,0.0,30.0
17877,9,0.05555555555555555,499.55555555555554
17878,117,0.06970232832301798,376.94871794871796
17879,99,0.08410636982065553,393.52525252525254
17880,0,0.0,0.0
17881,12,0.030303030303030304,362.75
17882,206,0.07544399715841818,378.34466019417476
17883,180,0.08261949099937926,393.2388888888889
17884,0,0.0,0.0
17885,12,0.045454545454545456,258.3333333333333
17886,344,0.07798833819241982,389.3837209302326
17887,2,0.0,467.0
17888,28,0.1455026455026455,489.32142857142856
17889,4,0.0,290.0
17890,66,0.07365967365967366,386.07575757575756
17891,17,0.0661764705882353,341.4117647058824
17892,0,0.0,0.0
17893,8,0.03571428571428571,346.375
17894,26,0.11076923076923077,478.2692307692308
17895,64,0.07738095238095238,388.484375
17896,10,0.08888888888888889,373.7
17897,0,0.0,0.0
17898,687,0.0808857541769047,394.08733624454146
17899,122,0.10256062864110554,446.76229508196724
17900,25,0.04666666666666667,328.32
17901,25,0.09,435.32
17902,1658,0.05844634707600828,332.8546441495778
17903,12,0.15151515151515152,489.75
17904,44,0.07293868921775898,369.8181818181818
17905,7,0.0,229.71428571428572
17906,0,0.0,0.0
17907,13,0.08974358974358974,432.15384615384613
17908,22,0.1038961038961039,446.90909090909093
17909,69,0.0494458653026428,316.8550724637681
17910,7,0.09523809523809523,563.8571428571429
17911,0,0.0,0.0
17912,12,0.10606060606060606,359.1666666666667
17913,587,0.08434743678448291,401.6473594548552
17914,14,0.03296703296703297,259.42857142857144
17915,3,0.0,464.0
17916,4,0.5,639.75
17917,10,0.022222222222222223,434.1
17918,9,0.027777777777777776,417.44444444444446
17919,0,0.0,0.0
17920,26,0.1476923076923077,542.6923076923077
17921,397,0.09917817978271379,436.10831234256926
17922,0,0.0,0.0
17923,12,0.030303030303030304,251.08333333333334
17924,206,0.09618754439971584,423.3883495145631
17925,0,0.0,0.0
17926,0,0.0,0.0
17927,30,0.10114942528735632,431.96666666666664
17928,1,0.0,595.0
17929,4,0.0,319.25
17930,6,0.13333333333333333,329.3333333333333
17931,10,0.0,309.7
17932,3,0.0,353.0
17933,2,0.0,146.0
17934,4,0.0,440.25
17935,58,0.056866303690260134,331.7758620689655
17936,0,0.0,0.0
17937,48,0.05939716312056738,350.2083333333333
17938,2,0.0,48.5
17939,0,0.0,0.0
17940,113,0.05847029077117573,331.3362831858407
17941,38,0.05263157894736842,335.05263157894734
17942,20,0.03684210526315789,397.9
17943,12,0.030303030303030304,289.9166666666667
17944,27,0.07977207977207977,354.0
17945,192,0.08158813263525305,399.9427083333333
17946,31,0.06451612903225806,371.93548387096774
17947,5,0.0,487.2
17948,28,0.10052910052910052,476.4642857142857
17949,1,0.0,861.0
17950,67,0.060153776571687016,334.85074626865674
17951,12,0.18181818181818182,677.6666666666666
17952,47,0.05087881591119334,318.93617021276594
17953,4,0.16666666666666666,170.25
17954,16,0.10833333333333334,413.5625
17955,236,0.0859358095924991,407.20762711864404
17956,70,0.10476190476190476,456.9714285714286
17957,6,0.0,222.16666666666666
17958,151,0.07620309050772626,393.5496688741722
17959,5,0.1,464.4
17960,6,0.06666666666666667,501.8333333333333
17961,92,0.08600095556617296,407.64130434782606
17962,2,0.0,214.5
17963,115,0.09916094584286804,432.4695652173913
17964,1,0.0,1255.0
17965,9,0.1111111111111111,430.8888888888889
17966,30,0.08275862068965517,412.6
17967,1,0.0,646.0
17968,1,0.0,440.0
17969,1,0.0,1250.0
17970,10,0.06666666666666667,368.2
17971,0,0.0,0.0
17972,18,0.0784313725490196,399.3888888888889
17973,0,0.0,0.0
17974,150,0.06523489932885906,360.00666666666666
17975,96,0.07017543859649122,374.9791666666667
17976,18,0.05228758169934641,323.22222222222223
17977,0,0.0,0.0
17978,6,0.06666666666666667,504.3333333333333
17979,143,0.06756623658032108,368.0699300699301
17980,12,0.045454545454545456,281.6666666666667
17981,4,0.0,310.5
17982,3,0.0,173.66666666666666
17983,2,0.0,528.0
17984,7,0.047619047619047616,284.0
17985,55,0.08686868686868687,395.5090909090909
17986,1,0.0,461.0
17987,0,0.0,0.0
17988,11,0.03636363636363636,259.0
17989,41,0.11585365853658537,503.7317073170732
17990,6,0.06666666666666667,484.5
17991,1,0.0,34.0
17992,3,0.0,454.3333333333333
17993,82,0.0975609756097561,436.9390243902439
17994,24,0.06521739130434782,391.6666666666667
17995,70,0.08488612836438923,400.0571428571429
17996,25,0.07,305.04
17997,4,0.0,148.75
17998,0,0.0,0.0
17999,273,0.06900452488687783,367.1758241758242
18000,2,0.0,75.0
18001,0,0.0,0.0
18002,2,0.0,649.5
18003,7,0.047619047619047616,172.28571428571428
18004,0,0.0,0.0
18005,4,0.0,378.25
18006,71,0.04225352112676056,295.36619718309856
18007,5,0.0,249.8
18008,22,0.09090909090909091,428.90909090909093
18009,27,0.07977207977207977,440.48148148148147
18010,393,0.08447577504284157,403.83715012722644
18011,234,0.09269652617292103,419.88461538461536
18012,1,0.0,229.0
18013,0,0.0,0.0
18014,154,0.0629827688651218,361.1038961038961
18015,165,0.0959349593495935,427.8060606060606
18016,59,0.0771478667445938,375.91525423728814
18017,1,0.0,64.0
18018,3,0.0,377.3333333333333
18019,35,0.06890756302521009,384.0285714285714
18020,3,0.0,263.0
18021,57,0.06453634085213032,325.4561403508772
18022,107,0.08799153588432375,405.0934579439252
18023,7,0.14285714285714285,441.42857142857144
18024,30,0.09885057471264368,416.96666666666664
18025,26,0.14461538461538462,479.4230769230769
18026,8,0.21428571428571427,423.875
18027,0,0.0,0.0
18028,146,0.1024090694378838,437.1917808219178
18029,1,0.0,282.0
18030,47,0.0730804810360777,397.21276595744683
18031,0,0.0,0.0
18032,32,0.05443548387096774,321.0
18033,0,0.0,0.0
18034,1,0.0,15.0
18035,0,0.0,0.0
18036,75,0.0609009009009009,336.74666666666667
18037,10,0.17777777777777778,504.2
18038,6,0.06666666666666667,391.3333333333333
18039,112,0.07287644787644787,378.80357142857144
18040,1,0.0,1219.0
18041,62,0.07244843997884717,362.83870967741933
18042,10,0.0,214.4
18043,20,0.15789473684210525,584.9
18044,244,0.08989408351885583,419.0860655737705
18045,51,0.08705882352941176,435.3137254901961
18046,44,0.06659619450317125,346.95454545454544
18047,42,0.04994192799070848,343.8809523809524
18048,2,0.0,661.5
18049,9,0.027777777777777776,214.11111111111111
18050,0,0.0,0.0
18051,146,0.08445914029286726,402.17123287671234
18052,1,0.0,660.0
18053,53,0.05878084179970972,349.75471698113205
18054,0,0.0,0.0
18055,0,0.0,0.0
18056,14,0.04395604395604396,372.35714285714283
18057,41,0.07439024390243902,390.1707317073171
18058,4,0.0,474.0
18059,114,0.0759198882161155,388.93859649122805
18060,187,0.0742337990914841,370.19251336898395
18061,21,0.06190476190476191,373.6666666666667
18062,49,0.08503401360544217,428.81632653061223
18063,0,0.0,0.0
18064,7,0.047619047619047616,463.0
18065,44,0.07610993657505286,387.65909090909093
18066,43,0.12070874861572536,468.7674418604651
18067,0,0.0,0.0
18068,812,0.07183857428340612,371.05172413793105
18069,45,0.0797979797979798,389.31111111111113
18070,148,0.0652693509836367,354.9256756756757
18071,0,0.0,0.0
18072,2,0.0,507.0
18073,3,0.3333333333333333,433.3333333333333
18074,15,0.08571428571428572,453.4
18075,31,0.07956989247311828,424.2903225806452
18076,2,0.0,313.5
18077,0,0.0,0.0
18078,0,0.0,0.0
18079,72,0.08841940532081377,412.625
18080,0,0.0,0.0
18081,116,0.07646176911544228,390.80172413793105
18082,4,0.16666666666666666,546.5
18083,83,0.08698207464002351,426.33734939759034
18084,199,0.08832038982792752,413.8291457286432
18085,3,0.3333333333333333,1054.0
18086,2,0.0,845.0
18087,9,0.2222222222222222,538.4444444444445
18088,19,0.05263157894736842,333.8421052631579
18089,0,0.0,0.0
18090,2,0.0,339.5
18091,487,0.08401990856930396,399.64271047227925
18092,23,0.08695652173913043,378.95652173913044
18093,483,0.09087394654776938,418.231884057971
18094,14,0.0989010989010989,427.92857142857144
18095,7,0.14285714285714285,522.5714285714286
18096,16,0.03333333333333333,321.4375
18097,31,0.09032258064516129,416.48387096774195
18098,1,0.0,3.0
18099,67,0.07869742198100407,382.6119402985075
18100,237,0.08081241507544876,389.84388185654007
18101,609,0.09413620257540403,425.70935960591135
18102,13,0.07692307692307693,399.84615384615387
18103,126,0.07517460317460317,381.53968253968253
18104,33,0.058712121212121215,324.3333333333333
18105,1,0.0,266.0
18106,499,0.07810802327546659,384.7414829659319
18107,129,0.10985949612403101,451.13178294573646
18108,135,0.07584300718629076,379.15555555555557
18109,16,0.13333333333333333,458.25
18110,1,0.0,338.0
18111,0,0.0,0.0
18112,6,0.13333333333333333,529.0
18113,2,0.0,284.0
18114,96,0.05241228070175439,318.5104166666667
18115,3,0.0,245.66666666666666
18116,321,0.09332165109034268,420.25545171339564
18117,59,0.0701344243132671,345.40677966101697
18118,44,0.09619450317124736,423.65909090909093
18119,169,0.07762750070442379,386.9408284023669
18120,5,0.0,440.0
18121,49,0.04846938775510204,319.9591836734694
18122,1,0.0,4.0
18123,4,0.0,300.25
18124,5,0.0,231.2
18125,35,0.06218487394957983,369.74285714285713
18126,0,0.0,0.0
18127,181,0.07697974217311233,387.6685082872928
18128,0,0.0,0.0
18129,263,0.09340260644936581,418.54752851711027
18130,8,0.21428571428571427,633.625
18131,20,0.12105263157894737,424.25
18132,4,0.16666666666666666,809.0
18133,57,0.08270676691729323,374.2105263157895
18134,913,0.06966622470744221,364.6133625410734
18135,2,0.0,352.0
18136,21,0.0380952380952381,338.04761904761904
18137,324,0.08024691358024691,399.2654320987654
18138,4,0.16666666666666666,452.5
18139,23,0.08695652173913043,417.0
18140,8,0.0,271.0
18141,444,0.08986639009212373,415.27027027027026
18142,16,0.025,348.6875
18143,94,0.09700297414779227,428.97872340425533
18144,81,0.06759259259259259,367.41975308641975
18145,0,0.0,0.0
18146,0,0.0,0.0
18147,27,0.08262108262108261,366.6296296296296
18148,9,0.027777777777777776,392.44444444444446
18149,43,0.047619047619047616,337.6511627906977
18150,52,0.11161387631975868,466.11538461538464
18151,2,0.0,524.0
18152,0,0.0,0.0
18153,1,0.0,181.0
18154,8,0.0,437.0
18155,68,0.07243195785776997,361.04411764705884
18156,2,0.0,443.0
18157,13,0.0641025641025641,348.2307692307692
18158,2,1.0,714.0
18159,680,0.08241358399029715,397.74264705882354
18160,41,0.08292682926829269,406.4390243902439
18161,0,0.0,0.0
18162,46,0.0966183574879227,433.8478260869565
18163,4,0.0,501.25
18164,0,0.0,0.0
18165,0,0.0,0.0
18166,668,0.08166425769151353,396.937125748503
18167,147,0.09486534339763303,429.5238095238095
18168,5,0.3,610.6
18169,10,0.0,392.2
18170,166,0.09536327126688572,426.50602409638554
18171,3,0.0,305.0
18172,23,0.13043478260869565,467.7391304347826
18173,51,0.09568627450980392,393.6470588235294
18174,27,0.05698005698005698,342.3333333333333
18175,0,0.0,0.0
18176,3,0.0,366.3333333333333
18177,3,0.3333333333333333,391.0
18178,4,0.0,255.75
18179,0,0.0,0.0
18180,619,0.08422081758342875,404.3877221324717
18181,304,0.08027184297377106,395.33223684210526
18182,61,0.060655737704918035,364.8524590163934
18183,95,0.06360582306830907,348.06315789473683
18184,2,0.0,321.5
18185,0,0.0,0.0
18186,1,0.0,1173.0
18187,199,0.06715395157606213,363.2713567839196
18188,16,0.058333333333333334,350.4375
18189,39,0.024291497975708502,242.4102564102564
18190,34,0.0659536541889483,351.29411764705884
18191,23,0.039525691699604744,306.0869565217391
18192,26,0.1476923076923077,516.9615384615385
18193,35,0.08235294117647059,400.65714285714284
18194,323,0.09407149587523797,424.86687306501545
18195,1,0.0,690.0
18196,14,0.06593406593406594,460.2857142857143
18197,264,0.07506625187233552,381.5416666666667
18198,13,0.08974358974358974,437.53846153846155
18199,5,0.3,591.6
18200,142,0.06442912795924483,359.67605633802816
18201,14,0.054945054945054944,427.0
18202,17,0.10294117647058823,474.7647058823529
18203,6,0.0,410.3333333333333
18204,36,0.047619047619047616,313.8611111111111
18205,56,0.08116883116883117,404.25
18206,0,0.0,0.0
18207,70,0.09192546583850932,392.8
18208,0,0.0,0.0
18209,84,0.07200229489386116,381.8333333333333
18210,5,0.0,167.2
18211,2,0.0,180.5
18212,23,0.09090909090909091,394.2608695652174
18213,293,0.08904109589041095,413.8839590443686
18214,0,0.0,0.0
18215,164,0.09389495735448151,436.0914634146341
18216,47,0.10453283996299723,431.21276595744683
18217,137,0.08641047659939888,418.04379562043795
18218,405,0.09523285661899523,429.3851851851852
18219,17,0.058823529411764705,325.5882352941176
18220,1,0.0,668.0
18221,61,0.07103825136612021,405.6393442622951
18222,124,0.07998950957251508,390.16129032258067
18223,1,0.0,574.0
18224,214,0.08696415251634416,417.7943925233645
18225,135,0.06036484245439469,340.77037037037036
18226,19,0.07602339181286549,433.36842105263156
18227,9,0.05555555555555555,540.2222222222222
18228,136,0.0761437908496732,379.9264705882353
18229,0,0.0,0.0
18230,10,0.06666666666666667,265.9
18231,0,0.0,0.0
18232,6,0.0,372.1666666666667
18233,18,0.032679738562091505,319.77777777777777
18234,143,0.0645129518368955,365.67832167832165
18235,15,0.0761904761904762,397.0
18236,0,0.0,0.0
18237,5,0.0,443.2
18238,696,0.07270321673695526,371.54741379310343
18239,171,0.06652906776745786,364.8830409356725
18240,14,0.01098901098901099,231.21428571428572
18241,26,0.09230769230769231,425.4230769230769
18242,57,0.05576441102756892,351.56140350877195
18243,3,0.0,321.6666666666667
18244,92,0.12183468705207835,494.20652173913044
18245,42,0.047619047619047616,251.02380952380952
18246,4,0.0,634.75
18247,32,0.0907258064516129,439.4375
18248,17,0.11764705882352941,450.2352941176471
18249,223,0.06334585706783016,340.63677130044846
18250,28,0.07936507936507936,430.32142857142856
18251,17,0.07352941176470588,440.3529411764706
18252,6,0.0,438.1666666666667
18253,3,0.0,415.6666666666667
18254,0,0.0,0.0
18255,79,0.040246673158065564,287.49367088607596
18256,0,0.0,0.0
18257,3,0.0,173.33333333333334
18258,91,0.09621489621489622,417.9010989010989
18259,182,0.07564810879728007,390.34615384615387
18260,204,0.08509610740848063,409.4117647058824
18261,3,0.0,258.6666666666667
18262,1,0.0,12.0
18263,539,0.08756405570000897,409.59183673469386
18264,0,0.0,0.0
18265,0,0.0,0.0
18266,84,0.08519793459552495,398.6666666666667
18267,343,0.07846145977187867,390.23032069970844
18268,112,0.09395109395109395,425.74107142857144
18269,0,0.0,0.0
18270,12,0.045454545454545456,374.25
18271,22,0.030303030303030304,249.0
18272,0,0.0,0.0
18273,47,0.07123034227567067,413.4255319148936
18274,23,0.03162055335968379,285.2173913043478
18275,54,0.06009783368273934,338.14814814814815
18276,28,0.1111111111111111,480.60714285714283
18277,459,0.07690917220842729,382.0108932461874
18278,43,0.058693244739756366,311.90697674418607
18279,44,0.08456659619450317,434.40909090909093
18280,9,0.05555555555555555,412.1111111111111
18281,8,0.17857142857142858,420.25
18282,222,0.06685418450124332,356.0450450450451
18283,5,0.1,286.0
18284,0,0.0,0.0
18285,61,0.09234972677595628,394.9344262295082
18286,91,0.08498168498168499,401.5824175824176
18287,20,0.05789473684210526,367.25
18288,12,0.030303030303030304,299.8333333333333
18289,16,0.05,326.0
18290,364,0.07472830200102927,381.10714285714283
18291,5,0.0,133.6
18292,725,0.08347113735949704,400.3958620689655
18293,853,0.079710384227994,391.9835873388042
18294,943,0.08050604183693456,393.6373276776246
18295,329,0.07726666172436801,382.7963525835866
18296,1035,0.07315336529027557,371.9555555555556
18297,173,0.07662320204328539,392.09248554913296
18298,757,0.07370013908983526,376.75297225891677
18299,16,0.05,311.125
18300,13,0.02564102564102564,263.61538461538464
18301,18,0.006535947712418301,218.05555555555554
18302,0,0.0,0.0
18303,24,0.03260869565217391,318.5833333333333
18304,0,0.0,0.0
18305,32,0.05846774193548387,350.75
18306,91,0.07203907203907203,391.85714285714283
18307,41,0.04390243902439024,334.780487804878
18308,29,0.07881773399014778,443.7241379310345
18309,61,0.07814207650273224,386.1475409836066
18310,0,0.0,0.0
18311,246,0.08236270117803218,398.979674796748
18312,0,0.0,0.0
18313,0,0.0,0.0
18314,116,0.09490254872563718,426.08620689655174
18315,194,0.0943859836547193,424.29896907216494
18316,0,0.0,0.0
18317,47,0.1211840888066605,484.6595744680851
18318,55,0.03973063973063973,293.05454545454546
18319,9,0.1111111111111111,418.22222222222223
18320,4,0.0,181.75
18321,29,0.09113300492610837,399.3448275862069
18322,2,0.0,218.5
18323,11,0.07272727272727272,458.6363636363636
18324,2,0.0,517.0
18325,0,0.0,0.0
18326,74,0.06219918548685672,353.94594594594594
18327,0,0.0,0.0
18328,42,0.07317073170731707,372.2857142857143
18329,2,0.0,482.5
18330,69,0.08653026427962489,401.7536231884058
18331,1,0.0,870.0
18332,4,0.0,351.0
18333,3,0.0,601.3333333333334
18334,1,0.0,895.0
18335,149,0.05895156901868311,341.4228187919463
18336,0,0.0,0.0
18337,0,0.0,0.0
18338,69,0.08226768968456948,396.95652173913044
18339,1,0.0,3.0
18340,67,0.0506558118498417,342.74626865671644
18341,54,0.10202655485674354,429.94444444444446
18342,32,0.06048387096774194,384.59375
18343,50,0.08081632653061224,386.34
18344,412,0.08278411641036544,398.94174757281553
18345,30,0.09885057471264368,453.3
18346,7,0.0,280.57142857142856
18347,16,0.11666666666666667,486.375
18348,2,0.0,54.5
18349,470,0.06869300911854104,360.47872340425533
18350,9,0.0,237.0
18351,7,0.09523809523809523,356.57142857142856
18352,2,0.0,312.5
18353,173,0.06842317515795134,368.01734104046244
18354,1,0.0,1338.0
18355,873,0.0709275197830953,367.8098510882016
18356,29,0.06403940886699508,371.82758620689657
18357,2,0.0,816.5
18358,561,0.09033613445378151,418.80748663101605
18359,10,0.08888888888888889,442.1
18360,0,0.0,0.0
18361,89,0.0898876404494382,449.0
18362,0,0.0,0.0
18363,3,0.0,83.0
18364,29,0.059113300492610835,386.82758620689657
18365,33,0.07196969696969698,358.27272727272725
18366,32,0.06854838709677419,385.125
18367,3,0.3333333333333333,822.3333333333334
18368,106,0.061096136567834684,338.41509433962267
18369,50,0.11673469387755102,475.1
18370,28,0.07407407407407407,371.4642857142857
18371,54,0.06359189378057302,366.51851851851853
18372,581,0.07922725384295803,387.06024096385545
18373,12,0.06060606060606061,418.9166666666667
18374,0,0.0,0.0
18375,10,0.06666666666666667,288.4
18376,26,0.06461538461538462,383.0769230769231
18377,219,0.07352017091868794,385.62100456621005
18378,0,0.0,0.0
18379,9,0.08333333333333333,419.8888888888889
18380,21,0.10476190476190476,401.14285714285717
18381,50,0.052244897959183675,338.8
18382,14,0.06593406593406594,407.07142857142856
18383,68,0.06189640035118525,340.88235294117646
18384,175,0.08479474548440066,399.3542857142857
18385,58,0.07259528130671507,378.6034482758621
18386,16,0.06666666666666667,314.6875
18387,2,0.0,217.5
18388,0,0.0,0.0
18389,64,0.0689484126984127,370.1875
18390,14,0.02197802197802198,262.57142857142856
18391,5,0.0,343.4
18392,4,0.16666666666666666,578.0
18393,12,0.09090909090909091,542.6666666666666
18394,285,0.087175685693106,409.5649122807018
18395,336,0.07219260838663824,377.1488095238095
18396,39,0.06342780026990553,357.5897435897436
18397,8,0.14285714285714285,288.875
18398,16,0.058333333333333334,366.375
18399,2,0.0,257.0
18400,260,0.07814077814077815,389.9846153846154
18401,1,0.0,378.0
18402,28,0.1402116402116402,524.25
18403,16,0.025,330.4375
18404,89,0.07967313585291114,397.34831460674155
18405,11,0.01818181818181818,171.54545454545453
18406,1,0.0,70.0
18407,22,0.03463203463203463,222.77272727272728
18408,8,0.0,196.25
18409,6,0.2,544.3333333333334
18410,16,0.041666666666666664,352.75
18411,108,0.06645898234683281,373.39814814814815
18412,8,0.07142857142857142,442.75
18413,179,0.06823174941937103,365.2960893854749
18414,25,0.07,405.72
18415,1,0.0,24.0
18416,0,0.0,0.0
18417,54,0.08665269042627533,423.27777777777777
18418,9,0.05555555555555555,450.0
18419,7,0.047619047619047616,376.2857142857143
18420,42,0.04645760743321719,326.6666666666667
18421,43,0.08859357696567,402.25581395348837
18422,9,0.05555555555555555,338.6666666666667
18423,46,0.07053140096618357,361.30434782608694
18424,0,0.0,0.0
18425,3,0.0,316.3333333333333
18426,29,0.05665024630541872,282.7241379310345
18427,44,0.07505285412262157,386.4318181818182
18428,130,0.0936195587358378,435.0076923076923
18429,0,0.0,0.0
18430,18,0.026143790849673203,363.3888888888889
18431,50,0.07918367346938776,403.36
18432,5,0.1,146.2
18433,66,0.06853146853146853,364.6060606060606
18434,2,0.0,321.5
18435,19,0.04678362573099415,351.10526315789474
18436,1,0.0,605.0
18437,14,0.0989010989010989,225.14285714285714
18438,6,0.0,300.6666666666667
18439,58,0.08045977011494253,412.4310344827586
18440,137,0.08726921425504508,406.0
18441,21,0.009523809523809525,228.9047619047619
18442,0,0.0,0.0
18443,131,0.06306517909571345,360.76335877862596
18444,0,0.0,0.0
18445,46,0.03671497584541063,300.60869565217394
18446,92,0.11204013377926421,474.9130434782609
18447,10,0.08888888888888889,377.8
18448,21,0.06666666666666667,295.95238095238096
18449,5,0.1,310.6
18450,0,0.0,0.0
18451,59,0.09877264757451783,435.728813559322
18452,4,0.3333333333333333,215.25
18453,4,0.0,226.75
18454,1,0.0,489.0
18455,113,0.08264854614412137,403.1946902654867
18456,55,0.06060606060606061,361.58181818181816
18457,3,0.0,513.3333333333334
18458,1,0.0,2.0
18459,43,0.0664451827242525,369.09302325581393
18460,50,0.07673469387755102,398.38
18461,5,0.1,465.4
18462,2,0.0,880.0
18463,183,0.08334834564342761,406.6830601092896
18464,10,0.08888888888888889,382.7
18465,44,0.0919661733615222,409.75
18466,55,0.06397306397306397,370.9818181818182
18467,5,0.1,495.2
18468,9,0.08333333333333333,483.0
18469,2,0.0,75.0
18470,4,0.16666666666666666,434.5
18471,206,0.07146578261899124,374.70388349514565
18472,164,0.07511596588358521,382.0609756097561
18473,1,0.0,249.0
18474,0,0.0,0.0
18475,8,0.07142857142857142,388.75
18476,4,0.16666666666666666,541.25
18477,2,0.0,354.0
18478,402,0.08651257428567884,405.9004975124378
18479,0,0.0,0.0
18480,5,0.1,356.8
18481,258,0.07757970621059934,389.98062015503876
18482,171,0.09817681458548332,426.36842105263156
18483,33,0.07954545454545454,375.54545454545456
18484,488,0.07691789813848587,382.37090163934425
18485,21,0.02857142857142857,313.4761904761905
18486,102,0.07396622015142691,376.27450980392155
18487,2,0.0,529.5
18488,63,0.07322068612391193,360.25396825396825
18489,0,0.0,0.0
18490,55,0.09225589225589226,422.9818181818182
18491,2,0.0,676.5
18492,25,0.07666666666666666,425.88
18493,17,0.11029411764705882,443.1764705882353
18494,16,0.10833333333333334,357.625
18495,3,0.0,213.33333333333334
18496,6,0.06666666666666667,462.0
18497,7,0.047619047619047616,250.57142857142858
18498,60,0.0576271186440678,334.5
18499,2,0.0,174.5
18500,35,0.05714285714285714,306.9714285714286
18501,6,0.0,132.16666666666666
18502,7,0.09523809523809523,334.14285714285717
18503,71,0.07967806841046278,392.2957746478873
18504,2,0.0,559.0
18505,0,0.0,0.0
18506,108,0.08428521979923849,410.9074074074074
18507,18,0.0392156862745098,338.8888888888889
18508,19,0.05263157894736842,339.6842105263158
18509,57,0.05952380952380952,299.94736842105266
18510,9,0.027777777777777776,502.8888888888889
18511,6,0.06666666666666667,392.1666666666667
18512,34,0.0944741532976827,438.47058823529414
18513,9,0.08333333333333333,445.55555555555554
18514,6,0.0,168.33333333333334
18515,157,0.0744732974032337,384.56050955414014
18516,1,0.0,408.0
18517,301,0.06877076411960133,369.4750830564784
18518,8,0.03571428571428571,280.0
18519,4,0.0,273.5
18520,4,0.0,363.0
18521,0,0.0,0.0
18522,20,0.05789473684210526,354.8
18523,188,0.06263511207190807,349.1010638297872
18524,12,0.07575757575757576,410.3333333333333
18525,283,0.09598275818860737,427.7844522968198
18526,16,0.15,450.75
18527,2,0.0,312.0
18528,5,0.1,625.6
18529,4,0.16666666666666666,392.75
18530,218,0.07204160148818332,376.38990825688074
18531,41,0.05975609756097561,359.1219512195122
18532,46,0.08599033816425121,402.17391304347825
18533,0,0.0,0.0
18534,41,0.1,419.2926829268293
18535,200,0.1035175879396985,454.535
18536,67,0.10357304387155133,460.4029850746269
18537,1,0.0,904.0
18538,11,0.05454545454545454,354.90909090909093
18539,14,0.08791208791208792,489.5
18540,9,0.05555555555555555,338.1111111111111
18541,2,0.0,217.0
18542,2,0.0,183.0
18543,2,0.0,113.5
18544,20,0.02631578947368421,307.65
18545,0,0.0,0.0
18546,232,0.06851768920734438,366.875
18547,0,0.0,0.0
18548,149,0.0776346816615273,377.43624161073825
18549,3,0.3333333333333333,561.0
18550,13,0.0641025641025641,368.15384615384613
18551,48,0.04875886524822695,315.2916666666667
18552,662,0.06986119173092128,365.9501510574018
18553,12,0.07575757575757576,413.3333333333333
18554,4,0.0,103.25
18555,0,0.0,0.0
18556,314,0.09051504853381087,424.60828025477707
18557,7,0.09523809523809523,343.57142857142856
18558,223,0.07982870763139821,389.2152466367713
18559,129,0.0849079457364341,408.4263565891473
18560,83,0.06317954745812518,347.50602409638554
18561,0,0.0,0.0
18562,181,0.08139963167587477,397.1381215469613
18563,5,0.1,149.6
18564,32,0.07056451612903226,395.21875
18565,6,0.0,153.66666666666666
18566,7,0.047619047619047616,435.7142857142857
18567,6,0.0,222.33333333333334
18568,66,0.05641025641025641,349.3333333333333
18569,12,0.030303030303030304,405.9166666666667
18570,1,0.0,335.0
18571,162,0.0874166091557396,398.88271604938274
18572,187,0.08395146915071014,408.4812834224599
18573,1,0.0,4.0
18574,0,0.0,0.0
18575,44,0.10042283298097252,441.09090909090907
18576,507,0.08595863445361773,408.29585798816566
18577,0,0.0,0.0
18578,60,0.09435028248587571,429.25
18579,20,0.042105263157894736,353.3
18580,49,0.041666666666666664,301.48979591836735
18581,32,0.056451612903225805,363.65625
18582,5,0.0,225.2
18583,81,0.08796296296296297,418.81481481481484
18584,42,0.06736353077816493,373.3809523809524
18585,4,0.0,407.25
18586,47,0.1036077705827937,445.5744680851064
18587,235,0.07244953627932352,374.8212765957447
18588,30,0.07586206896551724,389.0
18589,110,0.09157631359466221,418.7909090909091
18590,6,0.06666666666666667,404.5
18591,1,0.0,288.0
18592,20,0.06842105263157895,374.1
18593,11,0.07272727272727272,346.54545454545456
18594,37,0.057057057057057055,373.9189189189189
18595,194,0.08279472250413973,407.7113402061856
18596,0,0.0,0.0
18597,18,0.0457516339869281,390.72222222222223
18598,1,0.0,10.0
18599,6,0.06666666666666667,381.1666666666667
18600,21,0.06666666666666667,291.76190476190476
18601,29,0.0812807881773399,381.3448275862069
18602,146,0.09201700519603212,426.83561643835617
18603,11,0.01818181818181818,304.72727272727275
18604,171,0.07347781217750259,366.0
18605,42,0.06620209059233449,391.7142857142857
18606,159,0.08231828676060823,392.84276729559747
18607,2,0.0,129.0
18608,0,0.0,0.0
18609,3,0.0,193.0
18610,1,0.0,502.0
18611,55,0.04579124579124579,289.9818181818182
18612,0,0.0,0.0
18613,26,0.07076923076923076,329.53846153846155
18614,196,0.05918367346938776,340.6734693877551
18615,40,0.09358974358974359,360.825
18616,493,0.08356008509375154,402.01217038539556
18617,200,0.09904522613065327,433.65
18618,108,0.06784354447905849,357.81481481481484
18619,492,0.07899094265891743,388.5772357723577
18620,15,0.1523809523809524,506.8666666666667
18621,80,0.08354430379746836,417.3625
18622,337,0.08638900664123216,407.3709198813056
18623,21,0.12380952380952381,495.76190476190476
18624,617,0.07442800311519923,376.39059967585086
18625,425,0.08110987791342952,394.71294117647057
18626,197,0.07401843986325495,375.8629441624365
18627,176,0.07980519480519481,396.6136363636364
18628,17,0.029411764705882353,256.29411764705884
18629,9,0.0,301.8888888888889
18630,13,0.0641025641025641,420.0769230769231
18631,10,0.0,204.3
18632,0,0.0,0.0
18633,19,0.05847953216374269,372.05263157894734
18634,23,0.05138339920948617,307.0
18635,597,0.08507301608714715,405.3534338358459
18636,1,0.0,86.0
18637,12,0.015151515151515152,217.5
18638,42,0.0743321718931475,396.45238095238096
18639,12,0.045454545454545456,277.5
18640,102,0.10211609396233741,457.2352941176471
18641,7,0.09523809523809523,394.7142857142857
18642,20,0.02631578947368421,252.8
18643,2,0.0,343.5
18644,49,0.06292517006802721,350.6734693877551
18645,273,0.0805052790346908,392.7912087912088
18646,4,0.0,201.75
18647,4,0.0,432.25
18648,39,0.07827260458839407,426.8205128205128
18649,170,0.10713539853811348,457.08235294117645
18650,3,0.0,707.3333333333334
18651,6,0.0,350.6666666666667
18652,1,0.0,753.0
18653,12,0.030303030303030304,284.8333333333333
18654,94,0.058567833447723636,320.1063829787234
18655,0,0.0,0.0
18656,112,0.06756756756756757,364.125
18657,5,0.1,332.0
18658,0,0.0,0.0
18659,69,0.08397271952259165,397.5652173913044
18660,13,0.05128205128205128,424.38461538461536
18661,27,0.07692307692307693,406.3333333333333
18662,2,0.0,176.5
18663,265,0.09911377930245854,439.36603773584903
18664,30,0.05747126436781609,365.3
18665,8,0.03571428571428571,401.5
18666,10,0.0,238.7
18667,30,0.08505747126436781,447.03333333333336
18668,23,0.039525691699604744,291.30434782608694
18669,39,0.048582995951417005,292.38461538461536
18670,13,0.10256410256410256,453.9230769230769
18671,20,0.05789473684210526,392.65
18672,6,0.3333333333333333,666.3333333333334
18673,5,0.0,91.4
18674,26,0.043076923076923075,304.96153846153845
18675,256,0.09384191176470588,424.203125
18676,0,0.0,0.0
18677,68,0.048287971905179985,324.9117647058824
18678,17,0.11764705882352941,492.52941176470586
18679,8,0.10714285714285714,382.625
18680,5,0.0,540.6
18681,46,0.08309178743961353,393.2826086956522
18682,4,0.0,232.75
18683,11,0.01818181818181818,327.45454545454544
18684,27,0.07977207977207977,414.6296296296296
18685,21,0.06190476190476191,328.9047619047619
18686,3,0.0,138.33333333333334
18687,36,0.07777777777777778,426.3888888888889
18688,21,0.0761904761904762,378.2857142857143
18689,1,0.0,1825.0
18690,1,0.0,8.0
18691,17,0.10294117647058823,381.29411764705884
18692,13,0.08974358974358974,333.0
18693,257,0.08034411478599222,393.81322957198444
18694,51,0.0792156862745098,382.88235294117646
18695,0,0.0,0.0
18696,43,0.08305647840531562,414.27906976744185
18697,14,0.14285714285714285,558.4285714285714
18698,16,0.1,490.375
18699,19,0.023391812865497075,225.0
18700,9,0.1111111111111111,536.4444444444445
18701,15,0.0380952380952381,349.2
18702,5,0.1,485.2
18703,14,0.10989010989010989,426.42857142857144
18704,2,0.0,271.0
18705,0,0.0,0.0
18706,24,0.08695652173913043,373.7916666666667
18707,522,0.08248211147145557,400.7452107279693
18708,9,0.1111111111111111,346.55555555555554
18709,3,0.6666666666666666,677.6666666666666
18710,72,0.09976525821596244,437.15277777777777
18711,1,0.0,542.0
18712,30,0.07126436781609195,345.4
18713,27,0.07122507122507123,398.22222222222223
18714,66,0.11235431235431236,461.6666666666667
18715,250,0.08777510040160642,414.636
18716,141,0.054204660587639314,333.02836879432624
18717,34,0.0748663101604278,393.20588235294116
18718,54,0.05450733752620545,318.48148148148147
18719,28,0.08465608465608465,423.2857142857143
18720,71,0.1090543259557344,498.09859154929575
18721,26,0.024615384615384615,268.46153846153845
18722,1,0.0,618.0
18723,0,0.0,0.0
18724,1,0.0,3.0
18725,5,0.0,358.6
18726,75,0.06198198198198198,349.05333333333334
18727,4,0.0,304.5
18728,1,0.0,906.0
18729,0,0.0,0.0
18730,3,0.3333333333333333,629.6666666666666
18731,18,0.1437908496732026,483.22222222222223
18732,3,0.0,318.0
18733,47,0.1036077705827937,442.4255319148936
18734,135,0.07263681592039802,371.2
18735,0,0.0,0.0
18736,4,0.16666666666666666,456.5
18737,8,0.07142857142857142,163.875
18738,27,0.07977207977207977,392.4074074074074
18739,11,0.05454545454545454,397.3636363636364
18740,83,0.061416397296503084,343.9759036144578
18741,41,0.12926829268292683,528.9756097560976
18742,0,0.0,0.0
18743,73,0.09018264840182648,410.5890410958904
18744,8,0.17857142857142858,582.5
18745,3,0.0,359.3333333333333
18746,11,0.05454545454545454,253.0909090909091
18747,0,0.0,0.0
18748,1,0.0,192.0
18749,144,0.0678904428904429,358.90972222222223
18750,0,0.0,0.0
18751,23,0.08695652173913043,380.4782608695652
18752,4,0.3333333333333333,570.0
18753,10,0.08888888888888889,359.0
18754,84,0.09265633964429146,421.7142857142857
18755,22,0.06926406926406926,339.72727272727275
18756,0,0.0,0.0
18757,134,0.09011334305914039,408.9925373134328
18758,15,0.17142857142857143,593.7333333333333
18759,4,0.0,257.25
18760,2,0.0,240.5
18761,107,0.07811673426203491,381.4579439252336
18762,0,0.0,0.0
18763,17,0.058823529411764705,285.11764705882354
18764,0,0.0,0.0
18765,11,0.12727272727272726,501.72727272727275
18766,0,0.0,0.0
18767,0,0.0,0.0
18768,97,0.09299828178694158,429.340206185567
18769,256,0.07613357843137254,384.0
18770,2,1.0,1006.0
18771,0,0.0,0.0
18772,85,0.07675070028011205,378.6941176470588
18773,0,0.0,0.0
18774,1,0.0,39.0
18775,8,0.07142857142857142,285.0
18776,5,0.0,269.8
18777,2,0.0,1004.5
18778,1,0.0,293.0
18779,13,0.07692307692307693,365.0
18780,65,0.0673076923076923,347.4153846153846
18781,39,0.06072874493927125,361.05128205128204
18782,1,0.0,679.0
18783,150,0.07033557046979866,365.47333333333336
18784,3,0.0,269.0
18785,526,0.07768966141589716,389.4068441064639
18786,107,0.07212131899135955,377.94392523364485
18787,46,0.06666666666666667,342.19565217391306
18788,57,0.08458646616541353,418.63157894736844
18789,2,0.0,189.5
18790,30,0.041379310344827586,290.06666666666666
18791,4,0.0,233.0
18792,1,0.0,798.0
18793,6,0.13333333333333333,473.0
18794,54,0.04821802935010482,325.6111111111111
18795,656,0.0832666170173152,398.7865853658537
18796,56,0.05194805194805195,332.51785714285717
18797,117,0.0671971706454465,373.8205128205128
18798,17,0.07352941176470588,340.3529411764706
18799,4,0.0,317.75
18800,150,0.06621923937360179,356.68
18801,35,0.06386554621848739,384.8285714285714
18802,0,0.0,0.0
18803,364,0.08193321829685465,398.4532967032967
18804,27,0.08547008547008547,416.1111111111111
18805,66,0.06060606060606061,324.54545454545456
18806,5,0.0,311.4
18807,11,0.07272727272727272,350.0
18808,56,0.1038961038961039,469.5
18809,55,0.05858585858585859,339.4727272727273
18810,17,0.051470588235294115,363.88235294117646
18811,71,0.06277665995975855,372.40845070422534
18812,6,0.0,342.8333333333333
18813,6,0.0,489.3333333333333
18814,14,0.07692307692307693,492.57142857142856
18815,402,0.08865894964082331,408.90796019900495
18816,2,0.0,508.0
18817,27,0.08831908831908832,411.2962962962963
18818,476,0.08454666076957099,404.38235294117646
18819,2,0.0,348.5
18820,223,0.08734294832949542,407.21973094170403
18821,19,0.0935672514619883,365.0
18822,1,0.0,94.0
18823,3,0.0,373.3333333333333
18824,78,0.10223110223110222,438.94871794871796
18825,0,0.0,0.0
18826,16,0.03333333333333333,294.25
18827,6,0.13333333333333333,336.1666666666667
18828,19,0.08187134502923976,490.42105263157896
18829,14,0.14285714285714285,544.4285714285714
18830,48,0.05230496453900709,300.5625
18831,32,0.06451612903225806,354.71875
18832,74,0.12069603850425768,488.9189189189189
18833,108,0.0711318795430945,366.962962962963
18834,43,0.047619047619047616,276.93023255813955
18835,82,0.08190304125263474,402.7439024390244
18836,15,0.09523809523809523,419.53333333333336
18837,28,0.10582010582010581,438.7142857142857
18838,26,0.07384615384615385,391.34615384615387
18839,244,0.07707616541860622,382.7663934426229
18840,27,0.11396011396011396,453.7037037037037
18841,3,0.0,378.0
18842,30,0.08505747126436781,447.06666666666666
18843,26,0.06769230769230769,347.46153846153845
18844,25,0.09333333333333334,398.28
18845,582,0.06952700344825546,363.97594501718214
18846,7,0.047619047619047616,358.2857142857143
18847,944,0.07510514585617485,378.7595338983051
18848,25,0.07333333333333333,411.84
18849,1,0.0,372.0
18850,51,0.0596078431372549,362.5882352941176
18851,81,0.08765432098765433,410.22222222222223
18852,8,0.03571428571428571,269.5
18853,5,0.2,488.6
18854,20,0.015789473684210527,247.45
18855,38,0.06685633001422475,347.6842105263158
18856,13,0.038461538461538464,224.92307692307693
18857,0,0.0,0.0
18858,0,0.0,0.0
18859,0,0.0,0.0
18860,54,0.07826694619147449,405.64814814814815
18861,12,0.10606060606060606,376.25
18862,0,0.0,0.0
18863,1,0.0,60.0
18864,23,0.1383399209486166,461.4782608695652
18865,3,0.0,662.0
18866,1,0.0,498.0
18867,63,0.07680491551459294,365.95238095238096
18868,16,0.05,309.0
18869,366,0.08765626169623475,412.28142076502735
18870,9,0.1111111111111111,376.55555555555554
18871,44,0.07399577167019028,399.72727272727275
18872,23,0.043478260869565216,265.3478260869565
18873,43,0.05094130675526024,337.51162790697674
18874,62,0.09148598625066102,397.1774193548387
18875,22,0.11255411255411256,474.1818181818182
18876,22,0.06926406926406926,405.54545454545456
18877,75,0.06702702702702702,366.61333333333334
18878,153,0.08582731338149295,404.32026143790847
18879,5,0.0,456.4
18880,38,0.03982930298719772,296.60526315789474
18881,11,0.01818181818181818,228.0909090909091
18882,3,0.0,384.3333333333333
18883,6,0.0,207.33333333333334
18884,6,0.0,86.66666666666667
18885,890,0.07472858027578014,378.3134831460674
18886,9,0.0,221.77777777777777
18887,7,0.09523809523809523,358.14285714285717
18888,40,0.08846153846153847,405.65
18889,47,0.0666049953746531,347.1914893617021
18890,0,0.0,0.0
18891,1,0.0,103.0
18892,5,0.0,358.0
18893,8,0.10714285714285714,542.625
18894,5,0.3,434.6
18895,83,0.07434616514839847,394.96385542168673
18896,8,0.0,116.375
18897,4,0.0,247.0
18898,2,1.0,751.5
18899,8,0.0,243.5
18900,39,0.06882591093117409,357.79487179487177
18901,285,0.07580924141339264,375.9438596491228
18902,264,0.07273303375964973,371.42045454545456
18903,74,0.0821917808219178,402.63513513513516
18904,80,0.05569620253164557,321.9625
18905,4,0.3333333333333333,633.75
18906,0,0.0,0.0
18907,17,0.09558823529411764,447.4117647058824
18908,0,0.0,0.0
18909,0,0.0,0.0
18910,0,0.0,0.0
18911,48,0.06471631205673758,374.625
18912,90,0.10162297128589264,440.8222222222222
18913,6,0.06666666666666667,253.16666666666666
18914,207,0.06983724965995966,374.28985507246375
18915,0,0.0,0.0
18916,10,0.1111111111111111,493.2
18917,9,0.027777777777777776,418.55555555555554
18918,4,0.0,234.75
18919,212,0.08436913171778593,396.08490566037733
18920,78,0.07259407259407259,367.1794871794872
18921,17,0.03676470588235294,352.11764705882354
18922,45,0.07373737373737374,361.9111111111111
18923,15,0.0380952380952381,307.4
18924,14,0.03296703296703297,303.85714285714283
18925,8,0.14285714285714285,542.5
18926,117,0.09151193633952255,413.8290598290598
18927,7,0.14285714285714285,324.0
18928,2,0.0,160.5
18929,14,0.0989010989010989,461.64285714285717
18930,16,0.025,300.1875
18931,0,0.0,0.0
18932,3,0.0,380.3333333333333
18933,30,0.052873563218390804,312.56666666666666
18934,0,0.0,0.0
18935,9,0.19444444444444445,520.2222222222222
18936,43,0.10520487264673312,441.69767441860466
18937,225,0.07277777777777777,377.4844444444444
18938,23,0.09486166007905138,399.6521739130435
18939,82,0.07286961758506474,366.3170731707317
18940,2,0.0,254.0
18941,0,0.0,0.0
18942,39,0.05668016194331984,372.4871794871795
18943,13,0.10256410256410256,393.61538461538464
18944,145,0.06503831417624521,356.77241379310345
18945,116,0.08860569715142429,411.26724137931035
18946,119,0.08146987608602763,381.39495798319325
18947,5,0.0,128.4
18948,354,0.07634320833533394,382.2683615819209
18949,4,0.0,155.25
18950,1,0.0,630.0
18951,205,0.08263988522238164,397.4
18952,3,0.3333333333333333,424.0
18953,0,0.0,0.0
18954,22,0.05627705627705628,376.72727272727275
18955,205,0.08986131037780966,417.88780487804877
18956,10,0.06666666666666667,494.9
18957,5,0.2,376.4
18958,3,0.0,368.0
18959,8,0.07142857142857142,498.625
18960,16,0.13333333333333333,442.875
18961,139,0.1011364821186529,434.0935251798561
18962,7,0.047619047619047616,321.42857142857144
18963,0,0.0,0.0
18964,181,0.06666666666666667,361.9502762430939
18965,5,0.0,160.8
18966,81,0.07530864197530865,370.8024691358025
18967,50,0.05551020408163265,335.3
18968,25,0.056666666666666664,328.96
18969,56,0.11688311688311688,464.5357142857143
18970,24,0.06884057971014493,395.2916666666667
18971,4,0.0,181.75
18972,5,0.1,597.8
18973,43,0.07419712070874862,379.04651162790697
18974,1,0.0,247.0
18975,0,0.0,0.0
18976,1,0.0,214.0
18977,88,0.054336468129571575,319.3636363636364
18978,0,0.0,0.0
18979,40,0.11538461538461539,498.925
18980,13,0.01282051282051282,319.46153846153845
18981,8,0.07142857142857142,336.75
18982,1,0.0,483.0
18983,81,0.062037037037037036,353.17283950617286
18984,17,0.04411764705882353,344.29411764705884
18985,44,0.0824524312896406,397.29545454545456
18986,1,0.0,82.0
18987,498,0.08554136061348008,404.12048192771084
18988,0,0.0,0.0
18989,46,0.11980676328502415,457.60869565217394
18990,95,0.06920492721164613,367.53684210526313
18991,49,0.08758503401360544,440.8979591836735
18992,19,0.04678362573099415,313.6842105263158
18993,202,0.07640017733116596,387.2722772277228
18994,195,0.08474755485064764,401.0051282051282
18995,631,0.07293034487963172,373.9334389857369
18996,27,0.07692307692307693,348.6296296296296
18997,0,0.0,0.0
18998,0,0.0,0.0
18999,10,0.022222222222222223,292.4
19000,288,0.07868757259001162,389.4166666666667
19001,55,0.08013468013468013,401.4909090909091
19002,120,0.09145658263305322,412.7916666666667
19003,43,0.11184939091915837,476.1162790697674
19004,4,0.0,81.25
19005,0,0.0,0.0
19006,5,0.1,604.8
19007,10,0.022222222222222223,348.7
19008,2,0.0,870.5
19009,17,0.029411764705882353,282.52941176470586
19010,533,0.08095755335806684,391.26641651031895
19011,77,0.07142857142857142,393.5064935064935
19012,7,0.047619047619047616,311.57142857142856
19013,16,0.20833333333333334,569.5625
19014,3,0.0,511.0
19015,3,0.0,65.33333333333333
19016,24,0.028985507246376812,362.3333333333333
19017,14,0.02197802197802198,311.07142857142856
19018,17,0.08088235294117647,379.05882352941177
19019,234,0.08884486996074979,417.4957264957265
19020,1,0.0,250.0
19021,3,0.3333333333333333,1005.3333333333334
19022,166,0.07944505293902884,389.5843373493976
19023,16,0.08333333333333333,364.625
19024,287,0.08067542213883677,402.4355400696864
19025,27,0.06552706552706553,393.55555555555554
19026,10,0.044444444444444446,333.0
19027,5,0.0,151.4
19028,33,0.045454545454545456,285.030303030303
19029,283,0.07738766508783801,385.58303886925796
19030,2,0.0,86.0
19031,0,0.0,0.0
19032,111,0.09696969696969697,435.18918918918916
19033,0,0.0,0.0
19034,42,0.04878048780487805,292.42857142857144
19035,4,0.3333333333333333,457.5
19036,128,0.07320374015748031,377.40625
19037,11,0.05454545454545454,274.09090909090907
19038,5,0.2,896.6
19039,12,0.10606060606060606,444.5
19040,58,0.07259528130671507,351.7241379310345
19041,106,0.07313566936208446,385.83962264150944
19042,10,0.3111111111111111,691.7
19043,5,0.0,236.2
19044,20,0.06315789473684211,368.2
19045,300,0.08717948717948718,412.7366666666667
19046,0,0.0,0.0
19047,34,0.0748663101604278,429.7352941176471
19048,3,0.0,415.0
19049,3,0.0,288.3333333333333
19050,511,0.0784006753386286,385.986301369863
19051,3,0.0,349.0
19052,37,0.17867867867867868,592.4864864864865
19053,22,0.05194805194805195,359.3636363636364
19054,37,0.042042042042042045,264.2432432432432
19055,27,0.09686609686609686,411.1111111111111
19056,8,0.03571428571428571,346.375
19057,372,0.0803698229139495,392.1693548387097
19058,0,0.0,0.0
19059,112,0.08027670527670527,388.33035714285717
19060,8,0.10714285714285714,484.25
19061,100,0.0802020202020202,403.91
19062,3,0.3333333333333333,542.0
19063,0,0.0,0.0
19064,1,0.0,309.0
19065,1,0.0,714.0
19066,95,0.06898096304591265,368.10526315789474
19067,0,0.0,0.0
19068,30,0.1103448275862069,460.1666666666667
19069,1,0.0,512.0
19070,179,0.07413219509133137,374.78212290502796
19071,0,0.0,0.0
19072,33,0.03787878787878788,296.5151515151515
19073,17,0.029411764705882353,200.11764705882354
19074,34,0.11229946524064172,479.5
19075,5,0.1,280.6
19076,3,0.0,380.6666666666667
19077,17,0.10294117647058823,417.11764705882354
19078,49,0.05612244897959184,291.48979591836735
19079,151,0.0822075055187638,401.7748344370861
19080,11,0.14545454545454545,469.1818181818182
19081,57,0.07894736842105263,398.1929824561403
19082,60,0.08418079096045197,417.3
19083,0,0.0,0.0
19084,0,0.0,0.0
19085,0,0.0,0.0
19086,32,0.08870967741935484,401.125
19087,10,0.022222222222222223,350.4
19088,33,0.041666666666666664,258.8484848484849
19089,399,0.08477223208775708,403.1303258145363
19090,49,0.05187074829931973,324.8979591836735
19091,132,0.08732361785796901,417.0
19092,26,0.09846153846153846,425.5
19093,8,0.14285714285714285,482.875
19094,139,0.0798665415493692,390.8273381294964
19095,2,0.0,217.5
19096,17,0.04411764705882353,340.4117647058824
19097,19,0.05847953216374269,349.7894736842105
19098,22,0.0735930735930736,371.04545454545456
19099,22,0.025974025974025976,301.72727272727275
19100,0,0.0,0.0
19101,862,0.07999116119765771,388.0510440835267
19102,6,0.0,245.5
19103,3,0.0,521.0
19104,223,0.07748555730618512,385.5470852017937
19105,12,0.06060606060606061,309.0833333333333
19106,37,0.07207207207207207,394.94594594594594
19107,1,0.0,256.0
19108,0,0.0,0.0
19109,1,0.0,2.0
19110,47,0.05180388529139685,330.3829787234043
19111,17,0.051470588235294115,311.05882352941177
19112,48,0.057624113475177305,324.5208333333333
19113,715,0.0820434467493291,398.22937062937064
19114,186,0.07875617553036908,373.4193548387097
19115,83,0.09138995004407875,416.5542168674699
19116,356,0.09055230257952207,417.9634831460674
19117,1,0.0,72.0
19118,10,0.06666666666666667,387.0
19119,7,0.047619047619047616,210.71428571428572
19120,5,0.1,509.2
19121,0,0.0,0.0
19122,125,0.07819354838709677,394.336
19123,0,0.0,0.0
19124,2,0.0,171.5
19125,3,0.0,201.66666666666666
19126,679,0.0777909558130341,389.28276877761414
19127,55,0.12390572390572391,518.8
19128,17,0.08088235294117647,373.29411764705884
19129,8,0.07142857142857142,315.875
19130,10,0.06666666666666667,350.7
19131,37,0.03753753753753754,347.2162162162162
19132,3,0.0,354.6666666666667
19133,21,0.05238095238095238,323.14285714285717
19134,1,0.0,295.0
19135,0,0.0,0.0
19136,0,0.0,0.0
19137,0,0.0,0.0
19138,9,0.027777777777777776,285.3333333333333
19139,85,0.06246498599439776,344.50588235294117
19140,73,0.07115677321156773,364.82191780821915
19141,1,0.0,965.0
19142,75,0.09657657657657658,433.97333333333336
19143,170,0.0748346675948486,375.0705882352941
19144,1,0.0,243.0
19145,6,0.06666666666666667,345.8333333333333
19146,2,0.0,336.5
19147,0,0.0,0.0
19148,21,0.08095238095238096,398.1904761904762
19149,31,0.07311827956989247,373.7741935483871
19150,0,0.0,0.0
19151,0,0.0,0.0
19152,1,0.0,694.0
19153,573,0.08654608916389021,410.58464223385687
19154,36,0.07142857142857142,359.4166666666667
19155,0,0.0,0.0
19156,0,0.0,0.0
19157,1,0.0,625.0
19158,16,0.075,390.875
19159,11,0.0,259.8181818181818
19160,102,0.0627062706270627,356.54901960784315
19161,4,0.0,488.0
19162,219,0.0935444681831511,427.2146118721461
19163,0,0.0,0.0
19164,212,0.06541178574622195,352.16509433962267
19165,0,0.0,0.0
19166,0,0.0,0.0
19167,280,0.07547363031233999,382.2035714285714
19168,38,0.06543385490753911,363.2105263157895
19169,21,0.05714285714285714,336.42857142857144
19170,35,0.05042016806722689,381.8
19171,0,0.0,0.0
19172,196,0.11062271062271062,459.3520408163265
19173,86,0.0960328317373461,415.9767441860465
19174,72,0.06729264475743349,349.3611111111111
19175,19,0.10526315789473684,412.10526315789474
19176,339,0.09167233945995008,425.2802359882006
19177,1,0.0,134.0
19178,35,0.06386554621848739,361.34285714285716
19179,60,0.04519774011299435,326.05
19180,14,0.0989010989010989,474.7857142857143
19181,33,0.10227272727272728,454.0
19182,118,0.0502679994205418,315.56779661016947
19183,32,0.07258064516129033,401.25
19184,2,0.0,394.5
19185,22,0.06060606060606061,313.90909090909093
19186,13,0.08974358974358974,366.2307692307692
19187,2,0.0,79.5
19188,19,0.08771929824561403,463.2105263157895
19189,185,0.10011750881316099,439.0918918918919
19190,4,0.0,421.0
19191,0,0.0,0.0
19192,10,0.044444444444444446,183.1
19193,31,0.05806451612903226,362.48387096774195
19194,201,0.07258706467661692,373.4726368159204
19195,124,0.06228691319171256,345.9596774193548
19196,11,0.07272727272727272,501.54545454545456
19197,0,0.0,0.0
19198,57,0.07832080200501253,384.6140350877193
19199,17,0.04411764705882353,369.52941176470586
19200,52,0.0693815987933635,337.96153846153845
19201,9,0.05555555555555555,258.22222222222223
19202,9,0.05555555555555555,381.44444444444446
19203,1,0.0,1010.0
19204,10,0.1111111111111111,495.6
19205,17,0.08088235294117647,373.4117647058824
19206,72,0.0715962441314554,378.6388888888889
19207,69,0.06905370843989769,344.6231884057971
19208,600,0.07795770728992765,391.25666666666666
19209,6,0.13333333333333333,482.3333333333333
19210,1,0.0,244.0
19211,0,0.0,0.0
19212,35,0.07563025210084033,368.62857142857143
19213,24,0.04710144927536232,372.8333333333333
19214,234,0.08701074795495396,405.5128205128205
19215,9,0.0,194.11111111111111
19216,30,0.08735632183908046,377.1333333333333
19217,48,0.06648936170212766,358.6875
19218,343,0.07210202376690024,369.7405247813411
19219,9,0.027777777777777776,224.77777777777777
19220,7,0.047619047619047616,297.7142857142857
19221,24,0.08333333333333333,445.75
19222,2,0.0,31.5
19223,109,0.07220523275569148,370.08256880733944
19224,3,0.0,492.3333333333333
19225,6,0.0,369.8333333333333
19226,94,0.0649736902310684,354.4255319148936
19227,0,0.0,0.0
19228,26,0.043076923076923075,333.61538461538464
19229,11,0.03636363636363636,425.3636363636364
19230,22,0.025974025974025976,228.27272727272728
19231,3,0.0,346.6666666666667
19232,136,0.07636165577342048,388.1470588235294
19233,23,0.08695652173913043,430.8695652173913
19234,1,0.0,204.0
19235,83,0.0952101087275933,429.578313253012
19236,64,0.06746031746031746,382.4375
19237,3,0.0,234.66666666666666
19238,20,0.04736842105263158,267.15
19239,3,0.0,333.0
19240,95,0.08936170212765958,412.6842105263158
19241,428,0.0852502790606054,408.696261682243
19242,18,0.1111111111111111,463.05555555555554
19243,73,0.0852359208523592,407.5753424657534
19244,12,0.07575757575757576,295.25
19245,3,0.0,458.0
19246,15,0.05714285714285714,359.06666666666666
19247,2,0.0,584.0
19248,27,0.15954415954415954,493.51851851851853
19249,7,0.14285714285714285,556.0
19250,5,0.0,300.8
19251,22,0.08225108225108226,465.0
19252,32,0.0625,353.21875
19253,8,0.17857142857142858,464.5
19254,31,0.07096774193548387,341.19354838709677
19255,0,0.0,0.0
19256,13,0.11538461538461539,546.3076923076923
19257,121,0.09944903581267217,440.11570247933884
19258,20,0.042105263157894736,248.6
19259,906,0.07751149488370959,384.4503311258278
19260,38,0.06116642958748222,351.8421052631579
19261,6,0.06666666666666667,262.1666666666667
19262,138,0.08960118480905532,412.15942028985506
19263,70,0.04182194616977226,310.5571428571429
19264,323,0.06553468069149856,355.71517027863774
19265,11,0.14545454545454545,509.27272727272725
19266,123,0.06210848993735839,344.5365853658537
19267,0,0.0,0.0
19268,12,0.045454545454545456,353.5
19269,33,0.07765151515151515,410.42424242424244
19270,10,0.044444444444444446,430.6
19271,0,0.0,0.0
19272,0,0.0,0.0
19273,15,0.047619047619047616,247.0
19274,40,0.08717948717948718,426.95
19275,28,0.05026455026455026,317.5
19276,3,0.0,761.6666666666666
19277,133,0.08259284575074048,384.390977443609
19278,0,0.0,0.0
19279,29,0.0665024630541872,324.48275862068965
19280,21,0.0761904761904762,348.76190476190476
19281,131,0.07844979448032884,384.22137404580155
19282,0,0.0,0.0
19283,8,0.0,201.125
19284,70,0.09026915113871635,408.12857142857143
19285,1,0.0,359.0
19286,19,0.11695906432748537,440.05263157894734
19287,476,0.09334807607253427,423.5924369747899
19288,102,0.0770724131236653,380.54901960784315
19289,5,0.0,226.4
19290,64,0.047619047619047616,321.8125
19291,38,0.06543385490753911,335.57894736842104
19292,0,0.0,0.0
19293,11,0.09090909090909091,310.09090909090907
19294,3,0.0,624.3333333333334
19295,89,0.06945863125638406,379.6179775280899
19296,7,0.047619047619047616,434.85714285714283
19297,359,0.07790105974074478,386.73816155988857
19298,1,0.0,790.0
19299,1,0.0,92.0
19300,15,0.02857142857142857,230.53333333333333
19301,16,0.13333333333333333,478.5
19302,23,0.05138339920948617,333.8695652173913
19303,22,0.11688311688311688,448.0
19304,0,0.0,0.0
19305,12,0.06060606060606061,301.3333333333333
19306,22,0.06493506493506493,358.45454545454544
19307,11,0.0,295.90909090909093
19308,22,0.08225108225108226,418.45454545454544
19309,4,0.16666666666666666,300.25
19310,30,0.052873563218390804,299.3
19311,106,0.06199460916442048,348.0660377358491
19312,2,0.0,93.0
19313,16,0.15,517.4375
19314,0,0.0,0.0
19315,1203,0.06909099962240821,363.6309226932668
19316,33,0.09659090909090909,364.030303030303
19317,400,0.09510025062656642,426.2175
19318,0,0.0,0.0
19319,10,0.1111111111111111,504.3
19320,31,0.06236559139784946,323.93548387096774
19321,1,0.0,163.0
19322,74,0.050721954831543875,306.2162162162162
19323,80,0.0939873417721519,431.15
19324,199,0.07766103243490179,380.50251256281405
19325,6,0.2,620.1666666666666
19326,20,0.06315789473684211,338.05
19327,30,0.03908045977011494,263.96666666666664
19328,6,0.0,171.0
19329,5,0.0,160.8
19330,412,0.08349278340774337,400.002427184466
19331,3,0.0,278.3333333333333
19332,2,1.0,317.0
19333,21,0.07142857142857142,403.4761904761905
19334,2,0.0,502.5
19335,44,0.10676532769556026,489.45454545454544
19336,30,0.07126436781609195,375.4
19337,10,0.0,236.3
19338,30,0.0735632183908046,333.6
19339,94,0.08991077556623199,423.48936170212767
19340,23,0.08695652173913043,377.0869565217391
19341,91,0.09084249084249084,407.46153846153845
19342,2,0.0,323.5
19343,44,0.08668076109936575,402.54545454545456
19344,806,0.08517793566881926,401.8982630272953
19345,2,0.0,760.0
19346,1,0.0,716.0
19347,39,0.09041835357624832,413.4871794871795
19348,0,0.0,0.0
19349,5,0.0,294.0
19350,0,0.0,0.0
19351,22,0.08658008658008658,405.40909090909093
19352,337,0.076162215628091,382.21958456973294
19353,55,0.05185185185185185,294.6909090909091
19354,14,0.04395604395604396,261.92857142857144
19355,0,0.0,0.0
19356,119,0.07947585813986612,385.89915966386553
19357,128,0.07148129921259842,374.21875
19358,20,0.04736842105263158,288.45
19359,18,0.0718954248366013,440.77777777777777
19360,3,0.0,443.6666666666667
19361,9,0.0,287.0
19362,68,0.08999122036874452,421.88235294117646
19363,21,0.05714285714285714,401.95238095238096
19364,0,0.0,0.0
19365,50,0.054693877551020405,342.8
19366,40,0.09230769230769231,455.475
19367,38,0.12091038406827881,491.1578947368421
19368,436,0.0929030897395339,422.25688073394497
19369,2,0.0,256.0
19370,12,0.18181818181818182,457.75
19371,31,0.1053763440860215,389.83870967741933
19372,137,0.0674109059682267,353.6569343065693
19373,40,0.07435897435897436,386.775
19374,24,0.08695652173913043,371.4583333333333
19375,56,0.0512987012987013,341.57142857142856
19376,14,0.0989010989010989,552.7857142857143
19377,20,0.06842105263157895,359.45
19378,45,0.049494949494949494,347.8666666666667
19379,0,0.0,0.0
19380,3,0.0,501.3333333333333
19381,2,0.0,656.0
19382,2,0.0,623.5
19383,503,0.08292872248580231,402.89264413518885
19384,3,0.0,571.6666666666666
19385,35,0.09915966386554621,404.85714285714283
19386,0,0.0,0.0
19387,350,0.07747851002865329,390.0257142857143
19388,281,0.08739196746314185,408.05693950177937
19389,26,0.12615384615384614,467.11538461538464
19390,60,0.06949152542372881,360.6
19391,99,0.05277262420119563,335.35353535353534
19392,11,0.01818181818181818,202.1818181818182
19393,85,0.05966386554621849,324.4
19394,3,0.0,168.0
19395,34,0.053475935828877004,361.0882352941176
19396,34,0.0570409982174688,332.97058823529414
19397,555,0.09115686083195108,420.39639639639637
19398,67,0.09000452284034374,414.0149253731343
19399,83,0.06758742286218043,350.8433734939759
19400,35,0.03529411764705882,322.77142857142854
19401,1,0.0,138.0
19402,177,0.07954545454545454,390.96045197740114
19403,61,0.06393442622950819,356.655737704918
19404,150,0.0934228187919463,423.5133333333333
19405,5,0.0,282.2
19406,4,0.3333333333333333,818.0
19407,377,0.08070432868672046,394.15915119363393
19408,1,0.0,1203.0
19409,39,0.1039136302294197,420.3076923076923
19410,7,0.0,199.42857142857142
19411,13,0.10256410256410256,463.38461538461536
19412,19,0.04678362573099415,413.42105263157896
19413,11,0.10909090909090909,464.6363636363636
19414,3,0.0,194.66666666666666
19415,64,0.053075396825396824,334.390625
19416,2,0.0,642.0
19417,13,0.0,188.76923076923077
19418,11,0.01818181818181818,328.27272727272725
19419,9,0.027777777777777776,305.8888888888889
19420,5,0.0,344.6
19421,29,0.14532019704433496,519.1724137931035
19422,15,0.02857142857142857,269.53333333333336
19423,0,0.0,0.0
19424,28,0.07936507936507936,355.5357142857143
19425,16,0.058333333333333334,359.8125
19426,0,0.0,0.0
19427,56,0.06818181818181818,350.69642857142856
19428,26,0.08923076923076922,437.88461538461536
19429,2,1.0,703.5
19430,1,0.0,72.0
19431,36,0.05396825396825397,370.05555555555554
19432,14,0.12087912087912088,422.7142857142857
19433,13,0.10256410256410256,406.53846153846155
19434,13,0.10256410256410256,483.6923076923077
19435,2,0.0,972.5
19436,9,0.16666666666666666,601.3333333333334
19437,8,0.14285714285714285,510.875
19438,5,0.0,154.8
19439,107,0.10068770939869512,442.58878504672896
19440,0,0.0,0.0
19441,140,0.094655704008222,415.48571428571427
19442,199,0.09304096238769606,424.60804020100505
19443,1,0.0,96.0
19444,57,0.11403508771929824,484.17543859649123
19445,19,0.06432748538011696,370.7894736842105
19446,14,0.12087912087912088,547.9285714285714
19447,685,0.0770777308234089,385.607299270073
19448,0,0.0,0.0
19449,2,0.0,89.5
19450,0,0.0,0.0
19451,204,0.08190862551917319,401.5833333333333
19452,0,0.0,0.0
19453,460,0.0844842284739983,400.9586956521739
19454,0,0.0,0.0
19455,121,0.07865013774104683,380.22314049586777
19456,17,0.058823529411764705,409.11764705882354
19457,9,0.16666666666666666,591.0
19458,51,0.09411764705882353,459.921568627451
19459,66,0.06573426573426573,366.45454545454544
19460,7,0.09523809523809523,363.42857142857144
19461,34,0.10160427807486631,422.4117647058824
19462,0,0.0,0.0
19463,20,0.031578947368421054,249.3
19464,29,0.09359605911330049,443.0689655172414
19465,19,0.08187134502923976,358.36842105263156
19466,104,0.06217326362957431,351.61538461538464
19467,12,0.09090909090909091,389.4166666666667
19468,78,0.09224109224109224,431.93589743589746
19469,12,0.045454545454545456,394.6666666666667
19470,4,0.0,375.75
19471,3,0.0,735.3333333333334
19472,96,0.07280701754385965,365.7083333333333
19473,528,0.07683571962509345,382.3655303030303
19474,28,0.06613756613756613,362.9642857142857
19475,0,0.0,0.0
19476,9,0.05555555555555555,274.8888888888889
19477,34,0.0570409982174688,358.7647058823529
19478,33,0.05303030303030303,308.1818181818182
19479,28,0.1111111111111111,468.7857142857143
19480,0,0.0,0.0
19481,8,0.07142857142857142,558.0
19482,0,0.0,0.0
19483,0,0.0,0.0
19484,12,0.045454545454545456,346.5
19485,178,0.08715800165047928,406.69662921348316
19486,40,0.05128205128205128,368.075
19487,114,0.06908865083061637,375.85087719298247
19488,0,0.0,0.0
19489,0,0.0,0.0
19490,0,0.0,0.0
19491,169,0.07945900253592561,393.50887573964496
19492,19,0.09941520467836257,396.89473684210526
19493,7,0.047619047619047616,414.0
19494,77,0.06254272043745727,363.1818181818182
19495,58,0.07743496672716274,394.2586206896552
19496,14,0.04395604395604396,376.92857142857144
19497,1,0.0,240.0
19498,102,0.09978644923315862,425.05882352941177
19499,6,0.13333333333333333,444.1666666666667
19500,5,0.1,310.8
19501,19,0.029239766081871343,291.8421052631579
19502,170,0.07970762269404803,391.40588235294115
19503,0,0.0,0.0
19504,283,0.09021878054281633,419.4946996466431
19505,31,0.053763440860215055,327.9032258064516
19506,4,0.3333333333333333,540.75
19507,27,0.09116809116809117,367.85185185185185
19508,3,0.3333333333333333,362.0
19509,74,0.08737504627915586,426.22972972972974
19510,9,0.05555555555555555,547.6666666666666
19511,12,0.06060606060606061,267.5833333333333
19512,3,0.0,110.33333333333333
19513,5,0.0,239.4
19514,4,0.0,186.5
19515,75,0.08612612612612612,406.6933333333333
19516,0,0.0,0.0
19517,2,0.0,102.5
19518,0,0.0,0.0
19519,2,0.0,492.5
19520,44,0.049682875264270614,325.90909090909093
19521,2,0.0,515.0
19522,0,0.0,0.0
19523,123,0.08756497401039584,403.7560975609756
19524,412,0.08904400822053717,415.0194174757282
19525,1374,0.06859679979135988,361.14701601164484
19526,141,0.08936170212765958,412.06382978723406
19527,35,0.06218487394957983,321.25714285714287
19528,88,0.08725182863113898,423.70454545454544
19529,11,0.03636363636363636,358.45454545454544
19530,11,0.01818181818181818,371.09090909090907
19531,0,0.0,0.0
19532,44,0.05391120507399577,360.3636363636364
19533,296,0.08650939074667888,408.67905405405406
19534,289,0.08203575547866206,399.05882352941177
19535,6,0.06666666666666667,406.3333333333333
19536,118,0.061712299000434595,349.8050847457627
19537,0,0.0,0.0
19538,99,0.09132137703566275,424.54545454545456
19539,8,0.14285714285714285,450.0
19540,0,0.0,0.0
19541,5,0.0,326.2
19542,1,0.0,503.0
19543,5,0.1,394.6
19544,5,0.2,599.8
19545,11,0.01818181818181818,350.90909090909093
19546,8,0.07142857142857142,358.875
19547,38,0.08250355618776671,405.7894736842105
19548,11,0.05454545454545454,263.3636363636364
19549,25,0.09,444.44
19550,65,0.06923076923076923,369.7692307692308
19551,28,0.09259259259259259,404.2142857142857
19552,11,0.03636363636363636,203.0
19553,9,0.1111111111111111,348.55555555555554
19554,103,0.06167904054825814,355.126213592233
19555,12,0.045454545454545456,286.5833333333333
19556,49,0.09863945578231292,438.38775510204084
19557,4,0.0,185.5
19558,39,0.11875843454790823,490.0
19559,59,0.06078316773816481,339.06779661016947
19560,19,0.07017543859649122,378.4736842105263
19561,0,0.0,0.0
19562,47,0.07493061979648474,419.3404255319149
19563,9,0.027777777777777776,386.8888888888889
19564,252,0.10213115790805034,440.5436507936508
19565,22,0.0735930735930736,375.22727272727275
19566,215,0.07233210171701804,365.4697674418605
19567,26,0.07384615384615385,399.53846153846155
19568,6,0.0,181.66666666666666
19569,41,0.06219512195121951,368.8780487804878
19570,36,0.06666666666666667,351.02777777777777
19571,20,0.02631578947368421,232.85
19572,4,0.0,268.5
19573,14,0.07692307692307693,325.14285714285717
19574,0,0.0,0.0
19575,14,0.054945054945054944,318.0
19576,207,0.089723746540969,420.048309178744
19577,11,0.07272727272727272,402.90909090909093
19578,57,0.11027568922305764,476.1578947368421
19579,15,0.17142857142857143,508.06666666666666
19580,66,0.09090909090909091,424.72727272727275
19581,8,0.17857142857142858,314.25
19582,2,0.0,398.0
19583,29,0.08374384236453201,344.0344827586207
19584,58,0.06352087114337568,362.1896551724138
19585,16,0.10833333333333334,443.0625
19586,50,0.04244897959183674,315.44
19587,0,0.0,0.0
19588,37,0.042042042042042045,311.1081081081081
19589,0,0.0,0.0
19590,2,0.0,302.0
19591,20,0.21578947368421053,656.6
19592,53,0.10014513788098693,472.39622641509436
19593,70,0.06542443064182195,352.5571428571429
19594,1,0.0,6.0
19595,41,0.07073170731707316,309.8780487804878
19596,309,0.08061194468961459,392.8349514563107
19597,50,0.10530612244897959,398.62
19598,4,0.5,346.5
19599,2,0.0,368.0
19600,35,0.0957983193277311,469.1714285714286
19601,3,0.6666666666666666,857.0
19602,21,0.0761904761904762,389.3809523809524
19603,3,0.0,414.6666666666667
19604,5,0.3,597.0
19605,2,1.0,962.0
19606,0,0.0,0.0
19607,4,0.3333333333333333,757.0
19608,52,0.06184012066365008,326.5769230769231
19609,384,0.07405896431679722,374.9869791666667
19610,67,0.09995477159656264,433.5820895522388
19611,33,0.0625,342.54545454545456
19612,330,0.08623008197476283,401.1636363636364
19613,62,0.03648863035430989,269.0
19614,12,0.015151515151515152,221.5
19615,85,0.09859943977591036,424.6941176470588
19616,90,0.08689138576779026,398.0888888888889
19617,58,0.07622504537205081,379.0689655172414
19618,23,0.09881422924901186,472.1304347826087
19619,25,0.07666666666666666,364.56
19620,320,0.0853448275862069,407.015625
19621,18,0.08496732026143791,455.6666666666667
19622,119,0.07206950576840906,366.6470588235294
19623,12,0.045454545454545456,413.4166666666667
19624,33,0.09848484848484848,456.57575757575756
19625,32,0.11290322580645161,443.40625
19626,97,0.06529209621993128,365.4020618556701
19627,29,0.13793103448275862,494.86206896551727
19628,0,0.0,0.0
19629,1,0.0,228.0
19630,38,0.07823613086770982,388.3421052631579
19631,52,0.07993966817496229,406.6923076923077
19632,0,0.0,0.0
19633,4,0.16666666666666666,475.25
19634,0,0.0,0.0
19635,24,0.06884057971014493,341.2083333333333
19636,2,0.0,575.5
19637,4,0.0,196.0
19638,26,0.1076923076923077,423.7307692307692
19639,10,0.0,229.2
19640,9,0.1111111111111111,383.44444444444446
19641,10,0.08888888888888889,329.1
19642,6,0.0,299.5
19643,332,0.08592072216357878,405.8042168674699
19644,3,0.3333333333333333,632.6666666666666
19645,3,0.0,220.33333333333334
19646,0,0.0,0.0
19647,11,0.05454545454545454,409.0
19648,1,0.0,816.0
19649,22,0.008658008658008658,241.4090909090909
19650,0,0.0,0.0
19651,1,0.0,93.0
19652,10,0.0,250.5
19653,29,0.0665024630541872,314.2758620689655
19654,3,0.0,457.6666666666667
19655,20,0.06842105263157895,329.45
19656,9,0.1111111111111111,419.1111111111111
19657,0,0.0,0.0
19658,6,0.0,214.16666666666666
19659,41,0.07804878048780488,379.9024390243902
19660,18,0.08496732026143791,412.8888888888889
19661,242,0.08771989986625973,403.06611570247935
19662,3,0.0,276.3333333333333
19663,165,0.08248337028824834,401.4727272727273
19664,31,0.04516129032258064,330.16129032258067
19665,27,0.037037037037037035,324.22222222222223
19666,9,0.08333333333333333,515.4444444444445
19667,0,0.0,0.0
19668,8,0.14285714285714285,493.375
19669,9,0.1388888888888889,601.5555555555555
19670,0,0.0,0.0
19671,2,0.0,149.0
19672,17,0.051470588235294115,262.29411764705884
19673,10,0.06666666666666667,405.2
19674,9,0.027777777777777776,375.3333333333333
19675,0,0.0,0.0
19676,51,0.10745098039215686,448.29411764705884
19677,6,0.06666666666666667,395.1666666666667
19678,0,0.0,0.0
19679,0,0.0,0.0
19680,20,0.05789473684210526,355.8
19681,0,0.0,0.0
19682,42,0.03948896631823461,258.0
19683,84,0.08290304073436604,408.04761904761904
19684,131,0.07445684086905462,374.0229007633588
19685,0,0.0,0.0
19686,249,0.06623267262598782,355.2570281124498
19687,1,0.0,1321.0
19688,413,0.08160746608994099,395.53268765133174
19689,33,0.1534090909090909,553.2121212121212
19690,369,0.08499764345469542,408.67750677506774
19691,5,0.0,227.4
19692,7,0.09523809523809523,427.2857142857143
19693,350,0.09146131805157594,419.36
19694,5,0.0,429.4
19695,49,0.1326530612244898,499.1224489795918
19696,4,0.16666666666666666,493.25
19697,59,0.07188778492109878,369.4406779661017
19698,400,0.0855889724310777,403.76
19699,7,0.09523809523809523,380.85714285714283
19700,32,0.13911290322580644,494.03125
19701,56,0.06558441558441558,356.44642857142856
19702,50,0.05877551020408163,371.7
19703,97,0.08097079037800688,381.4020618556701
19704,108,0.06299757701626861,365.69444444444446
19705,37,0.03153153153153153,263.2972972972973
19706,73,0.06506849315068493,381.35616438356163
19707,20,0.07368421052631578,433.1
19708,96,0.07434210526315789,383.2083333333333
19709,65,0.0764423076923077,373.6923076923077
19710,28,0.14814814814814814,530.0714285714286
19711,1,0.0,1030.0
19712,20,0.06315789473684211,279.55
19713,8,0.17857142857142858,407.125
19714,53,0.050072568940493466,296.33962264150944
19715,76,0.06947368421052631,370.11842105263156
19716,579,0.07862858645439279,391.1658031088083
19717,3,0.0,158.0
19718,155,0.07289484708839547,374.8322580645161
19719,2,0.0,981.5
19720,35,0.07058823529411765,388.9714285714286
19721,0,0.0,0.0
19722,1,0.0,633.0
19723,208,0.08286882199925678,393.46634615384613
19724,66,0.05687645687645688,328.1818181818182
19725,63,0.0819252432155658,378.73015873015873
19726,481,0.07960845460845462,388.86070686070684
19727,138,0.08008039775732571,405.57971014492756
19728,25,0.08333333333333333,373.68
19729,10,0.06666666666666667,375.9
19730,157,0.0881920627143557,408.4140127388535
19731,7,0.047619047619047616,370.14285714285717
19732,18,0.0457516339869281,352.22222222222223
19733,8,0.17857142857142858,498.75
19734,160,0.06556603773584906,351.9625
19735,58,0.09074410163339383,437.8448275862069
19736,422,0.08213348943499454,398.3009478672986
19737,3,0.0,69.33333333333333
19738,86,0.08290013679890561,417.1511627906977
19739,10,0.15555555555555556,393.2
19740,449,0.09164214126630607,419.5122494432071
19741,847,0.07669957379821983,382.4297520661157
19742,88,0.06347962382445141,341.95454545454544
19743,2,0.0,360.0
19744,74,0.0821917808219178,384.7972972972973
19745,6,0.06666666666666667,434.6666666666667
19746,40,0.06025641025641026,329.45
19747,21,0.06190476190476191,341.0
19748,14,0.0989010989010989,475.57142857142856
19749,36,0.0746031746031746,349.8888888888889
19750,6,0.0,304.6666666666667
19751,19,0.14035087719298245,458.1578947368421
19752,55,0.05858585858585859,355.96363636363634
19753,140,0.09414182939362796,436.8
19754,170,0.08743473720849286,407.54117647058825
19755,5,0.1,460.0
19756,12,0.09090909090909091,378.1666666666667
19757,38,0.05263157894736842,314.92105263157896
19758,4,0.0,413.5
19759,7,0.0,336.14285714285717
19760,29,0.059113300492610835,327.44827586206895
19761,138,0.06907859938643816,358.1304347826087
19762,12,0.045454545454545456,321.5
19763,3,0.0,197.0
19764,63,0.08397337429595494,410.6507936507937
19765,0,0.0,0.0
19766,11,0.05454545454545454,445.90909090909093
19767,91,0.09572649572649573,441.2087912087912
19768,6,0.0,292.5
19769,0,0.0,0.0
19770,31,0.12473118279569892,522.0967741935484
19771,79,0.08828302499188576,403.46835443037975
19772,135,0.050304035378662244,310.7481481481482
19773,4,0.0,385.75
19774,234,0.08712079527530171,406.8205128205128
19775,6,0.2,634.1666666666666
19776,1,0.0,585.0
19777,2,0.0,453.0
19778,4,0.16666666666666666,763.5
19779,18,0.0718954248366013,370.55555555555554
19780,75,0.09297297297297297,418.6666666666667
19781,0,0.0,0.0
19782,3,0.0,313.3333333333333
19783,210,0.09086352244246981,421.6714285714286
19784,25,0.13333333333333333,462.72
19785,6,0.0,458.5
19786,1,0.0,800.0
19787,61,0.04644808743169399,275.5409836065574
19788,2,0.0,230.5
19789,15,0.0380952380952381,281.93333333333334
19790,1,0.0,119.0
19791,1,0.0,107.0
19792,3,0.0,398.3333333333333
19793,1,0.0,618.0
19794,167,0.07200057715893514,371.35928143712573
19795,26,0.06153846153846154,370.84615384615387
19796,23,0.043478260869565216,332.17391304347825
19797,49,0.07653061224489796,363.2448979591837
19798,1,0.0,102.0
19799,22,0.0735930735930736,343.04545454545456
19800,17,0.04411764705882353,296.4117647058824
19801,9,0.1388888888888889,466.0
19802,15,0.01904761904761905,206.8
19803,5,0.0,304.4
19804,4,0.0,480.5
19805,2,0.0,291.0
19806,82,0.06744956338452274,366.8292682926829
19807,1,0.0,526.0
19808,75,0.058738738738738736,354.62666666666667
19809,20,0.03684210526315789,291.4
19810,26,0.046153846153846156,326.0769230769231
19811,1,0.0,299.0
19812,0,0.0,0.0
19813,38,0.04551920341394026,314.10526315789474
19814,8,0.25,576.25
19815,14,0.07692307692307693,414.92857142857144
19816,66,0.06013986013986014,369.6060606060606
19817,161,0.07802795031055901,385.00621118012424
19818,392,0.08218069836630304,400.9744897959184
19819,0,0.0,0.0
19820,22,0.14285714285714285,543.4545454545455
19821,379,0.09863048121623319,436.12137203166225
19822,183,0.07920494805740708,399.1475409836066
19823,24,0.10144927536231885,429.375
19824,7,0.09523809523809523,384.7142857142857
19825,13,0.0641025641025641,386.38461538461536
19826,2,0.0,420.5
19827,9,0.0,152.66666666666666
19828,45,0.06565656565656566,363.8666666666667
19829,112,0.0674066924066924,357.23214285714283
19830,20,0.13157894736842105,525.35
19831,3,0.0,295.6666666666667
19832,20,0.05789473684210526,368.35
19833,12,0.10606060606060606,422.5
19834,2,0.0,427.5
19835,0,0.0,0.0
19836,2,0.0,692.5
19837,119,0.08061529696624413,397.2436974789916
19838,463,0.08984320215421727,414.4427645788337
19839,10,0.1111111111111111,487.3
19840,821,0.07467989661626215,376.51766138855055
19841,60,0.09378531073446328,449.1
19842,36,0.05873015873015873,350.02777777777777
19843,2,0.0,565.0
19844,23,0.1067193675889328,451.5652173913044
19845,3,0.0,194.66666666666666
19846,3,0.0,119.33333333333333
19847,3,0.0,516.0
19848,619,0.08790145918618086,413.34087237479804
19849,32,0.10483870967741936,423.65625
19850,4,0.3333333333333333,925.75
19851,30,0.06666666666666667,326.76666666666665
19852,4,0.16666666666666666,206.25
19853,23,0.07905138339920949,394.7826086956522
19854,8,0.10714285714285714,544.0
19855,83,0.06817513958272113,362.0722891566265
19856,40,0.047435897435897434,309.55
19857,1,0.0,267.0
19858,11,0.05454545454545454,417.0
19859,16,0.11666666666666667,462.75
19860,112,0.06692406692406692,366.5625
19861,1,0.0,210.0
19862,0,0.0,0.0
19863,6,0.0,369.3333333333333
19864,1104,0.07177723468274928,369.8233695652174
19865,0,0.0,0.0
19866,64,0.06398809523809523,359.328125
19867,151,0.054481236203090505,324.82781456953643
19868,29,0.05665024630541872,304.2413793103448
19869,26,0.07076923076923076,393.2692307692308
19870,8,0.07142857142857142,310.375
19871,0,0.0,0.0
19872,0,0.0,0.0
19873,10,0.022222222222222223,251.7
19874,0,0.0,0.0
19875,0,0.0,0.0
19876,9,0.027777777777777776,223.88888888888889
19877,85,0.08459383753501401,414.8
19878,0,0.0,0.0
19879,7,0.0,255.0
19880,19,0.07017543859649122,404.05263157894734
19881,11,0.05454545454545454,358.09090909090907
19882,321,0.07581775700934579,381.61993769470405
19883,6,0.06666666666666667,360.6666666666667
19884,14,0.02197802197802198,295.2857142857143
19885,0,0.0,0.0
19886,148,0.0758411472697187,388.81081081081084
19887,8,0.07142857142857142,334.625
19888,0,0.0,0.0
19889,31,0.04086021505376344,319.5806451612903
19890,8,0.03571428571428571,191.75
19891,2,0.0,313.5
19892,35,0.058823529411764705,348.9428571428571
19893,12,0.07575757575757576,468.5833333333333
19894,11,0.05454545454545454,291.09090909090907
19895,492,0.07609325584090872,379.6788617886179
19896,24,0.07971014492753623,422.6666666666667
19897,32,0.06451612903225806,385.6875
19898,27,0.08547008547008547,383.6666666666667
19899,1,0.0,74.0
19900,16,0.08333333333333333,432.5
19901,20,0.07368421052631578,394.0
19902,238,0.08906853880792824,420.39495798319325
19903,193,0.0613126079447323,343.98445595854923
19904,0,0.0,0.0
19905,6,0.13333333333333333,151.83333333333334
19906,42,0.07084785133565621,356.26190476190476
19907,288,0.08328493999225707,401.34027777777777
19908,48,0.08333333333333333,408.1458333333333
19909,2,1.0,548.5
19910,0,0.0,0.0
19911,16,0.03333333333333333,300.375
19912,127,0.08348956380452444,399.73228346456693
19913,2,0.0,423.0
19914,95,0.08085106382978724,399.8421052631579
19915,114,0.0888060860114889,399.63157894736844
19916,25,0.08333333333333333,384.16
19917,30,0.09425287356321839,474.3666666666667
19918,4,0.0,259.5
19919,5,0.1,371.4
19920,4,0.0,291.5
19921,7,0.0,279.14285714285717
19922,22,0.030303030303030304,255.1818181818182
19923,2,0.0,198.0
19924,0,0.0,0.0
19925,1,0.0,937.0
19926,1,0.0,76.0
19927,0,0.0,0.0
19928,9,0.08333333333333333,370.0
19929,116,0.07631184407796102,384.42241379310343
19930,19,0.05847953216374269,296.36842105263156
19931,78,0.09224109224109224,428.2692307692308
19932,4,0.0,322.75
19933,16,0.058333333333333334,339.8125
19934,11,0.16363636363636364,467.0
19935,0,0.0,0.0
19936,1,0.0,134.0
19937,17,0.08088235294117647,358.11764705882354
19938,19,0.06432748538011696,321.10526315789474
19939,13,0.02564102564102564,295.7692307692308
19940,32,0.05846774193548387,362.4375
19941,0,0.0,0.0
19942,55,0.06666666666666667,364.3090909090909
19943,7,0.047619047619047616,426.2857142857143
19944,184,0.08434307436445712,411.4728260869565
19945,10,0.1111111111111111,560.7
19946,27,0.10541310541310542,447.8888888888889
19947,4,0.0,636.5
19948,35,0.07563025210084033,410.6857142857143
19949,18,0.1437908496732026,582.4444444444445
19950,59,0.06838106370543542,376.1525423728813
19951,1,0.0,351.0
19952,157,0.12469377756001959,494.89171974522293
19953,2,0.0,59.5
19954,7,0.09523809523809523,356.57142857142856
19955,4,0.0,234.5
19956,1,0.0,184.0
19957,26,0.09846153846153846,416.03846153846155
19958,9,0.027777777777777776,323.6666666666667
19959,3,0.0,781.3333333333334
19960,7,0.047619047619047616,322.14285714285717
19961,33,0.056818181818181816,317.06060606060606
19962,64,0.08283730158730158,382.546875
19963,22,0.09523809523809523,434.5
19964,39,0.09986504723346828,404.5897435897436
19965,1,0.0,6.0
19966,2,0.0,288.5
19967,0,0.0,0.0
19968,54,0.05380852550663871,335.85185185185185
19969,18,0.0915032679738562,417.8333333333333
19970,19,0.1286549707602339,511.4736842105263
19971,1,0.0,30.0
19972,142,0.07971231645190291,386.72535211267603
19973,2,0.0,278.5
19974,24,0.03985507246376811,274.375
19975,1,0.0,1364.0
19976,18,0.08496732026143791,392.27777777777777
19977,40,0.04487179487179487,270.525
19978,13,0.07692307692307693,425.46153846153845
19979,0,0.0,0.0
19980,34,0.0855614973262032,443.05882352941177
19981,260,0.07294327294327295,371.1307692307692
19982,2,0.0,213.5
19983,387,0.0769704515939002,384.75710594315245
19984,254,0.07961159005321963,389.26771653543307
19985,94,0.08030199039121483,407.43617021276594
19986,140,0.07728674203494347,391.9428571428571
19987,0,0.0,0.0
19988,67,0.0845771144278607,406.7164179104478
19989,1,0.0,165.0
19990,107,0.08957855757362017,415.3551401869159
19991,2,0.0,173.5
19992,61,0.0633879781420765,354.3114754098361
19993,30,0.08045977011494253,429.2
19994,68,0.0697980684811238,351.04411764705884
19995,45,0.05858585858585859,348.64444444444445
19996,16,0.075,291.125
19997,2,0.0,318.0
19998,4,0.0,245.75
19999,4,0.0,89.75
20000,59,0.07656341320864991,363.0
20001,1,0.0,443.0
20002,10,0.06666666666666667,421.3
20003,0,0.0,0.0
20004,132,0.09241267638214203,423.9469696969697
20005,43,0.06423034330011074,340.7906976744186
20006,170,0.0820048729550992,398.6470588235294
20007,2,0.0,415.5
20008,90,0.09438202247191012,433.23333333333335
20009,0,0.0,0.0
20010,6,0.0,335.5
20011,211,0.0881516587677725,411.8767772511848
20012,6,0.13333333333333333,235.16666666666666
20013,95,0.055991041433370664,321.5578947368421
20014,15,0.02857142857142857,301.8666666666667
20015,18,0.0784313725490196,377.72222222222223
20016,9,0.1111111111111111,430.6666666666667
20017,67,0.09905020352781546,441.5820895522388
20018,0,0.0,0.0
20019,4,0.16666666666666666,508.5
20020,20,0.05789473684210526,328.8
20021,11,0.01818181818181818,311.90909090909093
20022,0,0.0,0.0
20023,5,0.1,414.2
20024,7,0.23809523809523808,666.4285714285714
20025,39,0.06612685560053981,363.79487179487177
20026,10,0.044444444444444446,542.0
20027,0,0.0,0.0
20028,289,0.09059015763168013,417.60553633217995
20029,10,0.08888888888888889,429.2
20030,78,0.07392607392607392,376.2692307692308
20031,193,0.0859779792746114,410.0777202072539
20032,19,0.04093567251461988,340.57894736842104
20033,0,0.0,0.0
20034,9,0.027777777777777776,165.33333333333334
20035,34,0.06060606060606061,329.8235294117647
20036,2,0.0,525.0
20037,188,0.10922744339515303,462.0531914893617
20038,92,0.0778786430960344,386.7173913043478
20039,37,0.07357357357357357,398.9189189189189
20040,122,0.08576073702750305,417.08196721311475
20041,645,0.07925754730608117,390.1488372093023
20042,20,0.08947368421052632,429.7
20043,12,0.12121212121212122,399.3333333333333
20044,1,0.0,614.0
20045,1,0.0,813.0
20046,1,0.0,1006.0
20047,9,0.0,188.88888888888889
20048,1,0.0,2.0
20049,0,0.0,0.0
20050,30,0.08275862068965517,464.8333333333333
20051,4,0.16666666666666666,305.75
20052,23,0.02766798418972332,248.3913043478261
20053,28,0.09259259259259259,427.89285714285717
20054,10,0.044444444444444446,334.7
20055,665,0.07776519612283721,389.5052631578947
20056,35,0.04873949579831933,333.0571428571429
20057,8,0.32142857142857145,650.375
20058,26,0.12923076923076923,509.96153846153845
20059,21,0.047619047619047616,275.1904761904762
20060,46,0.08792270531400966,456.4130434782609
20061,168,0.04647847162817223,294.89285714285717
20062,1,0.0,249.0
20063,81,0.08179012345679013,389.0987654320988
20064,0,0.0,0.0
20065,3,0.0,316.0
20066,24,0.12681159420289856,489.125
20067,32,0.06854838709677419,390.4375
20068,2,0.0,56.5
20069,71,0.0635814889336016,352.15492957746477
20070,89,0.061031664964249235,359.2247191011236
20071,81,0.06450617283950617,335.71604938271605
20072,3,0.0,534.6666666666666
20073,18,0.17647058823529413,574.7777777777778
20074,350,0.07862464183381089,389.9942857142857
20075,34,0.09090909090909091,378.97058823529414
20076,3,0.3333333333333333,577.3333333333334
20077,23,0.05138339920948617,411.4347826086956
20078,1,0.0,38.0
20079,127,0.08473940757405324,384.8346456692913
20080,4,0.16666666666666666,445.5
20081,38,0.06543385490753911,402.7894736842105
20082,5,0.1,477.0
20083,4,0.0,282.25
20084,49,0.04931972789115646,305.7755102040816
20085,3,0.0,634.3333333333334
20086,31,0.13763440860215054,489.38709677419354
20087,13,0.08974358974358974,328.6923076923077
20088,2,0.0,329.0
20089,2,0.0,632.0
20090,1,0.0,241.0
20091,1093,0.06321781298908472,349.2689844464776
20092,34,0.1140819964349376,480.55882352941177
20093,553,0.07686662997615117,385.94394213381554
20094,125,0.06993548387096774,373.368
20095,9,0.08333333333333333,353.6666666666667
20096,4,0.0,461.5
20097,1,0.0,20.0
20098,45,0.052525252525252523,340.02222222222224
20099,286,0.07150042939516624,367.0839160839161
20100,0,0.0,0.0
20101,1,0.0,111.0
20102,11,0.09090909090909091,351.54545454545456
20103,92,0.0802675585284281,393.67391304347825
20104,110,0.08156797331109257,409.3454545454546
20105,33,0.07954545454545454,397.2121212121212
20106,1,0.0,277.0
20107,3,0.0,221.66666666666666
20108,5,0.0,383.0
20109,59,0.06253652834599649,325.47457627118644
20110,10,0.1111111111111111,533.3
20111,51,0.054901960784313725,308.3529411764706
20112,341,0.0893048128342246,418.0058651026393
20113,7,0.0,139.71428571428572
20114,186,0.07875617553036908,383.9247311827957
20115,543,0.08238364151597317,398.89871086556167
20116,54,0.0803633822501747,411.8703703703704
20117,179,0.08944824555897307,415.16759776536315
20118,37,0.07057057057057058,334.27027027027026
20119,18,0.032679738562091505,295.44444444444446
20120,92,0.06020066889632107,353.1521739130435
20121,360,0.08571649644073043,407.875
20122,72,0.08607198748043818,392.0
20123,261,0.07612732095490717,373.8965517241379
20124,136,0.08050108932461873,389.95588235294116
20125,58,0.08832425892316999,398.4310344827586
20126,398,0.07902231560826804,394.52261306532665
20127,19,0.0935672514619883,428.94736842105266
20128,7,0.0,194.71428571428572
20129,0,0.0,0.0
20130,7,0.047619047619047616,330.2857142857143
20131,18,0.0718954248366013,423.6111111111111
20132,1,0.0,988.0
20133,21,0.04285714285714286,385.95238095238096
20134,18,0.058823529411764705,292.3888888888889
20135,171,0.0760921912624699,378.7953216374269
20136,56,0.053246753246753244,311.23214285714283
20137,1,0.0,57.0
20138,201,0.07830845771144279,384.00995024875624
20139,163,0.06862076800727107,362.49693251533745
20140,14,0.12087912087912088,372.64285714285717
20141,8,0.10714285714285714,450.625
20142,39,0.04183535762483131,313.05128205128204
20143,8,0.07142857142857142,405.375
20144,11,0.03636363636363636,433.8181818181818
20145,29,0.05172413793103448,333.58620689655174
20146,220,0.07513491075134911,371.58181818181816
20147,2,0.0,377.0
20148,4,0.0,373.75
20149,2,0.0,438.0
20150,114,0.06815711845986648,350.280701754386
20151,22,0.06493506493506493,402.90909090909093
20152,0,0.0,0.0
20153,2,0.0,499.0
20154,3,0.0,371.6666666666667
20155,65,0.04951923076923077,287.89230769230767
20156,15,0.02857142857142857,257.53333333333336
20157,39,0.09041835357624832,417.7692307692308
20158,14,0.08791208791208792,417.2857142857143
20159,0,0.0,0.0
20160,136,0.06372549019607843,357.3970588235294
20161,29,0.08620689655172414,420.44827586206895
20162,4,0.16666666666666666,370.5
20163,3,0.0,272.6666666666667
20164,145,0.09913793103448276,442.82758620689657
20165,23,0.1422924901185771,530.4347826086956
20166,1,0.0,637.0
20167,0,0.0,0.0
20168,11,0.09090909090909091,411.3636363636364
20169,1,0.0,26.0
20170,3,0.0,460.6666666666667
20171,2,0.0,148.5
20172,79,0.07432651736449204,396.60759493670884
20173,12,0.18181818181818182,536.0
20174,121,0.0746556473829201,374.78512396694214
20175,6,0.0,433.5
20176,35,0.04201680672268908,285.8285714285714
20177,3,0.0,235.0
20178,1,0.0,323.0
20179,5,0.0,334.8
20180,7,0.0,151.71428571428572
20181,193,0.0897020725388601,423.3056994818653
20182,68,0.05750658472344162,325.9117647058824
20183,22,0.06926406926406926,418.59090909090907
20184,186,0.08392909038070329,390.51075268817203
20185,14,0.06593406593406594,506.7857142857143
20186,188,0.1064967573102742,453.0159574468085
20187,214,0.0892018779342723,418.0233644859813
20188,197,0.09546255050243448,429.76142131979697
20189,0,0.0,0.0
20190,16,0.06666666666666667,408.75
20191,119,0.07192707591511181,375.6806722689076
20192,0,0.0,0.0
20193,4,0.3333333333333333,610.75
20194,21,0.15714285714285714,512.952380952381
20195,58,0.06291591046581972,353.3103448275862
20196,5,0.0,428.6
20197,4,0.0,454.75
20198,233,0.07743821222435993,378.6137339055794
20199,57,0.06390977443609022,362.94736842105266
20200,494,0.07600331770290135,382.0161943319838
20201,4,0.0,353.5
20202,11,0.05454545454545454,308.90909090909093
20203,112,0.06563706563706563,365.0357142857143
20204,0,0.0,0.0
20205,0,0.0,0.0
20206,1,0.0,636.0
20207,64,0.08779761904761904,412.046875
20208,40,0.12179487179487179,466.5
20209,3,0.3333333333333333,588.0
20210,4,0.0,342.0
20211,2,0.0,326.0
20212,3,0.0,217.0
20213,2,1.0,997.5
20214,13,0.07692307692307693,405.7692307692308
20215,25,0.08666666666666667,349.96
20216,26,0.05846153846153846,352.0769230769231
20217,44,0.0708245243128964,367.5
20218,3,0.0,148.33333333333334
20219,3,0.0,515.3333333333334
20220,163,0.07483147769446338,387.6441717791411
20221,38,0.06258890469416785,348.2105263157895
20222,444,0.06494417668232566,349.8671171171171
20223,26,0.12307692307692308,493.6923076923077
20224,80,0.10854430379746835,462.6
20225,33,0.056818181818181816,348.8181818181818
20226,83,0.07081986482515427,363.6385542168675
20227,47,0.07215541165587419,387.40425531914894
20228,0,0.0,0.0
20229,3,0.3333333333333333,301.6666666666667
20230,21,0.05714285714285714,330.42857142857144
20231,2,0.0,286.0
20232,4,0.3333333333333333,791.5
20233,144,0.08139083139083139,407.4791666666667
20234,14,0.12087912087912088,477.64285714285717
20235,41,0.07073170731707316,383.0
20236,1,0.0,28.0
20237,292,0.076778232829638,381.7842465753425
20238,23,0.07509881422924901,310.1304347826087
20239,7,0.14285714285714285,607.7142857142857
20240,0,0.0,0.0
20241,9,0.05555555555555555,394.1111111111111
20242,6,0.0,309.1666666666667
20243,19,0.07602339181286549,320.89473684210526
20244,43,0.06866002214839424,416.27906976744185
20245,24,0.04710144927536232,383.3333333333333
20246,33,0.07007575757575757,350.57575757575756
20247,3,0.0,126.0
20248,5,0.1,221.4
20249,27,0.037037037037037035,348.85185185185185
20250,1,0.0,425.0
20251,60,0.0576271186440678,341.75
20252,129,0.08042635658914729,401.5503875968992
20253,24,0.06521739130434782,406.75
20254,0,0.0,0.0
20255,53,0.06531204644412192,351.8867924528302
20256,8,0.07142857142857142,465.5
20257,259,0.08024303373140583,396.3166023166023
20258,36,0.05714285714285714,324.19444444444446
20259,64,0.08333333333333333,378.921875
20260,1,0.0,5.0
20261,0,0.0,0.0
20262,22,0.11255411255411256,466.5
20263,5,0.0,180.0
20264,35,0.08739495798319327,401.48571428571427
20265,0,0.0,0.0
20266,125,0.07354838709677419,387.112
20267,74,0.0518326545723806,328.14864864864865
20268,16,0.075,324.0
20269,6,0.0,371.3333333333333
20270,559,0.08829771545450465,414.31663685152057
20271,351,0.08068376068376068,397.1168091168091
20272,672,0.07046164218295366,368.3422619047619
20273,6,0.26666666666666666,454.3333333333333
20274,125,0.07625806451612903,396.144
20275,0,0.0,0.0
20276,197,0.093338858385994,426.6294416243655
20277,6,0.06666666666666667,411.0
20278,2,0.0,342.5
20279,79,0.0834144758195391,402.39240506329116
20280,38,0.10241820768136557,425.3421052631579
20281,50,0.06693877551020408,355.94
20282,29,0.08620689655172414,392.58620689655174
20283,245,0.06396788223486116,355.44489795918366
20284,9,0.0,296.3333333333333
20285,46,0.06086956521739131,354.5869565217391
20286,11,0.03636363636363636,387.8181818181818
20287,581,0.08451540150750786,401.32530120481925
20288,11,0.09090909090909091,360.72727272727275
20289,5,0.0,504.0
20290,47,0.061979648473635525,351.8936170212766
20291,0,0.0,0.0
20292,8,0.03571428571428571,156.25
20293,1081,0.07334087093569054,373.05827937095285
20294,1,0.0,850.0
20295,16,0.075,410.0
20296,130,0.08980322003577818,419.8
20297,75,0.11171171171171171,474.8666666666667
20298,6,0.06666666666666667,367.3333333333333
20299,1,0.0,980.0
20300,43,0.08637873754152824,406.2093023255814
20301,60,0.05536723163841808,345.4
20302,183,0.09343661802678196,423.6502732240437
20303,161,0.06366459627329192,354.09316770186336
20304,59,0.04850964348334307,314.33898305084745
20305,157,0.08247591050138821,404.4458598726115
20306,0,0.0,0.0
20307,0,0.0,0.0
20308,5,0.0,127.6
20309,9,0.25,453.77777777777777
20310,216,0.07213608957795005,370.72685185185185
20311,281,0.07999491611591256,397.6370106761566
20312,217,0.08320532514080901,401.60829493087556
20313,25,0.016666666666666666,270.2
20314,0,0.0,0.0
20315,3,0.0,444.0
20316,8,0.0,227.125
20317,18,0.1437908496732026,442.5
20318,40,0.06025641025641026,351.825
20319,211,0.08264500112841346,400.9431279620853
20320,67,0.06648575305291723,367.86567164179104
20321,3,0.3333333333333333,318.6666666666667
20322,57,0.06704260651629072,383.94736842105266
20323,125,0.09625806451612903,431.392
20324,12,0.07575757575757576,351.8333333333333
20325,854,0.07160291133923252,370.4707259953162
20326,30,0.07816091954022988,365.03333333333336
20327,29,0.09852216748768473,407.58620689655174
20328,8,0.07142857142857142,429.375
20329,1,0.0,1143.0
20330,0,0.0,0.0
20331,2,0.0,626.5
20332,41,0.06341463414634146,406.6341463414634
20333,38,0.05832147937411095,391.55263157894734
20334,166,0.0995253742241694,439.17469879518075
20335,97,0.06765463917525773,367.41237113402065
20336,5,0.0,186.8
20337,28,0.09523809523809523,414.75
20338,3,0.0,636.3333333333334
20339,68,0.07243195785776997,406.9852941176471
20340,53,0.06748911465892599,371.50943396226415
20341,65,0.09134615384615384,426.6923076923077
20342,47,0.056429232192414434,332.8723404255319
20343,13,0.038461538461538464,240.30769230769232
20344,33,0.06818181818181818,343.2121212121212
20345,4,0.0,313.75
20346,69,0.049019607843137254,326.7826086956522
20347,1,0.0,9.0
20348,29,0.09852216748768473,425.9310344827586
20349,1,0.0,725.0
20350,6,0.0,211.0
20351,325,0.08001899335232669,394.4030769230769
20352,12,0.045454545454545456,280.5833333333333
20353,14,0.02197802197802198,295.2142857142857
20354,2,0.0,305.5
20355,185,0.09741480611045829,435.6378378378378
20356,10,0.06666666666666667,321.6
20357,0,0.0,0.0
20358,14,0.04395604395604396,382.2857142857143
20359,68,0.08516242317822652,400.95588235294116
20360,44,0.07399577167019028,393.47727272727275
20361,0,0.0,0.0
20362,10,0.022222222222222223,250.8
20363,99,0.06947021232735519,359.2929292929293
20364,1,0.0,159.0
20365,1,0.0,477.0
20366,2,0.0,127.5
20367,1,0.0,398.0
20368,1,0.0,298.0
20369,15,0.009523809523809525,141.2
20370,2,0.0,112.5
20371,163,0.09300916458380672,430.1165644171779
20372,19,0.03508771929824561,298.3157894736842
20373,58,0.049606775559588624,282.91379310344826
20374,24,0.025362318840579712,261.875
20375,22,0.07792207792207792,351.95454545454544
20376,32,0.1028225806451613,459.09375
20377,27,0.14245014245014245,515.2222222222222
20378,7,0.19047619047619047,390.7142857142857
20379,48,0.051418439716312055,320.0208333333333
20380,151,0.09121412803532009,421.34437086092714
20381,15,0.08571428571428572,412.0
20382,2,0.0,762.0
20383,96,0.10307017543859649,454.9375
20384,2,0.0,411.5
20385,3,0.0,545.0
20386,0,0.0,0.0
20387,16,0.03333333333333333,344.0625
20388,253,0.10452349582784365,449.9486166007905
20389,67,0.07553143374038897,373.910447761194
20390,10,0.06666666666666667,362.8
20391,37,0.1066066066066066,478.94594594594594
20392,126,0.048634920634920635,307.94444444444446
20393,1,0.0,1030.0
20394,149,0.08652276437511337,406.4295302013423
20395,8,0.14285714285714285,406.25
20396,10,0.044444444444444446,442.7
20397,4,0.16666666666666666,373.75
20398,15,0.0761904761904762,325.0
20399,0,0.0,0.0
20400,390,0.07978379803572605,396.83589743589744
20401,34,0.0338680926916221,319.7647058823529
20402,52,0.08974358974358974,382.61538461538464
20403,94,0.07160832761381834,363.4468085106383
20404,21,0.08095238095238096,384.4761904761905
20405,86,0.09548563611491108,445.8255813953488
20406,99,0.07792207792207792,393.969696969697
20407,32,0.06854838709677419,346.375
20408,2,0.0,631.0
20409,17,0.0661764705882353,407.11764705882354
20410,393,0.08010074258711118,395.6539440203562
20411,467,0.07085680675666982,372.7730192719486
20412,32,0.06653225806451613,350.46875
20413,26,0.043076923076923075,319.34615384615387
20414,38,0.07681365576102418,401.8157894736842
20415,0,0.0,0.0
20416,333,0.0801042005861283,396.7237237237237
20417,18,0.10457516339869281,477.3333333333333
20418,4,0.0,273.25
20419,0,0.0,0.0
20420,3,0.0,453.6666666666667
20421,35,0.05378151260504202,326.51428571428573
20422,61,0.08306010928961749,398.60655737704917
20423,118,0.07793712878458642,373.771186440678
20424,2,0.0,516.0
20425,27,0.042735042735042736,322.14814814814815
20426,36,0.08412698412698413,398.44444444444446
20427,14,0.06593406593406594,403.7857142857143
20428,54,0.07058001397624039,339.5
20429,48,0.08953900709219859,421.375
20430,1,0.0,1173.0
20431,16,0.058333333333333334,340.0
20432,760,0.07673878371818875,385.3802631578947
20433,1000,0.07435235235235235,376.89
20434,6,0.06666666666666667,459.5
20435,1,0.0,295.0
20436,20,0.02631578947368421,293.4
20437,6,0.06666666666666667,366.3333333333333
20438,22,0.07792207792207792,382.8181818181818
20439,29,0.06157635467980296,349.3448275862069
20440,7,0.0,346.7142857142857
20441,343,0.08175199904523213,395.2390670553936
20442,12,0.030303030303030304,269.5
20443,19,0.029239766081871343,256.42105263157896
20444,13,0.08974358974358974,542.2307692307693
20445,10,0.06666666666666667,335.4
20446,18,0.0718954248366013,387.8333333333333
20447,1,0.0,227.0
20448,84,0.06597819850831899,350.29761904761904
20449,14,0.03296703296703297,282.2142857142857
20450,1,0.0,1017.0
20451,74,0.052943354313217325,316.36486486486484
20452,1,0.0,48.0
20453,7,0.38095238095238093,787.5714285714286
20454,2,0.0,242.0
20455,0,0.0,0.0
20456,38,0.09103840682788052,416.1578947368421
20457,95,0.083986562150056,408.58947368421053
20458,26,0.046153846153846156,307.2307692307692
20459,22,0.17316017316017315,613.1363636363636
20460,6,0.0,285.6666666666667
20461,5,0.2,480.4
20462,4,0.0,170.75
20463,9,0.2222222222222222,411.22222222222223
20464,0,0.0,0.0
20465,16,0.025,325.9375
20466,19,0.1111111111111111,474.10526315789474
20467,2,0.0,62.5
20468,101,0.11148514851485149,455.0
20469,0,0.0,0.0
20470,1,0.0,361.0
20471,5,0.1,471.8
20472,72,0.09467918622848201,422.5416666666667
20473,1,0.0,581.0
20474,456,0.0716406400616927,370.2609649122807
20475,282,0.0901289720097928,417.7588652482269
20476,0,0.0,0.0
20477,62,0.06927551560021153,356.0806451612903
20478,60,0.07457627118644068,372.23333333333335
20479,93,0.08087891538101917,396.258064516129
20480,4,0.0,153.75
20481,2,0.0,16.5
20482,7,0.047619047619047616,430.85714285714283
20483,0,0.0,0.0
20484,2,0.0,69.0
20485,124,0.1071334906897456,459.241935483871
20486,18,0.1895424836601307,549.0
20487,15,0.05714285714285714,286.53333333333336
20488,61,0.0814207650273224,390.8360655737705
20489,26,0.046153846153846156,296.9230769230769
20490,89,0.063585291113381,364.12359550561797
20491,3,0.0,114.66666666666667
20492,12,0.015151515151515152,382.0833333333333
20493,2,1.0,703.0
20494,5,0.0,375.0
20495,10,0.15555555555555556,491.1
20496,1,0.0,10.0
20497,15,0.1523809523809524,472.8666666666667
20498,6,0.06666666666666667,349.1666666666667
20499,39,0.08367071524966262,437.12820512820514
20500,6,0.2,464.6666666666667
20501,3,0.0,458.6666666666667
20502,2,0.0,413.5
20503,0,0.0,0.0
20504,0,0.0,0.0
20505,9,0.08333333333333333,487.6666666666667
20506,45,0.06161616161616162,347.97777777777776
20507,673,0.07506368074718743,378.44279346210993
20508,18,0.06535947712418301,280.8888888888889
20509,5,0.1,381.6
20510,21,0.11428571428571428,502.2857142857143
20511,42,0.04994192799070848,338.85714285714283
20512,0,0.0,0.0
20513,24,0.07246376811594203,374.5833333333333
20514,26,0.1076923076923077,438.03846153846155
20515,16,0.03333333333333333,376.5625
20516,122,0.07465113128302397,376.57377049180326
20517,33,0.07196969696969698,386.90909090909093
20518,3,0.3333333333333333,520.0
20519,7,0.0,129.85714285714286
20520,42,0.0627177700348432,342.4047619047619
20521,7,0.14285714285714285,293.2857142857143
20522,1,0.0,20.0
20523,3,0.0,470.3333333333333
20524,0,0.0,0.0
20525,35,0.05042016806722689,347.85714285714283
20526,6,0.06666666666666667,282.0
20527,1,0.0,136.0
20528,59,0.08942139099941554,418.76271186440675
20529,41,0.10365853658536585,440.2926829268293
20530,39,0.14439946018893388,535.1282051282051
20531,38,0.07254623044096728,428.7894736842105
20532,0,0.0,0.0
20533,0,0.0,0.0
20534,11,0.07272727272727272,440.90909090909093
20535,0,0.0,0.0
20536,76,0.07473684210526316,383.44736842105266
20537,0,0.0,0.0
20538,40,0.07435897435897436,417.9
20539,2,0.0,270.5
20540,100,0.10383838383838384,458.86
20541,3,0.0,232.0
20542,17,0.07352941176470588,344.70588235294116
20543,3,0.0,484.0
20544,6,0.0,480.6666666666667
20545,35,0.0453781512605042,334.42857142857144
20546,302,0.08824888341290621,416.1523178807947
20547,11,0.01818181818181818,288.3636363636364
20548,2,0.0,192.0
20549,171,0.059511523907808735,336.9356725146199
20550,24,0.03260869565217391,277.625
20551,12,0.045454545454545456,301.4166666666667
20552,0,0.0,0.0
20553,122,0.07573499525809511,380.1967213114754
20554,0,0.0,0.0
20555,166,0.08762322015334063,409.6686746987952
20556,4,0.0,506.25
20557,35,0.04873949579831933,273.25714285714287
20558,0,0.0,0.0
20559,4,0.16666666666666666,560.0
20560,8,0.17857142857142858,471.125
20561,0,0.0,0.0
20562,13,0.02564102564102564,410.38461538461536
20563,5,0.2,538.6
20564,15,0.14285714285714285,465.4
20565,0,0.0,0.0
20566,3,0.0,193.66666666666666
20567,17,0.051470588235294115,325.88235294117646
20568,13,0.05128205128205128,309.15384615384613
20569,6,0.13333333333333333,562.5
20570,0,0.0,0.0
20571,1133,0.07154775308056724,368.97705207413946
20572,72,0.08881064162754304,409.25
20573,131,0.06940692894891368,364.46564885496184
20574,168,0.08618477331052181,411.5892857142857
20575,5,0.0,179.6
20576,157,0.10084925690021232,453.4203821656051
20577,381,0.06470506976101671,350.56955380577426
20578,7,0.09523809523809523,544.5714285714286
20579,43,0.0753045404208195,382.86046511627904
20580,4,0.0,361.75
20581,97,0.07366838487972509,368.6185567010309
20582,1,0.0,27.0
20583,0,0.0,0.0
20584,3,0.0,281.0
20585,2,0.0,335.0
20586,72,0.07276995305164319,377.56944444444446
20587,25,0.12666666666666668,471.04
20588,12,0.030303030303030304,375.8333333333333
20589,2,0.0,306.0
20590,79,0.07465108730931516,391.9240506329114
20591,15,0.08571428571428572,386.0
20592,1,0.0,27.0
20593,86,0.059917920656634746,359.2674418604651
20594,3,0.0,723.0
20595,14,0.08791208791208792,438.92857142857144
20596,3,0.0,356.0
20597,16,0.11666666666666667,415.625
20598,23,0.04743083003952569,345.6521739130435
20599,35,0.03865546218487395,315.51428571428573
20600,466,0.0794314458442937,392.41630901287556
20601,213,0.08477278766941271,412.7230046948357
20602,156,0.06658395368072788,362.0064102564103
20603,71,0.09054325955734406,437.11267605633805
20604,73,0.08485540334855403,403.3013698630137
20605,5,0.0,601.6
20606,67,0.10357304387155133,462.44776119402985
20607,1,0.0,122.0
20608,361,0.06374269005847953,346.58725761772854
20609,16,0.13333333333333333,553.6875
20610,139,0.10343029923886977,437.64028776978415
20611,13,0.1282051282051282,448.9230769230769
20612,0,0.0,0.0
20613,3,0.0,258.6666666666667
20614,268,0.09296215551456202,425.9365671641791
20615,34,0.0962566844919786,388.52941176470586
20616,1,0.0,256.0
20617,0,0.0,0.0
20618,9,0.08333333333333333,338.8888888888889
20619,864,0.07604019140809408,379.912037037037
20620,54,0.06359189378057302,353.0925925925926
20621,14,0.054945054945054944,438.5
20622,14,0.03296703296703297,290.2857142857143
20623,23,0.04743083003952569,345.4782608695652
20624,198,0.09624160385581705,434.33838383838383
20625,4,0.0,166.25
20626,7,0.09523809523809523,481.14285714285717
20627,84,0.08204245553643144,405.8333333333333
20628,91,0.05885225885225885,350.24175824175825
20629,0,0.0,0.0
20630,16,0.058333333333333334,384.8125
20631,10,0.13333333333333333,605.1
20632,0,0.0,0.0
20633,3,0.0,140.33333333333334
20634,23,0.1067193675889328,357.3478260869565
20635,20,0.11052631578947368,484.25
20636,67,0.09271822704658525,449.44776119402985
20637,95,0.057782754759238525,328.2421052631579
20638,155,0.07147046501885211,376.90967741935486
20639,10,0.022222222222222223,282.1
20640,17,0.07352941176470588,439.7647058823529
20641,17,0.08823529411764706,444.88235294117646
20642,4,0.16666666666666666,644.75
20643,681,0.07213008551438196,371.712187958884
20644,8,0.03571428571428571,335.25
20645,8,0.03571428571428571,305.375
20646,1,0.0,324.0
20647,0,0.0,0.0
20648,2,0.0,428.5
20649,16,0.05,320.25
20650,74,0.07515734912995187,394.4594594594595
20651,274,0.1043020240100532,451.3759124087591
20652,38,0.09957325746799431,405.1842105263158
20653,0,0.0,0.0
20654,0,0.0,0.0
20655,49,0.06207482993197279,369.59183673469386
20656,0,0.0,0.0
20657,0,0.0,0.0
20658,7,0.0,341.85714285714283
20659,38,0.07396870554765292,399.8157894736842
20660,142,0.05713714913595046,335.13380281690144
20661,46,0.0821256038647343,414.80434782608694
20662,343,0.08381497962593559,402.3206997084548
20663,4,0.0,122.0
20664,9,0.08333333333333333,385.3333333333333
20665,46,0.08115942028985507,414.9130434782609
20666,0,0.0,0.0
20667,14,0.054945054945054944,328.57142857142856
20668,35,0.06890756302521009,338.0857142857143
20669,2,0.0,586.5
20670,7,0.047619047619047616,364.2857142857143
20671,6,0.0,171.33333333333334
20672,39,0.09851551956815115,456.5128205128205
20673,1,0.0,562.0
20674,0,0.0,0.0
20675,9,0.0,358.44444444444446
20676,154,0.0784313725490196,403.7987012987013
20677,167,0.10497078132890844,455.311377245509
20678,1,0.0,23.0
20679,28,0.06084656084656084,337.2142857142857
20680,23,0.039525691699604744,316.5217391304348
20681,21,0.03333333333333333,314.57142857142856
20682,24,0.08695652173913043,377.125
20683,9,0.1111111111111111,408.8888888888889
20684,49,0.10374149659863946,484.734693877551
20685,42,0.07549361207897794,394.85714285714283
20686,2,0.0,337.5
20687,0,0.0,0.0
20688,0,0.0,0.0
20689,143,0.09021963951541416,413.68531468531467
20690,956,0.0724594186071984,371.7730125523013
20691,2,0.0,608.0
20692,2,1.0,1218.5
20693,0,0.0,0.0
20694,3,0.0,402.6666666666667
20695,63,0.0819252432155658,382.8253968253968
20696,2,0.0,614.5
20697,0,0.0,0.0
20698,19,0.09941520467836257,420.6842105263158
20699,0,0.0,0.0
20700,0,0.0,0.0
20701,3,0.3333333333333333,582.0
20702,3,0.6666666666666666,605.0
20703,7,0.14285714285714285,504.0
20704,0,0.0,0.0
20705,10,0.08888888888888889,466.3
20706,214,0.07761835812382081,391.8130841121495
20707,749,0.0819738260639855,398.65153538050737
20708,37,0.08708708708708708,437.0810810810811
20709,9,0.0,207.66666666666666
20710,19,0.05847953216374269,370.0
20711,0,0.0,0.0
20712,31,0.053763440860215055,301.19354838709677
20713,1,0.0,109.0
20714,682,0.07448938726471765,377.4941348973607
20715,217,0.09045912271718723,416.33640552995394
20716,7,0.09523809523809523,351.85714285714283
20717,12,0.0,234.41666666666666
20718,0,0.0,0.0
20719,6,0.13333333333333333,241.16666666666666
20720,52,0.06259426847662142,366.9807692307692
20721,12,0.15151515151515152,538.4166666666666
20722,6,0.0,286.8333333333333
20723,107,0.07159231176159407,382.2429906542056
20724,189,0.07626927839693796,384.015873015873
20725,0,0.0,0.0
20726,14,0.13186813186813187,388.7857142857143
20727,1,0.0,20.0
20728,629,0.08580498820289004,404.86327503974564
20729,13,0.01282051282051282,235.3846153846154
20730,15,0.05714285714285714,464.06666666666666
20731,65,0.04471153846153846,302.8615384615385
20732,23,0.09881422924901186,488.30434782608694
20733,6,0.13333333333333333,666.3333333333334
20734,636,0.07624424305452385,382.7295597484277
20735,0,0.0,0.0
20736,8,0.17857142857142858,419.375
20737,16,0.041666666666666664,338.6875
20738,263,0.07558122659855455,383.90874524714826
20739,366,0.08871921551014297,415.0218579234973
20740,3,0.0,166.66666666666666
20741,1,0.0,685.0
20742,2,0.0,535.0
20743,2,0.0,305.5
20744,23,0.11462450592885376,487.5652173913044
20745,22,0.15151515151515152,517.4090909090909
20746,24,0.07608695652173914,388.8333333333333
20747,2,0.0,109.0
20748,5,0.0,178.4
20749,0,0.0,0.0
20750,59,0.09877264757451783,441.8474576271187
20751,1,0.0,453.0
20752,44,0.06871035940803383,402.45454545454544
20753,164,0.07017806374382762,376.390243902439
20754,3,0.0,523.0
20755,152,0.10055768560474032,431.32894736842104
20756,17,0.11029411764705882,395.47058823529414
20757,2,1.0,760.0
20758,19,0.08771929824561403,395.2105263157895
20759,10,0.044444444444444446,413.5
20760,23,0.03557312252964427,322.04347826086956
20761,7,0.047619047619047616,279.0
20762,0,0.0,0.0
20763,0,0.0,0.0
20764,6,0.06666666666666667,297.8333333333333
20765,44,0.07399577167019028,424.6818181818182
20766,3,0.3333333333333333,431.6666666666667
20767,3,0.0,470.6666666666667
20768,0,0.0,0.0
20769,1,0.0,113.0
20770,12,0.06060606060606061,403.5
20771,11,0.07272727272727272,282.3636363636364
20772,35,0.05378151260504202,299.6
20773,15,0.047619047619047616,339.1333333333333
20774,383,0.08532801115470316,402.5065274151436
20775,5,0.2,601.6
20776,601,0.07757071547420966,381.9783693843594
20777,73,0.07952815829528158,395.3150684931507
20778,64,0.04117063492063492,296.5
20779,4,0.16666666666666666,333.0
20780,0,0.0,0.0
20781,17,0.04411764705882353,322.7647058823529
20782,3,0.0,325.0
20783,85,0.06722689075630252,362.7529411764706
20784,30,0.08045977011494253,408.7
20785,7,0.0,318.42857142857144
20786,6,0.13333333333333333,509.6666666666667
20787,321,0.08677959501557632,402.30841121495325
20788,0,0.0,0.0
20789,60,0.07740112994350283,375.6666666666667
20790,62,0.08355367530407191,397.4193548387097
20791,0,0.0,0.0
20792,4,0.0,305.5
20793,17,0.029411764705882353,224.2941176470588
20794,1,0.0,122.0
20795,7,0.0,452.2857142857143
20796,7,0.0,260.14285714285717
20797,403,0.08594743404565262,412.11910669975185
20798,107,0.07564803385646271,389.58878504672896
20799,26,0.033846153846153845,319.65384615384613
20800,23,0.08695652173913043,467.9130434782609
20801,196,0.08294086865515438,407.7040816326531
20802,34,0.058823529411764705,312.55882352941177
20803,2,1.0,595.5
20804,0,0.0,0.0
20805,2,0.0,451.0
20806,1108,0.06818604287125904,360.09386281588445
20807,33,0.054924242424242424,381.72727272727275
20808,37,0.07057057057057058,383.5135135135135
20809,54,0.08944793850454227,455.24074074074076
20810,6,0.2,394.8333333333333
20811,331,0.07871463883548475,388.0664652567976
20812,3,0.0,214.0
20813,1,0.0,6.0
20814,24,0.036231884057971016,266.7916666666667
20815,0,0.0,0.0
20816,336,0.086727078891258,405.4702380952381
20817,0,0.0,0.0
20818,23,0.09090909090909091,338.04347826086956
20819,2,0.0,322.0
20820,64,0.06994047619047619,364.8125
20821,26,0.08923076923076922,405.8076923076923
20822,0,0.0,0.0
20823,622,0.07642481010298709,383.28135048231513
20824,1,0.0,23.0
20825,51,0.06588235294117648,369.6470588235294
20826,1,0.0,118.0
20827,32,0.04233870967741935,338.0625
20828,12,0.015151515151515152,233.41666666666666
20829,24,0.057971014492753624,407.2083333333333
20830,252,0.06725479036236008,362.9087301587302
20831,6,0.0,230.83333333333334
20832,13,0.038461538461538464,187.76923076923077
20833,8,0.07142857142857142,472.125
20834,43,0.0753045404208195,412.4651162790698
20835,0,0.0,0.0
20836,0,0.0,0.0
20837,3,0.0,499.3333333333333
20838,198,0.06829718504845408,361.3787878787879
20839,5,0.1,283.4
20840,197,0.07215373459028282,377.5532994923858
20841,65,0.04471153846153846,284.4153846153846
20842,0,0.0,0.0
20843,133,0.07245386192754613,368.6842105263158
20844,2,0.0,358.5
20845,67,0.08050655811849841,405.910447761194
20846,7,0.09523809523809523,358.7142857142857
20847,718,0.08139376774940463,394.908077994429
20848,2,0.0,72.5
20849,4,0.0,322.75
20850,3,0.0,273.6666666666667
20851,0,0.0,0.0
20852,4,0.16666666666666666,689.5
20853,233,0.0741823294361403,377.2832618025751
20854,0,0.0,0.0
20855,56,0.07662337662337662,405.6607142857143
20856,2,0.0,741.0
20857,316,0.07655213984327909,385.24050632911394
20858,3,0.0,397.3333333333333
20859,65,0.075,381.9076923076923
20860,187,0.0706112356966247,365.37433155080214
20861,52,0.0746606334841629,382.0769230769231
20862,477,0.08500255448091186,404.1027253668763
20863,20,0.06315789473684211,402.25
20864,0,0.0,0.0
20865,13,0.02564102564102564,204.46153846153845
20866,15,0.13333333333333333,541.7333333333333
20867,0,0.0,0.0
20868,110,0.06822351959966638,367.9909090909091
20869,95,0.06651735722284434,363.2736842105263
20870,7,0.0,361.14285714285717
20871,10,0.044444444444444446,410.8
20872,80,0.10063291139240506,446.1875
20873,22,0.08225108225108226,379.04545454545456
20874,9,0.1388888888888889,461.0
20875,18,0.0457516339869281,363.05555555555554
20876,9,0.1388888888888889,309.44444444444446
20877,20,0.08421052631578947,411.25
20878,401,0.09664588528678304,431.4638403990025
20879,53,0.07111756168359942,374.62264150943395
20880,66,0.05268065268065268,319.8030303030303
20881,0,0.0,0.0
20882,37,0.08408408408408409,408.5945945945946
20883,31,0.05591397849462366,311.8709677419355
20884,26,0.043076923076923075,295.5
20885,2,0.0,333.0
20886,32,0.06854838709677419,325.625
20887,0,0.0,0.0
20888,91,0.06446886446886448,369.8241758241758
20889,0,0.0,0.0
20890,9,0.0,246.66666666666666
20891,2,0.0,575.0
20892,22,0.08658008658008658,379.22727272727275
20893,122,0.07559951226121121,388.5
20894,0,0.0,0.0
20895,0,0.0,0.0
20896,5,0.4,865.4
20897,22,0.012987012987012988,218.3181818181818
20898,43,0.09302325581395349,439.3953488372093
20899,0,0.0,0.0
20900,20,0.07894736842105263,404.65
20901,462,0.0843263749988262,403.995670995671
20902,49,0.04931972789115646,314.42857142857144
20903,80,0.05189873417721519,325.45
20904,4,0.0,35.25
20905,26,0.07692307692307693,360.8076923076923
20906,9,0.0,264.44444444444446
20907,3,0.0,141.66666666666666
20908,53,0.11756168359941944,477.92452830188677
20909,49,0.058673469387755105,328.6530612244898
20910,32,0.10685483870967742,426.78125
20911,1,0.0,147.0
20912,71,0.06317907444668008,372.40845070422534
20913,82,0.056910569105691054,351.8048780487805
20914,17,0.022058823529411766,264.70588235294116
20915,40,0.10256410256410256,432.1
20916,69,0.08525149190110827,411.40579710144925
20917,53,0.08635703918722787,414.9622641509434
20918,6,0.0,196.0
20919,41,0.09268292682926829,435.3170731707317
20920,4,0.0,275.0
20921,579,0.07931584703372357,390.4628670120898
20922,6,0.3333333333333333,738.6666666666666
20923,126,0.09434920634920635,427.6031746031746
20924,3,0.0,378.3333333333333
20925,37,0.08858858858858859,457.2162162162162
20926,5,0.1,116.0
20927,1,0.0,132.0
20928,57,0.07706766917293233,371.3157894736842
20929,12,0.15151515151515152,375.5
20930,7,0.14285714285714285,550.7142857142857
20931,21,0.05714285714285714,318.6666666666667
20932,68,0.09306409130816505,399.5
20933,165,0.06792313377679231,365.09090909090907
20934,1,0.0,5.0
20935,646,0.07830657354741162,383.73993808049534
20936,37,0.0945945945945946,435.56756756756755
20937,0,0.0,0.0
20938,32,0.05846774193548387,346.59375
20939,23,0.09090909090909091,410.30434782608694
20940,152,0.08426280934123388,406.4078947368421
20941,16,0.05,364.8125
20942,11,0.14545454545454545,431.27272727272725
20943,1,0.0,525.0
20944,2,0.0,384.5
20945,45,0.07474747474747474,385.2
20946,11,0.01818181818181818,180.72727272727272
20947,2,0.0,335.0
20948,9,0.08333333333333333,382.6666666666667
20949,23,0.011857707509881422,210.43478260869566
20950,5,0.1,421.4
20951,138,0.08706230826192743,400.8478260869565
20952,3,0.3333333333333333,480.6666666666667
20953,7,0.047619047619047616,189.28571428571428
20954,0,0.0,0.0
20955,0,0.0,0.0
20956,39,0.06477732793522267,376.4871794871795
20957,3,0.0,327.0
20958,1,0.0,846.0
20959,64,0.1185515873015873,451.609375
20960,44,0.06765327695560254,387.4318181818182
20961,4,0.0,438.0
20962,15,0.05714285714285714,330.6666666666667
20963,397,0.07820013739409205,383.3198992443325
20964,8,0.0,258.0
20965,38,0.044096728307254626,356.2631578947368
20966,2,0.0,360.5
20967,0,0.0,0.0
20968,303,0.07391865014316001,381.976897689769
20969,179,0.08976209905216245,411.2737430167598
20970,2,0.0,535.0
20971,7,0.047619047619047616,289.7142857142857
20972,261,0.08296492779251399,404.69348659003833
20973,26,0.07076923076923076,304.8076923076923
20974,0,0.0,0.0
20975,228,0.07713115387587913,381.10526315789474
20976,861,0.07180941576857629,370.3867595818815
20977,25,0.07,408.12
20978,76,0.07157894736842105,364.11842105263156
20979,190,0.06677805625174046,355.0210526315789
20980,18,0.1111111111111111,443.55555555555554
20981,4,0.16666666666666666,248.75
20982,13,0.0641025641025641,479.0
20983,55,0.07138047138047138,373.0181818181818
20984,1,0.0,513.0
20985,207,0.08264152713287369,406.85990338164254
20986,0,0.0,0.0
20987,11,0.12727272727272726,493.3636363636364
20988,114,0.11054184132898619,463.2631578947368
20989,1,0.0,619.0
20990,54,0.07407407407407407,370.2037037037037
20991,4,0.16666666666666666,501.75
20992,41,0.08780487804878048,415.219512195122
20993,449,0.07118994591154948,372.445434298441
20994,1,0.0,602.0
20995,67,0.09045680687471733,425.7313432835821
20996,13,0.038461538461538464,374.53846153846155
20997,7,0.2857142857142857,552.1428571428571
20998,0,0.0,0.0
20999,0,0.0,0.0
21000,1,0.0,134.0
21001,3,0.6666666666666666,313.6666666666667
21002,64,0.09176587301587301,430.796875
21003,196,0.07650444793301936,390.0816326530612
21004,4,0.0,369.5
21005,1,0.0,725.0
21006,12,0.06060606060606061,325.5833333333333
21007,0,0.0,0.0
21008,53,0.07256894049346879,354.188679245283
21009,3,0.0,387.6666666666667
21010,13,0.038461538461538464,324.7692307692308
21011,0,0.0,0.0
21012,0,0.0,0.0
21013,1,0.0,449.0
21014,49,0.06462585034013606,354.0
21015,17,0.051470588235294115,261.88235294117646
21016,24,0.07246376811594203,362.0
21017,12,0.07575757575757576,291.3333333333333
21018,9,0.1388888888888889,580.0
21019,0,0.0,0.0
21020,87,0.09730018711574445,453.8965517241379
21021,131,0.09923664122137404,435.9541984732824
21022,21,0.08571428571428572,420.76190476190476
21023,72,0.06964006259780908,387.02777777777777
21024,6,0.06666666666666667,290.3333333333333
21025,197,0.07924997410131565,391.6294416243655
21026,3,0.0,139.66666666666666
21027,9,0.1111111111111111,611.3333333333334
21028,29,0.0665024630541872,379.51724137931035
21029,43,0.04983388704318937,299.2093023255814
21030,0,0.0,0.0
21031,65,0.06634615384615385,354.81538461538463
21032,605,0.07759290679218434,385.4727272727273
21033,1,0.0,261.0
21034,23,0.07114624505928854,356.17391304347825
21035,0,0.0,0.0
21036,2,0.0,266.0
21037,11,0.07272727272727272,277.09090909090907
21038,650,0.08497807277468294,403.6307692307692
21039,3,0.0,673.6666666666666
21040,56,0.08701298701298701,424.26785714285717
21041,29,0.059113300492610835,300.0
21042,10,0.08888888888888889,325.9
21043,248,0.07329894214444299,379.5766129032258
21044,13,0.07692307692307693,370.2307692307692
21045,5,0.1,446.0
21046,0,0.0,0.0
21047,13,0.05128205128205128,353.61538461538464
21048,2,0.0,241.0
21049,0,0.0,0.0
21050,148,0.06931421217135503,376.8716216216216
21051,58,0.056866303690260134,356.08620689655174
21052,0,0.0,0.0
21053,19,0.04093567251461988,292.1578947368421
21054,9,0.027777777777777776,282.0
21055,31,0.060215053763440864,330.06451612903226
21056,24,0.10507246376811594,473.9166666666667
21057,116,0.06851574212893553,354.11206896551727
21058,0,0.0,0.0
21059,273,0.08085541909071321,401.20512820512823
21060,0,0.0,0.0
21061,9,0.19444444444444445,657.7777777777778
21062,4,0.16666666666666666,699.25
21063,38,0.05405405405405406,321.2368421052632
21064,18,0.058823529411764705,370.0
21065,54,0.11390635918937805,451.962962962963
21066,518,0.07989365436173947,392.7837837837838
21067,1,0.0,1338.0
21068,740,0.07848443843031123,389.2391891891892
21069,0,0.0,0.0
21070,86,0.06046511627906977,353.4767441860465
21071,21,0.01904761904761905,225.85714285714286
21072,0,0.0,0.0
21073,0,0.0,0.0
21074,50,0.13795918367346938,532.88
21075,685,0.08494899048106885,402.81313868613137
21076,108,0.0796123226029768,417.6388888888889
21077,3,0.0,334.6666666666667
21078,26,0.08615384615384615,411.6923076923077
21079,579,0.08228003179327202,397.16062176165804
21080,16,0.08333333333333333,360.375
21081,10,0.06666666666666667,350.5
21082,64,0.07093253968253968,351.953125
21083,0,0.0,0.0
21084,16,0.041666666666666664,248.8125
21085,2,0.0,344.5
21086,0,0.0,0.0
21087,5,0.1,617.6
21088,1,0.0,387.0
21089,286,0.11127469022205864,464.9825174825175
21090,84,0.07946069994262765,413.64285714285717
21091,0,0.0,0.0
21092,74,0.09107737874861163,428.44594594594594
21093,196,0.09141810570381999,420.80102040816325
21094,51,0.06509803921568627,343.5098039215686
21095,7,0.0,274.57142857142856
21096,22,0.06493506493506493,423.3181818181818
21097,957,0.07126524223624209,369.521421107628
21098,258,0.07576991524145628,386.64728682170545
21099,1,0.0,1390.0
21100,16,0.125,494.75
21101,18,0.0392156862745098,231.66666666666666
21102,2,1.0,461.0
21103,0,0.0,0.0
21104,2,0.0,108.5
21105,5,0.2,310.4
21106,0,0.0,0.0
21107,0,0.0,0.0
21108,97,0.0702319587628866,369.0103092783505
21109,3,0.0,421.0
21110,2,0.0,355.0
21111,30,0.08045977011494253,379.8666666666667
21112,42,0.056910569105691054,354.8333333333333
21113,0,0.0,0.0
21114,5,0.0,395.4
21115,0,0.0,0.0
21116,41,0.07195121951219512,374.8536585365854
21117,0,0.0,0.0
21118,6,0.0,308.1666666666667
21119,1,0.0,146.0
21120,40,0.09358974358974359,432.15
21121,2,0.0,663.0
21122,35,0.08571428571428572,391.8
21123,3,0.0,369.0
21124,94,0.07709906199954245,371.67021276595744
21125,67,0.08683853459972862,432.8059701492537
21126,181,0.06642111724984653,361.3259668508287
21127,23,0.06719367588932806,324.69565217391306
21128,32,0.07862903225806452,365.6875
21129,10,0.06666666666666667,401.1
21130,26,0.08,405.34615384615387
21131,30,0.04827586206896552,369.0
21132,212,0.11030135026379326,457.17452830188677
21133,54,0.06219426974143955,338.72222222222223
21134,51,0.09411764705882353,399.54901960784315
21135,9,0.08333333333333333,477.55555555555554
21136,2,0.0,42.0
21137,0,0.0,0.0
21138,35,0.07058823529411765,414.0
21139,8,0.0,248.5
21140,20,0.05789473684210526,421.3
21141,228,0.08996058428008347,421.6535087719298
21142,123,0.056910569105691054,320.2845528455285
21143,2,0.0,366.0
21144,28,0.08465608465608465,362.0
21145,38,0.08108108108108109,405.6842105263158
21146,100,0.08181818181818182,401.03
21147,10,0.08888888888888889,361.1
21148,219,0.09052825604289724,415.5570776255708
21149,66,0.06386946386946386,360.06060606060606
21150,9,0.0,384.77777777777777
21151,1,0.0,24.0
21152,0,0.0,0.0
21153,0,0.0,0.0
21154,151,0.09112582781456954,411.07284768211923
21155,6,0.0,330.3333333333333
21156,5,0.3,546.0
21157,4,0.16666666666666666,243.75
21158,1,0.0,466.0
21159,14,0.03296703296703297,330.42857142857144
21160,42,0.07200929152148665,403.4761904761905
21161,1,0.0,400.0
21162,7,0.047619047619047616,353.57142857142856
21163,36,0.06190476190476191,389.5
21164,8,0.03571428571428571,362.5
21165,4,0.0,326.25
21166,0,0.0,0.0
21167,66,0.06806526806526807,353.45454545454544
21168,323,0.07901467223044824,386.6346749226006
21169,130,0.06774001192605844,364.53076923076924
21170,11,0.05454545454545454,404.90909090909093
21171,38,0.09246088193456614,417.6842105263158
21172,38,0.07396870554765292,380.2894736842105
21173,21,0.047619047619047616,283.76190476190476
21174,23,0.09881422924901186,422.2608695652174
21175,6,0.06666666666666667,530.6666666666666
21176,19,0.08187134502923976,403.2631578947368
21177,297,0.07732732732732733,389.82154882154884
21178,18,0.12418300653594772,465.77777777777777
21179,3,0.3333333333333333,448.3333333333333
21180,31,0.04086021505376344,271.35483870967744
21181,13,0.07692307692307693,520.2307692307693
21182,289,0.08984525182622069,411.4083044982699
21183,115,0.07551487414187644,386.8086956521739
21184,19,0.029239766081871343,230.68421052631578
21185,45,0.049494949494949494,295.2
21186,215,0.08928493805694414,418.80930232558137
21187,0,0.0,0.0
21188,5,0.1,366.4
21189,48,0.0425531914893617,303.3958333333333
21190,7,0.14285714285714285,489.85714285714283
21191,21,0.02857142857142857,295.14285714285717
21192,25,0.10666666666666667,371.92
21193,23,0.12648221343873517,495.8695652173913
21194,1,0.0,471.0
21195,10,0.044444444444444446,345.5
21196,161,0.058074534161490686,343.18633540372673
21197,256,0.0896139705882353,413.4296875
21198,78,0.10422910422910422,426.8333333333333
21199,14,0.1978021978021978,533.2857142857143
21200,28,0.10846560846560846,432.32142857142856
21201,381,0.08223511534742367,395.8530183727034
21202,694,0.08187265824153432,396.1066282420749
21203,48,0.05319148936170213,366.9166666666667
21204,0,0.0,0.0
21205,1,0.0,343.0
21206,0,0.0,0.0
21207,77,0.07826384142173616,391.87012987012986
21208,22,0.16017316017316016,547.4545454545455
21209,175,0.10101806239737274,437.2114285714286
21210,82,0.0698584763625414,353.9634146341463
21211,10,0.15555555555555556,403.9
21212,1,0.0,112.0
21213,0,0.0,0.0
21214,9,0.08333333333333333,449.8888888888889
21215,2,0.0,95.0
21216,6,0.0,388.5
21217,50,0.08979591836734693,409.3
21218,8,0.17857142857142858,468.125
21219,15,0.08571428571428572,440.93333333333334
21220,0,0.0,0.0
21221,10,0.022222222222222223,201.2
21222,49,0.06377551020408163,328.3469387755102
21223,1,0.0,530.0
21224,30,0.0896551724137931,410.76666666666665
21225,27,0.07977207977207977,426.9259259259259
21226,156,0.06757650951199339,364.47435897435895
21227,2,0.0,154.0
21228,25,0.10333333333333333,417.88
21229,370,0.09077858346151028,417.73783783783784
21230,0,0.0,0.0
21231,0,0.0,0.0
21232,0,0.0,0.0
21233,18,0.026143790849673203,255.33333333333334
21234,4,0.16666666666666666,534.75
21235,135,0.09275843007186291,417.64444444444445
21236,3,0.0,521.0
21237,8,0.03571428571428571,295.25
21238,60,0.08983050847457627,423.46666666666664
21239,29,0.017241379310344827,211.0344827586207
21240,0,0.0,0.0
21241,7,0.047619047619047616,397.14285714285717
21242,12,0.030303030303030304,247.83333333333334
21243,11,0.12727272727272726,484.8181818181818
21244,0,0.0,0.0
21245,1,0.0,499.0
21246,35,0.07563025210084033,327.34285714285716
21247,23,0.08695652173913043,409.0869565217391
21248,2,0.0,622.0
21249,107,0.09257626520895786,430.7289719626168
21250,1,0.0,138.0
21251,0,0.0,0.0
21252,4,0.16666666666666666,674.0
21253,0,0.0,0.0
21254,71,0.07645875251509054,394.90140845070425
21255,17,0.11764705882352941,368.94117647058823
21256,2,0.0,219.5
21257,100,0.062424242424242424,351.93
21258,19,0.13450292397660818,499.42105263157896
21259,66,0.09044289044289044,433.6818181818182
21260,350,0.09396643471142038,427.13714285714286
21261,0,0.0,0.0
21262,14,0.10989010989010989,494.7857142857143
21263,216,0.0722652885443583,379.65277777777777
21264,0,0.0,0.0
21265,24,0.04710144927536232,277.6666666666667
21266,67,0.05789235639981909,343.5074626865672
21267,369,0.07932720631554141,390.9837398373984
21268,46,0.03285024154589372,291.0652173913044
21269,82,0.07286961758506474,387.0975609756098
21270,31,0.08172043010752689,369.8709677419355
21271,1,0.0,18.0
21272,72,0.06103286384976526,341.7083333333333
21273,3,0.3333333333333333,575.0
21274,62,0.05817028027498678,318.9193548387097
21275,15,0.08571428571428572,471.0
21276,111,0.08861588861588862,403.56756756756755
21277,0,0.0,0.0
21278,32,0.07661290322580645,352.5
21279,9,0.027777777777777776,193.11111111111111
21280,19,0.12280701754385964,468.5263157894737
21281,14,0.13186813186813187,417.2142857142857
21282,52,0.11010558069381599,438.59615384615387
21283,21,0.10476190476190476,434.0
21284,81,0.05740740740740741,343.24691358024694
21285,33,0.056818181818181816,342.93939393939394
21286,91,0.09230769230769231,421.14285714285717
21287,37,0.057057057057057055,372.4054054054054
21288,9,0.0,254.77777777777777
21289,6,0.0,317.1666666666667
21290,39,0.05398110661268556,352.2564102564103
21291,5,0.0,274.4
21292,10,0.022222222222222223,354.5
21293,20,0.042105263157894736,301.35
21294,1,0.0,138.0
21295,0,0.0,0.0
21296,13,0.19230769230769232,555.6923076923077
21297,5,0.0,290.0
21298,809,0.07675715037511167,382.7156983930779
21299,2,0.0,239.5
21300,12,0.13636363636363635,458.8333333333333
21301,15,0.1523809523809524,424.93333333333334
21302,9,0.08333333333333333,284.6666666666667
21303,7,0.2857142857142857,495.7142857142857
21304,27,0.1225071225071225,491.77777777777777
21305,6,0.13333333333333333,550.8333333333334
21306,14,0.08791208791208792,457.5
21307,66,0.09137529137529138,421.1363636363636
21308,56,0.07597402597402597,386.23214285714283
21309,0,0.0,0.0
21310,7,0.0,310.2857142857143
21311,2,0.0,911.0
21312,733,0.0714072715615891,370.68349249658934
21313,62,0.09095716552088842,413.0483870967742
21314,3,0.0,341.6666666666667
21315,4,0.0,436.0
21316,3,0.0,279.0
21317,0,0.0,0.0
21318,7,0.09523809523809523,404.42857142857144
21319,100,0.07696969696969697,380.64
21320,0,0.0,0.0
21321,12,0.06060606060606061,319.3333333333333
21322,1,0.0,88.0
21323,0,0.0,0.0
21324,2,0.0,156.5
21325,14,0.04395604395604396,377.7857142857143
21326,1,0.0,98.0
21327,35,0.08571428571428572,447.0571428571429
21328,43,0.09634551495016612,440.5813953488372
21329,15,0.02857142857142857,373.6
21330,61,0.04590163934426229,316.27868852459017
21331,0,0.0,0.0
21332,32,0.04032258064516129,282.21875
21333,135,0.0863460475400774,411.68148148148146
21334,1,0.0,228.0
21335,6,0.0,182.83333333333334
21336,82,0.05540499849442939,325.5975609756098
21337,83,0.08933294152218631,420.6385542168675
21338,9,0.19444444444444445,552.3333333333334
21339,162,0.08872019016946553,409.6604938271605
21340,49,0.05357142857142857,339.8775510204082
21341,1,0.0,645.0
21342,10,0.022222222222222223,341.5
21343,1,0.0,291.0
21344,17,0.0661764705882353,477.52941176470586
21345,12,0.06060606060606061,357.0
21346,7,0.0,359.14285714285717
21347,1,0.0,501.0
21348,80,0.05949367088607595,352.4375
21349,287,0.09882800126702566,436.34843205574913
21350,41,0.11463414634146342,472.5121951219512
21351,10,0.2,612.2
21352,29,0.0812807881773399,403.7586206896552
21353,60,0.06892655367231638,389.21666666666664
21354,147,0.06914546640574037,376.8095238095238
21355,44,0.0613107822410148,359.27272727272725
21356,15,0.10476190476190476,499.6666666666667
21357,107,0.05589843061188503,343.0747663551402
21358,4,0.0,421.0
21359,268,0.09953043769914473,441.160447761194
21360,435,0.08085174002860321,395.13793103448273
21361,51,0.0815686274509804,417.45098039215685
21362,118,0.11067651745617847,451.1694915254237
21363,28,0.0873015873015873,429.82142857142856
21364,48,0.07092198581560284,394.2291666666667
21365,1,0.0,51.0
21366,0,0.0,0.0
21367,2,0.0,868.0
21368,6,0.0,178.33333333333334
21369,3,0.0,223.0
21370,24,0.13405797101449277,552.0
21371,0,0.0,0.0
21372,26,0.08923076923076922,408.8076923076923
21373,42,0.07200929152148665,378.4761904761905
21374,6,0.0,307.0
21375,0,0.0,0.0
21376,27,0.07122507122507123,386.5925925925926
21377,208,0.07065217391304347,362.4567307692308
21378,27,0.05698005698005698,376.55555555555554
21379,49,0.08078231292517007,395.48979591836735
21380,209,0.07669304379830695,383.64593301435406
21381,1,0.0,1013.0
21382,2,0.0,197.5
21383,33,0.07765151515151515,439.06060606060606
21384,1,0.0,17.0
21385,713,0.08449028475975857,403.56661991584855
21386,4,0.0,166.75
21387,125,0.07819354838709677,404.76
21388,6,0.06666666666666667,406.5
21389,2,0.0,44.5
21390,113,0.08027812895069532,394.13274336283183
21391,0,0.0,0.0
21392,3,0.6666666666666666,327.0
21393,21,0.06666666666666667,371.04761904761904
21394,0,0.0,0.0
21395,2,0.0,425.0
21396,4,0.0,192.0
21397,2,0.0,196.5
21398,29,0.07635467980295567,393.9310344827586
21399,6,0.13333333333333333,186.66666666666666
21400,4,0.3333333333333333,547.75
21401,22,0.03463203463203463,265.8636363636364
21402,250,0.09098795180722892,425.188
21403,2,0.0,68.5
21404,0,0.0,0.0
21405,3,0.0,228.66666666666666
21406,2,1.0,652.5
21407,1,0.0,388.0
21408,18,0.10457516339869281,491.1666666666667
21409,5,0.3,632.8
21410,21,0.10952380952380952,483.9047619047619
21411,8,0.07142857142857142,305.25
21412,0,0.0,0.0
21413,7,0.09523809523809523,401.0
21414,87,0.07137129109863673,390.04597701149424
21415,101,0.06415841584158416,355.2277227722772
21416,56,0.11038961038961038,424.80357142857144
21417,40,0.05384615384615385,333.65
21418,15,0.0380952380952381,386.6666666666667
21419,2,0.0,449.5
21420,0,0.0,0.0
21421,36,0.10476190476190476,428.69444444444446
21422,0,0.0,0.0
21423,172,0.06731946144430845,355.7848837209302
21424,1,0.0,1.0
21425,97,0.07474226804123711,390.3298969072165
21426,0,0.0,0.0
21427,80,0.08227848101265822,392.7625
21428,8,0.21428571428571427,465.625
21429,3,0.0,234.0
21430,307,0.09488833535585788,422.73941368078175
21431,0,0.0,0.0
21432,16,0.058333333333333334,353.875
21433,0,0.0,0.0
21434,0,0.0,0.0
21435,37,0.09009009009009009,413.94594594594594
21436,0,0.0,0.0
21437,7,0.19047619047619047,391.0
21438,15,0.05714285714285714,315.26666666666665
21439,2,0.0,23.0
21440,168,0.08333333333333333,400.2559523809524
21441,2,0.0,95.5
21442,2,0.0,229.0
21443,4,0.0,278.0
21444,72,0.12323943661971831,497.3333333333333
21445,3,0.3333333333333333,463.6666666666667
21446,6,0.06666666666666667,488.6666666666667
21447,94,0.06360100663463739,365.5531914893617
21448,6,0.2,218.16666666666666
21449,1,0.0,266.0
21450,126,0.07301587301587302,380.6666666666667
21451,4,0.0,62.75
21452,14,0.07692307692307693,399.5
21453,90,0.06691635455680399,369.9111111111111
21454,0,0.0,0.0
21455,41,0.1024390243902439,458.390243902439
21456,103,0.06225014277555682,337.9805825242718
21457,65,0.09615384615384616,416.0153846153846
21458,140,0.06865364850976362,358.4142857142857
21459,2,0.0,46.0
21460,22,0.08658008658008658,400.22727272727275
21461,104,0.07991038088125467,392.08653846153845
21462,4,0.0,166.25
21463,240,0.06882845188284518,366.45
21464,493,0.08786424578241725,408.46247464503045
21465,4,0.16666666666666666,511.5
21466,2,0.0,606.0
21467,35,0.05714285714285714,363.54285714285714
21468,19,0.05263157894736842,292.2105263157895
21469,22,0.0735930735930736,436.27272727272725
21470,0,0.0,0.0
21471,152,0.07485186476124085,382.0
21472,14,0.10989010989010989,445.92857142857144
21473,546,0.08438350640185503,403.14285714285717
21474,84,0.06626506024096386,352.0238095238095
21475,276,0.07214756258234518,379.1847826086956
21476,51,0.06352941176470588,364.80392156862746
21477,2,0.0,46.0
21478,35,0.12773109243697478,501.0571428571429
21479,37,0.06606606606606606,369.02702702702703
21480,2,0.0,107.5
21481,2,0.0,55.0
21482,0,0.0,0.0
21483,8,0.07142857142857142,473.875
21484,80,0.05348101265822785,334.3125
21485,250,0.1047710843373494,444.32
21486,49,0.1445578231292517,537.3061224489796
21487,0,0.0,0.0
21488,110,0.11409507923269391,473.27272727272725
21489,0,0.0,0.0
21490,1,0.0,1013.0
21491,12,0.045454545454545456,305.1666666666667
21492,232,0.08366920435885954,401.96120689655174
21493,764,0.07457130505787982,378.33376963350787
21494,86,0.06894664842681258,369.2325581395349
21495,110,0.08874061718098415,419.55454545454546
21496,26,0.06769230769230769,369.65384615384613
21497,38,0.08819345661450925,443.7368421052632
21498,61,0.09672131147540984,443.42622950819674
21499,229,0.0772236267524707,387.27510917030565
21500,0,0.0,0.0
21501,1,0.0,1.0
21502,0,0.0,0.0
21503,171,0.08737530099759203,411.43859649122805
21504,34,0.044563279857397504,301.7352941176471
21505,69,0.0784313725490196,391.6666666666667
21506,2,1.0,550.0
21507,12,0.07575757575757576,336.6666666666667
21508,4,0.0,310.25
21509,227,0.06498771977700675,354.89867841409693
21510,9,0.08333333333333333,415.3333333333333
21511,7,0.09523809523809523,421.0
21512,1,0.0,530.0
21513,1,0.0,447.0
21514,1,0.0,270.0
21515,20,0.05263157894736842,367.85
21516,0,0.0,0.0
21517,0,0.0,0.0
21518,0,0.0,0.0
21519,6,0.0,247.33333333333334
21520,3,0.0,184.33333333333334
21521,114,0.05651296382549294,332.219298245614
21522,1,0.0,1000.0
21523,2,0.0,1210.5
21524,12,0.07575757575757576,340.4166666666667
21525,1,0.0,141.0
21526,0,0.0,0.0
21527,151,0.07311258278145695,375.0132450331126
21528,131,0.09465648854961832,434.0687022900763
21529,2,0.0,227.0
21530,0,0.0,0.0
21531,62,0.05764145954521417,346.3225806451613
21532,561,0.08404634581105169,403.4295900178253
21533,16,0.075,318.8125
21534,3,0.0,173.33333333333334
21535,6,0.0,223.16666666666666
21536,4,0.0,337.25
21537,12,0.06060606060606061,350.8333333333333
21538,20,0.05263157894736842,379.5
21539,129,0.06686046511627906,357.3178294573643
21540,1,0.0,19.0
21541,1,0.0,318.0
21542,12,0.06060606060606061,279.75
21543,4,0.0,224.5
21544,4,0.16666666666666666,441.5
21545,80,0.08259493670886076,396.575
21546,14,0.06593406593406594,311.0
21547,27,0.09971509971509972,405.81481481481484
21548,10,0.044444444444444446,384.8
21549,0,0.0,0.0
21550,92,0.06712852365026278,362.10869565217394
21551,41,0.0524390243902439,328.9024390243902
21552,105,0.07344322344322345,377.22857142857146
21553,26,0.11692307692307692,447.61538461538464
21554,106,0.05193171608265948,309.91509433962267
21555,0,0.0,0.0
21556,17,0.16176470588235295,522.2352941176471
21557,107,0.0765297125727385,387.2616822429907
21558,42,0.09291521486643438,453.5238095238095
21559,25,0.03,266.68
21560,1,0.0,914.0
21561,6,0.13333333333333333,267.1666666666667
21562,0,0.0,0.0
21563,20,0.05263157894736842,332.7
21564,1,0.0,69.0
21565,32,0.07056451612903226,329.59375
21566,6,0.13333333333333333,435.6666666666667
21567,40,0.05897435897435897,349.425
21568,100,0.09737373737373738,447.63
21569,62,0.09624537281861449,402.7096774193548
21570,145,0.06465517241379311,350.75172413793103
21571,315,0.08104337276311799,400.55555555555554
21572,427,0.07365504502424382,376.3161592505855
21573,615,0.07834538280236222,386.390243902439
21574,519,0.08879564948929111,412.23892100192677
21575,36,0.049206349206349205,332.02777777777777
21576,29,0.04187192118226601,232.55172413793105
21577,26,0.08615384615384615,435.34615384615387
21578,17,0.029411764705882353,315.6470588235294
21579,5,0.0,277.4
21580,25,0.10333333333333333,458.28
21581,352,0.07399313649313649,379.00852272727275
21582,13,0.01282051282051282,230.3846153846154
21583,74,0.09737134394668641,442.0
21584,3,0.0,348.3333333333333
21585,3,0.0,184.33333333333334
21586,125,0.07819354838709677,399.944
21587,0,0.0,0.0
21588,226,0.09750245821042282,426.4424778761062
21589,66,0.05314685314685315,322.54545454545456
21590,3,0.0,222.0
21591,102,0.058823529411764705,336.6666666666667
21592,1,0.0,424.0
21593,18,0.05228758169934641,277.27777777777777
21594,15,0.02857142857142857,337.53333333333336
21595,0,0.0,0.0
21596,0,0.0,0.0
21597,36,0.06190476190476191,378.8611111111111
21598,47,0.11285846438482887,453.8723404255319
21599,7,0.09523809523809523,317.57142857142856
21600,4,0.0,142.5
21601,1,0.0,343.0
21602,0,0.0,0.0
21603,12,0.045454545454545456,345.9166666666667
21604,7,0.047619047619047616,223.14285714285714
21605,8,0.03571428571428571,304.0
21606,0,0.0,0.0
21607,0,0.0,0.0
21608,21,0.08095238095238096,465.2857142857143
21609,10,0.08888888888888889,430.5
21610,52,0.09125188536953242,417.11538461538464
21611,79,0.053554040895813046,345.1518987341772
21612,5,0.3,540.6
21613,0,0.0,0.0
21614,36,0.05714285714285714,332.0
21615,79,0.10321324245374879,461.55696202531647
21616,10,0.044444444444444446,418.3
21617,27,0.08831908831908832,365.55555555555554
21618,40,0.1294871794871795,516.225
21619,195,0.07840338355802273,378.16410256410256
21620,4,0.0,152.5
21621,76,0.12070175438596491,484.3157894736842
21622,11,0.01818181818181818,265.09090909090907
21623,4,0.0,393.5
21624,54,0.07756813417190776,401.1666666666667
21625,1,0.0,196.0
21626,4,0.16666666666666666,536.5
21627,53,0.0841799709724238,407.45283018867923
21628,143,0.09829607012705605,424.041958041958
21629,0,0.0,0.0
21630,283,0.09645891286369446,429.7314487632509
21631,130,0.05438282647584973,325.4153846153846
21632,40,0.06025641025641026,375.6
21633,11,0.14545454545454545,448.0
21634,48,0.09929078014184398,456.125
21635,77,0.08680792891319207,414.9220779220779
21636,0,0.0,0.0
21637,3,0.0,194.33333333333334
21638,7,0.19047619047619047,683.2857142857143
21639,91,0.06617826617826618,361.5824175824176
21640,19,0.04093567251461988,267.42105263157896
21641,196,0.0989534275248561,446.44897959183675
21642,73,0.09208523592085235,426.13698630136986
21643,7,0.0,391.2857142857143
21644,0,0.0,0.0
21645,7,0.047619047619047616,431.0
21646,28,0.10052910052910052,437.64285714285717
21647,233,0.081101080361107,390.9656652360515
21648,2,0.0,184.0
21649,4,0.0,209.25
21650,0,0.0,0.0
21651,1,0.0,150.0
21652,40,0.038461538461538464,247.425
21653,24,0.10144927536231885,414.0416666666667
21654,62,0.0898995240613432,402.741935483871
21655,3,0.0,263.3333333333333
21656,245,0.08815657410505186,415.0979591836735
21657,28,0.07936507936507936,393.64285714285717
21658,67,0.08095884215287201,420.0
21659,22,0.05194805194805195,339.22727272727275
21660,4,0.16666666666666666,296.75
21661,4,0.0,87.25
21662,6,0.06666666666666667,337.6666666666667
21663,108,0.10228452751817238,450.8888888888889
21664,13,0.01282051282051282,256.38461538461536
21665,3,0.0,384.0
21666,178,0.07528724687361138,374.84831460674155
21667,42,0.0975609756097561,425.04761904761904
21668,66,0.12680652680652682,488.469696969697
21669,13,0.02564102564102564,284.2307692307692
21670,0,0.0,0.0
21671,42,0.08246225319396051,410.9761904761905
21672,8,0.14285714285714285,612.75
21673,18,0.0784313725490196,406.55555555555554
21674,0,0.0,0.0
21675,57,0.10588972431077694,462.3859649122807
21676,0,0.0,0.0
21677,36,0.07777777777777778,385.4166666666667
21678,56,0.02857142857142857,240.07142857142858
21679,45,0.10707070707070707,443.2888888888889
21680,14,0.10989010989010989,418.2857142857143
21681,15,0.047619047619047616,361.53333333333336
21682,12,0.13636363636363635,407.4166666666667
21683,3,0.0,141.66666666666666
21684,14,0.07692307692307693,440.92857142857144
21685,8,0.07142857142857142,549.25
21686,27,0.05698005698005698,356.1111111111111
21687,84,0.06855995410212277,378.67857142857144
21688,21,0.08571428571428572,378.4761904761905
21689,219,0.09203636211302417,421.42009132420094
21690,1,0.0,21.0
21691,26,0.046153846153846156,319.34615384615387
21692,2,0.0,429.0
21693,39,0.03643724696356275,318.05128205128204
21694,0,0.0,0.0
21695,1,0.0,710.0
21696,0,0.0,0.0
21697,2,0.0,165.0
21698,15,0.08571428571428572,295.4
21699,8,0.10714285714285714,407.125
21700,4,0.0,221.0
21701,0,0.0,0.0
21702,19,0.023391812865497075,229.8421052631579
21703,2,0.0,738.5
21704,105,0.06336996336996337,345.4190476190476
21705,31,0.04946236559139785,296.06451612903226
21706,0,0.0,0.0
21707,0,0.0,0.0
21708,14,0.10989010989010989,443.64285714285717
21709,53,0.07039187227866474,381.33962264150944
21710,32,0.05443548387096774,362.84375
21711,1,0.0,410.0
21712,10,0.13333333333333333,429.1
21713,3,0.0,480.3333333333333
21714,0,0.0,0.0
21715,87,0.08233092755947607,409.6666666666667
21716,17,0.022058823529411766,210.58823529411765
21717,37,0.1021021021021021,469.4864864864865
21718,2,0.0,451.0
21719,46,0.09758454106280193,451.60869565217394
21720,32,0.07661290322580645,379.8125
21721,1,0.0,368.0
21722,0,0.0,0.0
21723,63,0.09062980030721966,440.3333333333333
21724,100,0.09676767676767677,441.84
21725,0,0.0,0.0
21726,453,0.09505948543632421,428.1655629139073
21727,0,0.0,0.0
21728,15,0.0380952380952381,335.4
21729,55,0.09966329966329966,452.3818181818182
21730,1,0.0,490.0
21731,30,0.09195402298850575,435.9
21732,3,0.0,365.6666666666667
21733,25,0.06666666666666667,410.64
21734,458,0.0787746170678337,388.59606986899564
21735,26,0.15692307692307692,560.8846153846154
21736,12,0.09090909090909091,324.5833333333333
21737,26,0.12307692307692308,512.5
21738,1,0.0,331.0
21739,18,0.10457516339869281,420.0
21740,1,0.0,558.0
21741,118,0.08025496161089381,399.70338983050846
21742,2,0.0,211.5
21743,4,0.0,155.25
21744,143,0.06687678518664435,370.9160839160839
21745,9,0.027777777777777776,266.0
21746,6,0.0,236.16666666666666
21747,5,0.1,343.8
21748,408,0.08391145155851039,401.7230392156863
21749,4,0.0,253.75
21750,0,0.0,0.0
21751,25,0.07666666666666666,365.96
21752,47,0.07493061979648474,366.21276595744683
21753,5,0.1,673.8
21754,672,0.07698619686324604,384.85267857142856
21755,4,0.16666666666666666,360.25
21756,95,0.0940649496080627,434.8421052631579
21757,0,0.0,0.0
21758,20,0.03684210526315789,252.0
21759,6,0.06666666666666667,240.0
21760,37,0.05405405405405406,344.86486486486484
21761,23,0.08695652173913043,450.1304347826087
21762,226,0.0823598820058997,388.77433628318585
21763,47,0.04440333024976873,328.3191489361702
21764,23,0.08300395256916997,422.8695652173913
21765,8,0.07142857142857142,450.625
21766,424,0.06806726437396851,362.5683962264151
21767,0,0.0,0.0
21768,0,0.0,0.0
21769,70,0.09358178053830228,425.5285714285714
21770,1,0.0,133.0
21771,198,0.08147464492642158,405.050505050505
21772,20,0.08421052631578947,369.55
21773,17,0.058823529411764705,386.0
21774,14,0.08791208791208792,392.64285714285717
21775,40,0.07564102564102564,367.0
21776,65,0.0764423076923077,393.46153846153845
21777,2,0.0,279.0
21778,9,0.0,259.77777777777777
21779,23,0.05928853754940711,399.5652173913044
21780,0,0.0,0.0
21781,255,0.09081364829396325,413.25098039215686
21782,32,0.0846774193548387,425.5625
21783,0,0.0,0.0
21784,156,0.0749379652605459,377.64102564102564
21785,1,0.0,234.0
21786,242,0.09841912142930627,431.3471074380165
21787,101,0.09742574257425743,439.13861386138615
21788,0,0.0,0.0
21789,2,0.0,3.0
21790,105,0.05,314.04761904761904
21791,644,0.08174994928663196,396.12577639751555
21792,13,0.0641025641025641,339.3076923076923
21793,523,0.08053302857812648,393.4206500956023
21794,2,0.0,232.0
21795,0,0.0,0.0
21796,5,0.0,351.2
21797,4,0.16666666666666666,521.5
21798,245,0.07367012378721981,371.7551020408163
21799,3,0.0,235.66666666666666
21800,11,0.10909090909090909,376.90909090909093
21801,4,0.0,340.0
21802,0,0.0,0.0
21803,35,0.040336134453781515,288.22857142857146
21804,6,0.06666666666666667,213.0
21805,0,0.0,0.0
21806,40,0.08846153846153847,399.65
21807,8,0.14285714285714285,626.75
21808,96,0.0712719298245614,367.7604166666667
21809,15,0.06666666666666667,378.1333333333333
21810,10,0.044444444444444446,168.4
21811,0,0.0,0.0
21812,3,0.0,42.666666666666664
21813,14,0.0989010989010989,379.0
21814,130,0.06940966010733453,361.3692307692308
21815,442,0.08278183068099035,399.50678733031674
21816,26,0.055384615384615386,421.3076923076923
21817,21,0.05238095238095238,236.1904761904762
21818,9,0.1388888888888889,511.77777777777777
21819,19,0.05263157894736842,358.89473684210526
21820,2,0.0,388.0
21821,4,0.0,517.25
21822,8,0.0,260.5
21823,1,0.0,41.0
21824,65,0.07692307692307693,406.4
21825,0,0.0,0.0
21826,114,0.06831237385499146,362.0
21827,0,0.0,0.0
21828,0,0.0,0.0
21829,1,0.0,913.0
21830,36,0.12063492063492064,474.44444444444446
21831,56,0.06493506493506493,366.0
21832,0,0.0,0.0
21833,25,0.06333333333333334,401.4
21834,5,0.1,571.6
21835,44,0.06659619450317125,364.90909090909093
21836,11,0.23636363636363636,742.3636363636364
21837,124,0.07343299239444008,371.73387096774195
21838,18,0.0457516339869281,301.8888888888889
21839,2,0.0,198.0
21840,52,0.083710407239819,422.0769230769231
21841,299,0.08639536710736011,407.0602006688963
21842,1,0.0,812.0
21843,89,0.06741573033707865,341.08988764044943
21844,7,0.047619047619047616,429.14285714285717
21845,15,0.0761904761904762,396.1333333333333
21846,126,0.09498412698412699,426.984126984127
21847,49,0.04421768707482993,302.53061224489795
21848,35,0.03529411764705882,242.17142857142858
21849,0,0.0,0.0
21850,6,0.0,258.0
21851,101,0.08514851485148515,417.45544554455444
21852,9,0.05555555555555555,314.1111111111111
21853,3,0.3333333333333333,860.3333333333334
21854,3,0.0,204.33333333333334
21855,1,0.0,84.0
21856,46,0.08115942028985507,400.17391304347825
21857,67,0.08412483039348712,418.55223880597015
21858,429,0.07681415158050672,385.1794871794872
21859,8,0.0,289.875
21860,3,0.0,105.66666666666667
21861,9,0.08333333333333333,414.8888888888889
21862,463,0.07930586332314193,392.39092872570194
21863,15,0.047619047619047616,304.06666666666666
21864,4,0.16666666666666666,890.75
21865,301,0.09184939091915836,420.19601328903656
21866,661,0.07690368129097327,382.695915279879
21867,41,0.08048780487804878,363.4634146341463
21868,230,0.1060565786975508,454.3608695652174
21869,29,0.11576354679802955,450.6551724137931
21870,95,0.08913773796192609,431.14736842105265
21871,49,0.05952380952380952,360.2244897959184
21872,19,0.06432748538011696,305.94736842105266
21873,11,0.16363636363636364,484.3636363636364
21874,0,0.0,0.0
21875,362,0.09441239038276121,425.43646408839777
21876,0,0.0,0.0
21877,6,0.2,675.0
21878,43,0.08416389811738649,453.69767441860466
21879,0,0.0,0.0
21880,6,0.06666666666666667,245.66666666666666
21881,10,0.06666666666666667,453.8
21882,21,0.10952380952380952,528.5714285714286
21883,9,0.16666666666666666,650.1111111111111
21884,5,0.0,300.0
21885,10,0.044444444444444446,359.5
21886,28,0.1111111111111111,413.75
21887,92,0.07453416149068323,385.35869565217394
21888,2,0.0,328.5
21889,144,0.052544677544677544,313.6736111111111
21890,5,0.0,359.0
21891,39,0.09176788124156546,432.2307692307692
21892,10,0.06666666666666667,433.5
21893,4,0.0,200.5
21894,5,0.1,335.4
21895,23,0.11857707509881422,408.5217391304348
21896,20,0.04736842105263158,330.65
21897,267,0.0918025400580102,429.69662921348316
21898,48,0.08067375886524823,415.0833333333333
21899,60,0.09435028248587571,425.05
21900,41,0.07926829268292683,376.1463414634146
21901,37,0.03903903903903904,284.4864864864865
21902,22,0.10822510822510822,364.40909090909093
21903,27,0.08262108262108261,446.74074074074076
21904,10,0.1111111111111111,508.5
21905,15,0.08571428571428572,475.73333333333335
21906,2,0.0,385.0
21907,11,0.10909090909090909,312.27272727272725
21908,354,0.07501480450056817,382.33898305084745
21909,10,0.13333333333333333,536.4
21910,1,0.0,143.0
21911,5,0.1,443.2
21912,0,0.0,0.0
21913,22,0.08225108225108226,374.59090909090907
21914,48,0.10017730496453901,451.3958333333333
21915,588,0.08824415626557267,412.66326530612247
21916,4,0.0,291.0
21917,8,0.03571428571428571,408.5
21918,28,0.06878306878306878,388.75
21919,13,0.05128205128205128,179.53846153846155
21920,174,0.06916483954554514,355.12068965517244
21921,19,0.09941520467836257,403.5263157894737
21922,142,0.060633303366297076,333.64084507042253
21923,1,0.0,222.0
21924,3,0.0,376.6666666666667
21925,61,0.054098360655737705,295.95081967213116
21926,0,0.0,0.0
21927,33,0.058712121212121215,335.09090909090907
21928,31,0.03870967741935484,287.741935483871
21929,103,0.08014467923091567,394.3883495145631
21930,7,0.0,288.42857142857144
21931,5,0.1,300.0
21932,19,0.08771929824561403,374.05263157894734
21933,19,0.09941520467836257,395.3157894736842
21934,130,0.07465712581991651,380.74615384615385
21935,73,0.06773211567732115,370.3150684931507
21936,13,0.08974358974358974,430.0769230769231
21937,236,0.08337540569780022,403.4194915254237
21938,76,0.09403508771929825,414.94736842105266
21939,90,0.10411985018726591,454.5
21940,39,0.06477732793522267,354.8974358974359
21941,3,0.0,572.0
21942,12,0.045454545454545456,336.1666666666667
21943,8,0.14285714285714285,581.875
21944,0,0.0,0.0
21945,14,0.12087912087912088,557.6428571428571
21946,30,0.05747126436781609,303.8
21947,988,0.07617652970396531,381.5
21948,9,0.1111111111111111,399.22222222222223
21949,41,0.06463414634146342,323.5365853658537
21950,51,0.07137254901960784,373.05882352941177
21951,16,0.06666666666666667,333.5
21952,8,0.25,347.375
21953,13,0.05128205128205128,391.61538461538464
21954,28,0.0873015873015873,407.10714285714283
21955,166,0.07039065352318365,364.4759036144578
21956,219,0.0787566503288509,384.8173515981735
21957,0,0.0,0.0
21958,2,0.0,388.5
21959,157,0.08043442756818553,394.7388535031847
21960,0,0.0,0.0
21961,23,0.12648221343873517,443.17391304347825
21962,0,0.0,0.0
21963,509,0.08393020125922374,401.42239685658154
21964,10,0.022222222222222223,258.2
21965,71,0.0909456740442656,412.0845070422535
21966,8,0.07142857142857142,533.125
21967,35,0.09915966386554621,442.37142857142857
21968,11,0.0,236.27272727272728
21969,12,0.045454545454545456,294.0
21970,22,0.025974025974025976,248.45454545454547
21971,17,0.03676470588235294,416.47058823529414
21972,47,0.07030527289546716,313.97872340425533
21973,8,0.0,311.75
21974,45,0.06161616161616162,372.22222222222223
21975,152,0.0724991286162426,366.2236842105263
21976,28,0.07671957671957672,370.64285714285717
21977,22,0.03896103896103896,255.0909090909091
21978,343,0.07748964247353077,386.33527696793004
21979,3,0.0,225.66666666666666
21980,69,0.07544757033248081,374.9130434782609
21981,17,0.11764705882352941,409.3529411764706
21982,8,0.07142857142857142,349.875
21983,4,0.0,485.5
21984,15,0.047619047619047616,360.0
21985,40,0.06923076923076923,372.6
21986,0,0.0,0.0
21987,23,0.10276679841897234,431.5652173913044
21988,84,0.06884681583476764,374.92857142857144
21989,0,0.0,0.0
21990,52,0.06711915535444947,341.2307692307692
21991,156,0.06385442514474772,352.36538461538464
21992,0,0.0,0.0
21993,90,0.08239700374531835,411.6777777777778
21994,141,0.06778115501519758,369.64539007092196
21995,7,0.047619047619047616,324.14285714285717
21996,965,0.07786640294111323,386.08082901554405
21997,179,0.10595693930073442,452.64245810055866
21998,48,0.06648936170212766,368.5833333333333
21999,446,0.08780168287398599,409.6793721973094
22000,166,0.07301935012778386,370.921686746988
22001,1,0.0,64.0
22002,1,0.0,539.0
22003,47,0.045328399629972246,296.4468085106383
22004,274,0.10162829870859068,441.4160583941606
22005,5,0.2,654.6
22006,43,0.07641196013289037,402.6046511627907
22007,698,0.08433195068508918,400.27220630372494
22008,22,0.08225108225108226,341.6818181818182
22009,88,0.07784743991640543,393.8068181818182
22010,1,0.0,902.0
22011,45,0.10404040404040404,417.5777777777778
22012,31,0.05161290322580645,314.0
22013,1,0.0,968.0
22014,10,0.08888888888888889,387.8
22015,2,1.0,109.5
22016,9,0.05555555555555555,266.0
22017,5,0.2,520.8
22018,40,0.06794871794871794,353.0
22019,108,0.07753547940463829,393.00925925925924
22020,534,0.07814575120686384,388.28277153558054
22021,13,0.038461538461538464,340.3076923076923
22022,25,0.02666666666666667,251.64
22023,187,0.07383129204761084,375.97860962566847
22024,22,0.19047619047619047,524.8181818181819
22025,121,0.0943526170798898,429.6942148760331
22026,48,0.06028368794326241,355.1458333333333
22027,14,0.14285714285714285,406.7857142857143
22028,119,0.09300669420310496,439.2857142857143
22029,0,0.0,0.0
22030,2,0.0,417.0
22031,15,0.05714285714285714,369.2
22032,2,0.0,636.5
22033,5,0.0,297.8
22034,13,0.05128205128205128,287.0769230769231
22035,4,0.0,505.75
22036,6,0.06666666666666667,342.1666666666667
22037,15,0.01904761904761905,171.66666666666666
22038,0,0.0,0.0
22039,16,0.1,467.125
22040,1,0.0,77.0
22041,27,0.07407407407407407,422.4074074074074
22042,11,0.03636363636363636,345.27272727272725
22043,134,0.07283133206149703,375.14179104477614
22044,182,0.1015117479205877,442.25274725274727
22045,3,0.0,404.0
22046,38,0.09672830725462304,434.10526315789474
22047,24,0.06884057971014493,396.7083333333333
22048,96,0.07763157894736843,389.84375
22049,38,0.10241820768136557,417.3421052631579
22050,25,0.08333333333333333,406.52
22051,8,0.03571428571428571,324.5
22052,0,0.0,0.0
22053,267,0.08571991777195799,414.3558052434457
22054,53,0.08490566037735849,396.8301886792453
22055,19,0.08771929824561403,428.57894736842104
22056,7,0.09523809523809523,421.14285714285717
22057,7,0.047619047619047616,425.85714285714283
22058,277,0.0901219065557474,410.6245487364621
22059,15,0.02857142857142857,293.8
22060,100,0.06666666666666667,372.88
22061,1,0.0,307.0
22062,0,0.0,0.0
22063,221,0.08593171534348006,404.5429864253394
22064,15,0.047619047619047616,260.3333333333333
22065,244,0.07920124131417391,395.9549180327869
22066,37,0.07207207207207207,338.0810810810811
22067,0,0.0,0.0
22068,1,0.0,882.0
22069,249,0.08336572094830937,395.9477911646586
22070,32,0.05040322580645161,297.28125
22071,258,0.06919434138690314,364.8178294573643
22072,131,0.11027598355842631,477.206106870229
22073,4,0.0,335.25
22074,64,0.0882936507936508,413.328125
22075,8,0.14285714285714285,560.125
22076,64,0.06845238095238096,387.9375
22077,18,0.06535947712418301,343.05555555555554
22078,15,0.12380952380952381,420.26666666666665
22079,9,0.08333333333333333,426.55555555555554
22080,7,0.09523809523809523,466.85714285714283
22081,0,0.0,0.0
22082,4,0.16666666666666666,654.0
22083,27,0.08547008547008547,486.6296296296296
22084,16,0.1,463.75
22085,1,0.0,579.0
22086,1,0.0,168.0
22087,44,0.08773784355179703,439.4318181818182
22088,22,0.030303030303030304,350.22727272727275
22089,0,0.0,0.0
22090,44,0.07822410147991543,380.72727272727275
22091,2,0.0,259.5
22092,0,0.0,0.0
22093,0,0.0,0.0
22094,115,0.08085430968726164,407.7826086956522
22095,0,0.0,0.0
22096,5,0.0,283.6
22097,9,0.08333333333333333,567.3333333333334
22098,34,0.07130124777183601,372.38235294117646
22099,13,0.0641025641025641,289.7692307692308
22100,146,0.09428436466698158,416.7739726027397
22101,213,0.08898042342102933,417.4788732394366
22102,114,0.07297003570874087,367.280701754386
22103,1,0.0,218.0
22104,0,0.0,0.0
22105,0,0.0,0.0
22106,21,0.08095238095238096,384.76190476190476
22107,44,0.0613107822410148,336.45454545454544
22108,2,0.0,58.5
22109,1,0.0,17.0
22110,0,0.0,0.0
22111,34,0.06417112299465241,394.61764705882354
22112,34,0.0748663101604278,404.55882352941177
22113,8,0.10714285714285714,431.375
22114,207,0.07387083157450401,382.512077294686
22115,3,0.0,388.3333333333333
22116,24,0.06521739130434782,375.625
22117,60,0.0768361581920904,365.71666666666664
22118,35,0.03865546218487395,261.0
22119,576,0.07205314009661835,370.7239583333333
22120,0,0.0,0.0
22121,813,0.07294639448857543,374.869618696187
22122,5,0.1,244.2
22123,1,0.0,799.0
22124,46,0.13429951690821257,493.0869565217391
22125,180,0.0739292364990689,376.03333333333336
22126,3,0.0,67.66666666666667
22127,29,0.05665024630541872,324.2068965517241
22128,83,0.08198648251542756,412.50602409638554
22129,10,0.13333333333333333,466.0
22130,50,0.05551020408163265,360.7
22131,1,0.0,115.0
22132,145,0.06388888888888888,343.8
22133,12,0.30303030303030304,556.0
22134,78,0.07425907425907426,357.4871794871795
22135,35,0.09243697478991597,399.48571428571427
22136,1,0.0,286.0
22137,29,0.07881773399014778,367.2758620689655
22138,39,0.07422402159244265,369.35897435897436
22139,1,0.0,130.0
22140,25,0.06,308.2
22141,2,0.0,342.5
22142,53,0.06458635703918723,389.60377358490564
22143,3,0.0,256.6666666666667
22144,24,0.036231884057971016,261.875
22145,0,0.0,0.0
22146,84,0.06913367756741251,379.2261904761905
22147,13,0.08974358974358974,498.0
22148,25,0.03,297.48
22149,279,0.07127201464634744,369.34767025089604
22150,0,0.0,0.0
22151,38,0.07254623044096728,369.3157894736842
22152,10,0.2222222222222222,696.1
22153,0,0.0,0.0
22154,1,0.0,108.0
22155,1,0.0,496.0
22156,21,0.11904761904761904,425.04761904761904
22157,3,0.0,337.3333333333333
22158,407,0.08258191016811707,395.36609336609337
22159,8,0.07142857142857142,486.0
22160,1,0.0,967.0
22161,11,0.01818181818181818,334.6363636363636
22162,19,0.06432748538011696,386.57894736842104
22163,0,0.0,0.0
22164,217,0.077231609489674,380.1981566820277
22165,6,0.0,415.3333333333333
22166,2,0.0,183.0
22167,0,0.0,0.0
22168,309,0.08937502626823016,413.8932038834951
22169,15,0.047619047619047616,355.73333333333335
22170,11,0.01818181818181818,331.54545454545456
22171,35,0.08067226890756303,378.7142857142857
22172,43,0.10077519379844961,454.9767441860465
22173,1280,0.06478205629397968,351.77734375
22174,9,0.0,205.22222222222223
22175,31,0.06236559139784946,394.741935483871
22176,19,0.017543859649122806,216.0
22177,9,0.027777777777777776,346.3333333333333
22178,13,0.14102564102564102,549.6923076923077
22179,71,0.1006036217303823,440.83098591549293
22180,6,0.0,278.8333333333333
22181,22,0.08225108225108226,429.3181818181818
22182,33,0.04734848484848485,284.45454545454544
22183,4,0.0,165.0
22184,2,0.0,579.0
22185,27,0.09116809116809117,418.48148148148147
22186,384,0.08805211053089643,410.3828125
22187,43,0.05647840531561462,332.5581395348837
22188,11,0.0,243.72727272727272
22189,0,0.0,0.0
22190,9,0.05555555555555555,319.3333333333333
22191,10,0.1111111111111111,408.8
22192,109,0.08120965001698946,382.2844036697248
22193,6,0.06666666666666667,254.5
22194,20,0.12631578947368421,503.0
22195,22,0.07792207792207792,366.5
22196,2,0.0,18.0
22197,39,0.05128205128205128,339.61538461538464
22198,2,0.0,169.5
22199,26,0.06461538461538462,416.15384615384613
22200,344,0.08044613194114855,394.0029069767442
22201,0,0.0,0.0
22202,110,0.043703085904920766,306.6727272727273
22203,2,0.0,226.0
22204,36,0.09365079365079365,444.6388888888889
22205,2,0.0,398.5
22206,23,0.043478260869565216,349.7391304347826
22207,4,0.0,327.75
22208,574,0.07709895348766502,383.4146341463415
22209,16,0.041666666666666664,252.625
22210,43,0.11517165005537099,458.8139534883721
22211,16,0.08333333333333333,436.625
22212,53,0.07764876632801161,385.2830188679245
22213,23,0.08300395256916997,422.1304347826087
22214,5,0.2,306.6
22215,12,0.030303030303030304,309.3333333333333
22216,4,0.16666666666666666,518.75
22217,1,0.0,795.0
22218,2,0.0,178.0
22219,68,0.08560140474100088,406.36764705882354
22220,4,0.0,401.25
22221,34,0.13368983957219252,525.0294117647059
22222,3,0.0,214.66666666666666
22223,4,0.0,868.75
22224,18,0.032679738562091505,314.3888888888889
22225,93,0.05937353903693315,340.4516129032258
22226,18,0.0915032679738562,383.77777777777777
22227,5,0.0,386.4
22228,32,0.038306451612903226,316.15625
22229,10,0.0,312.8
22230,11,0.0,232.27272727272728
22231,72,0.0903755868544601,424.5833333333333
22232,25,0.056666666666666664,296.12
22233,40,0.1294871794871795,478.575
22234,4,0.0,512.75
22235,44,0.05496828752642706,327.1363636363636
22236,13,0.08974358974358974,469.0
22237,9,0.05555555555555555,419.55555555555554
22238,11,0.01818181818181818,343.90909090909093
22239,105,0.08754578754578754,412.73333333333335
22240,33,0.08522727272727272,385.3636363636364
22241,160,0.06352201257861635,344.68125
22242,59,0.07130333138515488,396.10169491525426
22243,29,0.03201970443349754,291.6551724137931
22244,0,0.0,0.0
22245,40,0.057692307692307696,335.35
22246,11,0.09090909090909091,374.8181818181818
22247,5,0.0,144.8
22248,305,0.05636324417601381,331.8360655737705
22249,1,0.0,471.0
22250,46,0.12367149758454106,484.19565217391306
22251,0,0.0,0.0
22252,0,0.0,0.0
22253,9,0.0,151.44444444444446
22254,4,0.16666666666666666,514.75
22255,1,0.0,561.0
22256,53,0.045718432510885344,313.52830188679246
22257,3,0.0,501.0
22258,30,0.09885057471264368,430.46666666666664
22259,17,0.051470588235294115,331.05882352941177
22260,2,0.0,185.0
22261,0,0.0,0.0
22262,34,0.11586452762923351,467.9117647058824
22263,0,0.0,0.0
22264,10,0.13333333333333333,405.6
22265,2,0.0,913.0
22266,71,0.09979879275653923,424.8169014084507
22267,7,0.047619047619047616,325.57142857142856
22268,206,0.07127634383139948,365.9271844660194
22269,212,0.07453277295895555,375.39622641509436
22270,16,0.05,351.5
22271,122,0.08941877794336811,421.73770491803276
22272,50,0.08081632653061224,392.42
22273,39,0.11336032388663968,495.7692307692308
22274,0,0.0,0.0
22275,39,0.08906882591093117,382.9230769230769
22276,1,0.0,93.0
22277,34,0.08021390374331551,406.2647058823529
22278,11,0.14545454545454545,427.90909090909093
22279,86,0.07551299589603283,390.4186046511628
22280,0,0.0,0.0
22281,39,0.09176788124156546,397.5897435897436
22282,0,0.0,0.0
22283,3,0.0,499.3333333333333
22284,7,0.09523809523809523,468.14285714285717
22285,14,0.03296703296703297,190.21428571428572
22286,0,0.0,0.0
22287,75,0.0645045045045045,349.0
22288,5,0.0,388.4
22289,22,0.05627705627705628,283.90909090909093
22290,58,0.09195402298850575,424.37931034482756
22291,0,0.0,0.0
22292,68,0.0649692712906058,350.5147058823529
22293,7,0.0,300.0
22294,20,0.12631578947368421,464.35
22295,30,0.10804597701149425,426.96666666666664
22296,70,0.0782608695652174,394.12857142857143
22297,2,0.0,115.0
22298,7,0.0,472.57142857142856
22299,92,0.06736741519350214,372.0978260869565
22300,27,0.11396011396011396,431.5925925925926
22301,12,0.06060606060606061,456.0
22302,2,0.0,403.5
22303,2,0.0,277.5
22304,13,0.07692307692307693,433.3076923076923
22305,1,0.0,422.0
22306,5,0.2,499.4
22307,5,0.1,564.4
22308,6,0.06666666666666667,400.5
22309,18,0.09803921568627451,411.44444444444446
22310,12,0.06060606060606061,386.9166666666667
22311,5,0.1,680.2
22312,2,0.0,975.5
22313,0,0.0,0.0
22314,0,0.0,0.0
22315,29,0.09113300492610837,427.7586206896552
22316,3,0.0,234.66666666666666
22317,3,0.0,146.33333333333334
22318,35,0.0453781512605042,333.0571428571429
22319,36,0.06825396825396825,363.52777777777777
22320,13,0.0641025641025641,373.53846153846155
22321,13,0.14102564102564102,634.0769230769231
22322,1,0.0,94.0
22323,33,0.09090909090909091,376.6666666666667
22324,4,0.0,260.25
22325,3,0.0,466.6666666666667
22326,4,0.0,185.75
22327,21,0.07142857142857142,364.14285714285717
22328,28,0.06878306878306878,377.60714285714283
22329,16,0.03333333333333333,334.375
22330,23,0.039525691699604744,287.0869565217391
22331,253,0.07230692013300709,376.35573122529644
22332,1,0.0,1338.0
22333,88,0.06713688610240334,356.53409090909093
22334,9,0.1111111111111111,282.8888888888889
22335,6,0.0,349.1666666666667
22336,1,0.0,432.0
22337,19,0.06432748538011696,360.94736842105266
22338,447,0.08108867286644396,395.24384787472036
22339,5,0.1,444.4
22340,69,0.07885763000852515,394.94202898550725
22341,91,0.08400488400488401,398.8901098901099
22342,6,0.0,389.6666666666667
22343,15,0.0761904761904762,378.6
22344,2,1.0,639.0
22345,2,0.0,125.0
22346,0,0.0,0.0
22347,227,0.08233597130716151,402.69603524229075
22348,24,0.05434782608695652,318.875
22349,7,0.14285714285714285,662.2857142857143
22350,19,0.10526315789473684,406.94736842105266
22351,0,0.0,0.0
22352,2,0.0,195.5
22353,7,0.19047619047619047,547.1428571428571
22354,5,0.0,295.8
22355,23,0.11857707509881422,420.17391304347825
22356,10,0.06666666666666667,388.4
22357,50,0.07755102040816327,398.14
22358,0,0.0,0.0
22359,13,0.02564102564102564,304.61538461538464
22360,0,0.0,0.0
22361,84,0.06511761331038439,357.85714285714283
22362,89,0.06179775280898876,341.5842696629214
22363,9,0.1111111111111111,605.0
22364,1,0.0,343.0
22365,2,0.0,529.5
22366,111,0.06355446355446355,346.54954954954957
22367,32,0.06048387096774194,341.6875
22368,9,0.1388888888888889,516.4444444444445
22369,338,0.10146963285516128,442.2692307692308
22370,85,0.060784313725490195,356.4117647058824
22371,385,0.07982954545454546,393.961038961039
22372,84,0.07630522088353414,386.2738095238095
22373,18,0.0392156862745098,317.27777777777777
22374,58,0.0411373260738052,288.2068965517241
22375,1,0.0,234.0
22376,0,0.0,0.0
22377,0,0.0,0.0
22378,3,0.0,154.66666666666666
22379,24,0.12681159420289856,482.875
22380,1,0.0,119.0
22381,206,0.0852000947193938,401.7669902912621
22382,40,0.0641025641025641,371.85
22383,0,0.0,0.0
22384,8,0.0,203.0
22385,13,0.08974358974358974,496.15384615384613
22386,79,0.056150600454397924,331.0506329113924
22387,28,0.07142857142857142,351.89285714285717
22388,40,0.08076923076923077,428.525
22389,6,0.06666666666666667,249.0
22390,47,0.10175763182238667,435.4468085106383
22391,3,0.0,257.0
22392,49,0.05782312925170068,321.265306122449
22393,33,0.06060606060606061,371.24242424242425
22394,1,0.0,1296.0
22395,20,0.1,409.95
22396,12,0.06060606060606061,206.41666666666666
22397,4,0.16666666666666666,687.5
22398,93,0.10495558672276765,449.4301075268817
22399,0,0.0,0.0
22400,39,0.04588394062078273,311.8974358974359
22401,193,0.06600820379965458,354.95854922279796
22402,46,0.0647342995169082,359.10869565217394
22403,6,0.06666666666666667,314.8333333333333
22404,0,0.0,0.0
22405,2,0.0,533.0
22406,9,0.027777777777777776,244.55555555555554
22407,36,0.05714285714285714,337.69444444444446
22408,22,0.06493506493506493,355.1818181818182
22409,0,0.0,0.0
22410,76,0.08280701754385965,401.4868421052632
22411,0,0.0,0.0
22412,67,0.05563093622795115,349.2089552238806
22413,18,0.13071895424836602,526.1666666666666
22414,73,0.08599695585996955,404.3013698630137
22415,13,0.14102564102564102,453.0
22416,6,0.2,500.0
22417,58,0.0514216575922565,309.5
22418,277,0.06678700361010831,358.3826714801444
22419,16,0.09166666666666666,370.1875
22420,60,0.07005649717514124,357.0
22421,27,0.06552706552706553,377.4074074074074
22422,0,0.0,0.0
22423,17,0.08823529411764706,407.1764705882353
22424,5,0.0,216.2
22425,407,0.08051221844325293,394.51597051597054
22426,23,0.08300395256916997,413.30434782608694
22427,12,0.19696969696969696,486.75
22428,152,0.09532938306029975,419.39473684210526
22429,22,0.11255411255411256,413.40909090909093
22430,1,0.0,42.0
22431,495,0.0862961599803705,404.24848484848485
22432,3,0.0,320.3333333333333
22433,14,0.14285714285714285,437.5
22434,329,0.07800800652383423,384.44072948328267
22435,21,0.07142857142857142,401.7142857142857
22436,27,0.09401709401709402,426.962962962963
22437,4,0.0,403.25
22438,214,0.07932955991400115,387.55607476635515
22439,4,0.0,164.0
22440,7,0.0,368.57142857142856
22441,7,0.0,345.2857142857143
22442,8,0.21428571428571427,608.125
22443,100,0.07414141414141415,377.07
22444,24,0.06884057971014493,383.125
22445,19,0.07017543859649122,402.1578947368421
22446,235,0.08328787052191307,402.4468085106383
22447,2,0.0,53.0
22448,19,0.05263157894736842,341.36842105263156
22449,10,0.044444444444444446,300.1
22450,10,0.022222222222222223,303.9
22451,0,0.0,0.0
22452,36,0.08095238095238096,402.4166666666667
22453,5,0.1,253.6
22454,36,0.06825396825396825,364.0833333333333
22455,0,0.0,0.0
22456,55,0.0861952861952862,380.6
22457,19,0.0935672514619883,434.2105263157895
22458,988,0.0675133004360328,360.917004048583
22459,3,0.3333333333333333,396.6666666666667
22460,5,0.2,398.6
22461,34,0.11051693404634581,445.1764705882353
22462,4,0.5,437.0
22463,59,0.06019871420222092,331.864406779661
22464,135,0.10171365395245992,436.9925925925926
22465,82,0.06955736224028906,342.5
22466,0,0.0,0.0
22467,63,0.07936507936507936,388.93650793650795
22468,24,0.07608695652173914,396.3333333333333
22469,2,0.0,411.0
22470,152,0.08861972812826768,412.5921052631579
22471,7,0.047619047619047616,410.57142857142856
22472,17,0.029411764705882353,254.47058823529412
22473,0,0.0,0.0
22474,49,0.0858843537414966,411.6734693877551
22475,4,0.16666666666666666,572.0
22476,8,0.0,252.125
22477,36,0.11904761904761904,477.0833333333333
22478,1191,0.07074346111240466,366.85978169605374
22479,17,0.029411764705882353,320.2352941176471
22480,1,0.0,132.0
22481,8,0.17857142857142858,349.25
22482,0,0.0,0.0
22483,0,0.0,0.0
22484,7,0.0,529.8571428571429
22485,152,0.09193098640641338,422.67105263157896
22486,9,0.027777777777777776,81.55555555555556
22487,268,0.08804293141036391,412.28731343283584
22488,1,0.0,61.0
22489,15,0.0380952380952381,277.06666666666666
22490,220,0.08281444582814446,399.81363636363636
22491,370,0.07815132205376107,391.9675675675676
22492,0,0.0,0.0
22493,0,0.0,0.0
22494,221,0.10263266145619086,438.6787330316742
22495,6,0.0,250.16666666666666
22496,8,0.03571428571428571,334.5
22497,0,0.0,0.0
22498,0,0.0,0.0
22499,82,0.09093646492020475,411.4756097560976
22500,9,0.16666666666666666,407.55555555555554
22501,354,0.07685536403066533,385.5282485875706
22502,7,0.23809523809523808,659.4285714285714
22503,13,0.07692307692307693,485.7692307692308
22504,67,0.08095884215287201,394.4179104477612
22505,6,0.13333333333333333,504.5
22506,1,0.0,324.0
22507,24,0.11231884057971014,463.0833333333333
22508,7,0.047619047619047616,282.2857142857143
22509,16,0.03333333333333333,335.9375
22510,234,0.07160412310626903,373.991452991453
22511,0,0.0,0.0
22512,25,0.07333333333333333,389.76
22513,145,0.07480842911877394,373.58620689655174
22514,59,0.0771478667445938,394.47457627118644
22515,382,0.09146500666474282,419.59424083769636
22516,108,0.07563170647282796,404.50925925925924
22517,5,0.0,294.8
22518,25,0.09,398.76
22519,23,0.09090909090909091,434.4782608695652
22520,3,0.0,283.0
22521,0,0.0,0.0
22522,4,0.0,382.75
22523,2,0.0,200.5
22524,3,0.0,264.3333333333333
22525,13,0.01282051282051282,262.0
22526,46,0.057971014492753624,355.7173913043478
22527,141,0.059574468085106386,351.6666666666667
22528,13,0.02564102564102564,310.46153846153845
22529,0,0.0,0.0
22530,191,0.09225682006062276,430.2565445026178
22531,36,0.03968253968253968,315.30555555555554
22532,145,0.08304597701149426,400.6896551724138
22533,12,0.030303030303030304,271.5
22534,34,0.0677361853832442,377.5882352941176
22535,22,0.03896103896103896,382.6818181818182
22536,29,0.07142857142857142,395.7586206896552
22537,83,0.061122538936232734,345.9879518072289
22538,507,0.08968511978545424,414.48915187376724
22539,19,0.13450292397660818,542.6842105263158
22540,0,0.0,0.0
22541,60,0.0672316384180791,366.96666666666664
22542,83,0.07552159858947988,363.1686746987952
22543,1,0.0,16.0
22544,4,0.0,238.0
22545,31,0.03870967741935484,286.61290322580646
22546,23,0.08695652173913043,367.5217391304348
22547,42,0.08943089430894309,437.07142857142856
22548,2,0.0,280.5
22549,57,0.07832080200501253,382.8421052631579
22550,1,0.0,566.0
22551,5,0.0,69.4
22552,2,0.0,281.0
22553,267,0.07775055616569514,392.4194756554307
22554,8,0.07142857142857142,381.875
22555,156,0.08602150537634409,412.09615384615387
22556,3,0.0,466.3333333333333
22557,9,0.1111111111111111,506.3333333333333
22558,39,0.06612685560053981,343.8974358974359
22559,109,0.07237512742099898,373.72477064220186
22560,15,0.1619047619047619,477.3333333333333
22561,221,0.08589058000822707,410.57466063348414
22562,6,0.13333333333333333,493.3333333333333
22563,8,0.2857142857142857,658.75
22564,26,0.11076923076923077,455.53846153846155
22565,18,0.08496732026143791,398.8333333333333
22566,38,0.05832147937411095,353.5
22567,47,0.06938020351526364,380.48936170212767
22568,760,0.07501213508078497,379.25921052631577
22569,5,0.0,317.0
22570,258,0.07127560100141767,370.58527131782944
22571,7,0.19047619047619047,411.7142857142857
22572,4,0.0,353.75
22573,177,0.06227529532614278,347.93220338983053
22574,6,0.0,405.1666666666667
22575,12,0.030303030303030304,168.25
22576,349,0.07217666238513981,372.1805157593123
22577,0,0.0,0.0
22578,1,0.0,1.0
22579,230,0.08357698879817733,399.2782608695652
22580,102,0.0823141137643176,387.3137254901961
22581,365,0.08270359777209092,400.2246575342466
22582,2,0.0,356.0
22583,13,0.038461538461538464,415.53846153846155
22584,5,0.1,315.6
22585,6,0.06666666666666667,287.0
22586,25,0.05333333333333334,337.48
22587,37,0.15765765765765766,541.5945945945946
22588,294,0.09465765828515707,428.8333333333333
22589,2,0.0,106.5
22590,0,0.0,0.0
22591,5,0.0,338.4
22592,14,0.12087912087912088,507.07142857142856
22593,0,0.0,0.0
22594,4,0.0,335.25
22595,1,0.0,46.0
22596,0,0.0,0.0
22597,0,0.0,0.0
22598,320,0.08454153605015674,402.49375
22599,116,0.06971514242878561,387.62068965517244
22600,19,0.1111111111111111,341.4736842105263
22601,49,0.12159863945578231,442.9591836734694
22602,19,0.08771929824561403,354.42105263157896
22603,14,0.0989010989010989,445.92857142857144
22604,17,0.0661764705882353,394.70588235294116
22605,246,0.07575908412145346,386.2439024390244
22606,12,0.07575757575757576,416.4166666666667
22607,144,0.07264957264957266,374.4861111111111
22608,90,0.0818976279650437,395.5444444444444
22609,7,0.047619047619047616,323.2857142857143
22610,9,0.05555555555555555,336.22222222222223
22611,620,0.08254729271978738,396.71774193548384
22612,13,0.1282051282051282,450.6923076923077
22613,13,0.038461538461538464,241.69230769230768
22614,25,0.05333333333333334,344.28
22615,154,0.10228333757745522,449.9025974025974
22616,14,0.054945054945054944,397.42857142857144
22617,2,0.0,281.0
22618,1,0.0,880.0
22619,32,0.06048387096774194,345.0
22620,189,0.11144883485309018,467.015873015873
22621,28,0.10052910052910052,436.64285714285717
22622,0,0.0,0.0
22623,5,0.0,604.2
22624,24,0.04710144927536232,381.8333333333333
22625,2,0.0,286.5
22626,145,0.06695402298850575,363.2689655172414
22627,8,0.14285714285714285,653.375
22628,1,0.0,247.0
22629,2,0.0,151.0
22630,0,0.0,0.0
22631,24,0.05434782608695652,320.75
22632,5,0.0,671.2
22633,24,0.06884057971014493,387.7916666666667
22634,38,0.10099573257467995,439.1842105263158
22635,13,0.01282051282051282,287.15384615384613
22636,14,0.13186813186813187,528.1428571428571
22637,18,0.06535947712418301,342.3333333333333
22638,243,0.06047002006597966,338.1934156378601
22639,6,0.2,647.3333333333334
22640,22,0.1038961038961039,459.27272727272725
22641,303,0.08126243087884948,402.96699669966995
22642,95,0.07010078387458006,373.36842105263156
22643,0,0.0,0.0
22644,25,0.04,312.84
22645,2,0.0,371.5
22646,94,0.06611759322809425,360.6170212765957
22647,233,0.07677223619949682,384.73390557939916
22648,64,0.06696428571428571,349.84375
22649,8,0.07142857142857142,365.125
22650,12,0.045454545454545456,275.3333333333333
22651,0,0.0,0.0
22652,72,0.06025039123630673,351.25
22653,19,0.06432748538011696,357.0
22654,60,0.08135593220338982,416.81666666666666
22655,106,0.06990116801437556,365.6698113207547
22656,42,0.08826945412311266,429.23809523809524
22657,271,0.07713543802104687,388.0848708487085
22658,82,0.07437518819632641,367.0609756097561
22659,254,0.06678908219476518,355.15748031496065
22660,159,0.0690231669453069,374.9874213836478
22661,11,0.07272727272727272,370.45454545454544
22662,4,0.0,448.0
22663,120,0.07927170868347339,382.76666666666665
22664,11,0.16363636363636364,496.27272727272725
22665,42,0.06504065040650407,374.4047619047619
22666,1,0.0,515.0
22667,0,0.0,0.0
22668,5,0.1,513.4
22669,0,0.0,0.0
22670,37,0.052552552552552555,351.1621621621622
22671,8,0.03571428571428571,291.125
22672,1,0.0,48.0
22673,12,0.06060606060606061,260.9166666666667
22674,25,0.07333333333333333,368.72
22675,54,0.09713487071977638,438.0925925925926
22676,1,0.0,17.0
22677,6,0.06666666666666667,259.1666666666667
22678,3,0.0,48.666666666666664
22679,0,0.0,0.0
22680,23,0.10276679841897234,425.39130434782606
22681,10,0.044444444444444446,385.9
22682,48,0.08865248226950355,398.75
22683,61,0.11693989071038251,492.57377049180326
22684,0,0.0,0.0
22685,0,0.0,0.0
22686,5,0.0,214.4
22687,29,0.08374384236453201,422.9310344827586
22688,218,0.06417790555109289,341.72935779816515
22689,88,0.07915360501567398,403.3068181818182
22690,9,0.0,240.77777777777777
22691,20,0.06842105263157895,374.2
22692,121,0.08140495867768595,390.43801652892563
22693,1,0.0,215.0
22694,0,0.0,0.0
22695,11,0.10909090909090909,438.90909090909093
22696,10,0.044444444444444446,318.1
22697,6,0.0,246.66666666666666
22698,6,0.13333333333333333,484.8333333333333
22699,0,0.0,0.0
22700,0,0.0,0.0
22701,578,0.08947964954153749,414.1280276816609
22702,23,0.06324110671936758,383.5217391304348
22703,13,0.038461538461538464,287.9230769230769
22704,0,0.0,0.0
22705,19,0.03508771929824561,262.89473684210526
22706,0,0.0,0.0
22707,160,0.06863207547169811,365.9375
22708,2,0.0,221.5
22709,6,0.13333333333333333,208.83333333333334
22710,7,0.0,87.14285714285714
22711,39,0.08502024291497975,432.20512820512823
22712,24,0.06159420289855073,307.2916666666667
22713,3,0.0,228.0
22714,21,0.09047619047619047,452.6666666666667
22715,132,0.08396946564885496,395.030303030303
22716,30,0.05057471264367816,340.73333333333335
22717,144,0.09188034188034189,412.9166666666667
22718,62,0.1047065044949762,437.1290322580645
22719,13,0.1282051282051282,510.38461538461536
22720,1,0.0,358.0
22721,7,0.047619047619047616,347.42857142857144
22722,72,0.053208137715179966,338.5138888888889
22723,20,0.06842105263157895,452.0
22724,4,0.16666666666666666,307.5
22725,18,0.0915032679738562,446.8333333333333
22726,15,0.009523809523809525,237.26666666666668
22727,279,0.09270003352156984,420.4301075268817
22728,82,0.06925624811803674,360.6341463414634
22729,0,0.0,0.0
22730,0,0.0,0.0
22731,12,0.045454545454545456,291.1666666666667
22732,52,0.08974358974358974,402.75
22733,185,0.10246768507638072,446.6216216216216
22734,0,0.0,0.0
22735,1,0.0,75.0
22736,3,0.0,306.3333333333333
22737,22,0.03896103896103896,304.54545454545456
22738,0,0.0,0.0
22739,12,0.015151515151515152,138.0
22740,0,0.0,0.0
22741,58,0.0677555958862674,318.17241379310343
22742,0,0.0,0.0
22743,7,0.0,326.7142857142857
22744,47,0.056429232192414434,318.9574468085106
22745,11,0.10909090909090909,447.09090909090907
22746,0,0.0,0.0
22747,223,0.08851452349210197,414.8206278026906
22748,13,0.038461538461538464,350.6923076923077
22749,1,0.0,405.0
22750,88,0.08124346917450366,414.85227272727275
22751,0,0.0,0.0
22752,175,0.07743842364532019,392.92571428571426
22753,150,0.09038031319910514,422.54
22754,50,0.07591836734693877,378.32
22755,166,0.09799196787148594,436.7831325301205
22756,11,0.03636363636363636,212.0909090909091
22757,65,0.08701923076923077,410.3538461538462
22758,51,0.09411764705882353,421.70588235294116
22759,5,0.3,559.0
22760,123,0.0742369718779155,362.9593495934959
22761,116,0.07091454272863568,358.0603448275862
22762,262,0.08505162177181129,411.98854961832063
22763,62,0.07720782654680064,399.69354838709677
22764,0,0.0,0.0
22765,354,0.09081160672844545,419.46045197740114
22766,240,0.06311018131101813,352.6041666666667
22767,36,0.1,460.8611111111111
22768,1,0.0,47.0
22769,736,0.07587252292221236,383.2771739130435
22770,69,0.06308610400682012,357.30434782608694
22771,14,0.03296703296703297,353.07142857142856
22772,184,0.07169161320978855,373.2445652173913
22773,298,0.07646939190563351,379.6476510067114
22774,45,0.07474747474747474,396.0888888888889
22775,0,0.0,0.0
22776,64,0.05654761904761905,352.296875
22777,35,0.07058823529411765,340.8
22778,4,0.0,160.0
22779,3,0.0,118.66666666666667
22780,44,0.05496828752642706,334.52272727272725
22781,14,0.10989010989010989,412.85714285714283
22782,94,0.08075955159002517,393.8510638297872
22783,22,0.07792207792207792,436.0
22784,41,0.06829268292682927,374.609756097561
22785,25,0.04,343.64
22786,42,0.08130081300813008,422.76190476190476
22787,27,0.05982905982905983,366.55555555555554
22788,4,0.16666666666666666,589.0
22789,24,0.07608695652173914,358.875
22790,1,0.0,49.0
22791,4,0.0,99.75
22792,2,0.0,400.0
22793,53,0.06676342525399129,359.66037735849056
22794,14,0.07692307692307693,406.7857142857143
22795,29,0.059113300492610835,386.55172413793105
22796,61,0.060655737704918035,336.9672131147541
22797,0,0.0,0.0
22798,66,0.06060606060606061,350.6666666666667
22799,1,0.0,675.0
22800,1,0.0,619.0
22801,10,0.044444444444444446,315.9
22802,75,0.09405405405405405,445.46666666666664
22803,16,0.06666666666666667,297.3125
22804,96,0.0662280701754386,356.5729166666667
22805,5,0.0,64.4
22806,24,0.06884057971014493,412.75
22807,19,0.07017543859649122,421.36842105263156
22808,19,0.03508771929824561,367.42105263157896
22809,55,0.07946127946127945,394.1090909090909
22810,11,0.07272727272727272,479.45454545454544
22811,382,0.0847590386280249,404.6937172774869
22812,0,0.0,0.0
22813,20,0.12631578947368421,472.15
22814,9,0.1111111111111111,263.77777777777777
22815,65,0.06971153846153846,384.5076923076923
22816,22,0.10822510822510822,424.1818181818182
22817,11,0.09090909090909091,417.8181818181818
22818,108,0.07043959847698165,361.6574074074074
22819,33,0.06818181818181818,356.3939393939394
22820,65,0.09086538461538461,431.26153846153846
22821,128,0.06126968503937008,353.296875
22822,4,0.0,444.75
22823,3,0.0,464.0
22824,6,0.13333333333333333,492.8333333333333
22825,18,0.10457516339869281,388.55555555555554
22826,25,0.08333333333333333,413.36
22827,792,0.07950235605102862,390.6969696969697
22828,0,0.0,0.0
22829,95,0.058678611422172455,326.6842105263158
22830,5,0.1,286.6
22831,56,0.06493506493506493,361.82142857142856
22832,10,0.022222222222222223,174.5
22833,4,0.0,75.75
22834,151,0.10295805739514349,441.5165562913907
22835,3,0.0,328.6666666666667
22836,2,0.0,173.5
22837,199,0.08446271762854678,405.4472361809045
22838,0,0.0,0.0
22839,6,0.06666666666666667,552.6666666666666
22840,8,0.03571428571428571,338.125
22841,13,0.1282051282051282,502.2307692307692
22842,2,0.0,367.0
22843,0,0.0,0.0
22844,0,0.0,0.0
22845,3,0.0,560.3333333333334
22846,8,0.03571428571428571,149.75
22847,16,0.11666666666666667,410.5
22848,13,0.07692307692307693,333.0
22849,24,0.05434782608695652,405.875
22850,2,0.0,68.0
22851,83,0.09374081692624155,439.9879518072289
22852,6,0.13333333333333333,150.33333333333334
22853,0,0.0,0.0
22854,15,0.10476190476190476,431.0
22855,29,0.06157635467980296,368.9310344827586
22856,11,0.03636363636363636,369.90909090909093
22857,21,0.07142857142857142,402.57142857142856
22858,34,0.06951871657754011,345.11764705882354
22859,366,0.0961299498465454,427.6639344262295
22860,8,0.03571428571428571,184.25
22861,0,0.0,0.0
22862,143,0.0844085491972816,406.16083916083915
22863,45,0.07272727272727272,377.15555555555557
22864,58,0.047186932849364795,309.5344827586207
22865,183,0.10616705698672912,447.8087431693989
22866,49,0.08333333333333333,426.0816326530612
22867,1,0.0,407.0
22868,6,0.13333333333333333,652.5
22869,0,0.0,0.0
22870,5,0.0,363.2
22871,12,0.045454545454545456,268.4166666666667
22872,15,0.09523809523809523,390.06666666666666
22873,84,0.08118187033849684,377.67857142857144
22874,65,0.10048076923076923,434.7692307692308
22875,8,0.03571428571428571,389.5
22876,107,0.0789984129783107,415.5700934579439
22877,118,0.07156308851224105,379.27966101694915
22878,293,0.06828276216746926,364.68941979522185
22879,262,0.08572431341581117,410.1526717557252
22880,0,0.0,0.0
22881,0,0.0,0.0
22882,0,0.0,0.0
22883,29,0.08374384236453201,410.0344827586207
22884,107,0.06259918885558102,355.69158878504675
22885,3,0.0,239.0
22886,128,0.09153543307086615,432.4296875
22887,0,0.0,0.0
22888,0,0.0,0.0
22889,9,0.0,228.88888888888889
22890,17,0.07352941176470588,331.8235294117647
22891,19,0.05263157894736842,313.36842105263156
22892,50,0.0636734693877551,342.94
22893,41,0.06097560975609756,354.9268292682927
22894,0,0.0,0.0
22895,4,0.0,380.0
22896,0,0.0,0.0
22897,138,0.08938961176346133,423.04347826086956
22898,0,0.0,0.0
22899,296,0.08353183692166744,396.8716216216216
22900,7,0.23809523809523808,671.1428571428571
22901,22,0.05627705627705628,419.5
22902,39,0.07152496626180836,367.1794871794872
22903,16,0.03333333333333333,253.0625
22904,1,0.0,493.0
22905,48,0.06826241134751773,350.6875
22906,2,0.0,387.5
22907,374,0.07103840805149747,366.2085561497326
22908,35,0.05378151260504202,308.45714285714286
22909,20,0.05789473684210526,357.4
22910,46,0.09565217391304348,406.3695652173913
22911,106,0.07493261455525606,382.7169811320755
22912,64,0.06944444444444445,384.75
22913,151,0.06772626931567328,368.2450331125828
22914,3,0.3333333333333333,589.0
22915,349,0.07907650759147647,392.6074498567335
22916,825,0.07634010002942042,383.4581818181818
22917,500,0.07361923847695391,379.358
22918,2,0.0,268.5
22919,8,0.17857142857142858,514.375
22920,10,0.06666666666666667,322.2
22921,498,0.0773718616922418,386.91767068273094
22922,9,0.08333333333333333,333.44444444444446
22923,9,0.027777777777777776,229.77777777777777
22924,0,0.0,0.0
22925,11,0.10909090909090909,427.8181818181818
22926,1,0.0,475.0
22927,3,0.0,266.3333333333333
22928,204,0.09118130010624939,421.70098039215685
22929,2,0.0,669.0
22930,4,0.0,121.75
22931,3,0.0,291.6666666666667
22932,1,0.0,518.0
22933,2,1.0,1177.5
22934,20,0.11578947368421053,451.15
22935,0,0.0,0.0
22936,209,0.07246043430253957,374.2488038277512
22937,9,0.027777777777777776,364.1111111111111
22938,399,0.08061611314718958,388.43107769423557
22939,20,0.031578947368421054,357.8
22940,13,0.01282051282051282,247.15384615384616
22941,10,0.0,366.3
22942,31,0.08602150537634409,357.93548387096774
22943,6,0.0,386.8333333333333
22944,58,0.07199032062915911,394.98275862068965
22945,0,0.0,0.0
22946,122,0.11732827530144967,489.39344262295083
22947,2,0.0,78.5
22948,3,0.0,51.333333333333336
22949,185,0.09806110458284371,442.3135135135135
22950,1,0.0,136.0
22951,107,0.07758772703226945,378.32710280373834
22952,0,0.0,0.0
22953,12,0.10606060606060606,520.4166666666666
22954,148,0.08337929766501195,411.18243243243245
22955,16,0.041666666666666664,280.125
22956,2,0.0,513.5
22957,31,0.030107526881720432,257.06451612903226
22958,98,0.04249947401641069,280.98979591836735
22959,33,0.11363636363636363,435.6060606060606
22960,19,0.10526315789473684,444.6842105263158
22961,3,0.6666666666666666,503.0
22962,8,0.10714285714285714,417.625
22963,0,0.0,0.0
22964,0,0.0,0.0
22965,402,0.08921725536904009,417.82338308457713
22966,15,0.009523809523809525,239.46666666666667
22967,3,0.0,413.3333333333333
22968,4,0.0,265.0
22969,293,0.08216840431997756,401.3993174061433
22970,9,0.0,322.44444444444446
22971,172,0.07881136950904392,386.8837209302326
22972,49,0.070578231292517,383.6938775510204
22973,235,0.09583560647390435,434.4297872340426
22974,2,0.0,77.0
22975,1,0.0,462.0
22976,151,0.09668874172185431,437.2251655629139
22977,4,0.0,545.5
22978,24,0.057971014492753624,303.2916666666667
22979,40,0.0782051282051282,405.175
22980,7,0.0,193.0
22981,4,0.0,232.0
22982,0,0.0,0.0
22983,47,0.09528214616096208,437.1063829787234
22984,1,0.0,28.0
22985,6,0.0,277.1666666666667
22986,4,0.0,295.0
22987,0,0.0,0.0
22988,52,0.05580693815987934,327.11538461538464
22989,275,0.0927936297279363,422.42545454545456
22990,12,0.06060606060606061,309.0
22991,31,0.06666666666666667,324.48387096774195
22992,1,0.0,1390.0
22993,34,0.0873440285204991,410.3235294117647
22994,35,0.1226890756302521,444.85714285714283
22995,147,0.07361848849128692,373.6326530612245
22996,0,0.0,0.0
22997,47,0.07955596669750231,393.0851063829787
22998,6,0.13333333333333333,648.8333333333334
22999,9,0.19444444444444445,499.44444444444446
23000,32,0.056451612903225805,353.09375
23001,16,0.15,524.8125
23002,372,0.07823957337043155,382.7876344086022
23003,21,0.01904761904761905,242.14285714285714
23004,2,0.0,252.0
23005,34,0.08912655971479501,401.2647058823529
23006,146,0.05460557392536609,327.2054794520548
23007,3,0.0,344.0
23008,0,0.0,0.0
23009,43,0.05758582502768549,369.8139534883721
23010,1,0.0,103.0
23011,314,0.08125597769683157,403.80254777070064
23012,7,0.09523809523809523,297.2857142857143
23013,33,0.06439393939393939,323.1212121212121
23014,3,0.0,280.0
23015,2,0.0,215.5
23016,7,0.0,347.14285714285717
23017,638,0.0797970502404,392.9921630094044
23018,4,0.16666666666666666,364.0
23019,9,0.0,284.44444444444446
23020,98,0.06017252261729434,338.01020408163265
23021,3,0.0,404.0
23022,40,0.06794871794871794,356.675
23023,23,0.06324110671936758,356.69565217391306
23024,8,0.07142857142857142,363.0
23025,57,0.08395989974937343,381.7543859649123
23026,0,0.0,0.0
23027,142,0.0717211067825392,373.6056338028169
23028,4,0.16666666666666666,269.25
23029,18,0.058823529411764705,366.6666666666667
23030,515,0.07916587964187224,390.1766990291262
23031,76,0.09052631578947369,411.2368421052632
23032,5,0.0,352.2
23033,5,0.0,336.4
23034,0,0.0,0.0
23035,143,0.07869595193538856,400.86013986013984
23036,0,0.0,0.0
23037,0,0.0,0.0
23038,20,0.042105263157894736,328.75
23039,14,0.12087912087912088,449.5
23040,0,0.0,0.0
23041,0,0.0,0.0
23042,0,0.0,0.0
23043,6,0.2,240.5
23044,73,0.07115677321156773,388.1917808219178
23045,8,0.0,257.875
23046,0,0.0,0.0
23047,0,0.0,0.0
23048,0,0.0,0.0
23049,970,0.06469843498983967,351.7123711340206
23050,3,0.0,362.0
23051,9,0.16666666666666666,577.3333333333334
23052,0,0.0,0.0
23053,36,0.06190476190476191,367.3333333333333
23054,8,0.10714285714285714,510.5
23055,250,0.10274698795180723,445.492
23056,0,0.0,0.0
23057,0,0.0,0.0
23058,54,0.053109713487071976,335.22222222222223
23059,7,0.0,288.42857142857144
23060,25,0.04,310.52
23061,1,0.0,9.0
23062,62,0.09148598625066102,409.1774193548387
23063,1,0.0,8.0
23064,5,0.3,632.6
23065,56,0.05454545454545454,345.14285714285717
23066,1,0.0,62.0
23067,5,0.1,463.0
23068,7,0.14285714285714285,564.0
23069,0,0.0,0.0
23070,105,0.07710622710622711,389.16190476190474
23071,2,0.0,155.0
23072,44,0.06765327695560254,333.04545454545456
23073,1,0.0,171.0
23074,6,0.06666666666666667,354.0
23075,50,0.12,478.72
23076,6,0.26666666666666666,577.1666666666666
23077,18,0.0457516339869281,270.77777777777777
23078,121,0.07823691460055096,390.297520661157
23079,26,0.055384615384615386,378.65384615384613
23080,0,0.0,0.0
23081,8,0.07142857142857142,335.25
23082,91,0.06617826617826618,350.3076923076923
23083,8,0.07142857142857142,530.25
23084,26,0.015384615384615385,240.96153846153845
23085,444,0.07314989933500092,378.509009009009
23086,61,0.11639344262295082,459.04918032786884
23087,28,0.12169312169312169,412.17857142857144
23088,87,0.0582731889869019,343.8045977011494
23089,44,0.07293868921775898,406.20454545454544
23090,4,0.0,254.75
23091,2,0.0,534.5
23092,460,0.076375864355404,384.4782608695652
23093,0,0.0,0.0
23094,4,0.16666666666666666,471.25
23095,1,0.0,81.0
23096,4,0.0,74.5
23097,0,0.0,0.0
23098,204,0.07896261953057085,391.30392156862746
23099,18,0.058823529411764705,391.5
23100,0,0.0,0.0
23101,246,0.07801559648249544,391.1138211382114
23102,62,0.06610259122157588,371.8225806451613
23103,1,0.0,1.0
23104,10,0.15555555555555556,419.3
23105,70,0.1031055900621118,457.37142857142857
23106,35,0.06722689075630252,322.54285714285714
23107,1,0.0,35.0
23108,5,0.0,194.6
23109,153,0.08617131062951497,421.37908496732024
23110,95,0.07077267637178052,365.6736842105263
23111,53,0.08853410740203194,405.6792452830189
23112,1,0.0,104.0
23113,7,0.09523809523809523,448.85714285714283
23114,32,0.06653225806451613,377.78125
23115,5,0.0,192.4
23116,3,0.0,208.33333333333334
23117,61,0.0907103825136612,422.59016393442624
23118,6,0.06666666666666667,345.5
23119,4,0.0,352.5
23120,0,0.0,0.0
23121,17,0.13970588235294118,496.29411764705884
23122,10,0.1111111111111111,314.0
23123,1,0.0,41.0
23124,16,0.05,419.8125
23125,1,0.0,182.0
23126,251,0.07776892430278884,389.0956175298805
23127,329,0.08432797093928386,402.6534954407295
23128,15,0.09523809523809523,462.46666666666664
23129,471,0.09317432353074039,420.3312101910828
23130,85,0.09019607843137255,412.49411764705883
23131,3,0.0,337.3333333333333
23132,105,0.08974358974358974,401.57142857142856
23133,38,0.051209103840682786,325.6842105263158
23134,12,0.0,314.0
23135,43,0.07419712070874862,384.4186046511628
23136,4,0.0,366.75
23137,50,0.07265306122448979,383.76
23138,203,0.08535336292249915,400.9704433497537
23139,9,0.19444444444444445,634.0
23140,3,0.0,395.6666666666667
23141,10,0.044444444444444446,377.1
23142,0,0.0,0.0
23143,73,0.08143074581430745,385.26027397260276
23144,5,0.0,393.2
23145,0,0.0,0.0
23146,1,0.0,676.0
23147,50,0.08408163265306122,422.3
23148,51,0.08,371.98039215686276
23149,19,0.08771929824561403,381.05263157894734
23150,343,0.07699520911121341,384.0816326530612
23151,4,0.16666666666666666,522.0
23152,3,0.0,159.33333333333334
23153,41,0.08048780487804878,362.1463414634146
23154,22,0.06926406926406926,397.0
23155,8,0.10714285714285714,322.75
23156,88,0.08098223615464994,388.8068181818182
23157,116,0.07691154422788606,393.7758620689655
23158,12,0.07575757575757576,423.6666666666667
23159,14,0.06593406593406594,352.57142857142856
23160,883,0.07220540160193938,372.0181200453001
23161,909,0.08086293210818879,394.3872387238724
23162,6,0.0,317.3333333333333
23163,348,0.08209944019344795,389.93390804597703
23164,0,0.0,0.0
23165,2,0.0,596.5
23166,10,0.06666666666666667,449.4
23167,30,0.08045977011494253,372.4
23168,427,0.0845620169102044,401.76346604215456
23169,10,0.08888888888888889,291.7
23170,151,0.07991169977924945,387.6026490066225
23171,3,0.0,405.0
23172,1,0.0,436.0
23173,14,0.054945054945054944,367.57142857142856
23174,6,0.0,296.6666666666667
23175,458,0.07948171576543434,391.03930131004364
23176,20,0.02631578947368421,317.0
23177,68,0.07023705004389816,376.8970588235294
23178,0,0.0,0.0
23179,5,0.1,359.0
23180,68,0.07418788410886742,365.5
23181,2,0.0,153.5
23182,142,0.0650284686844471,360.0774647887324
23183,191,0.08757233397630201,409.4973821989529
23184,54,0.06429070580013976,369.74074074074076
23185,152,0.08321714883234577,391.125
23186,10,0.044444444444444446,321.9
23187,14,0.0,187.85714285714286
23188,1,0.0,266.0
23189,505,0.09033474776049033,415.66138613861386
23190,0,0.0,0.0
23191,11,0.03636363636363636,337.8181818181818
23192,128,0.06274606299212598,341.6875
23193,50,0.10857142857142857,442.92
23194,40,0.08846153846153847,410.15
23195,63,0.0855094726062468,388.0952380952381
23196,55,0.09898989898989899,458.8727272727273
23197,37,0.12162162162162163,519.9459459459459
23198,0,0.0,0.0
23199,18,0.0915032679738562,391.8888888888889
23200,2,0.0,646.0
23201,0,0.0,0.0
23202,670,0.07070923409856547,368.1029850746269
23203,10,0.1111111111111111,519.4
23204,59,0.0853302162478083,398.271186440678
23205,0,0.0,0.0
23206,68,0.06628621597892889,346.45588235294116
23207,65,0.05625,328.26153846153846
23208,48,0.08244680851063829,411.9375
23209,9,0.0,180.77777777777777
23210,5,0.0,265.8
23211,222,0.07830907830907831,378.6261261261261
23212,3,0.0,415.6666666666667
23213,18,0.0457516339869281,307.8888888888889
23214,4,0.16666666666666666,336.0
23215,111,0.0628992628992629,345.4594594594595
23216,2,0.0,198.0
23217,2,0.0,169.0
23218,0,0.0,0.0
23219,7,0.14285714285714285,522.8571428571429
23220,15,0.1523809523809524,534.6
23221,17,0.029411764705882353,320.05882352941177
23222,53,0.07184325108853411,361.0566037735849
23223,1,0.0,873.0
23224,4,0.0,384.25
23225,0,0.0,0.0
23226,17,0.1323529411764706,552.7647058823529
23227,0,0.0,0.0
23228,30,0.06896551724137931,424.03333333333336
23229,23,0.07509881422924901,437.4347826086956
23230,25,0.06,329.8
23231,1,0.0,361.0
23232,12,0.12121212121212122,498.5833333333333
23233,12,0.07575757575757576,407.5
23234,64,0.06696428571428571,361.203125
23235,19,0.14035087719298245,390.36842105263156
23236,33,0.17424242424242425,560.7878787878788
23237,7,0.14285714285714285,623.0
23238,0,0.0,0.0
23239,14,0.10989010989010989,411.57142857142856
23240,22,0.1038961038961039,413.72727272727275
23241,22,0.06060606060606061,405.3636363636364
23242,6,0.0,328.8333333333333
23243,19,0.08771929824561403,378.1578947368421
23244,139,0.08372432488791576,399.0863309352518
23245,233,0.09678851561343792,430.9957081545064
23246,78,0.06926406926406926,365.7307692307692
23247,17,0.125,433.8235294117647
23248,37,0.07357357357357357,399.8378378378378
23249,287,0.10808703491630321,457.57839721254356
23250,5,0.0,272.4
23251,1,0.0,7.0
23252,6,0.13333333333333333,574.5
23253,3,0.0,283.6666666666667
23254,16,0.058333333333333334,417.4375
23255,25,0.06,358.24
23256,2,0.0,1079.5
23257,0,0.0,0.0
23258,74,0.05442428730099963,307.3243243243243
23259,148,0.07299135870564442,378.52702702702703
23260,40,0.10128205128205128,381.075
23261,172,0.09077927376580987,420.0348837209302
23262,28,0.082010582010582,404.2857142857143
23263,2,0.0,36.0
23264,15,0.01904761904761905,282.06666666666666
23265,1,0.0,63.0
23266,2,0.0,410.0
23267,48,0.06294326241134751,319.0625
23268,24,0.08333333333333333,402.375
23269,28,0.0582010582010582,339.60714285714283
23270,287,0.09619648644038888,431.30662020905925
23271,377,0.08826683221400757,412.46153846153845
23272,5,0.0,209.0
23273,54,0.08176100628930817,389.1296296296296
23274,17,0.20588235294117646,593.6470588235294
23275,9,0.1111111111111111,460.0
23276,190,0.09301030353661932,421.9157894736842
23277,7,0.0,129.0
23278,2,1.0,799.0
23279,258,0.080324555847133,397.0968992248062
23280,5,0.1,466.4
23281,473,0.07562618697817752,378.2325581395349
23282,61,0.07595628415300547,395.672131147541
23283,24,0.05434782608695652,353.5833333333333
23284,1,0.0,893.0
23285,61,0.06721311475409836,377.3114754098361
23286,37,0.06306306306306306,355.2972972972973
23287,8,0.10714285714285714,392.0
23288,15,0.01904761904761905,227.26666666666668
23289,23,0.09090909090909091,453.0
23290,55,0.03973063973063973,284.92727272727274
23291,3,0.0,463.3333333333333
23292,2,1.0,829.0
23293,0,0.0,0.0
23294,35,0.05546218487394958,345.9714285714286
23295,19,0.017543859649122806,222.05263157894737
23296,64,0.0679563492063492,389.640625
23297,65,0.05384615384615385,317.5076923076923
23298,55,0.039057239057239054,286.56363636363636
23299,32,0.05443548387096774,358.0
23300,2,0.0,126.0
23301,166,0.10974808324205915,465.56626506024094
23302,3,0.0,848.3333333333334
23303,19,0.011695906432748537,205.57894736842104
23304,47,0.04717853839037928,288.8723404255319
23305,17,0.051470588235294115,364.88235294117646
23306,101,0.11287128712871287,464.15841584158414
23307,75,0.07567567567567568,386.17333333333335
23308,369,0.08309767880287498,399.3170731707317
23309,6,0.0,305.3333333333333
23310,0,0.0,0.0
23311,74,0.1114402073306183,463.2837837837838
23312,85,0.058823529411764705,319.8588235294118
23313,300,0.07357859531772576,373.97
23314,0,0.0,0.0
23315,404,0.09326093899712552,424.7772277227723
23316,5,0.1,508.2
23317,0,0.0,0.0
23318,197,0.07614213197969544,385.79695431472084
23319,1,0.0,129.0
23320,2,0.0,354.5
23321,0,0.0,0.0
23322,27,0.06552706552706553,363.3703703703704
23323,580,0.07435530939193616,378.2448275862069
23324,34,0.07130124777183601,374.55882352941177
23325,1,0.0,9.0
23326,77,0.07518796992481203,375.6623376623377
23327,328,0.08096516744983964,395.1585365853659
23328,0,0.0,0.0
23329,13,0.08974358974358974,381.9230769230769
23330,0,0.0,0.0
23331,147,0.09188332867393532,427.0204081632653
23332,1,0.0,261.0
23333,49,0.07993197278911565,413.0612244897959
23334,14,0.03296703296703297,173.92857142857142
23335,130,0.09326177698270721,412.73846153846154
23336,51,0.038431372549019606,291.52941176470586
23337,4,0.0,358.0
23338,13,0.10256410256410256,557.3076923076923
23339,3,0.0,34.333333333333336
23340,175,0.10364532019704434,448.5314285714286
23341,29,0.07881773399014778,406.3103448275862
23342,3,0.0,247.33333333333334
23343,83,0.08668821627975316,424.43373493975906
23344,9,0.0,253.44444444444446
23345,1,0.0,605.0
23346,0,0.0,0.0
23347,224,0.09276905829596413,425.3080357142857
23348,8,0.0,296.5
23349,3,0.0,305.3333333333333
23350,99,0.05813234384662956,331.4949494949495
23351,118,0.09169926119078661,407.3813559322034
23352,59,0.07597895967270601,377.6271186440678
23353,35,0.05546218487394958,330.45714285714286
23354,5,0.1,190.6
23355,14,0.02197802197802198,370.5
23356,13,0.05128205128205128,369.61538461538464
23357,1,0.0,696.0
23358,32,0.07862903225806452,380.5625
23359,3,0.0,192.33333333333334
23360,8,0.03571428571428571,407.625
23361,188,0.1058140857890545,440.67021276595744
23362,372,0.07941338434339043,392.9731182795699
23363,13,0.05128205128205128,337.9230769230769
23364,27,0.07692307692307693,358.74074074074076
23365,26,0.07076923076923076,378.34615384615387
23366,2,0.0,273.0
23367,11,0.01818181818181818,297.72727272727275
23368,1,0.0,6.0
23369,5,0.0,148.2
23370,133,0.07826384142173616,391.70676691729324
23371,0,0.0,0.0
23372,7,0.0,239.57142857142858
23373,675,0.07139685679745027,370.24888888888887
23374,15,0.01904761904761905,243.66666666666666
23375,342,0.08540412615115502,405.7865497076023
23376,26,0.13538461538461538,476.11538461538464
23377,5,0.0,385.0
23378,0,0.0,0.0
23379,20,0.06315789473684211,334.45
23380,7,0.19047619047619047,686.7142857142857
23381,1,0.0,102.0
23382,4,0.0,183.75
23383,47,0.07030527289546716,398.3829787234043
23384,261,0.08496905393457117,407.0
23385,1,0.0,499.0
23386,46,0.0782608695652174,375.5869565217391
23387,1247,0.06801170320808464,359.5597433841219
23388,1,0.0,1219.0
23389,2,0.0,665.0
23390,19,0.07017543859649122,420.42105263157896
23391,28,0.06613756613756613,403.0357142857143
23392,359,0.07847683665053454,389.73816155988857
23393,8,0.07142857142857142,428.5
23394,1,0.0,93.0
23395,2,0.0,198.0
23396,17,0.022058823529411766,317.88235294117646
23397,4,0.0,338.5
23398,0,0.0,0.0
23399,71,0.07525150905432595,376.76056338028167
23400,51,0.0996078431372549,433.54901960784315
23401,7,0.047619047619047616,222.57142857142858
23402,14,0.0,238.92857142857142
23403,6,0.13333333333333333,600.6666666666666
23404,8,0.03571428571428571,231.5
23405,9,0.1388888888888889,500.1111111111111
23406,65,0.09951923076923076,437.8
23407,17,0.058823529411764705,332.11764705882354
23408,1,0.0,382.0
23409,413,0.07600084628223512,380.20581113801455
23410,6,0.06666666666666667,559.6666666666666
23411,186,0.07166521360069747,370.994623655914
23412,238,0.08140977910151402,395.546218487395
23413,26,0.07076923076923076,412.34615384615387
23414,3,0.3333333333333333,312.0
23415,397,0.08887362287866066,410.8942065491184
23416,91,0.08253968253968254,401.6373626373626
23417,363,0.0839383285390317,400.3856749311295
23418,9,0.19444444444444445,448.0
23419,12,0.07575757575757576,373.5
23420,0,0.0,0.0
23421,58,0.09437386569872959,405.55172413793105
23422,4,0.16666666666666666,343.5
23423,3,0.0,544.3333333333334
23424,2,0.0,215.0
23425,126,0.08317460317460318,400.3888888888889
23426,207,0.08043712771445992,402.4927536231884
23427,8,0.17857142857142858,403.5
23428,27,0.07407407407407407,393.22222222222223
23429,1,0.0,1697.0
23430,5,0.0,381.4
23431,2,0.0,1236.5
23432,228,0.08841486977355283,409.640350877193
23433,46,0.09178743961352658,423.9782608695652
23434,6,0.0,408.6666666666667
23435,1390,0.06602441588845555,353.52805755395684
23436,2,0.0,413.0
23437,30,0.09885057471264368,427.2
23438,134,0.05947705083604534,348.95522388059703
23439,32,0.038306451612903226,286.8125
23440,14,0.14285714285714285,392.5
23441,1,0.0,54.0
23442,0,0.0,0.0
23443,399,0.09027594110905404,417.1979949874687
23444,9,0.027777777777777776,305.44444444444446
23445,95,0.07547592385218366,384.37894736842105
23446,4,0.0,365.25
23447,85,0.054061624649859946,315.45882352941175
23448,28,0.05555555555555555,282.17857142857144
23449,16,0.075,420.0625
23450,7,0.09523809523809523,382.42857142857144
23451,28,0.05291005291005291,265.75
23452,46,0.1072463768115942,453.19565217391306
23453,4,0.16666666666666666,368.5
23454,11,0.05454545454545454,272.45454545454544
23455,3,0.3333333333333333,679.3333333333334
23456,10,0.13333333333333333,381.4
23457,164,0.07077659733652551,369.4878048780488
23458,0,0.0,0.0
23459,16,0.09166666666666666,344.8125
23460,26,0.07692307692307693,347.7307692307692
23461,25,0.07666666666666666,359.84
23462,31,0.06236559139784946,378.1290322580645
23463,66,0.055944055944055944,328.22727272727275
23464,131,0.059541984732824425,357.12213740458014
23465,5,0.1,366.6
23466,42,0.11149825783972125,438.92857142857144
23467,1,0.0,1658.0
23468,5,0.0,300.2
23469,11,0.03636363636363636,326.3636363636364
23470,21,0.03333333333333333,345.95238095238096
23471,7,0.14285714285714285,482.42857142857144
23472,7,0.0,252.14285714285714
23473,4,0.0,353.0
23474,91,0.08693528693528693,422.5164835164835
23475,5,0.3,702.0
23476,25,0.13,539.48
23477,1,0.0,291.0
23478,150,0.07060402684563759,366.6666666666667
23479,92,0.07859531772575251,385.32608695652175
23480,3,0.0,246.66666666666666
23481,23,0.07509881422924901,368.69565217391306
23482,127,0.08136482939632546,385.8503937007874
23483,0,0.0,0.0
23484,3,0.3333333333333333,676.0
23485,34,0.06060606060606061,384.61764705882354
23486,26,0.052307692307692305,341.0769230769231
23487,1,0.0,638.0
23488,26,0.09538461538461539,439.5
23489,5,0.0,527.0
23490,1,0.0,97.0
23491,76,0.07017543859649122,354.8157894736842
23492,9,0.05555555555555555,314.55555555555554
23493,10,0.08888888888888889,367.9
23494,0,0.0,0.0
23495,11,0.03636363636363636,319.27272727272725
23496,44,0.07822410147991543,388.1363636363636
23497,49,0.055272108843537414,322.51020408163265
23498,5,0.0,203.4
23499,0,0.0,0.0
23500,7,0.047619047619047616,482.42857142857144
23501,5,0.0,413.6
23502,680,0.070410638482197,367.975
23503,28,0.06349206349206349,357.17857142857144
23504,112,0.07705920205920205,380.4642857142857
23505,6,0.06666666666666667,583.3333333333334
23506,11,0.05454545454545454,302.27272727272725
23507,0,0.0,0.0
23508,3,0.0,167.0
23509,93,0.08158017765310893,404.0537634408602
23510,126,0.08177777777777778,392.2142857142857
23511,69,0.08695652173913043,411.82608695652175
23512,191,0.09539818131716726,433.9319371727749
23513,1,0.0,339.0
23514,1,0.0,571.0
23515,0,0.0,0.0
23516,80,0.05981012658227848,343.45
23517,0,0.0,0.0
23518,197,0.10131565316481923,449.18781725888323
23519,566,0.07694424466055849,383.86925795053
23520,3,0.3333333333333333,431.6666666666667
23521,83,0.10608286805759624,458.31325301204816
23522,15,0.0761904761904762,397.8666666666667
23523,145,0.0931992337164751,432.848275862069
23524,2,0.0,341.0
23525,97,0.10481099656357389,443.7525773195876
23526,70,0.09979296066252588,424.1857142857143
23527,1,0.0,26.0
23528,2,0.0,182.0
23529,571,0.07825606046640243,387.74430823117336
23530,14,0.08791208791208792,399.7857142857143
23531,500,0.08446492985971944,403.558
23532,89,0.08529111338100102,391.4831460674157
23533,3,0.3333333333333333,486.3333333333333
23534,50,0.029387755102040815,297.96
23535,229,0.08243315712862943,399.882096069869
23536,26,0.07076923076923076,404.0
23537,8,0.03571428571428571,453.625
23538,187,0.07429130009775171,379.2032085561497
23539,4,0.0,73.5
23540,1,0.0,4.0
23541,4,0.0,301.25
23542,518,0.08600255408766047,405.47297297297297
23543,0,0.0,0.0
23544,29,0.03201970443349754,296.3103448275862
23545,16,0.06666666666666667,299.6875
23546,13,0.0,223.3846153846154
23547,6,0.0,487.0
23548,3,0.0,175.33333333333334
23549,32,0.15725806451612903,536.125
23550,672,0.08128415300546447,394.0208333333333
23551,0,0.0,0.0
23552,139,0.07600875821082265,390.75539568345323
23553,20,0.09473684210526316,469.1
23554,0,0.0,0.0
23555,121,0.08140495867768595,390.0413223140496
23556,422,0.07915029663068072,390.77725118483414
23557,342,0.08550702268868653,401.1345029239766
23558,9,0.05555555555555555,482.3333333333333
23559,2,0.0,630.5
23560,9,0.05555555555555555,325.22222222222223
23561,28,0.082010582010582,402.2857142857143
23562,3,0.0,300.6666666666667
23563,32,0.0907258064516129,372.875
23564,968,0.07214739289102362,370.06095041322317
23565,146,0.06254133207368918,355.93150684931504
23566,228,0.08598036942576706,406.109649122807
23567,58,0.08408953418027829,423.82758620689657
23568,0,0.0,0.0
23569,1,0.0,1133.0
23570,1,0.0,30.0
23571,2,0.0,91.5
23572,51,0.10666666666666667,416.6470588235294
23573,29,0.08620689655172414,332.2068965517241
23574,27,0.09401709401709402,426.22222222222223
23575,7,0.19047619047619047,428.0
23576,93,0.09280037400654512,421.752688172043
23577,13,0.05128205128205128,284.61538461538464
23578,425,0.0804661487236404,394.5741176470588
23579,2,0.0,350.0
23580,156,0.10033085194375517,441.39102564102564
23581,134,0.08382897542363371,399.4925373134328
23582,36,0.07142857142857142,414.80555555555554
23583,58,0.0647307924984876,393.6034482758621
23584,8,0.03571428571428571,405.25
23585,3,0.0,274.0
23586,6,0.0,239.33333333333334
23587,28,0.12169312169312169,476.25
23588,90,0.08039950062421973,393.02222222222224
23589,4,0.6666666666666666,570.75
23590,3,0.0,158.66666666666666
23591,38,0.10668563300142248,447.05263157894734
23592,49,0.0782312925170068,409.2857142857143
23593,43,0.0753045404208195,383.4651162790698
23594,87,0.061213579256883185,343.0689655172414
23595,33,0.12310606060606061,500.75757575757575
23596,4,0.0,243.75
23597,93,0.08391771856007481,398.494623655914
23598,2,0.0,994.5
23599,0,0.0,0.0
23600,301,0.0724031007751938,374.49169435215947
23601,7,0.0,310.85714285714283
23602,95,0.06091825307950728,360.88421052631577
23603,138,0.06114461017666349,350.59420289855075
23604,290,0.07664956449111085,385.2655172413793
23605,3,0.0,184.66666666666666
23606,251,0.07875697211155379,393.64940239043824
23607,52,0.0641025641025641,373.7307692307692
23608,5,0.0,376.4
23609,3,0.3333333333333333,620.0
23610,2,0.0,768.5
23611,19,0.04678362573099415,374.5263157894737
23612,16,0.09166666666666666,450.0
23613,8,0.17857142857142858,489.625
23614,4,0.16666666666666666,464.75
23615,10,0.1111111111111111,514.5
23616,24,0.11231884057971014,462.0416666666667
23617,15,0.08571428571428572,418.0
23618,1,0.0,450.0
23619,4,0.0,233.75
23620,201,0.08223880597014925,399.04477611940297
23621,9,0.08333333333333333,254.33333333333334
23622,2,0.0,226.5
23623,230,0.08543763052971332,397.9913043478261
23624,90,0.07365792759051186,381.03333333333336
23625,6,0.13333333333333333,387.8333333333333
23626,34,0.0677361853832442,399.44117647058823
23627,26,0.04923076923076923,391.3076923076923
23628,51,0.06980392156862746,362.98039215686276
23629,0,0.0,0.0
23630,7,0.0,284.14285714285717
23631,19,0.07017543859649122,432.05263157894734
23632,437,0.07707891587764786,386.50114416475975
23633,0,0.0,0.0
23634,45,0.07575757575757576,368.55555555555554
23635,41,0.07195121951219512,376.780487804878
23636,7,0.0,413.14285714285717
23637,13,0.05128205128205128,326.53846153846155
23638,4,0.0,398.0
23639,447,0.0837270894152346,400.29753914988817
23640,33,0.03598484848484849,298.54545454545456
23641,246,0.08143354902936785,392.0569105691057
23642,7,0.0,222.85714285714286
23643,601,0.08199112590127565,397.459234608985
23644,26,0.06153846153846154,359.5
23645,4,0.3333333333333333,622.5
23646,0,0.0,0.0
23647,32,0.11491935483870967,449.9375
23648,22,0.047619047619047616,367.8636363636364
23649,6,0.0,367.6666666666667
23650,58,0.0780399274047187,401.7586206896552
23651,0,0.0,0.0
23652,123,0.08156737305077968,405.9512195121951
23653,28,0.04497354497354497,281.89285714285717
23654,87,0.08954824913124833,410.5287356321839
23655,51,0.06745098039215686,327.72549019607845
23656,47,0.05920444033302498,379.1063829787234
23657,707,0.0809148498823982,394.2008486562942
23658,2,0.0,376.0
23659,0,0.0,0.0
23660,428,0.08688086848037821,408.6214953271028
23661,0,0.0,0.0
23662,68,0.05750658472344162,338.95588235294116
23663,8,0.17857142857142858,427.625
23664,0,0.0,0.0
23665,1,0.0,1270.0
23666,3,0.0,219.0
23667,5,0.0,275.4
23668,6,0.2,763.6666666666666
23669,419,0.0869351726028023,411.8782816229117
23670,52,0.10407239819004525,443.5192307692308
23671,19,0.06432748538011696,296.7894736842105
23672,2,0.0,443.0
23673,227,0.0683014307434408,363.86343612334804
23674,22,0.08658008658008658,408.3636363636364
23675,645,0.08548317203524483,404.8542635658915
23676,0,0.0,0.0
23677,38,0.051209103840682786,322.8421052631579
23678,45,0.07878787878787878,423.0
23679,1,0.0,19.0
23680,3,0.0,235.33333333333334
23681,1,0.0,494.0
23682,259,0.08368501391757206,399.4517374517375
23683,0,0.0,0.0
23684,37,0.06456456456456457,411.6216216216216
23685,34,0.0766488413547237,366.70588235294116
23686,40,0.06923076923076923,373.45
23687,44,0.07822410147991543,374.45454545454544
23688,116,0.08590704647676162,418.7758620689655
23689,56,0.053246753246753244,318.80357142857144
23690,0,0.0,0.0
23691,44,0.06553911205073996,399.59090909090907
23692,0,0.0,0.0
23693,119,0.07933342828656886,392.43697478991595
23694,0,0.0,0.0
23695,12,0.09090909090909091,330.75
23696,105,0.0782051282051282,400.34285714285716
23697,75,0.06702702702702702,372.70666666666665
23698,1,0.0,684.0
23699,16,0.03333333333333333,297.9375
23700,1,0.0,996.0
23701,59,0.08649912331969609,380.135593220339
23702,240,0.09159693165969317,427.7083333333333
23703,2,1.0,562.0
23704,103,0.056158385684370836,329.4660194174757
23705,0,0.0,0.0
23706,8,0.07142857142857142,407.0
23707,60,0.09548022598870057,403.6
23708,2,0.0,110.5
23709,39,0.09446693657219973,473.6923076923077
23710,2,0.0,680.5
23711,0,0.0,0.0
23712,2,0.0,204.0
23713,15,0.05714285714285714,288.4
23714,1,0.0,39.0
23715,148,0.06958999816142673,372.2837837837838
23716,2,0.0,690.0
23717,1,0.0,496.0
23718,0,0.0,0.0
23719,2,0.0,375.5
23720,0,0.0,0.0
23721,0,0.0,0.0
23722,0,0.0,0.0
23723,33,0.07386363636363637,387.42424242424244
23724,0,0.0,0.0
23725,189,0.10475064730383879,444.4708994708995
23726,13,0.14102564102564102,477.3076923076923
23727,5,0.1,763.8
23728,126,0.07885714285714286,388.43650793650795
23729,0,0.0,0.0
23730,24,0.09420289855072464,430.9166666666667
23731,20,0.05263157894736842,381.5
23732,6,0.06666666666666667,357.5
23733,2,0.0,155.0
23734,33,0.07007575757575757,362.1212121212121
23735,24,0.06884057971014493,419.1666666666667
23736,3,0.0,351.6666666666667
23737,49,0.05782312925170068,333.38775510204084
23738,5,0.0,314.8
23739,90,0.08863920099875156,404.9888888888889
23740,4,0.3333333333333333,495.0
23741,509,0.08308710919975867,400.27308447937133
23742,2,0.0,181.0
23743,106,0.08876909254267745,417.58490566037733
23744,19,0.05847953216374269,389.10526315789474
23745,0,0.0,0.0
23746,98,0.0900483904902167,416.7755102040816
23747,27,0.08547008547008547,409.0
23748,7,0.14285714285714285,536.0
23749,2,0.0,779.0
23750,9,0.2222222222222222,691.7777777777778
23751,17,0.014705882352941176,218.2941176470588
23752,2,0.0,108.5
23753,4,0.0,464.25
23754,35,0.07226890756302522,384.9428571428571
23755,10,0.06666666666666667,447.1
23756,2,0.0,414.5
23757,496,0.07510589768654284,380.4133064516129
23758,25,0.09,450.68
23759,14,0.12087912087912088,464.42857142857144
23760,81,0.1,431.0740740740741
23761,21,0.03333333333333333,302.14285714285717
23762,13,0.11538461538461539,471.15384615384613
23763,0,0.0,0.0
23764,49,0.07397959183673469,360.6938775510204
23765,1,0.0,634.0
23766,99,0.08266336837765409,416.6868686868687
23767,3,0.0,237.33333333333334
23768,0,0.0,0.0
23769,124,0.053763440860215055,320.2016129032258
23770,37,0.09309309309309309,419.4864864864865
23771,2,1.0,868.0
23772,20,0.21578947368421053,600.65
23773,253,0.08444695401217141,403.87747035573125
23774,1,0.0,304.0
23775,2,0.0,436.5
23776,1,0.0,307.0
23777,11,0.07272727272727272,310.27272727272725
23778,20,0.03684210526315789,319.7
23779,32,0.1028225806451613,494.25
23780,0,0.0,0.0
23781,64,0.07539682539682539,354.59375
23782,76,0.09859649122807018,436.0
23783,101,0.09306930693069307,417.45544554455444
23784,502,0.07259584416823724,373.2350597609562
23785,17,0.04411764705882353,374.1764705882353
23786,0,0.0,0.0
23787,56,0.08701298701298701,428.92857142857144
23788,0,0.0,0.0
23789,0,0.0,0.0
23790,43,0.06201550387596899,340.13953488372096
23791,1,0.0,645.0
23792,157,0.09807284011105667,430.05732484076435
23793,57,0.10526315789473684,464.5438596491228
23794,187,0.10620435857627508,459.1764705882353
23795,0,0.0,0.0
23796,3,0.0,249.66666666666666
23797,0,0.0,0.0
23798,60,0.06892655367231638,365.76666666666665
23799,322,0.07879104506491748,389.6925465838509
23800,0,0.0,0.0
23801,5,0.1,508.2
23802,10,0.022222222222222223,251.2
23803,0,0.0,0.0
23804,2,1.0,792.0
23805,20,0.06842105263157895,428.9
23806,4,0.16666666666666666,431.25
23807,4,0.0,240.75
23808,392,0.0783313325330132,387.78826530612247
23809,74,0.0670122176971492,368.72972972972974
23810,173,0.08112649549670654,390.4219653179191
23811,0,0.0,0.0
23812,1,0.0,32.0
23813,64,0.05803571428571429,339.71875
23814,18,0.013071895424836602,261.1111111111111
23815,827,0.06693583095935893,359.0302297460701
23816,30,0.07126436781609195,395.1
23817,40,0.0858974358974359,396.05
23818,102,0.1052222869345758,446.03921568627453
23819,0,0.0,0.0
23820,13,0.05128205128205128,307.0769230769231
23821,270,0.07123778053146083,368.9222222222222
23822,9,0.05555555555555555,298.22222222222223
23823,0,0.0,0.0
23824,27,0.05413105413105413,303.74074074074076
23825,30,0.041379310344827586,372.6333333333333
23826,10,0.08888888888888889,479.1
23827,37,0.12462462462462462,512.2702702702703
23828,6,0.06666666666666667,364.1666666666667
23829,36,0.09682539682539683,481.1388888888889
23830,585,0.07973305233579206,389.2188034188034
23831,3,0.0,429.0
23832,58,0.06896551724137931,362.8448275862069
23833,7,0.0,228.57142857142858
23834,0,0.0,0.0
23835,83,0.07904789891272407,385.4096385542169
23836,16,0.041666666666666664,380.8125
23837,0,0.0,0.0
23838,95,0.061142217245240764,356.7578947368421
23839,20,0.08421052631578947,404.7
23840,73,0.08257229832572298,413.75342465753425
23841,0,0.0,0.0
23842,7,0.14285714285714285,408.14285714285717
23843,0,0.0,0.0
23844,11,0.03636363636363636,303.54545454545456
23845,85,0.09859943977591036,424.83529411764704
23846,135,0.09563294637921503,417.9259259259259
23847,394,0.07532839927151548,383.1421319796954
23848,6,0.06666666666666667,397.6666666666667
23849,8,0.0,263.25
23850,144,0.07216394716394717,384.47222222222223
23851,7,0.09523809523809523,237.57142857142858
23852,41,0.08536585365853659,430.5121951219512
23853,0,0.0,0.0
23854,301,0.08407530454042082,404.98006644518273
23855,23,0.1067193675889328,431.2173913043478
23856,4,0.16666666666666666,165.5
23857,0,0.0,0.0
23858,1,0.0,1250.0
23859,32,0.07661290322580645,418.625
23860,7,0.0,263.85714285714283
23861,112,0.0731981981981982,379.20535714285717
23862,10,0.044444444444444446,420.2
23863,0,0.0,0.0
23864,53,0.08853410740203194,410.47169811320754
23865,0,0.0,0.0
23866,7,0.14285714285714285,479.2857142857143
23867,94,0.06634637382749943,350.6489361702128
23868,2,0.0,302.5
23869,115,0.06819221967963386,367.2
23870,0,0.0,0.0
23871,0,0.0,0.0
23872,71,0.08893360160965795,411.98591549295776
23873,146,0.08360888049126122,407.44520547945206
23874,2,0.0,275.5
23875,14,0.0989010989010989,471.7857142857143
23876,121,0.07162534435261708,376.07438016528926
23877,0,0.0,0.0
23878,5,0.1,350.4
23879,20,0.11578947368421053,458.55
23880,63,0.04608294930875576,311.968253968254
23881,2,0.0,42.5
23882,56,0.08376623376623377,411.73214285714283
23883,153,0.0608875128998968,351.22222222222223
23884,0,0.0,0.0
23885,1,0.0,117.0
23886,86,0.08290013679890561,399.74418604651163
23887,5,0.1,515.0
23888,220,0.0929431299294313,422.1409090909091
23889,3,0.0,422.3333333333333
23890,33,0.07765151515151515,379.6969696969697
23891,54,0.05241090146750524,333.18518518518516
23892,20,0.02631578947368421,305.25
23893,25,0.04,344.2
23894,37,0.0915915915915916,447.0810810810811
23895,16,0.041666666666666664,253.75
23896,12,0.015151515151515152,207.75
23897,0,0.0,0.0
23898,2,0.0,469.5
23899,19,0.1286549707602339,371.7368421052632
23900,16,0.025,211.3125
23901,0,0.0,0.0
23902,14,0.06593406593406594,321.64285714285717
23903,1,0.0,1576.0
23904,0,0.0,0.0
23905,0,0.0,0.0
23906,6,0.0,311.1666666666667
23907,0,0.0,0.0
23908,533,0.0736926744628927,377.32270168855536
23909,8,0.07142857142857142,416.625
23910,7,0.09523809523809523,362.57142857142856
23911,1,0.0,89.0
23912,41,0.08048780487804878,394.780487804878
23913,0,0.0,0.0
23914,14,0.0989010989010989,486.85714285714283
23915,23,0.05928853754940711,359.7826086956522
23916,5,0.0,556.4
23917,15,0.1619047619047619,542.6666666666666
23918,42,0.08478513356562137,418.04761904761904
23919,37,0.04954954954954955,353.2432432432432
23920,2,0.0,61.5
23921,77,0.08168147641831852,383.2857142857143
23922,34,0.024955436720142603,219.7058823529412
23923,11,0.10909090909090909,411.8181818181818
23924,33,0.05303030303030303,321.1515151515151
23925,158,0.09102636458921229,420.84177215189874
23926,319,0.09187516019005934,417.66457680250784
23927,470,0.06987252188903507,365.0531914893617
23928,2,0.0,81.0
23929,1,0.0,513.0
23930,7,0.0,349.0
23931,0,0.0,0.0
23932,4,0.0,295.75
23933,294,0.0882031993684846,418.1292517006803
23934,3,0.0,416.3333333333333
23935,8,0.21428571428571427,542.25
23936,4,0.16666666666666666,607.25
23937,1,0.0,157.0
23938,36,0.06190476190476191,336.6111111111111
23939,553,0.0744162276908562,378.3001808318264
23940,12,0.015151515151515152,270.4166666666667
23941,3,0.0,358.6666666666667
23942,151,0.07973509933774835,396.8079470198675
23943,360,0.07633859486227174,377.9861111111111
23944,7,0.09523809523809523,515.2857142857143
23945,1,0.0,691.0
23946,7,0.09523809523809523,332.85714285714283
23947,81,0.08950617283950617,433.6666666666667
23948,62,0.09624537281861449,420.6774193548387
23949,21,0.1,398.14285714285717
23950,27,0.039886039886039885,290.55555555555554
23951,4,0.0,324.5
23952,81,0.04876543209876543,297.48148148148147
23953,1,0.0,495.0
23954,1,0.0,84.0
23955,310,0.07921494936841006,391.4451612903226
23956,91,0.06422466422466422,371.6263736263736
23957,49,0.06802721088435375,382.3265306122449
23958,86,0.05581395348837209,344.72093023255815
23959,0,0.0,0.0
23960,0,0.0,0.0
23961,12,0.09090909090909091,393.0
23962,86,0.06374829001367989,355.3139534883721
23963,1,0.0,25.0
23964,29,0.03694581280788178,278.6551724137931
23965,17,0.029411764705882353,319.7647058823529
23966,7,0.0,161.14285714285714
23967,108,0.06922810661128419,363.93518518518516
23968,0,0.0,0.0
23969,1,0.0,1421.0
23970,431,0.09577510386877462,429.385150812065
23971,0,0.0,0.0
23972,8,0.03571428571428571,299.25
23973,66,0.06713286713286713,373.75757575757575
23974,17,0.0661764705882353,357.52941176470586
23975,4,0.0,445.75
23976,9,0.05555555555555555,244.44444444444446
23977,8,0.03571428571428571,343.875
23978,6,0.2,365.3333333333333
23979,8,0.03571428571428571,161.125
23980,12,0.030303030303030304,414.5
23981,413,0.07093490679141494,370.26150121065376
23982,0,0.0,0.0
23983,14,0.10989010989010989,395.7857142857143
23984,24,0.09782608695652174,460.4583333333333
23985,35,0.0907563025210084,394.85714285714283
23986,1,0.0,1421.0
23987,26,0.04923076923076923,335.03846153846155
23988,18,0.10457516339869281,410.27777777777777
23989,26,0.13230769230769232,472.5769230769231
23990,36,0.03333333333333333,255.13888888888889
23991,7,0.047619047619047616,398.2857142857143
23992,98,0.03850199873763938,286.4795918367347
23993,12,0.015151515151515152,267.8333333333333
23994,0,0.0,0.0
23995,6,0.06666666666666667,253.5
23996,1,0.0,35.0
23997,3,0.3333333333333333,408.3333333333333
23998,0,0.0,0.0
23999,4,0.0,233.25
24000,0,0.0,0.0
24001,14,0.10989010989010989,397.0
24002,42,0.08246225319396051,374.85714285714283
24003,22,0.11255411255411256,491.90909090909093
24004,75,0.06666666666666667,355.2133333333333
24005,34,0.0855614973262032,402.44117647058823
24006,40,0.057692307692307696,320.0
24007,14,0.054945054945054944,402.5
24008,15,0.0761904761904762,397.6666666666667
24009,58,0.07380520266182698,403.86206896551727
24010,12,0.16666666666666666,551.75
24011,67,0.0814111261872456,401.65671641791045
24012,7,0.09523809523809523,603.4285714285714
24013,2,0.0,282.5
24014,8,0.03571428571428571,299.125
24015,75,0.06666666666666667,359.46666666666664
24016,2,0.0,609.5
24017,10,0.08888888888888889,375.0
24018,0,0.0,0.0
24019,0,0.0,0.0
24020,27,0.09401709401709402,412.85185185185185
24021,0,0.0,0.0
24022,2,0.0,260.5
24023,135,0.06279712548369265,358.14814814814815
24024,26,0.09230769230769231,413.0769230769231
24025,22,0.03463203463203463,283.6818181818182
24026,19,0.07602339181286549,482.6842105263158
24027,1,0.0,179.0
24028,10,0.044444444444444446,380.3
24029,8,0.17857142857142858,453.625
24030,144,0.0673076923076923,358.72222222222223
24031,0,0.0,0.0
24032,0,0.0,0.0
24033,12,0.06060606060606061,346.5833333333333
24034,23,0.06324110671936758,353.0
24035,0,0.0,0.0
24036,21,0.06666666666666667,359.14285714285717
24037,0,0.0,0.0
24038,87,0.06335204490777867,373.1034482758621
24039,60,0.10677966101694915,451.1333333333333
24040,133,0.06003645477329688,355.10526315789474
24041,28,0.05555555555555555,299.5
24042,15,0.0761904761904762,378.06666666666666
24043,331,0.09085416094479538,415.0030211480362
24044,143,0.08785580616566532,407.1188811188811
24045,4,0.16666666666666666,653.75
24046,22,0.12121212121212122,438.1363636363636
24047,13,0.07692307692307693,462.6923076923077
24048,370,0.0972240533216143,432.86486486486484
24049,16,0.05,311.9375
24050,641,0.07764235569422777,385.41185647425897
24051,4,0.16666666666666666,130.5
24052,428,0.0738908708879599,377.74766355140184
24053,0,0.0,0.0
24054,11,0.0,330.72727272727275
24055,33,0.06818181818181818,348.09090909090907
24056,0,0.0,0.0
24057,2,0.0,533.5
24058,66,0.08251748251748252,389.8484848484849
24059,53,0.07692307692307693,391.54716981132077
24060,22,0.06493506493506493,414.22727272727275
24061,3,0.0,537.6666666666666
24062,57,0.06453634085213032,343.8421052631579
24063,17,0.058823529411764705,404.0
24064,4,0.0,761.0
24065,25,0.07666666666666666,338.32
24066,155,0.08797653958944282,412.23870967741937
24067,0,0.0,0.0
24068,274,0.07951659046549557,390.8795620437956
24069,0,0.0,0.0
24070,575,0.07660051507347372,384.295652173913
24071,10,0.15555555555555556,497.0
24072,2,0.0,440.5
24073,21,0.06666666666666667,349.0
24074,166,0.09857612267250822,441.84939759036143
24075,19,0.1111111111111111,385.63157894736844
24076,2,0.0,173.0
24077,33,0.041666666666666664,321.45454545454544
24078,5,0.1,291.6
24079,0,0.0,0.0
24080,766,0.07920954282496288,391.04699738903395
24081,18,0.0915032679738562,338.3888888888889
24082,7,0.14285714285714285,509.7142857142857
24083,36,0.06825396825396825,384.1111111111111
24084,1,0.0,1.0
24085,4,0.16666666666666666,339.75
24086,25,0.05,316.76
24087,272,0.09097568916865639,416.50735294117646
24088,8,0.0,284.5
24089,1,0.0,189.0
24090,25,0.07333333333333333,447.68
24091,4,0.16666666666666666,231.75
24092,0,0.0,0.0
24093,1,0.0,336.0
24094,28,0.09788359788359788,431.2142857142857
24095,1,0.0,343.0
24096,37,0.07057057057057058,398.8378378378378
24097,214,0.08055811504541266,390.01869158878503
24098,18,0.058823529411764705,309.3888888888889
24099,14,0.02197802197802198,230.42857142857142
24100,1,0.0,66.0
24101,14,0.08791208791208792,514.6428571428571
24102,11,0.10909090909090909,316.0
24103,3,0.3333333333333333,277.6666666666667
24104,40,0.08205128205128205,426.675
24105,136,0.09052287581699346,408.5147058823529
24106,27,0.042735042735042736,281.44444444444446
24107,0,0.0,0.0
24108,1,0.0,989.0
24109,2,0.0,593.5
24110,2,0.0,359.0
24111,9,0.0,275.77777777777777
24112,0,0.0,0.0
24113,15,0.12380952380952381,530.2
24114,312,0.08615714403495754,405.3044871794872
24115,17,0.08088235294117647,432.0
24116,56,0.08441558441558442,368.76785714285717
24117,52,0.05429864253393665,309.9807692307692
24118,410,0.09157373725326495,414.9219512195122
24119,34,0.06951871657754011,395.1470588235294
24120,23,0.08300395256916997,395.5652173913044
24121,0,0.0,0.0
24122,115,0.07627765064836003,380.3391304347826
24123,22,0.030303030303030304,315.04545454545456
24124,12,0.030303030303030304,209.41666666666666
24125,7,0.19047619047619047,454.42857142857144
24126,1,0.0,79.0
24127,27,0.05698005698005698,377.48148148148147
24128,44,0.06765327695560254,369.70454545454544
24129,0,0.0,0.0
24130,12,0.07575757575757576,314.8333333333333
24131,23,0.07905138339920949,437.39130434782606
24132,2,0.0,603.5
24133,1,0.0,151.0
24134,13,0.08974358974358974,391.38461538461536
24135,1,0.0,56.0
24136,13,0.01282051282051282,334.84615384615387
24137,118,0.0812690134724033,399.16101694915255
24138,23,0.08300395256916997,369.9130434782609
24139,80,0.08164556962025317,396.8125
24140,191,0.06707081840727473,358.4712041884817
24141,15,0.09523809523809523,417.0
24142,229,0.08017314027426645,390.117903930131
24143,154,0.056786350903997966,340.7792207792208
24144,27,0.09401709401709402,404.3333333333333
24145,10,0.1111111111111111,431.5
24146,2,0.0,868.0
24147,0,0.0,0.0
24148,135,0.06323935876174683,339.2518518518518
24149,3,0.0,27.0
24150,27,0.13105413105413105,444.25925925925924
24151,432,0.08551387814728882,406.125
24152,422,0.0708423861039502,366.2156398104265
24153,6,0.0,371.0
24154,0,0.0,0.0
24155,1,0.0,1321.0
24156,40,0.07307692307692308,367.1
24157,7,0.047619047619047616,321.7142857142857
24158,11,0.18181818181818182,551.0
24159,267,0.08904283179859762,409.4456928838951
24160,0,0.0,0.0
24161,140,0.10205549845837615,458.24285714285713
24162,103,0.08775937559489816,405.90291262135923
24163,22,0.12121212121212122,465.77272727272725
24164,97,0.0665807560137457,337.659793814433
24165,0,0.0,0.0
24166,3,0.0,194.66666666666666
24167,1188,0.07195799613659765,369.7348484848485
24168,421,0.08756927949327,410.13064133016627
24169,32,0.06048387096774194,344.34375
24170,7,0.09523809523809523,475.2857142857143
24171,13,0.05128205128205128,353.2307692307692
24172,1,0.0,90.0
24173,30,0.09655172413793103,441.3666666666667
24174,458,0.08981108998308697,415.028384279476
24175,31,0.0989247311827957,448.16129032258067
24176,16,0.09166666666666666,395.0
24177,0,0.0,0.0
24178,5,0.0,293.4
24179,1,0.0,47.0
24180,170,0.07142359902540898,375.78823529411767
24181,25,0.10666666666666667,429.76
24182,28,0.05026455026455026,319.64285714285717
24183,56,0.05779220779220779,359.0357142857143
24184,2,0.0,245.0
24185,380,0.07772531592834328,383.92894736842106
24186,96,0.10021929824561404,425.5
24187,5,0.0,288.6
24188,216,0.06929371231696813,365.69444444444446
24189,53,0.09361393323657474,439.50943396226415
24190,70,0.10476190476190476,424.12857142857143
24191,64,0.06547619047619048,340.390625
24192,1,0.0,141.0
24193,46,0.06763285024154589,374.7173913043478
24194,285,0.08453175191499876,403.0701754385965
24195,5,0.0,427.2
24196,4,0.0,200.75
24197,2,0.0,976.0
24198,581,0.07737551189981601,382.1153184165232
24199,230,0.06007214733244731,346.7260869565217
24200,27,0.07977207977207977,338.18518518518516
24201,93,0.08835904628330996,408.48387096774195
24202,0,0.0,0.0
24203,121,0.09297520661157024,418.9917355371901
24204,40,0.08076923076923077,455.3
24205,0,0.0,0.0
24206,17,0.15441176470588236,503.94117647058823
24207,202,0.0801930939362593,389.0693069306931
24208,156,0.07849462365591398,392.7307692307692
24209,32,0.07661290322580645,391.75
24210,135,0.09828634604754008,447.77037037037036
24211,109,0.06422018348623854,343.7798165137615
24212,15,0.02857142857142857,196.93333333333334
24213,78,0.05561105561105561,324.1666666666667
24214,126,0.07441269841269842,393.1825396825397
24215,101,0.06772277227722773,358.3762376237624
24216,0,0.0,0.0
24217,34,0.12299465240641712,493.20588235294116
24218,140,0.07194244604316546,379.3857142857143
24219,7,0.047619047619047616,300.14285714285717
24220,191,0.08988702121796638,409.83769633507853
24221,6,0.06666666666666667,425.1666666666667
24222,1,0.0,221.0
24223,1,0.0,667.0
24224,279,0.09331889327247879,430.1254480286738
24225,13,0.05128205128205128,297.53846153846155
24226,3,0.0,253.66666666666666
24227,109,0.08511722731906218,404.72477064220186
24228,280,0.07744495647721454,376.9142857142857
24229,3,0.0,407.3333333333333
24230,29,0.027093596059113302,284.2068965517241
24231,0,0.0,0.0
24232,3,0.0,203.0
24233,21,0.0761904761904762,416.3809523809524
24234,25,0.07666666666666666,395.96
24235,22,0.1038961038961039,459.0
24236,12,0.07575757575757576,354.4166666666667
24237,2,0.0,199.5
24238,0,0.0,0.0
24239,18,0.0457516339869281,271.22222222222223
24240,38,0.05405405405405406,335.2631578947368
24241,0,0.0,0.0
24242,0,0.0,0.0
24243,26,0.033846153846153845,310.96153846153845
24244,10,0.06666666666666667,310.2
24245,28,0.07936507936507936,414.14285714285717
24246,6,0.06666666666666667,459.1666666666667
24247,3,0.0,391.0
24248,12,0.0,193.08333333333334
24249,43,0.06312292358803986,369.6046511627907
24250,8,0.10714285714285714,457.875
24251,0,0.0,0.0
24252,8,0.0,216.375
24253,22,0.047619047619047616,351.54545454545456
24254,3,0.0,108.0
24255,16,0.06666666666666667,358.8125
24256,15,0.12380952380952381,469.06666666666666
24257,4,0.16666666666666666,358.0
24258,0,0.0,0.0
24259,2,0.0,337.5
24260,1,0.0,532.0
24261,59,0.05084745762711865,321.3728813559322
24262,18,0.0784313725490196,363.6111111111111
24263,1,0.0,101.0
24264,32,0.04838709677419355,291.21875
24265,495,0.07552447552447553,378.26060606060605
24266,11,0.0,373.09090909090907
24267,153,0.07997936016511868,383.37254901960785
24268,2,0.0,499.0
24269,0,0.0,0.0
24270,50,0.12163265306122449,465.32
24271,4,0.0,179.0
24272,2,0.0,187.0
24273,1,0.0,23.0
24274,36,0.15079365079365079,531.4166666666666
24275,3,0.0,340.6666666666667
24276,31,0.043010752688172046,289.80645161290323
24277,294,0.07854472847159341,385.9421768707483
24278,6,0.06666666666666667,276.0
24279,8,0.03571428571428571,348.125
24280,3,0.0,57.0
24281,40,0.07692307692307693,384.9
24282,1,0.0,95.0
24283,10,0.022222222222222223,339.6
24284,6,0.06666666666666667,259.8333333333333
24285,0,0.0,0.0
24286,5,0.0,328.6
24287,0,0.0,0.0
24288,6,0.0,242.0
24289,26,0.09230769230769231,436.4230769230769
24290,4,0.16666666666666666,519.25
24291,402,0.09319983623031973,426.8606965174129
24292,22,0.09956709956709957,348.04545454545456
24293,5,0.0,278.2
24294,53,0.06748911465892599,374.54716981132077
24295,14,0.08791208791208792,355.64285714285717
24296,74,0.0914476119955572,438.81081081081084
24297,137,0.0691283812795191,361.24817518248176
24298,1,0.0,1013.0
24299,286,0.07358606305974727,376.0979020979021
24300,22,0.08225108225108226,316.3181818181818
24301,118,0.06924525568593365,374.6779661016949
24302,6,0.0,159.66666666666666
24303,10,0.1111111111111111,480.6
24304,0,0.0,0.0
24305,78,0.06626706626706627,358.5769230769231
24306,0,0.0,0.0
24307,57,0.07142857142857142,361.6140350877193
24308,50,0.061224489795918366,345.82
24309,320,0.09574843260188087,429.4875
24310,56,0.03636363636363636,270.0357142857143
24311,7,0.14285714285714285,537.1428571428571
24312,134,0.06475143081584558,346.76119402985074
24313,999,0.06948230795926187,364.0800800800801
24314,11,0.14545454545454545,493.45454545454544
24315,5,0.4,742.0
24316,5,0.1,477.0
24317,17,0.051470588235294115,395.94117647058823
24318,1,0.0,957.0
24319,160,0.07083333333333333,374.13125
24320,1,0.0,4.0
24321,2,0.0,316.0
24322,4,0.0,367.0
24323,288,0.09085849787069299,416.0451388888889
24324,66,0.08205128205128205,410.42424242424244
24325,22,0.05194805194805195,279.72727272727275
24326,0,0.0,0.0
24327,117,0.09711170055997642,427.53846153846155
24328,26,0.07384615384615385,379.9230769230769
24329,93,0.049555867227676485,320.63440860215053
24330,19,0.07017543859649122,390.8421052631579
24331,598,0.07895105404390963,388.2056856187291
24332,215,0.08454683764399043,413.74418604651163
24333,2,0.0,155.0
24334,510,0.08241457683269772,395.9901960784314
24335,0,0.0,0.0
24336,57,0.05764411027568922,365.57894736842104
24337,1,0.0,41.0
24338,10,0.0,225.0
24339,78,0.06660006660006661,368.84615384615387
24340,122,0.06706408345752608,352.88524590163934
24341,47,0.0851063829787234,382.3191489361702
24342,97,0.06808419243986254,349.77319587628864
24343,148,0.07813936385364957,381.5
24344,113,0.0986093552465234,440.8141592920354
24345,6,0.0,198.66666666666666
24346,27,0.09116809116809117,408.22222222222223
24347,471,0.08080589059041424,393.3375796178344
24348,29,0.08620689655172414,415.9310344827586
24349,305,0.0837144089732528,406.74754098360654
24350,11,0.12727272727272726,436.45454545454544
24351,146,0.06669815777042985,357.6986301369863
24352,19,0.1286549707602339,521.578947368421
24353,21,0.05238095238095238,370.14285714285717
24354,79,0.083089905874716,413.1518987341772
24355,3,0.0,819.6666666666666
24356,228,0.08698508385501198,412.44736842105266
24357,3,0.0,332.6666666666667
24358,51,0.05019607843137255,304.84313725490193
24359,30,0.13333333333333333,526.0333333333333
24360,180,0.08057107386716325,384.47222222222223
24361,1,0.0,459.0
24362,84,0.07515777395295467,374.3809523809524
24363,42,0.06387921022067364,340.1666666666667
24364,4,0.0,184.0
24365,0,0.0,0.0
24366,0,0.0,0.0
24367,50,0.08653061224489796,400.3
24368,190,0.07011974380395433,358.2842105263158
24369,678,0.08126691154363995,394.8362831858407
24370,3,0.0,338.3333333333333
24371,1,0.0,18.0
24372,1,0.0,452.0
24373,381,0.0882304185661003,415.84251968503935
24374,44,0.10465116279069768,449.22727272727275
24375,46,0.09371980676328502,437.3478260869565
24376,5,0.1,450.4
24377,42,0.03832752613240418,292.9047619047619
24378,0,0.0,0.0
24379,13,0.14102564102564102,451.3076923076923
24380,1,0.0,283.0
24381,1,0.0,1.0
24382,3,0.0,283.6666666666667
24383,1,0.0,55.0
24384,3,0.3333333333333333,319.3333333333333
24385,71,0.07002012072434607,371.61971830985914
24386,1,0.0,72.0
24387,6,0.06666666666666667,316.8333333333333
24388,64,0.07688492063492064,402.078125
24389,153,0.08247334021327829,399.2287581699346
24390,10,0.08888888888888889,357.2
24391,18,0.10457516339869281,510.27777777777777
24392,39,0.04048582995951417,275.9230769230769
24393,0,0.0,0.0
24394,9,0.1388888888888889,435.0
24395,0,0.0,0.0
24396,1,0.0,638.0
24397,64,0.07738095238095238,387.421875
24398,19,0.14619883040935672,490.57894736842104
24399,61,0.05191256830601093,339.7704918032787
24400,2,1.0,910.0
24401,41,0.12195121951219512,451.9024390243902
24402,7,0.0,187.28571428571428
24403,674,0.08548904105361088,407.3086053412463
24404,1,0.0,685.0
24405,175,0.08341543513957307,402.2628571428571
24406,60,0.0576271186440678,346.01666666666665
24407,2,0.0,442.5
24408,17,0.11764705882352941,465.52941176470586
24409,4,0.0,249.75
24410,0,0.0,0.0
24411,382,0.07520853087081392,376.5026178010471
24412,2,0.0,187.5
24413,0,0.0,0.0
24414,0,0.0,0.0
24415,127,0.09736282964629421,444.74015748031496
24416,5,0.0,244.2
24417,8,0.07142857142857142,559.625
24418,218,0.09816936540819346,430.0183486238532
24419,817,0.08167734658122736,396.9461444308445
24420,21,0.1523809523809524,466.42857142857144
24421,35,0.08907563025210084,401.0285714285714
24422,233,0.06907651324552316,371.6909871244635
24423,62,0.05446853516657853,347.6774193548387
24424,0,0.0,0.0
24425,0,0.0,0.0
24426,379,0.06635395289748852,355.80474934036937
24427,0,0.0,0.0
24428,64,0.05853174603174603,348.40625
24429,9,0.0,285.1111111111111
24430,36,0.04126984126984127,272.94444444444446
24431,31,0.1053763440860215,495.7741935483871
24432,94,0.0951727293525509,422.79787234042556
24433,440,0.07468419962725202,373.8068181818182
24434,22,0.06926406926406926,376.1363636363636
24435,0,0.0,0.0
24436,48,0.10638297872340426,446.4791666666667
24437,94,0.06131320064058568,344.6276595744681
24438,36,0.07777777777777778,415.8888888888889
24439,2,1.0,584.0
24440,11,0.05454545454545454,404.72727272727275
24441,10,0.13333333333333333,507.2
24442,0,0.0,0.0
24443,2,0.0,440.5
24444,259,0.09808147017449342,437.57528957528956
24445,288,0.08950348432055749,413.9583333333333
24446,0,0.0,0.0
24447,0,0.0,0.0
24448,140,0.07749229188078109,392.1
24449,136,0.09379084967320261,435.5
24450,1,0.0,154.0
24451,6,0.13333333333333333,330.3333333333333
24452,0,0.0,0.0
24453,11,0.12727272727272726,422.45454545454544
24454,157,0.09341825902335456,428.1210191082803
24455,5,0.0,171.4
24456,4,0.16666666666666666,580.75
24457,41,0.10609756097560975,483.1463414634146
24458,15,0.05714285714285714,313.3333333333333
24459,45,0.048484848484848485,341.8222222222222
24460,11,0.05454545454545454,313.6363636363636
24461,31,0.08172043010752689,366.258064516129
24462,418,0.0869620093398965,411.25598086124404
24463,1,0.0,522.0
24464,6,0.13333333333333333,437.3333333333333
24465,0,0.0,0.0
24466,0,0.0,0.0
24467,52,0.058069381598793365,358.1923076923077
24468,26,0.06153846153846154,371.84615384615387
24469,30,0.04827586206896552,297.5
24470,25,0.08,414.44
24471,2,0.0,271.0
24472,4,0.0,233.5
24473,5,0.0,188.4
24474,13,0.05128205128205128,393.9230769230769
24475,219,0.06694315277952327,361.94520547945206
24476,74,0.09329877823028508,417.43243243243245
24477,71,0.0869215291750503,402.80281690140845
24478,1,0.0,584.0
24479,17,0.058823529411764705,340.52941176470586
24480,168,0.09060450527516396,421.1607142857143
24481,2,0.0,544.5
24482,5,0.1,209.8
24483,17,0.051470588235294115,317.3529411764706
24484,5,0.0,280.6
24485,118,0.07112849485730842,362.83898305084745
24486,351,0.08486772486772487,405.56410256410254
24487,124,0.07762916338840808,401.91129032258067
24488,0,0.0,0.0
24489,68,0.08296751536435469,395.30882352941177
24490,45,0.07878787878787878,383.1111111111111
24491,59,0.08357685563997662,412.0508474576271
24492,133,0.06049213943950786,338.593984962406
24493,16,0.03333333333333333,322.5
24494,1,0.0,487.0
24495,0,0.0,0.0
24496,69,0.07757885763000852,371.95652173913044
24497,0,0.0,0.0
24498,49,0.05697278911564626,313.59183673469386
24499,0,0.0,0.0
24500,42,0.07897793263646923,368.6190476190476
24501,37,0.12912912912912913,448.8378378378378
24502,9,0.08333333333333333,360.3333333333333
24503,1097,0.06947115224667141,363.4831358249772
24504,19,0.10526315789473684,375.36842105263156
24505,24,0.04710144927536232,338.25
24506,0,0.0,0.0
24507,266,0.08662221591715137,410.52255639097746
24508,0,0.0,0.0
24509,10,0.13333333333333333,320.6
24510,3,0.3333333333333333,421.0
24511,32,0.0967741935483871,409.125
24512,42,0.09639953542392567,458.07142857142856
24513,1,0.0,23.0
24514,20,0.03684210526315789,311.4
24515,6,0.13333333333333333,430.0
24516,18,0.026143790849673203,206.77777777777777
24517,29,0.07389162561576355,451.55172413793105
24518,9,0.08333333333333333,335.55555555555554
24519,10,0.044444444444444446,173.5
24520,10,0.08888888888888889,424.5
24521,11,0.05454545454545454,365.54545454545456
24522,5,0.0,141.0
24523,48,0.06471631205673758,368.5208333333333
24524,118,0.0801100970592496,401.0762711864407
24525,40,0.07051282051282051,426.7
24526,5,0.0,224.2
24527,4,0.0,312.0
24528,69,0.12020460358056266,489.0289855072464
24529,3,0.3333333333333333,269.6666666666667
24530,54,0.06079664570230608,323.05555555555554
24531,404,0.08280716409109894,400.16584158415844
24532,6,0.06666666666666667,300.0
24533,2,0.0,245.5
24534,54,0.047519217330538085,324.0740740740741
24535,41,0.12439024390243902,512.3658536585366
24536,31,0.06881720430107527,368.6774193548387
24537,321,0.06345404984423676,351.0841121495327
24538,4,0.0,317.5
24539,224,0.09312940422805893,425.15625
24540,116,0.08500749625187407,397.1810344827586
24541,2,0.0,274.5
24542,5,0.2,565.4
24543,1,0.0,190.0
24544,1,0.0,863.0
24545,8,0.14285714285714285,442.125
24546,12,0.06060606060606061,401.9166666666667
24547,332,0.0672478433370946,361.6355421686747
24548,135,0.08911000552791598,414.3703703703704
24549,35,0.05378151260504202,357.3142857142857
24550,2,0.0,360.0
24551,0,0.0,0.0
24552,211,0.07957571654254118,390.62085308056874
24553,51,0.07294117647058823,398.0
24554,66,0.05268065268065268,303.40909090909093
24555,27,0.08262108262108261,453.44444444444446
24556,52,0.07164404223227752,384.4807692307692
24557,26,0.07076923076923076,353.15384615384613
24558,1,0.0,261.0
24559,17,0.08088235294117647,495.7647058823529
24560,1,0.0,386.0
24561,2,0.0,349.0
24562,19,0.07017543859649122,303.8421052631579
24563,13,0.08974358974358974,341.15384615384613
24564,32,0.04435483870967742,291.84375
24565,0,0.0,0.0
24566,23,0.09486166007905138,467.39130434782606
24567,0,0.0,0.0
24568,89,0.08682328907048008,427.07865168539325
24569,13,0.10256410256410256,513.6153846153846
24570,63,0.09575012800819252,411.1111111111111
24571,485,0.08035273068075317,391.0123711340206
24572,44,0.06871035940803383,364.27272727272725
24573,22,0.047619047619047616,326.5
24574,79,0.09737098344693282,435.0126582278481
24575,16,0.13333333333333333,441.0625
24576,0,0.0,0.0
24577,10,0.0,362.7
24578,6,0.13333333333333333,450.3333333333333
24579,25,0.08333333333333333,437.36
24580,6,0.13333333333333333,198.5
24581,3,0.0,731.6666666666666
24582,7,0.0,140.85714285714286
24583,3,0.3333333333333333,725.6666666666666
24584,5,0.1,260.2
24585,1,0.0,840.0
24586,14,0.08791208791208792,360.85714285714283
24587,27,0.05128205128205128,298.0740740740741
24588,71,0.06438631790744467,375.77464788732397
24589,5,0.1,382.2
24590,147,0.07967570589879787,380.6462585034014
24591,44,0.09090909090909091,414.34090909090907
24592,0,0.0,0.0
24593,410,0.06427336156002147,350.6512195121951
24594,140,0.07738951695786228,375.9142857142857
24595,11,0.07272727272727272,330.8181818181818
24596,66,0.06666666666666667,365.5151515151515
24597,6,0.0,304.5
24598,74,0.06960385042576823,397.0810810810811
24599,120,0.09943977591036414,446.125
24600,0,0.0,0.0
24601,7,0.0,218.0
24602,149,0.09495737348086342,435.38926174496646
24603,19,0.05263157894736842,359.63157894736844
24604,0,0.0,0.0
24605,43,0.07419712070874862,369.6046511627907
24606,6,0.0,318.3333333333333
24607,318,0.08989544273158344,418.7798742138365
24608,16,0.075,343.3125
24609,0,0.0,0.0
24610,284,0.09936296222565072,432.40140845070425
24611,14,0.03296703296703297,316.85714285714283
24612,43,0.07641196013289037,392.69767441860466
24613,1,0.0,92.0
24614,8,0.07142857142857142,329.125
24615,125,0.07019354838709678,364.44
24616,4,0.16666666666666666,142.0
24617,2,0.0,422.5
24618,29,0.046798029556650245,374.0344827586207
24619,158,0.06643553978876078,356.94303797468353
24620,747,0.06868582462109385,359.330655957162
24621,188,0.08755262259642735,414.70212765957444
24622,10,0.0,228.4
24623,0,0.0,0.0
24624,27,0.05413105413105413,345.14814814814815
24625,2,0.0,666.5
24626,324,0.09331880900508352,420.39506172839504
24627,69,0.0784313725490196,413.6376811594203
24628,0,0.0,0.0
24629,136,0.046296296296296294,300.75735294117646
24630,0,0.0,0.0
24631,2,0.0,93.5
24632,4,0.3333333333333333,550.5
24633,84,0.07028112449799197,349.54761904761904
24634,38,0.09672830725462304,445.5263157894737
24635,18,0.0718954248366013,368.72222222222223
24636,37,0.03453453453453453,302.1081081081081
24637,38,0.06401137980085349,324.39473684210526
24638,99,0.08740465883323026,427.1111111111111
24639,1,0.0,2.0
24640,2,0.0,382.0
24641,10,0.06666666666666667,396.9
24642,29,0.05665024630541872,330.0344827586207
24643,61,0.0825136612021858,398.7049180327869
24644,13,0.038461538461538464,293.15384615384613
24645,10,0.08888888888888889,458.8
24646,2,0.0,343.5
24647,1,0.0,1280.0
24648,20,0.031578947368421054,289.65
24649,149,0.06765826228913477,368.4295302013423
24650,126,0.08228571428571428,395.56349206349205
24651,48,0.0673758865248227,385.4791666666667
24652,0,0.0,0.0
24653,0,0.0,0.0
24654,0,0.0,0.0
24655,98,0.11866189774879024,499.48979591836735
24656,14,0.01098901098901099,217.64285714285714
24657,36,0.08412698412698413,405.52777777777777
24658,27,0.05698005698005698,349.25925925925924
24659,12,0.07575757575757576,317.5833333333333
24660,1,0.0,361.0
24661,179,0.09892662105329232,433.86033519553075
24662,6,0.0,434.8333333333333
24663,14,0.13186813186813187,436.35714285714283
24664,2,0.0,194.0
24665,267,0.10509419616456872,455.936329588015
24666,2,0.0,378.0
24667,17,0.03676470588235294,324.7647058823529
24668,265,0.06186392224128073,346.42641509433963
24669,54,0.06778476589797344,370.8888888888889
24670,45,0.08787878787878788,451.73333333333335
24671,494,0.07328510072184674,372.9514170040486
24672,13,0.01282051282051282,214.84615384615384
24673,8,0.03571428571428571,485.375
24674,10,0.13333333333333333,518.6
24675,6,0.06666666666666667,492.1666666666667
24676,0,0.0,0.0
24677,0,0.0,0.0
24678,114,0.07716193137711536,402.1578947368421
24679,6,0.0,526.0
24680,56,0.11168831168831168,481.14285714285717
24681,11,0.0,331.8181818181818
24682,206,0.09339332228273739,422.91747572815535
24683,24,0.08695652173913043,334.5833333333333
24684,15,0.047619047619047616,304.8
24685,12,0.030303030303030304,307.75
24686,43,0.07198228128460686,369.7674418604651
24687,20,0.05789473684210526,378.6
24688,28,0.047619047619047616,346.57142857142856
24689,25,0.13333333333333333,543.0
24690,3,0.0,300.3333333333333
24691,77,0.08646616541353383,408.038961038961
24692,0,0.0,0.0
24693,18,0.0196078431372549,277.8333333333333
24694,5,0.1,394.2
24695,3,0.0,328.0
24696,104,0.0786034353995519,384.8557692307692
24697,2,0.0,632.0
24698,13,0.11538461538461539,357.84615384615387
24699,0,0.0,0.0
24700,0,0.0,0.0
24701,9,0.027777777777777776,345.55555555555554
24702,155,0.09685798072894847,434.7806451612903
24703,339,0.08128676406416366,397.2300884955752
24704,0,0.0,0.0
24705,6,0.06666666666666667,426.3333333333333
24706,303,0.08703254431403405,408.76237623762376
24707,227,0.10023001052590542,444.6916299559471
24708,5,0.0,261.4
24709,164,0.09748615891066886,427.4878048780488
24710,79,0.07108081791626096,375.27848101265823
24711,174,0.08863198458574181,415.05172413793105
24712,97,0.07774914089347079,380.8041237113402
24713,12,0.0,303.8333333333333
24714,30,0.08735632183908046,429.5
24715,3,0.0,408.6666666666667
24716,38,0.10526315789473684,462.55263157894734
24717,72,0.07511737089201878,385.31944444444446
24718,0,0.0,0.0
24719,78,0.07592407592407592,393.64102564102564
24720,10,0.1111111111111111,411.5
24721,101,0.08257425742574258,402.4059405940594
24722,55,0.10774410774410774,451.74545454545455
24723,314,0.08613988319326021,403.8312101910828
24724,37,0.08108108108108109,391.2432432432432
24725,82,0.08792532369768143,403.5853658536585
24726,473,0.08307055577453686,403.79281183932346
24727,19,0.017543859649122806,247.42105263157896
24728,45,0.09090909090909091,386.55555555555554
24729,0,0.0,0.0
24730,0,0.0,0.0
24731,16,0.125,429.0
24732,1,0.0,49.0
24733,23,0.019762845849802372,230.7826086956522
24734,15,0.047619047619047616,313.73333333333335
24735,10,0.1111111111111111,448.0
24736,3,0.0,375.0
24737,10,0.044444444444444446,247.6
24738,1,0.0,188.0
24739,1,0.0,439.0
24740,899,0.0754438859311633,379.65406006674084
24741,26,0.036923076923076927,272.6923076923077
24742,2,0.0,348.5
24743,590,0.08223072717331875,397.73050847457625
24744,33,0.041666666666666664,309.3636363636364
24745,98,0.11150852093414686,465.2755102040816
24746,28,0.06878306878306878,395.2857142857143
24747,2,0.0,179.0
24748,29,0.05172413793103448,372.0689655172414
24749,18,0.0718954248366013,348.77777777777777
24750,56,0.08831168831168831,411.17857142857144
24751,37,0.07207207207207207,361.5405405405405
24752,16,0.05,413.375
24753,51,0.08,373.72549019607845
24754,11,0.07272727272727272,408.3636363636364
24755,39,0.08502024291497975,392.61538461538464
24756,56,0.10584415584415584,461.80357142857144
24757,168,0.07934131736526946,392.70238095238096
24758,113,0.07648546144121365,371.46902654867256
24759,22,0.03463203463203463,387.6818181818182
24760,93,0.07456755493221132,393.5698924731183
24761,0,0.0,0.0
24762,124,0.05559926567007606,323.66129032258067
24763,148,0.053134767420481704,311.35135135135135
24764,34,0.0338680926916221,249.1764705882353
24765,0,0.0,0.0
24766,84,0.0576592082616179,334.98809523809524
24767,38,0.09672830725462304,440.8157894736842
24768,14,0.13186813186813187,490.5
24769,1,0.0,92.0
24770,38,0.09815078236130868,458.94736842105266
24771,6,0.06666666666666667,508.5
24772,2,0.0,13.5
24773,63,0.07629288274449565,378.5079365079365
24774,15,0.06666666666666667,338.73333333333335
24775,41,0.1,427.6341463414634
24776,12,0.16666666666666666,600.1666666666666
24777,85,0.05994397759103642,332.21176470588233
24778,9,0.1111111111111111,476.8888888888889
24779,25,0.06333333333333334,376.16
24780,0,0.0,0.0
24781,75,0.04216216216216216,286.74666666666667
24782,1,0.0,563.0
24783,4,0.0,197.75
24784,3,0.0,695.0
24785,2,0.0,122.5
24786,8,0.03571428571428571,373.75
24787,215,0.07798304716366007,386.90232558139536
24788,17,0.03676470588235294,222.8235294117647
24789,11,0.10909090909090909,467.0
24790,13,0.038461538461538464,306.38461538461536
24791,3,0.0,647.6666666666666
24792,7,0.09523809523809523,296.7142857142857
24793,6,0.0,402.1666666666667
24794,40,0.07051282051282051,382.525
24795,4,0.16666666666666666,734.25
24796,4,0.16666666666666666,548.25
24797,1,0.0,83.0
24798,0,0.0,0.0
24799,18,0.13071895424836602,459.55555555555554
24800,1,0.0,361.0
24801,17,0.11029411764705882,389.4117647058824
24802,6,0.06666666666666667,263.0
24803,35,0.07563025210084033,441.0
24804,145,0.09243295019157088,423.02758620689656
24805,43,0.048726467331118496,330.6279069767442
24806,19,0.05847953216374269,299.8421052631579
24807,8,0.03571428571428571,400.5
24808,13,0.08974358974358974,378.0769230769231
24809,14,0.12087912087912088,447.85714285714283
24810,319,0.07748269947359082,390.8902821316614
24811,14,0.0989010989010989,339.0
24812,0,0.0,0.0
24813,15,0.06666666666666667,310.0
24814,1,0.0,412.0
24815,4,0.0,378.5
24816,1,0.0,92.0
24817,8,0.03571428571428571,314.75
24818,5,0.0,116.4
24819,11,0.07272727272727272,291.45454545454544
24820,6,0.06666666666666667,260.8333333333333
24821,45,0.06161616161616162,309.75555555555553
24822,189,0.09495665878644602,430.031746031746
24823,32,0.11895161290322581,479.0
24824,60,0.07175141242937853,383.93333333333334
24825,4,0.16666666666666666,550.5
24826,6,0.3333333333333333,727.3333333333334
24827,4,0.0,306.0
24828,37,0.05855855855855856,362.27027027027026
24829,9,0.05555555555555555,290.0
24830,55,0.0430976430976431,319.5272727272727
24831,20,0.08421052631578947,382.9
24832,1,0.0,540.0
24833,38,0.06401137980085349,379.86842105263156
24834,23,0.05533596837944664,341.9130434782609
24835,3,0.0,335.6666666666667
24836,48,0.07446808510638298,400.3541666666667
24837,11,0.09090909090909091,429.6363636363636
24838,42,0.13588850174216027,512.6190476190476
24839,11,0.2,507.3636363636364
24840,0,0.0,0.0
24841,23,0.04743083003952569,290.0
24842,23,0.05533596837944664,299.7391304347826
24843,40,0.07564102564102564,341.7
24844,0,0.0,0.0
24845,172,0.07194342445260438,374.5232558139535
24846,65,0.11971153846153847,482.61538461538464
24847,18,0.0718954248366013,414.8888888888889
24848,21,0.09047619047619047,483.6666666666667
24849,218,0.08278019701517778,401.23853211009174
24850,104,0.060492905153099324,348.4230769230769
24851,0,0.0,0.0
24852,0,0.0,0.0
24853,36,0.03968253968253968,292.52777777777777
24854,28,0.08465608465608465,393.82142857142856
24855,7,0.09523809523809523,700.0
24856,1,0.0,472.0
24857,332,0.0887780730171441,415.3343373493976
24858,28,0.06878306878306878,356.5
24859,2,1.0,513.5
24860,520,0.07696754112939085,382.73269230769233
24861,6,0.0,292.8333333333333
24862,4,0.0,208.75
24863,45,0.06868686868686869,385.84444444444443
24864,15,0.06666666666666667,303.3333333333333
24865,0,0.0,0.0
24866,5,0.0,256.8
24867,394,0.08914893891838131,416.5431472081218
24868,51,0.0596078431372549,346.94117647058823
24869,1,0.0,30.0
24870,3,0.0,305.3333333333333
24871,22,0.06493506493506493,353.72727272727275
24872,317,0.08072115960547857,390.794952681388
24873,15,0.0380952380952381,247.53333333333333
24874,1,0.0,177.0
24875,27,0.07122507122507123,419.14814814814815
24876,12,0.0,261.0833333333333
24877,9,0.08333333333333333,282.22222222222223
24878,54,0.061495457721872815,364.35185185185185
24879,3,0.0,457.0
24880,18,0.05228758169934641,325.3333333333333
24881,29,0.07881773399014778,409.8965517241379
24882,0,0.0,0.0
24883,93,0.08742402992052362,417.76344086021504
24884,18,0.11764705882352941,488.05555555555554
24885,114,0.06054960409874243,343.4122807017544
24886,161,0.08540372670807453,403.9192546583851
24887,2,0.0,593.0
24888,307,0.07551467927018798,381.7100977198697
24889,25,0.056666666666666664,373.12
24890,7,0.14285714285714285,526.8571428571429
24891,0,0.0,0.0
24892,126,0.07161904761904762,389.37301587301585
24893,18,0.0457516339869281,320.3333333333333
24894,24,0.11231884057971014,448.0
24895,69,0.08823529411764706,414.768115942029
24896,1,0.0,744.0
24897,23,0.039525691699604744,347.7826086956522
24898,7,0.09523809523809523,492.2857142857143
24899,253,0.08752117447769622,406.399209486166
24900,302,0.08186838573408727,397.02649006622516
24901,32,0.13911290322580644,487.65625
24902,7,0.0,408.57142857142856
24903,16,0.03333333333333333,324.4375
24904,199,0.09654332267397595,430.04522613065325
24905,82,0.0993676603432701,452.3170731707317
24906,20,0.12631578947368421,437.45
24907,40,0.06923076923076923,335.075
24908,30,0.08275862068965517,394.1333333333333
24909,0,0.0,0.0
24910,0,0.0,0.0
24911,216,0.06537467700258398,351.8287037037037
24912,19,0.1111111111111111,438.2105263157895
24913,252,0.09438436729273382,430.38492063492066
24914,38,0.05689900426742532,330.8421052631579
24915,39,0.044534412955465584,264.3333333333333
24916,9,0.027777777777777776,398.3333333333333
24917,151,0.08538631346578367,404.0132450331126
24918,616,0.07935276106007813,392.7288961038961
24919,1,0.0,462.0
24920,10,0.022222222222222223,207.6
24921,5,0.0,373.6
24922,0,0.0,0.0
24923,233,0.057495930146514725,339.50214592274676
24924,68,0.05267778753292362,329.9264705882353
24925,59,0.08883693746347165,399.8135593220339
24926,4,0.0,110.0
24927,0,0.0,0.0
24928,37,0.0945945945945946,410.02702702702703
24929,370,0.08953343587489929,414.47837837837835
24930,0,0.0,0.0
24931,86,0.1039671682626539,449.9186046511628
24932,113,0.06463337547408343,355.78761061946904
24933,2,0.0,264.5
24934,12,0.015151515151515152,233.41666666666666
24935,208,0.09285581568190264,431.89903846153845
24936,78,0.05860805860805861,332.55128205128204
24937,357,0.07111383879394455,370.1708683473389
24938,31,0.06451612903225806,346.06451612903226
24939,71,0.10945674044265594,436.1830985915493
24940,43,0.046511627906976744,320.86046511627904
24941,189,0.0812225599459642,391.2645502645503
24942,43,0.05537098560354374,357.86046511627904
24943,22,0.0735930735930736,469.09090909090907
24944,6,0.0,376.1666666666667
24945,6,0.06666666666666667,203.16666666666666
24946,46,0.0463768115942029,317.9130434782609
24947,15,0.06666666666666667,441.06666666666666
24948,4,0.16666666666666666,371.25
24949,8,0.0,325.0
24950,388,0.07553477716508165,381.0798969072165
24951,223,0.0901708883771664,414.45739910313904
24952,8,0.14285714285714285,417.25
24953,0,0.0,0.0
24954,0,0.0,0.0
24955,1,0.0,239.0
24956,0,0.0,0.0
24957,13,0.1282051282051282,520.3076923076923
24958,2,0.0,495.5
24959,0,0.0,0.0
24960,113,0.08991782553729456,422.5221238938053
24961,8,0.03571428571428571,379.75
24962,38,0.03982930298719772,304.07894736842104
24963,3,0.0,351.0
24964,7,0.047619047619047616,436.0
24965,63,0.049667178699436765,315.1904761904762
24966,59,0.10461718293395675,445.6949152542373
24967,16,0.09166666666666666,403.125
24968,17,0.11029411764705882,472.29411764705884
24969,23,0.039525691699604744,292.4782608695652
24970,158,0.09916955575264048,431.95569620253167
24971,3,0.3333333333333333,755.0
24972,10,0.13333333333333333,573.4
24973,0,0.0,0.0
24974,85,0.1030812324929972,429.5764705882353
24975,2,0.0,737.5
24976,80,0.0689873417721519,372.8
24977,9,0.05555555555555555,334.0
24978,12,0.12121212121212122,511.75
24979,0,0.0,0.0
24980,1,0.0,5.0
24981,107,0.05378240169282313,318.85046728971963
24982,415,0.07914556777835982,391.69879518072287
24983,662,0.0892815518005768,416.01359516616316
24984,0,0.0,0.0
24985,24,0.11231884057971014,358.7083333333333
24986,29,0.04187192118226601,290.55172413793105
24987,1,0.0,99.0
24988,2,0.0,198.0
24989,375,0.08720142602495544,413.24
24990,2,0.0,301.5
24991,3,0.0,467.3333333333333
24992,846,0.07669366458237162,383.82505910165486
24993,1,0.0,4.0
24994,0,0.0,0.0
24995,45,0.09696969696969697,478.75555555555553
24996,7,0.09523809523809523,503.7142857142857
24997,3,0.0,826.3333333333334
24998,26,0.09846153846153846,425.7307692307692
24999,5,0.0,387.0
25000,5,0.1,569.8
25001,0,0.0,0.0
25002,3,0.0,186.0
25003,143,0.11454742440657933,471.3006993006993
25004,4,0.3333333333333333,662.75
25005,9,0.05555555555555555,380.77777777777777
25006,15,0.14285714285714285,518.6666666666666
25007,44,0.06342494714587738,372.09090909090907
25008,20,0.08947368421052632,353.6
25009,68,0.09262510974539069,412.54411764705884
25010,106,0.07277628032345014,364.1320754716981
25011,3,0.0,275.3333333333333
25012,2,0.0,351.0
25013,2,0.0,654.5
25014,659,0.07331270092384612,375.70561456752654
25015,14,0.06593406593406594,457.2857142857143
25016,2,0.0,98.5
25017,1,0.0,16.0
25018,1,0.0,6.0
25019,9,0.19444444444444445,631.8888888888889
25020,24,0.10869565217391304,484.0416666666667
25021,625,0.07622564102564103,380.6288
25022,74,0.07108478341355054,383.7162162162162
25023,22,0.06926406926406926,422.90909090909093
25024,2,0.0,30.5
25025,401,0.0988279301745636,436.6832917705736
25026,15,0.047619047619047616,360.73333333333335
25027,13,0.11538461538461539,291.15384615384613
25028,10,0.08888888888888889,463.5
25029,696,0.07442735466798975,375.5215517241379
25030,60,0.08361581920903954,397.1666666666667
25031,0,0.0,0.0
25032,0,0.0,0.0
25033,210,0.06056049213943951,346.4142857142857
25034,16,0.05,387.6875
25035,11,0.14545454545454545,526.6363636363636
25036,188,0.06974627375128001,365.21276595744683
25037,21,0.03333333333333333,297.95238095238096
25038,0,0.0,0.0
25039,116,0.0679160419790105,369.08620689655174
25040,19,0.14035087719298245,564.2105263157895
25041,50,0.0653061224489796,353.48
25042,84,0.07687894434882386,389.04761904761904
25043,42,0.0545876887340302,362.5952380952381
25044,36,0.09523809523809523,420.0
25045,99,0.0847247990105133,397.92929292929296
25046,14,0.08791208791208792,437.5
25047,0,0.0,0.0
25048,82,0.050888286660644384,322.0975609756098
25049,1,0.0,214.0
25050,50,0.05795918367346939,362.0
25051,17,0.058823529411764705,346.11764705882354
25052,31,0.08387096774193549,392.83870967741933
25053,6,0.06666666666666667,581.3333333333334
25054,1,0.0,160.0
25055,20,0.08421052631578947,343.3
25056,44,0.07928118393234672,413.3863636363636
25057,136,0.06612200435729848,370.2132352941176
25058,34,0.06060606060606061,351.9117647058824
25059,52,0.08672699849170437,406.25
25060,91,0.0713064713064713,373.45054945054943
25061,1210,0.06806663522206044,359.8181818181818
25062,5,0.0,604.2
25063,15,0.0761904761904762,315.6
25064,15,0.009523809523809525,284.8
25065,15,0.09523809523809523,404.8
25066,1,0.0,685.0
25067,8,0.03571428571428571,522.0
25068,26,0.10153846153846154,463.7692307692308
25069,71,0.04748490945674044,301.59154929577466
25070,11,0.03636363636363636,264.27272727272725
25071,71,0.07887323943661972,396.46478873239437
25072,177,0.07890344119157679,385.6553672316384
25073,8,0.07142857142857142,265.625
25074,0,0.0,0.0
25075,0,0.0,0.0
25076,6,0.0,109.5
25077,116,0.09145427286356822,414.7931034482759
25078,65,0.07211538461538461,371.83076923076925
25079,115,0.06605644546147979,369.5913043478261
25080,92,0.10057333970377448,450.1847826086956
25081,1,0.0,150.0
25082,91,0.09133089133089133,399.4175824175824
25083,252,0.05849617403402264,338.4087301587302
25084,0,0.0,0.0
25085,1,0.0,775.0
25086,1,0.0,22.0
25087,3,0.0,224.66666666666666
25088,1,0.0,22.0
25089,11,0.01818181818181818,256.1818181818182
25090,74,0.08293224731580896,406.52702702702703
25091,76,0.08280701754385965,413.2105263157895
25092,14,0.0989010989010989,452.07142857142856
25093,0,0.0,0.0
25094,2,1.0,643.0
25095,19,0.08187134502923976,359.1578947368421
25096,268,0.09762982838615909,440.4664179104478
25097,19,0.03508771929824561,267.7894736842105
25098,0,0.0,0.0
25099,2,0.0,475.5
25100,160,0.0699685534591195,361.53125
25101,66,0.05454545454545454,309.030303030303
25102,2,0.0,363.0
25103,8,0.0,425.25
25104,93,0.08695652173913043,417.0860215053763
25105,14,0.07692307692307693,363.7857142857143
25106,3,0.0,461.6666666666667
25107,13,0.07692307692307693,378.53846153846155
25108,9,0.027777777777777776,257.44444444444446
25109,79,0.0834144758195391,395.50632911392404
25110,5,0.1,443.8
25111,19,0.12280701754385964,509.7368421052632
25112,191,0.08040782584734087,398.5811518324607
25113,117,0.09239610963748895,418.05128205128204
25114,9,0.027777777777777776,239.33333333333334
25115,0,0.0,0.0
25116,704,0.07408993922151817,375.72017045454544
25117,1,0.0,9.0
25118,30,0.041379310344827586,273.0
25119,15,0.02857142857142857,299.6666666666667
25120,82,0.04034929238181271,286.2073170731707
25121,9,0.05555555555555555,395.22222222222223
25122,368,0.08476483828930222,404.3070652173913
25123,1,0.0,340.0
25124,258,0.10062437788435435,443.3643410852713
25125,251,0.0810199203187251,390.35059760956176
25126,4,0.0,406.75
25127,12,0.07575757575757576,410.6666666666667
25128,17,0.029411764705882353,258.7647058823529
25129,6,0.06666666666666667,278.5
25130,244,0.07872900222626998,387.5860655737705
25131,5,0.1,295.6
25132,10,0.06666666666666667,360.1
25133,4,0.0,209.75
25134,15,0.02857142857142857,291.53333333333336
25135,662,0.07000287946030687,365.6691842900302
25136,129,0.07340116279069768,364.2015503875969
25137,21,0.05238095238095238,235.85714285714286
25138,1,0.0,809.0
25139,11,0.05454545454545454,468.09090909090907
25140,45,0.06767676767676768,351.35555555555555
25141,47,0.05180388529139685,335.0425531914894
25142,197,0.08536206360716876,406.1928934010152
25143,6,0.06666666666666667,423.6666666666667
25144,6,0.0,302.8333333333333
25145,7,0.09523809523809523,481.57142857142856
25146,0,0.0,0.0
25147,19,0.12280701754385964,500.0
25148,35,0.06218487394957983,352.42857142857144
25149,7,0.047619047619047616,377.85714285714283
25150,31,0.12688172043010754,540.2258064516129
25151,1,0.0,1188.0
25152,64,0.08630952380952381,413.96875
25153,4,0.3333333333333333,514.75
25154,21,0.07142857142857142,348.9047619047619
25155,14,0.01098901098901099,158.71428571428572
25156,1,0.0,24.0
25157,29,0.08374384236453201,427.51724137931035
25158,25,0.10333333333333333,410.96
25159,162,0.08059197914270377,391.9691358024691
25160,7,0.047619047619047616,344.85714285714283
25161,4,0.0,640.0
25162,8,0.10714285714285714,448.375
25163,21,0.05238095238095238,369.0952380952381
25164,113,0.07711757269279393,379.3628318584071
25165,800,0.07796620775969962,387.18625
25166,0,0.0,0.0
25167,47,0.0851063829787234,400.531914893617
25168,146,0.07831837505904582,386.13013698630135
25169,38,0.051209103840682786,317.7894736842105
25170,79,0.059720869847452125,337.4177215189873
25171,8,0.07142857142857142,322.875
25172,16,0.06666666666666667,280.8125
25173,364,0.07385039203221021,375.3379120879121
25174,3,0.0,154.66666666666666
25175,133,0.06971975393028025,356.9624060150376
25176,5,0.1,373.4
25177,37,0.057057057057057055,313.1081081081081
25178,12,0.0,372.0833333333333
25179,20,0.12105263157894737,469.4
25180,9,0.0,230.0
25181,4,0.0,426.5
25182,11,0.10909090909090909,483.90909090909093
25183,169,0.10460693153000845,453.44970414201185
25184,9,0.027777777777777776,447.1111111111111
25185,5,0.0,370.0
25186,220,0.06733084267330842,352.7090909090909
25187,4,0.0,477.75
25188,190,0.09033695349484823,412.1578947368421
25189,1,0.0,259.0
25190,32,0.07459677419354839,356.3125
25191,1,0.0,26.0
25192,1,0.0,809.0
25193,27,0.02564102564102564,314.14814814814815
25194,0,0.0,0.0
25195,110,0.06371976647206005,333.3
25196,409,0.08225466225610048,400.2249388753056
25197,14,0.01098901098901099,232.5
25198,97,0.08397766323024054,411.0412371134021
25199,25,0.07333333333333333,430.6
25200,342,0.07826996621563684,394.17836257309943
25201,1,0.0,1055.0
25202,10,0.15555555555555556,417.4
25203,16,0.075,409.625
25204,77,0.10833902939166097,462.53246753246754
25205,1,0.0,357.0
25206,58,0.06412583182093164,363.17241379310343
25207,13,0.10256410256410256,496.6923076923077
25208,18,0.026143790849673203,235.61111111111111
25209,0,0.0,0.0
25210,2,0.0,874.5
25211,11,0.10909090909090909,559.0909090909091
25212,71,0.06599597585513078,358.9577464788732
25213,4,0.0,601.75
25214,2,0.0,642.0
25215,0,0.0,0.0
25216,4,0.0,278.5
25217,131,0.09359953024075161,430.0610687022901
25218,0,0.0,0.0
25219,46,0.08888888888888889,397.32608695652175
25220,14,0.02197802197802198,291.14285714285717
25221,0,0.0,0.0
25222,164,0.11559180008978004,459.9085365853659
25223,12,0.015151515151515152,253.41666666666666
25224,29,0.11576354679802955,484.58620689655174
25225,1,0.0,55.0
25226,19,0.15204678362573099,452.10526315789474
25227,121,0.0721763085399449,369.4297520661157
25228,92,0.06497849976110846,346.07608695652175
25229,9,0.05555555555555555,337.22222222222223
25230,53,0.04934687953555878,295.62264150943395
25231,5,0.0,126.6
25232,5,0.1,270.4
25233,14,0.04395604395604396,331.2857142857143
25234,4,0.0,366.0
25235,0,0.0,0.0
25236,203,0.07545237282348924,381.4778325123153
25237,32,0.06048387096774194,378.9375
25238,7,0.09523809523809523,374.85714285714283
25239,502,0.08112857949439765,393.8406374501992
25240,25,0.09666666666666666,455.12
25241,3,0.0,239.66666666666666
25242,1,0.0,95.0
25243,5,0.0,306.0
25244,0,0.0,0.0
25245,14,0.06593406593406594,335.92857142857144
25246,2,0.0,593.5
25247,71,0.10824949698189135,472.85915492957747
25248,2,0.0,268.0
25249,16,0.15,538.4375
25250,44,0.080338266384778,404.3863636363636
25251,77,0.07928913192071087,389.1038961038961
25252,494,0.07982196089380887,390.55668016194335
25253,1,0.0,247.0
25254,3,0.0,694.0
25255,56,0.08506493506493507,431.73214285714283
25256,5,0.0,472.8
25257,0,0.0,0.0
25258,2,0.0,126.0
25259,35,0.047058823529411764,311.8
25260,43,0.07087486157253599,373.69767441860466
25261,0,0.0,0.0
25262,102,0.0594059405940594,355.2843137254902
25263,278,0.08279874295509441,399.8453237410072
25264,155,0.10414746543778802,434.56129032258065
25265,73,0.07534246575342465,384.6027397260274
25266,54,0.07127882599580712,380.85185185185185
25267,0,0.0,0.0
25268,10,0.022222222222222223,306.9
25269,5,0.1,600.0
25270,6,0.0,158.83333333333334
25271,19,0.12280701754385964,377.1578947368421
25272,8,0.07142857142857142,484.375
25273,0,0.0,0.0
25274,316,0.08203737191078964,391.0854430379747
25275,9,0.16666666666666666,561.2222222222222
25276,0,0.0,0.0
25277,44,0.03699788583509514,274.6818181818182
25278,191,0.09523284651419124,438.1256544502618
25279,2,0.0,589.5
25280,54,0.07966457023060797,399.2037037037037
25281,83,0.06817513958272113,358.7590361445783
25282,0,0.0,0.0
25283,1,0.0,1107.0
25284,34,0.06060606060606061,339.47058823529414
25285,127,0.09648793900762405,433.40157480314963
25286,2,0.0,889.0
25287,81,0.07222222222222222,375.12345679012344
25288,2,0.0,563.0
25289,41,0.11097560975609756,483.6341463414634
25290,1,0.0,69.0
25291,71,0.07645875251509054,373.22535211267603
25292,5,0.0,209.8
25293,159,0.0920308892604092,427.45283018867923
25294,478,0.07814706630527267,384.0355648535565
25295,4,0.0,317.25
25296,7,0.14285714285714285,451.42857142857144
25297,7,0.14285714285714285,526.1428571428571
25298,407,0.0831386693455659,396.1449631449631
25299,6,0.0,248.0
25300,0,0.0,0.0
25301,12,0.045454545454545456,430.0
25302,60,0.04971751412429379,316.7
25303,108,0.08463136033229492,409.18518518518516
25304,22,0.03463203463203463,312.8181818181818
25305,45,0.07373737373737374,403.0
25306,1,0.0,382.0
25307,3,0.0,187.0
25308,45,0.09595959595959595,418.06666666666666
25309,19,0.08187134502923976,461.36842105263156
25310,5,0.0,485.8
25311,7,0.0,287.42857142857144
25312,97,0.06980240549828179,350.1958762886598
25313,1,0.0,501.0
25314,135,0.07573244886677723,377.9185185185185
25315,23,0.09090909090909091,475.7826086956522
25316,5,0.0,306.4
25317,0,0.0,0.0
25318,71,0.07283702213279677,381.53521126760563
25319,92,0.07118967988533206,383.4891304347826
25320,1,0.0,523.0
25321,37,0.06306306306306306,359.27027027027026
25322,143,0.0734758199546932,386.8251748251748
25323,0,0.0,0.0
25324,5,0.2,310.6
25325,8,0.14285714285714285,410.25
25326,1,0.0,7.0
25327,5,0.1,293.6
25328,45,0.06565656565656566,391.22222222222223
25329,9,0.08333333333333333,433.1111111111111
25330,1096,0.07292770722927708,373.4689781021898
25331,124,0.07461316548649358,374.4758064516129
25332,241,0.0867911479944675,408.53941908713693
25333,186,0.0968904388259227,430.4731182795699
25334,26,0.04923076923076923,331.6923076923077
25335,44,0.05391120507399577,338.1136363636364
25336,4,0.0,245.0
25337,317,0.09649403026793915,431.54574132492115
25338,18,0.11764705882352941,445.22222222222223
25339,8,0.14285714285714285,474.125
25340,32,0.11693548387096774,467.71875
25341,6,0.06666666666666667,419.5
25342,20,0.07894736842105263,352.9
25343,7,0.09523809523809523,476.7142857142857
25344,2,1.0,731.0
25345,1,0.0,913.0
25346,68,0.07989464442493416,405.6764705882353
25347,27,0.045584045584045586,356.9259259259259
25348,45,0.03939393939393939,281.8666666666667
25349,80,0.07848101265822785,389.575
25350,10,0.022222222222222223,287.4
25351,410,0.08174607907448268,398.8243902439024
25352,3,0.0,388.0
25353,1,0.0,187.0
25354,8,0.2857142857142857,444.25
25355,21,0.05238095238095238,369.0952380952381
25356,23,0.08300395256916997,390.6521739130435
25357,7,0.09523809523809523,301.57142857142856
25358,0,0.0,0.0
25359,2,0.0,369.0
25360,4,0.0,248.25
25361,41,0.08780487804878048,410.9268292682927
25362,14,0.06593406593406594,452.2142857142857
25363,5,0.1,427.2
25364,8,0.03571428571428571,380.625
25365,64,0.12946428571428573,499.9375
25366,11,0.07272727272727272,422.6363636363636
25367,10,0.2,571.9
25368,4,0.0,210.75
25369,12,0.030303030303030304,265.0
25370,5,0.2,506.8
25371,29,0.11822660098522167,499.82758620689657
25372,33,0.06060606060606061,339.72727272727275
25373,16,0.05,304.5625
25374,42,0.0627177700348432,349.0952380952381
25375,1,0.0,30.0
25376,1,0.0,362.0
25377,14,0.06593406593406594,411.7857142857143
25378,242,0.09999657076231953,443.1363636363636
25379,12,0.13636363636363635,405.1666666666667
25380,52,0.049019607843137254,324.4230769230769
25381,55,0.06397306397306397,363.4727272727273
25382,15,0.05714285714285714,301.53333333333336
25383,251,0.09561752988047809,427.37051792828686
25384,11,0.01818181818181818,260.90909090909093
25385,3,0.0,345.0
25386,0,0.0,0.0
25387,88,0.1152037617554859,476.2613636363636
25388,0,0.0,0.0
25389,269,0.07656882871885924,377.6914498141264
25390,5,0.0,300.8
25391,12,0.015151515151515152,308.5
25392,184,0.10079591351865051,442.41847826086956
25393,4,0.0,234.75
25394,97,0.07753436426116839,418.74226804123714
25395,53,0.05660377358490566,353.50943396226415
25396,135,0.08026533996683251,402.7851851851852
25397,66,0.09463869463869463,443.9848484848485
25398,1,0.0,319.0
25399,197,0.093338858385994,423.5837563451777
25400,81,0.0808641975308642,392.60493827160496
25401,104,0.060492905153099324,345.75
25402,4,0.0,293.75
25403,1,0.0,36.0
25404,6,0.0,352.8333333333333
25405,1,0.0,980.0
25406,9,0.0,283.77777777777777
25407,7,0.047619047619047616,365.57142857142856
25408,40,0.08076923076923077,356.125
25409,0,0.0,0.0
25410,6,0.2,386.0
25411,485,0.08318139217858056,398.9463917525773
25412,41,0.07926829268292683,374.7317073170732
25413,53,0.09433962264150944,460.2830188679245
25414,11,0.01818181818181818,217.9090909090909
25415,40,0.11282051282051282,452.45
25416,15,0.05714285714285714,381.53333333333336
25417,18,0.13071895424836602,474.05555555555554
25418,58,0.08711433756805807,420.82758620689657
25419,3,0.3333333333333333,209.66666666666666
25420,1,0.0,128.0
25421,28,0.08465608465608465,383.10714285714283
25422,2,0.0,146.5
25423,25,0.09333333333333334,421.08
25424,1,0.0,696.0
25425,1,0.0,1004.0
25426,60,0.10451977401129943,450.31666666666666
25427,15,0.05714285714285714,406.4
25428,22,0.03463203463203463,254.63636363636363
25429,1,0.0,261.0
25430,0,0.0,0.0
25431,1,0.0,792.0
25432,34,0.049910873440285206,330.2352941176471
25433,11,0.01818181818181818,263.3636363636364
25434,13,0.038461538461538464,366.6923076923077
25435,0,0.0,0.0
25436,33,0.08522727272727272,386.45454545454544
25437,83,0.053482221569203646,318.4578313253012
25438,7,0.09523809523809523,357.0
25439,36,0.05873015873015873,339.19444444444446
25440,11,0.03636363636363636,304.54545454545456
25441,6,0.13333333333333333,681.6666666666666
25442,17,0.09558823529411764,376.52941176470586
25443,22,0.0735930735930736,423.6363636363636
25444,186,0.08387096774193549,398.55913978494624
25445,0,0.0,0.0
25446,0,0.0,0.0
25447,8,0.10714285714285714,458.25
25448,45,0.0797979797979798,397.68888888888887
25449,8,0.03571428571428571,317.125
25450,43,0.1184939091915836,468.7906976744186
25451,145,0.09157088122605364,421.5931034482759
25452,13,0.05128205128205128,303.46153846153845
25453,7,0.047619047619047616,655.0
25454,48,0.12411347517730496,466.3333333333333
25455,137,0.09145556032632031,417.5620437956204
25456,303,0.0670994251743055,360.96699669966995
25457,89,0.09984678243105209,445.0112359550562
25458,0,0.0,0.0
25459,0,0.0,0.0
25460,829,0.07434601959173208,376.87213510253315
25461,3,0.0,213.66666666666666
25462,0,0.0,0.0
25463,170,0.08332753219631048,404.3705882352941
25464,3,0.0,561.6666666666666
25465,16,0.075,370.4375
25466,71,0.05995975855130785,369.61971830985914
25467,4,0.0,686.75
25468,20,0.12105263157894737,457.3
25469,556,0.09145116339360944,419.00539568345323
25470,47,0.06753006475485661,358.1276595744681
25471,16,0.13333333333333333,506.5625
25472,42,0.0859465737514518,424.73809523809524
25473,128,0.07886318897637795,390.765625
25474,0,0.0,0.0
25475,9,0.027777777777777776,425.77777777777777
25476,365,0.062215866325455366,343.47123287671235
25477,64,0.07589285714285714,371.640625
25478,1,0.0,895.0
25479,434,0.08348144442907164,403.4884792626728
25480,37,0.042042042042042045,293.2972972972973
25481,1,0.0,609.0
25482,216,0.07876830318690783,393.9583333333333
25483,9,0.0,384.22222222222223
25484,6,0.0,230.33333333333334
25485,65,0.06971153846153846,337.95384615384614
25486,0,0.0,0.0
25487,455,0.09100062932662052,418.54945054945057
25488,5,0.0,359.2
25489,31,0.06236559139784946,368.741935483871
25490,82,0.06835290575127974,344.1463414634146
25491,32,0.06451612903225806,336.875
25492,115,0.06254767353165523,356.46086956521737
25493,2,0.0,1060.0
25494,9,0.1111111111111111,389.3333333333333
25495,8,0.10714285714285714,397.25
25496,26,0.11384615384615385,425.2307692307692
25497,38,0.13086770981507823,461.7894736842105
25498,3,0.0,88.0
25499,14,0.06593406593406594,401.07142857142856
25500,69,0.06180733162830349,333.231884057971
25501,52,0.0746606334841629,395.13461538461536
25502,60,0.05480225988700565,323.51666666666665
25503,473,0.07930805890995091,389.3213530655391
25504,87,0.05987703822507351,342.2528735632184
25505,2,0.0,596.0
25506,7,0.047619047619047616,430.2857142857143
25507,197,0.07054801616077903,367.2182741116751
25508,25,0.04666666666666667,276.48
25509,24,0.036231884057971016,345.3333333333333
25510,10,0.08888888888888889,432.8
25511,1,0.0,97.0
25512,22,0.05627705627705628,395.27272727272725
25513,22,0.06926406926406926,300.3636363636364
25514,1,0.0,167.0
25515,696,0.0729512941371041,374.64224137931035
25516,14,0.03296703296703297,209.42857142857142
25517,16,0.05,365.0625
25518,26,0.15384615384615385,539.2307692307693
25519,83,0.07228915662650602,364.30120481927713
25520,123,0.08090097294415567,399.1951219512195
25521,203,0.0866702433790177,415.41379310344826
25522,94,0.06245710363761153,365.2340425531915
25523,383,0.08279906497341188,401.4804177545692
25524,13,0.05128205128205128,482.0
25525,8,0.0,182.25
25526,22,0.012987012987012988,240.5909090909091
25527,0,0.0,0.0
25528,175,0.07507389162561576,381.10857142857145
25529,302,0.0759719258102132,384.00331125827813
25530,215,0.074983699195827,383.54418604651164
25531,37,0.08108108108108109,402.7567567567568
25532,4,0.16666666666666666,268.25
25533,205,0.09053084648493544,421.2878048780488
25534,0,0.0,0.0
25535,2,0.0,670.5
25536,2,0.0,270.0
25537,5,0.0,539.6
25538,0,0.0,0.0
25539,25,0.02666666666666667,311.76
25540,10,0.06666666666666667,373.0
25541,29,0.08620689655172414,400.2413793103448
25542,0,0.0,0.0
25543,2,0.0,318.5
25544,2,0.0,84.0
25545,4,0.0,53.75
25546,0,0.0,0.0
25547,0,0.0,0.0
25548,1,0.0,1.0
25549,13,0.02564102564102564,278.61538461538464
25550,3,0.0,629.6666666666666
25551,7,0.047619047619047616,369.57142857142856
25552,52,0.06787330316742081,368.53846153846155
25553,21,0.06666666666666667,329.9047619047619
25554,14,0.12087912087912088,444.35714285714283
25555,1,0.0,95.0
25556,10,0.022222222222222223,320.1
25557,39,0.09446693657219973,443.28205128205127
25558,30,0.059770114942528735,340.23333333333335
25559,9,0.1111111111111111,442.44444444444446
25560,22,0.1038961038961039,465.1363636363636
25561,8,0.07142857142857142,341.625
25562,6,0.06666666666666667,336.3333333333333
25563,18,0.0392156862745098,291.5
25564,382,0.08005936430721029,391.848167539267
25565,378,0.08729457005319075,406.9470899470899
25566,15,0.08571428571428572,435.6
25567,2,0.0,141.5
25568,5,0.0,199.0
25569,325,0.08928774928774928,410.0338461538461
25570,10,0.022222222222222223,305.0
25571,13,0.1282051282051282,429.6923076923077
25572,26,0.07692307692307693,423.11538461538464
25573,1,0.0,628.0
25574,15,0.1523809523809524,572.0
25575,244,0.08770154489644472,410.42622950819674
25576,392,0.08850931677018634,409.14285714285717
25577,27,0.08547008547008547,459.51851851851853
25578,32,0.07661290322580645,367.40625
25579,0,0.0,0.0
25580,18,0.0457516339869281,266.55555555555554
25581,5,0.0,267.0
25582,49,0.05357142857142857,327.14285714285717
25583,17,0.029411764705882353,293.1764705882353
25584,216,0.08049095607235142,387.9953703703704
25585,79,0.08471275559883155,407.0379746835443
25586,5,0.1,477.4
25587,15,0.19047619047619047,639.1333333333333
25588,1,0.0,16.0
25589,23,0.03557312252964427,362.1304347826087
25590,441,0.07934446505875077,390.63492063492066
25591,166,0.0954362906170135,429.4698795180723
25592,10,0.08888888888888889,392.0
25593,12,0.10606060606060606,480.5833333333333
25594,15,0.06666666666666667,316.6
25595,13,0.05128205128205128,316.84615384615387
25596,5,0.0,376.8
25597,0,0.0,0.0
25598,1,0.0,185.0
25599,808,0.07325444440354816,375.49257425742576
25600,30,0.06666666666666667,314.5
25601,2,0.0,252.0
25602,14,0.02197802197802198,194.85714285714286
25603,17,0.125,436.0
25604,3,0.0,156.66666666666666
25605,41,0.06707317073170732,362.4634146341463
25606,4,0.16666666666666666,295.5
25607,1,0.0,399.0
25608,450,0.09062113338282603,418.02222222222224
25609,158,0.08207691687494961,397.99367088607596
25610,15,0.1619047619047619,589.2
25611,66,0.07785547785547786,388.8030303030303
25612,12,0.030303030303030304,295.9166666666667
25613,119,0.038883349950149554,262.546218487395
25614,14,0.12087912087912088,499.7142857142857
25615,87,0.06896551724137931,354.4022988505747
25616,1,0.0,64.0
25617,3,0.3333333333333333,1160.0
25618,311,0.0908826885177886,423.112540192926
25619,52,0.058823529411764705,334.78846153846155
25620,12,0.07575757575757576,338.1666666666667
25621,12,0.12121212121212122,510.75
25622,120,0.05224089635854342,325.6166666666667
25623,670,0.09032416393369476,417.64328358208957
25624,22,0.05627705627705628,366.6818181818182
25625,2,0.0,336.0
25626,12,0.045454545454545456,452.5833333333333
25627,4,0.0,347.0
25628,16,0.1,368.875
25629,2,0.0,550.0
25630,1,0.0,399.0
25631,6,0.0,538.5
25632,421,0.09271575613618369,423.4109263657957
25633,0,0.0,0.0
25634,4,0.0,253.25
25635,22,0.1471861471861472,476.3181818181818
25636,9,0.08333333333333333,478.55555555555554
25637,73,0.0867579908675799,394.1232876712329
25638,7,0.047619047619047616,276.14285714285717
25639,1,0.0,535.0
25640,25,0.15333333333333332,521.52
25641,4,0.3333333333333333,801.25
25642,11,0.09090909090909091,355.09090909090907
25643,1,0.0,670.0
25644,0,0.0,0.0
25645,22,0.10822510822510822,372.8181818181818
25646,8,0.14285714285714285,571.25
25647,14,0.0989010989010989,407.7857142857143
25648,377,0.08843614199446921,413.44297082228115
25649,1,0.0,21.0
25650,29,0.06896551724137931,380.9655172413793
25651,0,0.0,0.0
25652,4,0.0,169.5
25653,11,0.01818181818181818,308.72727272727275
25654,77,0.06527682843472317,357.012987012987
25655,625,0.07492820512820512,379.7648
25656,140,0.065775950668037,353.95
25657,2,0.0,75.0
25658,41,0.1024390243902439,440.8292682926829
25659,193,0.09650259067357513,426.9119170984456
25660,214,0.09552016146724585,421.39719626168227
25661,0,0.0,0.0
25662,57,0.05075187969924812,310.64912280701753
25663,13,0.1282051282051282,554.3846153846154
25664,0,0.0,0.0
25665,72,0.07550860719874804,379.80555555555554
25666,11,0.01818181818181818,346.3636363636364
25667,0,0.0,0.0
25668,1,0.0,283.0
25669,12,0.045454545454545456,360.5
25670,15,0.047619047619047616,341.1333333333333
25671,25,0.10333333333333333,410.88
25672,160,0.07806603773584905,391.2
25673,0,0.0,0.0
25674,22,0.09090909090909091,395.8181818181818
25675,65,0.06586538461538462,344.0615384615385
25676,168,0.07606216139150271,385.9345238095238
25677,156,0.08287841191066997,404.55128205128204
25678,0,0.0,0.0
25679,0,0.0,0.0
25680,17,0.022058823529411766,334.52941176470586
25681,4,0.0,321.5
25682,33,0.06439393939393939,359.8484848484849
25683,248,0.08717513386443777,414.491935483871
25684,141,0.08064842958459979,387.5390070921986
25685,0,0.0,0.0
25686,9,0.08333333333333333,465.55555555555554
25687,0,0.0,0.0
25688,2,0.0,287.0
25689,471,0.08207074129285812,396.92569002123145
25690,0,0.0,0.0
25691,21,0.1,390.85714285714283
25692,0,0.0,0.0
25693,0,0.0,0.0
25694,52,0.049773755656108594,320.03846153846155
25695,28,0.09523809523809523,451.14285714285717
25696,251,0.07614342629482072,378.8406374501992
25697,41,0.08780487804878048,390.0
25698,343,0.07934802993879256,394.0612244897959
25699,68,0.07682177348551361,376.52941176470586
25700,36,0.047619047619047616,305.8333333333333
25701,9,0.0,263.6666666666667
25702,20,0.12631578947368421,406.0
25703,3,0.0,722.0
25704,5,0.2,287.8
25705,9,0.05555555555555555,560.6666666666666
25706,78,0.07892107892107893,389.84615384615387
25707,4,0.0,180.0
25708,6,0.0,229.33333333333334
25709,31,0.07311827956989247,426.6774193548387
25710,40,0.09871794871794871,432.6
25711,9,0.0,330.55555555555554
25712,4,0.0,430.5
25713,37,0.07807807807807808,410.05405405405406
25714,0,0.0,0.0
25715,0,0.0,0.0
25716,403,0.06428156981840179,350.4665012406948
25717,19,0.05263157894736842,420.89473684210526
25718,5,0.0,296.0
25719,8,0.03571428571428571,414.0
25720,146,0.0838923004251299,399.5342465753425
25721,124,0.05507474429583006,326.241935483871
25722,36,0.03968253968253968,332.3888888888889
25723,56,0.11038961038961038,476.57142857142856
25724,1,0.0,1203.0
25725,0,0.0,0.0
25726,150,0.10228187919463087,442.29333333333335
25727,21,0.07142857142857142,354.5238095238095
25728,10,0.08888888888888889,297.6
25729,9,0.08333333333333333,499.0
25730,7,0.0,182.14285714285714
25731,2,0.0,389.0
25732,553,0.07866184448462929,390.4773960216998
25733,2,0.0,125.5
25734,108,0.06715126341294565,369.99074074074076
25735,0,0.0,0.0
25736,53,0.0602322206095791,347.07547169811323
25737,28,0.08994708994708994,399.32142857142856
25738,31,0.08602150537634409,390.5483870967742
25739,10,0.06666666666666667,393.2
25740,26,0.08615384615384615,375.0769230769231
25741,0,0.0,0.0
25742,21,0.1523809523809524,569.4285714285714
25743,17,0.13970588235294118,421.88235294117646
25744,2,1.0,1159.5
25745,4,0.0,338.0
25746,32,0.07258064516129033,366.4375
25747,6,0.0,301.0
25748,7,0.09523809523809523,381.14285714285717
25749,10,0.06666666666666667,414.9
25750,1,0.0,33.0
25751,21,0.09047619047619047,379.3809523809524
25752,20,0.010526315789473684,235.25
25753,7,0.047619047619047616,286.2857142857143
25754,18,0.12418300653594772,504.5
25755,709,0.07236260189811385,371.8984485190409
25756,10,0.08888888888888889,360.1
25757,86,0.08974008207934336,422.3488372093023
25758,0,0.0,0.0
25759,6,0.0,274.3333333333333
25760,126,0.06882539682539683,350.23809523809524
25761,22,0.1038961038961039,509.95454545454544
25762,58,0.08771929824561403,389.1551724137931
25763,18,0.09803921568627451,459.72222222222223
25764,3,0.0,220.0
25765,71,0.089738430583501,423.5774647887324
25766,71,0.0800804828973843,385.83098591549293
25767,2,0.0,637.0
25768,27,0.05413105413105413,347.48148148148147
25769,113,0.09718710493046777,449.75221238938053
25770,20,0.12631578947368421,474.35
25771,80,0.08575949367088608,407.5875
25772,0,0.0,0.0
25773,14,0.13186813186813187,402.0
25774,10,0.022222222222222223,234.9
25775,8,0.0,226.875
25776,7,0.09523809523809523,263.42857142857144
25777,383,0.082101896026137,401.10966057441254
25778,711,0.08201897743705552,398.29395218002816
25779,10,0.044444444444444446,236.0
25780,4,0.0,107.75
25781,786,0.07591773228959012,381.2773536895674
25782,3,0.0,293.0
25783,7,0.047619047619047616,677.4285714285714
25784,348,0.09697240716817383,435.8045977011494
25785,11,0.0,165.45454545454547
25786,0,0.0,0.0
25787,24,0.028985507246376812,180.375
25788,677,0.08179577495564315,395.23485967503694
25789,8,0.03571428571428571,401.625
25790,29,0.0665024630541872,353.6896551724138
25791,5,0.1,482.8
25792,11,0.05454545454545454,376.90909090909093
25793,2,0.0,403.0
25794,34,0.09982174688057041,422.0882352941176
25795,31,0.13118279569892474,497.93548387096774
25796,109,0.08239891267414204,398.8715596330275
25797,49,0.061224489795918366,320.7142857142857
25798,21,0.07142857142857142,365.9047619047619
25799,0,0.0,0.0
25800,9,0.027777777777777776,383.3333333333333
25801,1,0.0,529.0
25802,58,0.05384150030248034,341.4310344827586
25803,84,0.08261617900172118,396.6190476190476
25804,9,0.027777777777777776,275.1111111111111
25805,113,0.0975031605562579,427.05309734513276
25806,0,0.0,0.0
25807,7,0.09523809523809523,376.0
25808,0,0.0,0.0
25809,11,0.01818181818181818,351.8181818181818
25810,31,0.08172043010752689,417.0
25811,8,0.07142857142857142,467.75
25812,3,0.0,160.0
25813,0,0.0,0.0
25814,440,0.07927107061503418,394.21363636363634
25815,14,0.0,285.2857142857143
25816,5,0.2,686.6
25817,8,0.03571428571428571,239.125
25818,4,0.0,189.0
25819,0,0.0,0.0
25820,0,0.0,0.0
25821,306,0.08923175827708132,411.38235294117646
25822,64,0.08432539682539683,377.796875
25823,1,0.0,625.0
25824,0,0.0,0.0
25825,6,0.0,321.0
25826,211,0.09203340103814038,425.2701421800948
25827,200,0.07301507537688443,377.965
25828,68,0.06057945566286216,343.02941176470586
25829,109,0.08222901800883452,396.7798165137615
25830,190,0.08014480646059594,385.03684210526313
25831,1630,0.05688159772829129,328.7441717791411
25832,9,0.027777777777777776,219.33333333333334
25833,289,0.06187524029219531,340.6470588235294
25834,30,0.05057471264367816,308.96666666666664
25835,8,0.10714285714285714,431.125
25836,5,0.2,451.8
25837,288,0.06412117692605497,358.875
25838,8,0.07142857142857142,338.5
25839,3,0.0,187.33333333333334
25840,1,0.0,4.0
25841,2,0.0,782.5
25842,11,0.01818181818181818,257.6363636363636
25843,30,0.08275862068965517,412.8666666666667
25844,62,0.034902168164992066,268.7903225806452
25845,12,0.045454545454545456,379.0
25846,194,0.09107419475455371,416.50515463917526
25847,108,0.1024575977847006,437.1111111111111
25848,85,0.06638655462184874,357.8941176470588
25849,42,0.08130081300813008,434.45238095238096
25850,0,0.0,0.0
25851,83,0.0969732588892154,410.50602409638554
25852,4,0.16666666666666666,571.0
25853,202,0.0791094034776612,381.46039603960395
25854,15,0.06666666666666667,418.4
25855,76,0.0712280701754386,370.75
25856,2,0.0,22.5
25857,0,0.0,0.0
25858,10,0.06666666666666667,364.2
25859,111,0.08271908271908272,401.81081081081084
25860,4,0.16666666666666666,316.25
25861,9,0.05555555555555555,312.55555555555554
25862,0,0.0,0.0
25863,16,0.09166666666666666,402.125
25864,107,0.08076177041086229,391.3738317757009
25865,5,0.0,384.4
25866,0,0.0,0.0
25867,0,0.0,0.0
25868,37,0.07507507507507508,377.3243243243243
25869,3,0.0,543.3333333333334
25870,56,0.05389610389610389,333.8392857142857
25871,0,0.0,0.0
25872,0,0.0,0.0
25873,24,0.057971014492753624,316.5
25874,68,0.10798946444249341,462.6617647058824
25875,0,0.0,0.0
25876,48,0.0726950354609929,353.3541666666667
