,Degree,Clustering_coefficient,Mean_degree_NN
0,72,0.23161189358372458,120.75
1,3,0.3333333333333333,12.0
2,20,0.5473684210526316,263.7
3,167,0.6525503210446577,443.8203592814371
4,24,0.19202898550724637,95.625
5,13,0.41025641025641024,80.07692307692308
6,104,0.24701269604182224,310.5
7,0,0.0,0.0
8,272,0.3710929021054916,476.18014705882354
9,33,0.42045454545454547,161.4848484848485
10,32,0.40524193548387094,84.03125
11,7,0.2857142857142857,94.71428571428571
12,159,0.30531008677653054,186.52201257861634
13,449,0.40723433025771555,566.2850779510022
14,0,0.0,0.0
15,0,0.0,0.0
16,84,0.3333333333333333,96.21428571428571
17,20,0.2631578947368421,39.8
18,6,0.06666666666666667,30.166666666666668
19,0,0.0,0.0
20,0,0.0,0.0
21,106,0.5895777178796047,275.3679245283019
22,11,0.18181818181818182,39.90909090909091
23,0,0.0,0.0
24,2,0.0,24.5
25,0,0.0,0.0
26,261,0.3824638962569997,487.7931034482759
27,101,0.20475247524752474,92.21782178217822
28,10,0.4,49.3
29,0,0.0,0.0
30,169,0.24732318963088193,136.20710059171597
31,679,0.35164066538941097,581.0147275405008
32,5,0.5,82.6
33,14,0.18681318681318682,86.85714285714286
34,13,0.23076923076923078,29.923076923076923
35,771,0.3397409335152526,581.5667963683528
36,30,0.335632183908046,62.53333333333333
37,68,0.3999122036874451,414.3382352941176
38,6,0.4,125.66666666666667
39,5,0.3,18.4
40,1,0.0,2.0
41,2,0.0,18.5
42,5,0.6,525.6
43,20,0.11578947368421053,88.85
44,57,0.42606516290726815,463.42105263157896
45,0,0.0,0.0
46,2,0.0,17.0
47,107,0.4933874096279316,615.0654205607476
48,59,0.21274108708357686,79.91525423728814
49,0,0.0,0.0
50,3,0.6666666666666666,38.0
51,179,0.20482078965538886,165.7094972067039
52,150,0.20026845637583893,137.72666666666666
53,235,0.1949809056192035,139.49787234042554
54,11,0.2545454545454545,39.63636363636363
55,32,0.1774193548387097,27.3125
56,26,0.46153846153846156,118.38461538461539
57,6,0.26666666666666666,29.166666666666668
58,32,0.2399193548387097,94.65625
59,61,0.26666666666666666,224.04918032786884
60,15,0.26666666666666666,78.86666666666666
61,157,0.28286787522456314,144.3248407643312
62,3,0.0,36.333333333333336
63,25,0.32,176.4
64,9,0.3888888888888889,45.333333333333336
65,122,0.2228695298740008,162.63114754098362
66,324,0.3750525551351145,526.0771604938271
67,52,0.8378582202111614,594.75
68,172,0.24099007207942336,136.97093023255815
69,46,0.36135265700483093,265.7608695652174
70,1,0.0,3.0
71,23,0.40711462450592883,32.0
72,0,0.0,0.0
73,14,0.34065934065934067,272.2857142857143
74,3,0.0,60.333333333333336
75,535,0.4446497952325948,633.9663551401869
76,51,0.12156862745098039,46.76470588235294
77,66,0.1794871794871795,88.16666666666667
78,34,0.2192513368983957,71.1470588235294
79,157,0.5705536501714845,304.2929936305732
80,25,0.3,99.68
81,122,0.1986180734317843,252.21311475409837
82,0,0.0,0.0
83,11,0.4,96.27272727272727
84,0,0.0,0.0
85,20,0.48947368421052634,23.0
86,0,0.0,0.0
87,116,0.38365817091454274,155.68103448275863
88,35,0.7411764705882353,575.1428571428571
89,40,0.4064102564102564,409.775
90,48,0.18439716312056736,66.08333333333333
91,3,0.3333333333333333,22.0
92,11,0.4909090909090909,84.18181818181819
93,0,0.0,0.0
94,14,0.2087912087912088,27.928571428571427
95,1465,0.21014006229135196,472.0962457337884
96,110,0.5267723102585488,533.0909090909091
97,996,0.25494540977982283,496.04417670682733
98,8,0.6071428571428571,138.125
99,0,0.0,0.0
100,3,0.6666666666666666,8.333333333333334
101,71,0.4164989939637827,398.6901408450704
102,3,1.0,98.0
103,7,0.19047619047619047,19.0
104,0,0.0,0.0
105,0,0.0,0.0
106,60,0.5474576271186441,190.5
107,285,0.5933036817395602,281.23859649122807
108,84,0.193631669535284,95.78571428571429
109,139,0.17088937545615682,236.0431654676259
110,12,0.10606060606060606,68.66666666666667
111,85,0.26666666666666666,153.85882352941175
112,42,0.519163763066202,275.3809523809524
113,0,0.0,0.0
114,22,0.5281385281385281,298.6363636363636
115,15,0.6095238095238096,171.13333333333333
116,1,0.0,8.0
117,37,0.2012012012012012,50.486486486486484
118,29,0.16502463054187191,48.51724137931034
119,245,0.17885580461692874,128.48979591836735
120,312,0.5482315112540193,618.2980769230769
121,41,0.5146341463414634,92.4390243902439
122,54,0.5220125786163522,201.53703703703704
123,186,0.25370531822144726,149.86021505376345
124,92,0.2009077878643096,120.06521739130434
125,25,0.20666666666666667,31.12
126,19,0.15789473684210525,25.157894736842106
127,2,0.0,7.0
128,294,0.32321051287409164,429.8299319727891
129,585,0.32954572064161103,481.3008547008547
130,70,0.33871635610766043,342.12857142857143
131,92,0.5649784997611085,296.0652173913044
132,0,0.0,0.0
133,0,0.0,0.0
134,12,0.696969696969697,294.0833333333333
135,31,0.4150537634408602,93.09677419354838
136,1,0.0,33.0
137,4,0.6666666666666666,74.75
138,4,0.3333333333333333,53.5
139,0,0.0,0.0
140,76,0.4743859649122807,530.2631578947369
141,195,0.17991012424002115,282.8
142,10,0.4,38.3
143,5,0.2,68.8
144,2,0.0,11.5
145,30,0.3425287356321839,163.4
146,302,0.4718928076389958,580.7715231788079
147,9,0.6111111111111112,141.22222222222223
148,660,0.38724881592863386,590.2893939393939
149,0,0.0,0.0
150,142,0.3769853161522325,331.2042253521127
151,122,0.3767782143341011,186.60655737704917
152,1,0.0,4.0
153,7,0.09523809523809523,22.857142857142858
154,78,0.1714951714951715,125.91025641025641
155,293,0.23285333582682688,161.37883959044368
156,2,1.0,35.0
157,131,0.5087492660011744,475.40458015267177
158,0,0.0,0.0
159,665,0.34095026723435096,560.193984962406
160,8,0.9285714285714286,107.625
161,81,0.4783950617283951,327.39506172839504
162,7,0.9047619047619048,115.0
163,0,0.0,0.0
164,142,0.5410048946159225,546.7746478873239
165,3,0.3333333333333333,12.333333333333334
166,122,0.3311204443842298,141.60655737704917
167,0,0.0,0.0
168,241,0.49986168741355463,503.76348547717845
169,122,0.24617260533803006,138.72131147540983
170,3,1.0,107.33333333333333
171,0,0.0,0.0
172,560,0.3083759263991822,519.5089285714286
173,29,0.21921182266009853,80.27586206896552
174,5,0.4,104.0
175,161,0.2951086956521739,266.6335403726708
176,0,0.0,0.0
177,8,0.39285714285714285,25.875
178,48,0.6303191489361702,308.5833333333333
179,3,0.0,17.333333333333332
180,13,0.3076923076923077,27.384615384615383
181,17,0.6029411764705882,216.94117647058823
182,29,0.2881773399014778,109.34482758620689
183,7,0.23809523809523808,20.714285714285715
184,15,0.47619047619047616,66.86666666666666
185,191,0.26211077431799396,141.4973821989529
186,141,0.4299898682877406,166.12056737588654
187,89,0.2972420837589377,192.75280898876406
188,3,0.3333333333333333,54.0
189,21,0.6,135.85714285714286
190,0,0.0,0.0
191,1,0.0,1.0
192,5,0.1,34.0
193,0,0.0,0.0
194,0,0.0,0.0
195,4,0.3333333333333333,17.75
196,162,0.551108043861667,555.574074074074
197,729,0.4036954129546722,584.4897119341564
198,75,0.21297297297297296,99.57333333333334
199,0,0.0,0.0
200,4,0.16666666666666666,29.0
201,495,0.31655829550566394,541.7575757575758
202,2,1.0,60.0
203,16,0.275,68.5625
204,35,0.16302521008403362,49.6
205,14,0.23076923076923078,51.357142857142854
206,6,0.4,39.833333333333336
207,2,1.0,81.5
208,16,0.43333333333333335,19.3125
209,52,0.16289592760180996,52.15384615384615
210,12,0.21212121212121213,24.833333333333332
211,12,0.4393939393939394,62.333333333333336
212,10,0.5555555555555556,216.2
213,180,0.5353196772191186,514.15
214,3,0.0,18.666666666666668
215,0,0.0,0.0
216,0,0.0,0.0
217,138,0.5680736274198667,623.7391304347826
218,4,0.16666666666666666,11.0
219,2,0.0,31.5
220,98,0.3397853986955607,70.11224489795919
221,4,0.0,34.5
222,44,0.2653276955602537,117.43181818181819
223,54,0.43745632424877706,103.62962962962963
224,220,0.24840182648401826,145.50454545454545
225,13,0.24358974358974358,22.615384615384617
226,265,0.5384505431675243,539.8981132075472
227,14,0.2967032967032967,84.64285714285714
228,27,0.1339031339031339,38.81481481481482
229,27,0.34472934472934474,71.22222222222223
230,1,0.0,8.0
231,37,0.3843843843843844,307.97297297297297
232,0,0.0,0.0
233,230,0.1661287260299981,152.3217391304348
234,81,0.35432098765432096,161.25925925925927
235,343,0.5417966685421035,677.33527696793
236,0,0.0,0.0
237,25,0.24333333333333335,81.12
238,94,0.4397163120567376,303.48936170212767
239,337,0.47421223682351277,485.08902077151333
240,2,1.0,24.0
241,38,0.38975817923186346,99.76315789473684
242,16,0.35,33.375
243,4,0.6666666666666666,131.0
244,0,0.0,0.0
245,2,0.0,30.5
246,0,0.0,0.0
247,1,0.0,4.0
248,1,0.0,4.0
249,11,0.5272727272727272,37.0
250,21,0.3523809523809524,64.80952380952381
251,16,0.4166666666666667,116.375
252,0,0.0,0.0
253,1,0.0,22.0
254,8,0.25,37.125
255,24,0.4528985507246377,242.33333333333334
256,9,0.3611111111111111,377.1111111111111
257,0,0.0,0.0
258,0,0.0,0.0
259,8,0.2857142857142857,23.375
260,2,0.0,2.0
261,55,0.25993265993265996,61.163636363636364
262,0,0.0,0.0
263,27,0.5612535612535613,236.22222222222223
264,0,0.0,0.0
265,1,0.0,1.0
266,21,0.319047619047619,45.142857142857146
267,6,0.4,30.666666666666668
268,23,0.15019762845849802,89.8695652173913
269,0,0.0,0.0
270,1,0.0,2.0
271,10,0.1111111111111111,46.2
272,725,0.3400266717469994,566.568275862069
273,64,0.45783730158730157,141.78125
274,270,0.5007572628390472,624.1481481481482
275,0,0.0,0.0
276,14,0.2087912087912088,35.5
277,200,0.5377386934673367,540.165
278,197,0.5885735004661763,506.74111675126903
279,11,0.6,156.36363636363637
280,382,0.43168295062593615,476.5026178010471
281,9,0.3611111111111111,25.444444444444443
282,0,0.0,0.0
283,6,0.26666666666666666,94.83333333333333
284,1,0.0,4.0
285,64,0.15376984126984128,107.421875
286,8,0.14285714285714285,55.625
287,9,0.3333333333333333,73.0
288,13,0.28205128205128205,63.69230769230769
289,9,0.2777777777777778,33.0
290,0,0.0,0.0
291,50,0.6473469387755102,666.16
292,0,0.0,0.0
293,10,0.17777777777777778,48.7
294,177,0.3715973292244479,478.91525423728814
295,1,0.0,6.0
296,42,0.8025551684088269,516.7380952380952
297,1,0.0,1697.0
298,3,0.3333333333333333,5.666666666666667
299,11,0.7454545454545455,430.6363636363636
300,84,0.3359150889271371,416.8333333333333
301,110,0.31509591326105085,288.6818181818182
302,0,0.0,0.0
303,5,0.8,174.8
304,6,0.3333333333333333,31.166666666666668
305,615,0.36535579036572124,528.269918699187
306,1,0.0,10.0
307,132,0.7109646079111728,280.79545454545456
308,35,0.39327731092436974,99.74285714285715
309,13,0.5256410256410257,24.846153846153847
310,2,1.0,141.5
311,0,0.0,0.0
312,6,0.26666666666666666,64.0
313,32,0.594758064516129,138.875
314,19,0.47368421052631576,71.6842105263158
315,17,0.36764705882352944,93.41176470588235
316,24,0.5507246376811594,124.54166666666667
317,135,0.3718076285240464,323.24444444444447
318,35,0.38487394957983195,247.34285714285716
319,10,0.5777777777777777,74.4
320,1,0.0,25.0
321,3,0.3333333333333333,8.333333333333334
322,15,0.4095238095238095,108.2
323,22,0.2510822510822511,112.0909090909091
324,177,0.24691833590138676,148.96610169491527
325,253,0.32037768994290733,462.97628458498025
326,49,0.19642857142857142,95.36734693877551
327,1,0.0,2.0
328,0,0.0,0.0
329,1101,0.25039715960696884,520.5304268846503
330,98,0.32568903850199876,139.55102040816325
331,1,0.0,29.0
332,120,0.4725490196078431,418.9
333,0,0.0,0.0
334,0,0.0,0.0
335,4,0.3333333333333333,50.75
336,6,0.4666666666666667,42.0
337,63,0.30005120327700974,78.96825396825396
338,466,0.38757672250680697,595.7875536480686
339,105,0.12106227106227106,144.77142857142857
340,12,0.36363636363636365,122.58333333333333
341,16,0.7333333333333333,639.9375
342,130,0.386881335718545,261.4
343,0,0.0,0.0
344,6,0.6,155.5
345,67,0.229760289461782,69.35820895522389
346,25,0.35333333333333333,65.6
347,1,0.0,6.0
348,666,0.23982930298719773,450.34384384384384
349,235,0.6432805964720858,292.3063829787234
350,11,0.2727272727272727,93.0
351,97,0.3788659793814433,412.63917525773195
352,11,0.7454545454545455,471.90909090909093
353,118,0.4908011009705925,534.6016949152543
354,82,0.46160794941282746,153.1219512195122
355,0,0.0,0.0
356,4,0.5,14.0
357,9,0.4166666666666667,71.0
358,21,0.44761904761904764,103.33333333333333
359,2,0.0,19.5
360,1,0.0,2.0
361,14,0.23076923076923078,46.0
362,449,0.3415725421571747,518.543429844098
363,361,0.3712988611880579,525.9224376731302
364,16,0.35833333333333334,74.3125
365,160,0.422877358490566,450.68125
366,16,0.2916666666666667,63.5
367,2,0.0,3.0
368,4,0.0,1.5
369,13,0.5128205128205128,98.46153846153847
370,51,0.276078431372549,145.09803921568627
371,137,0.6127093173035638,524.1240875912408
372,0,0.0,0.0
373,2,1.0,7.5
374,7,0.2857142857142857,12.714285714285714
375,401,0.4319077306733167,517.9850374064838
376,41,0.3329268292682927,311.3170731707317
377,6,0.2,50.166666666666664
378,16,0.25,45.0
379,4,0.16666666666666666,77.0
380,15,0.6095238095238096,86.6
381,51,0.2964705882352941,187.45098039215685
382,1,0.0,9.0
383,30,0.6206896551724138,148.93333333333334
384,4,0.3333333333333333,25.25
385,6,0.13333333333333333,15.5
386,6,0.06666666666666667,10.666666666666666
387,0,0.0,0.0
388,0,0.0,0.0
389,30,0.24367816091954023,269.76666666666665
390,9,0.7222222222222222,62.111111111111114
391,760,0.3726128562513002,620.9157894736842
392,22,0.09523809523809523,36.81818181818182
393,4,0.0,9.25
394,17,0.23529411764705882,46.588235294117645
395,34,0.3137254901960784,71.6470588235294
396,24,0.286231884057971,45.75
397,2,0.0,3.5
398,0,0.0,0.0
399,0,0.0,0.0
400,51,0.38823529411764707,51.372549019607845
401,41,0.28292682926829266,50.146341463414636
402,121,0.699862258953168,512.0330578512396
403,0,0.0,0.0
404,7,0.3333333333333333,64.14285714285714
405,1,0.0,4.0
406,68,0.6562774363476734,585.7058823529412
407,95,0.4141097424412094,187.1157894736842
408,88,0.5893416927899686,278.04545454545456
409,12,0.4393939393939394,48.583333333333336
410,151,0.46905077262693157,304.50331125827813
411,333,0.4686674626433663,638.081081081081
412,1,0.0,4.0
413,93,0.5546984572230014,510.8279569892473
414,565,0.25981924308039916,500.46194690265486
415,0,0.0,0.0
416,9,0.2222222222222222,29.77777777777778
417,11,0.2727272727272727,67.72727272727273
418,67,0.4369063772048847,324.6865671641791
419,7,0.23809523809523808,13.0
420,368,0.22882359909963274,342.7826086956522
421,41,0.3597560975609756,196.9268292682927
422,1,0.0,1.0
423,249,0.6071058427257416,319.7028112449799
424,14,0.4175824175824176,53.07142857142857
425,1,0.0,15.0
426,2,0.0,44.0
427,64,0.6820436507936508,509.234375
428,11,0.34545454545454546,61.90909090909091
429,34,0.3083778966131907,77.82352941176471
430,0,0.0,0.0
431,468,0.34149600102490896,553.8226495726495
432,0,0.0,0.0
433,0,0.0,0.0
434,19,0.4678362573099415,167.78947368421052
435,26,0.2153846153846154,29.423076923076923
436,0,0.0,0.0
437,168,0.5206729398346165,350.6488095238095
438,246,0.35045628007300483,527.9024390243902
439,2,1.0,10.0
440,13,0.4358974358974359,29.923076923076923
441,276,0.5161528326745718,588.9130434782609
442,5,0.1,9.8
443,7,0.42857142857142855,90.42857142857143
444,14,0.15384615384615385,34.285714285714285
445,0,0.0,0.0
446,99,0.2535559678416821,102.33333333333333
447,318,0.20840029363331547,294.8333333333333
448,58,0.45069570477918935,130.5344827586207
449,31,0.33763440860215055,62.58064516129032
450,1,0.0,20.0
451,11,0.43636363636363634,20.545454545454547
452,0,0.0,0.0
453,5,0.5,17.2
454,4,0.5,35.0
455,42,0.20557491289198607,199.54761904761904
456,24,0.16666666666666666,31.666666666666668
457,0,0.0,0.0
458,0,0.0,0.0
459,107,0.39763710104038086,161.86915887850466
460,10,0.28888888888888886,16.7
461,11,0.32727272727272727,49.18181818181818
462,1,0.0,18.0
463,11,0.5818181818181818,105.45454545454545
464,0,0.0,0.0
465,124,0.28651980068187777,132.25
466,56,0.42597402597402595,218.125
467,14,0.7472527472527473,615.9285714285714
468,116,0.24182908545727136,121.00862068965517
469,6,0.4,296.0
470,0,0.0,0.0
471,14,0.08791208791208792,31.857142857142858
472,3,0.3333333333333333,13.666666666666666
473,34,0.22281639928698752,100.55882352941177
474,39,0.4534412955465587,201.07692307692307
475,88,0.41954022988505746,150.67045454545453
476,30,0.3724137931034483,175.4
477,16,0.36666666666666664,43.625
478,94,0.16517959277053307,145.9787234042553
479,88,0.2745559038662487,100.7159090909091
480,99,0.4176458462172748,145.8989898989899
481,91,0.2954822954822955,106.17582417582418
482,27,0.4074074074074074,247.1851851851852
483,379,0.3511189289553406,346.8390501319261
484,0,0.0,0.0
485,232,0.4959695476936856,506.98706896551727
486,299,0.4575879329307984,464.6354515050167
487,12,0.24242424242424243,41.583333333333336
488,26,0.2153846153846154,36.5
489,8,0.5714285714285714,88.0
490,286,0.42144522144522145,572.1223776223776
491,323,0.4148029921350691,624.7585139318885
492,1,0.0,58.0
493,154,0.7336389101094983,296.34415584415586
494,0,0.0,0.0
495,7,0.38095238095238093,34.0
496,106,0.14231805929919136,90.67924528301887
497,416,0.2673887859128823,480.71153846153845
498,2,0.0,13.0
499,0,0.0,0.0
500,45,0.2696969696969697,108.22222222222223
501,237,0.3808195666166059,506.5189873417722
502,57,0.14786967418546365,109.36842105263158
503,22,0.1341991341991342,23.318181818181817
504,55,0.24107744107744108,139.0909090909091
505,2,0.0,8.0
506,83,0.3867176021157802,130.27710843373495
507,12,0.16666666666666666,61.0
508,55,0.5218855218855218,524.0181818181818
509,13,0.28205128205128205,13.307692307692308
510,75,0.19027027027027027,93.38666666666667
511,31,0.24516129032258063,91.25806451612904
512,10,0.4222222222222222,103.1
513,82,0.16772056609454983,92.32926829268293
514,85,0.2876750700280112,154.54117647058823
515,106,0.40539083557951483,443.8867924528302
516,24,0.5217391304347826,379.8333333333333
517,3,0.3333333333333333,29.0
518,3,0.6666666666666666,13.0
519,3,0.6666666666666666,75.0
520,1,0.0,1.0
521,29,0.3866995073891626,148.93103448275863
522,0,0.0,0.0
523,35,0.5126050420168067,338.9142857142857
524,2,0.0,5.5
525,284,0.34260687801721995,431.89084507042253
526,29,0.22167487684729065,69.27586206896552
527,3,0.6666666666666666,7.666666666666667
528,10,0.4444444444444444,436.2
529,26,0.18769230769230769,171.19230769230768
530,19,0.3157894736842105,48.21052631578947
531,0,0.0,0.0
532,133,0.5357712462975621,680.0751879699249
533,126,0.24063492063492065,129.07142857142858
534,15,0.24761904761904763,29.666666666666668
535,132,0.29956049040018506,139.12878787878788
536,5,0.6,35.8
537,3,0.0,21.333333333333332
538,113,0.3994943109987358,156.21238938053096
539,5,0.7,43.4
540,12,0.4696969696969697,150.83333333333334
541,37,0.38738738738738737,197.8108108108108
542,7,0.7142857142857143,22.285714285714285
543,2,0.0,54.0
544,30,0.37471264367816093,64.0
545,7,0.42857142857142855,16.428571428571427
546,0,0.0,0.0
547,23,0.1857707509881423,58.34782608695652
548,51,0.18745098039215685,29.784313725490197
549,57,0.5119047619047619,463.6842105263158
550,11,0.36363636363636365,58.63636363636363
551,26,0.32,45.53846153846154
552,7,0.7142857142857143,63.285714285714285
553,10,0.28888888888888886,19.0
554,4,0.16666666666666666,49.75
555,4,0.5,12.25
556,0,0.0,0.0
557,35,0.6722689075630253,290.0571428571429
558,110,0.3658048373644704,124.32727272727273
559,23,0.17391304347826086,42.56521739130435
560,80,0.19145569620253164,217.3375
561,10,0.3111111111111111,80.9
562,16,0.275,82.25
563,2,0.0,4.5
564,72,0.1643192488262911,102.86111111111111
565,10,0.17777777777777778,141.1
566,69,0.4906223358908781,268.95652173913044
567,3,0.6666666666666666,27.666666666666668
568,43,0.1760797342192691,72.88372093023256
569,3,0.0,9.0
570,7,0.14285714285714285,132.85714285714286
571,8,0.2857142857142857,56.375
572,268,0.3841187321817877,483.01119402985074
573,27,0.6324786324786325,401.44444444444446
574,11,0.5818181818181818,55.27272727272727
575,0,0.0,0.0
576,5,0.2,18.2
577,6,0.06666666666666667,24.5
578,90,0.34781523096129835,219.85555555555555
579,102,0.712677150067948,589.5490196078431
580,2,0.0,21.0
581,29,0.16748768472906403,48.03448275862069
582,0,0.0,0.0
583,9,0.4444444444444444,39.77777777777778
584,5,0.6,88.6
585,391,0.38903534658010364,595.2225063938619
586,0,0.0,0.0
587,150,0.4943176733780761,530.92
588,1,0.0,96.0
589,0,0.0,0.0
590,10,0.26666666666666666,24.7
591,0,0.0,0.0
592,1,0.0,11.0
593,8,0.4642857142857143,29.25
594,3,0.0,8.333333333333334
595,156,0.3555831265508685,206.05769230769232
596,22,0.21212121212121213,73.22727272727273
597,0,0.0,0.0
598,87,0.3205025394279604,139.98850574712642
599,24,0.29347826086956524,63.666666666666664
600,34,0.4563279857397504,55.8235294117647
601,46,0.23381642512077294,66.3913043478261
602,0,0.0,0.0
603,106,0.3457322551662174,167.72641509433961
604,0,0.0,0.0
605,2,0.0,16.5
606,4,0.5,14.0
607,46,0.22318840579710145,91.19565217391305
608,119,0.23899729383278734,137.7563025210084
609,356,0.5567969615445482,601.623595505618
610,15,0.5904761904761905,189.53333333333333
611,436,0.338194664135822,434.3073394495413
612,61,0.2180327868852459,107.54098360655738
613,180,0.5422718808193668,580.5777777777778
614,32,0.5443548387096774,124.53125
615,0,0.0,0.0
616,15,0.6666666666666666,416.26666666666665
617,398,0.356226978722327,487.50251256281405
618,49,0.24319727891156462,144.6734693877551
619,164,0.4773305401765674,649.8231707317074
620,8,0.2857142857142857,41.125
621,9,0.19444444444444445,26.77777777777778
622,2,0.0,8.0
623,184,0.5785222143026847,586.5760869565217
624,23,0.16996047430830039,59.69565217391305
625,211,0.4163845633039946,538.431279620853
626,156,0.3539288668320926,180.23717948717947
627,39,0.2793522267206478,144.82051282051282
628,157,0.7272578801241222,443.69426751592357
629,114,0.32929669306008386,213.9298245614035
630,116,0.6068965517241379,611.6034482758621
631,8,0.14285714285714285,33.625
632,38,0.25177809388335703,58.39473684210526
633,27,0.2792022792022792,95.48148148148148
634,401,0.4363341645885287,554.718204488778
635,1,0.0,21.0
636,5,0.1,36.8
637,274,0.5215368573032807,442.7080291970803
638,6,0.13333333333333333,28.166666666666668
639,36,0.3492063492063492,121.36111111111111
640,114,0.31066604564508615,125.40350877192982
641,4,0.3333333333333333,124.25
642,174,0.3076207560959405,137.68965517241378
643,19,0.27485380116959063,149.42105263157896
644,80,0.32879746835443036,291.85
645,0,0.0,0.0
646,2,0.0,26.0
647,9,0.6388888888888888,148.0
648,26,0.37846153846153846,130.5
649,72,0.6181533646322379,640.25
650,95,0.20470324748040314,128.26315789473685
651,94,0.5056051246854266,176.2127659574468
652,10,0.4,45.8
653,0,0.0,0.0
654,0,0.0,0.0
655,88,0.3286311389759666,134.42045454545453
656,406,0.40406251900504775,537.5246305418719
657,14,0.1978021978021978,24.5
658,202,0.25397763656962713,156.009900990099
659,9,0.1111111111111111,24.11111111111111
660,185,0.4123971797884841,300.3945945945946
661,314,0.36676095317555607,520.4713375796179
662,9,0.3333333333333333,52.111111111111114
663,3,0.3333333333333333,9.0
664,13,0.5128205128205128,61.46153846153846
665,125,0.3318709677419355,382.568
666,11,0.32727272727272727,169.0
667,5,0.8,108.2
668,21,0.49047619047619045,396.9047619047619
669,32,0.1935483870967742,44.09375
670,0,0.0,0.0
671,3,0.3333333333333333,40.666666666666664
672,1,0.0,21.0
673,9,0.3611111111111111,25.22222222222222
674,5,0.4,85.4
675,0,0.0,0.0
676,31,0.44731182795698926,185.32258064516128
677,7,0.047619047619047616,21.714285714285715
678,57,0.40789473684210525,411.12280701754383
679,23,0.19367588932806323,94.52173913043478
680,71,0.3436619718309859,350.2676056338028
681,4,0.0,25.5
682,72,0.3274647887323944,93.52777777777777
683,72,0.2007042253521127,97.16666666666667
684,146,0.450543221539915,503.6095890410959
685,4,0.3333333333333333,22.25
686,3,0.3333333333333333,4.666666666666667
687,30,0.4045977011494253,99.6
688,229,0.15153604535355858,226.14410480349346
689,0,0.0,0.0
690,9,0.5,49.111111111111114
691,157,0.5075126571941858,570.3248407643312
692,10,0.4222222222222222,50.2
693,5,0.2,17.2
694,0,0.0,0.0
695,46,0.2,60.28260869565217
696,60,0.2615819209039548,159.78333333333333
697,12,0.7727272727272727,479.3333333333333
698,19,0.21637426900584794,110.94736842105263
699,1,0.0,2.0
700,216,0.1958656330749354,120.9675925925926
701,76,0.2007017543859649,120.07894736842105
702,54,0.23270440251572327,57.96296296296296
703,83,0.21921833676168087,88.97590361445783
704,10,0.4666666666666667,89.3
705,13,0.5769230769230769,147.07692307692307
706,22,0.341991341991342,70.22727272727273
707,4,0.3333333333333333,8.0
708,0,0.0,0.0
709,7,0.8571428571428571,463.0
710,33,0.509469696969697,150.33333333333334
711,909,0.2912650295866591,554.5423542354235
712,13,0.24358974358974358,48.0
713,3,0.0,2.0
714,6,0.13333333333333333,8.333333333333334
715,18,0.20915032679738563,70.38888888888889
716,10,0.5111111111111111,31.3
717,5,0.0,15.8
718,53,0.5094339622641509,201.39622641509433
719,7,0.19047619047619047,91.57142857142857
720,13,0.3974358974358974,104.84615384615384
721,0,0.0,0.0
722,116,0.35247376311844075,169.04310344827587
723,8,0.17857142857142858,39.25
724,41,0.3207317073170732,266.5609756097561
725,97,0.27491408934707906,124.6701030927835
726,37,0.7597597597597597,563.8918918918919
727,7,0.5238095238095238,56.714285714285715
728,5,0.4,24.8
729,3,0.3333333333333333,23.666666666666668
730,30,0.4413793103448276,182.53333333333333
731,44,0.313953488372093,77.97727272727273
732,1,0.0,11.0
733,0,0.0,0.0
734,1,0.0,4.0
735,0,0.0,0.0
736,6,0.5333333333333333,57.833333333333336
737,7,0.38095238095238093,34.285714285714285
738,636,0.2807408507898777,483.6320754716981
739,4,0.5,20.0
740,10,0.24444444444444444,25.1
741,15,0.2571428571428571,40.2
742,1,0.0,414.0
743,53,0.4862119013062409,97.86792452830188
744,6,0.3333333333333333,36.666666666666664
745,18,0.16993464052287582,58.44444444444444
746,15,0.34285714285714286,30.333333333333332
747,5,0.6,14.4
748,44,0.4619450317124736,299.84090909090907
749,46,0.15169082125603864,92.30434782608695
750,0,0.0,0.0
751,180,0.26244568590937306,354.8222222222222
752,17,0.14705882352941177,42.76470588235294
753,22,0.6190476190476191,27.863636363636363
754,9,0.1111111111111111,108.77777777777777
755,45,0.42424242424242425,246.2
756,83,0.28239788421980605,127.75903614457832
757,4,0.5,18.0
758,34,0.31016042780748665,63.14705882352941
759,0,0.0,0.0
760,40,0.3128205128205128,101.25
761,71,0.19356136820925554,91.26760563380282
762,15,0.6,230.86666666666667
763,4,0.16666666666666666,67.75
764,0,0.0,0.0
765,2,0.0,2.5
766,30,0.2482758620689655,60.6
767,232,0.37240632930288103,281.07327586206895
768,8,0.21428571428571427,26.25
769,17,0.09558823529411764,21.705882352941178
770,136,0.42135076252723314,504.05882352941177
771,0,0.0,0.0
772,48,0.32092198581560283,76.70833333333333
773,37,0.6891891891891891,475.0810810810811
774,6,0.13333333333333333,80.16666666666667
775,107,0.5406453888203139,300.0934579439252
776,8,0.07142857142857142,132.25
777,0,0.0,0.0
778,111,0.475020475020475,348.1171171171171
779,104,0.15459297983569828,131.57692307692307
780,297,0.4706524706524707,496.8249158249158
781,0,0.0,0.0
782,229,0.4103271278633264,516.6986899563319
783,10,0.3333333333333333,81.0
784,2,0.0,3.0
785,125,0.6123870967741936,564.584
786,2,1.0,7.5
787,5,0.4,34.6
788,25,0.32666666666666666,231.0
789,13,0.28205128205128205,32.61538461538461
790,1,0.0,3.0
791,62,0.4701216287678477,266.2096774193548
792,13,0.38461538461538464,86.38461538461539
793,1,0.0,2.0
794,38,0.26884779516358465,273.60526315789474
795,67,0.24785165083672547,132.08955223880596
796,39,0.18353576248313092,136.02564102564102
797,11,0.10909090909090909,61.54545454545455
798,111,0.48402948402948404,475.01801801801804
799,4,0.16666666666666666,51.75
800,557,0.4046342818025651,619.1184919210053
801,25,0.2966666666666667,72.6
802,547,0.3739277176205878,620.7696526508226
803,140,0.18437821171634122,96.09285714285714
804,5,0.2,55.6
805,140,0.5365878725590956,492.0642857142857
806,1,0.0,12.0
807,153,0.4130546955624355,558.0653594771242
808,17,0.4264705882352941,26.88235294117647
809,2,0.0,18.5
810,8,0.17857142857142858,46.375
811,2,1.0,16.5
812,0,0.0,0.0
813,1,0.0,1.0
814,466,0.35863214730721305,547.019313304721
815,0,0.0,0.0
816,11,0.12727272727272726,43.72727272727273
817,17,0.3161764705882353,80.52941176470588
818,9,0.3055555555555556,15.666666666666666
819,0,0.0,0.0
820,0,0.0,0.0
821,12,0.36363636363636365,14.083333333333334
822,11,0.34545454545454546,24.818181818181817
823,3,0.0,19.333333333333332
824,10,0.4666666666666667,60.1
825,360,0.40184153512844323,460.5138888888889
826,8,0.10714285714285714,11.875
827,248,0.27899307822907143,178.2741935483871
828,0,0.0,0.0
829,28,0.3783068783068783,55.25
830,13,0.2692307692307692,37.15384615384615
831,4,0.5,60.25
832,1,0.0,17.0
833,13,0.3076923076923077,30.153846153846153
834,489,0.34418686513124813,418.18200408997956
835,213,0.20178935246700327,233.12206572769952
836,4,0.6666666666666666,40.75
837,0,0.0,0.0
838,2,0.0,23.5
839,4,0.5,31.0
840,47,0.15541165587419056,158.46808510638297
841,6,0.8,486.6666666666667
842,1,0.0,12.0
843,114,0.6739636702375408,239.26315789473685
844,0,0.0,0.0
845,233,0.3367248779043954,509.3776824034335
846,939,0.2964002443283355,518.7294994675186
847,2,0.0,10.0
848,13,0.46153846153846156,196.53846153846155
849,24,0.2826086956521739,66.45833333333333
850,33,0.2821969696969697,105.60606060606061
851,74,0.2787856349500185,96.98648648648648
852,42,0.24041811846689895,123.38095238095238
853,9,0.1388888888888889,62.44444444444444
854,52,0.37104072398190047,255.07692307692307
855,2,0.0,1.0
856,1355,0.23189020368785668,512.7594095940959
857,69,0.23231031543052003,95.7536231884058
858,1,0.0,101.0
859,0,0.0,0.0
860,434,0.3928225540383776,551.2764976958525
861,15,0.44761904761904764,25.933333333333334
862,2,1.0,32.0
863,307,0.4943688658959784,544.7263843648209
864,3,0.0,3.3333333333333335
865,13,0.3333333333333333,58.84615384615385
866,3,0.0,32.333333333333336
867,43,0.28792912513842744,96.20930232558139
868,16,0.21666666666666667,74.625
869,917,0.346252017924407,582.5310796074154
870,28,0.30687830687830686,160.75
871,52,0.3250377073906486,107.48076923076923
872,10,0.08888888888888889,19.5
873,39,0.6410256410256411,71.71794871794872
874,8,0.2857142857142857,100.625
875,5,0.5,36.8
876,399,0.45311771892041663,500.54135338345867
877,30,0.45517241379310347,112.8
878,0,0.0,0.0
879,0,0.0,0.0
880,6,0.4666666666666667,133.83333333333334
881,0,0.0,0.0
882,165,0.35558019216555803,182.1878787878788
883,708,0.3232685253997555,543.0254237288135
884,27,0.3504273504273504,150.1851851851852
885,2,1.0,5.0
886,40,0.5679487179487179,111.625
887,8,0.6071428571428571,21.0
888,0,0.0,0.0
889,6,0.0,10.0
890,60,0.2768361581920904,111.0
891,6,0.6666666666666666,37.666666666666664
892,9,0.6666666666666666,128.22222222222223
893,13,0.34615384615384615,70.38461538461539
894,27,0.5783475783475783,599.074074074074
895,1296,0.24746055579388912,538.9467592592592
896,11,0.36363636363636365,57.90909090909091
897,58,0.5396249243799153,478.41379310344826
898,2,1.0,4.5
899,22,0.23809523809523808,139.0
900,1,0.0,8.0
901,138,0.24108748545435313,143.84057971014494
902,50,0.20979591836734693,123.22
903,55,0.1925925925925926,226.9090909090909
904,5,0.7,340.4
905,18,0.4444444444444444,58.666666666666664
906,12,0.8636363636363636,113.83333333333333
907,1,0.0,9.0
908,756,0.29331791583447214,510.51851851851853
909,5,0.4,18.2
910,42,0.22880371660859466,77.73809523809524
911,5,0.5,40.6
912,14,0.08791208791208792,28.714285714285715
913,1042,0.33220124603354595,589.084452975048
914,10,0.5555555555555556,279.8
915,1,0.0,19.0
916,0,0.0,0.0
917,199,0.5103801837470179,590.391959798995
918,0,0.0,0.0
919,130,0.7073345259391771,267.24615384615385
920,17,0.21323529411764705,36.1764705882353
921,11,0.41818181818181815,178.45454545454547
922,19,0.16374269005847952,119.84210526315789
923,80,0.18829113924050633,73.125
924,10,0.4444444444444444,183.0
925,15,0.5333333333333333,27.2
926,47,0.1332099907493062,82.1063829787234
927,7,0.5238095238095238,63.57142857142857
928,23,0.18181818181818182,36.130434782608695
929,27,0.2336182336182336,89.70370370370371
930,4,0.6666666666666666,133.75
931,1,0.0,1.0
932,2,0.0,57.0
933,34,0.2905525846702317,108.20588235294117
934,14,0.3516483516483517,76.21428571428571
935,0,0.0,0.0
936,38,0.19203413940256045,84.07894736842105
937,1,0.0,7.0
938,414,0.3708577511083038,503.2850241545894
939,3,1.0,20.666666666666668
940,80,0.3050632911392405,158.075
941,26,0.22153846153846155,62.15384615384615
942,0,0.0,0.0
943,1,0.0,10.0
944,55,0.18653198653198652,56.25454545454546
945,8,0.4642857142857143,35.0
946,114,0.2852041608445893,166.16666666666666
947,70,0.2790890269151139,81.61428571428571
948,28,0.164021164021164,55.785714285714285
949,18,0.3137254901960784,104.0
950,117,0.4323607427055703,582.5042735042736
951,17,0.21323529411764705,40.1764705882353
952,4,0.16666666666666666,6.0
953,1,0.0,4.0
954,41,0.31341463414634146,90.53658536585365
955,150,0.25870246085011184,145.14666666666668
956,0,0.0,0.0
957,209,0.534919028340081,344.99043062200957
958,8,0.17857142857142858,76.0
959,38,0.23044096728307253,86.44736842105263
960,7,0.5238095238095238,20.571428571428573
961,45,0.2696969696969697,120.93333333333334
962,121,0.43870523415977963,567.9421487603306
963,503,0.46036133794840517,584.0775347912524
964,57,0.12719298245614036,42.6140350877193
965,1,0.0,97.0
966,46,0.4975845410628019,164.43478260869566
967,8,0.17857142857142858,17.5
968,16,0.4083333333333333,26.75
969,88,0.22675026123301986,70.0340909090909
970,181,0.1352363413136894,103.93370165745857
971,20,0.4789473684210526,103.65
972,116,0.39985007496251873,288.67241379310343
973,10,0.5111111111111111,230.0
974,8,0.8571428571428571,35.5
975,1,0.0,3.0
976,55,0.18653198653198652,72.14545454545454
977,2,0.0,35.0
978,33,0.14583333333333334,50.484848484848484
979,7,0.2857142857142857,23.0
980,16,0.15,98.3125
981,22,0.2683982683982684,126.22727272727273
982,6,0.4,117.33333333333333
983,61,0.4273224043715847,131.54098360655738
984,37,0.36186186186186187,83.05405405405405
985,6,0.2,53.5
986,38,0.3684210526315789,219.97368421052633
987,1,0.0,49.0
988,1,0.0,3.0
989,35,0.292436974789916,134.5142857142857
990,62,0.17345319936541512,93.5
991,16,0.18333333333333332,44.6875
992,1,0.0,58.0
993,17,0.4411764705882353,114.52941176470588
994,165,0.38810051736881007,460.75151515151515
995,707,0.3037091649270148,503.4865629420085
996,3,0.6666666666666666,13.333333333333334
997,419,0.5169747975928104,615.4988066825775
998,5,0.2,86.8
999,143,0.5964739485866246,567.2097902097902
1000,38,0.3812233285917496,180.5
1001,1,0.0,55.0
1002,4,0.16666666666666666,5.5
1003,1,0.0,44.0
1004,5,0.2,29.6
1005,23,0.16205533596837945,30.608695652173914
1006,7,0.23809523809523808,16.428571428571427
1007,3,0.3333333333333333,11.666666666666666
1008,46,0.08599033816425121,77.41304347826087
1009,50,0.4253061224489796,168.5
1010,22,0.4458874458874459,109.5
1011,2,1.0,80.5
1012,4,0.5,34.25
1013,25,0.2,33.28
1014,121,0.26074380165289257,338.39669421487605
1015,621,0.26299932471040466,430.3011272141707
1016,38,0.15647226173541964,80.63157894736842
1017,1217,0.2618388617393937,534.0073952341825
1018,229,0.2071937485635486,162.90393013100436
1019,7,0.19047619047619047,28.285714285714285
1020,173,0.46088183895684903,542.7283236994219
1021,17,0.29411764705882354,33.529411764705884
1022,10,0.4444444444444444,152.8
1023,46,0.7014492753623188,491.2391304347826
1024,1,0.0,1.0
1025,37,0.43543543543543545,316.1081081081081
1026,27,0.5270655270655271,247.25925925925927
1027,47,0.3330249768732655,91.74468085106383
1028,5,0.5,33.6
1029,33,0.4356060606060606,419.7878787878788
1030,15,0.3523809523809524,59.733333333333334
1031,2,0.0,12.5
1032,31,0.16129032258064516,22.096774193548388
1033,21,0.20952380952380953,29.333333333333332
1034,65,0.5865384615384616,215.8
1035,0,0.0,0.0
1036,3,0.3333333333333333,22.666666666666668
1037,25,0.14333333333333334,28.0
1038,3,0.0,40.0
1039,165,0.5152254249815226,497.2848484848485
1040,13,0.05128205128205128,42.84615384615385
1041,70,0.25010351966873706,89.74285714285715
1042,1,0.0,21.0
1043,90,0.25617977528089886,170.06666666666666
1044,39,0.18758434547908232,71.15384615384616
1045,9,0.4166666666666667,204.11111111111111
1046,12,0.4090909090909091,26.833333333333332
1047,2,1.0,17.0
1048,3,0.3333333333333333,21.333333333333332
1049,93,0.4223936418887331,281.8279569892473
1050,2,1.0,12.0
1051,13,0.15384615384615385,73.53846153846153
1052,36,0.2253968253968254,61.111111111111114
1053,5,0.1,56.0
1054,0,0.0,0.0
1055,15,0.38095238095238093,94.8
1056,89,0.31409601634320733,138.85393258426967
1057,5,0.9,51.0
1058,1,0.0,3.0
1059,8,0.21428571428571427,73.75
1060,72,0.24843505477308295,141.51388888888889
1061,0,0.0,0.0
1062,12,0.25757575757575757,65.83333333333333
1063,27,0.17094017094017094,51.888888888888886
1064,65,0.40673076923076923,143.63076923076923
1065,416,0.34424235403151066,535.2355769230769
1066,9,0.3055555555555556,41.666666666666664
1067,0,0.0,0.0
1068,25,0.3433333333333333,85.84
1069,22,0.17316017316017315,51.36363636363637
1070,26,0.4584615384615385,372.2692307692308
1071,15,0.2857142857142857,73.6
1072,97,0.2652491408934708,200.9278350515464
1073,3,0.3333333333333333,35.0
1074,8,0.32142857142857145,88.875
1075,182,0.5802319227733592,377.65934065934067
1076,207,0.6903522348857933,288.3671497584541
1077,5,0.6,154.0
1078,141,0.644579533941236,487.4822695035461
1079,67,0.19855269109000453,144.70149253731344
1080,31,0.23010752688172043,37.806451612903224
1081,0,0.0,0.0
1082,3,0.3333333333333333,22.0
1083,1,0.0,25.0
1084,179,0.36519992467516166,271.8826815642458
1085,51,0.2690196078431373,102.09803921568627
1086,4,0.6666666666666666,60.5
1087,1,0.0,4.0
1088,0,0.0,0.0
1089,0,0.0,0.0
1090,0,0.0,0.0
1091,162,0.5782532014416072,709.5061728395061
1092,3,0.6666666666666666,61.333333333333336
1093,14,0.25274725274725274,81.14285714285714
1094,20,0.26842105263157895,38.9
1095,29,0.14532019704433496,36.48275862068966
1096,21,0.3476190476190476,56.714285714285715
1097,98,0.20239848516726278,127.56122448979592
1098,29,0.2733990147783251,79.79310344827586
1099,5,0.7,26.2
1100,58,0.19237749546279492,91.51724137931035
1101,35,0.4218487394957983,154.6
1102,8,0.10714285714285714,27.0
1103,4,0.0,56.25
1104,0,0.0,0.0
1105,125,0.551741935483871,523.344
1106,6,0.4,32.833333333333336
1107,615,0.34964116416408464,546.5821138211383
1108,116,0.26071964017991006,107.81896551724138
1109,18,0.26143790849673204,25.166666666666668
1110,0,0.0,0.0
1111,1,0.0,4.0
1112,321,0.5151090342679128,451.28660436137073
1113,171,0.45999312005503956,444.9298245614035
1114,1,0.0,44.0
1115,28,0.3253968253968254,232.64285714285714
1116,75,0.2810810810810811,107.41333333333333
1117,26,0.20307692307692307,37.38461538461539
1118,882,0.28899081388136033,532.234693877551
1119,31,0.23225806451612904,76.0
1120,24,0.13768115942028986,32.541666666666664
1121,1104,0.2706715545219231,542.6829710144928
1122,21,0.3238095238095238,82.47619047619048
1123,275,0.35378898473788983,415.98545454545456
1124,36,0.5142857142857142,296.30555555555554
1125,5,0.2,10.6
1126,5,0.1,21.8
1127,33,0.5625,382.3333333333333
1128,49,0.17261904761904762,36.3469387755102
1129,26,0.16307692307692306,24.423076923076923
1130,6,0.26666666666666666,21.833333333333332
1131,2,0.0,30.0
1132,7,0.09523809523809523,32.714285714285715
1133,0,0.0,0.0
1134,57,0.24937343358395989,49.45614035087719
1135,37,0.2147147147147147,87.8108108108108
1136,25,0.09666666666666666,55.32
1137,0,0.0,0.0
1138,57,0.4016290726817043,196.80701754385964
1139,10,0.6222222222222222,34.7
1140,4,0.16666666666666666,7.0
1141,371,0.3851242077657172,569.0107816711591
1142,0,0.0,0.0
1143,0,0.0,0.0
1144,4,0.16666666666666666,12.5
1145,12,0.3181818181818182,38.0
1146,465,0.44989803485354096,532.4602150537635
1147,0,0.0,0.0
1148,71,0.46398390342052315,340.2957746478873
1149,18,0.5882352941176471,105.88888888888889
1150,11,0.38181818181818183,27.181818181818183
1151,718,0.3310567475903544,506.5
1152,16,0.45,15.3125
1153,99,0.2300556586270872,97.9090909090909
1154,396,0.3457997698504028,544.280303030303
1155,1,0.0,4.0
1156,57,0.17481203007518797,151.3859649122807
1157,0,0.0,0.0
1158,16,0.5666666666666667,70.875
1159,11,0.2909090909090909,49.0
1160,1,0.0,17.0
1161,19,0.34502923976608185,65.78947368421052
1162,161,0.4453416149068323,501.9378881987578
1163,38,0.2901849217638691,136.68421052631578
1164,137,0.5946758265349935,602.978102189781
1165,61,0.580327868852459,311.8360655737705
1166,29,0.3620689655172414,160.55172413793105
1167,4,0.3333333333333333,70.0
1168,49,0.3401360544217687,188.79591836734693
1169,5,0.2,76.2
1170,0,0.0,0.0
1171,2,0.0,3.0
1172,106,0.415633423180593,359.83962264150944
1173,99,0.18449804164089878,99.61616161616162
1174,11,0.2545454545454545,34.54545454545455
1175,217,0.4970131421744325,602.5391705069125
1176,1576,0.21798243493674965,501.2246192893401
1177,49,0.15731292517006804,111.71428571428571
1178,25,0.09,60.24
1179,6,0.5333333333333333,22.0
1180,1,0.0,1.0
1181,89,0.46629213483146065,270.6629213483146
1182,243,0.4341733836683332,465.275720164609
1183,24,0.2536231884057971,29.458333333333332
1184,177,0.362673343605547,165.03389830508473
1185,195,0.5958762886597938,310.5076923076923
1186,8,0.21428571428571427,34.5
1187,29,0.3497536945812808,96.03448275862068
1188,0,0.0,0.0
1189,0,0.0,0.0
1190,123,0.5055311208849793,452.780487804878
1191,1,0.0,26.0
1192,50,0.2342857142857143,96.74
1193,12,0.5606060606060606,129.58333333333334
1194,59,0.2846288720046756,137.4915254237288
1195,69,0.21483375959079284,81.15942028985508
1196,1,0.0,26.0
1197,13,0.23076923076923078,36.0
1198,63,0.504352278545827,358.73015873015873
1199,29,0.20689655172413793,37.62068965517241
1200,157,0.262943001796505,133.85987261146497
1201,75,0.17225225225225224,83.96
1202,15,0.17142857142857143,15.0
1203,12,0.4696969696969697,151.25
1204,34,0.43137254901960786,198.05882352941177
1205,0,0.0,0.0
1206,2,1.0,3.0
1207,67,0.21709633649932158,84.17910447761194
1208,2,0.0,4.5
1209,4,0.5,4.5
1210,9,0.3888888888888889,52.55555555555556
1211,74,0.173639392817475,113.63513513513513
1212,90,0.20449438202247192,133.4777777777778
1213,1,0.0,81.0
1214,96,0.34846491228070176,157.29166666666666
1215,79,0.1973385264524505,60.721518987341774
1216,7,0.23809523809523808,23.714285714285715
1217,11,0.2545454545454545,38.18181818181818
1218,235,0.5397344971813057,593.7404255319149
1219,55,0.23367003367003367,70.78181818181818
1220,70,0.24803312629399585,96.94285714285714
1221,20,0.20526315789473684,64.8
1222,1136,0.2552336042687845,526.4427816901408
1223,15,0.34285714285714286,107.6
1224,1,0.0,71.0
1225,8,0.17857142857142858,85.0
1226,255,0.2354485101127065,160.0235294117647
1227,19,0.19883040935672514,58.63157894736842
1228,0,0.0,0.0
1229,1,0.0,8.0
1230,46,0.2318840579710145,91.93478260869566
1231,0,0.0,0.0
1232,38,0.1422475106685633,129.52631578947367
1233,0,0.0,0.0
1234,1,0.0,16.0
1235,0,0.0,0.0
1236,44,0.3086680761099366,100.1590909090909
1237,32,0.6068548387096774,170.65625
1238,10,0.08888888888888889,11.9
1239,0,0.0,0.0
1240,7,0.19047619047619047,16.0
1241,685,0.4359200922013062,652.7182481751825
1242,22,0.49783549783549785,140.36363636363637
1243,546,0.3871962899485835,527.0860805860806
1244,29,0.3768472906403941,254.0
1245,283,0.49652908302633886,354.11660777385157
1246,11,0.4727272727272727,42.72727272727273
1247,0,0.0,0.0
1248,1,0.0,3.0
1249,6,0.2,43.166666666666664
1250,4,1.0,30.25
1251,1,0.0,8.0
1252,112,0.3227155727155727,179.16071428571428
1253,55,0.20134680134680136,60.90909090909091
1254,3,0.0,10.666666666666666
1255,175,0.20755336617405584,123.70857142857143
1256,16,0.6166666666666667,100.5
1257,471,0.43617473008989477,590.0743099787686
1258,724,0.35739284595340165,570.4295580110497
1259,10,0.2222222222222222,24.5
1260,2,1.0,18.0
1261,246,0.46806039488966317,523.4512195121952
1262,34,0.32620320855614976,104.05882352941177
1263,5,0.4,118.8
1264,144,0.40355477855477856,390.9236111111111
1265,3,0.3333333333333333,31.0
1266,82,0.2836495031616983,228.7560975609756
1267,1,0.0,9.0
1268,11,0.2,42.54545454545455
1269,412,0.4543146009023693,569.5145631067961
1270,18,0.35294117647058826,108.38888888888889
1271,29,0.3251231527093596,46.0
1272,33,0.4090909090909091,80.0909090909091
1273,10,0.5777777777777777,67.9
1274,9,0.4166666666666667,57.333333333333336
1275,19,0.3157894736842105,20.473684210526315
1276,5,0.1,17.6
1277,1,0.0,5.0
1278,10,0.2222222222222222,32.5
1279,7,0.19047619047619047,18.142857142857142
1280,57,0.11904761904761904,104.82456140350877
1281,10,0.4222222222222222,30.0
1282,12,0.25757575757575757,49.5
1283,28,0.4708994708994709,163.67857142857142
1284,0,0.0,0.0
1285,6,0.26666666666666666,8.333333333333334
1286,56,0.20584415584415586,67.91071428571429
1287,24,0.5797101449275363,48.875
1288,16,0.125,39.1875
1289,474,0.2910678762901312,506.3945147679325
1290,9,0.19444444444444445,42.22222222222222
1291,11,0.21818181818181817,18.272727272727273
1292,64,0.3630952380952381,145.96875
1293,83,0.15633264766382604,51.397590361445786
1294,221,0.258124228712464,147.3846153846154
1295,13,0.19230769230769232,21.76923076923077
1296,12,0.8484848484848485,23.916666666666668
1297,3,0.3333333333333333,19.0
1298,9,0.05555555555555555,15.777777777777779
1299,16,0.325,74.0
1300,7,0.3333333333333333,46.0
1301,2,1.0,63.0
1302,177,0.3425141242937853,168.80225988700565
1303,755,0.25893864071530204,487.3973509933775
1304,19,0.2222222222222222,35.1578947368421
1305,22,0.42857142857142855,53.40909090909091
1306,133,0.2889040783777626,296.6766917293233
1307,33,0.19318181818181818,94.93939393939394
1308,625,0.37553333333333333,571.504
1309,0,0.0,0.0
1310,110,0.4168473728106756,395.1090909090909
1311,537,0.3631493371133161,578.2178770949721
1312,0,0.0,0.0
1313,0,0.0,0.0
1314,0,0.0,0.0
1315,0,0.0,0.0
1316,119,0.5483549351944168,633.6806722689075
1317,1,0.0,1.0
1318,6,0.3333333333333333,46.5
1319,5,0.5,79.4
1320,8,0.8571428571428571,483.0
1321,9,0.2222222222222222,23.11111111111111
1322,17,0.35294117647058826,93.05882352941177
1323,493,0.3482907040023747,556.1257606490872
1324,14,0.5934065934065934,39.57142857142857
1325,1,0.0,3.0
1326,6,0.3333333333333333,105.5
1327,7,0.5238095238095238,55.0
1328,3,0.3333333333333333,88.33333333333333
1329,54,0.35150244584206847,115.88888888888889
1330,23,0.43873517786561267,91.56521739130434
1331,56,0.2831168831168831,127.92857142857143
1332,5,0.1,93.6
1333,18,0.24836601307189543,145.11111111111111
1334,85,0.457703081232493,170.6235294117647
1335,11,0.4727272727272727,127.45454545454545
1336,1,0.0,49.0
1337,529,0.43491865727215445,644.2136105860113
1338,12,0.18181818181818182,57.583333333333336
1339,450,0.41518436030685474,584.2711111111112
1340,5,0.7,67.6
1341,14,0.10989010989010989,32.357142857142854
1342,144,0.47620435120435123,466.11805555555554
1343,171,0.44079807361541107,421.84795321637426
1344,49,0.44047619047619047,110.36734693877551
1345,77,0.5341763499658236,526.4285714285714
1346,28,0.5343915343915344,173.28571428571428
1347,6,0.26666666666666666,69.0
1348,73,0.5384322678843226,697.931506849315
1349,8,0.2857142857142857,70.75
1350,21,0.14285714285714285,45.857142857142854
1351,180,0.25927995034140283,157.85
1352,13,0.5384615384615384,45.53846153846154
1353,209,0.24185682738314318,168.01435406698565
1354,6,0.2,49.0
1355,94,0.19309082589796386,112.86170212765957
1356,3,0.6666666666666666,26.333333333333332
1357,8,0.8214285714285714,47.0
1358,5,0.0,11.4
1359,9,0.19444444444444445,27.666666666666668
1360,142,0.5189291779043053,631.0845070422536
1361,25,0.5533333333333333,106.36
1362,1,0.0,4.0
1363,7,0.14285714285714285,87.85714285714286
1364,0,0.0,0.0
1365,2,0.0,15.5
1366,152,0.7082607180202161,700.6447368421053
1367,22,0.341991341991342,78.77272727272727
1368,10,0.26666666666666666,75.8
1369,167,0.4042276891999134,409.4610778443114
1370,70,0.2927536231884058,95.2
1371,38,0.21906116642958748,52.78947368421053
1372,11,0.5454545454545454,84.36363636363636
1373,284,0.45851789180311553,566.1760563380282
1374,50,0.18122448979591838,57.18
1375,17,0.49264705882352944,116.11764705882354
1376,9,0.3611111111111111,46.55555555555556
1377,1,0.0,14.0
1378,379,0.5236140777037874,670.7071240105541
1379,5,0.0,11.6
1380,24,0.15942028985507245,33.791666666666664
1381,35,0.5243697478991597,353.8857142857143
1382,329,0.4607272592482764,547.4559270516718
1383,3,0.6666666666666666,52.333333333333336
1384,8,0.9285714285714286,174.875
1385,20,0.2894736842105263,132.15
1386,49,0.19642857142857142,44.89795918367347
1387,2,0.0,6.0
1388,541,0.4515369343465462,632.9038817005545
1389,7,0.09523809523809523,42.0
1390,441,0.432591218305504,508.6235827664399
1391,2,1.0,23.5
1392,109,0.41930003397893306,174.8440366972477
1393,2,0.0,4.0
1394,10,0.5111111111111111,185.1
1395,15,0.06666666666666667,16.066666666666666
1396,105,0.2858974358974359,277.83809523809526
1397,1,0.0,30.0
1398,103,0.48524652579478394,175.88349514563106
1399,2,0.0,72.0
1400,2,0.0,10.0
1401,4,0.16666666666666666,20.5
1402,6,0.13333333333333333,9.833333333333334
1403,25,0.45,131.52
1404,7,0.6190476190476191,61.142857142857146
1405,16,0.36666666666666664,66.5625
1406,45,0.26565656565656565,113.77777777777777
1407,12,0.25757575757575757,60.583333333333336
1408,151,0.21624724061810155,191.27152317880794
1409,78,0.47052947052947053,453.6025641025641
1410,9,0.16666666666666666,44.77777777777778
1411,29,0.5,141.06896551724137
1412,96,0.18048245614035088,80.13541666666667
1413,248,0.21111401332114405,226.54032258064515
1414,256,0.591421568627451,521.0625
1415,32,0.5766129032258065,204.6875
1416,11,0.2909090909090909,27.0
1417,6,0.3333333333333333,22.833333333333332
1418,188,0.22101490499487997,120.65957446808511
1419,15,0.1523809523809524,35.6
1420,5,0.2,7.8
1421,108,0.29179646936656284,250.89814814814815
1422,1,0.0,1.0
1423,0,0.0,0.0
1424,15,0.2571428571428571,40.666666666666664
1425,12,0.2727272727272727,94.66666666666667
1426,20,0.5842105263157895,315.1
1427,1,0.0,20.0
1428,6,0.4666666666666667,55.666666666666664
1429,37,0.16066066066066065,54.45945945945946
1430,6,0.6,26.0
1431,229,0.4470619780893281,591.768558951965
1432,198,0.24416756396451827,144.4090909090909
1433,11,0.2909090909090909,28.181818181818183
1434,0,0.0,0.0
1435,5,0.4,145.0
1436,11,0.4,12.636363636363637
1437,81,0.520679012345679,318.98765432098764
1438,7,0.3333333333333333,45.0
1439,27,0.12535612535612536,19.25925925925926
1440,15,0.37142857142857144,25.2
1441,31,0.31827956989247314,100.64516129032258
1442,58,0.7120387174833636,494.9310344827586
1443,1,0.0,27.0
1444,519,0.37414540882748976,588.3949903660887
1445,0,0.0,0.0
1446,6,0.06666666666666667,66.83333333333333
1447,281,0.40800711743772244,443.3914590747331
1448,90,0.5333333333333333,488.7
1449,63,0.2304147465437788,83.0
1450,570,0.4027564517620942,558.4122807017544
1451,3,0.3333333333333333,3.0
1452,4,0.8333333333333334,40.5
1453,28,0.11904761904761904,40.642857142857146
1454,90,0.6162297128589264,561.5333333333333
1455,161,0.2514751552795031,353.7826086956522
1456,2,1.0,25.0
1457,29,0.2536945812807882,69.24137931034483
1458,51,0.5450980392156862,319.19607843137254
1459,76,0.27017543859649124,327.5131578947368
1460,46,0.4115942028985507,206.8913043478261
1461,54,0.3710691823899371,324.31481481481484
1462,25,0.09333333333333334,30.12
1463,28,0.42063492063492064,141.57142857142858
1464,2,0.0,2.5
1465,3,0.3333333333333333,21.333333333333332
1466,223,0.4638225669615804,622.4304932735427
1467,534,0.3340360197033258,470.35955056179773
1468,362,0.3369400529529698,529.0138121546961
1469,28,0.2698412698412698,48.607142857142854
1470,12,0.21212121212121213,86.41666666666667
1471,231,0.5910031996988518,713.5021645021645
1472,7,0.09523809523809523,30.857142857142858
1473,204,0.3240606587462571,371.6372549019608
1474,1,0.0,2.0
1475,0,0.0,0.0
1476,0,0.0,0.0
1477,2,0.0,2.5
1478,25,0.2,105.36
1479,30,0.32413793103448274,66.66666666666667
1480,71,0.40362173038229376,396.056338028169
1481,92,0.34615384615384615,160.5108695652174
1482,840,0.3198422157897724,599.1869047619048
1483,5,0.2,10.4
1484,10,0.3111111111111111,55.2
1485,2,1.0,13.0
1486,0,0.0,0.0
1487,393,0.3292568935971335,410.1246819338422
1488,32,0.21370967741935484,49.34375
1489,11,0.4727272727272727,43.36363636363637
1490,113,0.2857142857142857,146.92920353982302
1491,628,0.17910584219669035,384.0238853503185
1492,1,0.0,22.0
1493,26,0.48,144.6153846153846
1494,0,0.0,0.0
1495,60,0.11977401129943503,68.68333333333334
1496,6,0.06666666666666667,8.333333333333334
1497,7,0.09523809523809523,37.42857142857143
1498,511,0.38199608610567515,532.5714285714286
1499,88,0.4056948798328109,166.11363636363637
1500,2,0.0,76.5
1501,361,0.3923361034164358,575.5318559556787
1502,5,0.2,20.8
1503,0,0.0,0.0
1504,395,0.38036368309451907,460.66835443037974
1505,4,0.16666666666666666,13.75
1506,3,0.3333333333333333,41.0
1507,19,0.21052631578947367,25.736842105263158
1508,0,0.0,0.0
1509,31,0.15268817204301074,40.774193548387096
1510,7,0.23809523809523808,22.714285714285715
1511,1,0.0,1.0
1512,20,0.16842105263157894,38.4
1513,26,0.38769230769230767,112.15384615384616
1514,23,0.616600790513834,490.4782608695652
1515,41,0.6878048780487804,193.7560975609756
1516,1,0.0,89.0
1517,0,0.0,0.0
1518,0,0.0,0.0
1519,116,0.38095952023988006,136.25862068965517
1520,117,0.19083407014441497,85.7948717948718
1521,16,0.4083333333333333,204.5
1522,14,0.6923076923076923,130.85714285714286
1523,0,0.0,0.0
1524,2,0.0,12.5
1525,5,0.2,14.8
1526,0,0.0,0.0
1527,1,0.0,3.0
1528,44,0.32558139534883723,91.29545454545455
1529,4,0.3333333333333333,15.75
1530,18,0.28104575163398693,42.888888888888886
1531,1,0.0,2.0
1532,58,0.29522081064730793,71.67241379310344
1533,0,0.0,0.0
1534,24,0.2463768115942029,68.625
1535,54,0.6750524109014675,661.4629629629629
1536,7,0.2857142857142857,49.142857142857146
1537,17,0.16176470588235295,34.529411764705884
1538,5,0.2,23.6
1539,5,0.2,55.2
1540,17,0.6985294117647058,153.94117647058823
1541,154,0.3641456582633053,368.7077922077922
1542,337,0.49705030380104565,599.86646884273
1543,10,0.1111111111111111,16.9
1544,3,0.3333333333333333,12.666666666666666
1545,34,0.14616755793226383,34.11764705882353
1546,111,0.17231777231777232,100.27927927927928
1547,1,0.0,2.0
1548,14,0.27472527472527475,34.0
1549,76,0.4245614035087719,178.30263157894737
1550,0,0.0,0.0
1551,13,0.38461538461538464,34.46153846153846
1552,7,0.23809523809523808,16.714285714285715
1553,13,0.4230769230769231,39.38461538461539
1554,0,0.0,0.0
1555,137,0.6244096178617432,433.9051094890511
1556,0,0.0,0.0
1557,5,0.2,54.8
1558,4,0.3333333333333333,72.5
1559,27,0.33903133903133903,134.1851851851852
1560,40,0.4,145.6
1561,9,0.6388888888888888,48.0
1562,117,0.40539345711759506,415.35042735042737
1563,2,0.0,28.0
1564,15,0.2571428571428571,45.06666666666667
1565,46,0.24541062801932367,113.28260869565217
1566,40,0.46794871794871795,144.8
1567,0,0.0,0.0
1568,57,0.2337092731829574,93.59649122807018
1569,249,0.5337478948050266,253.0281124497992
1570,12,0.06060606060606061,21.416666666666668
1571,1,0.0,24.0
1572,201,0.4476616915422886,559.9950248756219
1573,1,0.0,14.0
1574,14,0.3516483516483517,33.57142857142857
1575,0,0.0,0.0
1576,98,0.6147696191878813,437.31632653061223
1577,1054,0.2575076901452613,519.5597722960151
1578,0,0.0,0.0
1579,19,0.2046783625730994,60.26315789473684
1580,27,0.13675213675213677,28.37037037037037
1581,1,0.0,28.0
1582,50,0.3820408163265306,402.18
1583,22,0.6060606060606061,81.0909090909091
1584,10,0.15555555555555556,73.9
1585,3,0.3333333333333333,6.666666666666667
1586,14,0.27472527472527475,52.785714285714285
1587,8,0.5,66.5
1588,0,0.0,0.0
1589,28,0.37037037037037035,127.85714285714286
1590,31,0.13763440860215054,40.16129032258065
1591,6,0.06666666666666667,9.5
1592,835,0.28206895561395195,474.4778443113772
1593,69,0.2587382779198636,86.55072463768116
1594,45,0.2717171717171717,77.66666666666667
1595,132,0.4770992366412214,260.9015151515151
1596,42,0.27293844367015097,43.42857142857143
1597,33,0.4071969696969697,168.57575757575756
1598,124,0.16535536323105166,150.46774193548387
1599,106,0.27205750224618147,126.27358490566037
1600,25,0.31333333333333335,91.92
1601,6,0.6,293.0
1602,122,0.3943910039290069,483.3606557377049
1603,10,0.35555555555555557,35.0
1604,1,0.0,23.0
1605,1,0.0,33.0
1606,0,0.0,0.0
1607,311,0.5283061923037029,627.2025723472669
1608,0,0.0,0.0
1609,692,0.26427728934358347,505.2557803468208
1610,0,0.0,0.0
1611,8,0.7857142857142857,481.125
1612,12,0.48484848484848486,161.5
1613,7,0.14285714285714285,37.285714285714285
1614,364,0.5394908122180849,705.6016483516484
1615,98,0.3166421207658321,159.6122448979592
1616,4,0.16666666666666666,5.5
1617,0,0.0,0.0
1618,5,0.6,60.6
1619,15,0.6952380952380952,77.13333333333334
1620,7,0.42857142857142855,136.71428571428572
1621,204,0.550758234328214,522.656862745098
1622,2,1.0,15.0
1623,6,0.5333333333333333,160.5
1624,32,0.4274193548387097,88.875
1625,10,0.2,16.5
1626,2,1.0,62.0
1627,176,0.5236363636363637,525.2556818181819
1628,86,0.21094391244870042,59.76744186046512
1629,13,0.5769230769230769,82.3076923076923
1630,1,0.0,3.0
1631,49,0.3877551020408163,153.10204081632654
1632,76,0.3919298245614035,352.60526315789474
1633,0,0.0,0.0
1634,119,0.3126335279874662,205.7058823529412
1635,2,0.0,10.5
1636,16,0.3333333333333333,333.4375
1637,10,0.28888888888888886,49.4
1638,0,0.0,0.0
1639,49,0.24744897959183673,131.59183673469389
1640,237,0.17178001859400702,155.0168776371308
1641,32,0.39919354838709675,282.71875
1642,104,0.3276699029126214,90.47115384615384
1643,135,0.4386954118297402,183.98518518518517
1644,36,0.2634920634920635,65.66666666666667
1645,6,0.2,31.833333333333332
1646,14,0.2087912087912088,74.28571428571429
1647,308,0.4324844536570921,329.65584415584414
1648,41,0.5341463414634147,472.8292682926829
1649,16,0.18333333333333332,20.4375
1650,400,0.4856641604010025,542.895
1651,1,0.0,6.0
1652,1,0.0,9.0
1653,0,0.0,0.0
1654,49,0.5017006802721088,146.6122448979592
1655,8,0.14285714285714285,78.625
1656,31,0.17634408602150536,48.54838709677419
1657,15,0.8285714285714286,155.46666666666667
1658,170,0.6653672119735469,285.3176470588235
1659,1,0.0,4.0
1660,302,0.5670502299179336,637.5960264900663
1661,1,0.0,2.0
1662,50,0.3485714285714286,202.16
1663,44,0.30761099365750527,67.97727272727273
1664,53,0.3062409288824383,85.81132075471699
1665,0,0.0,0.0
1666,0,0.0,0.0
1667,8,0.14285714285714285,34.25
1668,78,0.11821511821511821,48.34615384615385
1669,4,0.16666666666666666,117.25
1670,0,0.0,0.0
1671,158,0.29170362009191325,143.13924050632912
1672,0,0.0,0.0
1673,9,0.4722222222222222,95.11111111111111
1674,4,0.6666666666666666,186.5
1675,42,0.413472706155633,57.38095238095238
1676,80,0.5914556962025317,363.65
1677,69,0.45865302642796246,88.33333333333333
1678,8,0.07142857142857142,30.625
1679,4,0.3333333333333333,17.5
1680,8,0.42857142857142855,31.875
1681,0,0.0,0.0
1682,6,0.4,93.5
1683,4,0.5,47.5
1684,16,0.4,74.3125
1685,217,0.288615804744837,179.87557603686636
1686,6,0.4,5.166666666666667
1687,0,0.0,0.0
1688,18,0.20261437908496732,28.72222222222222
1689,4,0.16666666666666666,55.0
1690,28,0.26455026455026454,58.285714285714285
1691,24,0.2318840579710145,59.083333333333336
1692,23,0.2845849802371542,106.30434782608695
1693,62,0.3426758328926494,205.11290322580646
1694,31,0.4258064516129032,157.32258064516128
1695,108,0.21391484942886813,178.32407407407408
1696,296,0.20506184150251947,173.39864864864865
1697,14,0.15384615384615385,44.857142857142854
1698,11,0.09090909090909091,42.72727272727273
1699,0,0.0,0.0
1700,10,0.13333333333333333,48.0
1701,352,0.35181947681947684,494.6193181818182
1702,4,0.6666666666666666,28.25
1703,6,0.9333333333333333,248.66666666666666
1704,2,0.0,7.5
1705,9,0.6944444444444444,318.3333333333333
1706,9,0.19444444444444445,18.444444444444443
1707,13,0.3974358974358974,17.76923076923077
1708,0,0.0,0.0
1709,0,0.0,0.0
1710,2,1.0,10.0
1711,2,0.0,12.0
1712,130,0.44388789505068577,180.36923076923077
1713,0,0.0,0.0
1714,22,0.1774891774891775,60.13636363636363
1715,10,0.15555555555555556,19.5
1716,1,0.0,31.0
1717,1,0.0,26.0
1718,677,0.35087795967241486,560.7548005908419
1719,81,0.32808641975308644,121.66666666666667
1720,18,0.20261437908496732,36.44444444444444
1721,907,0.32343241552701457,564.9128996692392
1722,0,0.0,0.0
1723,19,0.0935672514619883,28.42105263157895
1724,19,0.5672514619883041,172.10526315789474
1725,152,0.691878703380969,582.0921052631579
1726,2,1.0,15.5
1727,3,0.0,18.0
1728,299,0.2732149671163386,472.40802675585286
1729,6,0.13333333333333333,82.66666666666667
1730,0,0.0,0.0
1731,34,0.44206773618538325,157.91176470588235
1732,0,0.0,0.0
1733,279,0.4838709677419355,555.8637992831541
1734,127,0.19210098737657794,108.11023622047244
1735,361,0.4261772853185596,490.34626038781164
1736,8,0.4642857142857143,82.625
1737,3,0.0,15.0
1738,0,0.0,0.0
1739,33,0.5,175.57575757575756
1740,8,0.32142857142857145,40.125
1741,0,0.0,0.0
1742,10,0.6888888888888889,48.2
1743,44,0.22938689217758984,71.06818181818181
1744,0,0.0,0.0
1745,0,0.0,0.0
1746,0,0.0,0.0
1747,388,0.41543461466741255,554.159793814433
1748,6,0.13333333333333333,31.5
1749,27,0.45584045584045585,484.8888888888889
1750,2,1.0,119.5
1751,11,0.21818181818181817,39.09090909090909
1752,2,0.0,3.0
1753,173,0.6292512434466998,722.6300578034682
1754,0,0.0,0.0
1755,30,0.3425287356321839,170.7
1756,89,0.6062308478038815,514.1123595505618
1757,5,0.4,26.0
1758,35,0.34789915966386553,129.4
1759,57,0.17481203007518797,150.01754385964912
1760,7,0.3333333333333333,62.714285714285715
1761,21,0.2714285714285714,184.66666666666666
1762,59,0.2413793103448276,106.42372881355932
1763,5,0.6,54.0
1764,0,0.0,0.0
1765,27,0.27350427350427353,49.7037037037037
1766,22,0.14285714285714285,57.77272727272727
1767,14,0.2967032967032967,48.57142857142857
1768,8,0.14285714285714285,20.625
1769,2,0.0,3.0
1770,32,0.21975806451612903,160.375
1771,89,0.3406537282941777,164.5505617977528
1772,7,0.14285714285714285,10.428571428571429
1773,12,0.10606060606060606,31.583333333333332
1774,0,0.0,0.0
1775,66,0.2289044289044289,112.27272727272727
1776,21,0.3142857142857143,98.42857142857143
1777,21,0.3904761904761905,44.523809523809526
1778,2,1.0,6.5
1779,2,0.0,37.5
1780,1,0.0,5.0
1781,4,0.16666666666666666,73.75
1782,6,0.06666666666666667,8.5
1783,22,0.2077922077922078,45.81818181818182
1784,272,0.5365205122639461,308.62867647058823
1785,31,0.4043010752688172,303.16129032258067
1786,232,0.28201970443349755,374.0646551724138
1787,11,0.12727272727272726,15.727272727272727
1788,405,0.4335289084464002,576.1925925925926
1789,2,0.0,20.0
1790,385,0.5502976190476191,626.6103896103896
1791,20,0.4052631578947368,171.95
1792,7,0.14285714285714285,28.571428571428573
1793,5,0.3,89.0
1794,17,0.3088235294117647,39.23529411764706
1795,16,0.55,625.0625
1796,7,0.2857142857142857,45.0
1797,16,0.36666666666666664,69.125
1798,189,0.2020150849938084,141.7195767195767
1799,15,0.34285714285714286,35.333333333333336
1800,106,0.5922731356693621,649.2075471698113
1801,187,0.22287390029325513,164.11764705882354
1802,8,0.4642857142857143,74.75
1803,354,0.38806997327187465,591.6892655367232
1804,2,0.0,20.5
1805,10,0.17777777777777778,50.6
1806,7,0.23809523809523808,10.0
1807,0,0.0,0.0
1808,636,0.4252760857722973,578.6383647798742
1809,1,0.0,7.0
1810,462,0.2545848944981266,437.55194805194805
1811,7,0.6190476190476191,236.85714285714286
1812,76,0.6849122807017544,605.3157894736842
1813,14,0.21978021978021978,70.21428571428571
1814,8,0.25,18.375
1815,18,0.3006535947712418,88.5
1816,10,0.28888888888888886,30.3
1817,0,0.0,0.0
1818,33,0.21212121212121213,41.39393939393939
1819,323,0.5956964021306463,598.7678018575851
1820,779,0.3733083413908148,570.188703465982
1821,690,0.3475147767190425,564.4289855072464
1822,0,0.0,0.0
1823,9,0.2222222222222222,21.555555555555557
1824,5,0.4,25.4
1825,22,0.2943722943722944,30.0
1826,163,0.5466939331970007,551.6503067484663
1827,8,0.03571428571428571,23.625
1828,3,0.0,5.333333333333333
1829,0,0.0,0.0
1830,153,0.5221018231854145,447.12418300653593
1831,139,0.2498175372745282,125.32374100719424
1832,0,0.0,0.0
1833,0,0.0,0.0
1834,911,0.34061350285280034,568.0230515916575
1835,70,0.4575569358178054,131.67142857142858
1836,273,0.2316849816849817,163.7765567765568
1837,24,0.5362318840579711,148.625
1838,43,0.5105204872646734,175.51162790697674
1839,209,0.3882039013617961,417.98086124401914
1840,7,0.23809523809523808,35.142857142857146
1841,11,0.23636363636363636,64.27272727272727
1842,16,0.26666666666666666,55.0625
1843,115,0.1369946605644546,129.82608695652175
1844,60,0.4915254237288136,170.08333333333334
1845,3,0.6666666666666666,20.666666666666668
1846,0,0.0,0.0
1847,2,0.0,61.0
1848,2,0.0,29.5
1849,21,0.3380952380952381,20.952380952380953
1850,90,0.6247191011235955,493.2888888888889
1851,937,0.3133933539483166,567.7481323372465
1852,0,0.0,0.0
1853,37,0.23273273273273273,105.91891891891892
1854,48,0.22872340425531915,83.125
1855,0,0.0,0.0
1856,0,0.0,0.0
1857,37,0.1906906906906907,178.51351351351352
1858,30,0.3563218390804598,104.96666666666667
1859,276,0.5473781291172596,665.0905797101449
1860,10,0.4444444444444444,39.6
1861,17,0.2867647058823529,96.6470588235294
1862,11,0.21818181818181817,53.27272727272727
1863,20,0.5421052631578948,79.7
1864,6,0.6,37.666666666666664
1865,286,0.2506931664826402,179.36713286713288
1866,0,0.0,0.0
1867,175,0.5236124794745485,526.6514285714286
1868,1,0.0,29.0
1869,11,0.43636363636363634,78.0909090909091
1870,0,0.0,0.0
1871,0,0.0,0.0
1872,13,0.46153846153846156,30.46153846153846
1873,0,0.0,0.0
1874,8,0.07142857142857142,11.375
1875,264,0.34776471943772325,447.2462121212121
1876,130,0.500417412045319,374.39230769230767
1877,118,0.24366217586556568,129.71186440677965
1878,0,0.0,0.0
1879,52,0.45625942684766213,120.96153846153847
1880,2,0.0,25.0
1881,624,0.3786938716713998,566.6394230769231
1882,4,0.16666666666666666,22.5
1883,6,0.26666666666666666,5.833333333333333
1884,1,0.0,32.0
1885,146,0.4547945205479452,555.8356164383562
1886,199,0.6990000507588447,740.6633165829146
1887,272,0.3896787497286738,341.41911764705884
1888,368,0.21903506693519725,163.40217391304347
1889,356,0.5097800284855198,542.9129213483146
1890,6,0.0,10.833333333333334
1891,5,0.3,18.2
1892,16,0.23333333333333334,46.8125
1893,21,0.3142857142857143,260.6666666666667
1894,82,0.356519120746763,350.219512195122
1895,154,0.5546218487394958,550.8636363636364
1896,56,0.551948051948052,369.55357142857144
1897,2,0.0,2.0
1898,292,0.4139951984183025,421.84589041095893
1899,70,0.2,95.4
1900,26,0.18153846153846154,81.8076923076923
1901,0,0.0,0.0
1902,39,0.22402159244264508,190.25641025641025
1903,17,0.5514705882352942,270.4117647058824
1904,26,0.19692307692307692,20.576923076923077
1905,36,0.3047619047619048,43.27777777777778
1906,31,0.2064516129032258,47.74193548387097
1907,830,0.3053468397110759,566.6746987951807
1908,148,0.4457620886192315,339.3716216216216
1909,7,0.19047619047619047,76.85714285714286
1910,4,0.0,13.0
1911,11,0.09090909090909091,26.181818181818183
1912,41,0.12195121951219512,44.8780487804878
1913,48,0.5904255319148937,288.8541666666667
1914,61,0.2098360655737705,109.98360655737704
1915,41,0.2707317073170732,155.609756097561
1916,25,0.10333333333333333,17.64
1917,70,0.4132505175983437,382.7142857142857
1918,7,0.2857142857142857,33.57142857142857
1919,0,0.0,0.0
1920,134,0.13623611266973404,254.00746268656715
1921,0,0.0,0.0
1922,31,0.2129032258064516,65.83870967741936
1923,23,0.2608695652173913,50.130434782608695
1924,79,0.21551444336254463,233.21518987341773
1925,0,0.0,0.0
1926,7,0.14285714285714285,49.0
1927,5,0.4,32.4
1928,32,0.47580645161290325,109.5
1929,67,0.7544097693351425,678.8507462686567
1930,1,0.0,7.0
1931,5,0.5,11.8
1932,51,0.36627450980392157,113.98039215686275
1933,90,0.37378277153558054,245.96666666666667
1934,4,0.6666666666666666,31.5
1935,834,0.3507561297900455,568.2074340527578
1936,5,0.9,54.2
1937,14,0.15384615384615385,26.357142857142858
1938,50,0.16816326530612244,72.5
1939,32,0.17943548387096775,39.25
1940,4,0.5,10.75
1941,7,0.09523809523809523,88.28571428571429
1942,11,0.4909090909090909,65.36363636363636
1943,134,0.4280103243182583,159.97761194029852
1944,81,0.4324074074074074,380.8888888888889
1945,229,0.6689266835210297,275.27947598253274
1946,914,0.32510707241138814,565.4496717724289
1947,79,0.22200584225900682,169.39240506329114
1948,8,0.5,62.625
1949,41,0.16707317073170733,46.51219512195122
1950,492,0.34792939579090293,540.9166666666666
1951,13,0.5897435897435898,54.76923076923077
1952,906,0.3047016208700743,565.1015452538632
1953,86,0.518467852257182,332.3837209302326
1954,0,0.0,0.0
1955,0,0.0,0.0
1956,44,0.5295983086680761,288.75
1957,110,0.1811509591326105,125.2909090909091
1958,9,0.5833333333333334,39.111111111111114
1959,0,0.0,0.0
1960,292,0.47853410535235136,519.1130136986301
1961,0,0.0,0.0
1962,8,0.14285714285714285,22.25
1963,87,0.1801657310879444,72.9080459770115
1964,29,0.4236453201970443,217.48275862068965
1965,0,0.0,0.0
1966,3,0.3333333333333333,4.666666666666667
1967,17,0.4485294117647059,95.3529411764706
1968,5,0.6,68.0
1969,9,0.4444444444444444,57.55555555555556
1970,5,0.1,18.6
1971,192,0.5443935427574171,532.7291666666666
1972,22,0.2943722943722944,70.04545454545455
1973,20,0.33157894736842103,62.95
1974,13,0.6666666666666666,191.30769230769232
1975,25,0.21666666666666667,39.68
1976,25,0.43,80.08
1977,29,0.33004926108374383,98.13793103448276
1978,116,0.38845577211394305,150.2844827586207
1979,66,0.11841491841491841,61.63636363636363
1980,561,0.2939457601222307,509.74688057041
1981,0,0.0,0.0
1982,23,0.11857707509881422,46.04347826086956
1983,0,0.0,0.0
1984,3,0.0,9.333333333333334
1985,16,0.13333333333333333,17.9375
1986,15,0.5047619047619047,54.733333333333334
1987,12,0.3939393939393939,33.583333333333336
1988,79,0.6238234339500163,340.9240506329114
1989,1,0.0,2.0
1990,1,0.0,12.0
1991,10,0.2222222222222222,49.7
1992,19,0.4853801169590643,59.578947368421055
1993,115,0.36445461479786423,182.5304347826087
1994,7,0.38095238095238093,9.857142857142858
1995,25,0.35333333333333333,63.56
1996,0,0.0,0.0
1997,24,0.6739130434782609,107.5
1998,25,0.17,45.68
1999,73,0.22907153729071536,100.68493150684931
2000,5,0.2,19.6
2001,0,0.0,0.0
2002,41,0.22682926829268293,96.70731707317073
2003,0,0.0,0.0
2004,1,0.0,3.0
2005,179,0.48446425208712574,590.2178770949721
2006,177,0.2223934257832563,127.7683615819209
2007,5,0.1,76.0
2008,3,0.3333333333333333,42.0
2009,0,0.0,0.0
2010,468,0.3735976134263072,299.39529914529913
2011,31,0.2129032258064516,62.096774193548384
2012,111,0.25864045864045865,128.0
2013,53,0.5870827285921626,615.6792452830189
2014,1156,0.24124537515540975,492.91782006920414
2015,43,0.17829457364341086,35.7906976744186
2016,5,0.2,266.4
2017,6,0.3333333333333333,31.333333333333332
2018,5,0.3,16.8
2019,41,0.3878048780487805,104.82926829268293
2020,86,0.1625170998632011,113.69767441860465
2021,2,0.0,22.0
2022,17,0.27941176470588236,63.411764705882355
2023,4,0.16666666666666666,154.75
2024,0,0.0,0.0
2025,0,0.0,0.0
2026,72,0.4757433489827856,491.90277777777777
2027,35,0.05546218487394958,34.34285714285714
2028,54,0.39552760307477286,137.0185185185185
2029,210,0.3346092503987241,438.0857142857143
2030,150,0.25395973154362417,136.30666666666667
2031,0,0.0,0.0
2032,57,0.14536340852130325,112.05263157894737
2033,97,0.3288230240549828,153.58762886597938
2034,0,0.0,0.0
2035,1,0.0,87.0
2036,281,0.5200559227249618,281.20640569395016
2037,1,0.0,4.0
2038,38,0.23897581792318634,91.8157894736842
2039,22,0.3463203463203463,107.27272727272727
2040,2,0.0,12.0
2041,72,0.1838810641627543,92.26388888888889
2042,28,0.6084656084656085,480.10714285714283
2043,6,0.4,6.166666666666667
2044,22,0.11255411255411256,50.09090909090909
2045,4,0.3333333333333333,35.75
2046,4,0.3333333333333333,205.75
2047,7,0.42857142857142855,96.14285714285714
2048,1,0.0,6.0
2049,12,0.06060606060606061,26.916666666666668
2050,31,0.210752688172043,101.35483870967742
2051,145,0.33448275862068966,417.28275862068966
2052,86,0.46073871409028727,425.1511627906977
2053,156,0.5378825475599669,540.1474358974359
2054,150,0.2708724832214765,304.58666666666664
2055,117,0.4002357795461244,204.42735042735043
2056,3,0.3333333333333333,9.666666666666666
2057,6,0.4666666666666667,43.5
2058,313,0.34920537396575735,450.1884984025559
2059,1,0.0,1.0
2060,110,0.3184320266889074,121.18181818181819
2061,71,0.3295774647887324,59.66197183098591
2062,0,0.0,0.0
2063,7,0.09523809523809523,18.0
2064,8,0.25,95.625
2065,2,1.0,8.5
2066,16,0.20833333333333334,59.375
2067,1,0.0,6.0
2068,109,0.5394155623513421,521.697247706422
2069,717,0.42828592132021226,645.7475592747559
2070,25,0.7133333333333334,485.04
2071,89,0.20148110316649642,273.46067415730334
2072,0,0.0,0.0
2073,0,0.0,0.0
2074,15,0.3333333333333333,51.333333333333336
2075,132,0.2685634975711312,302.3181818181818
2076,6,0.2,63.666666666666664
2077,0,0.0,0.0
2078,10,0.13333333333333333,119.1
2079,2,0.0,19.5
2080,10,0.28888888888888886,126.7
2081,34,0.0784313725490196,31.676470588235293
2082,7,0.42857142857142855,18.0
2083,15,0.2761904761904762,45.266666666666666
2084,29,0.270935960591133,67.17241379310344
2085,83,0.4872171613282398,480.2048192771084
2086,12,0.2727272727272727,34.666666666666664
2087,17,0.19117647058823528,53.05882352941177
2088,15,0.34285714285714286,80.6
2089,3,0.3333333333333333,15.333333333333334
2090,23,0.6363636363636364,259.17391304347825
2091,37,0.496996996996997,53.567567567567565
2092,21,0.45714285714285713,364.6666666666667
2093,765,0.35355370769599287,589.0562091503268
2094,153,0.34872721018231856,326.5686274509804
2095,57,0.38345864661654133,423.2631578947368
2096,22,0.12554112554112554,69.36363636363636
2097,29,0.3103448275862069,139.41379310344828
2098,95,0.4351623740201568,309.4736842105263
2099,0,0.0,0.0
2100,0,0.0,0.0
2101,215,0.6046076939795697,485.92093023255813
2102,26,0.6215384615384615,196.19230769230768
2103,30,0.32873563218390806,50.43333333333333
2104,70,0.3217391304347826,125.35714285714286
2105,1,0.0,15.0
2106,34,0.31016042780748665,57.14705882352941
2107,49,0.3852040816326531,132.6326530612245
2108,1,0.0,288.0
2109,8,0.4642857142857143,21.625
2110,15,0.23809523809523808,194.46666666666667
2111,0,0.0,0.0
2112,96,0.4903508771929825,515.4270833333334
2113,12,0.30303030303030304,46.083333333333336
2114,79,0.3953261927945472,155.54430379746836
2115,197,0.16440484823370974,111.15228426395939
2116,44,0.23150105708245244,111.27272727272727
2117,24,0.4528985507246377,265.4166666666667
2118,2,1.0,11.5
2119,2,1.0,75.0
2120,23,0.1976284584980237,37.52173913043478
2121,1,0.0,110.0
2122,9,0.3055555555555556,135.22222222222223
2123,19,0.15789473684210525,36.26315789473684
2124,9,0.2777777777777778,25.444444444444443
2125,0,0.0,0.0
2126,7,0.3333333333333333,33.857142857142854
2127,64,0.4573412698412698,522.28125
2128,0,0.0,0.0
2129,13,0.38461538461538464,28.76923076923077
2130,28,0.30687830687830686,98.07142857142857
2131,0,0.0,0.0
2132,18,0.13071895424836602,33.44444444444444
2133,969,0.2939342766249606,536.2466460268317
2134,0,0.0,0.0
2135,53,0.4412191582002903,448.1509433962264
2136,50,0.2571428571428571,121.16
2137,6,0.13333333333333333,11.0
2138,18,0.20915032679738563,22.88888888888889
2139,247,0.3292847503373819,473.5910931174089
2140,19,0.26900584795321636,28.789473684210527
2141,88,0.36337513061650994,200.47727272727272
2142,243,0.6006529945923885,302.5432098765432
2143,3,0.0,54.0
2144,168,0.40533219275734245,421.5297619047619
2145,229,0.39998467785183484,462.1834061135371
2146,60,0.29322033898305083,191.73333333333332
2147,7,0.14285714285714285,43.0
2148,43,0.21816168327796234,130.86046511627907
2149,38,0.33428165007112376,87.42105263157895
2150,1,0.0,70.0
2151,1,0.0,3.0
2152,194,0.36173281341808666,411.41752577319585
2153,3,0.6666666666666666,3.0
2154,2,1.0,164.0
2155,53,0.41001451378809867,228.71698113207546
2156,77,0.20642515379357484,137.42857142857142
2157,2,0.0,7.0
2158,27,0.2564102564102564,67.96296296296296
2159,19,0.17543859649122806,41.05263157894737
2160,0,0.0,0.0
2161,57,0.24561403508771928,113.87719298245614
2162,71,0.24386317907444668,124.45070422535211
2163,8,0.03571428571428571,11.5
2164,51,0.4462745098039216,315.078431372549
2165,157,0.44651314715008983,458.69426751592357
2166,0,0.0,0.0
2167,65,0.19278846153846155,121.4
2168,558,0.3812088569718731,609.4659498207885
2169,133,0.4429254955570745,455.42857142857144
2170,351,0.40306064306064304,521.5128205128206
2171,2,0.0,13.5
2172,7,0.2857142857142857,98.28571428571429
2173,339,0.15766874378174583,131.57227138643069
2174,0,0.0,0.0
2175,42,0.4924506387921022,242.0952380952381
2176,0,0.0,0.0
2177,8,0.10714285714285714,14.5
2178,100,0.2921212121212121,150.25
2179,22,0.24675324675324675,79.5
2180,619,0.39548075766843904,616.8885298869144
2181,30,0.23908045977011494,75.46666666666667
2182,0,0.0,0.0
2183,786,0.3046433607234891,551.3027989821883
2184,6,0.13333333333333333,31.833333333333332
2185,678,0.32936388631085434,574.6489675516224
2186,1,0.0,4.0
2187,532,0.41637285303654614,613.0169172932331
2188,5,0.1,27.2
2189,40,0.22435897435897437,141.275
2190,1,0.0,6.0
2191,11,0.4727272727272727,53.72727272727273
2192,48,0.43882978723404253,167.125
2193,90,0.3538077403245943,354.73333333333335
2194,37,0.2702702702702703,58.67567567567568
2195,11,0.32727272727272727,150.8181818181818
2196,0,0.0,0.0
2197,105,0.2924908424908425,352.56190476190477
2198,25,0.13333333333333333,48.84
2199,3,0.0,22.666666666666668
2200,0,0.0,0.0
2201,3,0.0,8.0
2202,110,0.4171809841534612,408.54545454545456
2203,73,0.19406392694063926,140.6164383561644
2204,102,0.49019607843137253,518.9607843137255
2205,2,0.0,158.0
2206,26,0.38153846153846155,93.1923076923077
2207,4,0.8333333333333334,328.25
2208,46,0.2492753623188406,108.1086956521739
2209,8,0.35714285714285715,147.375
2210,27,0.358974358974359,32.074074074074076
2211,7,0.5238095238095238,29.714285714285715
2212,39,0.24696356275303644,27.974358974358974
2213,32,0.6774193548387096,322.46875
2214,74,0.36949278045168454,162.3918918918919
2215,1,0.0,55.0
2216,36,0.7047619047619048,632.1388888888889
2217,9,0.5833333333333334,39.111111111111114
2218,60,0.15593220338983052,55.833333333333336
2219,11,0.41818181818181815,77.0
2220,10,0.6444444444444445,36.4
2221,15,0.26666666666666666,49.86666666666667
2222,89,0.4236465781409602,435.60674157303373
2223,5,0.2,21.2
2224,13,0.15384615384615385,38.46153846153846
2225,8,0.4642857142857143,252.0
2226,26,0.2553846153846154,43.19230769230769
2227,12,0.5606060606060606,293.4166666666667
2228,594,0.3055172296319008,525.5909090909091
2229,59,0.38223261250730567,369.271186440678
2230,18,0.42483660130718953,194.11111111111111
2231,0,0.0,0.0
2232,5,0.3,22.4
2233,1,0.0,3.0
2234,148,0.503125574554146,451.8310810810811
2235,1,0.0,21.0
2236,92,0.19947443860487338,82.47826086956522
2237,60,0.2790960451977401,56.71666666666667
2238,7,0.09523809523809523,14.857142857142858
2239,16,0.2916666666666667,22.9375
2240,31,0.5333333333333333,47.0
2241,306,0.48325297332047573,308.47058823529414
2242,56,0.31753246753246755,77.96428571428571
2243,3,0.3333333333333333,78.66666666666667
2244,327,0.3626761223992045,484.03975535168195
2245,0,0.0,0.0
2246,8,0.21428571428571427,15.75
2247,4,0.6666666666666666,133.75
2248,23,0.6324110671936759,37.0
2249,0,0.0,0.0
2250,0,0.0,0.0
2251,11,0.38181818181818183,80.81818181818181
2252,53,0.23802612481857766,72.69811320754717
2253,9,0.08333333333333333,33.0
2254,11,0.14545454545454545,51.18181818181818
2255,236,0.1289578074287775,105.23728813559322
2256,37,0.36186186186186187,268.27027027027026
2257,23,0.3241106719367589,32.65217391304348
2258,1,0.0,4.0
2259,242,0.21628202050684134,133.8801652892562
2260,2,0.0,28.5
2261,7,0.14285714285714285,31.714285714285715
2262,3,0.3333333333333333,55.0
2263,1,0.0,2.0
2264,3,0.0,19.333333333333332
2265,5,0.5,93.4
2266,81,0.408641975308642,118.9753086419753
2267,475,0.3627892516100378,490.6694736842105
2268,209,0.4221107839528892,467.98086124401914
2269,109,0.3211009174311927,175.78899082568807
2270,124,0.14332546551271963,136.32258064516128
2271,0,0.0,0.0
2272,24,0.11594202898550725,27.458333333333332
2273,4,0.16666666666666666,15.75
2274,137,0.5931730356376127,555.3503649635037
2275,147,0.6152269126828813,369.2448979591837
2276,14,0.31868131868131866,135.71428571428572
2277,19,0.3684210526315789,19.789473684210527
2278,3,0.0,22.0
2279,1,0.0,3.0
2280,43,0.30454042081949056,355.5813953488372
2281,190,0.2596491228070175,258.0210526315789
2282,11,0.5636363636363636,122.81818181818181
2283,1,0.0,7.0
2284,14,0.08791208791208792,113.92857142857143
2285,1,0.0,4.0
2286,3,0.3333333333333333,31.0
2287,7,0.5238095238095238,28.428571428571427
2288,69,0.42625745950554134,292.39130434782606
2289,2,1.0,6.5
2290,1,0.0,21.0
2291,631,0.35110306140417075,581.6925515055467
2292,37,0.3228228228228228,130.02702702702703
2293,58,0.1869328493647913,92.20689655172414
2294,2,1.0,31.0
2295,31,0.23870967741935484,46.096774193548384
2296,893,0.3377967148574614,584.9283314669652
2297,1,0.0,4.0
2298,0,0.0,0.0
2299,4,0.3333333333333333,5.5
2300,3,0.3333333333333333,31.0
2301,78,0.2360972360972361,57.38461538461539
2302,20,0.5263157894736842,133.55
2303,1,0.0,22.0
2304,4,0.5,196.75
2305,4,0.3333333333333333,19.5
2306,13,0.11538461538461539,37.53846153846154
2307,221,0.4408473879062114,524.3303167420814
2308,541,0.34634079550900254,477.70794824399263
2309,171,0.23095975232198143,164.61988304093566
2310,14,0.16483516483516483,70.14285714285714
2311,131,0.557839107457428,472.381679389313
2312,5,0.2,24.0
2313,58,0.147005444646098,66.72413793103448
2314,4,0.16666666666666666,19.5
2315,3,0.6666666666666666,53.333333333333336
2316,6,0.4,43.166666666666664
2317,59,0.5803623611922852,552.728813559322
2318,7,0.09523809523809523,22.571428571428573
2319,580,0.3019117384313025,421.85
2320,31,0.2860215053763441,104.38709677419355
2321,0,0.0,0.0
2322,6,0.0,7.833333333333333
2323,36,0.29365079365079366,90.69444444444444
2324,124,0.21938106477838973,92.78225806451613
2325,525,0.381701199563795,564.48
2326,248,0.5262178398850725,531.1693548387096
2327,88,0.21760710553814003,128.95454545454547
2328,24,0.2246376811594203,59.875
2329,2,0.0,6.0
2330,16,0.3416666666666667,78.5
2331,13,0.21794871794871795,26.153846153846153
2332,9,0.19444444444444445,22.333333333333332
2333,0,0.0,0.0
2334,33,0.4564393939393939,427.2121212121212
2335,16,0.48333333333333334,60.25
2336,611,0.27880121273912695,414.9312602291326
2337,34,0.27807486631016043,83.11764705882354
2338,5,0.6,100.6
2339,14,0.26373626373626374,67.21428571428571
2340,7,0.42857142857142855,50.42857142857143
2341,0,0.0,0.0
2342,54,0.2180293501048218,118.68518518518519
2343,13,0.2692307692307692,59.69230769230769
2344,18,0.09803921568627451,23.11111111111111
2345,5,0.1,38.6
2346,0,0.0,0.0
2347,4,0.5,44.75
2348,30,0.2597701149425287,118.5
2349,10,0.3333333333333333,62.0
2350,72,0.31768388106416273,360.65277777777777
2351,41,0.6060975609756097,507.5365853658537
2352,15,0.6666666666666666,30.4
2353,681,0.26955601623909475,494.0748898678414
2354,4,0.0,10.25
2355,29,0.29064039408866993,42.37931034482759
2356,19,0.23391812865497075,48.31578947368421
2357,27,0.23931623931623933,49.96296296296296
2358,0,0.0,0.0
2359,36,0.36507936507936506,66.0
2360,47,0.2590194264569843,99.42553191489361
2361,24,0.44565217391304346,86.54166666666667
2362,59,0.13617767387492694,131.45762711864407
2363,15,0.34285714285714286,13.733333333333333
2364,2,1.0,160.0
2365,9,0.9444444444444444,567.4444444444445
2366,45,0.24545454545454545,78.22222222222223
2367,179,0.4034900508442659,443.05027932960894
2368,0,0.0,0.0
2369,0,0.0,0.0
2370,2,0.0,7.5
2371,15,0.2761904761904762,88.13333333333334
2372,1,0.0,1.0
2373,0,0.0,0.0
2374,10,0.2222222222222222,21.0
2375,10,0.08888888888888889,19.4
2376,6,0.3333333333333333,62.0
2377,24,0.13405797101449277,31.666666666666668
2378,26,0.18769230769230769,19.307692307692307
2379,10,0.4222222222222222,139.8
2380,2,1.0,10.0
2381,33,0.25,51.878787878787875
2382,7,0.38095238095238093,53.57142857142857
2383,143,0.21274500147739583,105.18181818181819
2384,18,0.5098039215686274,161.38888888888889
2385,60,0.5576271186440678,496.65
2386,5,0.2,15.4
2387,29,0.3645320197044335,82.34482758620689
2388,8,0.03571428571428571,23.5
2389,106,0.26037735849056604,164.80188679245282
2390,0,0.0,0.0
2391,0,0.0,0.0
2392,74,0.19881525360977415,267.2162162162162
2393,73,0.2378234398782344,174.58904109589042
2394,0,0.0,0.0
2395,116,0.5619190404797602,422.4913793103448
2396,308,0.16208384449426794,187.43506493506493
2397,142,0.3486165218259914,292.64084507042253
2398,6,0.4666666666666667,13.0
2399,27,0.3561253561253561,78.5925925925926
2400,5,0.0,5.2
2401,82,0.44534778681120146,135.109756097561
2402,172,0.4494084047327621,328.0988372093023
2403,14,0.26373626373626374,56.642857142857146
2404,22,0.3463203463203463,106.4090909090909
2405,148,0.4003493289207575,183.06756756756758
2406,117,0.2941349837901562,168.43589743589743
2407,104,0.3556758775205377,117.46153846153847
2408,39,0.16869095816464239,90.97435897435898
2409,0,0.0,0.0
2410,52,0.1885369532428356,53.92307692307692
2411,17,0.17647058823529413,40.94117647058823
2412,3,0.3333333333333333,19.333333333333332
2413,0,0.0,0.0
2414,5,0.4,37.2
2415,3,0.0,20.333333333333332
2416,0,0.0,0.0
2417,2,1.0,12.5
2418,1,0.0,22.0
2419,0,0.0,0.0
2420,43,0.32447397563676633,148.27906976744185
2421,12,0.8333333333333334,543.0833333333334
2422,0,0.0,0.0
2423,15,0.1619047619047619,21.6
2424,3,0.3333333333333333,5.0
2425,71,0.1529175050301811,77.52112676056338
2426,115,0.15774218154080855,59.61739130434783
2427,20,0.20526315789473684,50.1
2428,149,0.6460185017231997,547.6241610738255
2429,24,0.5362318840579711,31.291666666666668
2430,6,0.13333333333333333,8.333333333333334
2431,8,0.2857142857142857,19.75
2432,15,0.14285714285714285,23.8
2433,4,0.16666666666666666,20.25
2434,47,0.22294172062904719,99.12765957446808
2435,30,0.3195402298850575,74.5
2436,40,0.13205128205128205,53.675
2437,67,0.31343283582089554,202.55223880597015
2438,64,0.21428571428571427,104.984375
2439,36,0.3476190476190476,153.97222222222223
2440,18,0.24836601307189543,29.61111111111111
2441,11,0.2545454545454545,72.9090909090909
2442,0,0.0,0.0
2443,13,0.2564102564102564,48.0
2444,3,0.3333333333333333,21.333333333333332
2445,268,0.18978142992900665,211.63059701492537
2446,9,0.2777777777777778,28.0
2447,285,0.544403261675315,606.9754385964912
2448,65,0.6576923076923077,568.2923076923076
2449,0,0.0,0.0
2450,4,0.6666666666666666,34.0
2451,3,0.3333333333333333,58.0
2452,212,0.44683895198068496,547.7169811320755
2453,104,0.5448095593726662,245.06730769230768
2454,18,0.2679738562091503,19.11111111111111
2455,49,0.3656462585034014,171.85714285714286
2456,2,0.0,99.5
2457,386,0.42131754256106585,636.1450777202073
2458,47,0.15911193339500462,52.46808510638298
2459,6,0.4,19.0
2460,41,0.4304878048780488,140.4390243902439
2461,10,0.4666666666666667,66.6
2462,20,0.21578947368421053,111.85
2463,6,0.2,58.333333333333336
2464,4,0.3333333333333333,23.25
2465,11,0.2727272727272727,52.36363636363637
2466,1,0.0,2.0
2467,4,0.3333333333333333,116.5
2468,0,0.0,0.0
2469,48,0.4379432624113475,353.0625
2470,0,0.0,0.0
2471,66,0.4951048951048951,299.04545454545456
2472,0,0.0,0.0
2473,5,0.3,6.8
2474,3,0.6666666666666666,6.666666666666667
2475,44,0.4355179704016913,233.86363636363637
2476,10,0.1111111111111111,29.5
2477,137,0.2878917990553886,157.5985401459854
2478,0,0.0,0.0
2479,10,0.37777777777777777,65.1
2480,0,0.0,0.0
2481,106,0.30619946091644207,180.9245283018868
2482,20,0.3684210526315789,49.2
2483,1,0.0,17.0
2484,2,0.0,3.0
2485,52,0.2368024132730015,199.40384615384616
2486,5,0.2,107.4
2487,9,0.1111111111111111,42.22222222222222
2488,41,0.1975609756097561,74.02439024390245
2489,400,0.32585213032581456,403.4725
2490,16,0.1,45.875
2491,0,0.0,0.0
2492,83,0.1792535997649133,49.54216867469879
2493,515,0.3428355558913528,546.1262135922331
2494,0,0.0,0.0
2495,101,0.2021782178217822,105.16831683168317
2496,0,0.0,0.0
2497,85,0.38823529411764707,170.08235294117648
2498,3,0.0,14.666666666666666
2499,24,0.5652173913043478,173.91666666666666
2500,259,0.47565173146568496,524.2702702702703
2501,702,0.3487488366233017,574.6282051282051
2502,262,0.24842794887543507,341.89312977099235
2503,2,0.0,3.0
2504,60,0.17627118644067796,48.583333333333336
2505,43,0.26799557032115173,117.90697674418605
2506,0,0.0,0.0
2507,19,0.19883040935672514,96.15789473684211
2508,38,0.14793741109530584,32.1578947368421
2509,223,0.3224659637215691,432.5695067264574
2510,39,0.11875843454790823,81.15384615384616
2511,477,0.401212057149904,590.7861635220125
2512,16,0.325,30.375
2513,97,0.1559278350515464,55.49484536082474
2514,1,0.0,1.0
2515,183,0.3883384375187654,318.14207650273227
2516,275,0.49759787657597876,574.3454545454546
2517,257,0.48504377431906615,439.35019455252916
2518,10,0.2222222222222222,59.5
2519,48,0.274822695035461,128.02083333333334
2520,40,0.2948717948717949,61.65
2521,15,0.14285714285714285,70.66666666666667
2522,137,0.35498067840274794,155.07299270072994
2523,5,0.7,103.6
2524,0,0.0,0.0
2525,4,0.16666666666666666,14.5
2526,0,0.0,0.0
2527,3,0.3333333333333333,96.0
2528,1,0.0,13.0
2529,28,0.5343915343915344,436.92857142857144
2530,1,0.0,24.0
2531,7,0.19047619047619047,25.285714285714285
2532,203,0.35370433595083645,302.2758620689655
2533,7,0.14285714285714285,33.57142857142857
2534,42,0.13008130081300814,149.54761904761904
2535,16,0.5416666666666666,87.9375
2536,7,0.14285714285714285,194.0
2537,118,0.20165145588874403,119.71186440677967
2538,12,0.15151515151515152,25.75
2539,213,0.09872442200372043,114.54460093896714
2540,342,0.49386908130541407,293.09941520467834
2541,0,0.0,0.0
2542,4,0.6666666666666666,41.0
2543,8,0.17857142857142858,102.25
2544,1,0.0,6.0
2545,15,0.17142857142857143,34.8
2546,3,0.6666666666666666,23.333333333333332
2547,84,0.2139988525530694,78.89285714285714
2548,175,0.33399014778325126,173.92
2549,1,0.0,1.0
2550,18,0.11764705882352941,22.5
2551,34,0.2192513368983957,103.17647058823529
2552,1,0.0,2.0
2553,54,0.19426974143955275,86.75925925925925
2554,46,0.6067632850241546,533.9565217391304
2555,457,0.40616722330991595,591.1619256017506
2556,247,0.49636285836542576,605.5748987854251
2557,1,0.0,20.0
2558,2,0.0,5.5
2559,164,0.3413885979350591,185.34756097560975
2560,20,0.4631578947368421,111.95
2561,120,0.619187675070028,371.44166666666666
2562,77,0.14524948735475052,101.7012987012987
2563,0,0.0,0.0
2564,52,0.7088989441930619,204.8653846153846
2565,611,0.36188994124117946,592.2454991816694
2566,0,0.0,0.0
2567,2,1.0,78.0
2568,0,0.0,0.0
2569,233,0.29721030042918456,385.78111587982835
2570,92,0.6349737219302437,574.3695652173913
2571,107,0.3789455122553342,202.7196261682243
2572,406,0.4769324332542723,600.7807881773399
2573,207,0.27747291402842267,344.0676328502415
2574,47,0.1637372802960222,58.723404255319146
2575,2,0.0,11.0
2576,5,0.8,164.8
2577,42,0.3983739837398374,171.47619047619048
2578,0,0.0,0.0
2579,0,0.0,0.0
2580,1,0.0,3.0
2581,7,0.09523809523809523,33.42857142857143
2582,18,0.1895424836601307,33.388888888888886
2583,16,0.475,56.75
2584,159,0.6103813390653611,656.2704402515724
2585,3,0.0,47.0
2586,37,0.20270270270270271,114.10810810810811
2587,407,0.3724597862528897,524.2506142506143
2588,1030,0.2877768028154396,524.1873786407767
2589,0,0.0,0.0
2590,7,0.7142857142857143,86.85714285714286
2591,22,0.6277056277056277,516.5
2592,0,0.0,0.0
2593,30,0.2896551724137931,113.26666666666667
2594,0,0.0,0.0
2595,140,0.32692702980472765,184.7357142857143
2596,4,0.5,24.0
2597,54,0.41998602375960864,133.03703703703704
2598,72,0.5262128325508607,160.30555555555554
2599,358,0.4680374943273399,634.6899441340782
2600,5,0.3,46.4
2601,118,0.3512965377372157,245.65254237288136
2602,4,0.6666666666666666,14.25
2603,12,0.21212121212121213,32.833333333333336
2604,9,0.25,66.44444444444444
2605,0,0.0,0.0
2606,5,0.5,29.0
2607,0,0.0,0.0
2608,26,0.3323076923076923,90.03846153846153
2609,0,0.0,0.0
2610,2,0.0,12.0
2611,10,0.37777777777777777,70.6
2612,394,0.30478810658606836,515.4289340101523
2613,261,0.3675803124078986,472.0191570881226
2614,1,0.0,3.0
2615,30,0.22528735632183908,69.16666666666667
2616,7,0.6666666666666666,53.714285714285715
2617,0,0.0,0.0
2618,22,0.49783549783549785,33.81818181818182
2619,95,0.3101903695408735,321.66315789473686
2620,6,0.2,47.0
2621,34,0.23172905525846701,61.3235294117647
2622,2,0.0,12.5
2623,81,0.18858024691358025,62.27160493827161
2624,5,0.2,60.8
2625,428,0.4834971218455208,634.2009345794393
2626,3,0.3333333333333333,37.0
2627,1,0.0,4.0
2628,3,0.0,87.66666666666667
2629,33,0.19507575757575757,29.060606060606062
2630,4,0.0,23.75
2631,1006,0.3248489164515395,588.9880715705765
2632,16,0.31666666666666665,38.8125
2633,4,0.8333333333333334,63.75
2634,21,0.3047619047619048,185.9047619047619
2635,2,1.0,21.0
2636,60,0.1016949152542373,57.61666666666667
2637,31,0.1935483870967742,75.38709677419355
2638,23,0.2134387351778656,23.695652173913043
2639,201,0.5463681592039801,641.6069651741293
2640,44,0.26744186046511625,140.13636363636363
2641,6,0.5333333333333333,59.666666666666664
2642,16,0.30833333333333335,51.625
2643,3,0.6666666666666666,15.0
2644,177,0.4118515665125835,497.50847457627117
2645,0,0.0,0.0
2646,126,0.2817777777777778,111.61904761904762
2647,188,0.3911707816588918,510.02659574468083
2648,2,1.0,75.0
2649,1,0.0,1.0
2650,121,0.2268595041322314,277.6942148760331
2651,338,0.4239636191245413,487.37278106508876
2652,33,0.13636363636363635,27.181818181818183
2653,9,0.6944444444444444,120.66666666666667
2654,15,0.6571428571428571,37.13333333333333
2655,0,0.0,0.0
2656,247,0.14808597478687338,95.61133603238866
2657,0,0.0,0.0
2658,13,0.34615384615384615,42.23076923076923
2659,88,0.6152037617554859,462.0113636363636
2660,1,0.0,2.0
2661,2,0.0,15.0
2662,0,0.0,0.0
2663,0,0.0,0.0
2664,4,0.5,17.25
2665,4,0.3333333333333333,30.25
2666,0,0.0,0.0
2667,632,0.31924411723404683,531.7136075949367
2668,0,0.0,0.0
2669,0,0.0,0.0
2670,11,0.34545454545454546,80.63636363636364
2671,697,0.2575899998350896,403.51362984218076
2672,0,0.0,0.0
2673,2,1.0,72.5
2674,7,0.5238095238095238,72.0
2675,32,0.3709677419354839,29.4375
2676,0,0.0,0.0
2677,5,0.9,233.0
2678,1,0.0,369.0
2679,9,0.19444444444444445,15.222222222222221
2680,1,0.0,1.0
2681,132,0.31448068470969237,117.77272727272727
2682,8,0.2857142857142857,23.0
2683,1,0.0,5.0
2684,0,0.0,0.0
2685,5,0.6,32.4
2686,16,0.275,70.25
2687,1,0.0,19.0
2688,16,0.13333333333333333,55.1875
2689,92,0.2204968944099379,99.05434782608695
2690,87,0.19513499064421277,84.51724137931035
2691,2,1.0,5.0
2692,7,0.5238095238095238,136.14285714285714
2693,7,0.3333333333333333,38.142857142857146
2694,40,0.16153846153846155,77.175
2695,8,0.07142857142857142,14.75
2696,4,0.16666666666666666,32.25
2697,1,0.0,2.0
2698,2,0.0,8.5
2699,461,0.31649533150995,550.3275488069414
2700,99,0.17295403009688723,68.67676767676768
2701,24,0.47101449275362317,333.5833333333333
2702,30,0.37701149425287356,54.3
2703,43,0.16057585825027684,47.69767441860465
2704,25,0.21,104.16
2705,47,0.14061054579093432,62.4468085106383
2706,629,0.39217036444462444,607.3513513513514
2707,32,0.2620967741935484,49.125
2708,1,0.0,2.0
2709,50,0.713469387755102,547.54
2710,187,0.16456787993789893,143.59893048128342
2711,143,0.42588397517974985,448.5524475524476
2712,1,0.0,25.0
2713,2,1.0,2.5
2714,1,0.0,7.0
2715,368,0.3800349484658216,555.2255434782609
2716,46,0.1468599033816425,60.26086956521739
2717,4,0.5,15.5
2718,11,0.05454545454545454,15.636363636363637
2719,3,0.0,8.666666666666666
2720,38,0.45376955903271693,143.07894736842104
2721,39,0.31309041835357626,97.38461538461539
2722,3,0.3333333333333333,10.0
2723,3,0.3333333333333333,41.333333333333336
2724,17,0.3014705882352941,24.58823529411765
2725,15,0.047619047619047616,24.066666666666666
2726,20,0.5473684210526316,233.4
2727,3,0.0,23.333333333333332
2728,75,0.18234234234234234,251.69333333333333
2729,30,0.2942528735632184,59.733333333333334
2730,1,0.0,9.0
2731,5,0.5,63.8
2732,10,0.5111111111111111,71.8
2733,4,0.6666666666666666,14.75
2734,9,0.1388888888888889,43.333333333333336
2735,84,0.23838209982788297,288.7261904761905
2736,26,0.6523076923076923,219.84615384615384
2737,1,0.0,9.0
2738,5,0.3,86.4
2739,0,0.0,0.0
2740,2,1.0,7.5
2741,123,0.3172064507530321,162.5121951219512
2742,4,0.3333333333333333,9.5
2743,109,0.24311926605504589,333.8256880733945
2744,4,0.0,7.75
2745,1143,0.27914680542340264,566.6080489938757
2746,1,0.0,16.0
2747,185,0.35029377203290246,410.1837837837838
2748,16,0.49166666666666664,55.375
2749,140,0.24429599177800618,115.05
2750,39,0.5883940620782726,164.64102564102564
2751,2,0.0,11.0
2752,1,0.0,2.0
2753,232,0.5234363337811614,437.1594827586207
2754,0,0.0,0.0
2755,4,0.5,15.75
2756,7,0.5714285714285714,39.285714285714285
2757,1,0.0,35.0
2758,1,0.0,5.0
2759,12,0.22727272727272727,19.583333333333332
2760,11,0.16363636363636364,33.27272727272727
2761,0,0.0,0.0
2762,127,0.46856642919635044,487.98425196850394
2763,6,0.3333333333333333,175.66666666666666
2764,7,0.3333333333333333,61.0
2765,42,0.5447154471544715,387.04761904761904
2766,273,0.3475274725274725,495.2930402930403
2767,4,0.6666666666666666,14.25
2768,10,0.24444444444444444,96.9
2769,0,0.0,0.0
2770,1,0.0,56.0
2771,654,0.29896361652406445,530.0091743119266
2772,2,0.0,39.0
2773,54,0.4241788958770091,123.31481481481481
2774,1,0.0,160.0
2775,4,0.3333333333333333,38.75
2776,673,0.30143104790207315,523.2526002971769
2777,58,0.3254688445251059,89.6896551724138
2778,82,0.44354110207768743,405.2073170731707
2779,110,0.5527939949958298,545.4818181818182
2780,6,0.2,13.166666666666666
2781,4,0.0,15.0
2782,2,0.0,85.5
2783,223,0.4795782329414616,454.1210762331838
2784,3,1.0,13.333333333333334
2785,393,0.3963753440307421,552.1984732824427
2786,0,0.0,0.0
2787,103,0.35141823719779175,124.83495145631068
2788,0,0.0,0.0
2789,0,0.0,0.0
2790,4,0.6666666666666666,23.0
2791,20,0.21578947368421053,22.35
2792,0,0.0,0.0
2793,40,0.30256410256410254,189.725
2794,125,0.3113548387096774,142.776
2795,496,0.4506353861192571,655.5
2796,270,0.4167423929505714,319.72962962962964
2797,3,0.0,2.3333333333333335
2798,23,0.19367588932806323,91.65217391304348
2799,117,0.16917182434423814,111.53846153846153
2800,68,0.4833187006145742,186.58823529411765
2801,133,0.3194349510138984,147.1203007518797
2802,0,0.0,0.0
2803,110,0.5329441201000834,193.8909090909091
2804,193,0.24168825561312607,282.91709844559585
2805,71,0.15090543259557343,50.816901408450704
2806,29,0.39408866995073893,153.75862068965517
2807,159,0.3241780113048324,305.9056603773585
2808,40,0.2358974358974359,98.225
2809,800,0.29769086357947433,548.02125
2810,8,0.17857142857142858,40.125
2811,45,0.2191919191919192,82.95555555555555
2812,14,0.14285714285714285,54.642857142857146
2813,28,0.11375661375661375,32.42857142857143
2814,0,0.0,0.0
2815,99,0.20758606472892188,92.83838383838383
2816,3,0.0,42.0
2817,13,0.47435897435897434,110.61538461538461
2818,109,0.4836901121304791,401.22935779816515
2819,11,0.34545454545454546,43.27272727272727
2820,0,0.0,0.0
2821,183,0.20206569386897255,119.53005464480874
2822,12,0.13636363636363635,24.916666666666668
2823,3,0.3333333333333333,9.333333333333334
2824,15,0.4380952380952381,116.66666666666667
2825,17,0.23529411764705882,85.29411764705883
2826,10,0.24444444444444444,47.4
2827,7,0.3333333333333333,71.28571428571429
2828,22,0.26406926406926406,48.36363636363637
2829,0,0.0,0.0
2830,1,0.0,12.0
2831,153,0.29188166494668044,312.5424836601307
2832,121,0.3971074380165289,358.8677685950413
2833,1,0.0,8.0
2834,26,0.39692307692307693,45.65384615384615
2835,4,0.16666666666666666,16.25
2836,108,0.25752855659397716,90.8425925925926
2837,23,0.22924901185770752,60.78260869565217
2838,23,0.2490118577075099,81.65217391304348
2839,612,0.3799888749826172,600.0326797385621
2840,1,0.0,2.0
2841,46,0.39420289855072466,81.15217391304348
2842,246,0.42054089928654387,525.2317073170732
2843,6,0.6,60.833333333333336
2844,6,0.13333333333333333,21.666666666666668
2845,28,0.19576719576719576,51.142857142857146
2846,131,0.15584263065179096,112.78625954198473
2847,22,0.354978354978355,103.31818181818181
2848,113,0.27070164348925413,276.7787610619469
2849,4,0.0,13.75
2850,113,0.21997471554993678,114.96460176991151
2851,9,0.2777777777777778,146.88888888888889
2852,3,0.3333333333333333,3.0
2853,25,0.37,53.2
2854,2,0.0,1.0
2855,2,1.0,16.5
2856,130,0.5861657722122838,430.88461538461536
2857,7,0.19047619047619047,38.57142857142857
2858,6,0.3333333333333333,70.0
2859,59,0.19286966686148452,99.86440677966101
2860,28,0.2830687830687831,63.0
2861,2,0.0,4.0
2862,18,0.13725490196078433,86.22222222222223
2863,9,0.5555555555555556,98.55555555555556
2864,111,0.33677313677313675,201.2972972972973
2865,9,0.3055555555555556,73.44444444444444
2866,1,0.0,3.0
2867,7,0.19047619047619047,123.42857142857143
2868,25,0.4066666666666667,39.2
2869,2,0.0,7.0
2870,14,0.1978021978021978,46.785714285714285
2871,366,0.5474212141627367,604.5874316939891
2872,15,0.5333333333333333,515.8
2873,21,0.2714285714285714,53.333333333333336
2874,251,0.3565577689243028,289.996015936255
2875,33,0.10037878787878787,48.15151515151515
2876,4,0.0,53.0
2877,124,0.3065827432467873,189.6209677419355
2878,0,0.0,0.0
2879,4,0.0,45.75
2880,1,0.0,1.0
2881,4,0.0,20.0
2882,12,0.8484848484848485,31.333333333333332
2883,2,0.0,5.5
2884,40,0.36153846153846153,104.125
2885,1,0.0,7.0
2886,220,0.236986301369863,138.1409090909091
2887,56,0.30974025974025976,190.30357142857142
2888,14,0.42857142857142855,102.71428571428571
2889,0,0.0,0.0
2890,181,0.5119091467157766,388.6243093922652
2891,180,0.5133457479826194,389.8388888888889
2892,52,0.38009049773755654,316.7307692307692
2893,4,0.3333333333333333,49.25
2894,1,0.0,13.0
2895,7,0.19047619047619047,35.857142857142854
2896,17,0.10294117647058823,22.11764705882353
2897,244,0.4655940093098563,562.9016393442623
2898,0,0.0,0.0
2899,83,0.45048486629444606,466.3855421686747
2900,73,0.4060121765601218,188.23287671232876
2901,7,0.047619047619047616,45.42857142857143
2902,46,0.14396135265700483,69.93478260869566
2903,4,0.0,36.75
2904,1,0.0,38.0
2905,10,0.24444444444444444,73.0
2906,13,0.8333333333333334,28.615384615384617
2907,84,0.33247274813539873,123.19047619047619
2908,41,0.30121951219512194,60.073170731707314
2909,49,0.28741496598639454,40.795918367346935
2910,7,0.6190476190476191,180.71428571428572
2911,281,0.4995170310116929,337.47330960854094
2912,0,0.0,0.0
2913,6,0.13333333333333333,63.833333333333336
2914,34,0.34402852049910876,32.088235294117645
2915,5,0.5,11.4
2916,12,0.24242424242424243,50.166666666666664
2917,173,0.654926737464713,459.66473988439304
2918,114,0.20447135537959943,130.96491228070175
2919,6,0.26666666666666666,3.8333333333333335
2920,531,0.35620225278044276,528.1977401129943
2921,0,0.0,0.0
2922,155,0.5485546711353163,495.13548387096773
2923,101,0.1904950495049505,75.46534653465346
2924,0,0.0,0.0
2925,20,0.3631578947368421,75.85
2926,20,0.21578947368421053,37.15
2927,0,0.0,0.0
2928,1,0.0,7.0
2929,61,0.49836065573770494,179.0655737704918
2930,48,0.41843971631205673,96.45833333333333
2931,3,0.0,25.333333333333332
2932,14,0.23076923076923078,16.285714285714285
2933,1,0.0,5.0
2934,29,0.2315270935960591,67.79310344827586
2935,48,0.3617021276595745,50.583333333333336
2936,133,0.16803372066529962,108.30075187969925
2937,21,0.3523809523809524,20.0
2938,5,0.1,18.4
2939,78,0.5074925074925075,515.4615384615385
2940,39,0.2078272604588394,109.64102564102564
2941,11,0.2909090909090909,27.90909090909091
2942,26,0.20307692307692307,32.53846153846154
2943,3,0.6666666666666666,42.0
2944,9,0.3055555555555556,61.0
2945,0,0.0,0.0
2946,0,0.0,0.0
2947,11,0.2545454545454545,85.0
2948,2,0.0,37.5
2949,2,0.0,100.0
2950,2,1.0,2.0
2951,129,0.37766472868217055,367.27906976744185
2952,142,0.6463889721306563,631.0492957746479
2953,33,0.5549242424242424,109.24242424242425
2954,7,0.38095238095238093,117.57142857142857
2955,3,0.3333333333333333,18.0
2956,54,0.18588399720475193,64.4074074074074
2957,1,0.0,35.0
2958,0,0.0,0.0
2959,38,0.24182076813655762,209.10526315789474
2960,850,0.367962308598351,584.4988235294118
2961,58,0.19237749546279492,95.22413793103448
2962,133,0.21713374344953293,74.2781954887218
2963,2,0.0,25.5
2964,629,0.34249592417445546,547.1780604133545
2965,477,0.3332452477846484,420.0356394129979
2966,111,0.2737100737100737,165.18018018018017
2967,0,0.0,0.0
2968,28,0.20105820105820105,45.17857142857143
2969,179,0.22497018391814702,396.5921787709497
2970,33,0.2784090909090909,55.03030303030303
2971,2,0.0,70.0
2972,11,0.16363636363636364,25.272727272727273
2973,49,0.18877551020408162,175.26530612244898
2974,7,0.38095238095238093,44.0
2975,117,0.20085470085470086,84.5042735042735
2976,187,0.39853947444080273,483.5133689839572
2977,5,0.1,29.0
2978,109,0.3046211348963643,152.5321100917431
2979,48,0.2393617021276596,57.979166666666664
2980,56,0.6344155844155844,165.69642857142858
2981,2,0.0,39.0
2982,274,0.1900751316809711,250.04744525547446
2983,2,0.0,12.0
2984,29,0.270935960591133,50.51724137931034
2985,16,0.5083333333333333,57.3125
2986,3,0.3333333333333333,24.333333333333332
2987,7,0.09523809523809523,18.428571428571427
2988,0,0.0,0.0
2989,5,0.4,42.0
2990,3,0.3333333333333333,96.33333333333333
2991,271,0.3627442941096078,351.22878228782287
2992,0,0.0,0.0
2993,1,0.0,36.0
2994,303,0.21006272812711735,161.0990099009901
2995,21,0.14285714285714285,77.38095238095238
2996,15,0.6952380952380952,182.33333333333334
2997,1,0.0,1.0
2998,102,0.22073383808969133,94.46078431372548
2999,255,0.5276516905974988,563.8470588235294
3000,74,0.18326545723805998,124.79729729729729
3001,35,0.21512605042016808,65.6
3002,20,0.46842105263157896,38.5
3003,148,0.52426916712631,434.2364864864865
3004,25,0.4033333333333333,97.12
3005,0,0.0,0.0
3006,114,0.3542928116752057,200.62280701754386
3007,1,0.0,5.0
3008,5,0.5,29.0
3009,82,0.1556760012044565,83.4390243902439
3010,0,0.0,0.0
3011,3,0.6666666666666666,3.0
3012,240,0.471931659693166,595.9541666666667
3013,227,0.27648044910529807,169.27753303964758
3014,0,0.0,0.0
3015,12,0.22727272727272727,22.166666666666668
3016,9,0.4444444444444444,183.44444444444446
3017,418,0.29888816219751474,331.78468899521533
3018,118,0.11777488048674489,155.48305084745763
3019,636,0.3639429505274105,560.4449685534591
3020,20,0.6473684210526316,327.4
3021,26,0.20307692307692307,58.76923076923077
3022,1103,0.29183566350145534,563.3662737987307
3023,1,0.0,22.0
3024,24,0.3007246376811594,70.33333333333333
3025,31,0.2709677419354839,138.8709677419355
3026,112,0.25868725868725867,148.58928571428572
3027,122,0.12383145915187643,55.78688524590164
3028,62,0.22950819672131148,104.87096774193549
3029,8,0.7857142857142857,163.375
3030,24,0.18478260869565216,55.666666666666664
3031,15,0.2,47.86666666666667
3032,34,0.3582887700534759,78.52941176470588
3033,68,0.5864793678665496,668.3382352941177
3034,1,0.0,1.0
3035,20,0.4105263157894737,83.95
3036,90,0.46466916354556803,210.26666666666668
3037,4,1.0,47.75
3038,121,0.2713498622589532,148.88429752066116
3039,10,0.28888888888888886,98.0
3040,16,0.31666666666666665,137.6875
3041,68,0.5017559262510974,537.8382352941177
3042,42,0.22531939605110338,75.4047619047619
3043,11,0.16363636363636364,46.0
3044,1,0.0,1.0
3045,27,0.36752136752136755,53.666666666666664
3046,23,0.4308300395256917,133.69565217391303
3047,28,0.29894179894179895,90.39285714285714
3048,221,0.44134101192924724,540.9366515837104
3049,0,0.0,0.0
3050,385,0.47301136363636365,651.1818181818181
3051,51,0.5113725490196078,94.47058823529412
3052,8,0.21428571428571427,184.375
3053,1,0.0,55.0
3054,21,0.37142857142857144,50.523809523809526
3055,114,0.7222480981214097,292.7631578947368
3056,14,0.18681318681318682,35.0
3057,0,0.0,0.0
3058,0,0.0,0.0
3059,91,0.4004884004884005,528.1318681318681
3060,0,0.0,0.0
3061,167,0.31520092345429623,367.91616766467064
3062,29,0.2438423645320197,61.689655172413794
3063,625,0.3641846153846154,532.184
3064,133,0.27500569605832764,149.9624060150376
3065,13,0.2692307692307692,17.53846153846154
3066,25,0.18333333333333332,112.08
3067,64,0.30753968253968256,174.546875
3068,25,0.37666666666666665,120.2
3069,72,0.2323943661971831,73.25
3070,17,0.4117647058823529,70.94117647058823
3071,10,0.37777777777777777,74.2
3072,98,0.6042499474016411,510.3265306122449
3073,0,0.0,0.0
3074,913,0.3548908552871774,575.973713033954
3075,5,0.6,73.4
3076,237,0.4696774654938139,383.40506329113924
3077,21,0.4095238095238095,115.95238095238095
3078,43,0.1937984496124031,43.06976744186046
3079,0,0.0,0.0
3080,0,0.0,0.0
3081,318,0.4294585639743666,487.21069182389937
3082,131,0.5058132706987669,374.1374045801527
3083,274,0.2697788829175691,163.0839416058394
3084,178,0.3464736875515775,402.2191011235955
3085,35,0.6168067226890757,360.22857142857146
3086,23,0.233201581027668,74.21739130434783
3087,28,0.291005291005291,98.32142857142857
3088,117,0.2458001768346596,257.64102564102564
3089,42,0.2787456445993031,105.23809523809524
3090,4,0.16666666666666666,9.75
3091,162,0.4486619124300284,463.5246913580247
3092,20,0.1631578947368421,83.7
3093,130,0.5347644603458557,279.11538461538464
3094,5,0.1,42.0
3095,1,0.0,9.0
3096,101,0.6506930693069307,545.0297029702971
3097,200,0.5123618090452261,432.17
3098,138,0.27187136358827885,156.84057971014494
3099,330,0.4008842221608179,302.0090909090909
3100,5,0.2,9.8
3101,81,0.2537037037037037,81.18518518518519
3102,166,0.41416575392479005,410.43975903614455
3103,40,0.4461538461538462,147.675
3104,7,0.23809523809523808,37.714285714285715
3105,562,0.23474857429222093,436.80782918149464
3106,0,0.0,0.0
3107,7,0.047619047619047616,35.142857142857146
3108,5,0.1,17.8
3109,40,0.18974358974358974,113.825
3110,275,0.5711214333112143,277.54545454545456
3111,51,0.2227450980392157,58.3921568627451
3112,61,0.18797814207650274,150.65573770491804
3113,27,0.30484330484330485,119.29629629629629
3114,0,0.0,0.0
3115,19,0.7309941520467836,148.52631578947367
3116,19,0.15789473684210525,25.36842105263158
3117,0,0.0,0.0
3118,1,0.0,19.0
3119,21,0.6857142857142857,448.2857142857143
3120,27,0.28205128205128205,26.77777777777778
3121,50,0.24244897959183673,100.46
3122,3,1.0,6.666666666666667
3123,0,0.0,0.0
3124,0,0.0,0.0
3125,26,0.5476923076923077,96.76923076923077
3126,393,0.3431998753699953,509.06361323155215
3127,33,0.5340909090909091,231.57575757575756
3128,12,0.8636363636363636,511.6666666666667
3129,1,0.0,84.0
3130,3,0.0,9.333333333333334
3131,3,0.6666666666666666,27.0
3132,12,0.25757575757575757,117.0
3133,1,0.0,20.0
3134,4,0.16666666666666666,41.75
3135,35,0.3176470588235294,128.34285714285716
3136,27,0.3162393162393162,90.66666666666667
3137,24,0.2391304347826087,39.333333333333336
3138,0,0.0,0.0
3139,1,0.0,5.0
3140,11,0.2909090909090909,38.54545454545455
3141,437,0.2948796002771188,512.0503432494279
3142,183,0.3759682940010809,404.42622950819674
3143,13,0.38461538461538464,24.53846153846154
3144,14,0.3626373626373626,38.642857142857146
3145,29,0.5270935960591133,32.6551724137931
3146,140,0.32476875642343267,151.00714285714287
3147,2,1.0,22.5
3148,69,0.36018755328218244,283.6376811594203
3149,1059,0.28881082306488093,562.5250236071765
3150,32,0.5443548387096774,334.15625
3151,7,0.47619047619047616,75.0
3152,7,0.42857142857142855,26.571428571428573
3153,29,0.19704433497536947,42.13793103448276
3154,50,0.2636734693877551,122.94
3155,6,0.13333333333333333,8.333333333333334
3156,97,0.6134020618556701,311.4845360824742
3157,11,0.18181818181818182,89.18181818181819
3158,19,0.22807017543859648,100.05263157894737
3159,532,0.30468827435821194,446.1672932330827
3160,115,0.6440884820747521,430.4347826086956
3161,0,0.0,0.0
3162,3,0.3333333333333333,18.333333333333332
3163,5,0.2,36.0
3164,135,0.3107794361525705,123.02222222222223
3165,1,0.0,52.0
3166,133,0.6859193438140807,240.7593984962406
3167,4,0.5,184.25
3168,22,0.35064935064935066,195.04545454545453
3169,1,0.0,8.0
3170,261,0.42136752136752137,552.536398467433
3171,12,0.45454545454545453,146.91666666666666
3172,510,0.3922030894872684,550.4803921568628
3173,317,0.4678353232440203,538.217665615142
3174,1183,0.2813618764419233,542.1386306001691
3175,55,0.3084175084175084,74.81818181818181
3176,3,0.3333333333333333,38.666666666666664
3177,1,0.0,105.0
3178,111,0.43161343161343163,540.3963963963964
3179,11,0.16363636363636364,13.181818181818182
3180,5,0.5,147.4
3181,35,0.14453781512605043,75.45714285714286
3182,24,0.5507246376811594,97.5
3183,37,0.8108108108108109,354.4054054054054
3184,10,0.26666666666666666,135.2
3185,24,0.2318840579710145,31.25
3186,112,0.39028314028314026,254.58035714285714
3187,0,0.0,0.0
3188,14,0.3516483516483517,223.78571428571428
3189,139,0.38786362214576164,263.80575539568343
3190,0,0.0,0.0
3191,100,0.2408080808080808,138.81
3192,2,1.0,13.0
3193,76,0.6807017543859649,385.1842105263158
3194,48,0.6640070921985816,384.9791666666667
3195,0,0.0,0.0
3196,1,0.0,10.0
3197,144,0.5436091686091686,379.7013888888889
3198,35,0.2184873949579832,92.11428571428571
3199,0,0.0,0.0
3200,35,0.2773109243697479,106.0
3201,0,0.0,0.0
3202,3,1.0,163.0
3203,88,0.16849529780564262,96.68181818181819
3204,0,0.0,0.0
3205,14,0.31868131868131866,41.5
3206,1,0.0,5.0
3207,0,0.0,0.0
3208,21,0.2571428571428571,77.80952380952381
3209,0,0.0,0.0
3210,13,0.1282051282051282,13.307692307692308
3211,14,0.17582417582417584,91.0
3212,3,1.0,81.33333333333333
3213,5,0.1,16.6
3214,3,0.3333333333333333,12.666666666666666
3215,35,0.11932773109243698,38.82857142857143
3216,6,0.2,54.333333333333336
3217,469,0.3580358281850819,403.56716417910445
3218,2,1.0,5.0
3219,1,0.0,4.0
3220,83,0.3814281516309139,156.18072289156626
3221,4,1.0,207.25
3222,19,0.6140350877192983,240.89473684210526
3223,11,0.4727272727272727,57.63636363636363
3224,5,0.8,169.4
3225,1,0.0,296.0
3226,13,0.21794871794871795,38.53846153846154
3227,15,0.3238095238095238,91.46666666666667
3228,31,0.2709677419354839,49.935483870967744
3229,0,0.0,0.0
3230,475,0.3869864534754608,587.4294736842105
3231,2,0.0,26.5
3232,2,0.0,5.5
3233,121,0.5690082644628099,317.6280991735537
3234,0,0.0,0.0
3235,9,0.2777777777777778,53.77777777777778
3236,118,0.44705200637404024,164.91525423728814
3237,8,0.4642857142857143,30.5
3238,0,0.0,0.0
3239,70,0.35942028985507246,200.28571428571428
3240,5,0.2,34.4
3241,19,0.23391812865497075,112.10526315789474
3242,0,0.0,0.0
3243,50,0.32081632653061226,229.88
3244,0,0.0,0.0
3245,171,0.3828001375988992,188.1578947368421
3246,350,0.3003520261972984,434.8
3247,47,0.4791859389454209,379.17021276595744
3248,24,0.33695652173913043,54.958333333333336
3249,61,0.2448087431693989,135.40983606557376
3250,8,0.17857142857142858,28.125
3251,5,0.3,27.8
3252,29,0.3078817733990148,139.72413793103448
3253,28,0.164021164021164,76.32142857142857
3254,44,0.20084566596194503,77.43181818181819
3255,5,0.5,124.2
3256,29,0.13054187192118227,90.51724137931035
3257,38,0.23897581792318634,68.57894736842105
3258,41,0.5073170731707317,126.78048780487805
3259,25,0.5833333333333334,485.68
3260,93,0.5292192613370734,513.8172043010753
3261,22,0.42424242424242425,267.72727272727275
3262,14,0.7142857142857143,73.42857142857143
3263,143,0.2969565645621984,216.54545454545453
3264,452,0.2565684908659223,401.70353982300884
3265,13,0.5769230769230769,34.0
3266,2,0.0,16.5
3267,112,0.12886100386100385,67.77678571428571
3268,10,0.26666666666666666,26.5
3269,45,0.3414141414141414,70.8
3270,38,0.6059743954480796,123.84210526315789
3271,85,0.23669467787114845,106.84705882352941
3272,0,0.0,0.0
3273,0,0.0,0.0
3274,6,0.3333333333333333,75.83333333333333
3275,3,0.3333333333333333,41.333333333333336
3276,63,0.23195084485407066,74.88888888888889
3277,12,0.19696969696969696,18.583333333333332
3278,2,1.0,360.5
3279,1,0.0,29.0
3280,16,0.5,216.3125
3281,7,0.5714285714285714,233.71428571428572
3282,15,0.3142857142857143,56.13333333333333
3283,31,0.3032258064516129,315.4193548387097
3284,39,0.2968960863697706,79.23076923076923
3285,32,0.5,275.0
3286,163,0.19154737559645535,298.4846625766871
3287,2,1.0,2.5
3288,553,0.3143853028277904,319.2983725135624
3289,11,0.2909090909090909,23.454545454545453
3290,522,0.3291856950603393,511.03639846743295
3291,44,0.16279069767441862,54.22727272727273
3292,1,0.0,42.0
3293,5,0.2,21.0
3294,609,0.3962114337568058,523.5336617405583
3295,222,0.2888182299947006,444.0405405405405
3296,1697,0.1997156469240947,489.612846199175
3297,31,0.1956989247311828,41.354838709677416
3298,34,0.4563279857397504,113.94117647058823
3299,1,0.0,9.0
3300,53,0.2844702467343977,59.679245283018865
3301,29,0.18226600985221675,62.0
3302,13,0.2564102564102564,65.76923076923077
3303,19,0.1695906432748538,59.89473684210526
3304,12,0.45454545454545453,40.083333333333336
3305,0,0.0,0.0
3306,343,0.37784938536818236,432.1020408163265
3307,91,0.580952380952381,483.7362637362637
3308,13,0.46153846153846156,71.46153846153847
3309,4,0.0,6.75
3310,244,0.5295824057208393,472.5327868852459
3311,8,0.07142857142857142,35.25
3312,144,0.5941142191142191,652.8263888888889
3313,143,0.29863094651827043,215.1818181818182
3314,16,0.2,28.5
3315,10,0.4444444444444444,46.7
3316,23,0.40711462450592883,57.08695652173913
3317,49,0.22023809523809523,69.55102040816327
3318,74,0.396149574231766,167.90540540540542
3319,3,0.0,28.0
3320,2,0.0,10.0
3321,0,0.0,0.0
3322,1,0.0,1.0
3323,4,0.3333333333333333,16.5
3324,188,0.5135965411309592,505.43617021276594
3325,0,0.0,0.0
3326,19,0.5555555555555556,99.73684210526316
3327,2,0.0,124.0
3328,2,0.0,27.0
3329,415,0.4065770327687562,514.966265060241
3330,40,0.6807692307692308,377.875
3331,266,0.5994609164420485,287.52255639097746
3332,79,0.32489451476793246,124.20253164556962
3333,65,0.5471153846153847,259.2153846153846
3334,85,0.21008403361344538,90.87058823529412
3335,7,0.3333333333333333,28.571428571428573
3336,33,0.3484848484848485,95.15151515151516
3337,3,0.3333333333333333,60.333333333333336
3338,0,0.0,0.0
3339,1,0.0,25.0
3340,6,0.5333333333333333,64.5
3341,0,0.0,0.0
3342,13,0.16666666666666666,59.53846153846154
3343,84,0.20797475616752725,104.17857142857143
3344,145,0.503544061302682,513.3931034482758
3345,30,0.2160919540229885,171.3
3346,2,1.0,2.0
3347,0,0.0,0.0
3348,68,0.2221246707638279,76.11764705882354
3349,151,0.5024282560706401,466.1523178807947
3350,911,0.34371599860074065,579.11855104281
3351,0,0.0,0.0
3352,117,0.4683171234895373,532.3760683760684
3353,0,0.0,0.0
3354,57,0.13533834586466165,108.40350877192982
3355,6,0.2,25.833333333333332
3356,22,0.6406926406926406,32.13636363636363
3357,2,1.0,7.5
3358,178,0.524535009204596,562.876404494382
3359,52,0.5339366515837104,336.5
3360,27,0.3504273504273504,105.25925925925925
3361,8,0.32142857142857145,19.875
3362,37,0.4339339339339339,337.13513513513516
3363,6,0.5333333333333333,163.0
3364,46,0.2946859903381642,105.3913043478261
3365,0,0.0,0.0
3366,0,0.0,0.0
3367,28,0.2222222222222222,42.42857142857143
3368,5,0.8,35.8
3369,1,0.0,1.0
3370,7,0.2857142857142857,11.428571428571429
3371,80,0.48765822784810126,520.1625
3372,4,0.8333333333333334,86.0
3373,3,0.3333333333333333,7.0
3374,36,0.14126984126984127,36.666666666666664
3375,4,0.16666666666666666,27.5
3376,66,0.3389277389277389,52.34848484848485
3377,37,0.4069069069069069,292.02702702702703
3378,48,0.13652482269503546,167.75
3379,6,0.4666666666666667,14.166666666666666
3380,29,0.33251231527093594,263.6551724137931
3381,34,0.16934046345811052,111.17647058823529
3382,4,0.3333333333333333,22.75
3383,247,0.2356736117968467,184.94736842105263
3384,18,0.42483660130718953,33.94444444444444
3385,15,0.26666666666666666,23.466666666666665
3386,54,0.27952480782669464,70.24074074074075
3387,11,0.38181818181818183,63.45454545454545
3388,1,0.0,34.0
3389,0,0.0,0.0
3390,0,0.0,0.0
3391,177,0.5500128402670775,613.6666666666666
3392,124,0.58916863362182,357.08870967741933
3393,42,0.46806039488966317,237.54761904761904
3394,523,0.3889218551973217,569.1051625239006
3395,30,0.3724137931034483,45.36666666666667
3396,293,0.47150404413483565,354.3651877133106
3397,0,0.0,0.0
3398,0,0.0,0.0
3399,177,0.6549820236260914,665.1977401129943
3400,38,0.4864864864864865,86.36842105263158
3401,32,0.22782258064516128,32.5625
3402,15,0.29523809523809524,71.2
3403,2,1.0,16.5
3404,264,0.16482313630602605,136.0681818181818
3405,4,0.8333333333333334,171.75
3406,7,0.47619047619047616,51.142857142857146
3407,21,0.1380952380952381,46.333333333333336
3408,5,0.0,11.0
3409,45,0.24545454545454545,98.4888888888889
3410,273,0.298480930833872,380.9304029304029
3411,48,0.37056737588652483,270.4791666666667
3412,5,0.2,9.8
3413,507,0.3397494367394033,507.55424063116374
3414,125,0.34283870967741936,142.92
3415,0,0.0,0.0
3416,19,0.27485380116959063,89.26315789473684
3417,47,0.40980573543015725,109.34042553191489
3418,174,0.14118663211746726,174.8735632183908
3419,9,0.1111111111111111,33.888888888888886
3420,1,0.0,8.0
3421,275,0.5472063702720638,588.8836363636364
3422,19,0.22807017543859648,78.89473684210526
3423,3,0.3333333333333333,15.666666666666666
3424,4,0.5,99.75
3425,7,0.38095238095238093,32.714285714285715
3426,70,0.25921325051759836,91.34285714285714
3427,51,0.3003921568627451,40.19607843137255
3428,0,0.0,0.0
3429,543,0.3802301006435479,595.8434622467771
3430,22,0.4675324675324675,86.13636363636364
3431,0,0.0,0.0
3432,53,0.4412191582002903,228.75471698113208
3433,0,0.0,0.0
3434,6,0.0,65.83333333333333
3435,1,0.0,4.0
3436,6,0.3333333333333333,124.16666666666667
3437,3,0.6666666666666666,209.0
3438,277,0.4809553706901062,327.62093862815885
3439,407,0.2845886638990087,431.8525798525799
3440,7,0.14285714285714285,26.571428571428573
3441,68,0.30728709394205445,145.64705882352942
3442,3,0.0,31.666666666666668
3443,205,0.1864179818268771,121.98048780487805
3444,283,0.23998195624389143,182.3427561837456
3445,26,0.2153846153846154,34.30769230769231
3446,116,0.304047976011994,117.41379310344827
3447,64,0.42658730158730157,202.46875
3448,160,0.39842767295597487,448.00625
3449,82,0.10960554049984944,101.03658536585365
3450,42,0.27409988385598144,77.23809523809524
3451,33,0.19128787878787878,44.666666666666664
3452,4,0.16666666666666666,113.5
3453,0,0.0,0.0
3454,27,0.16524216524216523,48.074074074074076
3455,127,0.49268841394825647,305.5826771653543
3456,23,0.308300395256917,76.34782608695652
3457,10,0.5333333333333333,92.6
3458,1,0.0,1.0
3459,110,0.1481234361968307,74.84545454545454
3460,58,0.30671506352087113,116.72413793103448
3461,21,0.40476190476190477,97.80952380952381
3462,98,0.23122238586156113,114.56122448979592
3463,1,0.0,3.0
3464,78,0.5944055944055944,410.78205128205127
3465,1,0.0,15.0
3466,10,0.17777777777777778,26.9
3467,0,0.0,0.0
3468,18,0.1503267973856209,33.22222222222222
3469,9,0.25,204.22222222222223
3470,5,0.2,40.4
3471,1,0.0,17.0
3472,1,0.0,39.0
3473,4,0.3333333333333333,95.25
3474,5,0.2,17.4
3475,1,0.0,102.0
3476,0,0.0,0.0
3477,8,0.42857142857142855,105.625
3478,196,0.45567765567765567,363.98979591836735
3479,104,0.21415235250186707,132.8846153846154
3480,70,0.2360248447204969,155.8
3481,14,0.4065934065934066,127.07142857142857
3482,20,0.15263157894736842,52.45
3483,23,0.2648221343873518,49.130434782608695
3484,46,0.3188405797101449,122.34782608695652
3485,26,0.38461538461538464,121.8076923076923
3486,112,0.26463963963963966,150.66964285714286
3487,2,0.0,6.5
3488,142,0.25042453301368495,155.8732394366197
3489,2,1.0,35.0
3490,4,1.0,50.5
3491,37,0.493993993993994,175.48648648648648
3492,4,0.5,50.0
3493,1,0.0,21.0
3494,13,0.23076923076923078,73.84615384615384
3495,100,0.462020202020202,530.62
3496,6,0.26666666666666666,20.833333333333332
3497,117,0.7873563218390804,476.77777777777777
3498,116,0.21829085457271363,107.39655172413794
3499,24,0.19927536231884058,51.166666666666664
3500,82,0.14062029509183982,51.51219512195122
3501,0,0.0,0.0
3502,0,0.0,0.0
3503,10,0.28888888888888886,86.2
3504,18,0.28104575163398693,36.55555555555556
3505,5,0.3,40.6
3506,48,0.24468085106382978,61.666666666666664
3507,0,0.0,0.0
3508,1,0.0,6.0
3509,10,0.24444444444444444,231.6
3510,173,0.1994219653179191,126.17919075144509
3511,277,0.4986396693350076,486.4657039711191
3512,2,0.0,5.5
3513,511,0.4276812094700894,602.197651663405
3514,5,0.4,27.6
3515,448,0.4268935762224353,612.9866071428571
3516,0,0.0,0.0
3517,9,0.3888888888888889,144.44444444444446
3518,218,0.30211812455079695,425.6651376146789
3519,4,0.3333333333333333,20.25
3520,9,0.3611111111111111,22.444444444444443
3521,6,0.6,375.5
3522,23,0.2450592885375494,54.608695652173914
3523,225,0.5640873015873016,521.2088888888889
3524,1,0.0,27.0
3525,83,0.21833676168086982,114.25301204819277
3526,0,0.0,0.0
3527,35,0.2605042016806723,76.11428571428571
3528,21,0.12380952380952381,52.0
3529,75,0.22054054054054054,119.92
3530,16,0.13333333333333333,49.125
3531,15,0.3523809523809524,84.93333333333334
3532,3,0.0,5.333333333333333
3533,444,0.40666625993939765,618.1148648648649
3534,4,0.8333333333333334,95.5
3535,14,0.34065934065934067,60.857142857142854
3536,507,0.35272197145106843,498.1301775147929
3537,104,0.4311053024645258,394.1730769230769
3538,76,0.45859649122807017,364.7894736842105
3539,4,0.8333333333333334,53.75
3540,5,0.0,3.2
3541,1,0.0,5.0
3542,1,0.0,5.0
3543,5,0.2,42.6
3544,5,0.8,31.4
3545,29,0.5738916256157636,242.17241379310346
3546,609,0.3425751879699248,528.5385878489327
3547,16,0.5,77.875
3548,18,0.16339869281045752,81.16666666666667
3549,2,0.0,25.0
3550,83,0.20863943579194827,69.91566265060241
3551,11,0.5818181818181818,369.8181818181818
3552,15,0.4095238095238095,140.73333333333332
3553,1,0.0,3.0
3554,54,0.38155136268343814,113.4074074074074
3555,267,0.3443721663709836,415.9550561797753
3556,0,0.0,0.0
3557,87,0.3488372093023256,125.57471264367815
3558,135,0.3795467108899945,388.63703703703703
3559,0,0.0,0.0
3560,225,0.471984126984127,606.2577777777777
3561,10,0.17777777777777778,67.0
3562,4,0.16666666666666666,66.5
3563,1,0.0,18.0
3564,455,0.399051169095222,567.5604395604396
3565,1,0.0,36.0
3566,13,0.11538461538461539,30.153846153846153
3567,0,0.0,0.0
3568,2,0.0,7.0
3569,7,0.42857142857142855,25.857142857142858
3570,17,0.16176470588235295,39.23529411764706
3571,44,0.14693446088794926,55.56818181818182
3572,69,0.3137254901960784,109.73913043478261
3573,28,0.36772486772486773,196.67857142857142
3574,9,0.5,49.44444444444444
3575,0,0.0,0.0
3576,30,0.5517241379310345,86.63333333333334
3577,27,0.4843304843304843,90.85185185185185
3578,0,0.0,0.0
3579,208,0.5954570791527313,339.36538461538464
3580,51,0.15137254901960784,93.2156862745098
3581,1,0.0,19.0
3582,1,0.0,19.0
3583,351,0.48646316646316645,591.3219373219373
3584,17,0.5294117647058824,123.41176470588235
3585,340,0.24086413326392503,167.65
3586,31,0.3204301075268817,61.806451612903224
3587,0,0.0,0.0
3588,0,0.0,0.0
3589,6,0.4666666666666667,23.833333333333332
3590,0,0.0,0.0
3591,53,0.25689404934687954,72.32075471698113
3592,0,0.0,0.0
3593,3,0.3333333333333333,15.0
3594,39,0.33468286099865047,234.89743589743588
3595,1,0.0,3.0
3596,0,0.0,0.0
3597,2,0.0,32.0
3598,97,0.2190721649484536,71.29896907216495
3599,150,0.2860850111856823,425.88
3600,35,0.23529411764705882,59.94285714285714
3601,19,0.23976608187134502,35.473684210526315
3602,509,0.4956453134910199,647.8683693516699
3603,64,0.47172619047619047,171.9375
3604,8,0.75,56.625
3605,3,0.0,11.666666666666666
3606,0,0.0,0.0
3607,2,1.0,7.5
3608,4,0.3333333333333333,69.0
3609,0,0.0,0.0
3610,7,0.19047619047619047,39.0
3611,0,0.0,0.0
3612,195,0.35955590800951626,337.34358974358975
3613,97,0.179553264604811,73.20618556701031
3614,23,0.5849802371541502,61.869565217391305
3615,198,0.26795877557298875,401.520202020202
3616,188,0.490670155876664,481.03723404255317
3617,18,0.16993464052287582,40.22222222222222
3618,165,0.483739837398374,546.1818181818181
3619,10,0.2,63.6
3620,153,0.3179394564843481,306.2156862745098
3621,8,0.8571428571428571,97.25
3622,61,0.6792349726775956,487.344262295082
3623,4,0.16666666666666666,234.75
3624,291,0.47707074297902596,567.2474226804123
3625,4,0.8333333333333334,301.5
3626,5,0.2,17.8
3627,10,0.2222222222222222,68.4
3628,6,0.4,24.166666666666668
3629,14,0.2857142857142857,41.642857142857146
3630,70,0.4832298136645963,401.3
3631,25,0.4066666666666667,391.0
3632,14,0.32967032967032966,39.5
3633,915,0.3617534167952075,604.7737704918032
3634,50,0.2653061224489796,118.28
3635,4,0.6666666666666666,67.5
3636,5,0.3,15.4
3637,127,0.4856892888388951,303.73228346456693
3638,2,0.0,4.5
3639,213,0.1617946673753211,186.42253521126761
3640,5,0.8,44.0
3641,14,0.2857142857142857,78.35714285714286
3642,70,0.3217391304347826,134.8
3643,81,0.16666666666666666,124.87654320987654
3644,19,0.3157894736842105,54.68421052631579
3645,9,0.2777777777777778,46.666666666666664
3646,252,0.4846328969834946,621.8690476190476
3647,130,0.5198568872987478,506.46153846153845
3648,15,0.20952380952380953,48.2
3649,2,0.0,21.5
3650,0,0.0,0.0
3651,28,0.4365079365079365,176.92857142857142
3652,23,0.2134387351778656,73.3913043478261
3653,4,0.5,63.25
3654,269,0.41216778560727957,294.36802973977694
3655,0,0.0,0.0
3656,18,0.3137254901960784,126.61111111111111
3657,4,0.3333333333333333,22.0
3658,18,0.24183006535947713,45.22222222222222
3659,0,0.0,0.0
3660,28,0.24074074074074073,24.5
3661,26,0.28615384615384615,87.61538461538461
3662,240,0.14930264993026499,134.62083333333334
3663,356,0.4828295616394999,632.6039325842696
3664,11,0.6545454545454545,94.54545454545455
3665,326,0.3665691363850873,379.659509202454
3666,51,0.4752941176470588,76.66666666666667
3667,0,0.0,0.0
3668,51,0.33568627450980393,137.9607843137255
3669,13,0.32051282051282054,90.92307692307692
3670,4,0.8333333333333334,14.0
3671,35,0.2722689075630252,88.14285714285714
3672,2,0.0,5.5
3673,0,0.0,0.0
3674,2,0.0,19.0
3675,2,1.0,92.5
3676,12,0.4393939393939394,60.333333333333336
3677,526,0.3905558573239182,606.1920152091254
3678,38,0.283072546230441,181.10526315789474
3679,1,0.0,2.0
3680,5,0.1,23.0
3681,1,0.0,24.0
3682,67,0.20081411126187246,106.77611940298507
3683,13,0.3333333333333333,25.615384615384617
3684,1,0.0,2.0
3685,44,0.6120507399577167,214.3181818181818
3686,0,0.0,0.0
3687,54,0.20614954577218728,84.29629629629629
3688,52,0.1907993966817496,72.42307692307692
3689,466,0.5178550002307444,708.675965665236
3690,43,0.33222591362126247,52.674418604651166
3691,2,1.0,101.0
3692,40,0.2653846153846154,192.5
3693,101,0.5671287128712871,623.5940594059406
3694,124,0.37739312876999737,322.63709677419354
3695,16,0.4083333333333333,81.3125
3696,7,0.7142857142857143,28.142857142857142
3697,52,0.21040723981900453,104.96153846153847
3698,85,0.3927170868347339,161.18823529411765
3699,29,0.2857142857142857,64.41379310344827
3700,132,0.4355771455008096,585.719696969697
3701,210,0.46488949646844385,552.6428571428571
3702,17,0.058823529411764705,23.941176470588236
3703,8,0.5357142857142857,128.5
3704,30,0.4091954022988506,82.0
3705,305,0.4814495254529767,310.44590163934424
3706,20,0.3631578947368421,34.7
3707,7,0.14285714285714285,104.85714285714286
3708,882,0.33758792960998246,589.6088435374149
3709,5,0.3,46.0
3710,15,0.4380952380952381,61.333333333333336
3711,16,0.23333333333333334,40.9375
3712,56,0.2701298701298701,66.44642857142857
3713,1,0.0,4.0
3714,0,0.0,0.0
3715,52,0.33710407239819007,72.53846153846153
3716,604,0.39079986381557996,549.523178807947
3717,66,0.2055944055944056,143.22727272727272
3718,8,0.35714285714285715,42.125
3719,226,0.41978367748279255,449.3893805309734
3720,0,0.0,0.0
3721,0,0.0,0.0
3722,0,0.0,0.0
3723,55,0.20202020202020202,70.21818181818182
3724,82,0.1978319783197832,153.35365853658536
3725,35,0.2722689075630252,49.94285714285714
3726,55,0.301010101010101,138.5090909090909
3727,19,0.4619883040935672,232.05263157894737
3728,1,0.0,9.0
3729,7,0.5238095238095238,90.28571428571429
3730,8,0.7857142857142857,457.75
3731,13,0.23076923076923078,24.692307692307693
3732,45,0.16161616161616163,58.77777777777778
3733,119,0.5108958837772397,262.30252100840335
3734,9,0.08333333333333333,57.666666666666664
3735,38,0.55049786628734,484.0263157894737
3736,7,0.23809523809523808,22.571428571428573
3737,31,0.38924731182795697,118.0
3738,6,0.13333333333333333,25.333333333333332
3739,14,0.38461538461538464,49.214285714285715
3740,0,0.0,0.0
3741,13,0.7435897435897436,554.2307692307693
3742,87,0.3376102646351243,240.6551724137931
3743,4,0.3333333333333333,54.0
3744,19,0.15204678362573099,33.8421052631579
3745,39,0.242914979757085,40.17948717948718
3746,3,0.0,17.666666666666668
3747,2,1.0,32.5
3748,2,1.0,41.5
3749,40,0.44871794871794873,145.825
3750,204,0.3334299236936154,373.79901960784315
3751,6,0.3333333333333333,134.5
3752,150,0.28116331096196867,400.76666666666665
3753,1,0.0,1.0
3754,1,0.0,30.0
3755,30,0.2896551724137931,73.16666666666667
3756,3,0.3333333333333333,52.666666666666664
3757,19,0.3684210526315789,65.0
3758,9,0.9444444444444444,351.3333333333333
3759,109,0.1984369690791709,199.3394495412844
3760,446,0.47196049780823296,608.280269058296
3761,14,0.46153846153846156,30.785714285714285
3762,1,0.0,2.0
3763,18,0.24183006535947713,149.66666666666666
3764,55,0.39326599326599326,284.9818181818182
3765,79,0.20967218435572865,159.62025316455697
3766,14,0.25274725274725274,91.35714285714286
3767,2,0.0,20.5
3768,12,0.045454545454545456,18.666666666666668
3769,40,0.1371794871794872,43.375
3770,350,0.3979205894392141,617.3542857142858
3771,29,0.19458128078817735,54.758620689655174
3772,20,0.3736842105263158,57.6
3773,1,0.0,3.0
3774,4,0.6666666666666666,56.0
3775,30,0.10574712643678161,66.76666666666667
3776,0,0.0,0.0
3777,37,0.42042042042042044,58.810810810810814
3778,38,0.2119487908961593,147.6578947368421
3779,0,0.0,0.0
3780,29,0.5763546798029556,537.1034482758621
3781,2,0.0,31.5
3782,83,0.48339700264472524,201.9277108433735
3783,15,0.2571428571428571,70.93333333333334
3784,99,0.2665429808286951,105.5050505050505
3785,33,0.4696969696969697,100.60606060606061
3786,0,0.0,0.0
3787,1017,0.3058807361469197,523.7581120943953
3788,4,0.3333333333333333,47.75
3789,28,0.30158730158730157,58.535714285714285
3790,182,0.401372108554429,441.25824175824175
3791,10,0.3333333333333333,240.1
3792,34,0.19073083778966132,54.029411764705884
3793,2,1.0,66.0
3794,2,0.0,4.0
3795,1338,0.2461728005831497,515.9334828101644
3796,131,0.4337052260716383,448.2824427480916
3797,0,0.0,0.0
3798,0,0.0,0.0
3799,0,0.0,0.0
3800,5,0.4,34.4
3801,1,0.0,22.0
3802,465,0.3426121616611049,289.0064516129032
3803,2,1.0,55.0
3804,67,0.27544097693351427,89.35820895522389
3805,7,0.3333333333333333,60.857142857142854
3806,7,0.23809523809523808,37.857142857142854
3807,7,0.3333333333333333,64.85714285714286
3808,25,0.3433333333333333,48.12
3809,31,0.14838709677419354,49.806451612903224
3810,9,0.6111111111111112,87.0
3811,0,0.0,0.0
3812,11,0.6545454545454545,14.636363636363637
3813,26,0.6307692307692307,45.57692307692308
3814,113,0.14538558786346398,67.76106194690266
3815,1,0.0,1.0
3816,69,0.42625745950554134,217.47826086956522
3817,81,0.10740740740740741,60.851851851851855
3818,262,0.5673715305197274,279.4351145038168
3819,207,0.6268467707893626,267.487922705314
3820,26,0.4707692307692308,134.23076923076923
3821,14,0.7032967032967034,90.35714285714286
3822,19,0.39766081871345027,42.63157894736842
3823,3,1.0,27.333333333333332
3824,1,0.0,52.0
3825,35,0.24705882352941178,88.8
3826,371,0.4509361113134698,602.3018867924528
3827,9,0.19444444444444445,20.0
3828,193,0.23585924006908462,287.020725388601
3829,0,0.0,0.0
3830,8,0.17857142857142858,19.5
3831,29,0.33497536945812806,70.96551724137932
3832,23,0.30039525691699603,287.7826086956522
3833,94,0.44223289865019444,383.9574468085106
3834,7,0.3333333333333333,47.57142857142857
3835,2,1.0,140.5
3836,2,0.0,19.5
3837,8,0.2857142857142857,13.125
3838,108,0.5058843890619592,621.6574074074074
3839,10,0.17777777777777778,21.4
3840,18,0.40522875816993464,127.83333333333333
3841,2,0.0,14.0
3842,126,0.5196190476190476,401.96031746031747
3843,0,0.0,0.0
3844,14,0.06593406593406594,31.928571428571427
3845,0,0.0,0.0
3846,0,0.0,0.0
3847,6,0.3333333333333333,10.166666666666666
3848,298,0.32009129324565566,439.79194630872485
3849,6,0.2,46.666666666666664
3850,189,0.2873466171338512,157.3068783068783
3851,12,0.24242424242424243,28.75
3852,21,0.24761904761904763,111.19047619047619
3853,19,0.21052631578947367,46.36842105263158
3854,56,0.38571428571428573,376.6607142857143
3855,6,0.13333333333333333,97.66666666666667
3856,2,1.0,29.5
3857,944,0.3429529809299567,594.5402542372881
3858,2,0.0,8.5
3859,124,0.2701285077366903,188.5241935483871
3860,17,0.27205882352941174,83.05882352941177
3861,13,0.4358974358974359,144.6153846153846
3862,62,0.14859862506610258,75.95161290322581
3863,1,0.0,27.0
3864,32,0.5907258064516129,102.71875
3865,84,0.1804360298336202,77.67857142857143
3866,26,0.1723076923076923,31.923076923076923
3867,46,0.1603864734299517,38.41304347826087
3868,4,0.0,75.75
3869,328,0.36587230551204597,522.8628048780488
3870,93,0.33520336605890605,156.33333333333334
3871,122,0.40604254166102155,419.6311475409836
3872,1,0.0,1.0
3873,11,0.38181818181818183,126.0909090909091
3874,101,0.22752475247524753,94.55445544554455
3875,4,0.16666666666666666,16.75
3876,119,0.453781512605042,343.6890756302521
3877,6,0.4666666666666667,28.166666666666668
3878,15,0.2857142857142857,77.26666666666667
3879,55,0.3023569023569024,96.98181818181818
3880,130,0.40333929636255217,174.24615384615385
3881,154,0.42492148374501315,169.97402597402598
3882,67,0.6259611035730439,370.56716417910445
3883,39,0.650472334682861,618.6666666666666
3884,9,0.5555555555555556,53.55555555555556
3885,239,0.47867515206919586,570.7196652719665
3886,0,0.0,0.0
3887,14,0.5164835164835165,18.642857142857142
3888,13,0.28205128205128205,47.92307692307692
3889,46,0.3033816425120773,91.17391304347827
3890,0,0.0,0.0
3891,48,0.18351063829787234,79.41666666666667
3892,480,0.31974599860821157,458.25625
3893,75,0.3311711711711712,118.05333333333333
3894,383,0.3983568684811286,327.40208877284596
3895,7,0.7142857142857143,44.0
3896,2,0.0,2.5
3897,200,0.17914572864321607,117.585
3898,131,0.33446858485026426,163.74045801526717
3899,740,0.3473795852686245,550.3783783783783
3900,12,0.3484848484848485,19.916666666666668
3901,1,0.0,13.0
3902,76,0.26456140350877194,308.92105263157896
3903,502,0.3668440012405468,516.9721115537849
3904,11,0.3090909090909091,32.63636363636363
3905,30,0.20689655172413793,110.1
3906,16,0.44166666666666665,321.5625
3907,205,0.373792443806791,171.00487804878048
3908,1,0.0,1.0
3909,8,0.6071428571428571,81.125
3910,18,0.35294117647058826,117.22222222222223
3911,51,0.4,112.56862745098039
3912,3,0.0,10.333333333333334
3913,7,0.09523809523809523,28.571428571428573
3914,136,0.2628540305010893,168.44117647058823
3915,18,0.32679738562091504,32.166666666666664
3916,19,0.21052631578947367,54.526315789473685
3917,25,0.41,110.12
3918,31,0.2709677419354839,28.35483870967742
3919,209,0.20054287817445712,236.95693779904306
3920,0,0.0,0.0
3921,61,0.1907103825136612,83.63934426229508
3922,60,0.2576271186440678,181.31666666666666
3923,3,0.0,27.333333333333332
3924,2,1.0,9.0
3925,7,0.09523809523809523,14.571428571428571
3926,424,0.39712966680048173,572.4693396226415
3927,11,0.38181818181818183,114.0
3928,1016,0.3084577789845235,582.238188976378
3929,9,0.3888888888888889,19.444444444444443
3930,85,0.2854341736694678,153.25882352941176
3931,0,0.0,0.0
3932,5,0.7,24.0
3933,2,0.0,13.0
3934,62,0.15758857747223692,73.37096774193549
3935,7,0.6190476190476191,110.14285714285714
3936,20,0.32105263157894737,150.65
3937,0,0.0,0.0
3938,25,0.32666666666666666,131.0
3939,6,0.2,64.16666666666667
3940,0,0.0,0.0
3941,1,0.0,14.0
3942,562,0.3084096142500999,389.9288256227758
3943,26,0.28,45.84615384615385
3944,5,0.2,21.0
3945,4,0.3333333333333333,62.0
3946,10,0.4,38.5
3947,436,0.45763998734577666,610.3922018348624
3948,6,0.4,30.166666666666668
3949,14,0.27472527472527475,56.42857142857143
3950,127,0.500562429696288,452.99212598425197
3951,208,0.14371980676328502,99.14903846153847
3952,1159,0.20459838971419886,444.6902502157032
3953,4,0.16666666666666666,40.25
3954,40,0.36923076923076925,280.3
3955,0,0.0,0.0
3956,0,0.0,0.0
3957,4,0.5,39.5
3958,445,0.37063467962344365,565.629213483146
3959,32,0.125,52.5
3960,5,0.1,14.4
3961,1,0.0,7.0
3962,7,0.23809523809523808,158.85714285714286
3963,241,0.5157676348547718,476.3402489626556
3964,16,0.7666666666666667,27.3125
3965,30,0.3057471264367816,140.9
3966,10,0.28888888888888886,18.0
3967,6,0.26666666666666666,11.833333333333334
3968,12,0.3181818181818182,110.16666666666667
3969,2,0.0,5.5
3970,29,0.31527093596059114,65.0
3971,181,0.3610804174340086,176.75138121546962
3972,14,0.38461538461538464,34.785714285714285
3973,15,0.3619047619047619,68.33333333333333
3974,3,0.6666666666666666,64.0
3975,1,0.0,8.0
3976,94,0.4447494852436513,291.67021276595744
3977,27,0.14245014245014245,131.74074074074073
3978,168,0.25605930995152554,138.33333333333334
3979,29,0.20689655172413793,42.51724137931034
3980,132,0.4727041406430719,535.9242424242424
3981,3,0.0,51.666666666666664
3982,0,0.0,0.0
3983,38,0.22475106685633,81.52631578947368
3984,7,0.7619047619047619,220.14285714285714
3985,14,0.31868131868131866,65.57142857142857
3986,3,0.3333333333333333,14.333333333333334
3987,22,0.3852813852813853,48.59090909090909
3988,17,0.4411764705882353,48.88235294117647
3989,17,0.5147058823529411,143.41176470588235
3990,4,0.16666666666666666,157.25
3991,35,0.1495798319327731,146.9142857142857
3992,2,0.0,13.0
3993,245,0.1737704918032787,129.25714285714287
3994,0,0.0,0.0
3995,17,0.25,20.11764705882353
3996,111,0.15053235053235053,162.57657657657657
3997,8,0.32142857142857145,25.625
3998,29,0.34236453201970446,61.689655172413794
3999,8,0.4642857142857143,53.375
4000,218,0.4485266139601742,617.5871559633027
4001,812,0.3181925859335613,545.481527093596
4002,3,0.6666666666666666,61.666666666666664
4003,4,0.16666666666666666,68.75
4004,12,0.3333333333333333,65.58333333333333
4005,3,0.3333333333333333,282.6666666666667
4006,0,0.0,0.0
4007,201,0.6800497512437811,297.2487562189055
4008,2,1.0,5.5
4009,20,0.23157894736842105,64.95
4010,247,0.33379414765807575,474.9757085020243
4011,6,0.3333333333333333,182.66666666666666
4012,4,0.5,44.5
4013,365,0.39650760198705404,471.13424657534244
4014,638,0.3615251743330561,558.7210031347962
4015,8,0.17857142857142858,4.875
4016,16,0.31666666666666665,98.0625
4017,47,0.25809435707678074,110.74468085106383
4018,20,0.33157894736842103,97.4
4019,0,0.0,0.0
4020,55,0.5198653198653199,317.90909090909093
4021,8,0.32142857142857145,34.0
4022,225,0.7034523809523809,688.2
4023,30,0.16091954022988506,39.96666666666667
4024,8,0.42857142857142855,211.875
4025,23,0.25691699604743085,27.869565217391305
4026,1,0.0,43.0
4027,1,0.0,1.0
4028,266,0.4183855866080295,474.0112781954887
4029,0,0.0,0.0
4030,4,0.3333333333333333,49.0
4031,205,0.3593974175035868,462.88780487804877
4032,0,0.0,0.0
4033,2,0.0,40.0
4034,109,0.23479442745497792,77.25688073394495
4035,3,0.3333333333333333,111.66666666666667
4036,20,0.17894736842105263,50.85
4037,0,0.0,0.0
4038,4,0.5,14.0
4039,16,0.2916666666666667,197.125
4040,69,0.17988064791133845,64.1159420289855
4041,22,0.38961038961038963,149.04545454545453
4042,2,1.0,268.0
4043,61,0.3,206.68852459016392
4044,2,1.0,8.0
4045,32,0.16330645161290322,69.03125
4046,136,0.3687363834422658,301.3382352941176
4047,10,0.1111111111111111,45.1
4048,7,0.6666666666666666,146.28571428571428
4049,119,0.3955277026064663,170.38655462184875
4050,213,0.3561874391000089,416.6713615023474
4051,3,1.0,20.333333333333332
4052,6,0.0,62.833333333333336
4053,2,0.0,1.0
4054,59,0.4739918176504968,294.91525423728814
4055,13,0.08974358974358974,11.461538461538462
4056,0,0.0,0.0
4057,19,0.23391812865497075,40.473684210526315
4058,213,0.18354150057578172,122.73239436619718
4059,52,0.2081447963800905,91.6923076923077
4060,0,0.0,0.0
4061,18,0.3660130718954248,106.55555555555556
4062,0,0.0,0.0
4063,0,0.0,0.0
4064,242,0.34042042453962484,363.07851239669424
4065,0,0.0,0.0
4066,8,0.4642857142857143,56.625
4067,0,0.0,0.0
4068,41,0.20365853658536584,58.146341463414636
4069,10,0.24444444444444444,15.2
4070,412,0.4846455483901448,579.745145631068
4071,56,0.4512987012987013,107.46428571428571
4072,77,0.36021872863978127,440.3376623376623
4073,1,0.0,62.0
4074,24,0.5072463768115942,253.25
4075,23,0.1857707509881423,89.34782608695652
4076,1,0.0,25.0
4077,0,0.0,0.0
4078,18,0.37254901960784315,38.611111111111114
4079,10,0.4222222222222222,27.0
4080,2,0.0,10.5
4081,9,0.3611111111111111,186.22222222222223
4082,0,0.0,0.0
4083,434,0.4475899575355733,590.2511520737327
4084,252,0.5613103142983621,685.2579365079365
4085,4,0.3333333333333333,33.75
4086,3,0.3333333333333333,8.0
4087,72,0.45735524256651017,212.04166666666666
4088,45,0.5595959595959596,488.46666666666664
4089,7,0.5238095238095238,67.28571428571429
4090,67,0.7734056987788331,193.97014925373134
4091,4,0.6666666666666666,87.5
4092,7,0.7619047619047619,50.0
4093,3,1.0,83.66666666666667
4094,0,0.0,0.0
4095,11,0.23636363636363636,11.909090909090908
4096,9,0.4166666666666667,46.111111111111114
4097,81,0.24969135802469136,99.96296296296296
4098,3,0.3333333333333333,78.0
4099,11,0.5636363636363636,117.45454545454545
4100,277,0.36660911421545544,488.25992779783394
4101,0,0.0,0.0
4102,5,0.5,30.0
4103,2,0.0,59.0
4104,419,0.3644928115472017,563.8806682577566
4105,574,0.3460544478294446,550.4947735191638
4106,8,0.07142857142857142,31.5
4107,0,0.0,0.0
4108,0,0.0,0.0
4109,9,0.4444444444444444,120.22222222222223
4110,31,0.13118279569892474,48.645161290322584
4111,0,0.0,0.0
4112,74,0.5161051462421326,535.0540540540541
4113,114,0.3650054339388294,134.39473684210526
4114,0,0.0,0.0
4115,19,0.3333333333333333,108.10526315789474
4116,361,0.28642659279778393,459.2991689750693
4117,2,1.0,83.5
4118,234,0.3507941748285096,175.75641025641025
4119,25,0.24666666666666667,44.0
4120,2,1.0,86.0
4121,2,0.0,9.0
4122,294,0.3920735529706763,462.4047619047619
4123,393,0.25867217115853974,397.32824427480915
4124,7,0.23809523809523808,55.142857142857146
4125,12,0.10606060606060606,22.583333333333332
4126,838,0.35245207483255064,566.1360381861575
4127,0,0.0,0.0
4128,460,0.3423510466988728,343.0891304347826
4129,1,0.0,2.0
4130,170,0.2428123912286808,126.74705882352941
4131,29,0.3054187192118227,102.24137931034483
4132,264,0.429283327572301,450.969696969697
4133,14,0.6043956043956044,160.57142857142858
4134,2,0.0,49.5
4135,7,0.2857142857142857,19.714285714285715
4136,2,0.0,18.0
4137,7,0.47619047619047616,54.0
4138,33,0.13825757575757575,22.757575757575758
4139,22,0.18614718614718614,57.18181818181818
4140,70,0.4041407867494824,199.2
4141,6,0.5333333333333333,52.5
4142,3,0.3333333333333333,15.333333333333334
4143,357,0.23022692222956598,326.4201680672269
4144,0,0.0,0.0
4145,1,0.0,10.0
4146,36,0.3396825396825397,75.77777777777777
4147,0,0.0,0.0
4148,78,0.281052281052281,112.26923076923077
4149,25,0.18,69.6
4150,2,0.0,38.0
4151,30,0.34022988505747126,120.16666666666667
4152,164,0.2912614095466108,228.0487804878049
4153,30,0.335632183908046,169.96666666666667
4154,2,0.0,37.0
4155,12,0.22727272727272727,46.75
4156,19,0.0935672514619883,30.68421052631579
4157,17,0.3602941176470588,69.52941176470588
4158,0,0.0,0.0
4159,45,0.4484848484848485,149.2888888888889
4160,19,0.17543859649122806,30.842105263157894
4161,1,0.0,4.0
4162,8,0.5714285714285714,92.25
4163,32,0.4092741935483871,234.125
4164,19,0.1695906432748538,18.57894736842105
4165,0,0.0,0.0
4166,157,0.5681855299689694,608.4968152866242
4167,28,0.2857142857142857,90.39285714285714
4168,0,0.0,0.0
4169,96,0.21052631578947367,92.10416666666667
4170,40,0.2230769230769231,68.05
4171,6,0.3333333333333333,24.333333333333332
4172,0,0.0,0.0
4173,23,0.5217391304347826,343.8695652173913
4174,317,0.5045322046080741,284.6813880126183
4175,5,0.3,139.0
4176,39,0.242914979757085,72.87179487179488
4177,387,0.49076863343642474,543.5839793281654
4178,59,0.09643483343074226,99.76271186440678
4179,25,0.30666666666666664,87.0
4180,37,0.24024024024024024,85.91891891891892
4181,46,0.22415458937198068,147.84782608695653
4182,1,0.0,1.0
4183,80,0.5443037974683544,229.65
4184,0,0.0,0.0
4185,2,1.0,12.5
4186,0,0.0,0.0
4187,0,0.0,0.0
4188,121,0.5108815426997245,483.12396694214874
4189,0,0.0,0.0
4190,173,0.5881838956849039,582.1445086705203
4191,30,0.2160919540229885,58.46666666666667
4192,35,0.5714285714285714,352.6
4193,196,0.26033490319204605,139.65816326530611
4194,5,0.3,15.8
4195,0,0.0,0.0
4196,55,0.1393939393939394,42.10909090909091
4197,146,0.6054794520547945,570.5616438356165
4198,8,0.21428571428571427,23.375
4199,981,0.2623957228151199,516.3924566768603
4200,38,0.19203413940256045,199.02631578947367
4201,198,0.6518484335743219,573.560606060606
4202,390,0.38634236372025577,527.0692307692308
4203,87,0.23122159850307406,121.66666666666667
4204,67,0.30257801899592945,129.0
4205,3,1.0,83.0
4206,6,0.26666666666666666,41.0
4207,242,0.3446383868865951,494.42148760330576
4208,31,0.35698924731182796,124.35483870967742
4209,11,0.2545454545454545,142.8181818181818
4210,15,0.34285714285714286,296.2
4211,25,0.2733333333333333,92.28
4212,18,0.3333333333333333,63.666666666666664
4213,1128,0.24157840749620849,488.40425531914894
4214,207,0.4890483560808592,579.3478260869565
4215,162,0.23633156966490299,129.33333333333334
4216,40,0.21923076923076923,116.55
4217,3,0.3333333333333333,82.66666666666667
4218,1,0.0,344.0
4219,1172,0.2589761675065505,531.0059726962457
4220,124,0.2967479674796748,207.92741935483872
4221,552,0.36983481943238905,591.6195652173913
4222,41,0.14268292682926828,43.51219512195122
4223,20,0.33157894736842103,114.55
4224,0,0.0,0.0
4225,4,0.5,23.25
4226,58,0.5208711433756806,264.9655172413793
4227,10,0.6,218.6
4228,88,0.28605015673981193,120.81818181818181
4229,41,0.0975609756097561,62.02439024390244
4230,21,0.4,82.0
4231,21,0.24761904761904763,39.23809523809524
4232,131,0.2151497357604228,246.03053435114504
4233,3,0.3333333333333333,6.333333333333333
4234,21,0.2619047619047619,46.61904761904762
4235,15,0.3047619047619048,58.86666666666667
4236,1,0.0,14.0
4237,220,0.5237442922374429,633.6863636363636
4238,186,0.5112467306015693,302.16129032258067
4239,146,0.6113367973547473,605.3630136986301
4240,17,0.18382352941176472,12.823529411764707
4241,51,0.6737254901960784,210.94117647058823
4242,0,0.0,0.0
4243,268,0.580636145117111,306.5223880597015
4244,8,0.32142857142857145,59.25
4245,28,0.3783068783068783,63.57142857142857
4246,91,0.5035409035409035,154.14285714285714
4247,122,0.2979271101476765,148.36885245901638
4248,115,0.317162471395881,137.2521739130435
4249,273,0.3739226459814695,544.8131868131868
4250,182,0.3310667233319167,135.8021978021978
4251,121,0.1256198347107438,132.65289256198346
4252,43,0.43853820598006643,160.7674418604651
4253,30,0.2689655172413793,124.6
4254,33,0.2689393939393939,66.48484848484848
4255,35,0.24201680672268908,52.02857142857143
4256,90,0.42921348314606744,253.1
4257,14,0.37362637362637363,36.42857142857143
4258,41,0.4560975609756098,408.0487804878049
4259,47,0.32192414431082333,76.19148936170212
4260,10,0.4,26.5
4261,170,0.42958579881656805,455.6235294117647
4262,76,0.24456140350877192,129.85526315789474
4263,45,0.24444444444444444,156.95555555555555
4264,10,0.2222222222222222,12.7
4265,1,0.0,41.0
4266,98,0.3008626130864717,169.4795918367347
4267,250,0.29979116465863453,353.416
4268,103,0.558728345707215,518.4660194174758
4269,2,1.0,13.5
4270,0,0.0,0.0
4271,42,0.5203252032520326,162.16666666666666
4272,34,0.1657754010695187,117.1470588235294
4273,4,0.3333333333333333,80.25
4274,215,0.44177352749402304,343.7720930232558
4275,232,0.5085833706523362,479.4181034482759
4276,134,0.43665132981708,470.2164179104478
4277,288,0.49213608207510645,617.7465277777778
4278,34,0.2638146167557932,151.05882352941177
4279,95,0.17491601343784993,102.07368421052631
4280,1,0.0,3.0
4281,160,0.4387578616352201,566.16875
4282,3,0.0,2.6666666666666665
4283,0,0.0,0.0
4284,1,0.0,6.0
4285,18,0.21568627450980393,37.611111111111114
4286,34,0.3689839572192513,99.3529411764706
4287,3,0.3333333333333333,29.0
4288,272,0.236406555242023,144.95955882352942
4289,0,0.0,0.0
4290,798,0.3175976327267353,539.5601503759399
4291,4,0.6666666666666666,13.0
4292,0,0.0,0.0
4293,12,0.3333333333333333,77.16666666666667
4294,18,0.1895424836601307,90.94444444444444
4295,31,0.4967741935483871,211.29032258064515
4296,171,0.6097695218438253,543.2690058479532
4297,519,0.3078983194590131,487.5780346820809
4298,22,0.12987012987012986,30.136363636363637
4299,1,0.0,109.0
4300,7,0.42857142857142855,39.714285714285715
4301,8,0.21428571428571427,30.375
4302,1,0.0,8.0
4303,367,0.19804648531141586,302.9400544959128
4304,430,0.3664010408196455,578.3046511627907
4305,2,0.0,86.5
4306,38,0.3029871977240398,169.52631578947367
4307,201,0.5430845771144278,597.3482587064676
4308,10,0.17777777777777778,26.6
4309,38,0.34708392603129445,242.6315789473684
4310,24,0.4528985507246377,156.08333333333334
4311,8,0.7142857142857143,80.25
4312,3,0.0,7.0
4313,0,0.0,0.0
4314,257,0.18500729571984437,127.07003891050584
4315,7,0.42857142857142855,58.42857142857143
4316,66,0.48344988344988343,160.5909090909091
4317,967,0.26141339139855396,527.4208893485005
4318,13,0.2692307692307692,34.61538461538461
4319,44,0.16173361522198731,125.47727272727273
4320,13,0.2692307692307692,52.30769230769231
4321,9,0.16666666666666666,26.333333333333332
4322,471,0.3447079550074536,449.08492569002124
4323,5,0.4,43.6
4324,12,0.06060606060606061,19.0
4325,0,0.0,0.0
4326,271,0.24974716413830805,242.33948339483396
4327,15,0.05714285714285714,28.466666666666665
4328,0,0.0,0.0
4329,0,0.0,0.0
4330,4,0.16666666666666666,176.5
4331,4,0.3333333333333333,22.5
4332,65,0.48125,147.58461538461538
4333,2,1.0,49.0
4334,55,0.19865319865319866,69.67272727272727
4335,0,0.0,0.0
4336,9,0.4444444444444444,27.11111111111111
4337,5,0.1,22.8
4338,111,0.27141687141687143,210.11711711711712
4339,93,0.22861150070126227,131.91397849462365
4340,33,0.5890151515151515,160.33333333333334
4341,1,0.0,42.0
4342,145,0.27174329501915706,147.44827586206895
4343,596,0.19816141221589306,430.06208053691273
4344,11,0.09090909090909091,61.54545454545455
4345,4,0.6666666666666666,29.0
4346,3,0.0,36.666666666666664
4347,0,0.0,0.0
4348,58,0.294010889292196,133.24137931034483
4349,91,0.18754578754578755,76.36263736263736
4350,42,0.5481997677119629,126.5
4351,1,0.0,1.0
4352,0,0.0,0.0
4353,62,0.27287149656266524,109.24193548387096
4354,0,0.0,0.0
4355,490,0.3190267518050165,555.7061224489796
4356,0,0.0,0.0
4357,17,0.22058823529411764,101.05882352941177
4358,7,0.23809523809523808,110.28571428571429
4359,6,0.26666666666666666,12.333333333333334
4360,3,0.0,10.666666666666666
4361,89,0.3299284984678243,182.8876404494382
4362,121,0.5081267217630854,431.099173553719
4363,0,0.0,0.0
4364,14,0.21978021978021978,66.42857142857143
4365,351,0.20206756206756207,224.06267806267806
4366,16,0.23333333333333334,38.6875
4367,32,0.2701612903225806,141.8125
4368,34,0.25846702317290554,40.6764705882353
4369,210,0.2585099111414901,307.4904761904762
4370,4,0.3333333333333333,51.75
4371,225,0.5009126984126984,534.3866666666667
4372,1,0.0,2.0
4373,3,0.0,8.666666666666666
4374,8,0.39285714285714285,49.25
4375,75,0.18486486486486486,199.18666666666667
4376,23,0.28063241106719367,47.869565217391305
4377,18,0.1830065359477124,68.61111111111111
4378,14,0.2967032967032967,37.785714285714285
4379,20,0.49473684210526314,108.55
4380,20,0.35789473684210527,162.8
4381,0,0.0,0.0
4382,1325,0.2183172775465998,497.00301886792454
4383,51,0.18745098039215685,53.509803921568626
4384,0,0.0,0.0
4385,64,0.2673611111111111,263.0
4386,16,0.23333333333333334,42.8125
4387,45,0.16464646464646465,71.17777777777778
4388,64,0.22470238095238096,178.875
4389,272,0.31894399826351205,474.33088235294116
4390,1,0.0,5.0
4391,15,0.2571428571428571,22.8
4392,40,0.23461538461538461,65.4
4393,338,0.16675153196495357,140.53550295857988
4394,12,0.15151515151515152,10.0
4395,16,0.475,112.875
4396,0,0.0,0.0
4397,8,0.42857142857142855,32.875
4398,16,0.48333333333333334,99.5625
4399,1,0.0,6.0
4400,1,0.0,30.0
4401,25,0.2833333333333333,95.24
4402,5,0.2,62.4
4403,73,0.2796803652968037,85.58904109589041
4404,51,0.31529411764705884,108.56862745098039
4405,485,0.34868364999574,531.1979381443299
4406,701,0.3354799266354188,523.4878744650499
4407,18,0.17647058823529413,121.33333333333333
4408,113,0.2002212389380531,147.63716814159292
4409,231,0.14372294372294372,131.71861471861473
4410,34,0.19607843137254902,54.05882352941177
4411,2,0.0,19.5
4412,121,0.24710743801652893,148.47107438016528
4413,1,0.0,48.0
4414,59,0.21917007597895968,267.3050847457627
4415,0,0.0,0.0
4416,0,0.0,0.0
4417,0,0.0,0.0
4418,50,0.3722448979591837,274.6
4419,5,0.6,75.8
4420,2,1.0,5.0
4421,36,0.18412698412698414,63.72222222222222
4422,60,0.41638418079096046,141.95
4423,1,0.0,1.0
4424,0,0.0,0.0
4425,58,0.33030852994555354,80.62068965517241
4426,26,0.7476923076923077,631.4615384615385
4427,647,0.4373651193170671,638.0602782071097
4428,5,0.0,52.8
4429,17,0.5882352941176471,293.11764705882354
4430,106,0.30494159928122194,132.62264150943398
4431,8,0.2857142857142857,105.0
4432,181,0.2881522406384285,193.41988950276243
4433,3,0.3333333333333333,44.333333333333336
4434,11,0.2545454545454545,45.18181818181818
4435,27,0.36182336182336183,22.88888888888889
4436,708,0.3170354565722916,500.20338983050846
4437,0,0.0,0.0
4438,0,0.0,0.0
4439,40,0.5641025641025641,209.75
4440,0,0.0,0.0
4441,46,0.5700483091787439,501.60869565217394
4442,5,0.4,64.4
4443,79,0.4086335605322947,327.9367088607595
4444,121,0.3012396694214876,147.47107438016528
4445,0,0.0,0.0
4446,253,0.5696091348265261,644.6403162055336
4447,4,0.3333333333333333,44.0
4448,0,0.0,0.0
4449,23,0.20948616600790515,32.04347826086956
4450,42,0.26713124274099886,158.35714285714286
4451,9,0.1111111111111111,19.11111111111111
4452,34,0.37076648841354726,122.76470588235294
4453,6,0.5333333333333333,20.666666666666668
4454,8,0.10714285714285714,8.875
4455,51,0.30745098039215685,95.49019607843137
4456,5,0.4,34.6
4457,2,1.0,33.0
4458,0,0.0,0.0
4459,172,0.31266149870801035,208.0872093023256
4460,44,0.34355179704016914,96.8409090909091
4461,4,0.0,18.0
4462,24,0.2644927536231884,46.083333333333336
4463,0,0.0,0.0
4464,0,0.0,0.0
4465,95,0.6486002239641657,536.9052631578948
4466,57,0.5394736842105263,503.0877192982456
4467,26,0.24923076923076923,82.76923076923077
4468,10,0.6444444444444445,131.7
4469,20,0.34210526315789475,27.95
4470,15,0.3523809523809524,51.06666666666667
4471,0,0.0,0.0
4472,108,0.2317410868812738,202.74074074074073
4473,326,0.2887210948560642,465.7822085889571
4474,89,0.21041879468845762,55.98876404494382
4475,7,0.14285714285714285,60.285714285714285
4476,22,0.22943722943722944,51.18181818181818
4477,526,0.3880644577222524,523.958174904943
4478,21,0.13333333333333333,39.80952380952381
4479,54,0.3074772886093641,84.70370370370371
4480,8,0.14285714285714285,40.125
4481,18,0.5686274509803921,381.8888888888889
4482,3,0.0,30.666666666666668
4483,33,0.6950757575757576,420.90909090909093
4484,2,1.0,48.0
4485,471,0.45932149794461763,575.1125265392782
4486,1,0.0,10.0
4487,2,1.0,9.0
4488,27,0.46153846153846156,58.51851851851852
4489,127,0.4979377577802775,308.78740157480314
4490,0,0.0,0.0
4491,0,0.0,0.0
4492,9,0.25,61.77777777777778
4493,33,0.32007575757575757,65.87878787878788
4494,18,0.28104575163398693,28.055555555555557
4495,311,0.45229747951457316,348.8745980707395
4496,126,0.2342857142857143,191.64285714285714
4497,393,0.3386430908241159,352.34860050890586
4498,61,0.18907103825136612,56.295081967213115
4499,0,0.0,0.0
4500,13,0.2564102564102564,20.923076923076923
4501,554,0.3830305325072953,598.5
4502,8,0.4642857142857143,104.75
4503,22,0.30303030303030304,34.27272727272727
4504,27,0.603988603988604,158.66666666666666
4505,17,0.27205882352941174,59.76470588235294
4506,146,0.24515824279641002,231.87671232876713
4507,0,0.0,0.0
4508,148,0.5039529325243611,254.9527027027027
4509,385,0.44061147186147187,557.2701298701298
4510,215,0.24342534231688764,151.1627906976744
4511,21,0.3952380952380952,89.47619047619048
4512,187,0.10666436662641596,87.4812834224599
4513,13,0.6666666666666666,94.92307692307692
4514,30,0.25057471264367814,78.46666666666667
4515,1,0.0,36.0
4516,21,0.23809523809523808,93.23809523809524
4517,24,0.4528985507246377,71.83333333333333
4518,4,0.16666666666666666,12.25
4519,99,0.15213358070500926,63.01010101010101
4520,0,0.0,0.0
4521,3,0.6666666666666666,53.666666666666664
4522,5,0.1,49.6
4523,24,0.26811594202898553,58.916666666666664
4524,20,0.28421052631578947,44.85
4525,6,0.5333333333333333,51.0
4526,372,0.4051241920992377,365.31451612903226
4527,13,0.1282051282051282,14.846153846153847
4528,31,0.09462365591397849,40.935483870967744
4529,5,0.3,9.2
4530,0,0.0,0.0
4531,157,0.5884370406663401,665.624203821656
4532,153,0.4723942208462332,449.69934640522877
4533,5,0.0,39.2
4534,151,0.3972626931567329,170.03311258278146
4535,32,0.17540322580645162,20.4375
4536,192,0.1613765270506108,108.90625
4537,373,0.25227017210066593,400.9463806970509
4538,98,0.2225962549968441,73.5
4539,5,0.2,13.8
4540,30,0.20229885057471264,83.36666666666666
4541,104,0.6316280806572069,341.7307692307692
4542,6,0.26666666666666666,37.666666666666664
4543,25,0.26666666666666666,144.68
4544,20,0.5210526315789473,286.35
4545,10,0.5333333333333333,387.6
4546,23,0.17391304347826086,26.73913043478261
4547,14,0.2967032967032967,43.0
4548,30,0.4528735632183908,47.833333333333336
4549,6,0.3333333333333333,117.33333333333333
4550,496,0.3907787552948843,565.4254032258065
4551,14,0.37362637362637363,25.714285714285715
4552,1,0.0,4.0
4553,172,0.2611859105127159,182.58139534883722
4554,27,0.22507122507122507,83.11111111111111
4555,25,0.31,85.96
4556,43,0.3023255813953488,78.0
4557,7,0.19047619047619047,18.142857142857142
4558,169,0.17681036911806142,136.89349112426035
4559,19,0.21052631578947367,37.10526315789474
4560,0,0.0,0.0
4561,0,0.0,0.0
4562,6,0.4666666666666667,32.0
4563,291,0.19924161630524945,150.00343642611685
4564,0,0.0,0.0
4565,2,0.0,1.5
4566,319,0.4371759231876343,503.9623824451411
4567,1,0.0,4.0
4568,142,0.2891818999100989,411.5633802816901
4569,3,0.6666666666666666,29.333333333333332
4570,9,0.2777777777777778,67.11111111111111
4571,12,0.3484848484848485,146.08333333333334
4572,48,0.20567375886524822,139.47916666666666
4573,6,0.5333333333333333,21.166666666666668
4574,2,1.0,41.5
4575,3,0.0,5.333333333333333
4576,118,0.7146168332609011,414.29661016949154
4577,6,0.3333333333333333,54.666666666666664
4578,299,0.4339296536553613,479.6488294314381
4579,223,0.38156991071789276,490.4843049327354
4580,71,0.2056338028169014,228.43661971830986
4581,4,0.3333333333333333,19.0
4582,15,0.22857142857142856,44.46666666666667
4583,0,0.0,0.0
4584,7,0.09523809523809523,70.14285714285714
4585,405,0.475333088864442,537.5530864197531
4586,259,0.45077968333782287,580.7451737451737
4587,62,0.2749867794817557,130.01612903225808
4588,1,0.0,2.0
4589,13,0.32051282051282054,166.84615384615384
4590,6,0.2,11.166666666666666
4591,0,0.0,0.0
4592,1,0.0,6.0
4593,156,0.7174524400330852,345.3397435897436
4594,50,0.28816326530612246,56.02
4595,108,0.453097957770855,383.5833333333333
4596,2,1.0,4.5
4597,112,0.48246460746460745,455.9375
4598,4,0.16666666666666666,39.75
4599,0,0.0,0.0
4600,3,0.6666666666666666,36.333333333333336
4601,0,0.0,0.0
4602,0,0.0,0.0
4603,2,1.0,16.0
4604,30,0.5586206896551724,365.3333333333333
4605,12,0.22727272727272727,32.25
4606,153,0.5362917096663227,567.9215686274509
4607,6,0.06666666666666667,6.5
4608,33,0.2765151515151515,80.96969696969697
4609,72,0.3435054773082942,311.94444444444446
4610,4,0.3333333333333333,149.0
4611,59,0.34307422559906486,281.7118644067797
4612,74,0.3087745279526101,151.6081081081081
4613,65,0.31201923076923077,173.6153846153846
4614,28,0.35978835978835977,54.75
4615,2,0.0,8.0
4616,2,0.0,55.5
4617,32,0.3346774193548387,84.125
4618,50,0.23755102040816325,52.5
4619,76,0.45473684210526316,173.93421052631578
4620,4,0.3333333333333333,18.25
4621,0,0.0,0.0
4622,9,0.1111111111111111,40.0
4623,97,0.5347938144329897,426.11340206185565
4624,127,0.2659667541557305,140.88188976377953
4625,10,0.26666666666666666,19.2
4626,77,0.23444976076555024,68.1948051948052
4627,25,0.39666666666666667,159.72
4628,86,0.5975376196990424,518.4186046511628
4629,6,0.2,26.333333333333332
4630,7,0.047619047619047616,11.571428571428571
4631,3,0.3333333333333333,57.0
4632,0,0.0,0.0
4633,94,0.25806451612903225,114.47872340425532
4634,258,0.383947154103701,536.3604651162791
4635,49,0.1683673469387755,75.61224489795919
4636,58,0.574107683000605,236.31034482758622
4637,1,0.0,4.0
4638,8,0.39285714285714285,54.375
4639,15,0.19047619047619047,32.53333333333333
4640,568,0.40020369128350347,534.8679577464789
4641,0,0.0,0.0
4642,2,1.0,3.0
4643,166,0.41569916027747356,411.0903614457831
4644,3,0.3333333333333333,22.0
4645,141,0.3371833839918946,164.09929078014184
4646,38,0.3058321479374111,78.1842105263158
4647,51,0.39294117647058824,137.90196078431373
4648,2,0.0,2.0
4649,93,0.21271622253389436,89.86021505376344
4650,0,0.0,0.0
4651,121,0.2943526170798898,220.9917355371901
4652,24,0.43478260869565216,107.79166666666667
4653,2,0.0,16.0
4654,14,0.37362637362637363,54.285714285714285
4655,26,0.38153846153846155,30.423076923076923
4656,0,0.0,0.0
4657,2,0.0,17.5
4658,12,0.4393939393939394,44.583333333333336
4659,92,0.45843287147634976,424.7391304347826
4660,3,1.0,92.66666666666667
4661,3,0.3333333333333333,42.0
4662,1,0.0,15.0
4663,303,0.3514523637794243,484.3828382838284
4664,137,0.33265349935594674,381.91970802919707
4665,12,0.07575757575757576,27.75
4666,9,0.6666666666666666,446.22222222222223
4667,4,0.0,65.75
4668,3,1.0,7.666666666666667
4669,26,0.26153846153846155,258.7692307692308
4670,178,0.2758204786389894,276.1685393258427
4671,256,0.510140931372549,244.84375
4672,3,0.0,8.333333333333334
4673,4,0.16666666666666666,18.5
4674,10,0.17777777777777778,39.9
4675,48,0.33687943262411346,201.72916666666666
4676,4,0.6666666666666666,86.25
4677,39,0.48582995951417,286.79487179487177
4678,1,0.0,4.0
4679,0,0.0,0.0
4680,47,0.1822386679000925,58.297872340425535
4681,33,0.2159090909090909,41.09090909090909
4682,190,0.4199944305207463,451.9315789473684
4683,11,0.32727272727272727,49.81818181818182
4684,3,0.6666666666666666,14.0
4685,0,0.0,0.0
4686,0,0.0,0.0
4687,0,0.0,0.0
4688,8,0.5,250.5
4689,0,0.0,0.0
4690,136,0.38485838779956427,319.69117647058823
4691,299,0.40771250925905145,566.1003344481605
4692,6,0.4666666666666667,56.833333333333336
4693,394,0.27850324847263663,421.4746192893401
4694,29,0.4236453201970443,202.82758620689654
4695,25,0.21666666666666667,63.6
4696,212,0.13390861128498613,102.49528301886792
4697,4,0.0,8.0
4698,0,0.0,0.0
4699,0,0.0,0.0
4700,3,0.0,4.0
4701,11,0.36363636363636365,81.0
4702,14,0.3076923076923077,131.92857142857142
4703,81,0.36203703703703705,377.641975308642
4704,32,0.22379032258064516,105.59375
4705,0,0.0,0.0
4706,8,0.25,97.125
4707,1,0.0,6.0
4708,7,0.19047619047619047,18.571428571428573
4709,6,0.4666666666666667,151.33333333333334
4710,18,0.27450980392156865,60.27777777777778
4711,32,0.35685483870967744,107.15625
4712,54,0.2921034241788959,59.24074074074074
4713,67,0.2302125734961556,111.8955223880597
4714,32,0.5987903225806451,101.59375
4715,97,0.21327319587628865,113.63917525773196
4716,13,0.358974358974359,98.92307692307692
4717,1,0.0,43.0
4718,26,0.3230769230769231,99.03846153846153
4719,1,0.0,7.0
4720,89,0.3128192032686415,241.47191011235955
4721,308,0.5001480604086467,500.15584415584414
4722,157,0.22791115466274703,138.06369426751593
4723,10,0.24444444444444444,53.7
4724,0,0.0,0.0
4725,13,0.2692307692307692,38.07692307692308
4726,13,0.21794871794871795,57.0
4727,257,0.584721546692607,705.2256809338521
4728,4,0.0,30.75
4729,34,0.33868092691622104,60.23529411764706
4730,0,0.0,0.0
4731,3,0.3333333333333333,5.333333333333333
4732,124,0.12431156569630213,94.04032258064517
4733,201,0.5834825870646766,281.0696517412935
4734,4,0.5,29.5
4735,9,0.5,66.33333333333333
4736,1,0.0,19.0
4737,140,0.4770811921891059,475.2857142857143
4738,466,0.3678988416632055,464.7489270386266
4739,23,0.4031620553359684,79.08695652173913
4740,7,0.2857142857142857,75.85714285714286
4741,6,0.3333333333333333,223.66666666666666
4742,71,0.3645875251509054,176.90140845070422
4743,0,0.0,0.0
4744,3,0.0,10.333333333333334
4745,118,0.3439680957128614,252.2941176470588
4746,13,0.2948717948717949,38.0
4747,31,0.4043010752688172,134.58064516129033
4748,32,0.14919354838709678,41.375
4749,0,0.0,0.0
4750,1,0.0,13.0
4751,38,0.5789473684210527,182.97368421052633
4752,3,0.3333333333333333,44.666666666666664
4753,59,0.29281122150789013,272.96610169491527
4754,368,0.17548276270584054,191.01902173913044
4755,17,0.11764705882352941,27.470588235294116
4756,119,0.11194986469163937,78.53781512605042
4757,0,0.0,0.0
4758,2,0.0,10.0
4759,3,0.0,75.66666666666667
4760,15,0.5523809523809524,139.46666666666667
4761,48,0.6179078014184397,161.77083333333334
4762,0,0.0,0.0
4763,5,0.2,20.6
4764,443,0.2340990572301155,429.9277652370203
4765,50,0.4057142857142857,349.5
4766,0,0.0,0.0
4767,11,0.38181818181818183,84.0
4768,30,0.19540229885057472,66.16666666666667
4769,65,0.5451923076923076,185.35384615384615
4770,24,0.18115942028985507,60.875
4771,14,0.0989010989010989,11.928571428571429
4772,0,0.0,0.0
4773,10,0.1111111111111111,31.5
4774,12,0.36363636363636365,34.583333333333336
4775,1,0.0,2.0
4776,91,0.2835164835164835,138.37362637362637
4777,33,0.2897727272727273,125.78787878787878
4778,15,0.14285714285714285,24.266666666666666
4779,8,0.14285714285714285,42.875
4780,30,0.27816091954022987,49.0
4781,19,0.2982456140350877,86.63157894736842
4782,14,0.3956043956043956,72.64285714285714
4783,10,0.2,51.0
4784,2,1.0,15.0
4785,12,0.5606060606060606,524.6666666666666
4786,249,0.4060435289545278,442.6666666666667
4787,1,0.0,68.0
4788,0,0.0,0.0
4789,202,0.2485099256194276,142.2871287128713
4790,7,0.14285714285714285,39.42857142857143
4791,8,0.21428571428571427,56.75
4792,5,0.1,7.2
4793,17,0.3088235294117647,59.0
4794,16,0.24166666666666667,24.0
4795,81,0.14660493827160495,49.28395061728395
4796,39,0.4224021592442645,32.15384615384615
4797,5,0.2,35.4
4798,11,0.45454545454545453,68.27272727272727
4799,50,0.24979591836734694,86.56
4800,6,0.3333333333333333,5.666666666666667
4801,734,0.35283315552152145,564.4019073569482
4802,23,0.24110671936758893,32.08695652173913
4803,1,0.0,3.0
4804,5,0.0,5.4
4805,17,0.625,168.7058823529412
4806,909,0.33647615862907876,575.1947194719472
4807,21,0.2714285714285714,64.23809523809524
4808,11,0.2545454545454545,68.9090909090909
4809,0,0.0,0.0
4810,16,0.625,93.375
4811,75,0.23495495495495494,219.82666666666665
4812,499,0.49435417018776506,602.8657314629259
4813,35,0.24369747899159663,269.0
4814,6,0.4666666666666667,13.666666666666666
4815,268,0.5605679467829392,593.4664179104477
4816,1,0.0,9.0
4817,4,0.16666666666666666,22.0
4818,24,0.5543478260869565,197.66666666666666
4819,0,0.0,0.0
4820,0,0.0,0.0
4821,0,0.0,0.0
4822,23,0.31620553359683795,92.8695652173913
4823,7,0.09523809523809523,15.571428571428571
4824,1,0.0,5.0
4825,0,0.0,0.0
4826,117,0.4357500736811082,142.3846153846154
4827,20,0.33157894736842103,66.25
4828,4,0.6666666666666666,31.25
4829,16,0.325,49.75
4830,9,0.2222222222222222,18.11111111111111
4831,136,0.5306100217864924,607.7205882352941
4832,105,0.2175824175824176,89.52380952380952
4833,21,0.4142857142857143,98.38095238095238
4834,1004,0.2814484832355523,532.691235059761
4835,5,0.5,26.2
4836,400,0.4144110275689223,577.32
4837,39,0.3252361673414305,112.82051282051282
4838,214,0.6331885393357027,294.6121495327103
4839,2,0.0,15.0
4840,17,0.25735294117647056,108.70588235294117
4841,0,0.0,0.0
4842,62,0.17398202009518773,122.90322580645162
4843,525,0.4048709560159942,632.0780952380952
4844,23,0.14624505928853754,59.21739130434783
4845,7,0.19047619047619047,62.142857142857146
4846,37,0.3918918918918919,101.75675675675676
4847,1,0.0,56.0
4848,5,0.3,9.2
4849,72,0.16040688575899845,60.138888888888886
4850,4,0.3333333333333333,77.0
4851,0,0.0,0.0
4852,368,0.4661621845752873,285.64402173913044
4853,836,0.2763859840128356,505.9174641148325
4854,29,0.29802955665024633,67.6896551724138
4855,3,0.6666666666666666,147.33333333333334
4856,61,0.1923497267759563,59.52459016393443
4857,569,0.3367657615287507,535.4534270650264
4858,3,0.0,3.6666666666666665
4859,327,0.5286204761636742,291.2782874617737
4860,26,0.3046153846153846,54.92307692307692
4861,12,0.06060606060606061,30.416666666666668
4862,11,0.509090909090909,23.363636363636363
4863,15,0.23809523809523808,54.53333333333333
4864,132,0.5198935924126764,288.43939393939394
4865,275,0.13688122096881222,253.38181818181818
4866,152,0.46331474381317533,552.203947368421
4867,51,0.5780392156862745,661.1764705882352
4868,5,0.3,46.2
4869,3,0.0,13.333333333333334
4870,21,0.3380952380952381,43.333333333333336
4871,2,0.0,53.5
4872,55,0.2,75.6
4873,22,0.2077922077922078,107.0909090909091
4874,0,0.0,0.0
4875,292,0.4374146777762086,333.11301369863014
4876,0,0.0,0.0
4877,257,0.48872203307393,516.7431906614786
4878,346,0.446979978218983,610.150289017341
4879,3,0.3333333333333333,15.0
4880,1,0.0,222.0
4881,27,0.5299145299145299,166.25925925925927
4882,35,0.3277310924369748,96.11428571428571
4883,175,0.5569786535303777,508.8285714285714
4884,21,0.12380952380952381,77.61904761904762
4885,23,0.541501976284585,58.17391304347826
4886,21,0.14285714285714285,16.333333333333332
4887,3,0.3333333333333333,8.666666666666666
4888,20,0.34210526315789475,133.65
4889,9,0.25,30.0
4890,84,0.20625358577165806,53.44047619047619
4891,30,0.3103448275862069,56.266666666666666
4892,1,0.0,206.0
4893,5,0.1,72.6
4894,19,0.21637426900584794,22.31578947368421
4895,11,0.32727272727272727,98.0
4896,15,0.2,31.933333333333334
4897,366,0.49599520922224716,648.655737704918
4898,0,0.0,0.0
4899,29,0.4211822660098522,96.44827586206897
4900,10,0.3111111111111111,105.4
4901,10,0.3111111111111111,95.8
4902,1,0.0,4.0
4903,137,0.477565478746243,463.1459854014599
4904,40,0.23461538461538461,116.05
4905,58,0.41379310344827586,147.70689655172413
4906,455,0.27766858691968827,417.42417582417585
4907,0,0.0,0.0
4908,0,0.0,0.0
4909,0,0.0,0.0
4910,0,0.0,0.0
4911,148,0.2938040080897224,168.0472972972973
4912,14,0.6263736263736264,401.5
4913,27,0.30484330484330485,24.25925925925926
4914,59,0.3670368205727645,104.1864406779661
4915,143,0.2855313700384123,146.14685314685315
4916,0,0.0,0.0
4917,121,0.22231404958677686,192.1404958677686
4918,107,0.4519485099629695,354.5607476635514
4919,18,0.37254901960784315,282.6666666666667
4920,713,0.34403217927100244,542.7938288920056
4921,34,0.24955436720142601,72.73529411764706
4922,38,0.283072546230441,150.31578947368422
4923,185,0.25323149236192716,234.6810810810811
4924,34,0.47593582887700536,186.23529411764707
4925,13,0.20512820512820512,77.84615384615384
4926,62,0.26282390269698575,275.88709677419354
4927,1,0.0,2.0
4928,7,0.38095238095238093,33.714285714285715
4929,45,0.47878787878787876,460.7111111111111
4930,413,0.3955076518018759,540.7070217917676
4931,5,0.2,42.0
4932,66,0.20792540792540792,114.1969696969697
4933,6,0.6,21.833333333333332
4934,13,0.23076923076923078,41.69230769230769
4935,3,0.3333333333333333,6.666666666666667
4936,210,0.4096149464570517,467.4190476190476
4937,661,0.34503277861825515,567.4765506807867
4938,4,0.16666666666666666,22.5
4939,745,0.32426932236414807,548.7261744966443
4940,67,0.1999095431931253,135.1044776119403
4941,2,0.0,14.5
4942,6,0.2,50.166666666666664
4943,501,0.47227145708582835,613.5828343313374
4944,0,0.0,0.0
4945,12,0.2878787878787879,89.91666666666667
4946,1,0.0,10.0
4947,3,0.3333333333333333,54.333333333333336
4948,3,0.3333333333333333,90.66666666666667
4949,106,0.33189577717879604,141.30188679245282
4950,297,0.48296023296023294,321.1178451178451
4951,18,0.21568627450980393,40.833333333333336
4952,9,0.2222222222222222,52.333333333333336
4953,63,0.16538658474142345,140.0
4954,29,0.2561576354679803,78.72413793103448
4955,0,0.0,0.0
4956,2,0.0,4.0
4957,128,0.3982529527559055,493.3515625
4958,125,0.14012903225806453,83.976
4959,2,0.0,30.0
4960,1,0.0,20.0
4961,28,0.18783068783068782,42.857142857142854
4962,765,0.2951168600075283,546.0823529411765
4963,133,0.18238778765094554,106.74436090225564
4964,69,0.4940323955669224,509.6376811594203
4965,8,0.32142857142857145,34.25
4966,0,0.0,0.0
4967,44,0.21035940803382663,123.22727272727273
4968,1,0.0,42.0
4969,948,0.2871336977976198,531.9345991561181
4970,7,0.19047619047619047,12.285714285714286
4971,13,0.5512820512820513,180.53846153846155
4972,231,0.5067193675889328,602.5367965367965
4973,10,0.4222222222222222,27.8
4974,2,1.0,38.5
4975,772,0.3063043083808794,537.550518134715
4976,2,0.0,17.0
4977,8,0.21428571428571427,30.375
4978,42,0.2706155632984901,126.26190476190476
4979,24,0.17753623188405798,52.333333333333336
4980,361,0.37279162819329026,579.1883656509696
4981,32,0.10685483870967742,54.375
4982,1,0.0,1.0
4983,72,0.4859154929577465,154.68055555555554
4984,8,0.39285714285714285,32.375
4985,6,0.2,10.666666666666666
4986,2,0.0,1.5
4987,9,0.25,19.444444444444443
4988,36,0.2746031746031746,47.55555555555556
4989,9,0.3055555555555556,118.0
4990,2,1.0,51.5
4991,62,0.3056583818085669,201.20967741935485
4992,66,0.43403263403263403,229.33333333333334
4993,4,0.0,5.5
4994,9,0.3611111111111111,150.88888888888889
4995,1,0.0,6.0
4996,12,0.2878787878787879,47.166666666666664
4997,7,0.23809523809523808,29.0
4998,7,0.3333333333333333,36.0
4999,34,0.40641711229946526,124.23529411764706
5000,111,0.43685503685503685,177.6846846846847
5001,3,0.0,29.0
5002,0,0.0,0.0
5003,4,0.3333333333333333,48.25
5004,28,0.6216931216931217,50.82142857142857
5005,0,0.0,0.0
5006,108,0.29543094496365524,310.3611111111111
5007,0,0.0,0.0
5008,2,0.0,33.0
5009,21,0.21428571428571427,95.85714285714286
5010,1,0.0,18.0
5011,0,0.0,0.0
5012,7,0.38095238095238093,43.142857142857146
5013,0,0.0,0.0
5014,35,0.0907563025210084,41.542857142857144
5015,47,0.4486586493987049,225.72340425531914
5016,16,0.19166666666666668,20.6875
5017,4,0.6666666666666666,77.0
5018,39,0.3144399460188934,126.6923076923077
5019,96,0.6526315789473685,270.4895833333333
5020,244,0.34301423463536396,387.33196721311475
5021,263,0.5185324935419267,319.8403041825095
5022,14,0.46153846153846156,30.357142857142858
5023,50,0.2612244897959184,63.88
5024,5,0.5,28.0
5025,10,0.3333333333333333,26.7
5026,1,0.0,1.0
5027,127,0.3182102237220347,230.58267716535434
5028,1,0.0,2.0
5029,155,0.32542940930037706,149.14193548387098
5030,67,0.1546811397557666,67.14925373134328
5031,78,0.19080919080919082,87.58974358974359
5032,72,0.24178403755868544,187.01388888888889
5033,130,0.40608228980322003,403.8615384615385
5034,5,0.4,5.4
5035,6,0.06666666666666667,29.0
5036,236,0.5584926072845294,464.1525423728813
5037,4,0.6666666666666666,22.5
5038,205,0.46064084170253466,630.790243902439
5039,13,0.3333333333333333,59.30769230769231
5040,38,0.46372688477951635,51.5
5041,0,0.0,0.0
5042,11,0.4,45.90909090909091
5043,19,0.6842105263157895,517.0526315789474
5044,131,0.6032883147386964,291.1374045801527
5045,233,0.3688027231019683,475.16738197424894
5046,0,0.0,0.0
5047,126,0.38526984126984126,459.2857142857143
5048,10,0.4,32.0
5049,40,0.25384615384615383,30.8
5050,0,0.0,0.0
5051,1035,0.31409749670619236,552.7700483091787
5052,1,0.0,22.0
5053,542,0.3615213046770024,528.739852398524
5054,5,0.1,19.4
5055,532,0.3994095408011554,608.1315789473684
5056,6,0.2,34.166666666666664
5057,7,0.14285714285714285,131.57142857142858
5058,13,0.3974358974358974,125.46153846153847
5059,543,0.46285158984186525,618.7753222836096
5060,4,0.16666666666666666,43.25
5061,58,0.37507562008469447,56.63793103448276
5062,257,0.6080070525291829,274.6653696498054
5063,111,0.42899262899262897,344.8738738738739
5064,5,0.6,41.0
5065,48,0.3829787234042553,318.375
5066,20,0.23684210526315788,77.6
5067,771,0.27999393602506445,511.9649805447471
5068,16,0.43333333333333335,105.6875
5069,27,0.41595441595441596,70.11111111111111
5070,1,0.0,29.0
5071,31,0.16559139784946236,46.45161290322581
5072,18,0.2875816993464052,35.333333333333336
5073,22,0.3463203463203463,56.45454545454545
5074,6,0.6666666666666666,33.833333333333336
5075,21,0.18571428571428572,52.38095238095238
5076,20,0.23684210526315788,206.35
5077,8,0.17857142857142858,5.75
5078,126,0.2887619047619048,149.96825396825398
5079,339,0.5090677418791782,616.9174041297935
5080,18,0.5490196078431373,29.5
5081,0,0.0,0.0
5082,295,0.49057996079787847,637.8406779661017
5083,656,0.41639359523366226,614.094512195122
5084,5,0.5,22.2
5085,102,0.5635798874005048,576.9803921568628
5086,15,0.26666666666666666,76.46666666666667
5087,23,0.5335968379446641,159.82608695652175
5088,3,0.6666666666666666,53.333333333333336
5089,3,0.3333333333333333,21.666666666666668
5090,0,0.0,0.0
5091,63,0.17921146953405018,63.714285714285715
5092,6,0.4,98.66666666666667
5093,2,1.0,64.5
5094,236,0.3609448250991706,575.7627118644068
5095,4,0.16666666666666666,16.0
5096,1,0.0,6.0
5097,10,0.3111111111111111,31.1
5098,17,0.11029411764705882,35.588235294117645
5099,0,0.0,0.0
5100,17,0.19852941176470587,27.41176470588235
5101,352,0.34364478114478114,564.5653409090909
5102,18,0.42483660130718953,72.66666666666667
5103,1,0.0,1.0
5104,2,0.0,17.0
5105,126,0.35225396825396826,346.8174603174603
5106,9,0.2222222222222222,86.77777777777777
5107,205,0.31061692969870874,425.6
5108,2,0.0,11.0
5109,2,0.0,3.0
5110,9,0.3055555555555556,29.333333333333332
5111,72,0.5582942097026604,161.45833333333334
5112,43,0.646733111849391,226.53488372093022
5113,15,0.20952380952380953,41.0
5114,6,0.4,24.5
5115,17,0.5294117647058824,57.11764705882353
5116,6,0.4,48.166666666666664
5117,85,0.36470588235294116,227.04705882352943
5118,88,0.18495297805642633,122.47727272727273
5119,11,0.21818181818181817,18.545454545454547
5120,9,0.2777777777777778,72.66666666666667
5121,41,0.2280487804878049,93.29268292682927
5122,3,0.0,4.0
5123,202,0.21801881680705384,130.80693069306932
5124,5,0.5,16.4
5125,9,0.1388888888888889,20.77777777777778
5126,0,0.0,0.0
5127,0,0.0,0.0
5128,24,0.08333333333333333,23.916666666666668
5129,8,0.17857142857142858,136.125
5130,49,0.4107142857142857,152.83673469387756
5131,53,0.31712626995645865,263.1698113207547
5132,68,0.36259877085162423,150.4264705882353
5133,5,0.6,40.8
5134,8,0.39285714285714285,15.125
5135,2,1.0,96.5
5136,9,0.3333333333333333,43.888888888888886
5137,1,0.0,11.0
5138,2,0.0,2.5
5139,25,0.41333333333333333,72.96
5140,133,0.44657097288676234,323.02255639097746
5141,17,0.0661764705882353,77.52941176470588
5142,3,0.3333333333333333,6.333333333333333
5143,2,1.0,30.5
5144,499,0.38237116803888904,551.5410821643287
5145,7,0.19047619047619047,17.428571428571427
5146,41,0.21829268292682927,46.48780487804878
5147,18,0.23529411764705882,95.11111111111111
5148,483,0.3345961873834867,525.2111801242236
5149,132,0.3798288225769142,303.4318181818182
5150,4,0.5,14.0
5151,36,0.2396825396825397,66.88888888888889
5152,1,0.0,108.0
5153,20,0.3473684210526316,146.75
5154,260,0.6072765072765073,299.0576923076923
5155,4,0.16666666666666666,230.25
5156,312,0.1996042542666337,140.91666666666666
5157,1,0.0,7.0
5158,89,0.3774259448416752,364.7303370786517
5159,0,0.0,0.0
5160,245,0.3474406155904985,392.81632653061223
5161,1,0.0,7.0
5162,2,0.0,68.0
5163,4,0.16666666666666666,17.0
5164,0,0.0,0.0
5165,0,0.0,0.0
5166,5,0.4,53.6
5167,88,0.4621212121212121,261.125
5168,51,0.19607843137254902,65.56862745098039
5169,1252,0.2746582286886146,539.4392971246007
5170,20,0.19473684210526315,55.75
5171,726,0.27203951743136695,492.71487603305786
5172,28,0.24338624338624337,33.285714285714285
5173,19,0.49122807017543857,121.94736842105263
5174,11,0.41818181818181815,47.18181818181818
5175,5,0.4,43.6
5176,88,0.13662486938349008,48.15909090909091
5177,181,0.3665438919582566,382.060773480663
5178,22,0.23809523809523808,84.0909090909091
5179,1,0.0,7.0
5180,0,0.0,0.0
5181,90,0.4556803995006242,167.5888888888889
5182,98,0.13528297917104987,125.28571428571429
5183,384,0.35184127502175805,505.03125
5184,14,0.32967032967032966,55.5
5185,9,0.3611111111111111,55.22222222222222
5186,701,0.2829101283880171,530.3880171184023
5187,1,0.0,49.0
5188,33,0.2689393939393939,66.12121212121212
5189,9,0.2777777777777778,101.11111111111111
5190,919,0.3073080761744911,519.1838955386289
5191,22,0.47186147186147187,148.5909090909091
5192,2,0.0,21.5
5193,294,0.4064916068816605,514.1054421768707
5194,17,0.5073529411764706,236.2941176470588
5195,4,1.0,340.0
5196,3,0.3333333333333333,36.333333333333336
5197,2,0.0,32.0
5198,27,0.2792022792022792,55.51851851851852
5199,2,1.0,162.0
5200,11,0.2909090909090909,57.0
5201,124,0.46669289273537895,312.9758064516129
5202,2,0.0,12.0
5203,9,0.5555555555555556,153.88888888888889
5204,44,0.2748414376321353,75.36363636363636
5205,29,0.41625615763546797,114.6896551724138
5206,54,0.22990915443745633,95.18518518518519
5207,0,0.0,0.0
5208,128,0.12696850393700787,61.671875
5209,0,0.0,0.0
5210,0,0.0,0.0
5211,3,0.3333333333333333,112.33333333333333
5212,0,0.0,0.0
5213,428,0.343332093063976,482.1799065420561
5214,13,0.21794871794871795,58.07692307692308
5215,1,0.0,37.0
5216,8,0.25,18.375
5217,0,0.0,0.0
5218,28,0.14814814814814814,75.82142857142857
5219,172,0.3582891336869305,328.9651162790698
5220,0,0.0,0.0
5221,0,0.0,0.0
5222,1,0.0,28.0
5223,18,0.1437908496732026,39.55555555555556
5224,599,0.42165035371103454,559.0851419031719
5225,17,0.15441176470588236,44.705882352941174
5226,31,0.3118279569892473,120.38709677419355
5227,3,0.3333333333333333,14.0
5228,17,0.33088235294117646,104.88235294117646
5229,11,0.2,33.09090909090909
5230,18,0.4117647058823529,27.333333333333332
5231,27,0.2934472934472934,53.25925925925926
5232,220,0.2356579493565795,342.76363636363635
5233,52,0.3793363499245852,133.48076923076923
5234,33,0.13446969696969696,49.333333333333336
5235,5,0.3,33.0
5236,9,0.16666666666666666,13.777777777777779
5237,152,0.3050714534681074,193.82894736842104
5238,189,0.691714510863447,514.5449735449736
5239,69,0.22762148337595908,145.1304347826087
5240,7,0.14285714285714285,83.42857142857143
5241,2,1.0,25.5
5242,31,0.32903225806451614,69.09677419354838
5243,14,0.23076923076923078,44.57142857142857
5244,2,1.0,4.0
5245,0,0.0,0.0
5246,78,0.17316017316017315,102.53846153846153
5247,129,0.7048207364341085,322.5348837209302
5248,53,0.24528301886792453,57.698113207547166
5249,29,0.39655172413793105,39.44827586206897
5250,38,0.3442389758179232,94.63157894736842
5251,111,0.2545454545454545,144.86486486486487
5252,19,0.28654970760233917,27.31578947368421
5253,0,0.0,0.0
5254,947,0.22239139510326367,484.7814149947202
5255,95,0.1845464725643897,91.97894736842105
5256,0,0.0,0.0
5257,39,0.2078272604588394,30.0
5258,26,0.2246153846153846,62.19230769230769
5259,111,0.36543816543816543,158.97297297297297
5260,17,0.36764705882352944,55.294117647058826
5261,17,0.7720588235294118,475.1764705882353
5262,64,0.19295634920634921,37.578125
5263,31,0.2064516129032258,35.193548387096776
5264,2,0.0,144.5
5265,9,0.4166666666666667,132.44444444444446
5266,0,0.0,0.0
5267,0,0.0,0.0
5268,3,1.0,29.333333333333332
5269,5,0.8,95.2
5270,175,0.3169129720853859,166.57142857142858
5271,9,0.2777777777777778,73.33333333333333
5272,21,0.23333333333333334,92.19047619047619
5273,5,0.2,19.2
5274,5,0.9,157.2
5275,13,0.4230769230769231,300.7692307692308
5276,4,0.16666666666666666,31.25
5277,55,0.26801346801346804,79.63636363636364
5278,14,0.5494505494505495,61.857142857142854
5279,84,0.17154331612162937,103.27380952380952
5280,244,0.4211360723200432,521.9713114754098
5281,18,0.4444444444444444,40.611111111111114
5282,2,0.0,2.5
5283,115,0.6215102974828375,441.60869565217394
5284,4,0.6666666666666666,24.25
5285,0,0.0,0.0
5286,5,0.1,79.2
5287,0,0.0,0.0
5288,15,0.21904761904761905,26.4
5289,6,0.13333333333333333,22.0
5290,1233,0.25909248901949633,527.9075425790754
5291,320,0.4401449843260188,564.071875
5292,25,0.34,62.68
5293,0,0.0,0.0
5294,3,0.3333333333333333,25.333333333333332
5295,2,1.0,2.0
5296,3,0.3333333333333333,55.666666666666664
5297,48,0.39893617021276595,78.25
5298,80,0.2139240506329114,141.4375
5299,13,0.10256410256410256,38.69230769230769
5300,34,0.19429590017825313,40.85294117647059
5301,9,0.16666666666666666,33.44444444444444
5302,10,0.17777777777777778,13.2
5303,579,0.2653901548427966,444.0587219343696
5304,22,0.07792207792207792,25.954545454545453
5305,298,0.5150159311233137,661.755033557047
5306,677,0.3075612037093687,476.6307237813885
5307,227,0.256130365287903,357.6740088105727
5308,15,0.4380952380952381,19.333333333333332
5309,3,0.3333333333333333,71.0
5310,13,0.21794871794871795,30.846153846153847
5311,0,0.0,0.0
5312,553,0.3247634772125691,554.1157323688969
5313,113,0.2835018963337547,269.76106194690266
5314,16,0.26666666666666666,126.5
5315,0,0.0,0.0
5316,0,0.0,0.0
5317,74,0.271380970011107,149.83783783783784
5318,3,0.3333333333333333,35.666666666666664
5319,12,0.4696969696969697,53.916666666666664
5320,155,0.38550481776288226,289.3677419354839
5321,0,0.0,0.0
5322,42,0.5005807200929152,434.6904761904762
5323,99,0.17872603586889302,189.16161616161617
5324,7,0.3333333333333333,88.71428571428571
5325,312,0.5202407453211312,533.7211538461538
5326,11,0.6,30.0
5327,0,0.0,0.0
5328,3,0.0,27.666666666666668
5329,0,0.0,0.0
5330,0,0.0,0.0
5331,0,0.0,0.0
5332,19,0.19298245614035087,83.89473684210526
5333,8,0.21428571428571427,57.75
5334,3,0.3333333333333333,106.0
5335,27,0.2564102564102564,62.44444444444444
5336,0,0.0,0.0
5337,64,0.11160714285714286,59.015625
5338,8,0.6071428571428571,67.125
5339,359,0.34941877655187437,511.40947075208913
5340,0,0.0,0.0
5341,0,0.0,0.0
5342,35,0.2722689075630252,170.82857142857142
5343,0,0.0,0.0
5344,38,0.13086770981507823,37.05263157894737
5345,13,0.3717948717948718,39.38461538461539
5346,468,0.28930800344076574,428.14102564102564
5347,39,0.19838056680161945,30.743589743589745
5348,4,0.16666666666666666,301.75
5349,59,0.3553477498538866,207.0677966101695
5350,22,0.3593073593073593,54.54545454545455
5351,104,0.3278566094100075,119.22115384615384
5352,7,0.09523809523809523,35.857142857142854
5353,1,0.0,13.0
5354,120,0.43753501400560224,198.775
5355,0,0.0,0.0
5356,0,0.0,0.0
5357,2,0.0,45.0
5358,103,0.22653721682847897,210.01941747572815
5359,671,0.29566919500856376,510.5529061102832
5360,204,0.5169999034096397,487.87254901960785
5361,70,0.32463768115942027,94.7
5362,17,0.3897058823529412,62.94117647058823
5363,52,0.16666666666666666,107.53846153846153
5364,9,0.6111111111111112,113.77777777777777
5365,1,0.0,9.0
5366,107,0.5901957326750132,384.01869158878503
5367,45,0.44343434343434346,326.0888888888889
5368,24,0.213768115942029,71.625
5369,14,0.38461538461538464,40.57142857142857
5370,7,0.19047619047619047,10.285714285714286
5371,2,1.0,91.0
5372,0,0.0,0.0
5373,0,0.0,0.0
5374,227,0.6120229230829207,298.12775330396477
5375,3,0.3333333333333333,197.33333333333334
5376,9,0.3055555555555556,50.333333333333336
5377,1053,0.2910839571169102,553.0246913580247
5378,25,0.16,46.88
5379,1,0.0,27.0
5380,0,0.0,0.0
5381,66,0.4219114219114219,126.46969696969697
5382,6,0.26666666666666666,112.0
5383,150,0.14747203579418344,198.68666666666667
5384,472,0.3910989960056137,589.8792372881356
5385,2,1.0,193.0
5386,7,0.23809523809523808,11.571428571428571
5387,12,0.3939393939393939,148.58333333333334
5388,5,0.3,13.4
5389,183,0.23989671530655138,149.43715846994536
5390,44,0.30761099365750527,130.29545454545453
5391,16,0.25833333333333336,56.0
5392,23,0.32806324110671936,134.34782608695653
5393,37,0.2987987987987988,66.32432432432432
5394,78,0.22011322011322013,113.55128205128206
5395,13,0.34615384615384615,47.15384615384615
5396,0,0.0,0.0
5397,40,0.14871794871794872,75.15
5398,50,0.3485714285714286,418.98
5399,0,0.0,0.0
5400,18,0.13071895424836602,31.88888888888889
5401,22,0.7965367965367965,307.77272727272725
5402,58,0.663036902601331,669.3103448275862
5403,79,0.7526777020447907,203.49367088607596
5404,110,0.31793160967472894,129.92727272727274
5405,2,0.0,17.0
5406,0,0.0,0.0
5407,1,0.0,33.0
5408,30,0.10114942528735632,94.83333333333333
5409,0,0.0,0.0
5410,19,0.5497076023391813,144.89473684210526
5411,688,0.37857977048847363,587.1148255813954
5412,574,0.3836097074508516,548.2578397212543
5413,1,0.0,4.0
5414,20,0.6210526315789474,323.65
5415,167,0.17119976913642596,297.4011976047904
5416,1,0.0,2.0
5417,4,0.5,215.75
5418,879,0.2868164019477507,530.3003412969283
5419,5,0.0,8.4
5420,142,0.5553890720207771,485.38732394366195
5421,1,0.0,2.0
5422,0,0.0,0.0
5423,32,0.39919354838709675,346.53125
5424,0,0.0,0.0
5425,118,0.22758221063305809,94.51694915254237
5426,103,0.33580810965162766,137.67961165048544
5427,84,0.3528399311531842,319.54761904761904
5428,0,0.0,0.0
5429,30,0.4068965517241379,101.2
5430,207,0.1571220862060879,190.98067632850243
5431,19,0.22807017543859648,31.42105263157895
5432,250,0.5802409638554217,299.872
5433,286,0.5155931787510735,317.3006993006993
5434,29,0.229064039408867,63.172413793103445
5435,13,0.21794871794871795,74.6923076923077
5436,12,0.22727272727272727,96.83333333333333
5437,17,0.29411764705882354,53.294117647058826
5438,88,0.2776907001044932,147.6931818181818
5439,394,0.3182469872515209,489.8477157360406
5440,1,0.0,7.0
5441,30,0.432183908045977,114.16666666666667
5442,30,0.2574712643678161,34.56666666666667
5443,38,0.34708392603129445,197.5
5444,83,0.25418748163385246,138.49397590361446
5445,11,0.07272727272727272,26.727272727272727
5446,0,0.0,0.0
5447,2,1.0,8.5
5448,11,0.4909090909090909,170.0909090909091
5449,6,0.26666666666666666,27.166666666666668
5450,11,0.36363636363636365,95.27272727272727
5451,41,0.16341463414634147,59.24390243902439
5452,7,0.23809523809523808,48.0
5453,2,1.0,91.0
5454,23,0.21739130434782608,61.65217391304348
5455,0,0.0,0.0
5456,0,0.0,0.0
5457,53,0.444121915820029,116.28301886792453
5458,8,0.2857142857142857,50.125
5459,5,0.1,8.6
5460,4,0.16666666666666666,39.5
5461,12,0.10606060606060606,38.666666666666664
5462,163,0.555101113383322,477.3558282208589
5463,2,0.0,29.5
5464,12,0.3333333333333333,76.91666666666667
5465,11,0.45454545454545453,74.9090909090909
5466,975,0.2954140999315537,530.2676923076923
5467,53,0.16690856313497823,68.88679245283019
5468,248,0.476361499281703,627.7177419354839
5469,2,0.0,9.5
5470,5,0.1,11.6
5471,7,0.09523809523809523,11.285714285714286
5472,85,0.1619047619047619,60.51764705882353
5473,0,0.0,0.0
5474,35,0.28403361344537814,194.22857142857143
5475,0,0.0,0.0
5476,8,0.42857142857142855,25.375
5477,7,0.14285714285714285,14.0
5478,6,0.26666666666666666,48.166666666666664
5479,880,0.3188747543696349,568.7420454545454
5480,12,0.6818181818181818,344.4166666666667
5481,1,0.0,3.0
5482,23,0.35177865612648224,85.8695652173913
5483,464,0.36837156475757804,572.0323275862069
5484,3,0.3333333333333333,7.333333333333333
5485,12,0.07575757575757576,65.16666666666667
5486,7,0.42857142857142855,37.142857142857146
5487,1,0.0,17.0
5488,7,0.14285714285714285,21.428571428571427
5489,41,0.31097560975609756,102.5609756097561
5490,0,0.0,0.0
5491,133,0.5416951469583049,302.3233082706767
5492,1,0.0,1.0
5493,246,0.44814999170399866,514.4634146341464
5494,1,0.0,1.0
5495,13,0.21794871794871795,81.61538461538461
5496,23,0.20553359683794467,44.73913043478261
5497,33,0.24431818181818182,98.81818181818181
5498,1,0.0,37.0
5499,5,0.7,21.0
5500,5,0.9,47.0
5501,75,0.4025225225225225,220.77333333333334
5502,14,0.5384615384615384,41.714285714285715
5503,0,0.0,0.0
5504,185,0.5350176263219741,581.9513513513514
5505,2,0.0,15.0
5506,13,0.48717948717948717,82.53846153846153
5507,79,0.31645569620253167,184.25316455696202
5508,0,0.0,0.0
5509,31,0.1956989247311828,85.19354838709677
5510,0,0.0,0.0
5511,106,0.5768194070080862,527.9622641509434
5512,34,0.2994652406417112,62.76470588235294
5513,44,0.22304439746300211,77.75
5514,2,0.0,8.0
5515,1,0.0,3.0
5516,37,0.6516516516516516,197.83783783783784
5517,12,0.10606060606060606,16.333333333333332
5518,24,0.3333333333333333,121.91666666666667
5519,503,0.3912382280025029,553.7872763419483
5520,5,0.4,46.6
5521,19,0.2982456140350877,52.78947368421053
5522,242,0.23576009053187477,255.70661157024793
5523,522,0.4545487972584405,644.1091954022988
5524,23,0.16600790513833993,52.82608695652174
5525,77,0.39097744360902253,199.5194805194805
5526,44,0.3488372093023256,128.0
5527,56,0.2025974025974026,63.19642857142857
5528,6,0.5333333333333333,54.666666666666664
5529,19,0.2573099415204678,66.10526315789474
5530,19,0.1695906432748538,51.36842105263158
5531,0,0.0,0.0
5532,4,0.6666666666666666,39.0
5533,0,0.0,0.0
5534,65,0.3798076923076923,154.87692307692308
5535,2,1.0,16.5
5536,48,0.6108156028368794,166.875
5537,52,0.1847662141779789,82.25
5538,1014,0.2993763519999377,561.7721893491124
5539,15,0.26666666666666666,45.86666666666667
5540,1,0.0,285.0
5541,14,0.31868131868131866,56.92857142857143
5542,18,0.43137254901960786,28.61111111111111
5543,21,0.29523809523809524,219.71428571428572
5544,72,0.6791862284820032,472.1388888888889
5545,78,0.27172827172827174,291.5769230769231
5546,10,0.24444444444444444,20.0
5547,139,0.5924304035032844,694.2158273381295
5548,2,0.0,98.5
5549,5,0.3,19.8
5550,0,0.0,0.0
5551,95,0.2669652855543113,231.34736842105264
5552,87,0.3937449879711307,416.2068965517241
5553,69,0.2506393861892583,163.15942028985506
5554,0,0.0,0.0
5555,0,0.0,0.0
5556,69,0.13384484228473997,86.47826086956522
5557,52,0.23755656108597284,165.75
5558,68,0.3722563652326602,146.83823529411765
5559,20,0.1736842105263158,86.7
5560,13,0.3717948717948718,46.15384615384615
5561,13,0.7564102564102564,414.7692307692308
5562,19,0.3742690058479532,123.36842105263158
5563,47,0.3265494912118409,106.08510638297872
5564,5,0.5,51.4
5565,0,0.0,0.0
5566,870,0.29014192558496354,521.7252873563218
5567,4,0.16666666666666666,89.75
5568,8,0.39285714285714285,31.0
5569,3,0.6666666666666666,86.0
5570,26,0.40923076923076923,140.57692307692307
5571,15,0.2761904761904762,76.26666666666667
5572,25,0.11,31.0
5573,0,0.0,0.0
5574,114,0.24250892718521969,137.46491228070175
5575,326,0.4209721566776782,452.54294478527606
5576,0,0.0,0.0
5577,21,0.43333333333333335,301.5238095238095
5578,621,0.39491454989351205,550.304347826087
5579,26,0.41846153846153844,111.88461538461539
5580,308,0.4808790557976226,567.2305194805194
5581,47,0.3274745605920444,286.21276595744683
5582,30,0.1471264367816092,39.46666666666667
5583,8,0.07142857142857142,20.625
5584,45,0.5505050505050505,360.53333333333336
5585,2,0.0,14.5
5586,1,0.0,1.0
5587,175,0.22627257799671593,208.32
5588,2,1.0,86.0
5589,201,0.27676616915422886,152.3582089552239
5590,83,0.31413458712900383,206.5421686746988
5591,1,0.0,2.0
5592,9,0.16666666666666666,65.55555555555556
5593,0,0.0,0.0
5594,0,0.0,0.0
5595,0,0.0,0.0
5596,81,0.21635802469135804,93.4074074074074
5597,19,0.21052631578947367,28.789473684210527
5598,4,0.6666666666666666,42.5
5599,27,0.33048433048433046,116.88888888888889
5600,73,0.3078386605783866,141.94520547945206
5601,5,0.1,53.4
5602,0,0.0,0.0
5603,92,0.27376970855231725,111.06521739130434
5604,4,0.3333333333333333,230.0
5605,11,0.12727272727272726,133.0909090909091
5606,16,0.35,244.375
5607,701,0.32660688811901367,569.1711840228245
5608,150,0.2723042505592841,211.32666666666665
5609,0,0.0,0.0
5610,17,0.4338235294117647,59.23529411764706
5611,13,0.3333333333333333,104.46153846153847
5612,2,0.0,12.0
5613,303,0.44615653618341966,517.9570957095709
5614,0,0.0,0.0
5615,8,0.14285714285714285,13.875
5616,5,0.3,13.8
5617,257,0.49896643968871596,476.9922178988327
5618,4,0.3333333333333333,141.0
5619,25,0.26666666666666666,87.88
5620,0,0.0,0.0
5621,22,0.2813852813852814,40.86363636363637
5622,225,0.30662698412698414,345.20444444444445
5623,14,0.45054945054945056,81.0
5624,38,0.39829302987197723,255.07894736842104
5625,13,0.32051282051282054,84.84615384615384
5626,1798,0.19514603191699428,483.8081201334816
5627,91,0.43443223443223444,172.6153846153846
5628,88,0.16065830721003135,81.72727272727273
5629,1,0.0,3.0
5630,43,0.3388704318936877,223.8139534883721
5631,73,0.4992389649923896,454.75342465753425
5632,1,0.0,1.0
5633,80,0.14746835443037976,46.175
5634,0,0.0,0.0
5635,326,0.19414818310523832,141.64110429447854
5636,61,0.1185792349726776,42.34426229508197
5637,6,0.2,67.0
5638,6,0.13333333333333333,30.333333333333332
5639,120,0.15798319327731092,49.09166666666667
5640,143,0.16753668866344923,119.58041958041959
5641,6,0.4,48.166666666666664
5642,0,0.0,0.0
5643,0,0.0,0.0
5644,3,0.3333333333333333,5.333333333333333
5645,10,0.4,147.0
5646,236,0.1849981968986657,135.52542372881356
5647,11,0.4909090909090909,145.36363636363637
5648,289,0.47243848519800075,446.0449826989619
5649,1,0.0,65.0
5650,20,0.2789473684210526,32.45
5651,41,0.10853658536585366,63.609756097560975
5652,23,0.11067193675889328,42.43478260869565
5653,181,0.43370165745856354,502.939226519337
5654,43,0.17386489479512734,62.30232558139535
5655,6,0.13333333333333333,60.5
5656,29,0.25862068965517243,66.96551724137932
5657,14,0.45054945054945056,90.14285714285714
5658,0,0.0,0.0
5659,7,0.09523809523809523,22.428571428571427
5660,73,0.3177321156773212,115.93150684931507
5661,34,0.46702317290552586,252.08823529411765
5662,36,0.26031746031746034,54.97222222222222
5663,240,0.5079149232914923,576.2125
5664,154,0.7206518971224853,253.6883116883117
5665,37,0.5225225225225225,169.45945945945945
5666,1,0.0,3.0
5667,17,0.38235294117647056,58.76470588235294
5668,2,1.0,70.0
5669,1,0.0,11.0
5670,0,0.0,0.0
5671,15,0.4,260.06666666666666
5672,9,0.25,247.66666666666666
5673,46,0.22608695652173913,119.3695652173913
5674,46,0.3140096618357488,129.65217391304347
5675,7,0.09523809523809523,74.0
5676,72,0.18857589984350548,77.08333333333333
5677,0,0.0,0.0
5678,47,0.43108233117483813,316.9574468085106
5679,141,0.2885511651469098,346.93617021276594
5680,3,0.0,22.333333333333332
5681,8,0.5357142857142857,397.5
5682,12,0.19696969696969696,29.833333333333332
5683,4,0.16666666666666666,45.0
5684,10,0.24444444444444444,25.4
5685,78,0.2141192141192141,85.33333333333333
5686,6,0.13333333333333333,151.66666666666666
5687,71,0.3030181086519115,185.61971830985917
5688,20,0.45789473684210524,77.55
5689,0,0.0,0.0
5690,0,0.0,0.0
5691,1,0.0,173.0
5692,15,0.3333333333333333,102.0
5693,5,0.0,50.4
5694,10,0.28888888888888886,27.6
5695,13,0.21794871794871795,62.84615384615385
5696,23,0.3952569169960474,74.0
5697,7,0.2857142857142857,40.57142857142857
5698,18,0.6339869281045751,218.44444444444446
5699,96,0.13574561403508772,146.96875
5700,14,0.13186813186813187,22.857142857142858
5701,7,0.42857142857142855,64.14285714285714
5702,8,0.17857142857142858,42.625
5703,22,0.23376623376623376,74.27272727272727
5704,20,0.20526315789473684,37.5
5705,14,0.43956043956043955,121.07142857142857
5706,1,0.0,1.0
5707,5,0.4,211.6
5708,1,0.0,32.0
5709,222,0.45204027556968734,433.4144144144144
5710,221,0.13241464417935006,140.4343891402715
5711,0,0.0,0.0
5712,40,0.2230769230769231,61.2
5713,28,0.24867724867724866,123.53571428571429
5714,52,0.20211161387631976,66.57692307692308
5715,287,0.1652737506396043,130.58188153310104
5716,13,0.14102564102564102,82.0
5717,40,0.11025641025641025,55.575
5718,26,0.2153846153846154,73.15384615384616
5719,33,0.4734848484848485,227.45454545454547
5720,79,0.5131450827653359,523.5569620253165
5721,1,0.0,2.0
5722,25,0.29333333333333333,67.28
5723,0,0.0,0.0
5724,0,0.0,0.0
5725,17,0.3602941176470588,26.176470588235293
5726,174,0.2763935951099595,144.6494252873563
5727,0,0.0,0.0
5728,30,0.23908045977011494,103.26666666666667
5729,56,0.4766233766233766,227.46428571428572
5730,31,0.2645161290322581,43.83870967741935
5731,3,0.0,2.3333333333333335
5732,8,0.14285714285714285,69.25
5733,12,0.3484848484848485,37.416666666666664
5734,1,0.0,1.0
5735,383,0.28816316487362104,495.2532637075718
5736,37,0.3108108108108108,60.810810810810814
5737,4,0.6666666666666666,46.25
5738,2,0.0,1.0
5739,13,0.19230769230769232,18.846153846153847
5740,49,0.17687074829931973,79.12244897959184
5741,710,0.4133574365799877,642.4478873239436
5742,58,0.20992135511191773,87.17241379310344
5743,20,0.3157894736842105,60.45
5744,19,0.2982456140350877,291.3157894736842
5745,7,0.6190476190476191,25.571428571428573
5746,0,0.0,0.0
5747,957,0.27028108235726184,490.92267502612333
5748,38,0.2375533428165007,66.60526315789474
5749,115,0.8050343249427918,698.591304347826
5750,2,0.0,20.0
5751,59,0.4038573933372297,181.89830508474577
5752,0,0.0,0.0
5753,0,0.0,0.0
5754,9,0.4722222222222222,68.11111111111111
5755,20,0.5105263157894737,152.1
5756,4,0.5,65.25
5757,11,0.4,45.36363636363637
5758,227,0.4443881330162567,368.86343612334804
5759,7,0.2857142857142857,32.714285714285715
5760,348,0.22486667329159626,161.06896551724137
5761,11,0.23636363636363636,46.90909090909091
5762,322,0.4089123662467832,548.9565217391304
5763,2,0.0,16.5
5764,1,0.0,16.0
5765,1,0.0,4.0
5766,5,0.2,55.0
5767,2,0.0,33.0
5768,5,0.2,20.6
5769,0,0.0,0.0
5770,34,0.29590017825311943,86.70588235294117
5771,257,0.37004499027237353,560.6070038910506
5772,54,0.549266247379455,379.31481481481484
5773,25,0.3333333333333333,77.84
5774,42,0.08826945412311266,56.0
5775,15,0.3523809523809524,60.2
5776,1,0.0,51.0
5777,298,0.24231125573407453,403.3758389261745
5778,239,0.47445589114306813,506.25941422594144
5779,26,0.4492307692307692,155.65384615384616
5780,100,0.2286868686868687,104.55
5781,59,0.12390414962010521,44.067796610169495
5782,1,0.0,4.0
5783,78,0.3176823176823177,124.48717948717949
5784,661,0.2811305184981433,481.17700453857793
5785,0,0.0,0.0
5786,280,0.45476190476190476,626.025
5787,54,0.22012578616352202,68.5925925925926
5788,21,0.18571428571428572,34.23809523809524
5789,3,0.6666666666666666,24.666666666666668
5790,44,0.4069767441860465,82.43181818181819
5791,13,0.4358974358974359,115.84615384615384
5792,4,0.3333333333333333,51.25
5793,34,0.2709447415329768,255.61764705882354
5794,33,0.2765151515151515,131.72727272727272
5795,3,1.0,21.666666666666668
5796,29,0.33004926108374383,77.93103448275862
5797,0,0.0,0.0
5798,252,0.608486688167963,289.69444444444446
5799,193,0.5909434369602763,261.0103626943005
5800,48,0.30141843971631205,137.54166666666666
5801,130,0.6197972570065593,278.37692307692305
5802,11,0.14545454545454545,26.09090909090909
5803,118,0.31421121251629724,124.3135593220339
5804,0,0.0,0.0
5805,0,0.0,0.0
5806,49,0.46683673469387754,52.59183673469388
5807,3,0.3333333333333333,16.666666666666668
5808,0,0.0,0.0
5809,629,0.4094761678126234,608.0397456279809
5810,8,0.5357142857142857,35.0
5811,103,0.09442223491338284,38.0
5812,4,0.6666666666666666,143.0
5813,14,0.25274725274725274,85.92857142857143
5814,5,0.4,26.4
5815,239,0.5023733342709469,574.4811715481171
5816,9,0.1388888888888889,14.88888888888889
5817,288,0.48693379790940766,480.58680555555554
5818,1,0.0,33.0
5819,1,0.0,25.0
5820,48,0.32269503546099293,119.16666666666667
5821,76,0.507719298245614,293.25
5822,3,0.0,30.0
5823,1,0.0,20.0
5824,21,0.15714285714285714,53.95238095238095
5825,2,0.0,7.0
5826,0,0.0,0.0
5827,3,0.3333333333333333,10.666666666666666
5828,21,0.34285714285714286,112.85714285714286
5829,1,0.0,6.0
5830,58,0.2425892316999395,74.93103448275862
5831,174,0.5423559896352402,580.7816091954023
5832,8,0.32142857142857145,108.125
5833,125,0.5710967741935484,492.264
5834,0,0.0,0.0
5835,52,0.06259426847662142,61.46153846153846
5836,2,0.0,13.5
5837,57,0.2412280701754386,118.6842105263158
5838,56,0.23766233766233766,61.517857142857146
5839,11,0.34545454545454546,14.090909090909092
5840,260,0.21695871695871696,152.6846153846154
5841,132,0.24439046958130928,141.99242424242425
5842,83,0.545401116661769,253.79518072289156
5843,0,0.0,0.0
5844,29,0.29064039408866993,21.17241379310345
5845,16,0.26666666666666666,135.75
5846,3,1.0,128.0
5847,6,0.06666666666666667,9.666666666666666
5848,59,0.34424313267095263,167.6271186440678
5849,6,0.7333333333333333,70.83333333333333
5850,727,0.33489452484075466,570.3631361760661
5851,230,0.3883045376874881,502.7086956521739
5852,29,0.33497536945812806,79.0
5853,30,0.15862068965517243,94.86666666666666
5854,6,0.2,74.5
5855,15,0.3619047619047619,116.66666666666667
5856,606,0.26344270790715435,451.43564356435644
5857,96,0.2962719298245614,162.625
5858,84,0.4027538726333907,170.38095238095238
5859,2,1.0,2.0
5860,60,0.3220338983050847,88.08333333333333
5861,487,0.3386400317725894,317.3264887063655
5862,2,0.0,25.0
5863,618,0.391632966698662,573.5776699029126
5864,8,0.4642857142857143,63.875
5865,227,0.4441152391719621,532.4889867841409
5866,13,0.3076923076923077,72.61538461538461
5867,0,0.0,0.0
5868,52,0.21417797888386123,74.61538461538461
5869,49,0.3171768707482993,245.28571428571428
5870,32,0.3407258064516129,77.65625
5871,35,0.5764705882352941,117.94285714285714
5872,77,0.27853725222146275,138.62337662337663
5873,111,0.3706797706797707,189.11711711711712
5874,47,0.22201665124884365,98.91489361702128
5875,134,0.1849399618449108,132.21641791044777
5876,1,0.0,7.0
5877,191,0.41107743179939377,407.6910994764398
5878,111,0.19656019656019655,311.27027027027026
5879,14,0.21978021978021978,16.214285714285715
5880,270,0.4653724356326587,516.3703703703703
5881,18,0.28104575163398693,124.0
5882,0,0.0,0.0
5883,15,0.1523809523809524,48.2
5884,105,0.29194139194139196,141.88571428571427
5885,285,0.5371880405238448,280.9263157894737
5886,1,0.0,3.0
5887,1,0.0,21.0
5888,5,0.4,23.8
5889,613,0.30300994786168955,459.56606851549753
5890,345,0.49186046511627907,567.2840579710145
5891,0,0.0,0.0
5892,1,0.0,30.0
5893,36,0.4587301587301587,146.02777777777777
5894,276,0.2628194993412385,214.35507246376812
5895,38,0.2603129445234708,40.0
5896,3,0.0,28.0
5897,1,0.0,4.0
5898,9,0.5555555555555556,21.22222222222222
5899,1,0.0,14.0
5900,5,0.4,39.6
5901,0,0.0,0.0
5902,78,0.1864801864801865,145.67948717948718
5903,54,0.39343116701607267,131.85185185185185
5904,1,0.0,3.0
5905,28,0.5132275132275133,152.57142857142858
5906,34,0.32085561497326204,51.14705882352941
5907,9,0.05555555555555555,25.666666666666668
5908,5,0.1,34.4
5909,12,0.6212121212121212,32.25
5910,75,0.23855855855855856,134.12
5911,16,0.275,76.875
5912,55,0.6154882154882155,420.03636363636366
5913,4,0.5,115.5
5914,45,0.3464646464646465,31.933333333333334
5915,39,0.24696356275303644,35.38461538461539
5916,17,0.2647058823529412,38.411764705882355
5917,80,0.22025316455696203,108.8625
5918,49,0.20068027210884354,85.48979591836735
5919,490,0.49259212887609033,645.5877551020408
5920,17,0.1323529411764706,22.764705882352942
5921,80,0.20822784810126582,89.7625
5922,82,0.5606744956338452,422.2439024390244
5923,15,0.2761904761904762,54.333333333333336
5924,0,0.0,0.0
5925,283,0.4264842242437912,615.9893992932862
5926,4,0.0,9.0
5927,0,0.0,0.0
5928,549,0.469652852565381,618.4444444444445
5929,43,0.1539313399778516,69.25581395348837
5930,6,0.6666666666666666,239.66666666666666
5931,12,0.30303030303030304,33.0
5932,334,0.41712970455485426,349.7934131736527
5933,1173,0.2358644006645543,525.2907075873828
5934,7,0.23809523809523808,30.428571428571427
5935,4,0.16666666666666666,23.25
5936,32,0.1431451612903226,62.15625
5937,11,0.2909090909090909,59.72727272727273
5938,34,0.2549019607843137,51.588235294117645
5939,8,0.39285714285714285,153.875
5940,0,0.0,0.0
5941,397,0.4591252576139226,669.8136020151134
5942,177,0.3095788392398562,175.33898305084745
5943,259,0.27101852683248034,181.98455598455598
5944,0,0.0,0.0
5945,1,0.0,5.0
5946,86,0.3622435020519836,138.03488372093022
5947,16,0.15833333333333333,34.5625
5948,3,0.6666666666666666,11.666666666666666
5949,1,0.0,132.0
5950,221,0.6634718222953517,672.6606334841629
5951,31,0.2967741935483871,162.06451612903226
5952,31,0.34838709677419355,79.38709677419355
5953,357,0.38721556038145594,500.73949579831935
5954,20,0.24210526315789474,132.5
5955,3,0.6666666666666666,98.0
5956,0,0.0,0.0
5957,10,0.17777777777777778,209.5
5958,0,0.0,0.0
5959,0,0.0,0.0
5960,190,0.2920634920634921,157.42105263157896
5961,13,0.10256410256410256,45.84615384615385
5962,2,1.0,29.5
5963,0,0.0,0.0
5964,4,0.3333333333333333,5.0
5965,8,0.17857142857142858,17.125
5966,1,0.0,4.0
5967,0,0.0,0.0
5968,14,0.34065934065934067,62.07142857142857
5969,39,0.30634278002699056,135.74358974358975
5970,0,0.0,0.0
5971,28,0.41005291005291006,83.25
5972,39,0.25775978407557354,65.58974358974359
5973,1,0.0,1.0
5974,11,0.38181818181818183,55.45454545454545
5975,2,0.0,9.5
5976,433,0.4494803695150115,585.2609699769054
5977,37,0.3738738738738739,85.83783783783784
5978,11,0.41818181818181815,307.0
5979,70,0.38923395445134573,161.0857142857143
5980,2,1.0,20.0
5981,25,0.7566666666666667,352.0
5982,14,0.4945054945054945,258.64285714285717
5983,69,0.4663256606990622,269.2463768115942
5984,0,0.0,0.0
5985,16,0.18333333333333332,63.0
5986,32,0.10685483870967742,35.34375
5987,19,0.22807017543859648,39.10526315789474
5988,5,0.2,27.2
5989,2,0.0,15.0
5990,0,0.0,0.0
5991,2,0.0,16.0
5992,2,0.0,5.5
5993,3,0.3333333333333333,7.0
5994,39,0.27800269905533065,103.33333333333333
5995,9,0.2777777777777778,39.77777777777778
5996,26,0.3415384615384615,88.46153846153847
5997,9,0.5277777777777778,25.666666666666668
5998,13,0.5384615384615384,249.0
5999,12,0.45454545454545453,46.333333333333336
6000,48,0.26152482269503546,108.64583333333333
6001,2,0.0,28.0
6002,47,0.3709528214616096,92.19148936170212
6003,57,0.20488721804511278,179.57894736842104
6004,61,0.5273224043715847,307.1967213114754
6005,275,0.4123954877239549,527.9527272727273
6006,3,1.0,12.666666666666666
6007,3,1.0,210.33333333333334
6008,27,0.33618233618233617,63.851851851851855
6009,6,0.26666666666666666,30.166666666666668
6010,1,0.0,3.0
6011,17,0.4411764705882353,103.82352941176471
6012,0,0.0,0.0
6013,41,0.17317073170731706,64.29268292682927
6014,0,0.0,0.0
6015,78,0.2077922077922078,67.6025641025641
6016,90,0.5568039950062422,399.47777777777776
6017,2,1.0,2.0
6018,141,0.32249240121580547,201.12056737588654
6019,240,0.4724198047419805,660.225
6020,36,0.3888888888888889,347.8888888888889
6021,108,0.12634129456559362,73.33333333333333
6022,6,0.6,41.333333333333336
6023,16,0.4,113.25
6024,2,1.0,80.0
6025,258,0.45956625343106206,513.1511627906976
6026,63,0.4915514592933948,173.53968253968253
6027,34,0.43137254901960786,336.55882352941177
6028,210,0.4843016632490317,569.1333333333333
6029,100,0.27535353535353535,121.28
6030,9,0.2777777777777778,51.666666666666664
6031,1,0.0,13.0
6032,63,0.6338965693804404,321.5238095238095
6033,371,0.29709331973482916,463.1266846361186
6034,21,0.7666666666666667,27.61904761904762
6035,2,1.0,34.0
6036,8,0.17857142857142858,40.125
6037,2,1.0,17.0
6038,33,0.20075757575757575,101.60606060606061
6039,23,0.38735177865612647,121.52173913043478
6040,8,0.25,27.0
6041,3,0.3333333333333333,14.666666666666666
6042,3,0.3333333333333333,17.0
6043,3,0.3333333333333333,6.0
6044,611,0.33183440208204773,550.3436988543372
6045,407,0.47785671923602957,635.034398034398
6046,8,0.39285714285714285,39.5
6047,55,0.4404040404040404,135.61818181818182
6048,46,0.19710144927536233,50.67391304347826
6049,90,0.4766541822721598,242.3111111111111
6050,48,0.2349290780141844,84.66666666666667
6051,16,0.44166666666666665,51.1875
6052,5,0.1,12.2
6053,349,0.4075848895036722,615.4412607449857
6054,618,0.3074486108269998,516.3203883495146
6055,220,0.5519717725197177,587.1318181818182
6056,52,0.13800904977375567,35.69230769230769
6057,233,0.3211484386562084,438.0343347639485
6058,29,0.2044334975369458,42.10344827586207
6059,13,0.48717948717948717,65.84615384615384
6060,168,0.3299116053607072,251.78571428571428
6061,8,0.8928571428571429,26.5
6062,59,0.2331969608416131,86.28813559322033
6063,255,0.32762081210436933,352.69019607843137
6064,7,0.14285714285714285,11.428571428571429
6065,0,0.0,0.0
6066,152,0.38035901010805157,415.6578947368421
6067,153,0.42518059855521156,385.26143790849676
6068,0,0.0,0.0
6069,8,0.6071428571428571,25.875
6070,201,0.31208955223880597,141.2089552238806
6071,1,0.0,6.0
6072,2,1.0,30.0
6073,22,0.3116883116883117,160.54545454545453
6074,26,0.25846153846153846,73.76923076923077
6075,0,0.0,0.0
6076,112,0.6306306306306306,540.4553571428571
6077,5,0.2,17.2
6078,901,0.2904723147120483,533.237513873474
6079,63,0.5197132616487455,225.96825396825398
6080,95,0.5341545352743561,582.9894736842106
6081,1,0.0,1.0
6082,14,0.17582417582417584,44.92857142857143
6083,1,0.0,59.0
6084,30,0.31264367816091954,77.86666666666666
6085,15,0.3142857142857143,42.13333333333333
6086,52,0.19834087481146304,73.25
6087,15,0.12380952380952381,34.4
6088,41,0.3719512195121951,276.3414634146341
6089,6,0.26666666666666666,11.0
6090,674,0.37540398851856915,609.5370919881306
6091,517,0.4747049915283463,646.990328820116
6092,508,0.3931261550886021,509.68897637795277
6093,34,0.19607843137254902,91.32352941176471
6094,6,0.26666666666666666,28.833333333333332
6095,527,0.3982366649591273,577.1328273244782
6096,478,0.5087497697429015,642.5397489539749
6097,147,0.22038952567328302,130.0408163265306
6098,23,0.1541501976284585,62.04347826086956
6099,76,0.4147368421052632,140.5921052631579
6100,209,0.4073886639676113,456.5023923444976
6101,34,0.2192513368983957,62.35294117647059
6102,9,0.05555555555555555,38.55555555555556
6103,91,0.3282051282051282,191.7032967032967
6104,119,0.7036034752884205,597.0672268907563
6105,74,0.24620510921880784,284.55405405405406
6106,62,0.2178741406663141,63.354838709677416
6107,223,0.555084232214277,561.6053811659193
6108,3,0.0,113.33333333333333
6109,1,0.0,49.0
6110,202,0.5009605438155755,523.8910891089109
6111,184,0.4934663815633167,604.7445652173913
6112,7,0.3333333333333333,23.428571428571427
6113,5,0.3,106.4
6114,4,0.16666666666666666,23.5
6115,0,0.0,0.0
6116,1,0.0,4.0
6117,42,0.45876887340301975,163.6904761904762
6118,14,0.25274725274725274,25.428571428571427
6119,0,0.0,0.0
6120,219,0.3262117213355117,161.9543378995434
6121,0,0.0,0.0
6122,81,0.18888888888888888,121.98765432098766
6123,89,0.6986721144024515,267.92134831460675
6124,20,0.6421052631578947,408.7
6125,0,0.0,0.0
6126,405,0.3521207676323188,563.2469135802469
6127,78,0.39793539793539795,167.56410256410257
6128,0,0.0,0.0
6129,1321,0.2608343082605005,539.0287660862982
6130,91,0.2564102564102564,124.2967032967033
6131,62,0.1496562665256478,75.30645161290323
6132,16,0.8,61.0625
6133,7,0.14285714285714285,83.14285714285714
6134,57,0.17042606516290726,91.10526315789474
6135,21,0.7714285714285715,231.95238095238096
6136,297,0.5575120575120575,573.4444444444445
6137,59,0.15137346580946814,79.0
6138,20,0.33157894736842103,58.15
6139,9,0.8888888888888888,18.0
6140,9,0.1111111111111111,12.666666666666666
6141,35,0.2773109243697479,69.88571428571429
6142,16,0.525,111.125
6143,27,0.6609686609686609,417.74074074074076
6144,27,0.7378917378917379,192.07407407407408
6145,361,0.3826100338565713,615.4459833795014
6146,9,0.3333333333333333,290.55555555555554
6147,7,0.09523809523809523,13.571428571428571
6148,10,0.15555555555555556,29.9
6149,5,0.3,18.0
6150,20,0.6631578947368421,65.4
6151,28,0.07407407407407407,27.892857142857142
6152,236,0.49159754778218534,612.9491525423729
6153,7,0.47619047619047616,154.57142857142858
6154,474,0.28026511806317517,459.98945147679325
6155,13,0.32051282051282054,56.23076923076923
6156,2,0.0,12.0
6157,63,0.43010752688172044,151.04761904761904
6158,8,0.14285714285714285,15.625
6159,7,0.14285714285714285,54.142857142857146
6160,98,0.19755943614559227,110.71428571428571
6161,64,0.2554563492063492,114.21875
6162,0,0.0,0.0
6163,133,0.1559580770107086,74.13533834586467
6164,81,0.20925925925925926,236.2469135802469
6165,77,0.3287764866712235,121.72727272727273
6166,144,0.16015928515928515,69.77777777777777
6167,61,0.17650273224043717,50.68852459016394
6168,34,0.26559714795008915,131.26470588235293
6169,1,0.0,1.0
6170,136,0.38899782135076255,179.93382352941177
6171,29,0.6059113300492611,174.89655172413794
6172,69,0.15132139812446718,75.04347826086956
6173,12,0.15151515151515152,52.5
6174,122,0.23614686356862213,98.92622950819673
6175,79,0.3466407010710808,340.5822784810127
6176,0,0.0,0.0
6177,89,0.6320224719101124,492.2022471910112
6178,73,0.2480974124809741,95.5068493150685
6179,10,0.24444444444444444,54.5
6180,31,0.3139784946236559,49.58064516129032
6181,369,0.4207464357252268,444.76151761517616
6182,16,0.2916666666666667,29.3125
6183,40,0.2858974358974359,151.675
6184,102,0.2811104639875752,239.88235294117646
6185,0,0.0,0.0
6186,35,0.1915966386554622,62.17142857142857
6187,22,0.4199134199134199,56.77272727272727
6188,15,0.22857142857142856,139.6
6189,35,0.3411764705882353,52.371428571428574
6190,141,0.5479229989868287,358.25531914893617
6191,1,0.0,1.0
6192,19,0.40350877192982454,142.47368421052633
6193,94,0.23976206817661863,196.62765957446808
6194,2,0.0,87.5
6195,12,0.4696969696969697,44.25
6196,50,0.32653061224489793,252.1
6197,2,1.0,19.5
6198,4,0.16666666666666666,13.75
6199,4,0.5,17.5
6200,2,1.0,40.0
6201,123,0.42356390777022523,294.1219512195122
6202,85,0.37030812324929974,190.50588235294117
6203,1,0.0,16.0
6204,10,0.3111111111111111,85.9
6205,1,0.0,1.0
6206,0,0.0,0.0
6207,23,0.48616600790513836,100.47826086956522
6208,2,0.0,3.5
6209,14,0.32967032967032966,47.357142857142854
6210,12,0.6666666666666666,206.16666666666666
6211,0,0.0,0.0
6212,1,0.0,1.0
6213,1,0.0,6.0
6214,0,0.0,0.0
6215,7,0.42857142857142855,30.857142857142858
6216,9,0.6388888888888888,24.88888888888889
6217,133,0.46365914786967416,486.34586466165416
6218,4,0.3333333333333333,8.0
6219,40,0.13846153846153847,60.05
6220,0,0.0,0.0
6221,5,0.2,19.4
6222,41,0.3646341463414634,67.63414634146342
6223,15,0.2571428571428571,78.0
6224,21,0.11428571428571428,44.285714285714285
6225,0,0.0,0.0
6226,24,0.6159420289855072,141.70833333333334
6227,1,0.0,7.0
6228,3,0.6666666666666666,88.33333333333333
6229,4,0.3333333333333333,148.25
6230,8,0.14285714285714285,21.625
6231,1,0.0,24.0
6232,0,0.0,0.0
6233,78,0.13986013986013987,67.67948717948718
6234,538,0.3379645974815338,556.2602230483271
6235,5,0.5,18.0
6236,0,0.0,0.0
6237,13,0.47435897435897434,77.6923076923077
6238,17,0.5367647058823529,78.0
6239,93,0.1790556334735858,99.58064516129032
6240,0,0.0,0.0
6241,96,0.1618421052631579,102.33333333333333
6242,29,0.14039408866995073,56.41379310344828
6243,0,0.0,0.0
6244,321,0.3429906542056075,455.65732087227417
6245,173,0.25460411345610967,178.4450867052023
6246,14,0.6813186813186813,24.357142857142858
6247,67,0.20171867933061963,41.07462686567164
6248,54,0.2375960866526904,96.5925925925926
6249,0,0.0,0.0
6250,23,0.1383399209486166,66.04347826086956
6251,19,0.16374269005847952,31.789473684210527
6252,6,0.3333333333333333,29.833333333333332
6253,264,0.4761781311210969,502.375
6254,36,0.32063492063492066,147.13888888888889
6255,21,0.15714285714285714,68.66666666666667
6256,5,0.4,42.8
6257,81,0.28055555555555556,113.74074074074075
6258,420,0.38066825775656327,411.93333333333334
6259,422,0.4056129054046448,510.92890995260666
6260,6,0.4666666666666667,21.833333333333332
6261,10,0.5333333333333333,118.7
6262,21,0.3,24.285714285714285
6263,0,0.0,0.0
6264,75,0.48504504504504503,173.48
6265,40,0.20897435897435898,45.075
6266,721,0.2623555247341655,474.9472954230236
6267,167,0.5840848423634658,415.1437125748503
6268,10,0.1111111111111111,18.8
6269,0,0.0,0.0
6270,5,0.0,13.2
6271,41,0.1878048780487805,84.60975609756098
6272,21,0.1761904761904762,25.095238095238095
6273,550,0.37487001159132305,546.9672727272728
6274,321,0.44008956386292836,617.411214953271
6275,8,0.14285714285714285,27.0
6276,2,1.0,10.0
6277,2,1.0,21.0
6278,284,0.3350669387348828,503.693661971831
6279,52,0.39064856711915535,322.7692307692308
6280,21,0.47619047619047616,410.3333333333333
6281,0,0.0,0.0
6282,66,0.33706293706293705,143.3030303030303
6283,16,0.4,129.0625
6284,10,0.5555555555555556,234.3
6285,55,0.3212121212121212,111.50909090909092
6286,26,0.28307692307692306,66.96153846153847
6287,1,0.0,1.0
6288,61,0.12568306010928962,47.85245901639344
6289,47,0.33209990749306195,51.638297872340424
6290,0,0.0,0.0
6291,253,0.19540121714034758,138.08695652173913
6292,0,0.0,0.0
6293,36,0.27936507936507937,76.16666666666667
6294,10,0.17777777777777778,31.5
6295,47,0.2849213691026827,68.14893617021276
6296,83,0.41140170437848955,315.51807228915663
6297,0,0.0,0.0
6298,77,0.39371155160628846,267.31168831168833
6299,6,0.2,34.5
6300,11,0.12727272727272726,98.27272727272727
6301,141,0.5170212765957447,501.58156028368796
6302,161,0.5239130434782608,545.888198757764
6303,11,0.2545454545454545,44.09090909090909
6304,0,0.0,0.0
6305,172,0.5055759553923569,290.0639534883721
6306,13,0.4230769230769231,11.76923076923077
6307,416,0.41816496756255794,537.8293269230769
6308,37,0.25075075075075076,151.43243243243242
6309,3,0.0,10.0
6310,3,0.0,42.0
6311,11,0.45454545454545453,12.727272727272727
6312,44,0.1416490486257928,84.06818181818181
6313,323,0.30529007941849506,406.05572755417955
6314,6,0.8,15.5
6315,0,0.0,0.0
6316,2,1.0,23.0
6317,18,0.22875816993464052,29.555555555555557
6318,9,0.3333333333333333,39.666666666666664
6319,9,0.19444444444444445,20.0
6320,58,0.20689655172413793,56.827586206896555
6321,83,0.31854246253305907,350.2409638554217
6322,6,0.4,14.333333333333334
6323,189,0.42879657773274793,266.18518518518516
6324,0,0.0,0.0
6325,3,0.3333333333333333,11.333333333333334
6326,0,0.0,0.0
6327,5,0.2,70.8
6328,31,0.2967741935483871,61.54838709677419
6329,2,1.0,122.0
6330,35,0.3815126050420168,101.74285714285715
6331,14,0.2967032967032967,95.28571428571429
6332,1,0.0,7.0
6333,670,0.3615777614171296,595.5388059701493
6334,32,0.40524193548387094,111.875
6335,15,0.45714285714285713,77.53333333333333
6336,0,0.0,0.0
6337,23,0.4980237154150198,281.39130434782606
6338,5,0.2,27.4
6339,3,0.3333333333333333,7.333333333333333
6340,404,0.3762499078691988,500.15346534653463
6341,61,0.39398907103825137,120.40983606557377
6342,4,0.16666666666666666,33.0
6343,23,0.35968379446640314,104.52173913043478
6344,308,0.41922247133973517,348.288961038961
6345,15,0.41904761904761906,167.86666666666667
6346,1,0.0,73.0
6347,36,0.3904761904761905,56.44444444444444
6348,33,0.4337121212121212,275.6363636363636
6349,11,0.2727272727272727,58.27272727272727
6350,14,0.4065934065934066,68.28571428571429
6351,0,0.0,0.0
6352,275,0.2296748506967485,404.3018181818182
6353,12,0.09090909090909091,18.166666666666668
6354,40,0.25,71.75
6355,272,0.46369654873019317,323.93014705882354
6356,8,0.25,114.625
6357,33,0.3446969696969697,111.21212121212122
6358,51,0.21568627450980393,98.03921568627452
6359,228,0.454981064997295,463.0833333333333
6360,0,0.0,0.0
6361,6,0.5333333333333333,48.833333333333336
6362,11,0.36363636363636365,29.636363636363637
6363,0,0.0,0.0
6364,3,0.3333333333333333,14.0
6365,3,0.0,95.0
6366,7,0.8571428571428571,361.14285714285717
6367,108,0.12599515403253722,112.01851851851852
6368,1,0.0,131.0
6369,45,0.3575757575757576,147.73333333333332
6370,123,0.16420098627215782,105.0650406504065
6371,79,0.2872444011684518,111.32911392405063
6372,5,0.4,10.4
6373,286,0.44632560422034107,456.45454545454544
6374,1,0.0,16.0
6375,27,0.23646723646723647,56.333333333333336
6376,59,0.4038573933372297,84.08474576271186
6377,46,0.24830917874396136,56.28260869565217
6378,10,0.35555555555555557,164.0
6379,280,0.5834869431643626,294.0678571428571
6380,54,0.2278127183787561,60.425925925925924
6381,2,1.0,3.5
6382,20,0.14210526315789473,51.6
6383,0,0.0,0.0
6384,25,0.2866666666666667,126.4
6385,22,0.31601731601731603,22.136363636363637
6386,28,0.5026455026455027,103.53571428571429
6387,12,0.3484848484848485,27.25
6388,32,0.21169354838709678,41.03125
6389,20,0.23684210526315788,65.65
6390,40,0.2128205128205128,87.125
6391,1,0.0,6.0
6392,10,0.15555555555555556,32.1
6393,5,0.0,15.0
6394,3,0.6666666666666666,10.333333333333334
6395,0,0.0,0.0
6396,125,0.1950967741935484,140.992
6397,19,0.30994152046783624,175.31578947368422
6398,2,0.0,3.0
6399,3,0.3333333333333333,27.0
6400,46,0.27342995169082124,75.6086956521739
6401,5,0.1,8.8
6402,0,0.0,0.0
6403,3,0.0,2.3333333333333335
6404,99,0.5236033807462379,597.7373737373738
6405,0,0.0,0.0
6406,0,0.0,0.0
6407,39,0.4399460188933873,141.23076923076923
6408,28,0.4365079365079365,255.46428571428572
6409,0,0.0,0.0
6410,21,0.21428571428571427,143.47619047619048
6411,441,0.4771078128220985,616.0340136054422
6412,1,0.0,5.0
6413,834,0.37807353157090173,600.2697841726618
6414,161,0.5670031055900621,365.44099378881987
6415,256,0.3541666666666667,507.80859375
6416,1,0.0,22.0
6417,67,0.2234283129805518,82.83582089552239
6418,2,0.0,26.0
6419,29,0.270935960591133,59.827586206896555
6420,193,0.5005397236614854,454.4145077720207
6421,64,0.27628968253968256,144.53125
6422,29,0.2413793103448276,68.3103448275862
6423,6,0.0,3.8333333333333335
6424,234,0.1739481310296761,254.02564102564102
6425,1113,0.25533589301065884,502.0601976639712
6426,61,0.21420765027322405,230.95081967213116
6427,61,0.2907103825136612,120.06557377049181
6428,19,0.30409356725146197,33.89473684210526
6429,24,0.47101449275362317,223.25
6430,78,0.2853812853812854,111.57692307692308
6431,57,0.10526315789473684,91.12280701754386
6432,185,0.42884841363102233,444.23243243243246
6433,19,0.5847953216374269,188.6315789473684
6434,5,1.0,219.0
6435,0,0.0,0.0
6436,15,0.3238095238095238,117.26666666666667
6437,24,0.4057971014492754,86.04166666666667
6438,3,0.3333333333333333,29.666666666666668
6439,519,0.4580980650344812,662.4065510597303
6440,4,0.16666666666666666,15.5
6441,31,0.35053763440860214,41.41935483870968
6442,0,0.0,0.0
6443,18,0.23529411764705882,74.72222222222223
6444,27,0.6467236467236467,173.8148148148148
6445,274,0.4441859843319697,502.4160583941606
6446,38,0.26458036984352773,105.05263157894737
6447,51,0.323921568627451,130.31372549019608
6448,18,0.33986928104575165,158.0
6449,4,0.16666666666666666,78.75
6450,2,1.0,514.5
6451,200,0.3315577889447236,330.465
6452,198,0.3425114085012562,310.1515151515151
6453,104,0.29667662434652725,306.5769230769231
6454,8,0.10714285714285714,23.375
6455,721,0.3401294498381877,582.2968099861304
6456,28,0.2037037037037037,40.67857142857143
6457,1,0.0,342.0
6458,64,0.41021825396825395,97.03125
6459,0,0.0,0.0
6460,19,0.38011695906432746,68.52631578947368
6461,15,0.26666666666666666,67.46666666666667
6462,0,0.0,0.0
6463,1,0.0,6.0
6464,77,0.23957621326042378,127.23376623376623
6465,4,0.16666666666666666,22.0
6466,301,0.15220376522702103,291.9468438538206
6467,7,0.3333333333333333,35.714285714285715
6468,0,0.0,0.0
6469,6,0.5333333333333333,13.833333333333334
6470,421,0.418244542472571,579.9714964370546
6471,15,0.18095238095238095,83.33333333333333
6472,0,0.0,0.0
6473,43,0.2248062015503876,96.11627906976744
6474,0,0.0,0.0
6475,67,0.18498417005879692,47.32835820895522
6476,2,0.0,15.0
6477,5,0.1,14.6
6478,3,0.0,10.0
6479,326,0.1612081170363379,128.85889570552146
6480,42,0.11962833914053426,33.285714285714285
6481,9,0.6111111111111112,213.66666666666666
6482,8,0.35714285714285715,83.375
6483,11,0.6545454545454545,251.63636363636363
6484,1,0.0,2.0
6485,2,0.0,1.0
6486,36,0.27936507936507937,33.083333333333336
6487,0,0.0,0.0
6488,36,0.4666666666666667,182.75
6489,3,0.3333333333333333,12.333333333333334
6490,9,0.3611111111111111,61.888888888888886
6491,263,0.1245174585667431,118.83650190114068
6492,12,0.045454545454545456,12.416666666666666
6493,183,0.5421845913649193,528.1420765027323
6494,14,0.8021978021978022,583.6428571428571
6495,18,0.17647058823529413,132.16666666666666
6496,8,0.5357142857142857,53.625
6497,124,0.1841070023603462,147.95967741935485
6498,453,0.3144718591884975,511.6092715231788
6499,7,0.09523809523809523,20.857142857142858
6500,2,1.0,127.0
6501,14,0.3516483516483517,96.28571428571429
6502,1,0.0,188.0
6503,2,1.0,16.0
6504,0,0.0,0.0
6505,2,0.0,6.5
6506,0,0.0,0.0
6507,0,0.0,0.0
6508,38,0.23186344238975817,40.73684210526316
6509,8,0.4642857142857143,143.375
6510,13,0.23076923076923078,31.307692307692307
6511,1,0.0,459.0
6512,29,0.33004926108374383,93.13793103448276
6513,0,0.0,0.0
6514,31,0.5333333333333333,343.19354838709677
6515,0,0.0,0.0
6516,8,0.21428571428571427,12.375
6517,49,0.282312925170068,76.61224489795919
6518,21,0.2904761904761905,76.04761904761905
6519,1,0.0,8.0
6520,365,0.5095589342164685,649.3095890410959
6521,101,0.3689108910891089,346.96039603960395
6522,0,0.0,0.0
6523,70,0.3498964803312629,327.92857142857144
6524,101,0.4801980198019802,214.77227722772278
6525,24,0.2971014492753623,157.33333333333334
6526,54,0.2529699510831586,122.31481481481481
6527,38,0.3385490753911807,76.07894736842105
6528,16,0.5333333333333333,29.625
6529,23,0.3241106719367589,61.43478260869565
6530,187,0.39779196135932376,425.24064171122996
6531,15,0.29523809523809524,80.6
6532,130,0.3457364341085271,143.53076923076924
6533,10,0.13333333333333333,20.2
6534,3,0.3333333333333333,17.666666666666668
6535,30,0.2597701149425287,181.26666666666668
6536,7,0.23809523809523808,38.0
6537,453,0.1893766238840376,195.0794701986755
6538,2,0.0,3.5
6539,4,0.16666666666666666,7.75
6540,0,0.0,0.0
6541,3,0.3333333333333333,9.666666666666666
6542,164,0.21016010773604668,241.95731707317074
6543,2,1.0,104.5
6544,180,0.4847299813780261,504.7888888888889
6545,26,0.18153846153846154,136.80769230769232
6546,38,0.41963015647226176,112.42105263157895
6547,299,0.49673408004309666,623.8795986622074
6548,37,0.28678678678678676,72.62162162162163
6549,1,0.0,3.0
6550,8,0.32142857142857145,176.625
6551,25,0.07666666666666666,23.36
6552,163,0.511474664848898,498.4601226993865
6553,1,0.0,23.0
6554,25,0.36,94.8
6555,21,0.18571428571428572,62.23809523809524
6556,6,0.8,69.83333333333333
6557,50,0.2726530612244898,113.56
6558,20,0.2631578947368421,160.75
6559,655,0.3679109181315218,620.7251908396946
6560,4,0.3333333333333333,14.5
6561,48,0.3067375886524823,204.83333333333334
6562,7,0.23809523809523808,125.0
6563,44,0.26849894291754756,77.81818181818181
6564,18,0.41830065359477125,47.77777777777778
6565,53,0.18432510885341075,115.28301886792453
6566,1,0.0,86.0
6567,12,0.09090909090909091,17.333333333333332
6568,178,0.37865803339046533,202.98314606741573
6569,3,0.3333333333333333,12.0
6570,53,0.3563134978229318,149.43396226415095
6571,40,0.25256410256410255,80.525
6572,1,0.0,14.0
6573,320,0.4762539184952978,602.890625
6574,10,0.2,28.3
6575,1,0.0,3.0
6576,26,0.4,323.8076923076923
6577,40,0.23333333333333334,74.85
6578,24,0.427536231884058,107.70833333333333
6579,4,0.5,193.0
6580,14,0.18681318681318682,26.428571428571427
6581,1,0.0,79.0
6582,18,0.17647058823529413,19.5
6583,12,0.22727272727272727,67.58333333333333
6584,0,0.0,0.0
6585,0,0.0,0.0
6586,91,0.2576312576312576,125.43956043956044
6587,71,0.16257545271629778,212.35211267605635
6588,1,0.0,1.0
6589,2,1.0,33.0
6590,63,0.2642089093701997,106.71428571428571
6591,27,0.150997150997151,30.185185185185187
6592,0,0.0,0.0
6593,60,0.4214689265536723,87.0
6594,68,0.48024582967515367,330.97058823529414
6595,3,0.3333333333333333,13.333333333333334
6596,9,0.5833333333333334,45.77777777777778
6597,1,0.0,11.0
6598,12,0.3181818181818182,43.083333333333336
6599,53,0.38461538461538464,164.96226415094338
6600,0,0.0,0.0
6601,43,0.34219269102990035,230.1860465116279
6602,0,0.0,0.0
6603,374,0.46330518558873707,275.67914438502675
6604,9,0.3611111111111111,40.77777777777778
6605,9,0.2777777777777778,70.22222222222223
6606,95,0.3133258678611422,279.09473684210525
6607,25,0.19333333333333333,147.52
6608,13,0.6538461538461539,120.92307692307692
6609,233,0.5224951901731537,642.8369098712446
6610,21,0.3047619047619048,51.04761904761905
6611,347,0.44906798154286953,598.0605187319885
6612,9,0.3333333333333333,61.888888888888886
6613,35,0.280672268907563,316.62857142857143
6614,102,0.19103086779266162,59.03921568627451
6615,530,0.37014659200342404,546.3169811320755
6616,19,0.2631578947368421,134.6315789473684
6617,9,0.25,43.666666666666664
6618,636,0.2632001188530679,481.11006289308176
6619,6,0.3333333333333333,101.16666666666667
6620,3,0.6666666666666666,25.0
6621,37,0.24624624624624625,29.10810810810811
6622,18,0.24836601307189543,39.666666666666664
6623,376,0.465531914893617,567.1063829787234
6624,0,0.0,0.0
6625,0,0.0,0.0
6626,31,0.3161290322580645,114.0
6627,93,0.45114539504441326,377.2795698924731
6628,5,0.0,25.0
6629,259,0.4825356918380174,446.55598455598454
6630,3,0.3333333333333333,13.0
6631,824,0.3202497375219715,579.1128640776699
6632,2,0.0,3.5
6633,19,0.3157894736842105,81.05263157894737
6634,142,0.3235441014883628,316.2464788732394
6635,13,0.20512820512820512,31.615384615384617
6636,8,0.5357142857142857,141.375
6637,0,0.0,0.0
6638,45,0.298989898989899,109.93333333333334
6639,4,0.5,15.5
6640,4,0.3333333333333333,9.75
6641,0,0.0,0.0
6642,0,0.0,0.0
6643,170,0.4381482770623042,410.06470588235294
6644,4,0.3333333333333333,52.75
6645,56,0.2357142857142857,110.85714285714286
6646,20,0.20526315789473684,88.4
6647,77,0.24538619275461382,227.35064935064935
6648,1,0.0,1.0
6649,9,0.2222222222222222,21.333333333333332
6650,170,0.32774103724329967,179.4294117647059
6651,59,0.7825832846288721,295.6101694915254
6652,39,0.4008097165991903,266.15384615384613
6653,650,0.42709967998103593,622.9030769230769
6654,8,0.14285714285714285,17.0
6655,1,0.0,1.0
6656,26,0.10461538461538461,33.38461538461539
6657,263,0.41111078861057093,610.7528517110267
6658,40,0.31153846153846154,126.525
6659,97,0.2920962199312715,296.82474226804123
6660,1,0.0,37.0
6661,6,0.06666666666666667,9.5
6662,1,0.0,48.0
6663,117,0.30356616563513117,172.2051282051282
6664,140,0.16392600205549845,104.17142857142858
6665,5,0.2,5.8
6666,734,0.330923270795618,564.925068119891
6667,1,0.0,23.0
6668,174,0.4077469935552455,489.6896551724138
6669,9,0.6111111111111112,52.666666666666664
6670,2,0.0,31.0
6671,1,0.0,2.0
6672,78,0.3173493173493174,92.48717948717949
6673,183,0.15907043775896235,166.2513661202186
6674,2,1.0,42.5
6675,353,0.28521761524594386,424.4985835694051
6676,283,0.3453374433000025,281.0812720848057
6677,64,0.21031746031746032,85.6875
6678,83,0.5066118131060828,271.87951807228916
6679,3,0.3333333333333333,7.0
6680,151,0.28618101545253866,310.1920529801325
6681,14,0.1978021978021978,54.142857142857146
6682,6,0.3333333333333333,27.0
6683,2,0.0,1.0
6684,83,0.6035850719952983,347.3975903614458
6685,0,0.0,0.0
6686,14,0.2857142857142857,13.642857142857142
6687,26,0.47384615384615386,239.34615384615384
6688,35,0.1546218487394958,38.68571428571428
6689,11,0.7454545454545455,513.0909090909091
6690,338,0.40730075676434957,584.2899408284023
6691,13,0.21794871794871795,36.30769230769231
6692,76,0.43087719298245614,367.7631578947368
6693,54,0.2529699510831586,127.94444444444444
6694,28,0.335978835978836,63.92857142857143
6695,68,0.310359964881475,52.411764705882355
6696,0,0.0,0.0
6697,70,0.4132505175983437,257.2142857142857
6698,13,0.1794871794871795,27.76923076923077
6699,16,0.21666666666666667,39.0
6700,18,0.2875816993464052,82.66666666666667
6701,7,0.7619047619047619,90.57142857142857
6702,72,0.38067292644757433,99.70833333333333
6703,30,0.2413793103448276,34.53333333333333
6704,0,0.0,0.0
6705,8,0.25,49.625
6706,143,0.33674775928297057,323.61538461538464
6707,41,0.20853658536585365,99.36585365853658
6708,56,0.1512987012987013,94.0
6709,86,0.18796169630642956,156.6627906976744
6710,0,0.0,0.0
6711,42,0.3983739837398374,143.97619047619048
6712,2,0.0,62.0
6713,155,0.35257645580226227,166.32258064516128
6714,64,0.34424603174603174,152.984375
6715,0,0.0,0.0
6716,17,0.45588235294117646,163.35294117647058
6717,9,0.1388888888888889,16.555555555555557
6718,20,0.45263157894736844,78.05
6719,18,0.3464052287581699,76.16666666666667
6720,48,0.149822695035461,59.541666666666664
6721,67,0.3206693803708729,111.35820895522389
6722,21,0.4523809523809524,115.0952380952381
6723,3,0.0,3.3333333333333335
6724,13,0.47435897435897434,73.84615384615384
6725,1,0.0,8.0
6726,35,0.4722689075630252,175.65714285714284
6727,701,0.29508457305889546,495.77175463623394
6728,3,0.3333333333333333,22.0
6729,634,0.4053004819072964,560.705047318612
6730,18,0.43790849673202614,302.44444444444446
6731,714,0.41398831622410537,602.9187675070028
6732,1,0.0,9.0
6733,0,0.0,0.0
6734,0,0.0,0.0
6735,303,0.5291893427753371,591.5280528052805
6736,11,0.4727272727272727,39.54545454545455
6737,2,0.0,7.5
6738,11,0.10909090909090909,27.363636363636363
6739,0,0.0,0.0
6740,8,0.39285714285714285,12.625
6741,9,0.3055555555555556,41.888888888888886
6742,6,0.13333333333333333,123.0
6743,32,0.19153225806451613,64.3125
6744,13,0.1282051282051282,21.153846153846153
6745,18,0.20261437908496732,106.44444444444444
6746,26,0.19692307692307692,49.57692307692308
6747,29,0.5394088669950738,158.79310344827587
6748,452,0.5136275337009203,606.5508849557522
6749,12,0.36363636363636365,24.583333333333332
6750,14,0.6593406593406593,83.57142857142857
6751,20,0.3894736842105263,89.7
6752,0,0.0,0.0
6753,3,0.0,32.0
6754,19,0.4269005847953216,119.42105263157895
6755,62,0.4727657324167107,261.1774193548387
6756,14,0.2087912087912088,38.142857142857146
6757,0,0.0,0.0
6758,61,0.2180327868852459,92.8360655737705
6759,0,0.0,0.0
6760,32,0.20161290322580644,87.625
6761,0,0.0,0.0
6762,8,0.14285714285714285,24.375
6763,2,1.0,243.5
6764,49,0.3018707482993197,62.204081632653065
6765,232,0.5807956411404688,655.6551724137931
6766,6,0.6,44.666666666666664
6767,22,0.24675324675324675,71.95454545454545
6768,2,1.0,44.0
6769,175,0.6342857142857142,538.6057142857143
6770,85,0.16778711484593836,69.8
6771,28,0.2037037037037037,65.75
6772,0,0.0,0.0
6773,5,0.1,19.6
6774,89,0.49055158324821246,428.03370786516854
6775,0,0.0,0.0
6776,124,0.1921059533175977,105.95967741935483
6777,124,0.3733280881195909,259.241935483871
6778,21,0.2571428571428571,54.04761904761905
6779,3,1.0,61.666666666666664
6780,31,0.6,219.83870967741936
6781,144,0.3385780885780886,190.00694444444446
6782,9,0.3611111111111111,62.333333333333336
6783,5,0.6,98.0
6784,131,0.14116265413975337,175.54961832061068
6785,28,0.46825396825396826,105.60714285714286
6786,458,0.476565411407222,691.9344978165939
6787,168,0.302965497576276,323.5416666666667
6788,397,0.47785156349388086,624.4458438287154
6789,168,0.21521243227830053,142.39285714285714
6790,1,0.0,3.0
6791,0,0.0,0.0
6792,490,0.36588623179333085,473.5775510204082
6793,1,0.0,1.0
6794,0,0.0,0.0
6795,21,0.1,16.142857142857142
6796,5,0.1,95.2
6797,3,0.6666666666666666,116.66666666666667
6798,0,0.0,0.0
6799,5,0.1,60.8
6800,105,0.43241758241758244,121.91428571428571
6801,72,0.12128325508607199,112.54166666666667
6802,41,0.3378048780487805,121.95121951219512
6803,8,0.21428571428571427,36.25
6804,24,0.18840579710144928,33.708333333333336
6805,98,0.2549968440984641,135.79591836734693
6806,12,0.24242424242424243,26.166666666666668
6807,190,0.5860763018657755,550.0473684210526
6808,0,0.0,0.0
6809,18,0.30718954248366015,67.27777777777777
6810,10,0.5333333333333333,49.0
6811,5,0.1,5.8
6812,8,0.5714285714285714,52.75
6813,1,0.0,174.0
6814,7,0.19047619047619047,61.57142857142857
6815,16,0.175,20.125
6816,0,0.0,0.0
6817,20,0.29473684210526313,27.5
6818,15,0.09523809523809523,83.86666666666666
6819,0,0.0,0.0
6820,24,0.2644927536231884,14.083333333333334
6821,1,0.0,25.0
6822,3,0.3333333333333333,28.0
6823,5,0.2,2.6
6824,3,0.3333333333333333,19.0
6825,69,0.38192668371696503,151.3913043478261
6826,6,0.7333333333333333,214.33333333333334
6827,1,0.0,5.0
6828,30,0.20919540229885059,72.23333333333333
6829,56,0.1974025974025974,70.39285714285714
6830,3,0.3333333333333333,32.0
6831,1,0.0,55.0
6832,0,0.0,0.0
6833,102,0.3849737914967967,433.1764705882353
6834,0,0.0,0.0
6835,51,0.33019607843137255,172.80392156862746
6836,43,0.3953488372093023,148.30232558139534
6837,7,0.3333333333333333,53.142857142857146
6838,185,0.62737955346651,667.2324324324325
6839,0,0.0,0.0
6840,75,0.298018018018018,106.6
6841,0,0.0,0.0
6842,59,0.3185271770894214,157.5593220338983
6843,98,0.19040605933094887,61.47959183673469
6844,15,0.4095238095238095,82.73333333333333
6845,36,0.19047619047619047,39.0
6846,2,0.0,12.5
6847,17,0.6029411764705882,93.52941176470588
6848,9,0.2777777777777778,70.11111111111111
6849,2,1.0,21.0
6850,1,0.0,37.0
6851,2,1.0,13.0
6852,137,0.27425933877200515,141.3941605839416
6853,2,1.0,6.0
6854,0,0.0,0.0
6855,330,0.46397715759417885,555.1909090909091
6856,12,0.22727272727272727,53.166666666666664
6857,75,0.16756756756756758,105.05333333333333
6858,564,0.43322877694216644,623.8404255319149
6859,1,0.0,11.0
6860,0,0.0,0.0
6861,4,0.3333333333333333,249.0
6862,388,0.39826580356429314,593.5670103092783
6863,4,0.3333333333333333,170.75
6864,355,0.42350600779820163,533.7521126760563
6865,59,0.402104032729398,151.59322033898306
6866,58,0.2764670296430732,136.93103448275863
6867,48,0.17198581560283688,91.77083333333333
6868,9,0.3611111111111111,239.22222222222223
6869,126,0.3926349206349206,471.7063492063492
6870,442,0.2745713670083418,445.1674208144796
6871,2,0.0,22.5
6872,92,0.20138557095078835,88.93478260869566
6873,47,0.2784458834412581,84.91489361702128
6874,2,0.0,9.0
6875,88,0.4007314524555904,144.29545454545453
6876,248,0.18437377563014234,119.55645161290323
6877,100,0.35414141414141415,152.8
6878,0,0.0,0.0
6879,862,0.3359149103589147,574.7331786542924
6880,266,0.46707334373670023,547.327067669173
6881,2,0.0,1.5
6882,16,0.11666666666666667,30.875
6883,26,0.42153846153846153,128.03846153846155
6884,1,0.0,10.0
6885,0,0.0,0.0
6886,5,0.3,18.2
6887,152,0.273963053328686,144.67105263157896
6888,55,0.5245791245791246,192.4181818181818
6889,296,0.5567796610169492,700.25
6890,1,0.0,59.0
6891,19,0.38011695906432746,32.10526315789474
6892,0,0.0,0.0
6893,0,0.0,0.0
6894,156,0.5480562448304384,284.1666666666667
6895,25,0.22,109.48
6896,492,0.27742453595615385,485.0243902439024
6897,64,0.4191468253968254,95.296875
6898,6,0.2,41.5
6899,0,0.0,0.0
6900,0,0.0,0.0
6901,5,0.4,30.4
6902,174,0.27273935286691914,246.40804597701148
6903,15,0.3333333333333333,143.0
6904,0,0.0,0.0
6905,47,0.17391304347826086,150.29787234042553
6906,169,0.41173570019723865,414.9230769230769
6907,108,0.2890273451021115,340.962962962963
6908,7,0.19047619047619047,79.14285714285714
6909,10,0.17777777777777778,55.8
6910,1,0.0,40.0
6911,194,0.45927033812296353,531.9123711340206
6912,5,0.4,18.8
6913,80,0.1939873417721519,121.2875
6914,35,0.28907563025210087,62.4
6915,238,0.31354820409176326,319.62605042016804
6916,116,0.48950524737631185,484.8189655172414
6917,35,0.6235294117647059,450.48571428571427
6918,76,0.6385964912280702,339.8421052631579
6919,1,0.0,43.0
6920,22,0.3722943722943723,55.45454545454545
6921,5,0.2,103.8
6922,22,0.3852813852813853,90.45454545454545
6923,10,0.13333333333333333,32.3
6924,4,0.0,32.25
6925,12,0.4090909090909091,62.416666666666664
6926,8,0.17857142857142858,87.5
6927,27,0.5156695156695157,140.40740740740742
6928,255,0.34457310483248416,490.5843137254902
6929,0,0.0,0.0
6930,235,0.3256228405164575,403.1914893617021
6931,266,0.4825649028230955,561.0
6932,23,0.2608695652173913,67.04347826086956
6933,60,0.207909604519774,59.416666666666664
6934,18,0.39215686274509803,43.166666666666664
6935,372,0.4094571486537403,591.7069892473119
6936,20,0.22105263157894736,43.45
6937,16,0.075,62.5
6938,6,0.2,27.5
6939,14,0.23076923076923078,45.0
6940,15,0.38095238095238093,237.8
6941,57,0.37155388471177947,85.47368421052632
6942,31,0.3053763440860215,124.12903225806451
6943,10,0.3111111111111111,21.2
6944,0,0.0,0.0
6945,21,0.16666666666666666,26.80952380952381
6946,31,0.44516129032258067,450.80645161290323
6947,3,0.3333333333333333,99.33333333333333
6948,11,0.12727272727272726,34.27272727272727
6949,65,0.2951923076923077,95.03076923076924
6950,240,0.35313807531380753,502.575
6951,12,0.18181818181818182,56.666666666666664
6952,1,0.0,1.0
6953,3,0.3333333333333333,6.0
6954,225,0.5449206349206349,270.27555555555557
6955,0,0.0,0.0
6956,72,0.1572769953051643,86.625
6957,51,0.38901960784313727,103.92156862745098
6958,20,0.3157894736842105,43.5
6959,51,0.3780392156862745,422.19607843137254
6960,208,0.2270066889632107,162.10096153846155
6961,2,1.0,26.5
6962,8,0.14285714285714285,30.625
6963,12,0.48484848484848486,34.166666666666664
6964,460,0.36355972340627074,316.4260869565217
6965,32,0.47580645161290325,109.59375
6966,0,0.0,0.0
6967,129,0.297843992248062,415.3565891472868
6968,15,0.3619047619047619,42.53333333333333
6969,1,0.0,16.0
6970,0,0.0,0.0
6971,30,0.2574712643678161,76.53333333333333
6972,48,0.2624113475177305,226.1875
6973,48,0.2650709219858156,52.8125
6974,136,0.37287581699346406,180.6985294117647
6975,16,0.36666666666666664,39.125
6976,0,0.0,0.0
6977,1,0.0,6.0
6978,365,0.47221135029354205,664.4027397260274
6979,84,0.3958691910499139,486.1904761904762
6980,9,0.3611111111111111,50.44444444444444
6981,588,0.40351609127467003,610.3044217687075
6982,43,0.2026578073089701,79.37209302325581
6983,1,0.0,4.0
6984,0,0.0,0.0
6985,211,0.5593771157752201,510.1658767772512
6986,1,0.0,59.0
6987,15,0.4,85.93333333333334
6988,11,0.2727272727272727,23.09090909090909
6989,1,0.0,11.0
6990,11,0.16363636363636364,39.36363636363637
6991,26,0.24,85.34615384615384
6992,4,0.16666666666666666,16.75
6993,45,0.403030303030303,69.24444444444444
6994,218,0.5683000042277935,260.7522935779817
6995,19,0.15789473684210525,23.526315789473685
6996,5,0.0,20.6
6997,0,0.0,0.0
6998,0,0.0,0.0
6999,15,0.21904761904761905,46.53333333333333
7000,17,0.07352941176470588,30.41176470588235
7001,30,0.3448275862068966,172.56666666666666
7002,51,0.41490196078431374,224.9607843137255
7003,2,1.0,144.0
7004,0,0.0,0.0
7005,39,0.28475033738191635,30.615384615384617
7006,13,0.5897435897435898,401.6923076923077
7007,0,0.0,0.0
7008,6,0.3333333333333333,115.83333333333333
7009,48,0.22872340425531915,160.77083333333334
7010,18,0.17647058823529413,23.444444444444443
7011,0,0.0,0.0
7012,8,0.25,19.875
7013,12,0.2878787878787879,336.8333333333333
7014,42,0.17305458768873402,85.57142857142857
7015,43,0.30564784053156147,99.25581395348837
7016,1,0.0,5.0
7017,28,0.29894179894179895,55.392857142857146
7018,59,0.5318527177089422,214.77966101694915
7019,36,0.2761904761904762,100.05555555555556
7020,171,0.27464740282077743,261.9824561403509
7021,72,0.656885758998435,589.5972222222222
7022,40,0.4576923076923077,146.975
7023,7,0.47619047619047616,95.14285714285714
7024,2,1.0,45.5
7025,531,0.2479195537078492,434.2787193973635
7026,24,0.7898550724637681,177.58333333333334
7027,12,0.5151515151515151,136.58333333333334
7028,14,0.43956043956043955,167.64285714285714
7029,147,0.3630602926101948,172.156462585034
7030,27,0.19943019943019943,41.2962962962963
7031,12,0.3939393939393939,39.083333333333336
7032,2,0.0,49.0
7033,2,1.0,18.0
7034,29,0.312807881773399,86.75862068965517
7035,2,1.0,52.5
7036,10,0.28888888888888886,31.4
7037,0,0.0,0.0
7038,3,0.3333333333333333,13.333333333333334
7039,1,0.0,30.0
7040,18,0.5032679738562091,104.05555555555556
7041,1,0.0,2.0
7042,9,0.1388888888888889,53.0
7043,0,0.0,0.0
7044,2,1.0,37.0
7045,3,0.3333333333333333,17.666666666666668
7046,12,0.3181818181818182,40.583333333333336
7047,47,0.35522664199814985,173.25531914893617
7048,4,0.6666666666666666,3.0
7049,53,0.5449927431059507,77.43396226415095
7050,20,0.18421052631578946,69.15
7051,43,0.1893687707641196,71.69767441860465
7052,20,0.25263157894736843,81.65
7053,20,0.18947368421052632,30.35
7054,50,0.3273469387755102,233.94
7055,35,0.26554621848739496,155.97142857142856
7056,170,0.5613644274277758,549.3352941176471
7057,26,0.2676923076923077,63.96153846153846
7058,4,0.0,91.0
7059,2,1.0,111.5
7060,27,0.28774928774928776,27.185185185185187
7061,10,0.2,28.6
7062,438,0.4631098293679404,543.230593607306
7063,0,0.0,0.0
7064,63,0.31387608806963646,101.0952380952381
7065,162,0.3132428494747335,329.58641975308643
7066,10,0.2222222222222222,17.8
7067,2,0.0,4.5
7068,81,0.3354938271604938,289.8395061728395
7069,3,0.3333333333333333,12.666666666666666
7070,1,0.0,85.0
7071,2,0.0,46.0
7072,0,0.0,0.0
7073,1,0.0,6.0
7074,15,0.09523809523809523,58.6
7075,6,0.6,131.0
7076,609,0.26451905626134303,472.8210180623974
7077,3,0.0,28.333333333333332
7078,11,0.2727272727272727,114.0
7079,82,0.16711833785004518,102.6219512195122
7080,19,0.22807017543859648,64.36842105263158
7081,11,0.4909090909090909,16.454545454545453
7082,1,0.0,140.0
7083,155,0.25136154168412234,159.03870967741935
7084,30,0.15402298850574714,33.03333333333333
7085,49,0.6352040816326531,298.44897959183675
7086,1,0.0,80.0
7087,9,0.2777777777777778,20.0
7088,2,1.0,67.0
7089,103,0.19893394250904245,156.84466019417476
7090,111,0.2452088452088452,95.42342342342343
7091,12,0.5909090909090909,14.25
7092,6,0.06666666666666667,57.833333333333336
7093,28,0.2962962962962963,74.46428571428571
7094,151,0.5169977924944812,294.73509933774835
7095,13,0.41025641025641024,37.53846153846154
7096,32,0.47580645161290325,124.90625
7097,402,0.41755065073634323,329.18407960199005
7098,3,0.3333333333333333,47.0
7099,25,0.45,44.4
7100,10,0.24444444444444444,71.1
7101,9,0.3333333333333333,130.22222222222223
7102,6,0.26666666666666666,32.0
7103,16,0.36666666666666664,126.75
7104,17,0.16176470588235295,80.29411764705883
7105,4,0.16666666666666666,5.75
7106,8,0.5,118.75
7107,1,0.0,47.0
7108,41,0.3402439024390244,128.3658536585366
7109,447,0.37977147099246594,579.6017897091723
7110,3,0.0,40.0
7111,61,0.2677595628415301,182.98360655737704
7112,31,0.22365591397849463,59.193548387096776
7113,13,0.41025641025641024,20.46153846153846
7114,69,0.47868712702472294,217.95652173913044
7115,74,0.3450573861532766,398.93243243243245
7116,89,0.26378958120531154,166.19101123595505
7117,134,0.12591179441140163,153.67910447761193
7118,16,0.21666666666666667,68.125
7119,31,0.3870967741935484,172.67741935483872
7120,9,0.19444444444444445,127.55555555555556
7121,0,0.0,0.0
7122,117,0.3775419982316534,370.5042735042735
7123,86,0.1890560875512996,117.34883720930233
7124,4,0.16666666666666666,86.75
7125,1,0.0,13.0
7126,325,0.3872744539411206,513.8615384615384
7127,12,0.3484848484848485,172.75
7128,2,1.0,5.5
7129,5,0.1,3.8
7130,69,0.1824381926683717,149.82608695652175
7131,3,0.0,84.33333333333333
7132,135,0.44344941956882256,443.037037037037
7133,84,0.12380952380952381,82.32941176470588
7134,63,0.26472094214029696,178.46031746031747
7135,2,1.0,5.0
7136,404,0.3642606196103481,534.1262376237623
7137,150,0.3036241610738255,162.8
7138,8,0.5,15.125
7139,177,0.25115562403698,145.090395480226
7140,106,0.4977538185085355,536.0377358490566
7141,41,0.2951219512195122,232.73170731707316
7142,7,0.09523809523809523,44.142857142857146
7143,8,0.07142857142857142,85.75
7144,19,0.3567251461988304,110.26315789473684
7145,11,0.41818181818181815,42.0
7146,9,0.1388888888888889,77.44444444444444
7147,14,0.5604395604395604,142.5
7148,109,0.6705742439687394,605.6880733944954
7149,451,0.33434836166543486,537.2993348115299
7150,37,0.12912912912912913,29.81081081081081
7151,422,0.40802197431076986,581.0710900473933
7152,2,0.0,42.5
7153,0,0.0,0.0
7154,31,0.6645161290322581,162.3548387096774
7155,1,0.0,116.0
7156,57,0.2568922305764411,277.3333333333333
7157,13,0.1282051282051282,101.23076923076923
7158,0,0.0,0.0
7159,8,0.35714285714285715,17.75
7160,9,0.19444444444444445,14.0
7161,2,1.0,31.5
7162,4,0.16666666666666666,15.5
7163,21,0.22380952380952382,172.95238095238096
7164,106,0.17861635220125785,88.90566037735849
7165,87,0.47126436781609193,372.3448275862069
7166,15,0.047619047619047616,87.93333333333334
7167,105,0.26483516483516484,123.75238095238095
7168,4,0.16666666666666666,30.5
7169,10,0.28888888888888886,40.7
7170,216,0.3094315245478036,165.56944444444446
7171,2,0.0,60.0
7172,56,0.42597402597402595,159.625
7173,18,0.41830065359477125,55.94444444444444
7174,35,0.2571428571428571,98.02857142857142
7175,646,0.4178942568459452,626.4117647058823
7176,33,0.2556818181818182,169.1818181818182
7177,1,0.0,26.0
7178,32,0.41935483870967744,115.75
7179,45,0.5111111111111111,215.75555555555556
7180,90,0.33782771535580525,392.0888888888889
7181,4,0.16666666666666666,42.0
7182,12,0.4696969696969697,19.5
7183,283,0.187980853569907,202.57597173144876
7184,68,0.38366988586479367,90.61764705882354
7185,16,0.15,33.125
7186,21,0.3142857142857143,157.76190476190476
7187,4,0.3333333333333333,20.0
7188,22,0.36363636363636365,31.363636363636363
7189,1,0.0,5.0
7190,261,0.41954022988505746,567.2988505747127
7191,3,0.3333333333333333,6.666666666666667
7192,4,1.0,16.25
7193,509,0.3189208421638847,534.7406679764243
7194,48,0.424645390070922,107.29166666666667
7195,6,0.7333333333333333,14.833333333333334
7196,43,0.26245847176079734,67.0
7197,196,0.3065410779696494,184.67857142857142
7198,60,0.3282485875706215,109.2
7199,30,0.3839080459770115,162.9
7200,6,0.2,31.5
7201,72,0.4945226917057903,176.61111111111111
7202,86,0.3439124487004104,160.0581395348837
7203,20,0.3,77.65
7204,7,0.09523809523809523,35.285714285714285
7205,32,0.3487903225806452,52.78125
7206,1,0.0,37.0
7207,34,0.14795008912655971,53.38235294117647
7208,2,0.0,25.5
7209,0,0.0,0.0
7210,6,0.4666666666666667,32.0
7211,0,0.0,0.0
7212,0,0.0,0.0
7213,8,0.4642857142857143,231.0
7214,38,0.5419630156472262,127.0
7215,22,0.329004329004329,79.0
7216,15,0.41904761904761906,116.53333333333333
7217,4,0.16666666666666666,10.0
7218,6,0.4,23.166666666666668
7219,9,0.5555555555555556,25.22222222222222
7220,5,0.2,28.2
7221,2,0.0,9.5
7222,6,0.4,5.166666666666667
7223,40,0.44358974358974357,232.75
7224,24,0.427536231884058,26.208333333333332
7225,336,0.30549040511727077,472.9970238095238
7226,47,0.482886216466235,413.7659574468085
7227,0,0.0,0.0
7228,116,0.5245877061469265,375.2844827586207
7229,6,0.2,31.0
7230,1,0.0,11.0
7231,13,0.28205128205128205,58.53846153846154
7232,4,0.8333333333333334,216.75
7233,0,0.0,0.0
7234,38,0.2901849217638691,104.86842105263158
7235,28,0.1349206349206349,37.17857142857143
7236,182,0.486612834679133,438.7692307692308
7237,12,0.15151515151515152,45.0
7238,24,0.3442028985507246,66.375
7239,36,0.21587301587301588,93.52777777777777
7240,16,0.16666666666666666,43.5625
7241,240,0.22862622036262203,164.13333333333333
7242,4,0.16666666666666666,25.25
7243,10,0.24444444444444444,22.6
7244,2,0.0,2.5
7245,2,1.0,2.5
7246,14,0.2967032967032967,115.21428571428571
7247,0,0.0,0.0
7248,0,0.0,0.0
7249,41,0.2280487804878049,43.707317073170735
7250,30,0.2045977011494253,46.46666666666667
7251,161,0.7497670807453416,701.416149068323
7252,650,0.4321299039943108,649.8507692307692
7253,9,0.4166666666666667,105.44444444444444
7254,0,0.0,0.0
7255,0,0.0,0.0
7256,6,0.2,57.166666666666664
7257,1,0.0,23.0
7258,0,0.0,0.0
7259,10,0.2,35.4
7260,17,0.41911764705882354,41.411764705882355
7261,9,0.1388888888888889,30.11111111111111
7262,42,0.7224157955865272,255.04761904761904
7263,46,0.463768115942029,380.4130434782609
7264,5,0.3,64.4
7265,1219,0.2851323664313396,553.4889253486464
7266,73,0.2073820395738204,75.65753424657534
7267,167,0.4139672462304307,552.311377245509
7268,7,0.23809523809523808,58.57142857142857
7269,30,0.4045977011494253,261.8333333333333
7270,74,0.37060348019252126,139.2972972972973
7271,477,0.28950196430773567,375.2683438155136
7272,165,0.27649667405764966,165.72727272727272
7273,129,0.34265988372093026,154.89147286821705
7274,24,0.3115942028985507,112.79166666666667
7275,2,0.0,10.0
7276,553,0.4254789422648531,604.75226039783
7277,1,0.0,75.0
7278,4,0.8333333333333334,10.5
7279,14,0.4945054945054945,282.07142857142856
7280,1,0.0,1.0
7281,113,0.19421618204804045,119.15044247787611
7282,4,0.5,6.0
7283,6,0.4666666666666667,36.666666666666664
7284,37,0.3888888888888889,82.8108108108108
7285,2,0.0,9.0
7286,3,1.0,88.33333333333333
7287,22,0.30735930735930733,140.9090909090909
7288,241,0.549896265560166,283.2863070539419
7289,5,0.6,19.6
7290,6,0.3333333333333333,69.33333333333333
7291,18,0.4117647058823529,64.83333333333333
7292,1,0.0,3.0
7293,36,0.3952380952380952,129.52777777777777
7294,112,0.47924710424710426,555.3303571428571
7295,142,0.5349115972430326,577.1901408450705
7296,18,0.39215686274509803,100.33333333333333
7297,251,0.4879043824701195,521.0478087649402
7298,17,0.5073529411764706,48.05882352941177
7299,1,0.0,4.0
7300,619,0.36779229470228103,576.6930533117932
7301,1,0.0,6.0
7302,15,0.3523809523809524,122.4
7303,25,0.35333333333333333,45.64
7304,78,0.4811854811854812,444.7564102564103
7305,55,0.17845117845117844,76.87272727272727
7306,0,0.0,0.0
7307,0,0.0,0.0
7308,2,1.0,232.5
7309,38,0.49786628733997157,77.3157894736842
7310,27,0.17094017094017094,49.48148148148148
7311,340,0.44261669269477705,372.1
7312,330,0.5060882380031316,292.26969696969695
7313,90,0.519350811485643,472.5
7314,0,0.0,0.0
7315,50,0.2416326530612245,65.4
7316,111,0.390990990990991,130.7927927927928
7317,15,0.3904761904761905,102.8
7318,2,0.0,32.5
7319,74,0.16734542761940022,80.58108108108108
7320,49,0.5255102040816326,207.3673469387755
7321,1,0.0,6.0
7322,8,0.25,14.5
7323,2,0.0,22.5
7324,2,0.0,3.5
7325,24,0.7028985507246377,307.7083333333333
7326,56,0.31493506493506496,149.35714285714286
7327,19,0.4327485380116959,309.5263157894737
7328,13,0.38461538461538464,76.07692307692308
7329,4,0.5,51.0
7330,246,0.3734196117471379,536.5325203252032
7331,3,0.3333333333333333,19.0
7332,44,0.5158562367864693,407.1136363636364
7333,187,0.260019550342131,194.97326203208556
7334,1,0.0,43.0
7335,4,0.5,57.75
7336,237,0.2780519201888007,154.0210970464135
7337,168,0.5631593954947248,613.5714285714286
7338,545,0.3037439287641662,550.8715596330276
7339,12,0.24242424242424243,34.833333333333336
7340,29,0.21182266009852216,163.89655172413794
7341,4,0.3333333333333333,19.0
7342,18,0.1437908496732026,24.944444444444443
7343,13,0.38461538461538464,20.0
7344,53,0.24383164005805516,124.33962264150944
7345,4,0.3333333333333333,14.5
7346,72,0.25078247261345854,240.43055555555554
7347,3,0.3333333333333333,36.666666666666664
7348,18,0.21568627450980393,32.94444444444444
7349,3,0.3333333333333333,117.66666666666667
7350,3,0.0,54.0
7351,6,0.06666666666666667,45.5
7352,44,0.23784355179704017,85.79545454545455
7353,297,0.47618072618072615,468.96632996632997
7354,1,0.0,2.0
7355,6,0.4666666666666667,8.166666666666666
7356,214,0.3267517879864859,178.2289719626168
7357,18,0.43790849673202614,131.11111111111111
7358,41,0.27195121951219514,89.2439024390244
7359,473,0.4603235747303544,584.6257928118393
7360,55,0.30033670033670035,142.01818181818183
7361,2,1.0,66.0
7362,43,0.18604651162790697,93.13953488372093
7363,29,0.22167487684729065,71.89655172413794
7364,0,0.0,0.0
7365,78,0.1471861471861472,66.7948717948718
7366,1,0.0,3.0
7367,1,0.0,30.0
7368,49,0.26700680272108845,59.326530612244895
7369,36,0.4031746031746032,160.75
7370,7,0.19047619047619047,94.85714285714286
7371,87,0.43651430098904037,439.2183908045977
7372,12,0.15151515151515152,19.25
7373,179,0.22697884627455903,128.6927374301676
7374,3,0.3333333333333333,26.0
7375,2,1.0,12.5
7376,67,0.3337856173677069,136.49253731343285
7377,637,0.32489164025552164,555.5133437990581
7378,91,0.4141636141636142,157.12087912087912
7379,58,0.37326073805202664,224.3793103448276
7380,19,0.19298245614035087,61.473684210526315
7381,74,0.2898926323583858,99.47297297297297
7382,55,0.2545454545454545,143.14545454545456
7383,4,0.16666666666666666,18.0
7384,30,0.2367816091954023,140.23333333333332
7385,33,0.29734848484848486,180.27272727272728
7386,7,0.38095238095238093,61.857142857142854
7387,6,0.2,93.33333333333333
7388,28,0.335978835978836,71.25
7389,5,0.7,77.0
7390,0,0.0,0.0
7391,18,0.35294117647058826,110.22222222222223
7392,8,0.21428571428571427,10.75
7393,35,0.4403361344537815,209.0
7394,0,0.0,0.0
7395,57,0.2675438596491228,130.82456140350877
7396,262,0.2740779737357784,334.86641221374043
7397,21,0.17142857142857143,23.0
7398,82,0.5414031918096959,338.3780487804878
7399,5,0.3,50.4
7400,55,0.24377104377104378,73.25454545454545
7401,3,0.6666666666666666,9.333333333333334
7402,31,0.22795698924731184,43.87096774193548
7403,1,0.0,27.0
7404,29,0.26354679802955666,68.48275862068965
7405,5,0.7,39.6
7406,35,0.22016806722689075,93.88571428571429
7407,13,0.2692307692307692,73.53846153846153
7408,4,1.0,322.25
7409,2,1.0,20.0
7410,44,0.2463002114164905,58.88636363636363
7411,9,0.3333333333333333,76.33333333333333
7412,23,0.4980237154150198,170.7826086956522
7413,596,0.4163104167841633,560.8036912751678
7414,5,0.4,60.0
7415,15,0.1523809523809524,35.6
7416,1,0.0,4.0
7417,56,0.24415584415584415,105.75
7418,0,0.0,0.0
7419,182,0.1940380061927023,142.74725274725276
7420,0,0.0,0.0
7421,0,0.0,0.0
7422,2,1.0,82.0
7423,72,0.25586854460093894,93.66666666666667
7424,116,0.2557721139430285,118.52586206896552
7425,6,0.26666666666666666,16.166666666666668
7426,4,0.5,37.25
7427,19,0.6666666666666666,36.73684210526316
7428,38,0.4879089615931721,138.0
7429,2,0.0,28.5
7430,7,0.19047619047619047,13.571428571428571
7431,2,0.0,26.0
7432,401,0.5190523690773068,586.1870324189526
7433,8,0.17857142857142858,13.75
7434,20,0.2,24.2
7435,97,0.30519759450171824,162.8041237113402
7436,1,0.0,5.0
7437,8,0.14285714285714285,26.75
7438,0,0.0,0.0
7439,40,0.2358974358974359,77.175
7440,2,0.0,19.0
7441,2,1.0,26.0
7442,6,0.26666666666666666,27.666666666666668
7443,90,0.37852684144818977,429.76666666666665
7444,1,0.0,1.0
7445,419,0.5447122905984858,633.0286396181384
7446,0,0.0,0.0
7447,3,0.6666666666666666,168.33333333333334
7448,24,0.4855072463768116,34.666666666666664
7449,12,0.2878787878787879,53.666666666666664
7450,0,0.0,0.0
7451,675,0.3562193647653588,553.2192592592593
7452,46,0.4,150.67391304347825
7453,57,0.2462406015037594,272.0701754385965
7454,19,0.22807017543859648,35.78947368421053
7455,45,0.22323232323232323,67.4888888888889
7456,10,0.2,18.3
7457,41,0.21097560975609755,90.39024390243902
7458,51,0.20392156862745098,84.58823529411765
7459,21,0.23809523809523808,58.523809523809526
7460,1,0.0,18.0
7461,270,0.21280462618752582,145.25185185185185
7462,0,0.0,0.0
7463,0,0.0,0.0
7464,2,1.0,15.0
7465,6,0.26666666666666666,11.5
7466,84,0.33247274813539873,83.96428571428571
7467,0,0.0,0.0
7468,1,0.0,1.0
7469,30,0.19540229885057472,53.13333333333333
7470,34,0.27450980392156865,41.0
7471,22,0.33766233766233766,54.18181818181818
7472,27,0.2535612535612536,33.2962962962963
7473,91,0.45567765567765567,387.15384615384613
7474,52,0.38763197586727,279.0769230769231
7475,0,0.0,0.0
7476,0,0.0,0.0
7477,0,0.0,0.0
7478,1,0.0,1.0
7479,0,0.0,0.0
7480,244,0.1863320515415233,134.55327868852459
7481,142,0.45100389571471383,501.7887323943662
7482,22,0.24242424242424243,55.36363636363637
7483,339,0.4195597912412072,608.6548672566372
7484,7,0.2857142857142857,84.14285714285714
7485,10,0.5111111111111111,371.0
7486,3,0.3333333333333333,3.3333333333333335
7487,74,0.26619770455386893,168.7027027027027
7488,2,0.0,6.0
7489,0,0.0,0.0
7490,2,1.0,75.5
7491,3,0.0,92.66666666666667
7492,367,0.45743809651434614,596.291553133515
7493,38,0.19772403982930298,39.526315789473685
7494,434,0.3594363618948287,542.6244239631336
7495,2,0.0,10.0
7496,29,0.229064039408867,54.41379310344828
7497,13,0.47435897435897434,55.23076923076923
7498,6,0.06666666666666667,19.333333333333332
7499,27,0.4301994301994302,167.14814814814815
7500,124,0.2112509834775767,141.93548387096774
7501,277,0.38170355255585203,489.43682310469313
7502,654,0.3980920803068407,591.1498470948012
7503,6,0.26666666666666666,32.5
7504,12,0.2878787878787879,50.083333333333336
7505,45,0.4131313131313131,215.2888888888889
7506,0,0.0,0.0
7507,28,0.1693121693121693,74.60714285714286
7508,0,0.0,0.0
7509,487,0.3536390600045631,473.6139630390144
7510,200,0.27080402010050253,140.005
7511,483,0.35212150889581884,512.6915113871636
7512,3,0.6666666666666666,132.33333333333334
7513,50,0.14122448979591837,33.7
7514,24,0.2210144927536232,71.95833333333333
7515,102,0.24480683362453892,137.7941176470588
7516,70,0.1937888198757764,70.51428571428572
7517,23,0.17391304347826086,29.73913043478261
7518,188,0.5114347479804301,421.0904255319149
7519,7,0.23809523809523808,22.714285714285715
7520,17,0.20588235294117646,98.6470588235294
7521,13,0.5,230.07692307692307
7522,48,0.32180851063829785,138.58333333333334
7523,0,0.0,0.0
7524,16,0.7166666666666667,44.125
7525,74,0.2180673824509441,114.93243243243244
7526,54,0.4556254367575122,402.1111111111111
7527,156,0.23341604631927212,125.66025641025641
7528,10,0.15555555555555556,16.9
7529,11,0.41818181818181815,72.36363636363636
7530,18,0.6601307189542484,139.5
7531,89,0.19330949948927478,191.0
7532,96,0.19407894736842105,104.33333333333333
7533,298,0.5196483854201975,521.5604026845638
7534,62,0.3358011634056055,188.09677419354838
7535,17,0.125,65.23529411764706
7536,39,0.38191632928475033,165.0
7537,7,0.19047619047619047,23.0
7538,3,0.6666666666666666,42.333333333333336
7539,1,0.0,200.0
7540,6,0.4666666666666667,55.833333333333336
7541,265,0.42830188679245285,534.7924528301887
7542,563,0.2710125598123929,442.24333925399645
7543,9,0.25,19.88888888888889
7544,111,0.3747747747747748,155.84684684684686
7545,67,0.1718679330619629,46.59701492537314
7546,9,0.08333333333333333,25.333333333333332
7547,5,0.2,3.6
7548,0,0.0,0.0
7549,1,0.0,14.0
7550,36,0.3492063492063492,74.88888888888889
7551,27,0.3817663817663818,77.07407407407408
7552,29,0.3866995073891626,102.20689655172414
7553,3,0.0,32.0
7554,49,0.4166666666666667,346.3265306122449
7555,21,0.19047619047619047,42.76190476190476
7556,15,0.12380952380952381,16.133333333333333
7557,77,0.3113465481886534,134.6883116883117
7558,21,0.4666666666666667,39.04761904761905
7559,2,0.0,66.0
7560,374,0.28699230118564606,480.9652406417112
7561,8,0.7142857142857143,20.75
7562,315,0.4548175108684663,527.6063492063493
7563,980,0.3140480707093869,573.8979591836735
7564,81,0.2820987654320988,145.76543209876544
7565,19,0.6023391812865497,102.57894736842105
7566,51,0.15764705882352942,187.66666666666666
7567,2,0.0,46.0
7568,2,0.0,3.0
7569,2,0.0,11.5
7570,20,0.1,65.9
7571,84,0.4480780263912794,386.1309523809524
7572,0,0.0,0.0
7573,234,0.3187704046073145,426.65384615384613
7574,4,0.3333333333333333,42.25
7575,177,0.40376219825372367,418.361581920904
7576,6,0.4666666666666667,96.66666666666667
7577,553,0.3007115339256231,512.2188065099458
7578,0,0.0,0.0
7579,0,0.0,0.0
7580,29,0.5369458128078818,186.68965517241378
7581,3,0.3333333333333333,5.666666666666667
7582,170,0.36066829098503306,254.72941176470587
7583,56,0.2701298701298701,82.875
7584,36,0.3904761904761905,259.02777777777777
7585,9,0.4444444444444444,38.666666666666664
7586,15,0.3523809523809524,142.6
7587,15,0.20952380952380953,45.53333333333333
7588,80,0.2981012658227848,150.9375
7589,16,0.36666666666666664,86.9375
7590,0,0.0,0.0
7591,3,0.0,10.666666666666666
7592,0,0.0,0.0
7593,0,0.0,0.0
7594,27,0.4586894586894587,190.55555555555554
7595,222,0.25302678243854715,212.19819819819818
7596,7,0.42857142857142855,63.714285714285715
7597,508,0.4150165400922518,508.63385826771656
7598,1,0.0,13.0
7599,4,0.16666666666666666,17.75
7600,25,0.17666666666666667,33.92
7601,37,0.42342342342342343,181.6216216216216
7602,5,0.2,42.2
7603,169,0.5415610030994646,567.4970414201183
7604,152,0.7077378877657721,398.8092105263158
7605,324,0.3877231204372587,543.6141975308642
7606,6,0.3333333333333333,18.333333333333332
7607,121,0.16584022038567492,117.14049586776859
7608,8,0.35714285714285715,46.0
7609,6,0.5333333333333333,69.16666666666667
7610,64,0.40922619047619047,141.3125
7611,145,0.21839080459770116,110.73793103448276
7612,7,0.19047619047619047,28.0
7613,1,0.0,1.0
7614,16,0.3416666666666667,75.25
7615,24,0.13405797101449277,41.875
7616,12,0.4090909090909091,34.0
7617,264,0.2821177555017859,172.9431818181818
7618,1,0.0,3.0
7619,67,0.18000904568068749,78.07462686567165
7620,3,0.3333333333333333,33.333333333333336
7621,33,0.24242424242424243,19.939393939393938
7622,339,0.11033146567523695,222.43952802359883
7623,51,0.2572549019607843,94.7843137254902
7624,7,0.7619047619047619,98.71428571428571
7625,2,0.0,145.0
7626,1,0.0,23.0
7627,50,0.1893877551020408,92.96
7628,0,0.0,0.0
7629,10,0.4222222222222222,33.5
7630,329,0.3073059529987397,433.84802431610944
7631,5,0.9,11.0
7632,0,0.0,0.0
7633,43,0.6600221483942414,464.6744186046512
7634,13,0.38461538461538464,41.61538461538461
7635,1,0.0,10.0
7636,19,0.3508771929824561,53.0
7637,0,0.0,0.0
7638,25,0.41333333333333333,62.2
7639,98,0.6602146013044393,362.3775510204082
7640,433,0.3068920537165341,507.64896073903003
7641,195,0.5381971979910124,685.9487179487179
7642,39,0.6855600539811066,649.2564102564103
7643,4,0.3333333333333333,52.0
7644,24,0.19927536231884058,165.33333333333334
7645,17,0.4117647058823529,59.588235294117645
7646,101,0.23524752475247523,99.60396039603961
7647,0,0.0,0.0
7648,17,0.11764705882352941,32.23529411764706
7649,459,0.43714739656172996,591.7952069716775
7650,7,0.5238095238095238,50.42857142857143
7651,779,0.2984282136151087,521.2143774069319
7652,60,0.23672316384180792,56.266666666666666
7653,780,0.3447483624633817,550.9769230769231
7654,5,0.4,72.2
7655,267,0.20979414829207851,142.97003745318352
7656,1,0.0,2.0
7657,45,0.1808080808080808,89.37777777777778
7658,27,0.4672364672364672,106.4074074074074
7659,95,0.187010078387458,101.8
7660,4,0.3333333333333333,23.25
7661,9,0.3333333333333333,17.333333333333332
7662,20,0.3,54.35
7663,101,0.3083168316831683,123.93069306930693
7664,218,0.4915655519384433,402.651376146789
7665,68,0.3994732221246708,165.83823529411765
7666,33,0.4981060606060606,135.45454545454547
7667,56,0.2331168831168831,114.64285714285714
7668,119,0.3402649195271329,133.8235294117647
7669,0,0.0,0.0
7670,102,0.20073772083090663,108.2843137254902
7671,0,0.0,0.0
7672,10,0.28888888888888886,175.3
7673,1471,0.23080416394974032,515.0999320190347
7674,8,0.2857142857142857,31.875
7675,7,0.47619047619047616,34.857142857142854
7676,3,0.3333333333333333,10.333333333333334
7677,49,0.179421768707483,34.89795918367347
7678,0,0.0,0.0
7679,59,0.20514319111630624,59.66101694915254
7680,3,0.3333333333333333,25.0
7681,0,0.0,0.0
7682,12,0.4090909090909091,163.83333333333334
7683,20,0.3894736842105263,74.55
7684,37,0.466966966966967,149.75675675675674
7685,40,0.5423076923076923,367.625
7686,366,0.39800883299648177,565.827868852459
7687,5,0.3,9.2
7688,132,0.49733981031690955,540.4318181818181
7689,3,1.0,77.0
7690,32,0.3185483870967742,86.96875
7691,8,0.42857142857142855,12.625
7692,406,0.2998601228486286,439.6847290640394
7693,206,0.4938195595548189,540.2961165048544
7694,82,0.40439626618488406,343.7682926829268
7695,0,0.0,0.0
7696,23,0.11857707509881422,34.26086956521739
7697,2,0.0,5.0
7698,26,0.27076923076923076,116.5
7699,238,0.540084388185654,563.5588235294117
7700,164,0.42563220110728717,509.0060975609756
7701,177,0.46449666153055985,467.1638418079096
7702,8,0.25,21.875
7703,1,0.0,4.0
7704,21,0.4095238095238095,64.0952380952381
7705,160,0.13459119496855346,96.89375
7706,400,0.30665413533834585,452.4475
7707,0,0.0,0.0
7708,1,0.0,2.0
7709,337,0.5062879751307051,289.5014836795252
7710,84,0.43775100401606426,139.48809523809524
7711,28,0.37037037037037035,148.89285714285714
7712,23,0.3201581027667984,59.04347826086956
7713,29,0.27832512315270935,64.06896551724138
7714,1,0.0,33.0
7715,0,0.0,0.0
7716,59,0.4950321449444769,428.4406779661017
7717,108,0.21547248182762202,254.34259259259258
7718,2,0.0,3.5
7719,73,0.3839421613394216,187.27397260273972
7720,7,0.38095238095238093,94.28571428571429
7721,0,0.0,0.0
7722,12,0.3484848484848485,111.66666666666667
7723,33,0.4564393939393939,438.3939393939394
7724,184,0.2837966262770254,256.9076086956522
7725,9,0.2222222222222222,40.22222222222222
7726,66,0.19393939393939394,69.27272727272727
7727,78,0.5128205128205128,187.42307692307693
7728,111,0.4497952497952498,383.15315315315314
7729,17,0.4264705882352941,193.41176470588235
7730,292,0.285835333992374,363.58561643835617
7731,15,0.4095238095238095,102.6
7732,448,0.40152604666027486,596.9441964285714
7733,8,0.5357142857142857,455.625
7734,13,0.23076923076923078,34.61538461538461
7735,107,0.2932463410333275,145.2710280373832
7736,64,0.2286706349206349,168.359375
7737,726,0.38597511161774484,608.6763085399449
7738,3,0.3333333333333333,3.0
7739,212,0.44102655816864883,427.70754716981133
7740,286,0.3599803705066863,493.7307692307692
7741,35,0.17142857142857143,107.68571428571428
7742,94,0.3559826126744452,179.45744680851064
7743,23,0.6245059288537549,395.60869565217394
7744,497,0.3864071525929772,522.6760563380282
7745,78,0.3752913752913753,416.79487179487177
7746,174,0.6578964852833699,341.9425287356322
7747,37,0.4144144144144144,96.83783783783784
7748,4,0.16666666666666666,57.5
7749,0,0.0,0.0
7750,8,0.6785714285714286,102.25
7751,1,0.0,11.0
7752,2,0.0,6.0
7753,1,0.0,65.0
7754,3,0.3333333333333333,6.666666666666667
7755,4,0.3333333333333333,39.0
7756,375,0.3362139037433155,453.83733333333333
7757,59,0.5692577440093513,436.76271186440675
7758,91,0.32551892551892553,137.95604395604394
7759,0,0.0,0.0
7760,20,0.18947368421052632,65.9
7761,8,0.32142857142857145,55.0
7762,282,0.4431993134953686,419.9503546099291
7763,6,0.8,36.833333333333336
7764,6,0.13333333333333333,56.166666666666664
7765,59,0.31502045587375804,202.15254237288136
7766,61,0.4486338797814208,300.0
7767,3,0.3333333333333333,5.0
7768,7,0.38095238095238093,58.42857142857143
7769,57,0.2111528822055138,72.73684210526316
7770,670,0.4079066550654798,569.8746268656716
7771,1,0.0,34.0
7772,223,0.44980406415383994,462.41255605381167
7773,12,0.6060606060606061,53.75
7774,1,0.0,7.0
7775,140,0.14645426515930113,92.06428571428572
7776,0,0.0,0.0
7777,11,0.3090909090909091,261.8181818181818
7778,800,0.3806633291614518,609.025
7779,347,0.34167346870783427,395.7377521613833
7780,0,0.0,0.0
7781,1,0.0,240.0
7782,0,0.0,0.0
7783,4,0.5,19.25
7784,74,0.18659755646057016,131.71621621621622
7785,0,0.0,0.0
7786,2,1.0,617.0
7787,44,0.19556025369978858,76.81818181818181
7788,20,0.25263157894736843,43.75
7789,1,0.0,16.0
7790,19,0.25146198830409355,61.21052631578947
7791,40,0.3269230769230769,92.9
7792,3,0.3333333333333333,19.666666666666668
7793,273,0.5906054729584141,281.42490842490844
7794,1,0.0,23.0
7795,4,0.3333333333333333,39.75
7796,4,0.3333333333333333,89.5
7797,33,0.39015151515151514,102.9090909090909
7798,18,0.13071895424836602,17.666666666666668
7799,31,0.578494623655914,199.2258064516129
7800,1,0.0,1.0
7801,62,0.23585404547858277,72.2741935483871
7802,18,0.13725490196078433,107.44444444444444
7803,0,0.0,0.0
7804,0,0.0,0.0
7805,405,0.49273927392739275,665.7086419753086
7806,19,0.23391812865497075,64.26315789473684
7807,0,0.0,0.0
7808,0,0.0,0.0
7809,102,0.33818675985245583,190.65686274509804
7810,2,1.0,21.5
7811,1,0.0,45.0
7812,578,0.33921428699933437,526.4896193771626
7813,227,0.35542473977622707,385.59911894273125
7814,6,0.26666666666666666,26.833333333333332
7815,3,0.0,10.666666666666666
7816,178,0.36037580143464737,334.14606741573033
7817,58,0.21113127646702964,89.63793103448276
7818,9,0.05555555555555555,11.555555555555555
7819,0,0.0,0.0
7820,3,0.3333333333333333,4.0
7821,8,0.42857142857142855,67.5
7822,24,0.38768115942028986,34.541666666666664
7823,45,0.3565656565656566,86.86666666666666
7824,27,0.4358974358974359,120.81481481481481
7825,84,0.3482501434308663,123.44047619047619
7826,60,0.4977401129943503,526.7166666666667
7827,2,0.0,63.0
7828,19,0.1695906432748538,85.42105263157895
7829,8,0.14285714285714285,70.125
7830,0,0.0,0.0
7831,53,0.2844702467343977,173.47169811320754
7832,119,0.2968238142714713,173.35294117647058
7833,27,0.32763532763532766,89.62962962962963
7834,8,0.03571428571428571,29.5
7835,7,0.047619047619047616,37.857142857142854
7836,0,0.0,0.0
7837,174,0.5002989834562488,527.3275862068965
7838,0,0.0,0.0
7839,10,0.6888888888888889,22.4
7840,3,1.0,169.33333333333334
7841,7,0.19047619047619047,58.57142857142857
7842,10,0.4888888888888889,13.0
7843,7,0.19047619047619047,59.57142857142857
7844,7,0.3333333333333333,62.714285714285715
7845,16,0.24166666666666667,198.625
7846,18,0.3137254901960784,37.833333333333336
7847,35,0.24033613445378152,47.68571428571428
7848,231,0.5454545454545454,638.030303030303
7849,30,0.3793103448275862,376.73333333333335
7850,212,0.40771707055351875,420.89150943396226
7851,97,0.19995704467353953,96.70103092783505
7852,8,0.17857142857142858,111.25
7853,609,0.3584338000172846,610.927750410509
7854,28,0.1931216931216931,45.285714285714285
7855,98,0.5886808331580055,440.1326530612245
7856,77,0.6527682843472317,331.4025974025974
7857,27,0.23931623931623933,75.70370370370371
7858,92,0.30912565695174393,134.4891304347826
7859,645,0.40200780008666764,633.970542635659
7860,11,0.4727272727272727,389.54545454545456
7861,86,0.5898768809849522,623.7325581395348
7862,569,0.3148159607911087,538.7557117750439
7863,48,0.17553191489361702,137.45833333333334
7864,45,0.30505050505050507,222.84444444444443
7865,42,0.4645760743321719,334.8809523809524
7866,4,0.3333333333333333,37.0
7867,16,0.19166666666666668,34.5
7868,1,0.0,4.0
7869,4,0.16666666666666666,28.75
7870,59,0.3337229690239626,127.72881355932203
7871,111,0.6049140049140049,607.1531531531532
7872,12,0.6060606060606061,99.5
7873,0,0.0,0.0
7874,9,0.6666666666666666,448.6666666666667
7875,27,0.21367521367521367,44.81481481481482
7876,4,0.16666666666666666,34.75
7877,53,0.1676342525399129,100.62264150943396
7878,8,0.10714285714285714,24.0
7879,0,0.0,0.0
7880,107,0.3845882560394992,369.32710280373834
7881,29,0.43103448275862066,75.89655172413794
7882,2,0.0,16.5
7883,50,0.3469387755102041,106.06
7884,278,0.46066540269589384,515.4640287769785
7885,1,0.0,115.0
7886,0,0.0,0.0
7887,2,0.0,26.5
7888,31,0.43655913978494626,47.96774193548387
7889,5,0.2,23.8
7890,74,0.46427249166975193,311.4594594594595
7891,68,0.199297629499561,84.16176470588235
7892,44,0.3118393234672304,81.0
7893,47,0.37835337650323775,159.2127659574468
7894,615,0.3263790683509441,535.1739837398374
7895,159,0.6094260011145609,622.1635220125786
7896,406,0.46007419570637964,554.256157635468
7897,24,0.14492753623188406,28.583333333333332
7898,13,0.32051282051282054,28.46153846153846
7899,0,0.0,0.0
7900,73,0.1967275494672755,117.15068493150685
7901,29,0.4236453201970443,154.13793103448276
7902,9,0.1388888888888889,18.22222222222222
7903,2,0.0,17.5
7904,7,0.42857142857142855,24.285714285714285
7905,642,0.39186726347558576,623.5856697819314
7906,7,0.14285714285714285,38.142857142857146
7907,87,0.15690991713445604,209.90804597701148
7908,40,0.4846153846153846,104.625
7909,7,0.09523809523809523,82.14285714285714
7910,1,0.0,4.0
7911,102,0.31275480489225393,215.54901960784315
7912,6,0.2,14.333333333333334
7913,25,0.36,75.36
7914,237,0.5818851462490167,575.5738396624473
7915,106,0.5015274034141959,529.311320754717
7916,86,0.3392612859097127,144.02325581395348
7917,64,0.4642857142857143,111.296875
7918,38,0.4751066856330014,75.73684210526316
7919,206,0.5281079801089273,440.6116504854369
7920,3,0.6666666666666666,51.333333333333336
7921,77,0.49760765550239233,229.98701298701297
7922,17,0.125,24.88235294117647
7923,67,0.15151515151515152,95.85074626865672
7924,167,0.32905273789769857,438.874251497006
7925,16,0.3333333333333333,32.8125
7926,8,0.6785714285714286,289.25
7927,848,0.30882860707045956,528.0058962264151
7928,203,0.6186411744622738,508.30541871921184
7929,75,0.22846846846846847,79.53333333333333
7930,1,0.0,19.0
7931,35,0.24705882352941178,128.68571428571428
7932,126,0.5127619047619048,509.7142857142857
7933,24,0.5543478260869565,456.75
7934,2,0.0,75.5
7935,51,0.44784313725490194,299.6666666666667
7936,51,0.5066666666666667,370.3137254901961
7937,2,1.0,3.0
7938,717,0.3617766453955416,607.7670850767086
7939,3,0.3333333333333333,8.666666666666666
7940,12,0.2727272727272727,42.083333333333336
7941,36,0.37142857142857144,145.66666666666666
7942,46,0.17198067632850242,53.108695652173914
7943,1,0.0,33.0
7944,566,0.37999312048531847,552.8409893992933
7945,4,0.16666666666666666,118.25
7946,30,0.18620689655172415,45.266666666666666
7947,2,0.0,39.5
7948,62,0.405076679005817,72.11290322580645
7949,39,0.17408906882591094,51.8974358974359
7950,6,0.4666666666666667,54.666666666666664
7951,416,0.4089434661723818,329.13461538461536
7952,22,0.2510822510822511,145.6818181818182
7953,98,0.5438670313486219,602.3877551020408
7954,52,0.4962292609351433,426.9807692307692
7955,11,0.4,86.36363636363636
7956,391,0.39851793560233456,507.1227621483376
7957,256,0.4322916666666667,499.1015625
7958,7,0.19047619047619047,3.4285714285714284
7959,0,0.0,0.0
7960,1,0.0,9.0
7961,102,0.3156668608037274,304.84313725490193
7962,17,0.23529411764705882,47.8235294117647
7963,25,0.4633333333333333,59.16
7964,120,0.38235294117647056,171.65
7965,12,0.4090909090909091,87.33333333333333
7966,36,0.2968253968253968,23.944444444444443
7967,36,0.45714285714285713,163.0
7968,542,0.40235043755243466,604.0553505535055
7969,21,0.3619047619047619,24.761904761904763
7970,141,0.5689969604863222,304.07092198581563
7971,572,0.40056091019313433,563.4737762237762
7972,9,0.3611111111111111,50.22222222222222
7973,37,0.484984984984985,131.16216216216216
7974,3,0.3333333333333333,169.0
7975,57,0.287593984962406,95.57894736842105
7976,40,0.2512820512820513,234.025
7977,11,0.21818181818181817,37.90909090909091
7978,185,0.6472385428907168,602.6054054054053
7979,149,0.4037729004171957,427.248322147651
7980,0,0.0,0.0
7981,5,0.4,32.6
7982,15,0.05714285714285714,40.733333333333334
7983,163,0.317352116943119,149.1840490797546
7984,50,0.3363265306122449,429.18
7985,21,0.1523809523809524,27.333333333333332
7986,0,0.0,0.0
7987,7,0.6666666666666666,79.0
7988,13,0.1794871794871795,17.692307692307693
7989,5,0.0,15.0
7990,55,0.35824915824915826,274.3090909090909
7991,2,1.0,12.5
7992,24,0.5978260869565217,501.75
7993,689,0.4246675329935532,620.911465892598
7994,19,0.3508771929824561,113.36842105263158
7995,44,0.273784355179704,70.47727272727273
7996,2,0.0,59.0
7997,226,0.21392330383480826,315.76106194690266
7998,42,0.26364692218350755,92.16666666666667
7999,204,0.15932579928523133,90.18137254901961
8000,606,0.3976215803398522,624.7211221122112
8001,3,0.0,1.6666666666666667
8002,10,0.4444444444444444,154.4
8003,20,0.30526315789473685,44.35
8004,202,0.2253583567311955,308.08910891089107
8005,585,0.44607188853764196,622.582905982906
8006,3,0.0,60.0
8007,3,0.6666666666666666,12.0
8008,9,0.19444444444444445,22.444444444444443
8009,195,0.728152260111023,313.07179487179485
8010,5,0.3,24.6
8011,355,0.32313201241346384,478.37464788732393
8012,91,0.2605616605616606,249.63736263736263
8013,68,0.47673397717295873,259.5735294117647
8014,470,0.3595427119720546,600.968085106383
8015,5,0.2,144.8
8016,199,0.6093599309679711,328.60804020100505
8017,0,0.0,0.0
8018,8,0.4642857142857143,35.375
8019,41,0.3719512195121951,347.7560975609756
8020,0,0.0,0.0
8021,38,0.3186344238975818,121.36842105263158
8022,17,0.40441176470588236,66.23529411764706
8023,34,0.3850267379679144,308.5
8024,1,0.0,64.0
8025,48,0.1870567375886525,46.9375
8026,16,0.4,25.25
8027,19,0.23976608187134502,80.10526315789474
8028,490,0.4168356913317474,621.1244897959184
8029,178,0.4556592395099346,510.4550561797753
8030,7,0.14285714285714285,60.142857142857146
8031,14,0.4835164835164835,54.5
8032,3,0.0,29.0
8033,8,0.10714285714285714,17.375
8034,954,0.34132750818885965,575.1740041928721
8035,33,0.26136363636363635,174.03030303030303
8036,5,0.3,98.4
8037,22,0.29004329004329005,66.04545454545455
8038,219,0.1890578526245235,112.53424657534246
8039,714,0.31483336672677487,526.3319327731092
8040,18,0.7973856209150327,338.1111111111111
8041,3,0.6666666666666666,40.0
8042,49,0.17517006802721088,106.87755102040816
8043,1,0.0,30.0
8044,21,0.1380952380952381,27.857142857142858
8045,23,0.1541501976284585,44.91304347826087
8046,43,0.29900332225913623,61.395348837209305
8047,40,0.39487179487179486,93.8
8048,98,0.42478434672838206,154.33673469387756
8049,27,0.21367521367521367,55.74074074074074
8050,0,0.0,0.0
8051,16,0.31666666666666665,45.625
8052,21,0.4,44.42857142857143
8053,170,0.29655412460842323,163.3294117647059
8054,46,0.2898550724637681,60.130434782608695
8055,154,0.5970630676513029,454.46753246753246
8056,41,0.23780487804878048,110.09756097560975
8057,49,0.3596938775510204,180.75510204081633
8058,146,0.5628719886632026,392.6506849315069
8059,3,0.3333333333333333,16.333333333333332
8060,84,0.4965576592082616,257.32142857142856
8061,1,0.0,52.0
8062,225,0.44297619047619047,289.1688888888889
8063,45,0.29494949494949496,116.44444444444444
8064,66,0.5916083916083916,537.030303030303
8065,0,0.0,0.0
8066,116,0.19370314842578712,123.69827586206897
8067,109,0.6698946653075093,390.5963302752294
8068,34,0.5329768270944741,112.41176470588235
8069,21,0.2714285714285714,64.61904761904762
8070,10,0.35555555555555557,18.1
8071,0,0.0,0.0
8072,72,0.2805164319248826,104.18055555555556
8073,34,0.11942959001782531,38.3235294117647
8074,10,0.4444444444444444,115.7
8075,12,0.2878787878787879,35.416666666666664
8076,1,0.0,2.0
8077,236,0.20641904075009015,314.27542372881356
8078,10,0.5555555555555556,71.2
8079,27,0.3333333333333333,117.51851851851852
8080,0,0.0,0.0
8081,56,0.2422077922077922,194.55357142857142
8082,138,0.4855601396382101,605.7608695652174
8083,0,0.0,0.0
8084,25,0.2,42.64
8085,6,0.26666666666666666,73.66666666666667
8086,9,0.05555555555555555,18.88888888888889
8087,165,0.5267553584626755,366.5939393939394
8088,17,0.19852941176470587,46.470588235294116
8089,2,0.0,7.5
8090,3,0.3333333333333333,7.666666666666667
8091,2,0.0,25.5
8092,551,0.36937139085959414,585.5916515426497
8093,1,0.0,14.0
8094,7,0.42857142857142855,92.57142857142857
8095,45,0.2727272727272727,69.37777777777778
8096,103,0.46373500856653344,406.66990291262135
8097,67,0.3441881501582994,94.17910447761194
8098,0,0.0,0.0
8099,14,0.2967032967032967,84.92857142857143
8100,95,0.4132138857782755,425.4526315789474
8101,85,0.2529411764705882,79.62352941176471
8102,1,0.0,2.0
8103,124,0.4129294518751639,287.4274193548387
8104,73,0.2762557077625571,52.657534246575345
8105,78,0.34065934065934067,350.14102564102564
8106,3,0.3333333333333333,13.333333333333334
8107,30,0.30114942528735633,88.2
8108,93,0.2540906965871903,101.82795698924731
8109,108,0.18778123918310835,145.87962962962962
8110,5,0.9,17.8
8111,2,0.0,2.0
8112,8,0.25,43.0
8113,112,0.2765444015444015,98.13392857142857
8114,11,0.16363636363636364,49.27272727272727
8115,18,0.24183006535947713,44.94444444444444
8116,42,0.3077816492450639,80.35714285714286
8117,16,0.5333333333333333,28.75
8118,2,1.0,13.0
8119,1,0.0,6.0
8120,3,0.3333333333333333,39.0
8121,14,0.4835164835164835,93.85714285714286
8122,0,0.0,0.0
8123,53,0.33962264150943394,107.9245283018868
8124,50,0.29551020408163264,134.9
8125,43,0.5160575858250277,73.30232558139535
8126,6,0.26666666666666666,48.833333333333336
8127,3,0.3333333333333333,259.3333333333333
8128,9,0.3611111111111111,248.33333333333334
8129,254,0.43552955090099904,489.18503937007875
8130,0,0.0,0.0
8131,3,0.3333333333333333,140.33333333333334
8132,5,0.0,12.6
8133,23,0.5019762845849802,113.78260869565217
8134,50,0.5959183673469388,240.66
8135,36,0.36984126984126986,357.19444444444446
8136,15,0.2571428571428571,29.466666666666665
8137,0,0.0,0.0
8138,11,0.14545454545454545,35.09090909090909
8139,40,0.15897435897435896,49.275
8140,0,0.0,0.0
8141,4,0.5,24.25
8142,1,0.0,8.0
8143,0,0.0,0.0
8144,10,0.24444444444444444,36.3
8145,6,0.3333333333333333,28.5
8146,544,0.35344897627559313,563.9761029411765
8147,24,0.38768115942028986,84.875
8148,22,0.33766233766233766,68.22727272727273
8149,32,0.26814516129032256,39.34375
8150,2,1.0,136.5
8151,13,0.23076923076923078,73.46153846153847
8152,11,0.23636363636363636,61.18181818181818
8153,36,0.3952380952380952,143.41666666666666
8154,1,0.0,6.0
8155,2,0.0,9.0
8156,0,0.0,0.0
8157,8,0.35714285714285715,23.0
8158,266,0.2895446162576252,155.25187969924812
8159,904,0.22643058046433226,454.2986725663717
8160,1,0.0,1.0
8161,1,0.0,18.0
8162,0,0.0,0.0
8163,15,0.3333333333333333,106.6
8164,19,0.6491228070175439,99.52631578947368
8165,36,0.45714285714285713,458.8888888888889
8166,1,0.0,66.0
8167,804,0.3503032781298985,572.9216417910447
8168,33,0.26515151515151514,44.63636363636363
8169,57,0.3458646616541353,155.7719298245614
8170,4,0.3333333333333333,110.25
8171,1,0.0,27.0
8172,3,1.0,86.33333333333333
8173,262,0.34114240589628847,494.1679389312977
8174,322,0.4584276620034442,483.0869565217391
8175,68,0.2528533801580334,76.47058823529412
8176,2,1.0,6.0
8177,118,0.4490801100970592,431.54237288135596
8178,1,0.0,9.0
8179,213,0.5495615200637789,557.6338028169014
8180,12,0.24242424242424243,55.333333333333336
8181,92,0.6103678929765887,636.5869565217391
8182,26,0.11384615384615385,20.884615384615383
8183,6,0.06666666666666667,14.833333333333334
8184,255,0.4220472440944882,530.9450980392157
8185,29,0.7684729064039408,276.7586206896552
8186,5,0.3,4.8
8187,4,0.16666666666666666,28.5
8188,11,0.14545454545454545,112.9090909090909
8189,3,1.0,8.0
8190,60,0.2887005649717514,188.13333333333333
8191,39,0.16059379217273953,49.205128205128204
8192,1,0.0,31.0
8193,31,0.13333333333333333,53.58064516129032
8194,114,0.40350877192982454,160.0438596491228
8195,8,0.39285714285714285,60.125
8196,121,0.48856749311294767,450.5289256198347
8197,326,0.570703161868806,573.3343558282209
8198,3,0.6666666666666666,11.0
8199,18,0.27450980392156865,103.0
8200,21,0.29523809523809524,49.95238095238095
8201,29,0.28078817733990147,80.58620689655173
8202,119,0.45406637231163655,324.14285714285717
8203,9,0.19444444444444445,51.333333333333336
8204,14,0.17582417582417584,14.428571428571429
8205,276,0.4309881422924901,483.15579710144925
8206,148,0.1929582643868358,242.18243243243242
8207,126,0.21917460317460316,140.484126984127
8208,3,1.0,114.0
8209,404,0.46295113382305975,612.3193069306931
8210,0,0.0,0.0
8211,18,0.11764705882352941,33.388888888888886
8212,0,0.0,0.0
8213,26,0.24307692307692308,64.42307692307692
8214,2,1.0,56.5
8215,110,0.2658882402001668,116.95454545454545
8216,3,0.3333333333333333,47.0
8217,78,0.22477522477522477,80.6923076923077
8218,1,0.0,27.0
8219,4,0.8333333333333334,133.0
8220,75,0.26594594594594595,68.37333333333333
8221,0,0.0,0.0
8222,1107,0.29902755929307334,549.0605239385727
8223,4,0.3333333333333333,53.0
8224,292,0.3635785905945488,332.2054794520548
8225,4,0.16666666666666666,9.25
8226,15,0.14285714285714285,94.53333333333333
8227,152,0.4674973858487278,566.6447368421053
8228,84,0.3663224325874928,140.95238095238096
8229,53,0.40783744557329465,56.9811320754717
8230,13,0.16666666666666666,37.0
8231,23,0.31620553359683795,65.1304347826087
8232,166,0.6579773640014603,456.355421686747
8233,94,0.8263555250514756,435.6063829787234
8234,153,0.22514619883040934,146.4967320261438
8235,96,0.5721491228070176,533.6875
8236,155,0.4019271051529116,262.30967741935484
8237,80,0.44462025316455694,361.55
8238,41,0.2731707317073171,47.68292682926829
8239,0,0.0,0.0
8240,28,0.2037037037037037,21.428571428571427
8241,256,0.34154411764705883,375.87109375
8242,14,0.17582417582417584,76.71428571428571
8243,6,0.13333333333333333,48.666666666666664
8244,36,0.3746031746031746,90.19444444444444
8245,361,0.43307171437365344,556.8781163434903
8246,0,0.0,0.0
8247,11,0.07272727272727272,8.636363636363637
8248,0,0.0,0.0
8249,3,0.6666666666666666,54.333333333333336
8250,3,0.6666666666666666,65.0
8251,1,0.0,26.0
8252,291,0.35926057589761823,481.9037800687285
8253,0,0.0,0.0
8254,0,0.0,0.0
8255,0,0.0,0.0
8256,350,0.3235693819074908,464.19428571428574
8257,3,0.3333333333333333,25.333333333333332
8258,2,0.0,15.0
8259,1,0.0,8.0
8260,69,0.23955669224211423,76.40579710144928
8261,10,0.13333333333333333,26.7
8262,72,0.29538341158059467,128.40277777777777
8263,1,0.0,41.0
8264,1081,0.2689279473738308,541.1008325624422
8265,726,0.3365859219150755,544.3911845730028
8266,0,0.0,0.0
8267,50,0.5959183673469388,306.7
8268,20,0.20526315789473684,23.05
8269,18,0.1830065359477124,167.83333333333334
8270,31,0.2946236559139785,157.74193548387098
8271,13,0.19230769230769232,57.30769230769231
8272,0,0.0,0.0
8273,42,0.454123112659698,52.976190476190474
8274,1,0.0,1.0
8275,0,0.0,0.0
8276,12,0.36363636363636365,71.16666666666667
8277,19,0.3684210526315789,105.57894736842105
8278,96,0.18969298245614036,61.760416666666664
8279,17,0.5294117647058824,87.41176470588235
8280,0,0.0,0.0
8281,13,0.2692307692307692,14.153846153846153
8282,387,0.396768017565704,281.8268733850129
8283,11,0.4909090909090909,30.181818181818183
8284,109,0.26146788990825687,137.86238532110093
8285,5,0.1,7.0
8286,62,0.4510840824960338,286.30645161290323
8287,23,0.3241106719367589,90.8695652173913
8288,1,0.0,1.0
8289,47,0.2719703977798335,58.38297872340426
8290,122,0.3639073296301314,154.69672131147541
8291,0,0.0,0.0
8292,40,0.38846153846153847,105.175
8293,59,0.19579193454120397,79.57627118644068
8294,56,0.18571428571428572,86.80357142857143
8295,38,0.1379800853485064,133.42105263157896
8296,191,0.33094516395701296,405.12041884816756
8297,14,0.21978021978021978,25.214285714285715
8298,439,0.45226282231306103,611.8018223234624
8299,937,0.3591613532915561,602.153681963714
8300,17,0.4485294117647059,27.58823529411765
8301,26,0.7630769230769231,170.1153846153846
8302,471,0.3710168496182861,560.6475583864119
8303,92,0.41256569517439085,474.6521739130435
8304,155,0.5509844993715961,445.18064516129033
8305,85,0.17282913165266106,83.71764705882353
8306,95,0.1921612541993281,118.50526315789473
8307,160,0.1721698113207547,139.70625
8308,6,0.3333333333333333,27.833333333333332
8309,2,0.0,7.0
8310,0,0.0,0.0
8311,5,0.0,208.0
8312,1,0.0,7.0
8313,39,0.40350877192982454,87.35897435897436
8314,21,0.4666666666666667,253.04761904761904
8315,23,0.20553359683794467,38.43478260869565
8316,3,0.0,16.0
8317,24,0.17753623188405798,91.625
8318,6,0.2,92.66666666666667
8319,1,0.0,94.0
8320,0,0.0,0.0
8321,2,0.0,3.5
8322,39,0.3184885290148448,96.82051282051282
8323,6,0.4,33.666666666666664
8324,30,0.3425287356321839,99.46666666666667
8325,17,0.25,235.35294117647058
8326,9,0.05555555555555555,34.111111111111114
8327,1,0.0,58.0
8328,1,0.0,33.0
8329,75,0.49045045045045044,174.62666666666667
8330,11,0.16363636363636364,45.27272727272727
8331,86,0.3813953488372093,132.38372093023256
8332,462,0.33678902442459924,436.03679653679654
8333,195,0.6274914089347079,714.9897435897436
8334,91,0.33357753357753356,204.30769230769232
8335,3,0.3333333333333333,33.333333333333336
8336,1,0.0,21.0
8337,3,0.0,31.0
8338,46,0.2531400966183575,114.1086956521739
8339,472,0.39032530857533554,500.21822033898303
8340,246,0.3419279907084785,484.5325203252033
8341,76,0.30140350877192984,295.1578947368421
8342,3,0.0,24.333333333333332
8343,63,0.4116743471582181,271.07936507936506
8344,9,0.6388888888888888,16.0
8345,43,0.3909191583610188,138.90697674418604
8346,0,0.0,0.0
8347,178,0.27766139782898497,196.93820224719101
8348,2,0.0,12.0
8349,29,0.26108374384236455,107.44827586206897
8350,8,0.2857142857142857,69.5
8351,0,0.0,0.0
8352,0,0.0,0.0
8353,17,0.08823529411764706,33.0
8354,17,0.11029411764705882,22.823529411764707
8355,15,0.3523809523809524,21.866666666666667
8356,0,0.0,0.0
8357,139,0.3224898342195809,128.0431654676259
8358,0,0.0,0.0
8359,286,0.545552692921114,288.4160839160839
8360,26,0.41846153846153844,110.8076923076923
8361,155,0.33581901968998745,386.0838709677419
8362,27,0.32763532763532766,118.70370370370371
8363,20,0.19473684210526315,31.85
8364,299,0.5674171174608875,592.5250836120401
8365,24,0.427536231884058,135.125
8366,20,0.45263157894736844,51.65
8367,7,0.5238095238095238,55.857142857142854
8368,23,0.6758893280632411,319.7391304347826
8369,20,0.37894736842105264,77.55
8370,13,0.15384615384615385,38.61538461538461
8371,4,0.16666666666666666,54.75
8372,12,0.7878787878787878,161.25
8373,32,0.2721774193548387,98.5625
8374,158,0.2012416350882851,203.06962025316454
8375,20,0.33157894736842103,43.05
8376,67,0.22161917684305743,73.13432835820896
8377,49,0.3231292517006803,156.69387755102042
8378,392,0.4088548462863406,565.7857142857143
8379,23,0.2845849802371542,115.6086956521739
8380,0,0.0,0.0
8381,0,0.0,0.0
8382,138,0.7176557706548186,499.28985507246375
8383,2,0.0,3.0
8384,5,0.0,9.8
8385,150,0.5898881431767338,265.2133333333333
8386,26,0.5753846153846154,392.2692307692308
8387,26,0.36923076923076925,62.65384615384615
8388,89,0.37461695607763024,381.9325842696629
8389,234,0.3825611679688933,458.8162393162393
8390,102,0.21646282275286352,126.43137254901961
8391,34,0.2281639928698752,65.88235294117646
8392,301,0.5676854928017718,602.4651162790698
8393,149,0.363141665155088,173.00671140939596
8394,36,0.28888888888888886,58.833333333333336
8395,4,0.8333333333333334,20.5
8396,38,0.5206258890469416,177.89473684210526
8397,7,0.3333333333333333,111.85714285714286
8398,20,0.28421052631578947,96.0
8399,45,0.7434343434343434,227.26666666666668
8400,78,0.21178821178821178,114.97435897435898
8401,174,0.5709919606670653,274.64367816091954
8402,81,0.25925925925925924,247.65432098765433
8403,1,0.0,234.0
8404,25,0.30666666666666664,67.92
8405,3,0.0,6.666666666666667
8406,24,0.18115942028985507,57.25
8407,4,0.0,16.5
8408,11,0.32727272727272727,32.63636363636363
8409,47,0.513413506012951,142.5531914893617
8410,14,0.46153846153846156,43.5
8411,22,0.2857142857142857,79.95454545454545
8412,90,0.3340823970037453,76.5
8413,46,0.6,498.95652173913044
8414,21,0.23333333333333334,77.28571428571429
8415,20,0.33157894736842103,73.9
8416,6,0.3333333333333333,13.333333333333334
8417,0,0.0,0.0
8418,1,0.0,2.0
8419,2,0.0,14.0
8420,19,0.4269005847953216,71.42105263157895
8421,33,0.3939393939393939,176.36363636363637
8422,0,0.0,0.0
8423,1,0.0,15.0
8424,44,0.2854122621564482,81.11363636363636
8425,63,0.5596518177163339,641.4761904761905
8426,342,0.2783179845998182,432.7953216374269
8427,424,0.36712163789642716,279.875
8428,7,0.3333333333333333,22.857142857142858
8429,32,0.532258064516129,291.5
8430,0,0.0,0.0
8431,264,0.49138725659638205,634.9090909090909
8432,487,0.29215571948859653,485.1622176591376
8433,84,0.4868043602983362,442.3809523809524
8434,190,0.3746588693957115,438.16315789473686
8435,181,0.42467771639042357,307.9226519337017
8436,18,0.3660130718954248,100.27777777777777
8437,36,0.4238095238095238,423.72222222222223
8438,0,0.0,0.0
8439,3,0.0,71.66666666666667
8440,10,0.3333333333333333,125.9
8441,75,0.3823423423423423,144.22666666666666
8442,2,0.0,25.0
8443,16,0.6333333333333333,241.3125
8444,1010,0.28064645909586006,527.6673267326732
8445,185,0.39112808460634546,457.6108108108108
8446,3,0.3333333333333333,36.0
8447,162,0.225979602791197,171.7962962962963
8448,28,0.1984126984126984,121.28571428571429
8449,6,0.6666666666666666,497.6666666666667
8450,627,0.388466810360202,559.4880382775119
8451,2,0.0,13.0
8452,1,0.0,1.0
8453,43,0.27353266888150607,158.3953488372093
8454,5,0.5,50.2
8455,4,0.5,28.5
8456,100,0.2771717171717172,147.6
8457,10,0.3111111111111111,87.7
8458,0,0.0,0.0
8459,16,0.25833333333333336,25.25
8460,17,0.6911764705882353,147.76470588235293
8461,19,0.23391812865497075,44.21052631578947
8462,1068,0.19687492321570857,452.0355805243446
8463,703,0.3735841104262157,569.9786628733997
8464,29,0.3916256157635468,161.10344827586206
8465,3,0.3333333333333333,26.666666666666668
8466,0,0.0,0.0
8467,0,0.0,0.0
8468,0,0.0,0.0
8469,0,0.0,0.0
8470,9,0.16666666666666666,12.88888888888889
8471,46,0.3516908212560386,93.15217391304348
8472,182,0.302410296885435,175.32967032967034
8473,16,0.3,41.0625
8474,40,0.3858974358974359,139.1
8475,29,0.4630541871921182,148.41379310344828
8476,111,0.26912366912366914,150.23423423423424
8477,59,0.5365283459964932,173.38983050847457
8478,44,0.26004228329809725,164.22727272727272
8479,15,0.6666666666666666,146.13333333333333
8480,39,0.33468286099865047,192.89743589743588
8481,0,0.0,0.0
8482,10,0.2,63.9
8483,63,0.27752176139272916,166.0
8484,1110,0.23005060967189012,481.36126126126123
8485,1,0.0,25.0
8486,0,0.0,0.0
8487,68,0.5557506584723442,400.63235294117646
8488,99,0.17625231910946196,227.65656565656565
8489,54,0.09154437456324249,85.22222222222223
8490,19,0.39766081871345027,116.15789473684211
8491,0,0.0,0.0
8492,18,0.43790849673202614,55.72222222222222
8493,0,0.0,0.0
8494,4,0.3333333333333333,233.5
8495,16,0.4,84.5
8496,87,0.15771184175354183,88.82758620689656
8497,6,0.3333333333333333,65.16666666666667
8498,318,0.5360593615459397,498.05974842767296
8499,44,0.2526427061310782,67.75
8500,34,0.3850267379679144,179.38235294117646
8501,52,0.5663650075414781,172.1346153846154
8502,0,0.0,0.0
8503,0,0.0,0.0
8504,318,0.15602245898061623,135.374213836478
8505,3,1.0,58.333333333333336
8506,1,0.0,1.0
8507,824,0.2499115242600479,487.87985436893206
8508,106,0.21940700808625338,106.08490566037736
8509,1,0.0,24.0
8510,542,0.36836935837010865,606.4077490774907
8511,9,0.4444444444444444,50.111111111111114
8512,67,0.3473541383989145,208.07462686567163
8513,37,0.5135135135135135,285.56756756756755
8514,4,0.8333333333333334,15.75
8515,24,0.4673913043478261,32.333333333333336
8516,104,0.42625093353248694,183.22115384615384
8517,21,0.2857142857142857,28.80952380952381
8518,65,0.46778846153846154,172.30769230769232
8519,1,0.0,22.0
8520,28,0.4365079365079365,142.53571428571428
8521,14,0.23076923076923078,34.214285714285715
8522,1,0.0,9.0
8523,8,0.21428571428571427,75.75
8524,0,0.0,0.0
8525,92,0.2940754897276636,212.34782608695653
8526,13,0.10256410256410256,26.846153846153847
8527,102,0.23975927004465153,148.9313725490196
8528,148,0.2744989887847031,218.48648648648648
8529,31,0.5591397849462365,169.80645161290323
8530,34,0.6096256684491979,475.1470588235294
8531,0,0.0,0.0
8532,3,0.3333333333333333,5.333333333333333
8533,8,0.32142857142857145,46.0
8534,65,0.16105769230769232,131.92307692307693
8535,1,0.0,2.0
8536,60,0.28192090395480224,86.01666666666667
8537,3,0.3333333333333333,168.0
8538,3,1.0,182.66666666666666
8539,4,0.3333333333333333,21.75
8540,166,0.41861993428258487,499.6024096385542
8541,42,0.19628339140534262,66.14285714285714
8542,13,0.10256410256410256,38.84615384615385
8543,26,0.052307692307692305,51.57692307692308
8544,11,0.2909090909090909,43.45454545454545
8545,7,0.0,25.0
8546,47,0.5365402405180388,156.48936170212767
8547,1,0.0,1.0
8548,60,0.4288135593220339,135.03333333333333
8549,2,0.0,4.5
8550,440,0.4060571546904121,543.175
8551,0,0.0,0.0
8552,2,0.0,11.5
8553,0,0.0,0.0
8554,8,0.6428571428571429,151.75
8555,21,0.3952380952380952,47.095238095238095
8556,42,0.6190476190476191,503.8095238095238
8557,118,0.658699116326235,381.0593220338983
8558,0,0.0,0.0
8559,4,0.3333333333333333,77.0
8560,12,0.18181818181818182,55.916666666666664
8561,20,0.6105263157894737,262.1
8562,1,0.0,12.0
8563,23,0.5573122529644269,30.47826086956522
8564,0,0.0,0.0
8565,261,0.18458591217211906,122.68582375478927
8566,21,0.2761904761904762,94.14285714285714
8567,110,0.609674728940784,499.3909090909091
8568,191,0.6068889501240011,517.0366492146596
8569,0,0.0,0.0
8570,0,0.0,0.0
8571,363,0.4011384563870752,333.80716253443524
8572,1,0.0,4.0
8573,15,0.22857142857142856,40.266666666666666
8574,44,0.2536997885835095,119.02272727272727
8575,26,0.3569230769230769,51.92307692307692
8576,39,0.349527665317139,134.74358974358975
8577,46,0.18743961352657004,69.3695652173913
8578,155,0.16196062002513614,102.49032258064516
8579,0,0.0,0.0
8580,16,0.25833333333333336,112.0625
8581,179,0.47260059004456717,539.2290502793296
8582,0,0.0,0.0
8583,8,0.4642857142857143,57.0
8584,110,0.09858215179316097,68.96363636363637
8585,199,0.6406273793208467,304.75879396984925
8586,102,0.24927198602213163,125.58823529411765
8587,1,0.0,33.0
8588,0,0.0,0.0
8589,8,0.25,77.375
8590,33,0.17992424242424243,75.51515151515152
8591,530,0.37444805079002746,573.6792452830189
8592,13,0.5,82.53846153846153
8593,0,0.0,0.0
8594,19,0.26900584795321636,47.473684210526315
8595,0,0.0,0.0
8596,64,0.30952380952380953,229.03125
8597,32,0.25,29.1875
8598,45,0.2080808080808081,66.77777777777777
8599,139,0.43488687311020746,296.1870503597122
8600,53,0.3098693759071118,49.75471698113208
8601,2,1.0,4.5
8602,2,0.0,1.0
8603,0,0.0,0.0
8604,3,0.0,8.0
8605,0,0.0,0.0
8606,12,0.4696969696969697,70.16666666666667
8607,12,0.4090909090909091,331.25
8608,18,0.28104575163398693,94.11111111111111
8609,1,0.0,2.0
8610,1,0.0,175.0
8611,239,0.5554305404170036,534.2175732217573
8612,2,0.0,8.0
8613,594,0.29211167322465803,467.93097643097644
8614,318,0.4748923675178065,525.3427672955975
8615,0,0.0,0.0
8616,6,0.0,36.833333333333336
8617,9,0.4166666666666667,83.11111111111111
8618,1,0.0,51.0
8619,2,0.0,9.0
8620,22,0.4025974025974026,126.0
8621,209,0.5788093485461907,607.4114832535885
8622,1,0.0,18.0
8623,12,0.42424242424242425,48.083333333333336
8624,379,0.34909466571735703,454.4221635883905
8625,283,0.4235771746485227,443.0530035335689
8626,35,0.3126050420168067,104.97142857142858
8627,181,0.3178637200736648,158.45303867403314
8628,80,0.34715189873417723,125.9875
8629,3,0.6666666666666666,16.0
8630,34,0.30124777183600715,189.7941176470588
8631,3,0.0,76.66666666666667
8632,9,0.3333333333333333,46.0
8633,15,0.1523809523809524,103.8
8634,3,0.3333333333333333,8.333333333333334
8635,16,0.3333333333333333,19.25
8636,32,0.20967741935483872,89.125
8637,36,0.21587301587301588,35.94444444444444
8638,20,0.3473684210526316,149.65
8639,2,1.0,12.5
8640,2,0.0,5.5
8641,2,0.0,13.0
8642,16,0.275,42.125
8643,34,0.12121212121212122,51.588235294117645
8644,16,0.6583333333333333,160.9375
8645,68,0.1453028972783143,40.0735294117647
8646,151,0.33306843267108166,294.07284768211923
8647,19,0.0935672514619883,41.10526315789474
8648,1,0.0,32.0
8649,12,0.24242424242424243,61.333333333333336
8650,7,0.19047619047619047,12.0
8651,2,0.0,6.0
8652,22,0.38961038961038963,81.95454545454545
8653,117,0.3798997936928971,397.8888888888889
8654,45,0.32323232323232326,65.64444444444445
8655,73,0.3496955859969559,142.0958904109589
8656,15,0.2571428571428571,36.13333333333333
8657,7,0.3333333333333333,40.857142857142854
8658,105,0.1401098901098901,66.33333333333333
8659,0,0.0,0.0
8660,206,0.16689557186834003,149.73300970873785
8661,82,0.4257753688647998,179.28048780487805
8662,78,0.3513153513153513,129.56410256410257
8663,3,0.3333333333333333,80.33333333333333
8664,272,0.26321358801823314,160.8125
8665,18,0.3464052287581699,24.0
8666,9,0.16666666666666666,19.77777777777778
8667,109,0.4303431872239212,231.11926605504587
8668,20,0.3473684210526316,159.75
8669,34,0.36185383244206776,119.47058823529412
8670,285,0.2670373115888312,391.2140350877193
8671,153,0.21775025799793601,109.51633986928104
8672,432,0.49466142476583314,557.9444444444445
8673,1,0.0,8.0
8674,7,0.38095238095238093,94.85714285714286
8675,276,0.5677206851119895,277.04347826086956
8676,18,0.26143790849673204,89.05555555555556
8677,8,0.35714285714285715,172.75
8678,5,0.5,41.8
8679,175,0.3519211822660099,404.3885714285714
8680,10,0.17777777777777778,31.7
8681,45,0.3181818181818182,70.84444444444445
8682,706,0.403399433427762,596.6175637393768
8683,320,0.44727664576802506,562.425
8684,135,0.6049751243781094,310.55555555555554
8685,102,0.5346534653465347,443.22549019607845
8686,32,0.18346774193548387,36.875
8687,0,0.0,0.0
8688,0,0.0,0.0
8689,279,0.4619272324076223,546.2831541218638
8690,0,0.0,0.0
8691,119,0.33243127759578406,134.9075630252101
8692,34,0.31194295900178254,84.23529411764706
8693,55,0.20067340067340067,139.03636363636363
8694,31,0.17849462365591398,128.2258064516129
8695,9,0.4722222222222222,46.77777777777778
8696,7,0.6666666666666666,68.71428571428571
8697,9,0.3055555555555556,44.666666666666664
8698,219,0.26764693561224917,174.0365296803653
8699,205,0.18450502152080345,300.9707317073171
8700,5,0.0,22.2
8701,1,0.0,18.0
8702,2,0.0,5.0
8703,5,0.5,98.4
8704,119,0.15239994302805868,179.2436974789916
8705,2,0.0,196.0
8706,5,0.1,30.2
8707,9,0.3055555555555556,171.66666666666666
8708,16,0.20833333333333334,18.3125
8709,121,0.4012396694214876,367.12396694214874
8710,15,0.41904761904761906,77.0
8711,14,0.06593406593406594,23.785714285714285
8712,25,0.33,68.64
8713,45,0.295959595959596,86.44444444444444
8714,19,0.4093567251461988,39.0
8715,174,0.45319247890505615,530.919540229885
8716,0,0.0,0.0
8717,0,0.0,0.0
8718,457,0.4581269914392107,544.6652078774617
8719,12,0.3939393939393939,96.66666666666667
8720,0,0.0,0.0
8721,25,0.5233333333333333,74.0
8722,8,0.10714285714285714,77.0
8723,121,0.29710743801652895,132.47107438016528
8724,10,0.28888888888888886,37.3
8725,21,0.14761904761904762,64.0
8726,25,0.21,37.08
8727,3,0.6666666666666666,15.333333333333334
8728,2,0.0,3.0
8729,3,0.6666666666666666,36.666666666666664
8730,33,0.24053030303030304,68.63636363636364
8731,0,0.0,0.0
8732,3,0.0,6.666666666666667
8733,16,0.275,50.875
8734,216,0.4862618432385874,534.5972222222222
8735,1,0.0,2.0
8736,33,0.16856060606060605,46.27272727272727
8737,32,0.5463709677419355,86.4375
8738,3,0.0,10.666666666666666
8739,285,0.4243143068939956,397.41052631578947
8740,27,0.23931623931623933,100.0
8741,1,0.0,5.0
8742,9,0.1111111111111111,15.333333333333334
8743,1,0.0,8.0
8744,22,0.3203463203463203,196.54545454545453
8745,397,0.09104902933618299,94.78841309823677
8746,1,0.0,5.0
8747,39,0.1700404858299595,59.82051282051282
8748,176,0.47259740259740257,434.4488636363636
8749,105,0.35201465201465204,448.18095238095236
8750,3,0.6666666666666666,14.333333333333334
8751,33,0.19696969696969696,105.24242424242425
8752,75,0.12864864864864864,81.62666666666667
8753,41,0.1573170731707317,104.4390243902439
8754,25,0.3433333333333333,100.72
8755,33,0.1875,49.93939393939394
8756,88,0.3508359456635319,161.10227272727272
8757,1,0.0,12.0
8758,23,0.42292490118577075,35.21739130434783
8759,20,0.46842105263157896,68.55
8760,44,0.3372093023255814,148.0909090909091
8761,319,0.5136925533802567,597.9592476489029
8762,37,0.25225225225225223,57.08108108108108
8763,1,0.0,154.0
8764,282,0.17614396405946342,169.0886524822695
8765,62,0.24219989423585406,95.19354838709677
8766,1,0.0,12.0
8767,360,0.28268337975858865,417.51944444444445
8768,161,0.2951863354037267,150.85093167701862
8769,139,0.19487019080387863,124.89928057553956
8770,1,0.0,12.0
8771,47,0.3940795559666975,251.68085106382978
8772,35,0.5042016806722689,483.0285714285714
8773,7,0.2857142857142857,104.85714285714286
8774,6,0.4,61.0
8775,14,0.2967032967032967,13.928571428571429
8776,3,0.0,2.0
8777,0,0.0,0.0
8778,2,1.0,6.0
8779,0,0.0,0.0
8780,10,0.26666666666666666,63.4
8781,16,0.09166666666666666,64.5
8782,0,0.0,0.0
8783,36,0.28095238095238095,76.02777777777777
8784,1271,0.2039351493337133,469.1959087332809
8785,1,0.0,1.0
8786,6,0.5333333333333333,59.166666666666664
8787,9,0.3055555555555556,24.444444444444443
8788,0,0.0,0.0
8789,28,0.5185185185185185,129.32142857142858
8790,52,0.20889894419306185,62.03846153846154
8791,72,0.2112676056338028,102.09722222222223
8792,5,0.4,171.2
8793,116,0.7674662668665667,311.75
8794,61,0.3513661202185792,227.55737704918033
8795,71,0.38551307847082494,150.22535211267606
8796,108,0.4157147802007615,459.4259259259259
8797,28,0.2830687830687831,34.107142857142854
8798,0,0.0,0.0
8799,45,0.43636363636363634,147.62222222222223
8800,0,0.0,0.0
8801,3,0.0,20.666666666666668
8802,29,0.27832512315270935,167.31034482758622
8803,66,0.40233100233100233,195.77272727272728
8804,234,0.3131213088294633,370.6752136752137
8805,16,0.375,88.75
8806,29,0.39655172413793105,93.27586206896552
8807,27,0.25071225071225073,113.44444444444444
8808,35,0.20336134453781513,89.88571428571429
8809,14,0.3516483516483517,99.28571428571429
8810,215,0.11775700934579439,64.2046511627907
8811,0,0.0,0.0
8812,72,0.22652582159624413,110.06944444444444
8813,2,0.0,2.0
8814,6,0.26666666666666666,13.333333333333334
8815,2,0.0,5.5
8816,1,0.0,1.0
8817,304,0.47652857391002257,648.1315789473684
8818,21,0.4380952380952381,121.0952380952381
8819,92,0.4472049689440994,192.2391304347826
8820,60,0.47005649717514125,120.28333333333333
8821,116,0.35817091454272865,160.92241379310346
8822,3,0.0,16.333333333333332
8823,0,0.0,0.0
8824,23,0.36363636363636365,301.8695652173913
8825,6,0.2,4.833333333333333
8826,221,0.5904154668860552,575.3891402714933
8827,155,0.44935064935064933,487.23870967741937
8828,1,0.0,1.0
8829,23,0.3675889328063241,111.91304347826087
8830,88,0.7108150470219435,501.1136363636364
8831,1,0.0,53.0
8832,0,0.0,0.0
8833,1,0.0,1.0
8834,1,0.0,1.0
8835,2,1.0,7.0
8836,4,0.3333333333333333,6.25
8837,5,0.2,18.6
8838,1,0.0,38.0
8839,11,0.41818181818181815,76.45454545454545
8840,313,0.44806258704022284,600.3258785942492
8841,3,0.3333333333333333,92.66666666666667
8842,28,0.29894179894179895,37.25
8843,211,0.19819453847889867,123.03317535545024
8844,7,0.14285714285714285,60.857142857142854
8845,14,0.37362637362637363,79.5
8846,28,0.16666666666666666,58.107142857142854
8847,0,0.0,0.0
8848,314,0.42921389471113736,470.52866242038215
8849,3,0.3333333333333333,26.333333333333332
8850,10,0.13333333333333333,36.9
8851,26,0.5169230769230769,229.96153846153845
8852,439,0.4275907261210098,610.5261958997722
8853,14,0.21978021978021978,65.07142857142857
8854,4,0.3333333333333333,28.25
8855,6,0.13333333333333333,49.666666666666664
8856,0,0.0,0.0
8857,32,0.2600806451612903,85.3125
8858,0,0.0,0.0
8859,2,1.0,3.5
8860,293,0.3026321941184721,331.2013651877133
8861,22,0.2597402597402597,95.77272727272727
8862,18,0.27450980392156865,58.333333333333336
8863,6,0.5333333333333333,27.666666666666668
8864,49,0.3401360544217687,208.22448979591837
8865,6,0.13333333333333333,53.0
8866,11,0.4909090909090909,111.27272727272727
8867,1,0.0,10.0
8868,29,0.31773399014778325,38.13793103448276
8869,368,0.37239367373533944,298.2717391304348
8870,0,0.0,0.0
8871,24,0.2753623188405797,72.58333333333333
8872,14,0.38461538461538464,133.57142857142858
8873,8,0.7142857142857143,32.25
8874,496,0.3671961550993809,558.5806451612904
8875,2,0.0,17.5
8876,307,0.2727001767047753,373.23778501628664
8877,3,0.6666666666666666,8.333333333333334
8878,1,0.0,14.0
8879,795,0.35420369754289244,580.0830188679246
8880,0,0.0,0.0
8881,303,0.324721876161126,536.2508250825083
8882,11,0.23636363636363636,81.27272727272727
8883,2,1.0,60.5
8884,85,0.7288515406162465,584.1294117647059
8885,17,0.3897058823529412,93.47058823529412
8886,442,0.3911923743856517,616.4615384615385
8887,1,0.0,60.0
8888,24,0.463768115942029,83.45833333333333
8889,36,0.5492063492063493,295.27777777777777
8890,43,0.20044296788482835,58.651162790697676
8891,49,0.2695578231292517,99.9795918367347
8892,0,0.0,0.0
8893,249,0.5884181888845705,616.4618473895582
8894,17,0.4117647058823529,32.529411764705884
8895,2,1.0,33.0
8896,1,0.0,2.0
8897,1035,0.2746876722824919,542.1623188405797
8898,6,0.6666666666666666,23.666666666666668
8899,67,0.6200814111261872,191.7910447761194
8900,1,0.0,25.0
8901,8,0.10714285714285714,29.375
8902,7,0.47619047619047616,52.285714285714285
8903,102,0.5876528829353523,589.7843137254902
8904,21,0.2857142857142857,77.76190476190476
8905,72,0.24491392801251957,134.69444444444446
8906,135,0.2685461580983969,142.66666666666666
8907,55,0.2175084175084175,103.63636363636364
8908,40,0.367948717948718,79.275
8909,24,0.1956521739130435,52.75
8910,5,0.3,19.2
8911,8,0.5357142857142857,31.0
8912,0,0.0,0.0
8913,126,0.16304761904761905,95.63492063492063
8914,239,0.22762912696459336,141.05020920502093
8915,455,0.3821948976133998,572.6923076923077
8916,5,0.3,23.8
8917,471,0.4318290644622126,635.9278131634819
8918,121,0.31900826446280994,134.8181818181818
8919,19,0.05847953216374269,41.94736842105263
8920,4,0.5,26.25
8921,5,0.4,30.0
8922,0,0.0,0.0
8923,2,1.0,17.5
8924,0,0.0,0.0
8925,0,0.0,0.0
8926,38,0.3812233285917496,158.6578947368421
8927,0,0.0,0.0
8928,48,0.20301418439716312,122.3125
8929,2,1.0,50.0
8930,3,0.3333333333333333,17.333333333333332
8931,54,0.23270440251572327,90.77777777777777
8932,20,0.37894736842105264,154.5
8933,233,0.31811454787627647,398.10729613733906
8934,117,0.1799292661361627,111.35042735042735
8935,245,0.3950150552024088,561.7551020408164
8936,59,0.5067212156633548,429.1186440677966
8937,20,0.22631578947368422,41.2
8938,13,0.3717948717948718,79.53846153846153
8939,4,0.6666666666666666,73.75
8940,5,0.2,9.2
8941,2,1.0,69.5
8942,4,0.16666666666666666,75.5
8943,7,0.14285714285714285,11.571428571428571
8944,4,0.0,4.25
8945,3,0.3333333333333333,2.3333333333333335
8946,2,0.0,70.5
8947,0,0.0,0.0
8948,0,0.0,0.0
8949,17,0.1323529411764706,49.23529411764706
8950,92,0.333731485905399,131.08695652173913
8951,394,0.2922979553351158,357.26142131979697
8952,6,0.4,85.5
8953,28,0.35714285714285715,71.85714285714286
8954,6,0.13333333333333333,7.166666666666667
8955,111,0.2525798525798526,115.17117117117117
8956,20,0.45789473684210524,106.4
8957,1,0.0,2.0
8958,24,0.48188405797101447,222.95833333333334
8959,1,0.0,4.0
8960,80,0.15031645569620253,165.1875
8961,0,0.0,0.0
8962,3,0.6666666666666666,39.333333333333336
8963,29,0.18472906403940886,223.10344827586206
8964,240,0.22778940027894004,169.1375
8965,31,0.3827956989247312,129.3548387096774
8966,0,0.0,0.0
8967,9,0.6111111111111112,97.33333333333333
8968,342,0.5551954176741952,637.7953216374269
8969,37,0.26576576576576577,134.24324324324326
8970,60,0.4655367231638418,234.2
8971,4,0.16666666666666666,13.0
8972,5,0.1,23.0
8973,132,0.23363405042794355,157.96969696969697
8974,8,0.21428571428571427,181.5
8975,72,0.21870109546165883,87.15277777777777
8976,20,0.4421052631578947,261.5
8977,28,0.30952380952380953,41.714285714285715
8978,110,0.4178482068390325,369.9
8979,477,0.38318975388897697,527.4213836477987
8980,32,0.5040322580645161,80.09375
8981,36,0.4603174603174603,383.6666666666667
8982,12,0.3484848484848485,33.583333333333336
8983,9,0.3055555555555556,59.44444444444444
8984,0,0.0,0.0
8985,0,0.0,0.0
8986,46,0.22801932367149758,120.97826086956522
8987,177,0.25661273754494096,136.40112994350284
8988,12,0.18181818181818182,19.833333333333332
8989,72,0.3075117370892019,113.38888888888889
8990,11,0.09090909090909091,43.63636363636363
8991,21,0.4714285714285714,404.14285714285717
8992,16,0.2833333333333333,38.0625
8993,66,0.22237762237762237,120.06060606060606
8994,268,0.4296215551456202,528.2574626865671
8995,34,0.26024955436720143,78.32352941176471
8996,40,0.29615384615384616,103.15
8997,3,0.3333333333333333,68.33333333333333
8998,5,0.2,6.6
8999,0,0.0,0.0
9000,398,0.36470766932901283,564.4924623115578
9001,45,0.17474747474747473,45.577777777777776
9002,154,0.21237585943468296,141.76623376623377
9003,276,0.6255072463768115,623.2536231884058
9004,5,1.0,19.6
9005,25,0.4,146.36
9006,13,0.2692307692307692,112.6923076923077
9007,1,0.0,30.0
9008,145,0.30277777777777776,261.6551724137931
9009,41,0.18292682926829268,106.78048780487805
9010,31,0.6688172043010753,191.67741935483872
9011,11,0.2909090909090909,95.72727272727273
9012,82,0.4074074074074074,282.6707317073171
9013,13,0.11538461538461539,36.76923076923077
9014,488,0.4404854074797186,609.1844262295082
9015,0,0.0,0.0
9016,14,0.25274725274725274,46.5
9017,15,0.19047619047619047,61.2
9018,1,0.0,1.0
9019,11,0.4,91.27272727272727
9020,25,0.13333333333333333,77.8
9021,40,0.33076923076923076,64.125
9022,11,0.16363636363636364,53.27272727272727
9023,588,0.2842598708989558,448.5238095238095
9024,28,0.2566137566137566,133.64285714285714
9025,174,0.38263238323035015,326.9022988505747
9026,152,0.34105960264900664,277.75657894736844
9027,1,0.0,6.0
9028,4,0.5,45.75
9029,0,0.0,0.0
9030,24,0.32971014492753625,55.625
9031,3,0.6666666666666666,25.333333333333332
9032,20,0.3368421052631579,72.3
9033,38,0.5092460881934566,249.3421052631579
9034,21,0.2523809523809524,87.57142857142857
9035,14,0.43956043956043955,16.928571428571427
9036,10,0.15555555555555556,139.7
9037,149,0.4511155450752766,278.5234899328859
9038,5,0.3,32.4
9039,5,0.4,4.6
9040,114,0.4306784660766962,188.82456140350877
9041,41,0.25853658536585367,53.048780487804876
9042,228,0.43179534739933534,434.87280701754383
9043,1364,0.24758112925816994,523.733870967742
9044,6,0.5333333333333333,80.16666666666667
9045,39,0.36707152496626183,224.02564102564102
9046,23,0.31225296442687744,100.0
9047,133,0.4316473000683527,450.3157894736842
9048,0,0.0,0.0
9049,3,0.3333333333333333,26.333333333333332
9050,4,0.5,34.75
9051,23,0.5770750988142292,230.69565217391303
9052,106,0.7290206648697215,264.57547169811323
9053,9,0.3611111111111111,54.111111111111114
9054,2,0.0,1.5
9055,4,0.16666666666666666,18.0
9056,6,0.4666666666666667,65.0
9057,2,1.0,11.0
9058,12,0.24242424242424243,80.75
9059,0,0.0,0.0
9060,10,0.4888888888888889,26.0
9061,0,0.0,0.0
9062,0,0.0,0.0
9063,68,0.2067603160667252,176.69117647058823
9064,2,0.0,60.5
9065,1146,0.2926267175747045,572.4877835951135
9066,0,0.0,0.0
9067,2,1.0,55.5
9068,94,0.2088766872569206,142.60638297872342
9069,6,0.0,10.333333333333334
9070,21,0.2714285714285714,222.04761904761904
9071,179,0.4152909421881866,392.8826815642458
9072,36,0.31746031746031744,161.33333333333334
9073,15,0.2571428571428571,85.33333333333333
9074,19,0.25146198830409355,39.73684210526316
9075,0,0.0,0.0
9076,437,0.38383053765246783,521.5926773455377
9077,74,0.2391706775268419,128.21621621621622
9078,9,0.16666666666666666,11.777777777777779
9079,68,0.2510974539069359,111.45588235294117
9080,8,0.17857142857142858,16.875
9081,1,0.0,18.0
9082,1,0.0,191.0
9083,2,0.0,1.0
9084,68,0.46532045654082527,284.79411764705884
9085,2,0.0,4.0
9086,1,0.0,22.0
9087,234,0.2586112028172114,182.5940170940171
9088,13,0.5256410256410257,33.53846153846154
9089,340,0.1659378795766094,161.25882352941176
9090,5,0.2,97.2
9091,127,0.24221972253468316,244.68503937007873
9092,4,0.3333333333333333,8.0
9093,23,0.31620553359683795,322.3478260869565
9094,16,0.225,79.3125
9095,30,0.271264367816092,36.166666666666664
9096,775,0.2963407518546303,536.4154838709677
9097,20,0.6578947368421053,29.6
9098,49,0.3852040816326531,119.3265306122449
9099,0,0.0,0.0
9100,44,0.3361522198731501,74.25
9101,30,0.22298850574712645,46.63333333333333
9102,5,0.4,135.2
9103,7,0.3333333333333333,152.42857142857142
9104,14,0.23076923076923078,41.785714285714285
9105,51,0.34823529411764703,252.31372549019608
9106,1,0.0,10.0
9107,53,0.5522496371552975,270.54716981132077
9108,0,0.0,0.0
9109,1,0.0,61.0
9110,27,0.2678062678062678,55.925925925925924
9111,1,0.0,2.0
9112,1,0.0,13.0
9113,4,1.0,32.5
9114,73,0.3318112633181126,49.013698630136986
9115,0,0.0,0.0
9116,11,0.5272727272727272,341.8181818181818
9117,16,0.5166666666666667,97.75
9118,2,0.0,22.0
9119,12,0.2878787878787879,62.083333333333336
9120,71,0.26680080482897384,67.47887323943662
9121,26,0.3261538461538461,34.61538461538461
9122,37,0.17867867867867868,51.027027027027025
9123,0,0.0,0.0
9124,291,0.24879725085910653,156.08247422680412
9125,374,0.1956531089160012,165.7941176470588
9126,4,0.0,4.75
9127,0,0.0,0.0
9128,0,0.0,0.0
9129,1,0.0,1.0
9130,119,0.4559179604045008,553.6386554621848
9131,33,0.2803030303030303,123.39393939393939
9132,1,0.0,57.0
9133,6,0.26666666666666666,68.33333333333333
9134,125,0.26980645161290323,130.52
9135,69,0.16666666666666666,80.47826086956522
9136,0,0.0,0.0
9137,6,0.3333333333333333,44.5
9138,7,0.14285714285714285,29.857142857142858
9139,40,0.21794871794871795,96.275
9140,3,0.6666666666666666,14.333333333333334
9141,25,0.16333333333333333,29.32
9142,61,0.30273224043715846,133.98360655737704
9143,0,0.0,0.0
9144,8,0.25,39.0
9145,9,0.1388888888888889,78.33333333333333
9146,38,0.1507823613086771,27.157894736842106
9147,143,0.31823106470993795,149.0979020979021
9148,86,0.20902872777017784,293.3720930232558
9149,9,0.25,32.111111111111114
9150,0,0.0,0.0
9151,84,0.2759609868043603,328.5833333333333
9152,14,0.4065934065934066,142.71428571428572
9153,0,0.0,0.0
9154,8,0.2857142857142857,32.0
9155,13,0.41025641025641024,40.30769230769231
9156,160,0.3227987421383648,193.56875
9157,76,0.3080701754385965,182.51315789473685
9158,756,0.3528890290479694,559.5780423280423
9159,22,0.13852813852813853,79.45454545454545
9160,13,0.5,172.46153846153845
9161,8,0.21428571428571427,49.875
9162,107,0.41862105448774467,190.94392523364485
9163,44,0.38477801268498946,113.20454545454545
9164,3,0.3333333333333333,41.0
9165,20,0.29473684210526313,57.75
9166,0,0.0,0.0
9167,2,1.0,134.0
9168,2,0.0,27.5
9169,20,0.2736842105263158,58.45
9170,19,0.19883040935672514,62.473684210526315
9171,0,0.0,0.0
9172,803,0.3218324052881495,545.3100871731009
9173,469,0.5095857707798006,629.3795309168444
9174,7,0.3333333333333333,66.57142857142857
9175,44,0.4186046511627907,229.77272727272728
9176,191,0.26288233673188205,215.63350785340313
9177,27,0.31339031339031337,76.51851851851852
9178,65,0.5533653846153846,160.30769230769232
9179,7,0.3333333333333333,67.85714285714286
9180,0,0.0,0.0
9181,39,0.27800269905533065,143.64102564102564
9182,16,0.35,44.25
9183,25,0.21,87.12
9184,271,0.4779281126144595,427.409594095941
9185,18,0.49673202614379086,389.1666666666667
9186,8,0.5714285714285714,122.25
9187,4,0.0,84.0
9188,11,0.38181818181818183,19.636363636363637
9189,438,0.4731617608643407,652.5867579908676
9190,4,0.16666666666666666,75.0
9191,0,0.0,0.0
9192,8,0.5,21.0
9193,141,0.4049645390070922,391.7659574468085
9194,189,0.48547787909490037,408.95238095238096
9195,14,0.4945054945054945,233.28571428571428
9196,68,0.35908691834942935,256.54411764705884
9197,16,0.35833333333333334,172.25
9198,89,0.14887640449438203,57.258426966292134
9199,46,0.06859903381642513,32.30434782608695
9200,9,0.4166666666666667,43.77777777777778
9201,270,0.1486438110973427,220.3111111111111
9202,7,0.23809523809523808,12.857142857142858
9203,2,0.0,3.0
9204,794,0.25941725615508493,457.6410579345088
9205,582,0.4494798043425543,574.1907216494845
9206,0,0.0,0.0
9207,25,0.5966666666666667,131.88
9208,10,0.6,29.6
9209,52,0.21568627450980393,52.21153846153846
9210,12,0.06060606060606061,36.666666666666664
9211,2,0.0,12.5
9212,4,0.3333333333333333,37.5
9213,20,0.34210526315789475,66.65
9214,1,0.0,1.0
9215,36,0.36666666666666664,125.77777777777777
9216,2,0.0,24.0
9217,141,0.3779128672745694,449.8085106382979
9218,13,0.7692307692307693,128.84615384615384
9219,1,0.0,16.0
9220,25,0.2733333333333333,170.52
9221,2,1.0,290.0
9222,15,0.1523809523809524,57.266666666666666
9223,17,0.39705882352941174,43.05882352941177
9224,2,0.0,6.0
9225,2,0.0,33.0
9226,1,0.0,10.0
9227,136,0.18845315904139434,91.04411764705883
9228,7,0.09523809523809523,13.571428571428571
9229,9,0.4722222222222222,80.22222222222223
9230,9,0.1111111111111111,19.666666666666668
9231,43,0.3266888150609081,109.13953488372093
9232,426,0.3387682960508147,532.1338028169014
9233,6,0.3333333333333333,43.833333333333336
9234,2,1.0,34.5
9235,776,0.3055869637512471,527.6958762886597
9236,12,0.5,121.16666666666667
9237,2,1.0,103.0
9238,2,1.0,115.5
9239,53,0.25471698113207547,52.943396226415096
9240,95,0.41590145576707727,491.81052631578945
9241,229,0.41733701064889295,517.4323144104803
9242,1,0.0,2.0
9243,96,0.6223684210526316,654.5
9244,83,0.4719365265941816,382.2289156626506
9245,461,0.4073847024427049,509.28416485900215
9246,16,0.36666666666666664,57.75
9247,0,0.0,0.0
9248,0,0.0,0.0
9249,103,0.13135351227869788,60.85436893203884
9250,81,0.2953703703703704,105.82716049382717
9251,89,0.14836567926455566,105.51685393258427
9252,27,0.5384615384615384,195.96296296296296
9253,20,0.5578947368421052,340.5
9254,45,0.6151515151515151,226.88888888888889
9255,0,0.0,0.0
9256,11,0.38181818181818183,37.81818181818182
9257,37,0.1921921921921922,56.351351351351354
9258,118,0.2438070404172099,126.37288135593221
9259,18,0.5424836601307189,94.05555555555556
9260,862,0.3654925611238214,578.0939675174014
9261,5,0.3,73.8
9262,1,0.0,20.0
9263,1,0.0,67.0
9264,8,0.7142857142857143,33.75
9265,5,0.4,45.8
9266,3,0.3333333333333333,60.333333333333336
9267,67,0.2125734961555857,105.5223880597015
9268,0,0.0,0.0
9269,9,0.3055555555555556,15.444444444444445
9270,12,0.8181818181818182,392.9166666666667
9271,208,0.1608138238573021,117.23076923076923
9272,12,0.5,88.0
9273,0,0.0,0.0
9274,51,0.33176470588235296,109.47058823529412
9275,7,0.2857142857142857,39.142857142857146
9276,176,0.24675324675324675,129.2784090909091
9277,10,0.022222222222222223,12.3
9278,859,0.3353007101551921,558.662398137369
9279,69,0.21909633418584826,105.3768115942029
9280,26,0.3476923076923077,81.11538461538461
9281,2,1.0,28.0
9282,50,0.24979591836734694,49.68
9283,6,1.0,147.83333333333334
9284,124,0.4027012850773669,412.1693548387097
9285,91,0.22686202686202686,102.32967032967034
9286,22,0.5367965367965368,230.6818181818182
9287,7,0.2857142857142857,49.285714285714285
9288,15,0.6857142857142857,315.93333333333334
9289,886,0.2986978867760901,553.4040632054176
9290,32,0.47580645161290325,222.8125
9291,2,0.0,34.0
9292,125,0.4087741935483871,506.512
9293,0,0.0,0.0
9294,4,0.0,2.25
9295,92,0.4118490205446727,340.1630434782609
9296,229,0.5335938098521412,631.3668122270742
9297,1,0.0,107.0
9298,31,0.2924731182795699,42.41935483870968
9299,10,0.28888888888888886,19.2
9300,11,0.12727272727272726,40.27272727272727
9301,0,0.0,0.0
9302,2,0.0,26.0
9303,11,0.3090909090909091,31.181818181818183
9304,22,0.37662337662337664,115.0909090909091
9305,2,1.0,30.0
9306,15,0.21904761904761905,58.733333333333334
9307,7,0.2857142857142857,18.857142857142858
9308,1,0.0,59.0
9309,79,0.4368711457319052,166.9493670886076
9310,156,0.31455748552522744,421.8269230769231
9311,23,0.44664031620553357,53.30434782608695
9312,81,0.3330246913580247,153.54320987654322
9313,3,0.0,8.666666666666666
9314,16,0.3333333333333333,160.0
9315,40,0.37051282051282053,111.875
9316,60,0.2745762711864407,92.26666666666667
9317,132,0.5245200092528337,581.9545454545455
9318,331,0.4593609814153621,518.7885196374623
9319,69,0.6010230179028133,447.05797101449275
9320,4,0.16666666666666666,21.75
9321,8,0.39285714285714285,48.5
9322,237,0.2455124079239076,162.0928270042194
9323,10,0.2222222222222222,30.4
9324,0,0.0,0.0
9325,2,0.0,33.0
9326,3,0.3333333333333333,74.33333333333333
9327,38,0.25604551920341395,61.13157894736842
9328,14,0.31868131868131866,67.85714285714286
9329,70,0.36438923395445133,135.54285714285714
9330,63,0.31336405529953915,158.68253968253967
9331,126,0.44812698412698415,518.8730158730159
9332,67,0.3672546359113523,132.26865671641792
9333,0,0.0,0.0
9334,2,1.0,8.5
9335,37,0.6501501501501501,355.05405405405406
9336,72,0.3611111111111111,451.4861111111111
9337,152,0.22856395956779366,114.23684210526316
9338,231,0.20511951816299642,154.86147186147187
9339,5,0.4,131.2
9340,2,0.0,5.0
9341,22,0.22077922077922077,63.18181818181818
9342,23,0.35177865612648224,99.26086956521739
9343,23,0.20553359683794467,45.56521739130435
9344,2,1.0,32.0
9345,1,0.0,27.0
9346,3,0.3333333333333333,12.333333333333334
9347,4,0.0,10.5
9348,25,0.22666666666666666,60.52
9349,4,0.3333333333333333,43.25
9350,793,0.3364891028825455,583.326607818411
9351,4,0.16666666666666666,26.25
9352,36,0.3047619047619048,124.11111111111111
9353,23,0.34782608695652173,136.2608695652174
9354,6,0.26666666666666666,60.166666666666664
9355,2,1.0,14.5
9356,0,0.0,0.0
9357,19,0.2573099415204678,77.57894736842105
9358,10,0.4444444444444444,42.3
9359,13,0.3333333333333333,179.07692307692307
9360,282,0.5788849347568209,278.52127659574467
9361,230,0.4036833111828365,507.2695652173913
9362,0,0.0,0.0
9363,89,0.1644535240040858,74.84269662921348
9364,7,0.14285714285714285,43.142857142857146
9365,22,0.4458874458874459,180.22727272727272
9366,42,0.28339140534262486,43.023809523809526
9367,38,0.4466571834992888,145.1315789473684
9368,234,0.3928322512013499,366.93589743589746
9369,3,0.3333333333333333,27.333333333333332
9370,35,0.39327731092436974,106.45714285714286
9371,3,0.3333333333333333,61.333333333333336
9372,304,0.364382490880667,543.1578947368421
9373,222,0.4545269251151604,518.1171171171171
9374,86,0.16196990424076607,97.20930232558139
9375,1,0.0,434.0
9376,12,0.3484848484848485,31.083333333333332
9377,29,0.2955665024630542,81.82758620689656
9378,0,0.0,0.0
9379,783,0.3148425787106447,536.242656449553
9380,479,0.5029044120858484,637.0208768267223
9381,8,0.2857142857142857,42.875
9382,5,0.3,18.4
9383,410,0.4101496809589123,521.319512195122
9384,86,0.3485636114911081,147.7093023255814
9385,23,0.2885375494071146,27.391304347826086
9386,199,0.5556063144002843,579.9597989949749
9387,63,0.25089605734767023,64.47619047619048
9388,9,0.2777777777777778,14.444444444444445
9389,121,0.40482093663911844,221.1900826446281
9390,23,0.25691699604743085,209.69565217391303
9391,10,0.3333333333333333,52.3
9392,31,0.26021505376344084,121.45161290322581
9393,8,0.17857142857142858,4.125
9394,17,0.15441176470588236,47.529411764705884
9395,126,0.29853968253968255,134.484126984127
9396,3,0.0,6.666666666666667
9397,546,0.4384245723695265,651.9230769230769
9398,9,0.2222222222222222,40.55555555555556
9399,196,0.20261643118785977,245.01020408163265
9400,1198,0.25604495378680425,541.4682804674458
9401,177,0.33243451463790447,436.71751412429376
9402,4,0.5,35.25
9403,2,0.0,7.5
9404,329,0.3314552598413522,485.3100303951368
9405,53,0.2960812772133527,92.15094339622641
9406,1,0.0,2.0
9407,51,0.17568627450980392,65.11764705882354
9408,0,0.0,0.0
9409,460,0.27877237851662406,505.14130434782606
9410,10,0.5111111111111111,320.3
9411,105,0.26886446886446885,217.1809523809524
9412,0,0.0,0.0
9413,5,0.2,40.0
9414,37,0.3738738738738739,104.0
9415,80,0.16234177215189874,82.275
9416,9,0.6388888888888888,29.666666666666668
9417,3,0.3333333333333333,34.0
9418,0,0.0,0.0
9419,27,0.22507122507122507,60.0
9420,178,0.22852789944772425,149.52247191011236
9421,7,0.2857142857142857,14.857142857142858
9422,5,0.4,55.4
9423,2,0.0,2.0
9424,1336,0.24870147345757923,526.7417664670659
9425,0,0.0,0.0
9426,50,0.27591836734693875,113.56
9427,346,0.37890592276116275,566.4161849710982
9428,55,0.232996632996633,40.872727272727275
9429,51,0.2211764705882353,91.90196078431373
9430,119,0.15482125053411194,98.3529411764706
9431,283,0.3348620404480866,372.1201413427562
9432,62,0.3585404547858276,193.9516129032258
9433,9,0.16666666666666666,52.111111111111114
9434,230,0.5194228213404215,413.6521739130435
9435,39,0.1592442645074224,93.35897435897436
9436,42,0.5331010452961672,54.285714285714285
9437,119,0.25950719270759154,130.16806722689077
9438,6,0.6666666666666666,306.6666666666667
9439,10,0.13333333333333333,13.7
9440,7,0.38095238095238093,52.285714285714285
9441,10,0.2222222222222222,44.6
9442,124,0.35628114345659584,160.56451612903226
9443,7,0.2857142857142857,81.85714285714286
9444,748,0.3785480603340277,603.442513368984
9445,27,0.4188034188034188,169.44444444444446
9446,0,0.0,0.0
9447,28,0.2751322751322751,36.392857142857146
9448,12,0.18181818181818182,44.75
9449,0,0.0,0.0
9450,0,0.0,0.0
9451,11,0.23636363636363636,16.636363636363637
9452,53,0.581277213352685,446.7358490566038
9453,14,0.10989010989010989,41.214285714285715
9454,6,0.26666666666666666,13.166666666666666
9455,302,0.4940265340696574,612.5894039735099
9456,1,0.0,1.0
9457,17,0.29411764705882354,48.23529411764706
9458,9,0.5,15.0
9459,25,0.27,103.12
9460,2,0.0,27.0
9461,10,0.4444444444444444,21.7
9462,20,0.38421052631578945,69.7
9463,15,0.47619047619047616,181.86666666666667
9464,38,0.6216216216216216,193.6315789473684
9465,49,0.4685374149659864,338.46938775510205
9466,5,0.3,174.0
9467,1,0.0,4.0
9468,3,0.0,173.66666666666666
9469,9,0.2777777777777778,10.444444444444445
9470,8,0.07142857142857142,17.125
9471,93,0.26203833567087426,133.51612903225808
9472,0,0.0,0.0
9473,120,0.23641456582633052,134.325
9474,266,0.5968506171088097,286.64285714285717
9475,11,0.23636363636363636,71.54545454545455
9476,140,0.22846865364850977,190.40714285714284
9477,7,0.19047619047619047,38.714285714285715
9478,6,0.06666666666666667,13.333333333333334
9479,0,0.0,0.0
9480,16,0.225,240.0
9481,13,0.32051282051282054,62.92307692307692
9482,13,0.3076923076923077,60.53846153846154
9483,44,0.14693446088794926,77.27272727272727
9484,6,0.3333333333333333,14.333333333333334
9485,15,0.21904761904761905,208.13333333333333
9486,4,0.5,95.0
9487,31,0.6860215053763441,285.61290322580646
9488,17,0.29411764705882354,99.0
9489,57,0.27130325814536344,116.28070175438596
9490,4,0.6666666666666666,41.5
9491,232,0.3338557993730408,425.2586206896552
9492,99,0.35374149659863946,118.82828282828282
9493,0,0.0,0.0
9494,7,0.6190476190476191,27.857142857142858
9495,45,0.30808080808080807,129.2
9496,17,0.5882352941176471,131.76470588235293
9497,0,0.0,0.0
9498,13,0.41025641025641024,28.692307692307693
9499,4,0.6666666666666666,42.25
9500,1,0.0,15.0
9501,23,0.2727272727272727,174.17391304347825
9502,21,0.08571428571428572,23.095238095238095
9503,8,0.21428571428571427,52.75
9504,1,0.0,7.0
9505,63,0.22939068100358423,71.7936507936508
9506,762,0.3289151930910082,562.6614173228346
9507,87,0.2836140069500134,119.54022988505747
9508,23,0.616600790513834,199.65217391304347
9509,0,0.0,0.0
9510,2,0.0,2.5
9511,11,0.7818181818181819,196.0909090909091
9512,9,0.19444444444444445,33.77777777777778
9513,3,0.6666666666666666,44.666666666666664
9514,0,0.0,0.0
9515,0,0.0,0.0
9516,6,0.3333333333333333,15.666666666666666
9517,0,0.0,0.0
9518,23,0.6086956521739131,348.0
9519,42,0.5749128919860628,240.61904761904762
9520,3,0.3333333333333333,23.0
9521,134,0.5511165974638088,418.97014925373134
9522,0,0.0,0.0
9523,6,0.4666666666666667,10.833333333333334
9524,1,0.0,69.0
9525,448,0.3493128795142218,536.2589285714286
9526,16,0.325,97.875
9527,4,0.16666666666666666,21.75
9528,1,0.0,1.0
9529,26,0.40307692307692305,95.34615384615384
9530,34,0.49376114081996436,134.02941176470588
9531,85,0.438375350140056,243.98823529411766
9532,1,0.0,15.0
9533,25,0.42333333333333334,88.68
9534,1,0.0,5.0
9535,19,0.3391812865497076,50.526315789473685
9536,264,0.3761954142182279,469.70454545454544
9537,14,0.24175824175824176,119.71428571428571
9538,3,0.6666666666666666,37.666666666666664
9539,103,0.4437464306110794,375.93203883495147
9540,2,0.0,6.0
9541,0,0.0,0.0
9542,5,0.1,25.4
9543,85,0.4865546218487395,299.32941176470587
9544,2,1.0,96.0
9545,62,0.2506610259122158,223.6290322580645
9546,111,0.2343980343980344,73.57657657657657
9547,5,0.1,15.0
9548,667,0.4080977529253391,591.9295352323838
9549,76,0.2754385964912281,111.0
9550,0,0.0,0.0
9551,75,0.23567567567567568,75.45333333333333
9552,21,0.22380952380952382,39.666666666666664
9553,6,1.0,14.0
9554,4,0.3333333333333333,32.75
9555,14,0.12087912087912088,76.64285714285714
9556,98,0.305912055543867,324.7551020408163
9557,5,0.1,42.2
9558,16,0.125,31.625
9559,5,0.7,523.0
9560,0,0.0,0.0
9561,3,0.0,139.0
9562,315,0.5127287433019917,587.9142857142857
9563,13,0.48717948717948717,80.0
9564,2,1.0,55.5
9565,362,0.41271177361840194,566.8204419889503
9566,3,0.0,44.0
9567,4,0.3333333333333333,18.0
9568,0,0.0,0.0
9569,8,0.25,21.5
9570,541,0.33925515163962483,561.8133086876155
9571,9,0.5555555555555556,26.11111111111111
9572,2,1.0,135.0
9573,47,0.19796484736355227,100.61702127659575
9574,102,0.24538924480683363,112.8921568627451
9575,18,0.3464052287581699,55.72222222222222
9576,0,0.0,0.0
9577,14,0.17582417582417584,22.928571428571427
9578,41,0.26951219512195124,80.29268292682927
9579,6,0.4,58.166666666666664
9580,10,0.3333333333333333,37.8
9581,1,0.0,672.0
9582,388,0.36711153733450547,573.069587628866
9583,4,0.16666666666666666,31.25
9584,55,0.32727272727272727,273.07272727272726
9585,32,0.21169354838709678,40.5
9586,6,0.6,27.5
9587,1,0.0,7.0
9588,1,0.0,2.0
9589,23,0.2134387351778656,78.91304347826087
9590,1,0.0,27.0
9591,103,0.3712164477441462,139.02912621359224
9592,895,0.34429155262269884,566.2972067039107
9593,3,0.3333333333333333,72.0
9594,12,0.45454545454545453,170.41666666666666
9595,1,0.0,5.0
9596,7,0.23809523809523808,45.57142857142857
9597,42,0.30662020905923343,185.0
9598,54,0.3284416491963662,247.92592592592592
9599,1,0.0,27.0
9600,2,1.0,21.5
9601,1,0.0,23.0
9602,0,0.0,0.0
9603,0,0.0,0.0
9604,8,0.07142857142857142,16.375
9605,4,0.16666666666666666,8.0
9606,158,0.33395146335563974,412.80379746835445
9607,42,0.13821138211382114,37.30952380952381
9608,128,0.2791584645669291,253.453125
9609,948,0.34349867892835023,604.6782700421941
9610,64,0.32043650793650796,138.015625
9611,2,0.0,8.0
9612,26,0.37846153846153846,99.57692307692308
9613,20,0.4421052631578947,68.75
9614,2,1.0,46.5
9615,29,0.3694581280788177,139.31034482758622
9616,10,0.06666666666666667,21.8
9617,8,0.2857142857142857,36.625
9618,110,0.17514595496246874,191.25454545454545
9619,117,0.20866489832007074,113.87179487179488
9620,22,0.41125541125541126,81.13636363636364
9621,2,0.0,7.5
9622,44,0.22832980972515857,97.9090909090909
9623,0,0.0,0.0
9624,2,0.0,28.0
9625,342,0.4219958498396529,493.2894736842105
9626,91,0.5313797313797314,160.85714285714286
9627,260,0.46593406593406594,571.526923076923
9628,0,0.0,0.0
9629,108,0.13568708895811699,70.47222222222223
9630,25,0.37666666666666665,176.68
9631,1,0.0,132.0
9632,69,0.4215686274509804,144.34782608695653
9633,2,1.0,13.0
9634,0,0.0,0.0
9635,49,0.21258503401360543,86.16326530612245
9636,1,0.0,8.0
9637,0,0.0,0.0
9638,67,0.36318407960199006,210.2089552238806
9639,14,0.15384615384615385,26.928571428571427
9640,223,0.3584212014705288,437.92825112107624
9641,27,0.20512820512820512,45.888888888888886
9642,0,0.0,0.0
9643,0,0.0,0.0
9644,24,0.17753623188405798,34.291666666666664
9645,8,0.10714285714285714,18.625
9646,43,0.4440753045404208,204.4418604651163
9647,9,0.2777777777777778,44.111111111111114
9648,3,0.3333333333333333,3.0
9649,3,0.6666666666666666,46.0
9650,36,0.39206349206349206,69.22222222222223
9651,0,0.0,0.0
9652,30,0.6689655172413793,112.66666666666667
9653,214,0.18318634548725374,108.25700934579439
9654,682,0.42502185418200766,575.6656891495601
9655,37,0.4114114114114114,247.7027027027027
9656,24,0.2536231884057971,265.4583333333333
9657,8,0.21428571428571427,82.0
9658,9,0.6388888888888888,27.11111111111111
9659,58,0.2044767090139141,104.77586206896552
9660,11,0.34545454545454546,30.09090909090909
9661,11,0.38181818181818183,18.90909090909091
9662,2,0.0,105.0
9663,7,0.09523809523809523,61.57142857142857
9664,332,0.2920139773595894,430.7620481927711
9665,310,0.261655705188433,154.6258064516129
9666,0,0.0,0.0
9667,64,0.3373015873015873,115.296875
9668,4,0.16666666666666666,97.5
9669,11,0.45454545454545453,47.36363636363637
9670,2,1.0,15.0
9671,77,0.4880382775119617,335.8181818181818
9672,25,0.15666666666666668,62.72
9673,85,0.2400560224089636,138.89411764705883
9674,24,0.18840579710144928,49.0
9675,73,0.1936834094368341,148.63013698630138
9676,18,0.1437908496732026,41.833333333333336
9677,2,0.0,26.5
9678,1,0.0,19.0
9679,30,0.2896551724137931,57.166666666666664
9680,66,0.30256410256410254,126.6969696969697
9681,38,0.3627311522048364,130.92105263157896
9682,75,0.36144144144144147,135.06666666666666
9683,35,0.1781512605042017,65.11428571428571
9684,36,0.42698412698412697,107.86111111111111
9685,48,0.35726950354609927,99.6875
9686,10,0.17777777777777778,23.5
9687,15,0.4,53.13333333333333
9688,7,0.3333333333333333,26.714285714285715
9689,3,0.0,5.666666666666667
9690,8,0.14285714285714285,29.875
9691,28,0.30423280423280424,49.392857142857146
9692,6,0.26666666666666666,102.16666666666667
9693,131,0.36253669994128007,262.0381679389313
9694,3,0.0,14.333333333333334
9695,166,0.33194596568090545,165.06024096385542
9696,4,0.16666666666666666,30.25
9697,42,0.3159117305458769,101.47619047619048
9698,4,0.16666666666666666,16.5
9699,0,0.0,0.0
9700,2,0.0,3.5
9701,49,0.5595238095238095,322.7551020408163
9702,61,0.34590163934426227,142.7704918032787
9703,7,0.3333333333333333,14.857142857142858
9704,35,0.20336134453781513,43.77142857142857
9705,19,0.18128654970760233,27.210526315789473
9706,25,0.2866666666666667,27.84
9707,21,0.2714285714285714,72.42857142857143
9708,169,0.4511834319526627,513.2307692307693
9709,3,0.3333333333333333,30.0
9710,181,0.4540208717004297,607.414364640884
9711,36,0.44603174603174606,100.88888888888889
9712,30,0.5057471264367817,150.8
9713,0,0.0,0.0
9714,1,0.0,28.0
9715,3,0.0,28.0
9716,11,0.3090909090909091,39.72727272727273
9717,26,0.3323076923076923,44.23076923076923
9718,85,0.3254901960784314,230.6235294117647
9719,13,0.3076923076923077,91.53846153846153
9720,165,0.16674057649667406,74.87272727272727
9721,140,0.4630010277492292,616.1071428571429
9722,44,0.28752642706131076,109.02272727272727
9723,11,0.2545454545454545,43.0
9724,18,0.0915032679738562,50.55555555555556
9725,55,0.23703703703703705,247.70909090909092
9726,92,0.45054945054945056,165.4891304347826
9727,39,0.300944669365722,73.1025641025641
9728,4,0.16666666666666666,216.25
9729,0,0.0,0.0
9730,14,0.37362637362637363,158.71428571428572
9731,237,0.5300364728599013,355.69198312236284
9732,59,0.4634716540035067,353.45762711864404
9733,462,0.4691006751744279,577.3160173160173
9734,7,0.047619047619047616,26.142857142857142
9735,0,0.0,0.0
9736,107,0.33521424792805504,80.8785046728972
9737,0,0.0,0.0
9738,0,0.0,0.0
9739,25,0.6166666666666667,106.12
9740,9,0.25,28.444444444444443
9741,120,0.3261904761904762,159.86666666666667
9742,27,0.2962962962962963,42.407407407407405
9743,32,0.4495967741935484,134.40625
9744,6,0.26666666666666666,7.666666666666667
9745,138,0.5833068867026341,582.6594202898551
9746,4,0.16666666666666666,8.5
9747,163,0.3476482617586912,486.30674846625766
9748,8,0.4642857142857143,39.75
9749,7,0.42857142857142855,45.142857142857146
9750,66,0.21212121212121213,57.484848484848484
9751,24,0.6485507246376812,55.75
9752,20,0.5842105263157895,49.1
9753,0,0.0,0.0
9754,3,1.0,149.33333333333334
9755,150,0.2032214765100671,76.66666666666667
9756,2,0.0,9.0
9757,11,0.18181818181818182,37.45454545454545
9758,415,0.5616553169198534,681.8265060240964
9759,1,0.0,37.0
9760,20,0.29473684210526313,37.85
9761,34,0.36185383244206776,106.5
9762,295,0.17862331373227258,174.63728813559322
9763,2,0.0,70.5
9764,297,0.535922285922286,568.8215488215488
9765,22,0.36363636363636365,89.0
9766,109,0.36357458375807,239.57798165137615
9767,29,0.35960591133004927,39.44827586206897
9768,765,0.3206618074804093,581.9803921568628
9769,25,0.38666666666666666,291.08
9770,39,0.30364372469635625,120.02564102564102
9771,36,0.4444444444444444,181.88888888888889
9772,2,1.0,185.5
9773,0,0.0,0.0
9774,7,0.3333333333333333,39.42857142857143
9775,498,0.4833337373639427,632.2730923694779
9776,59,0.38340151957919344,184.03389830508473
9777,41,0.6451219512195122,423.7317073170732
9778,11,0.32727272727272727,16.90909090909091
9779,194,0.520538432776027,630.0360824742268
9780,856,0.3342323878231404,564.5525700934579
9781,304,0.4435469862775751,501.57236842105266
9782,14,0.4725274725274725,48.42857142857143
9783,18,0.21568627450980393,34.833333333333336
9784,4,0.5,14.5
9785,55,0.49696969696969695,433.7818181818182
9786,0,0.0,0.0
9787,3,0.0,31.666666666666668
9788,401,0.4852743142144638,587.9825436408978
9789,4,0.0,4.25
9790,85,0.33249299719887954,140.4470588235294
9791,0,0.0,0.0
9792,2,0.0,23.0
9793,17,0.3014705882352941,40.8235294117647
9794,16,0.23333333333333334,96.625
9795,16,0.18333333333333332,101.75
9796,712,0.3337916212329525,567.2219101123595
9797,0,0.0,0.0
9798,7,0.6190476190476191,73.14285714285714
9799,117,0.5820807544945475,542.4017094017094
9800,231,0.35448898927159794,342.12554112554113
9801,1,0.0,9.0
9802,0,0.0,0.0
9803,12,0.3484848484848485,184.66666666666666
9804,81,0.5666666666666667,350.25925925925924
9805,7,0.23809523809523808,38.0
9806,20,0.4473684210526316,117.35
9807,84,0.6121629374641423,226.32142857142858
9808,0,0.0,0.0
9809,13,0.38461538461538464,123.15384615384616
9810,0,0.0,0.0
9811,11,0.3090909090909091,28.636363636363637
9812,356,0.38447539167589806,513.5533707865169
9813,1,0.0,1.0
9814,0,0.0,0.0
9815,10,0.26666666666666666,42.7
9816,56,0.5506493506493506,98.875
9817,93,0.31533426834969613,384.81720430107526
9818,42,0.1951219512195122,169.35714285714286
9819,15,0.24761904761904763,50.266666666666666
9820,4,0.5,24.0
9821,0,0.0,0.0
9822,34,0.20499108734402852,68.79411764705883
9823,24,0.644927536231884,135.04166666666666
9824,8,0.14285714285714285,28.875
9825,89,0.2454034729315628,127.06741573033707
9826,557,0.3150291257119977,420.05026929982046
9827,1,0.0,2.0
9828,10,0.7777777777777778,51.4
9829,161,0.4076086956521739,168.40993788819875
9830,1149,0.27546298402185815,531.5883376849434
9831,21,0.2571428571428571,43.523809523809526
9832,325,0.4617473884140551,591.3907692307693
9833,10,0.5777777777777777,153.8
9834,94,0.5472431937771677,535.2021276595744
9835,54,0.6142557651991615,279.25925925925924
9836,5,0.2,44.8
9837,10,0.4888888888888889,64.0
9838,15,0.6190476190476191,152.6
9839,11,0.34545454545454546,260.09090909090907
9840,3,0.6666666666666666,7.666666666666667
9841,3,0.0,18.0
9842,76,0.6596491228070176,283.5263157894737
9843,9,0.8333333333333334,247.66666666666666
9844,4,0.3333333333333333,5.5
9845,7,0.23809523809523808,54.142857142857146
9846,86,0.28454172366621067,149.96511627906978
9847,6,0.26666666666666666,95.33333333333333
9848,3,0.6666666666666666,22.333333333333332
9849,40,0.30641025641025643,60.25
9850,18,0.30718954248366015,44.833333333333336
9851,27,0.5584045584045584,300.0740740740741
9852,2,1.0,5.5
9853,0,0.0,0.0
9854,231,0.47577639751552797,609.6147186147186
9855,42,0.3321718931475029,196.5952380952381
9856,0,0.0,0.0
9857,4,0.16666666666666666,4.25
9858,7,0.23809523809523808,43.714285714285715
9859,37,0.5900900900900901,148.94594594594594
9860,237,0.2812343560037188,178.37130801687763
9861,1118,0.2605656923493321,528.9758497316636
9862,1,0.0,1.0
9863,50,0.2922448979591837,62.16
9864,1,0.0,40.0
9865,18,0.5294117647058824,71.38888888888889
9866,3,0.3333333333333333,11.0
9867,8,0.17857142857142858,41.125
9868,29,0.4408866995073892,142.79310344827587
9869,0,0.0,0.0
9870,10,0.6666666666666666,111.1
9871,429,0.3185739494150709,478.3822843822844
9872,4,0.5,11.0
9873,37,0.6066066066066066,82.08108108108108
9874,31,0.2903225806451613,78.48387096774194
9875,1,0.0,4.0
9876,8,0.5,38.25
9877,36,0.3746031746031746,164.47222222222223
9878,488,0.3253105328710405,487.9364754098361
9879,844,0.33704384589004516,573.2274881516588
9880,45,0.2101010101010101,46.22222222222222
9881,121,0.4743801652892562,205.96694214876032
9882,101,0.3112871287128713,151.17821782178217
9883,170,0.13010790114862514,70.7
9884,93,0.6021505376344086,703.5913978494624
9885,200,0.2807035175879397,333.68
9886,193,0.4637305699481865,501.47668393782385
9887,5,0.5,26.2
9888,0,0.0,0.0
9889,25,0.22333333333333333,70.64
9890,2,1.0,26.0
9891,3,0.0,27.0
9892,379,0.43447669305189096,562.197889182058
9893,63,0.31080389144905274,101.4920634920635
9894,38,0.22048364153627312,86.8157894736842
9895,151,0.1720971302428256,90.04635761589404
9896,145,0.49980842911877393,477.7793103448276
9897,123,0.6173530587764894,443.2926829268293
9898,35,0.3243697478991597,108.08571428571429
9899,538,0.46671235626812874,634.0
9900,1,0.0,4.0
9901,2,0.0,19.0
9902,0,0.0,0.0
9903,26,0.2953846153846154,24.03846153846154
9904,1,0.0,1.0
9905,288,0.38857433217189313,522.96875
9906,1,0.0,1.0
9907,10,0.4888888888888889,293.0
9908,0,0.0,0.0
9909,4,0.0,9.0
9910,54,0.3312368972746331,316.35185185185185
9911,490,0.5078836442552481,630.3469387755102
9912,10,0.28888888888888886,40.9
9913,273,0.5761689291101055,493.6739926739927
9914,1,0.0,11.0
9915,0,0.0,0.0
9916,16,0.23333333333333334,69.0625
9917,2,0.0,2.5
9918,6,0.06666666666666667,32.333333333333336
9919,15,0.1619047619047619,35.86666666666667
9920,1269,0.2588776775970547,521.294720252167
9921,0,0.0,0.0
9922,2,0.0,31.0
9923,4,0.3333333333333333,101.5
9924,99,0.34900020614306326,171.56565656565655
9925,251,0.40506772908366534,502.8685258964143
9926,317,0.48740166912909794,300.1545741324921
9927,18,0.21568627450980393,78.11111111111111
9928,32,0.2318548387096774,61.46875
9929,0,0.0,0.0
9930,21,0.29523809523809524,63.95238095238095
9931,9,0.5,42.55555555555556
9932,0,0.0,0.0
9933,0,0.0,0.0
9934,4,0.3333333333333333,15.0
9935,1,0.0,1.0
9936,16,0.14166666666666666,31.5
9937,70,0.20910973084886128,84.71428571428571
9938,200,0.337286432160804,468.38
9939,14,0.24175824175824176,66.64285714285714
9940,0,0.0,0.0
9941,39,0.24156545209176788,118.05128205128206
9942,5,0.7,18.2
9943,9,0.05555555555555555,22.77777777777778
9944,33,0.32386363636363635,64.84848484848484
9945,0,0.0,0.0
9946,291,0.5629102974286053,541.2714776632303
9947,6,0.3333333333333333,12.333333333333334
9948,12,0.2727272727272727,26.5
9949,55,0.4841750841750842,565.4363636363636
9950,8,0.42857142857142855,109.625
9951,48,0.24379432624113476,72.41666666666667
9952,129,0.39934593023255816,441.93023255813955
9953,1,0.0,6.0
9954,27,0.35327635327635326,80.88888888888889
9955,1,0.0,10.0
9956,9,0.1388888888888889,34.77777777777778
9957,965,0.29777911551609226,535.5616580310881
9958,20,0.6105263157894737,39.5
9959,5,0.4,69.2
9960,19,0.4853801169590643,217.05263157894737
9961,4,0.16666666666666666,14.75
9962,526,0.4198080753213833,535.4429657794677
9963,318,0.46705553240878517,570.9685534591194
9964,5,0.1,13.6
9965,147,0.35979871400615043,147.9591836734694
9966,7,0.14285714285714285,28.714285714285715
9967,2,0.0,63.5
9968,4,0.3333333333333333,2.75
9969,5,0.6,122.2
9970,0,0.0,0.0
9971,11,0.509090909090909,60.18181818181818
9972,125,0.17870967741935484,168.632
9973,4,0.16666666666666666,55.0
9974,525,0.4194838240639767,556.4571428571429
9975,530,0.41607875307629205,591.0320754716981
9976,17,0.22794117647058823,139.64705882352942
9977,34,0.2816399286987522,121.5
9978,16,0.31666666666666665,97.5
9979,56,0.3064935064935065,188.10714285714286
9980,22,0.3116883116883117,87.72727272727273
9981,59,0.2846288720046756,89.72881355932203
9982,314,0.5217435542622251,587.171974522293
9983,8,0.32142857142857145,8.75
9984,3,0.0,38.333333333333336
9985,0,0.0,0.0
9986,68,0.2971905179982441,88.52941176470588
9987,1,0.0,180.0
9988,132,0.14665741383298636,81.0909090909091
9989,9,0.2777777777777778,34.111111111111114
9990,34,0.3778966131907308,151.0
9991,270,0.525347652485199,539.3740740740741
9992,19,0.21052631578947367,39.68421052631579
9993,0,0.0,0.0
9994,3,0.0,3.6666666666666665
9995,4,0.6666666666666666,16.25
9996,23,0.20553359683794467,42.17391304347826
9997,176,0.4802597402597403,502.96022727272725
9998,173,0.303804274768114,140.45664739884393
9999,187,0.4608705652348916,399.2139037433155
10000,226,0.3166175024582104,336.21238938053096
10001,96,0.39649122807017545,444.78125
10002,1,0.0,7.0
10003,2,0.0,8.5
10004,113,0.3468710493046776,190.81415929203538
10005,91,0.2652014652014652,299.010989010989
10006,6,0.2,48.333333333333336
10007,34,0.6167557932263814,127.44117647058823
10008,1,0.0,6.0
10009,13,0.2692307692307692,44.46153846153846
10010,1,0.0,5.0
10011,40,0.2743589743589744,87.275
10012,0,0.0,0.0
10013,4,0.3333333333333333,90.0
10014,1,0.0,2.0
10015,1,0.0,14.0
10016,7,0.3333333333333333,47.42857142857143
10017,4,0.16666666666666666,83.0
10018,7,0.09523809523809523,42.0
10019,1,0.0,91.0
10020,2,0.0,13.0
10021,8,0.42857142857142855,39.375
10022,81,0.6598765432098765,533.4074074074074
10023,5,0.6,107.4
10024,0,0.0,0.0
10025,10,0.2,73.6
10026,0,0.0,0.0
10027,3,0.3333333333333333,32.666666666666664
10028,5,0.4,13.2
10029,1,0.0,7.0
10030,11,0.16363636363636364,25.90909090909091
10031,0,0.0,0.0
10032,0,0.0,0.0
10033,23,0.16600790513833993,75.3913043478261
10034,40,0.4205128205128205,121.975
10035,75,0.4472072072072072,149.32
10036,25,0.54,81.76
10037,164,0.28392937303606164,159.96951219512195
10038,16,0.4083333333333333,67.8125
10039,17,0.2647058823529412,16.764705882352942
10040,4,0.0,7.0
10041,52,0.23001508295625941,273.4423076923077
10042,13,0.21794871794871795,52.15384615384615
10043,11,0.14545454545454545,53.63636363636363
10044,7,0.47619047619047616,36.285714285714285
10045,71,0.21167002012072433,109.26760563380282
10046,1,0.0,10.0
10047,12,0.36363636363636365,19.916666666666668
10048,2,0.0,97.5
10049,1095,0.2983964004574558,552.4365296803653
10050,62,0.2771020624008461,80.96774193548387
10051,0,0.0,0.0
10052,89,0.3669560776302349,134.01123595505618
10053,6,0.06666666666666667,37.0
10054,8,0.5,23.25
10055,21,0.11428571428571428,13.047619047619047
10056,23,0.07114624505928854,38.78260869565217
10057,14,0.5054945054945055,18.642857142857142
10058,13,0.5128205128205128,166.84615384615384
10059,2,0.0,18.5
10060,118,0.3859191655801825,318.8813559322034
10061,3,0.3333333333333333,12.0
10062,1,0.0,9.0
10063,61,0.21420765027322405,48.09836065573771
10064,31,0.21505376344086022,76.6774193548387
10065,23,0.6126482213438735,29.695652173913043
10066,32,0.1028225806451613,39.375
10067,7,0.23809523809523808,106.28571428571429
10068,288,0.36832171893147503,528.8506944444445
10069,3,0.3333333333333333,31.666666666666668
10070,4,0.5,41.75
10071,0,0.0,0.0
10072,20,0.3263157894736842,100.95
10073,3,0.3333333333333333,38.666666666666664
10074,187,0.6123282157437755,588.0267379679144
10075,4,0.3333333333333333,431.75
10076,29,0.270935960591133,52.44827586206897
10077,2,1.0,31.0
10078,3,0.3333333333333333,178.66666666666666
10079,1,0.0,970.0
10080,1,0.0,51.0
10081,11,0.32727272727272727,233.1818181818182
10082,16,0.15,21.875
10083,52,0.3627450980392157,137.53846153846155
10084,1,0.0,12.0
10085,66,0.351981351981352,91.60606060606061
10086,48,0.4849290780141844,132.35416666666666
10087,36,0.5412698412698412,162.61111111111111
10088,61,0.25846994535519124,75.19672131147541
10089,9,0.08333333333333333,30.11111111111111
10090,42,0.4425087108013937,222.02380952380952
10091,423,0.35874424389096166,362.63593380614657
10092,18,0.20915032679738563,62.55555555555556
10093,81,0.40617283950617283,135.19753086419752
10094,19,0.3391812865497076,44.78947368421053
10095,3,0.0,94.66666666666667
10096,1,0.0,5.0
10097,32,0.2923387096774194,63.375
10098,48,0.31648936170212766,134.875
10099,26,0.24923076923076923,77.11538461538461
10100,208,0.35999628390932736,340.89903846153845
10101,1,0.0,3.0
10102,2,1.0,6.0
10103,26,0.5938461538461538,59.69230769230769
10104,1,0.0,5.0
10105,14,0.24175824175824176,111.14285714285714
10106,696,0.3508434631605061,526.4928160919541
10107,2,0.0,1.5
10108,0,0.0,0.0
10109,21,0.319047619047619,53.23809523809524
10110,45,0.2383838383838384,85.53333333333333
10111,2,1.0,59.5
10112,38,0.42532005689900426,96.63157894736842
10113,13,0.2692307692307692,40.0
10114,0,0.0,0.0
10115,0,0.0,0.0
10116,0,0.0,0.0
10117,1,0.0,2.0
10118,11,0.2909090909090909,33.45454545454545
10119,3,0.3333333333333333,4.333333333333333
10120,79,0.4651087309315157,319.62025316455697
10121,3,0.0,3.6666666666666665
10122,48,0.5460992907801419,213.60416666666666
10123,9,0.6388888888888888,76.77777777777777
10124,5,0.4,15.8
10125,8,0.35714285714285715,55.625
10126,8,0.32142857142857145,24.5
10127,1,0.0,1.0
10128,18,0.37254901960784315,182.66666666666666
10129,3,0.3333333333333333,33.0
10130,243,0.42669115396388124,565.7283950617284
10131,6,0.8666666666666667,547.5
10132,13,0.08974358974358974,8.615384615384615
10133,20,0.3684210526315789,65.9
10134,1,0.0,32.0
10135,1,0.0,67.0
10136,1,0.0,19.0
10137,9,0.3333333333333333,35.333333333333336
10138,352,0.4606157731157731,498.76704545454544
10139,84,0.46156052782558804,125.95238095238095
10140,241,0.20304287690179806,142.87966804979254
10141,21,0.5714285714285714,67.85714285714286
10142,12,0.30303030303030304,124.33333333333333
10143,2,0.0,33.5
10144,75,0.3254054054054054,250.81333333333333
10145,11,0.2545454545454545,77.72727272727273
10146,70,0.23478260869565218,90.08571428571429
10147,100,0.18888888888888888,90.91
10148,2,0.0,9.0
10149,41,0.37073170731707317,191.9512195121951
10150,38,0.22475106685633,115.39473684210526
10151,0,0.0,0.0
10152,223,0.35510847170039994,376.82959641255604
10153,552,0.26918777453378573,496.8460144927536
10154,40,0.4794871794871795,159.675
10155,6,0.4,260.0
10156,0,0.0,0.0
10157,9,0.3611111111111111,102.44444444444444
10158,38,0.2603129445234708,99.5
10159,316,0.23823588507132812,324.88291139240505
10160,49,0.19047619047619047,51.6530612244898
10161,33,0.3731060606060606,86.06060606060606
10162,605,0.3979530403371463,603.604958677686
10163,34,0.4295900178253119,97.67647058823529
10164,64,0.4305555555555556,156.3125
10165,116,0.29790104947526236,183.51724137931035
10166,2,0.0,34.5
10167,122,0.23750169353746106,185.97540983606558
10168,2,1.0,9.0
10169,307,0.3736560856698814,461.23778501628664
10170,10,0.2,30.7
10171,13,0.41025641025641024,134.30769230769232
10172,44,0.41966173361522197,127.27272727272727
10173,132,0.3347212583853805,170.31060606060606
10174,240,0.4391910739191074,547.0333333333333
10175,0,0.0,0.0
10176,49,0.5008503401360545,194.53061224489795
10177,31,0.34623655913978496,116.25806451612904
10178,9,0.16666666666666666,77.0
10179,0,0.0,0.0
10180,1,0.0,9.0
10181,106,0.14321653189577718,168.0188679245283
10182,9,0.19444444444444445,19.0
10183,3,0.3333333333333333,12.0
10184,0,0.0,0.0
10185,7,0.5238095238095238,226.28571428571428
10186,13,0.1794871794871795,63.61538461538461
10187,1,0.0,86.0
10188,4,0.5,27.5
10189,7,0.3333333333333333,49.857142857142854
10190,364,0.40320285774831227,544.478021978022
10191,2,1.0,58.0
10192,8,0.35714285714285715,18.875
10193,41,0.4060975609756098,171.78048780487805
10194,459,0.5264244465374699,654.0479302832244
10195,29,0.5049261083743842,215.58620689655172
10196,18,0.21568627450980393,47.888888888888886
10197,6,0.3333333333333333,135.16666666666666
10198,50,0.7910204081632654,750.84
10199,43,0.1638981173864895,59.06976744186046
10200,647,0.32548892004536295,565.386398763524
10201,45,0.4404040404040404,113.91111111111111
10202,0,0.0,0.0
10203,0,0.0,0.0
10204,271,0.47166871668716687,434.99261992619927
10205,5,0.3,29.6
10206,218,0.26956411448864837,149.41743119266056
10207,4,0.6666666666666666,134.25
10208,0,0.0,0.0
10209,126,0.4132063492063492,513.8412698412699
10210,165,0.3287509238728751,150.35151515151514
10211,10,0.5111111111111111,156.5
10212,373,0.4480526968203177,553.3967828418231
10213,3,0.0,1.6666666666666667
10214,51,0.548235294117647,539.1764705882352
10215,42,0.39256678281068524,251.88095238095238
10216,30,0.47586206896551725,297.1333333333333
10217,18,0.3006535947712418,99.27777777777777
10218,105,0.3956043956043956,289.4095238095238
10219,126,0.41765079365079366,418.2142857142857
10220,37,0.23423423423423423,50.13513513513514
10221,0,0.0,0.0
10222,24,0.17391304347826086,60.375
10223,0,0.0,0.0
10224,0,0.0,0.0
10225,4,0.5,23.0
10226,16,0.15,71.75
10227,8,0.5714285714285714,96.75
10228,14,0.24175824175824176,32.285714285714285
10229,353,0.4948171516868401,617.8611898016998
10230,8,0.2857142857142857,153.0
10231,15,0.21904761904761905,43.46666666666667
10232,4,0.16666666666666666,19.0
10233,36,0.3380952380952381,86.52777777777777
10234,242,0.28531257501457424,157.23140495867767
10235,9,0.08333333333333333,42.44444444444444
10236,3,1.0,40.666666666666664
10237,0,0.0,0.0
10238,15,0.19047619047619047,11.666666666666666
10239,90,0.13183520599250936,65.26666666666667
10240,41,0.3524390243902439,79.17073170731707
10241,4,0.16666666666666666,26.5
10242,2,1.0,115.5
10243,70,0.27867494824016564,137.92857142857142
10244,0,0.0,0.0
10245,593,0.30484595050362334,550.3456998313659
10246,18,0.2679738562091503,33.22222222222222
10247,0,0.0,0.0
10248,3,0.0,13.333333333333334
10249,2,0.0,32.0
10250,20,0.09473684210526316,87.0
10251,167,0.17884712502705433,190.36526946107784
10252,6,0.2,48.0
10253,24,0.26811594202898553,166.875
10254,198,0.3725067938265908,487.1363636363636
10255,5,0.7,224.8
10256,21,0.16666666666666666,130.57142857142858
10257,18,0.058823529411764705,39.72222222222222
10258,2,0.0,8.0
10259,5,0.4,21.2
10260,11,0.23636363636363636,27.454545454545453
10261,33,0.2215909090909091,48.45454545454545
10262,263,0.661538908077671,682.1596958174905
10263,448,0.32045981144135505,370.47098214285717
10264,24,0.19927536231884058,20.291666666666668
10265,26,0.2953846153846154,90.88461538461539
10266,12,0.3939393939393939,93.5
10267,12,0.18181818181818182,66.66666666666667
10268,102,0.37449039021549213,125.37254901960785
10269,14,0.2087912087912088,242.71428571428572
10270,2,0.0,4.0
10271,4,0.6666666666666666,352.25
10272,10,0.2,32.4
10273,18,0.13725490196078433,23.27777777777778
10274,2,0.0,57.5
10275,32,0.19556451612903225,31.78125
10276,91,0.48937728937728936,128.2087912087912
10277,38,0.3456614509246088,50.421052631578945
10278,15,0.638095238095238,622.4
10279,40,0.3935897435897436,142.725
10280,18,0.3464052287581699,78.16666666666667
10281,19,0.17543859649122806,82.57894736842105
10282,4,0.5,11.0
10283,8,0.25,225.875
10284,69,0.5063938618925832,270.6376811594203
10285,1,0.0,107.0
10286,20,0.29473684210526313,98.3
10287,154,0.5945165945165946,709.7077922077922
10288,6,0.0,38.5
10289,0,0.0,0.0
10290,9,0.16666666666666666,22.0
10291,86,0.39015047879616965,104.4186046511628
10292,10,0.2222222222222222,59.2
10293,35,0.27058823529411763,98.97142857142858
10294,11,0.07272727272727272,20.363636363636363
10295,71,0.19758551307847083,74.02816901408451
10296,76,0.3585964912280702,388.9605263157895
10297,174,0.5226230815228224,441.0574712643678
10298,125,0.1767741935483871,113.584
10299,6,0.5333333333333333,74.16666666666667
10300,22,0.19913419913419914,110.04545454545455
10301,157,0.25934999183406826,130.68789808917197
10302,3,0.0,37.0
10303,0,0.0,0.0
10304,45,0.4,60.44444444444444
10305,176,0.39720779220779223,425.6363636363636
10306,0,0.0,0.0
10307,2,0.0,117.0
10308,16,0.2,25.875
10309,153,0.22540419676642587,126.77777777777777
10310,40,0.6871794871794872,627.35
10311,913,0.2316322707096328,449.49397590361446
10312,1035,0.2853418551845934,544.3014492753623
10313,40,0.28717948717948716,130.15
10314,53,0.42380261248185774,393.2641509433962
10315,20,0.19473684210526315,28.0
10316,4,0.0,16.0
10317,10,0.3333333333333333,133.8
10318,68,0.3257243195785777,119.58823529411765
10319,744,0.3221283954905281,532.0430107526881
10320,182,0.3074494566207273,163.2032967032967
10321,7,0.23809523809523808,19.714285714285715
10322,4,0.6666666666666666,327.0
10323,9,0.08333333333333333,29.11111111111111
10324,15,0.34285714285714286,47.53333333333333
10325,44,0.20084566596194503,195.72727272727272
10326,24,0.8007246376811594,413.7083333333333
10327,2,0.0,16.5
10328,13,0.2948717948717949,45.53846153846154
10329,31,0.32688172043010755,98.54838709677419
10330,372,0.3614323392168797,568.8790322580645
10331,4,0.16666666666666666,111.75
10332,115,0.6149504195270785,421.9826086956522
10333,0,0.0,0.0
10334,13,0.19230769230769232,25.923076923076923
10335,131,0.3780387551379918,397.85496183206106
10336,8,0.25,40.25
10337,65,0.49567307692307694,155.04615384615386
10338,4,0.16666666666666666,8.5
10339,4,0.5,21.0
10340,9,0.25,22.88888888888889
10341,4,0.0,35.5
10342,57,0.2869674185463659,84.3157894736842
10343,19,0.15789473684210525,78.47368421052632
10344,41,0.2426829268292683,112.1951219512195
10345,4,0.16666666666666666,15.5
10346,1,0.0,4.0
10347,29,0.2832512315270936,29.93103448275862
10348,276,0.4181554677206851,259.18840579710144
10349,7,0.19047619047619047,35.57142857142857
10350,28,0.2724867724867725,82.21428571428571
10351,21,0.7571428571428571,368.76190476190476
10352,7,0.8095238095238095,141.57142857142858
10353,2,1.0,8.0
10354,267,0.16209061980794684,109.37453183520599
10355,205,0.26217120994739357,176.49756097560976
10356,0,0.0,0.0
10357,1,0.0,8.0
10358,14,0.32967032967032966,50.214285714285715
10359,2,0.0,2.0
10360,84,0.638267355134825,487.0833333333333
10361,28,0.07671957671957672,34.82142857142857
10362,9,0.16666666666666666,46.55555555555556
10363,13,0.41025641025641024,100.92307692307692
10364,11,0.4,51.36363636363637
10365,3,0.6666666666666666,47.666666666666664
10366,244,0.4120286041961816,509.59016393442624
10367,49,0.516156462585034,396.8979591836735
10368,16,0.275,32.1875
10369,1,0.0,60.0
10370,10,0.37777777777777777,12.7
10371,6,0.3333333333333333,60.0
10372,24,0.29347826086956524,131.625
10373,2,0.0,175.5
10374,202,0.2887049899019753,163.82673267326732
10375,0,0.0,0.0
10376,46,0.24734299516908212,51.71739130434783
10377,180,0.3892613283674736,340.3777777777778
10378,425,0.3065149833518313,469.8070588235294
10379,109,0.3766564729867482,141.14678899082568
10380,6,0.3333333333333333,73.83333333333333
10381,354,0.3360701653302604,486.76553672316385
10382,106,0.6601976639712489,620.6037735849056
10383,61,0.27814207650273226,102.75409836065573
10384,0,0.0,0.0
10385,5,0.2,18.8
10386,15,0.2857142857142857,43.6
10387,7,0.5238095238095238,29.714285714285715
10388,46,0.2608695652173913,240.7826086956522
10389,10,0.13333333333333333,59.2
10390,58,0.4688445251058681,316.8965517241379
10391,29,0.35960591133004927,40.10344827586207
10392,28,0.4523809523809524,186.57142857142858
10393,253,0.2924901185770751,409.57312252964425
10394,2,1.0,13.5
10395,94,0.33882406771905743,115.53191489361703
10396,6,0.6,127.5
10397,307,0.3473632666964723,557.0228013029316
10398,16,0.058333333333333334,28.4375
10399,277,0.5274158949406164,539.173285198556
10400,29,0.2660098522167488,52.689655172413794
10401,0,0.0,0.0
10402,47,0.3709528214616096,114.93617021276596
10403,2,1.0,27.5
10404,15,0.3047619047619048,58.333333333333336
10405,3,0.3333333333333333,117.0
10406,28,0.14285714285714285,47.5
10407,0,0.0,0.0
10408,262,0.49062618817817555,623.3320610687023
10409,11,0.36363636363636365,88.36363636363636
10410,2,1.0,84.5
10411,24,0.3442028985507246,123.625
10412,0,0.0,0.0
10413,44,0.45560253699788583,166.72727272727272
10414,1,0.0,6.0
10415,2,0.0,11.5
10416,7,0.5714285714285714,33.857142857142854
10417,7,0.7142857142857143,15.142857142857142
10418,1,0.0,2.0
10419,20,0.28421052631578947,24.55
10420,254,0.2505057421182036,170.3464566929134
10421,65,0.17740384615384616,116.63076923076923
10422,49,0.30357142857142855,125.16326530612245
10423,2,1.0,13.5
10424,96,0.28618421052631576,124.8125
10425,164,0.34655095017207843,377.0975609756098
10426,24,0.2536231884057971,73.70833333333333
10427,105,0.21703296703296704,107.97142857142858
10428,13,0.19230769230769232,114.07692307692308
10429,11,0.43636363636363634,12.727272727272727
10430,4,0.16666666666666666,20.25
10431,5,0.3,74.6
10432,5,0.4,62.2
10433,135,0.26533996683250416,325.93333333333334
10434,8,0.2857142857142857,35.875
10435,2,1.0,19.0
10436,11,0.32727272727272727,82.0909090909091
10437,0,0.0,0.0
10438,295,0.42591952035051306,461.1050847457627
10439,3,0.0,15.333333333333334
10440,185,0.20299647473560517,145.5243243243243
10441,97,0.5745274914089347,592.319587628866
10442,7,0.2857142857142857,79.0
10443,24,0.40217391304347827,76.20833333333333
10444,0,0.0,0.0
10445,53,0.2467343976777939,61.84905660377358
10446,21,0.5571428571428572,433.4761904761905
10447,3,1.0,19.333333333333332
10448,97,0.6900773195876289,697.0
10449,17,0.125,105.94117647058823
10450,4,0.6666666666666666,84.25
10451,472,0.4380330346539998,647.2436440677966
10452,1,0.0,5.0
10453,10,0.4888888888888889,41.0
10454,51,0.21411764705882352,80.98039215686275
10455,0,0.0,0.0
10456,2,0.0,58.0
10457,29,0.27586206896551724,71.79310344827586
10458,177,0.21077298407806883,126.28813559322033
10459,38,0.24466571834992887,44.05263157894737
10460,46,0.578743961352657,163.6086956521739
10461,4,0.16666666666666666,26.5
10462,87,0.11414060411654638,83.60919540229885
10463,6,0.3333333333333333,35.0
10464,7,0.5238095238095238,121.42857142857143
10465,27,0.358974358974359,191.96296296296296
10466,32,0.6915322580645161,406.78125
10467,17,0.7058823529411765,229.35294117647058
10468,18,0.32679738562091504,72.83333333333333
10469,21,0.4142857142857143,232.47619047619048
10470,3,0.3333333333333333,17.0
10471,2,1.0,8.0
10472,6,0.06666666666666667,18.333333333333332
10473,102,0.11376431760823141,145.19607843137254
10474,24,0.09782608695652174,56.0
10475,46,0.32560386473429953,112.19565217391305
10476,11,0.05454545454545454,25.90909090909091
10477,53,0.28519593613933236,131.41509433962264
10478,30,0.4896551724137931,276.6
10479,254,0.27148236905169465,153.24015748031496
10480,10,0.4,14.1
10481,46,0.22705314009661837,32.608695652173914
10482,0,0.0,0.0
10483,426,0.39578017122341896,601.4953051643192
10484,202,0.2515147037091769,141.76732673267327
10485,17,0.49264705882352944,132.94117647058823
10486,84,0.17010900745840504,69.9047619047619
10487,3,0.3333333333333333,5.333333333333333
10488,63,0.1674347158218126,85.52380952380952
10489,1,0.0,15.0
10490,94,0.3182338137725921,138.8404255319149
10491,4,0.8333333333333334,65.75
10492,429,0.5171775265233209,560.4545454545455
10493,105,0.2326007326007326,89.27619047619048
10494,25,0.36,155.84
10495,33,0.29545454545454547,57.333333333333336
10496,100,0.3575757575757576,211.68
10497,73,0.2237442922374429,230.0958904109589
10498,8,0.4642857142857143,35.75
10499,197,0.5292137159432301,388.8477157360406
10500,2,0.0,14.5
10501,61,0.2371584699453552,121.45901639344262
10502,1,0.0,1.0
10503,0,0.0,0.0
10504,0,0.0,0.0
10505,0,0.0,0.0
10506,126,0.3026031746031746,180.95238095238096
10507,6,0.5333333333333333,85.5
10508,407,0.4167826581619685,481.3636363636364
10509,1,0.0,3.0
10510,0,0.0,0.0
10511,161,0.6282608695652174,547.1925465838509
10512,4,0.0,2.25
10513,0,0.0,0.0
10514,13,0.3717948717948718,35.61538461538461
10515,47,0.21554116558741906,48.851063829787236
10516,118,0.4748660002897291,357.5593220338983
10517,275,0.4997478433974784,569.9963636363636
10518,1,0.0,3.0
10519,0,0.0,0.0
10520,53,0.4288824383164006,178.39622641509433
10521,208,0.21506874767744333,190.8221153846154
10522,1,0.0,30.0
10523,0,0.0,0.0
10524,10,0.26666666666666666,98.7
10525,121,0.7933884297520661,393.1652892561983
10526,1,0.0,12.0
10527,16,0.375,27.25
10528,36,0.173015873015873,75.38888888888889
10529,7,0.3333333333333333,14.714285714285714
10530,17,0.2867647058823529,88.94117647058823
10531,38,0.34281650071123754,234.28947368421052
10532,8,0.32142857142857145,37.375
10533,21,0.40476190476190477,34.57142857142857
10534,16,0.7666666666666667,307.75
10535,14,0.5934065934065934,31.785714285714285
10536,68,0.373134328358209,156.35294117647058
10537,101,0.46712871287128716,165.55445544554456
10538,160,0.13380503144654088,122.91875
10539,0,0.0,0.0
10540,0,0.0,0.0
10541,21,0.22380952380952382,27.80952380952381
10542,57,0.28884711779448624,214.64912280701753
10543,1,0.0,133.0
10544,228,0.44926192132313164,490.57456140350877
10545,8,0.21428571428571427,18.25
10546,1,0.0,1.0
10547,3,0.3333333333333333,98.66666666666667
10548,43,0.2425249169435216,91.86046511627907
10549,25,0.32666666666666666,36.8
10550,15,0.17142857142857143,34.0
10551,368,0.36222011609998817,589.6875
10552,0,0.0,0.0
10553,13,0.23076923076923078,25.307692307692307
10554,17,0.5441176470588235,56.11764705882353
10555,41,0.4560975609756098,143.7560975609756
10556,15,0.10476190476190476,34.06666666666667
10557,35,0.39663865546218485,75.08571428571429
10558,12,0.3484848484848485,41.083333333333336
10559,1,0.0,5.0
10560,19,0.19883040935672514,63.94736842105263
10561,5,0.3,90.2
10562,32,0.4375,254.125
10563,420,0.41316058643027614,590.5928571428572
10564,14,0.15384615384615385,36.714285714285715
10565,9,0.4444444444444444,96.44444444444444
10566,378,0.4408516132654064,595.7724867724868
10567,35,0.37142857142857144,141.62857142857143
10568,255,0.5042149143121816,623.1176470588235
10569,11,0.41818181818181815,39.09090909090909
10570,6,0.13333333333333333,43.166666666666664
10571,1,0.0,44.0
10572,4,0.5,26.75
10573,7,0.47619047619047616,189.28571428571428
10574,18,0.32679738562091504,39.333333333333336
10575,9,0.16666666666666666,24.444444444444443
10576,0,0.0,0.0
10577,12,0.3333333333333333,22.416666666666668
10578,29,0.46551724137931033,105.34482758620689
10579,6,0.26666666666666666,10.5
10580,1,0.0,22.0
10581,14,0.15384615384615385,46.07142857142857
10582,21,0.5904761904761905,68.80952380952381
10583,0,0.0,0.0
10584,10,0.4,114.8
10585,0,0.0,0.0
10586,10,0.3333333333333333,109.6
10587,314,0.5191998534828351,306.99044585987264
10588,0,0.0,0.0
10589,28,0.3439153439153439,100.71428571428571
10590,427,0.4848764719464327,660.4730679156909
10591,11,0.3090909090909091,95.81818181818181
10592,14,0.26373626373626374,73.35714285714286
10593,421,0.2816423481506617,422.8646080760095
10594,1,0.0,45.0
10595,50,0.3485714285714286,170.04
10596,0,0.0,0.0
10597,0,0.0,0.0
10598,36,0.49523809523809526,59.02777777777778
10599,0,0.0,0.0
10600,64,0.2683531746031746,173.1875
10601,143,0.490889392297843,498.9230769230769
10602,34,0.21746880570409982,37.14705882352941
10603,14,0.43956043956043955,42.0
10604,58,0.14761040532365396,43.10344827586207
10605,23,0.2490118577075099,53.69565217391305
10606,83,0.4031736702909198,151.50602409638554
10607,55,0.1723905723905724,93.47272727272727
10608,6,0.26666666666666666,13.333333333333334
10609,127,0.46194225721784776,393.01574803149606
10610,28,0.3412698412698413,67.07142857142857
10611,820,0.35794395306590426,580.6560975609756
10612,35,0.5747899159663865,156.25714285714287
10613,30,0.31494252873563217,75.06666666666666
10614,215,0.39595740056509454,429.3488372093023
10615,0,0.0,0.0
10616,11,0.23636363636363636,112.63636363636364
10617,0,0.0,0.0
10618,28,0.1402116402116402,54.07142857142857
10619,19,0.22807017543859648,68.52631578947368
10620,164,0.49693251533742333,492.5792682926829
10621,71,0.1835010060362173,120.88732394366197
10622,1,0.0,21.0
10623,12,0.3333333333333333,64.5
10624,22,0.2597402597402597,23.318181818181817
10625,33,0.2784090909090909,103.45454545454545
10626,209,0.3042418108207582,376.1578947368421
10627,86,0.2875512995896033,91.0813953488372
10628,212,0.4434856478583564,474.6509433962264
10629,352,0.5042411292411293,615.3409090909091
10630,3,1.0,6.666666666666667
10631,103,0.31867504283266707,129.74757281553397
10632,26,0.2953846153846154,61.69230769230769
10633,44,0.30655391120507397,140.20454545454547
10634,155,0.3880184331797235,374.7548387096774
10635,685,0.2704571648098348,445.2554744525547
10636,0,0.0,0.0
10637,9,0.19444444444444445,22.444444444444443
10638,73,0.4676560121765601,470.5342465753425
10639,7,0.23809523809523808,67.14285714285714
10640,0,0.0,0.0
10641,32,0.27419354838709675,52.8125
10642,2,0.0,3.0
10643,1,0.0,13.0
10644,0,0.0,0.0
10645,1,0.0,17.0
10646,19,0.14035087719298245,27.789473684210527
10647,1,0.0,42.0
10648,4,0.16666666666666666,69.5
10649,14,0.2087912087912088,35.5
10650,6,0.4,75.0
10651,0,0.0,0.0
10652,20,0.4052631578947368,30.35
10653,39,0.2631578947368421,148.82051282051282
10654,7,0.19047619047619047,26.0
10655,34,0.49910873440285203,245.94117647058823
10656,10,0.4666666666666667,34.0
10657,6,0.3333333333333333,60.0
10658,2,1.0,115.0
10659,51,0.20392156862745098,103.3921568627451
10660,12,0.10606060606060606,47.75
10661,3,0.3333333333333333,13.666666666666666
10662,110,0.21434528773978315,199.4090909090909
10663,0,0.0,0.0
10664,140,0.30698869475847895,119.46428571428571
10665,327,0.41368829853098443,460.91743119266056
10666,39,0.44399460188933876,186.12820512820514
10667,10,0.24444444444444444,30.8
10668,25,0.30666666666666664,27.76
10669,103,0.3205787169236627,93.23300970873787
10670,3,0.3333333333333333,34.333333333333336
10671,0,0.0,0.0
10672,0,0.0,0.0
10673,25,0.17333333333333334,115.32
10674,0,0.0,0.0
10675,4,0.0,3.75
10676,9,0.3611111111111111,52.77777777777778
10677,209,0.40195988222304013,505.4019138755981
10678,69,0.5213128729752771,452.768115942029
10679,7,0.38095238095238093,134.42857142857142
10680,24,0.2717391304347826,34.541666666666664
10681,2,0.0,8.0
10682,45,0.43333333333333335,116.02222222222223
10683,1,0.0,3.0
10684,74,0.18474639022584227,124.72972972972973
10685,1,0.0,199.0
10686,142,0.30416541804015584,145.2394366197183
10687,228,0.4052863436123348,532.0526315789474
10688,884,0.2744141475738305,513.9671945701358
10689,2,0.0,12.0
10690,135,0.15599778883360974,175.82962962962964
10691,3,0.0,34.0
10692,75,0.267027027027027,106.17333333333333
10693,1333,0.19918718418343326,476.72018004501126
10694,0,0.0,0.0
10695,34,0.46167557932263814,128.97058823529412
10696,35,0.45714285714285713,111.6
10697,2,0.0,40.0
10698,110,0.5301084236864053,465.6909090909091
10699,467,0.28340884653206017,480.0492505353319
10700,6,0.3333333333333333,79.83333333333333
10701,150,0.2637136465324385,164.41333333333333
10702,33,0.1893939393939394,98.48484848484848
10703,0,0.0,0.0
10704,0,0.0,0.0
10705,7,0.47619047619047616,26.428571428571427
10706,145,0.24779693486590038,193.11724137931034
10707,377,0.534454540323946,618.3050397877984
10708,5,0.4,16.2
10709,13,0.358974358974359,49.30769230769231
10710,26,0.23076923076923078,80.57692307692308
10711,59,0.2711864406779661,107.0677966101695
10712,174,0.33273536642083584,324.0919540229885
10713,15,0.5714285714285714,158.46666666666667
10714,189,0.2481706630642801,150.4814814814815
10715,4,0.0,18.75
10716,56,0.4857142857142857,242.48214285714286
10717,56,0.21818181818181817,122.08928571428571
10718,244,0.2355798421372192,141.62295081967213
10719,5,0.9,30.6
10720,98,0.17104986324426677,87.6938775510204
10721,9,0.3888888888888889,38.0
10722,120,0.3429971988795518,169.95833333333334
10723,23,0.19367588932806323,37.69565217391305
10724,9,0.5277777777777778,83.77777777777777
10725,40,0.30128205128205127,60.275
10726,9,0.3611111111111111,50.111111111111114
10727,1,0.0,2.0
10728,0,0.0,0.0
10729,132,0.2765440666204025,220.54545454545453
10730,0,0.0,0.0
10731,19,0.49707602339181284,70.94736842105263
10732,88,0.2306687565308255,236.4659090909091
10733,2,0.0,5.0
10734,6,0.2,52.166666666666664
10735,4,0.5,7.5
10736,5,0.3,93.6
10737,6,0.9333333333333333,51.166666666666664
10738,105,0.5457875457875457,609.4571428571429
10739,140,0.34285714285714286,143.55714285714285
10740,100,0.20686868686868687,142.7
10741,5,0.9,53.0
10742,24,0.31521739130434784,180.16666666666666
10743,7,0.3333333333333333,12.142857142857142
10744,5,0.3,9.0
10745,23,0.308300395256917,177.34782608695653
10746,8,0.25,28.875
10747,75,0.5041441441441441,429.2266666666667
10748,509,0.38972510557987716,589.770137524558
10749,73,0.308599695585997,135.64383561643837
10750,476,0.35651481645289695,558.4600840336135
10751,26,0.4523076923076923,121.61538461538461
10752,18,0.2222222222222222,84.94444444444444
10753,106,0.2431266846361186,134.4245283018868
10754,152,0.4202683861972813,191.38815789473685
10755,0,0.0,0.0
10756,8,0.21428571428571427,15.875
10757,240,0.4381450488145049,356.64166666666665
10758,264,0.5100241963359834,515.3257575757576
10759,101,0.27623762376237626,123.07920792079207
10760,363,0.4021429767286121,565.4820936639119
10761,43,0.512735326688815,324.8837209302326
10762,21,0.19523809523809524,30.61904761904762
10763,67,0.2537313432835821,292.17910447761193
10764,8,0.25,64.875
10765,5,0.1,11.8
10766,29,0.5591133004926109,156.9655172413793
10767,309,0.17192031269701172,122.2135922330097
10768,51,0.5615686274509804,447.52941176470586
10769,70,0.5325051759834368,236.9142857142857
10770,32,0.12298387096774194,58.46875
10771,6,0.7333333333333333,42.833333333333336
10772,3,0.3333333333333333,19.0
10773,1,0.0,11.0
10774,42,0.37398373983739835,48.904761904761905
10775,22,0.2077922077922078,102.81818181818181
10776,27,0.42165242165242167,416.6666666666667
10777,202,0.4855425841091572,566.8762376237623
10778,0,0.0,0.0
10779,2,0.0,60.0
10780,8,0.32142857142857145,62.625
10781,21,0.4666666666666667,267.9047619047619
10782,1,0.0,35.0
10783,3,0.6666666666666666,19.666666666666668
10784,3,0.3333333333333333,17.333333333333332
10785,10,0.2222222222222222,23.1
10786,4,0.16666666666666666,19.5
10787,24,0.21739130434782608,65.20833333333333
10788,142,0.4323244431125762,528.8521126760563
10789,179,0.271985437197916,133.7486033519553
10790,13,0.6538461538461539,213.92307692307693
10791,2,0.0,14.5
10792,2,0.0,22.0
10793,68,0.3235294117647059,308.6764705882353
10794,208,0.6304812337421033,264.67788461538464
10795,4,0.3333333333333333,25.5
10796,7,0.23809523809523808,26.857142857142858
10797,49,0.266156462585034,124.95918367346938
10798,127,0.4369453818272716,291.5275590551181
10799,192,0.6593041012216405,539.8697916666666
10800,122,0.44546809375423385,494.09016393442624
10801,443,0.38242954761345416,550.785553047404
10802,5,0.0,31.2
10803,48,0.15159574468085107,73.72916666666667
10804,33,0.23295454545454544,67.87878787878788
10805,25,0.44333333333333336,400.44
10806,19,0.4269005847953216,50.36842105263158
10807,24,0.18115942028985507,20.166666666666668
10808,68,0.19798068481123793,79.29411764705883
10809,440,0.38826879271070613,584.2409090909091
10810,350,0.3432173557101924,495.81142857142856
10811,2,1.0,54.5
10812,16,0.525,91.0625
10813,2,0.0,3.0
10814,0,0.0,0.0
10815,2,0.0,29.0
10816,0,0.0,0.0
10817,69,0.18584825234441602,61.04347826086956
10818,0,0.0,0.0
10819,34,0.41711229946524064,109.23529411764706
10820,132,0.6172796668979875,658.9015151515151
10821,1,0.0,87.0
10822,0,0.0,0.0
10823,23,0.2964426877470356,76.34782608695652
10824,201,0.3314427860696517,176.8407960199005
10825,49,0.2568027210884354,142.3877551020408
10826,1,0.0,1.0
10827,26,0.3261538461538461,56.96153846153846
10828,9,0.19444444444444445,56.888888888888886
10829,0,0.0,0.0
10830,5,0.2,27.4
10831,25,0.19333333333333333,46.28
10832,124,0.4760031471282455,436.91129032258067
10833,456,0.2532967032967033,406.6622807017544
10834,9,0.16666666666666666,57.77777777777778
10835,3,0.3333333333333333,19.0
10836,1,0.0,2.0
10837,3,0.3333333333333333,18.0
10838,19,0.47953216374269003,234.68421052631578
10839,0,0.0,0.0
10840,43,0.7740863787375415,540.7209302325581
10841,13,0.1282051282051282,41.30769230769231
10842,0,0.0,0.0
10843,0,0.0,0.0
10844,6,0.6666666666666666,128.16666666666666
10845,61,0.4786885245901639,331.88524590163934
10846,53,0.3686502177068215,265.0
10847,0,0.0,0.0
10848,1,0.0,5.0
10849,7,0.47619047619047616,44.857142857142854
10850,115,0.16750572082379864,88.64347826086957
10851,36,0.22380952380952382,57.388888888888886
10852,20,0.3894736842105263,70.65
10853,5,0.3,20.2
10854,0,0.0,0.0
10855,463,0.4766953708638374,603.719222462203
10856,2,0.0,229.5
10857,18,0.1437908496732026,46.77777777777778
10858,114,0.16845210371060396,103.15789473684211
10859,284,0.22629771562235604,143.66901408450704
10860,6,0.3333333333333333,24.166666666666668
10861,128,0.390009842519685,179.5078125
10862,4,0.16666666666666666,12.25
10863,81,0.3033950617283951,137.45679012345678
10864,15,0.24761904761904763,100.8
10865,120,0.15896358543417366,97.75
10866,289,0.44482891195693963,453.88235294117646
10867,4,0.16666666666666666,15.0
10868,0,0.0,0.0
10869,1,0.0,16.0
10870,0,0.0,0.0
10871,33,0.24053030303030304,104.78787878787878
10872,2,1.0,43.0
10873,615,0.3305526866343582,527.5040650406504
10874,12,0.22727272727272727,36.583333333333336
10875,28,0.5502645502645502,271.32142857142856
10876,29,0.1724137931034483,36.689655172413794
10877,19,0.30994152046783624,47.10526315789474
10878,91,0.49621489621489623,471.85714285714283
10879,583,0.35465332178033987,538.7667238421956
10880,30,0.1471264367816092,37.93333333333333
10881,4,0.3333333333333333,39.75
10882,0,0.0,0.0
10883,71,0.1778672032193159,101.05633802816901
10884,4,0.16666666666666666,35.25
10885,21,0.29523809523809524,43.38095238095238
10886,276,0.29038208168642954,154.2572463768116
10887,224,0.24423446508648303,146.35714285714286
10888,6,0.26666666666666666,92.0
10889,47,0.2923219241443108,82.8936170212766
10890,63,0.19610855094726062,75.85714285714286
10891,1,0.0,57.0
10892,9,0.1111111111111111,37.888888888888886
10893,524,0.27933384905054515,508.1564885496183
10894,19,0.2807017543859649,67.84210526315789
10895,0,0.0,0.0
10896,0,0.0,0.0
10897,140,0.47471736896197325,564.9714285714285
10898,67,0.18860244233378562,94.41791044776119
10899,31,0.2172043010752688,72.03225806451613
10900,30,0.26436781609195403,87.46666666666667
10901,23,0.1541501976284585,63.82608695652174
10902,97,0.20231958762886598,90.75257731958763
10903,47,0.20351526364477335,58.5531914893617
10904,16,0.45,71.125
10905,17,0.3602941176470588,93.17647058823529
10906,6,0.06666666666666667,8.833333333333334
10907,0,0.0,0.0
10908,45,0.42424242424242425,289.15555555555557
10909,0,0.0,0.0
10910,93,0.41374474053295934,144.7741935483871
10911,5,0.4,49.0
10912,0,0.0,0.0
10913,1,0.0,50.0
10914,23,0.2845849802371542,47.608695652173914
10915,5,0.5,54.0
10916,44,0.3752642706131078,224.25
10917,154,0.31788472964943554,198.4025974025974
10918,11,0.7272727272727273,96.0909090909091
10919,12,0.42424242424242425,195.91666666666666
10920,127,0.5161854768153981,418.07086614173227
10921,8,0.25,80.125
10922,18,0.2679738562091503,36.22222222222222
10923,23,0.3794466403162055,59.391304347826086
10924,135,0.43991155334438914,479.6296296296296
10925,12,0.10606060606060606,7.333333333333333
10926,26,0.24307692307692308,73.3076923076923
10927,2,0.0,80.0
10928,3,0.3333333333333333,24.333333333333332
10929,8,0.4642857142857143,29.875
10930,195,0.2205128205128205,131.6769230769231
10931,20,0.3473684210526316,102.85
10932,74,0.25953350610884857,136.2972972972973
10933,24,0.40217391304347827,127.29166666666667
10934,0,0.0,0.0
10935,125,0.3161290322580645,172.648
10936,1,0.0,6.0
10937,59,0.26066627703097606,64.38983050847457
10938,5,0.2,30.8
10939,66,0.48951048951048953,163.16666666666666
10940,86,0.21833105335157318,116.56976744186046
10941,6,0.6666666666666666,73.16666666666667
10942,106,0.379874213836478,176.96226415094338
10943,0,0.0,0.0
10944,4,0.5,63.25
10945,48,0.4512411347517731,94.75
10946,47,0.22571692876965774,86.23404255319149
10947,69,0.27152600170502983,127.08695652173913
10948,6,0.2,10.333333333333334
10949,18,0.3790849673202614,130.72222222222223
10950,85,0.7697478991596639,376.1764705882353
10951,86,0.2960328317373461,128.5581395348837
10952,43,0.6910299003322259,195.25581395348837
10953,1,0.0,10.0
10954,20,0.3,46.05
10955,108,0.47992384908272756,245.60185185185185
10956,843,0.2660107127863106,491.3190984578885
10957,5,0.2,28.2
10958,54,0.23619846261355695,55.2962962962963
10959,1,0.0,53.0
10960,21,0.19523809523809524,24.428571428571427
10961,6,0.13333333333333333,28.833333333333332
10962,66,0.4344988344988345,221.03030303030303
10963,4,0.0,32.75
10964,25,0.35,87.48
10965,21,0.3333333333333333,166.52380952380952
10966,3,0.3333333333333333,14.333333333333334
10967,49,0.5263605442176871,208.6530612244898
10968,5,0.4,76.2
10969,0,0.0,0.0
10970,1,0.0,32.0
10971,1,0.0,10.0
10972,5,0.4,22.0
10973,0,0.0,0.0
10974,14,0.5164835164835165,132.78571428571428
10975,31,0.610752688172043,438.4516129032258
10976,36,0.3492063492063492,252.13888888888889
10977,12,0.06060606060606061,22.666666666666668
10978,76,0.5196491228070176,287.3421052631579
10979,25,0.19666666666666666,47.24
10980,11,0.32727272727272727,52.72727272727273
10981,0,0.0,0.0
10982,319,0.2086906803887936,397.55799373040753
10983,22,0.47619047619047616,230.0
10984,0,0.0,0.0
10985,712,0.2941418164003856,511.6207865168539
10986,17,0.1323529411764706,42.470588235294116
10987,1,0.0,23.0
10988,483,0.4375144970490451,624.544513457557
10989,96,0.14232456140350877,116.01041666666667
10990,2,1.0,2.5
10991,123,0.2665600426496068,298.390243902439
10992,112,0.1311132561132561,93.42857142857143
10993,72,0.2656494522691706,111.68055555555556
10994,33,0.1534090909090909,63.121212121212125
10995,0,0.0,0.0
10996,44,0.22938689217758984,122.1590909090909
10997,47,0.3108233117483811,47.42553191489362
10998,8,0.4642857142857143,36.125
10999,25,0.30666666666666664,82.32
11000,21,0.21904761904761905,18.523809523809526
11001,388,0.42674285409840435,620.4536082474227
11002,27,0.1396011396011396,84.66666666666667
11003,66,0.10396270396270396,55.53030303030303
11004,285,0.33686681492463555,447.0561403508772
11005,17,0.4852941176470588,84.82352941176471
11006,2,1.0,10.0
11007,26,0.48615384615384616,351.65384615384613
11008,89,0.4811031664964249,434.5842696629214
11009,43,0.21483942414174972,60.651162790697676
11010,145,0.2506704980842912,141.4
11011,30,0.3563218390804598,100.7
11012,355,0.40970796530596004,471.85352112676054
11013,27,0.4358974358974359,55.48148148148148
11014,5,0.8,29.2
11015,1,0.0,38.0
11016,5,0.5,41.6
11017,304,0.5268586069133229,550.108552631579
11018,16,0.175,20.4375
11019,8,0.5357142857142857,84.0
11020,13,0.4358974358974359,54.0
11021,0,0.0,0.0
11022,18,0.1503267973856209,47.388888888888886
11023,0,0.0,0.0
11024,155,0.4774193548387097,560.8129032258065
11025,20,0.21578947368421053,44.3
11026,137,0.2212322885358523,323.6715328467153
11027,357,0.45035092688760897,282.01960784313724
11028,26,0.3415384615384615,110.38461538461539
11029,0,0.0,0.0
11030,23,0.22529644268774704,45.69565217391305
11031,153,0.24423804609563124,126.34640522875817
11032,2,1.0,4.0
11033,0,0.0,0.0
11034,1,0.0,1.0
11035,2,1.0,15.0
11036,6,0.4666666666666667,79.66666666666667
11037,20,0.32105263157894737,82.55
11038,27,0.32193732193732194,38.03703703703704
11039,8,0.03571428571428571,33.125
11040,74,0.27841540170307294,160.5
11041,17,0.13970588235294118,134.05882352941177
11042,38,0.2034139402560455,50.28947368421053
11043,21,0.32857142857142857,48.666666666666664
11044,4,0.3333333333333333,49.5
11045,15,0.37142857142857144,27.533333333333335
11046,28,0.3201058201058201,91.28571428571429
11047,95,0.1278835386338186,57.32631578947368
11048,4,0.0,101.5
11049,663,0.2706183100709491,488.2458521870287
11050,2,0.0,13.5
11051,2,1.0,53.0
11052,168,0.28835186769318505,142.86904761904762
11053,0,0.0,0.0
11054,3,0.0,57.0
11055,7,0.047619047619047616,11.857142857142858
11056,11,0.2,58.72727272727273
11057,34,0.33689839572192515,40.23529411764706
11058,4,0.6666666666666666,70.5
11059,83,0.19306494269761976,115.03614457831326
11060,42,0.3356562137049942,124.02380952380952
11061,9,0.1388888888888889,22.22222222222222
11062,9,0.2222222222222222,109.55555555555556
11063,6,0.26666666666666666,219.66666666666666
11064,1055,0.257704794194088,530.757345971564
11065,21,0.2571428571428571,77.71428571428571
11066,863,0.327608595709673,566.2247972190034
11067,4,0.3333333333333333,29.75
11068,1,0.0,19.0
11069,84,0.5679862306368331,481.17857142857144
11070,19,0.19883040935672514,28.57894736842105
11071,594,0.3504579238137417,547.1144781144781
11072,17,0.41911764705882354,87.52941176470588
11073,50,0.6955102040816327,578.4
11074,1,0.0,54.0
11075,20,0.25263157894736843,72.45
11076,32,0.10483870967741936,40.90625
11077,0,0.0,0.0
11078,4,0.3333333333333333,26.75
11079,97,0.39926975945017185,119.83505154639175
11080,116,0.3310344827586207,132.42241379310346
11081,348,0.34961409785021036,496.83620689655174
11082,0,0.0,0.0
11083,2,0.0,4.0
11084,16,0.3416666666666667,50.5625
11085,26,0.11384615384615385,33.80769230769231
11086,193,0.13628022452504318,205.94300518134716
11087,2,1.0,410.5
11088,8,0.32142857142857145,29.25
11089,1,0.0,2.0
11090,58,0.17422867513611615,73.22413793103448
11091,73,0.4486301369863014,343.56164383561645
11092,200,0.311356783919598,229.93
11093,32,0.22782258064516128,52.59375
11094,20,0.4631578947368421,288.9
11095,174,0.19194737891170022,132.20114942528735
11096,9,0.2777777777777778,14.88888888888889
11097,0,0.0,0.0
11098,183,0.29255989911727615,507.95628415300547
11099,6,0.2,80.66666666666667
11100,128,0.25553641732283466,144.34375
11101,193,0.3143350604490501,159.3678756476684
11102,44,0.43023255813953487,150.70454545454547
11103,222,0.23700623700623702,135.8918918918919
11104,98,0.2390069429833789,169.71428571428572
11105,4,0.6666666666666666,72.5
11106,190,0.600556947925369,692.5631578947368
11107,103,0.2132114981915096,90.27184466019418
11108,57,0.5451127819548872,209.2280701754386
11109,0,0.0,0.0
11110,314,0.46403207097942656,559.2261146496816
11111,72,0.41236306729264477,162.97222222222223
11112,3,0.0,244.66666666666666
11113,44,0.09408033826638477,35.5
11114,372,0.46227864243688954,538.4435483870968
11115,8,0.25,216.875
11116,2,0.0,30.5
11117,17,0.22058823529411764,39.705882352941174
11118,65,0.3038461538461538,149.1076923076923
11119,3,1.0,264.6666666666667
11120,4,0.3333333333333333,21.25
11121,0,0.0,0.0
11122,4,0.16666666666666666,22.25
11123,11,0.6545454545454545,54.90909090909091
11124,2,0.0,1.0
11125,3,0.6666666666666666,46.0
11126,6,0.6,51.833333333333336
11127,1,0.0,166.0
11128,152,0.2504356918787034,204.0328947368421
11129,26,0.2953846153846154,126.26923076923077
11130,2,0.0,2.0
11131,12,0.24242424242424243,19.666666666666668
11132,0,0.0,0.0
11133,15,0.4,19.2
11134,63,0.5156169994879672,480.92063492063494
11135,3,0.6666666666666666,14.0
11136,2,0.0,34.5
11137,0,0.0,0.0
11138,19,0.8070175438596491,29.894736842105264
11139,17,0.6323529411764706,421.05882352941177
11140,0,0.0,0.0
11141,1,0.0,21.0
11142,9,0.16666666666666666,34.888888888888886
11143,1,0.0,6.0
11144,29,0.4236453201970443,307.48275862068965
11145,19,0.38596491228070173,22.31578947368421
11146,16,0.15,21.75
11147,0,0.0,0.0
11148,1,0.0,1.0
11149,0,0.0,0.0
11150,46,0.2966183574879227,70.08695652173913
11151,3,0.0,2.6666666666666665
11152,112,0.3503861003861004,383.9375
11153,303,0.20737437982208817,156.2871287128713
11154,0,0.0,0.0
11155,0,0.0,0.0
11156,104,0.36221060492905155,205.30769230769232
11157,3,0.0,17.0
11158,1049,0.301644969036305,560.9942802669209
11159,5,0.6,24.6
11160,121,0.2670798898071625,137.15702479338842
11161,286,0.4289780395043553,446.0804195804196
11162,20,0.34210526315789475,124.15
11163,43,0.6943521594684385,150.90697674418604
11164,56,0.2785714285714286,72.69642857142857
11165,34,0.21568627450980393,115.67647058823529
11166,146,0.4625413320736892,484.56164383561645
11167,167,0.33504076184979437,147.38922155688624
11168,2,0.0,10.0
11169,22,0.18181818181818182,73.36363636363636
11170,3,0.0,7.333333333333333
11171,17,0.14705882352941177,47.294117647058826
11172,15,0.3142857142857143,139.46666666666667
11173,33,0.20454545454545456,135.3939393939394
11174,23,0.2608695652173913,43.95652173913044
11175,79,0.4884777669587796,287.32911392405066
11176,22,0.31601731601731603,157.5
11177,24,0.2427536231884058,57.375
11178,4,0.5,15.25
11179,31,0.23010752688172043,26.096774193548388
11180,516,0.3726273801460074,566.7868217054264
11181,14,0.31868131868131866,145.21428571428572
11182,5,0.3,77.8
11183,571,0.4325191261867453,592.2714535901927
11184,8,0.25,25.0
11185,599,0.2827454899749303,467.8146911519199
11186,39,0.42375168690958165,192.87179487179486
11187,364,0.44687131050767415,336.0521978021978
11188,10,0.15555555555555556,88.1
11189,3,0.3333333333333333,59.666666666666664
11190,62,0.43046007403490216,181.19354838709677
11191,34,0.5115864527629234,354.20588235294116
11192,8,0.5714285714285714,54.5
11193,1,0.0,392.0
11194,3,0.6666666666666666,5.666666666666667
11195,28,0.35185185185185186,226.89285714285714
11196,2,0.0,70.0
11197,9,0.19444444444444445,77.11111111111111
11198,32,0.6713709677419355,162.375
11199,0,0.0,0.0
11200,12,0.3787878787878788,40.083333333333336
11201,239,0.19496501529482085,124.19665271966527
11202,1,0.0,32.0
11203,10,0.4222222222222222,50.7
11204,5,0.5,75.8
11205,11,0.3090909090909091,31.181818181818183
11206,11,0.45454545454545453,96.45454545454545
11207,4,0.5,31.5
11208,18,0.27450980392156865,99.38888888888889
11209,0,0.0,0.0
11210,2,0.0,5.0
11211,7,0.2857142857142857,77.42857142857143
11212,6,0.6666666666666666,6.5
11213,7,0.47619047619047616,178.14285714285714
11214,0,0.0,0.0
11215,6,0.13333333333333333,17.0
11216,10,0.4666666666666667,85.4
11217,1,0.0,48.0
11218,3,0.3333333333333333,26.333333333333332
11219,43,0.1583610188261351,49.76744186046512
11220,60,0.28757062146892653,76.33333333333333
11221,1,0.0,1.0
11222,10,0.06666666666666667,20.0
11223,21,0.24761904761904763,39.523809523809526
11224,114,0.19562179785747555,114.82456140350877
11225,79,0.22719896137617657,107.67088607594937
11226,20,0.4263157894736842,85.3
11227,39,0.2658569500674764,64.84615384615384
11228,0,0.0,0.0
11229,101,0.5667326732673267,530.2772277227723
11230,2,0.0,16.5
11231,17,0.19852941176470587,140.52941176470588
11232,31,0.17419354838709677,41.806451612903224
11233,285,0.21709908574252532,166.66666666666666
11234,10,0.26666666666666666,15.8
11235,16,0.36666666666666664,289.375
11236,15,0.21904761904761905,52.46666666666667
11237,18,0.5816993464052288,108.94444444444444
11238,30,0.36551724137931035,109.76666666666667
11239,14,0.2087912087912088,26.785714285714285
11240,18,0.3202614379084967,228.94444444444446
11241,0,0.0,0.0
11242,1,0.0,13.0
11243,32,0.1875,117.78125
11244,0,0.0,0.0
11245,31,0.5913978494623656,276.61290322580646
11246,1,0.0,23.0
11247,5,0.0,34.2
11248,156,0.16782464846980977,83.07692307692308
11249,11,0.6,42.0
11250,148,0.3300239014524729,162.45945945945945
11251,17,0.3161764705882353,93.6470588235294
11252,130,0.2391174716756112,146.92307692307693
11253,499,0.3821619141898254,597.3386773547094
11254,49,0.3758503401360544,248.10204081632654
11255,513,0.2159554702729045,425.1500974658869
11256,194,0.5229955664761498,611.6701030927835
11257,6,1.0,29.833333333333332
11258,271,0.43695503621702886,569.8265682656827
11259,5,0.3,57.2
11260,399,0.46268938678354177,544.1779448621554
11261,25,0.3,120.68
11262,16,0.38333333333333336,167.0
11263,58,0.3079249848759831,207.74137931034483
11264,30,0.24597701149425288,122.76666666666667
11265,0,0.0,0.0
11266,18,0.4117647058823529,152.88888888888889
11267,1125,0.26930486358244365,525.3537777777777
11268,13,0.8846153846153846,205.15384615384616
11269,1,0.0,4.0
11270,121,0.39793388429752063,374.0165289256198
11271,77,0.17634996582365003,169.53246753246754
11272,38,0.42816500711237554,31.657894736842106
11273,2,1.0,65.0
11274,50,0.6024489795918367,93.24
11275,2,0.0,46.5
11276,441,0.4958256029684601,604.6530612244898
11277,1,0.0,23.0
11278,108,0.36690896503980613,175.5185185185185
11279,362,0.3503925559755743,312.99723756906076
11280,6,0.0,31.166666666666668
11281,4,0.3333333333333333,7.75
11282,3,0.0,34.0
11283,3,0.3333333333333333,69.66666666666667
11284,26,0.4307692307692308,30.46153846153846
11285,16,0.4666666666666667,112.875
11286,22,0.31601731601731603,304.3636363636364
11287,99,0.1331684188827046,64.56565656565657
11288,8,0.25,73.625
11289,120,0.16624649859943977,81.20833333333333
11290,292,0.5291625476627595,521.1643835616438
11291,2,1.0,26.5
11292,2,0.0,14.5
11293,0,0.0,0.0
11294,2,0.0,563.5
11295,0,0.0,0.0
11296,1,0.0,1.0
11297,68,0.19402985074626866,61.10294117647059
11298,61,0.2180327868852459,110.60655737704919
11299,12,0.13636363636363635,28.666666666666668
11300,68,0.2405618964003512,125.86764705882354
11301,14,0.2857142857142857,35.285714285714285
11302,2,0.0,20.5
11303,0,0.0,0.0
11304,66,0.2233100233100233,121.92424242424242
11305,386,0.4897247829890317,515.3989637305699
11306,174,0.2823068234668793,349.47701149425285
11307,0,0.0,0.0
11308,11,0.2909090909090909,280.09090909090907
11309,87,0.2194600374231489,104.1264367816092
11310,58,0.2619479733817302,171.41379310344828
11311,57,0.2781954887218045,59.07017543859649
11312,18,0.24836601307189543,68.38888888888889
11313,11,0.21818181818181817,29.545454545454547
11314,11,0.16363636363636364,27.363636363636363
11315,14,0.21978021978021978,24.928571428571427
11316,15,0.34285714285714286,165.8
11317,44,0.24735729386892177,104.4090909090909
11318,498,0.25599379408984024,401.90763052208837
11319,2,0.0,60.5
11320,0,0.0,0.0
11321,8,0.2857142857142857,10.375
11322,186,0.23911653589072943,141.98924731182797
11323,18,0.24183006535947713,58.888888888888886
11324,7,0.09523809523809523,23.285714285714285
11325,45,0.5343434343434343,493.31111111111113
11326,114,0.168141592920354,101.69298245614036
11327,2,1.0,16.5
11328,4,0.8333333333333334,14.5
11329,31,0.2924731182795699,66.09677419354838
11330,59,0.2033898305084746,84.91525423728814
11331,12,0.21212121212121213,36.0
11332,99,0.4500103071531643,141.67676767676767
11333,88,0.4156217345872518,176.1818181818182
11334,888,0.3144799252465543,549.9988738738739
11335,23,0.3557312252964427,42.391304347826086
11336,11,0.10909090909090909,19.363636363636363
11337,124,0.3017309205350118,252.25
11338,80,0.5325949367088607,434.15
11339,0,0.0,0.0
11340,1,0.0,9.0
11341,5,0.3,23.4
11342,10,0.37777777777777777,31.9
11343,43,0.2070874861572536,81.48837209302326
11344,805,0.3216773276474769,542.9304347826087
11345,114,0.27324949541996585,152.08771929824562
11346,23,0.3438735177865613,32.21739130434783
11347,6,0.6666666666666666,87.83333333333333
11348,8,0.21428571428571427,65.25
11349,19,0.2982456140350877,75.78947368421052
11350,68,0.2787532923617208,149.13235294117646
11351,0,0.0,0.0
11352,0,0.0,0.0
11353,2,0.0,13.0
11354,3,0.6666666666666666,21.666666666666668
11355,79,0.19604024667315806,88.51898734177215
11356,178,0.4767980702088491,401.9831460674157
11357,0,0.0,0.0
11358,23,0.5573122529644269,159.7391304347826
11359,5,0.6,65.8
11360,14,0.21978021978021978,44.642857142857146
11361,10,0.2,39.1
11362,217,0.6400836320191159,255.65437788018434
11363,5,0.5,15.4
11364,86,0.20437756497948018,135.86046511627907
11365,26,0.4461538461538462,194.80769230769232
11366,78,0.2440892440892441,273.3076923076923
11367,17,0.1323529411764706,20.058823529411764
11368,19,0.19298245614035087,67.47368421052632
11369,1,0.0,58.0
11370,253,0.42781855825334086,569.9525691699605
11371,5,0.5,427.4
11372,72,0.263302034428795,88.09722222222223
11373,138,0.18364540357558448,119.57971014492753
11374,14,0.3626373626373626,68.57142857142857
11375,6,0.3333333333333333,46.5
11376,0,0.0,0.0
11377,158,0.3500765943723293,375.5379746835443
11378,56,0.4785714285714286,160.60714285714286
11379,26,0.24307692307692308,41.92307692307692
11380,1,0.0,8.0
11381,0,0.0,0.0
11382,463,0.24431292249866765,427.34557235421164
11383,111,0.2163800163800164,125.46846846846847
11384,86,0.22954856361149112,67.48837209302326
11385,3,0.3333333333333333,41.666666666666664
11386,36,0.2841269841269841,165.25
11387,1,0.0,71.0
11388,50,0.26285714285714284,261.58
11389,23,0.2727272727272727,59.95652173913044
11390,1169,0.24885307662561373,521.66124893071
11391,36,0.3,45.75
11392,0,0.0,0.0
11393,32,0.2701612903225806,74.375
11394,55,0.3993265993265993,181.3090909090909
11395,2,0.0,46.0
11396,170,0.33630351548903586,381.97058823529414
11397,253,0.4749356923269967,579.2687747035573
11398,4,0.5,46.25
11399,30,0.22758620689655173,67.06666666666666
11400,2,0.0,9.5
11401,0,0.0,0.0
11402,1,0.0,7.0
11403,9,0.1388888888888889,42.55555555555556
11404,187,0.2654821459375539,146.70053475935828
11405,81,0.2419753086419753,95.75308641975309
11406,87,0.22293504410585405,107.72413793103448
11407,17,0.13970588235294118,49.64705882352941
11408,4,0.16666666666666666,18.25
11409,783,0.38688498887810996,583.941251596424
11410,63,0.34357398873527906,132.28571428571428
11411,2,0.0,95.0
11412,27,0.3475783475783476,135.59259259259258
11413,9,0.25,28.555555555555557
11414,92,0.7809364548494984,463.0652173913044
11415,0,0.0,0.0
11416,182,0.2804929876753081,137.86263736263737
11417,4,0.3333333333333333,47.25
11418,471,0.378614988480824,576.8513800424629
11419,204,0.2949386651212209,159.3235294117647
11420,240,0.32217573221757323,378.25416666666666
11421,87,0.2814755412991179,334.2413793103448
11422,0,0.0,0.0
11423,103,0.23548448505615838,110.85436893203884
11424,5,0.6,51.0
11425,5,0.3,208.6
11426,1,0.0,14.0
11427,20,0.43157894736842106,57.25
11428,388,0.4313247555875223,272.83505154639175
11429,222,0.2593453181688476,344.2882882882883
11430,73,0.2865296803652968,149.3013698630137
11431,0,0.0,0.0
11432,245,0.516259618601539,384.38775510204084
11433,17,0.09558823529411764,51.705882352941174
11434,37,0.35285285285285284,142.05405405405406
11435,5,0.0,9.2
11436,66,0.16456876456876457,38.75757575757576
11437,41,0.5280487804878049,350.9756097560976
11438,197,0.6275769190925101,573.5380710659898
11439,19,0.10526315789473684,38.10526315789474
11440,0,0.0,0.0
11441,128,0.5675442913385826,294.96875
11442,14,0.5054945054945055,98.42857142857143
11443,210,0.45363408521303256,541.0142857142857
11444,439,0.3694053525551014,537.3280182232346
11445,54,0.15164220824598182,93.53703703703704
11446,29,0.1354679802955665,34.96551724137931
11447,4,0.5,43.0
11448,0,0.0,0.0
11449,243,0.2230724755977281,156.9506172839506
11450,0,0.0,0.0
11451,5,0.3,36.4
11452,1,0.0,3.0
11453,63,0.21402969790066564,55.76190476190476
11454,0,0.0,0.0
11455,9,0.3055555555555556,23.555555555555557
11456,9,0.19444444444444445,243.55555555555554
11457,467,0.488866015384474,638.6595289079229
11458,20,0.4789473684210526,66.35
11459,0,0.0,0.0
11460,0,0.0,0.0
11461,119,0.7785215781227746,459.2857142857143
11462,122,0.2786885245901639,133.38524590163934
11463,29,0.5221674876847291,192.17241379310346
11464,0,0.0,0.0
11465,633,0.44360789489471475,627.3238546603476
11466,0,0.0,0.0
11467,30,0.2620689655172414,254.8
11468,63,0.3758320532514081,124.38095238095238
11469,0,0.0,0.0
11470,30,0.2160919540229885,51.266666666666666
11471,342,0.4048978751865,565.2836257309941
11472,12,0.25757575757575757,36.333333333333336
11473,300,0.5020735785953178,587.8333333333334
11474,2,0.0,61.5
11475,215,0.19091501847424472,125.09767441860465
11476,8,0.39285714285714285,28.0
11477,31,0.2752688172043011,70.61290322580645
11478,11,0.4909090909090909,50.90909090909091
11479,650,0.37646556832997513,569.4030769230769
11480,4,0.5,156.0
11481,2,1.0,40.5
11482,495,0.30603197971619023,551.3676767676768
11483,9,0.1111111111111111,32.888888888888886
11484,49,0.27380952380952384,141.0408163265306
11485,5,0.1,18.8
11486,206,0.2581103480937722,186.8009708737864
11487,0,0.0,0.0
11488,29,0.35714285714285715,125.72413793103448
11489,0,0.0,0.0
11490,7,0.19047619047619047,100.71428571428571
11491,138,0.4409182270178779,374.9855072463768
11492,907,0.2549851413217287,507.97464167585446
11493,2,0.0,2.0
11494,359,0.4746735967383016,655.1030640668523
11495,0,0.0,0.0
11496,2,0.0,24.0
11497,1,0.0,1.0
11498,9,0.2777777777777778,19.22222222222222
11499,21,0.6047619047619047,145.85714285714286
11500,0,0.0,0.0
11501,0,0.0,0.0
11502,6,0.6666666666666666,193.83333333333334
11503,10,0.3111111111111111,71.9
11504,30,0.3195402298850575,59.53333333333333
11505,165,0.2066518847006652,170.06666666666666
11506,7,0.3333333333333333,27.857142857142858
11507,10,0.3333333333333333,49.2
11508,8,0.14285714285714285,31.625
11509,4,0.0,23.75
11510,19,0.11695906432748537,22.526315789473685
11511,1122,0.2679727961251811,540.0704099821747
11512,29,0.16748768472906403,42.44827586206897
11513,29,0.2857142857142857,48.86206896551724
11514,100,0.6543434343434343,297.0
11515,29,0.22413793103448276,44.06896551724138
11516,4,0.0,16.0
11517,179,0.13947649237336013,107.3463687150838
11518,0,0.0,0.0
11519,316,0.5169580068314246,622.8955696202531
11520,709,0.32764775724542405,580.607898448519
11521,28,0.41798941798941797,38.892857142857146
11522,0,0.0,0.0
11523,206,0.4860525692635567,567.6504854368932
11524,0,0.0,0.0
11525,0,0.0,0.0
11526,6,0.2,21.166666666666668
11527,45,0.2606060606060606,163.2888888888889
11528,0,0.0,0.0
11529,40,0.4217948717948718,151.1
11530,4,0.3333333333333333,25.75
11531,12,0.24242424242424243,96.33333333333333
11532,6,0.0,17.833333333333332
11533,4,0.16666666666666666,57.75
11534,1,0.0,3.0
11535,0,0.0,0.0
11536,192,0.31206369982547993,179.99479166666666
11537,3,0.3333333333333333,34.0
11538,154,0.7378830320006791,647.5519480519481
11539,3,1.0,31.333333333333332
11540,0,0.0,0.0
11541,7,0.38095238095238093,71.14285714285714
11542,1,0.0,27.0
11543,30,0.632183908045977,151.63333333333333
11544,3,0.0,32.0
11545,6,0.06666666666666667,19.666666666666668
11546,13,0.20512820512820512,43.0
11547,48,0.25354609929078015,79.625
11548,0,0.0,0.0
11549,401,0.5157231920199501,552.5062344139651
11550,16,0.2833333333333333,59.5625
11551,64,0.5590277777777778,458.625
11552,64,0.1800595238095238,48.5625
11553,20,0.2736842105263158,175.05
11554,17,0.4632352941176471,78.52941176470588
11555,4,0.8333333333333334,25.75
11556,2,0.0,54.5
11557,180,0.38479205462445687,424.98333333333335
11558,0,0.0,0.0
11559,3,0.0,13.0
11560,395,0.31005590181841547,475.3873417721519
11561,127,0.5345581802274716,448.2755905511811
11562,683,0.3690806902444365,543.4773060029282
11563,2,1.0,5.0
11564,0,0.0,0.0
11565,108,0.2864312911041883,104.21296296296296
11566,0,0.0,0.0
11567,1,0.0,1.0
11568,169,0.45935474781628627,340.4556213017751
11569,95,0.27838745800671894,85.4421052631579
11570,12,0.3181818181818182,38.0
11571,0,0.0,0.0
11572,21,0.3952380952380952,137.95238095238096
11573,68,0.237928007023705,249.8235294117647
11574,49,0.3324829931972789,109.81632653061224
11575,0,0.0,0.0
11576,2,1.0,40.0
11577,20,0.28421052631578947,73.7
11578,54,0.24178895877009085,56.166666666666664
11579,71,0.23822937625754528,139.01408450704224
11580,11,0.05454545454545454,54.09090909090909
11581,32,0.2782258064516129,115.15625
11582,1,0.0,15.0
11583,141,0.14447821681864234,96.45390070921985
11584,564,0.35211569227668393,480.4804964539007
11585,41,0.30609756097560975,72.70731707317073
11586,0,0.0,0.0
11587,5,0.6,17.4
11588,48,0.29343971631205673,143.02083333333334
11589,62,0.2527763088313062,117.29032258064517
11590,35,0.28739495798319326,84.0
11591,3,0.6666666666666666,5.0
11592,37,0.30180180180180183,162.8108108108108
11593,47,0.21461609620721553,82.82978723404256
11594,42,0.22996515679442509,94.5952380952381
11595,12,0.5303030303030303,74.33333333333333
11596,66,0.20745920745920746,88.13636363636364
11597,5,0.4,51.0
11598,21,0.22857142857142856,89.76190476190476
11599,26,0.3723076923076923,142.42307692307693
11600,1,0.0,3.0
11601,518,0.3977431424239935,555.965250965251
11602,12,0.16666666666666666,21.583333333333332
11603,27,0.41025641025641024,71.74074074074075
11604,0,0.0,0.0
11605,8,0.35714285714285715,125.625
11606,15,0.3333333333333333,10.466666666666667
11607,18,0.45751633986928103,41.888888888888886
11608,7,0.6190476190476191,83.85714285714286
11609,44,0.4260042283298097,291.70454545454544
11610,824,0.34951751229812783,565.5873786407767
11611,32,0.47580645161290325,156.21875
11612,6,0.3333333333333333,19.833333333333332
11613,24,0.16666666666666666,28.625
11614,11,0.34545454545454546,52.90909090909091
11615,7,0.2857142857142857,117.85714285714286
11616,11,0.45454545454545453,102.18181818181819
11617,82,0.5197229750075278,174.6341463414634
11618,39,0.15114709851551958,52.30769230769231
11619,13,0.21794871794871795,42.69230769230769
11620,0,0.0,0.0
11621,1,0.0,9.0
11622,58,0.23411978221415608,93.94827586206897
11623,0,0.0,0.0
11624,13,0.23076923076923078,125.07692307692308
11625,2,1.0,44.0
11626,0,0.0,0.0
11627,0,0.0,0.0
11628,71,0.5613682092555332,186.25352112676057
11629,39,0.18083670715249664,88.53846153846153
11630,52,0.4698340874811463,366.4423076923077
11631,2,0.0,1.0
11632,4,0.3333333333333333,41.0
11633,75,0.19783783783783784,65.25333333333333
11634,2,1.0,302.5
11635,56,0.1512987012987013,101.33928571428571
11636,98,0.47317483694508733,374.88775510204084
11637,6,0.6,101.33333333333333
11638,11,0.2727272727272727,65.9090909090909
11639,3,0.3333333333333333,2.0
11640,6,0.26666666666666666,33.166666666666664
11641,1,0.0,69.0
11642,0,0.0,0.0
11643,11,0.32727272727272727,52.36363636363637
11644,944,0.3021797544799324,555.5063559322034
11645,1,0.0,9.0
11646,0,0.0,0.0
11647,0,0.0,0.0
11648,171,0.08001375988992088,101.82456140350877
11649,60,0.20564971751412428,57.53333333333333
11650,16,0.18333333333333332,31.625
11651,84,0.28944348823866894,140.1547619047619
11652,11,0.2545454545454545,111.45454545454545
11653,29,0.5172413793103449,422.6551724137931
11654,29,0.19704433497536947,89.20689655172414
11655,123,0.13314674130347862,108.0569105691057
11656,1421,0.2500213101267705,518.5390570021112
11657,919,0.27216757819074916,538.7388465723612
11658,175,0.40334975369458126,427.9085714285714
11659,17,0.21323529411764705,33.05882352941177
11660,291,0.3665363194691314,484.6666666666667
11661,115,0.5639969488939741,582.0347826086957
11662,73,0.6438356164383562,234.43835616438355
11663,3,0.0,41.333333333333336
11664,87,0.25848703555199143,239.66666666666666
11665,200,0.1820603015075377,145.65
11666,93,0.2971014492753623,191.11827956989248
11667,0,0.0,0.0
11668,618,0.38943001159173996,601.2605177993528
11669,49,0.14370748299319727,49.83673469387755
11670,1,0.0,6.0
11671,1,0.0,2.0
11672,18,0.2222222222222222,98.0
11673,54,0.28721174004192873,58.53703703703704
11674,0,0.0,0.0
11675,36,0.46190476190476193,114.05555555555556
11676,79,0.2622525154170724,108.83544303797468
11677,178,0.7290674792103091,294.85955056179773
11678,20,0.5578947368421052,29.25
11679,10,0.4222222222222222,117.9
11680,5,0.2,12.0
11681,128,0.5666830708661418,515.1953125
11682,0,0.0,0.0
11683,9,0.1111111111111111,18.555555555555557
11684,17,0.5147058823529411,34.05882352941177
11685,31,0.14408602150537633,24.35483870967742
11686,32,0.5,278.5
11687,64,0.2564484126984127,118.515625
11688,6,0.7333333333333333,269.1666666666667
11689,630,0.2842102606808489,474.4809523809524
11690,61,0.4562841530054645,245.95081967213116
11691,39,0.23481781376518218,78.46153846153847
11692,0,0.0,0.0
11693,29,0.2684729064039409,94.65517241379311
11694,494,0.3804764681245945,472.2226720647773
11695,27,0.12535612535612536,29.074074074074073
11696,301,0.3628792912513843,522.9136212624585
11697,44,0.2040169133192389,66.04545454545455
11698,3,0.6666666666666666,264.0
11699,95,0.39440089585666294,342.34736842105264
11700,0,0.0,0.0
11701,3,0.0,39.666666666666664
11702,363,0.39944903581267216,292.89256198347107
11703,34,0.19429590017825313,48.76470588235294
11704,22,0.38961038961038963,119.36363636363636
11705,17,0.1323529411764706,56.35294117647059
11706,40,0.17051282051282052,61.825
11707,68,0.24539069359086918,55.0735294117647
11708,59,0.19812974868497954,92.79661016949153
11709,76,0.3270175438596491,152.02631578947367
11710,14,0.42857142857142855,115.0
11711,10,0.37777777777777777,88.0
11712,24,0.4311594202898551,399.1666666666667
11713,23,0.2450592885375494,45.69565217391305
11714,10,0.3111111111111111,60.6
11715,82,0.20204757603131587,110.20731707317073
11716,54,0.3801537386443047,84.55555555555556
11717,0,0.0,0.0
11718,19,0.543859649122807,67.0
11719,83,0.36820452541874815,107.81927710843374
11720,895,0.33874245435116795,563.7173184357542
11721,33,0.5776515151515151,325.2121212121212
11722,509,0.38308092136812955,592.1355599214145
11723,22,0.38961038961038963,162.4090909090909
11724,12,0.18181818181818182,37.75
11725,8,0.03571428571428571,30.5
11726,1,0.0,4.0
11727,36,0.28095238095238095,114.27777777777777
11728,103,0.17989720159908623,81.10679611650485
11729,101,0.2859405940594059,224.40594059405942
11730,2,0.0,9.5
11731,1,0.0,2.0
11732,21,0.05714285714285714,15.476190476190476
11733,91,0.1387057387057387,52.27472527472528
11734,0,0.0,0.0
11735,0,0.0,0.0
11736,21,0.35714285714285715,70.80952380952381
11737,7,0.3333333333333333,42.57142857142857
11738,7,0.2857142857142857,41.714285714285715
11739,2,0.0,8.0
11740,672,0.3231583989780711,550.8928571428571
11741,13,0.2948717948717949,27.692307692307693
11742,160,0.7125786163522012,278.60625
11743,0,0.0,0.0
11744,0,0.0,0.0
11745,0,0.0,0.0
11746,1,0.0,6.0
11747,40,0.15384615384615385,107.5
11748,6,0.06666666666666667,6.0
11749,38,0.2972972972972973,72.5
11750,6,0.8666666666666667,200.83333333333334
11751,0,0.0,0.0
11752,34,0.3672014260249554,63.55882352941177
11753,167,0.18021787749801602,104.67065868263474
11754,6,0.26666666666666666,40.166666666666664
11755,17,0.22058823529411764,36.88235294117647
11756,8,0.07142857142857142,113.75
11757,4,0.5,65.75
11758,5,0.2,16.0
11759,254,0.24829603809405248,192.26377952755905
11760,47,0.23126734505087881,59.638297872340424
11761,1,0.0,19.0
11762,4,0.3333333333333333,13.0
11763,33,0.35795454545454547,103.78787878787878
11764,4,0.0,14.5
11765,84,0.28858290304073436,94.29761904761905
11766,10,0.4444444444444444,132.6
11767,78,0.17182817182817184,59.333333333333336
11768,4,0.16666666666666666,61.5
11769,59,0.179427235534775,119.61016949152543
11770,7,0.5714285714285714,80.28571428571429
11771,10,0.3111111111111111,32.6
11772,22,0.23809523809523808,88.77272727272727
11773,201,0.3272636815920398,421.3134328358209
11774,8,0.2857142857142857,73.5
11775,593,0.3884736338361971,589.2411467116358
11776,12,0.3181818181818182,67.0
11777,94,0.24639670555936857,126.30851063829788
11778,19,0.40350877192982454,85.36842105263158
11779,0,0.0,0.0
11780,14,0.38461538461538464,35.5
11781,0,0.0,0.0
11782,889,0.26380232876295867,531.7289088863891
11783,72,0.20970266040688576,120.48611111111111
11784,1,0.0,1.0
11785,61,0.27814207650273226,113.27868852459017
11786,18,0.29411764705882354,64.55555555555556
11787,168,0.447034502423724,508.7440476190476
11788,227,0.5158863202214339,525.352422907489
11789,0,0.0,0.0
11790,13,0.32051282051282054,50.53846153846154
11791,4,0.6666666666666666,301.75
11792,31,0.44086021505376344,109.51612903225806
11793,113,0.6536030341340076,486.353982300885
11794,7,0.47619047619047616,75.42857142857143
11795,14,0.23076923076923078,23.714285714285715
11796,336,0.4143034825870647,576.7053571428571
11797,0,0.0,0.0
11798,8,0.25,161.75
11799,12,0.3787878787878788,17.0
11800,11,0.2727272727272727,230.54545454545453
11801,2,1.0,55.5
11802,13,0.48717948717948717,28.46153846153846
11803,0,0.0,0.0
11804,22,0.2077922077922078,53.0
11805,8,0.2857142857142857,45.375
11806,541,0.3856438693776956,611.2014787430684
11807,0,0.0,0.0
11808,74,0.3217326915957053,119.51351351351352
11809,4,0.5,28.25
11810,29,0.20689655172413793,42.3448275862069
11811,706,0.2831494987242079,502.5198300283286
11812,411,0.38931814135659604,493.0681265206813
11813,1,0.0,6.0
11814,0,0.0,0.0
11815,113,0.15881795195954487,96.2566371681416
11816,209,0.2485737946264262,200.27272727272728
11817,2,0.0,12.5
11818,116,0.5586206896551724,443.62931034482756
11819,56,0.36948051948051946,117.51785714285714
11820,7,0.3333333333333333,43.142857142857146
11821,1,0.0,2.0
11822,27,0.48717948717948717,141.88888888888889
11823,1,0.0,4.0
11824,707,0.3814505691767072,603.5869872701555
11825,6,0.4666666666666667,121.33333333333333
11826,129,0.4256298449612403,325.5736434108527
11827,19,0.42105263157894735,59.8421052631579
11828,3,1.0,39.666666666666664
11829,30,0.25517241379310346,125.1
11830,8,0.32142857142857145,170.0
11831,8,0.03571428571428571,50.375
11832,11,0.2,17.818181818181817
11833,4,0.16666666666666666,17.0
11834,120,0.3051820728291317,137.15
11835,0,0.0,0.0
11836,68,0.1742756804214223,62.411764705882355
11837,583,0.4387838706064732,603.5694682675814
11838,8,0.14285714285714285,36.125
11839,18,0.29411764705882354,94.0
11840,4,0.8333333333333334,61.0
11841,57,0.2399749373433584,60.719298245614034
11842,124,0.3953579858379229,168.95967741935485
11843,2,0.0,8.0
11844,44,0.5264270613107822,312.0
11845,10,0.06666666666666667,17.5
11846,11,0.10909090909090909,18.636363636363637
11847,4,1.0,34.25
11848,8,0.35714285714285715,34.375
11849,4,0.0,37.0
11850,12,0.42424242424242425,53.083333333333336
11851,213,0.4331207370006201,575.755868544601
11852,716,0.2943860608665078,521.0698324022346
11853,2,1.0,10.5
11854,42,0.1718931475029036,74.04761904761905
11855,22,0.3203463203463203,264.22727272727275
11856,8,0.21428571428571427,50.125
11857,27,0.31054131054131057,118.5925925925926
11858,5,0.4,16.0
11859,105,0.26666666666666666,132.56190476190477
11860,2,0.0,6.5
11861,10,0.35555555555555557,58.2
11862,16,0.5583333333333333,96.375
11863,100,0.4171717171717172,157.99
11864,0,0.0,0.0
11865,123,0.2700253232040517,229.6178861788618
11866,30,0.2850574712643678,45.2
11867,14,0.07692307692307693,31.642857142857142
11868,0,0.0,0.0
11869,2,0.0,22.5
11870,11,0.18181818181818182,30.545454545454547
11871,46,0.2898550724637681,92.6304347826087
11872,325,0.44425451092117757,378.7938461538462
11873,17,0.2647058823529412,62.11764705882353
11874,53,0.3164005805515239,30.547169811320753
11875,152,0.612234227953991,370.94736842105266
11876,23,0.3794466403162055,21.52173913043478
11877,56,0.17337662337662338,52.982142857142854
11878,20,0.3894736842105263,107.7
11879,683,0.261207455464292,494.8843338213763
11880,4,0.6666666666666666,129.75
11881,1,0.0,19.0
11882,167,0.6050068537623549,478.03592814371257
11883,0,0.0,0.0
11884,10,0.3333333333333333,18.1
11885,313,0.4368804784140247,495.9392971246006
11886,1,0.0,46.0
11887,47,0.6049953746530989,307.59574468085106
11888,14,0.45054945054945056,76.28571428571429
11889,8,0.75,469.25
11890,3,0.3333333333333333,27.333333333333332
11891,17,0.5073529411764706,521.5882352941177
11892,10,0.28888888888888886,85.8
11893,1,0.0,1.0
11894,45,0.47474747474747475,291.24444444444447
11895,29,0.33004926108374383,55.827586206896555
11896,50,0.2726530612244898,96.32
11897,826,0.33663511629613324,551.7978208232446
11898,3,0.0,16.333333333333332
11899,94,0.5790436970944864,609.563829787234
11900,4,0.3333333333333333,12.75
11901,64,0.3219246031746032,139.40625
11902,20,0.22631578947368422,51.1
11903,8,0.07142857142857142,13.5
11904,3,0.3333333333333333,57.666666666666664
11905,6,0.4,40.333333333333336
11906,0,0.0,0.0
11907,390,0.38638191286006196,467.2923076923077
11908,10,0.5333333333333333,61.9
11909,46,0.6106280193236715,438.4347826086956
11910,3,0.3333333333333333,47.0
11911,19,0.631578947368421,28.789473684210527
11912,4,0.3333333333333333,14.5
11913,467,0.37205797208002866,545.4282655246253
11914,6,0.3333333333333333,77.83333333333333
11915,14,0.18681318681318682,31.071428571428573
11916,477,0.43412081813857617,632.62893081761
11917,239,0.46837312330790054,299.6150627615063
11918,0,0.0,0.0
11919,10,0.2,44.8
11920,4,0.5,36.0
11921,132,0.4492250751792736,180.71212121212122
11922,1,0.0,20.0
11923,314,0.40864044280743167,482.93949044585986
11924,400,0.33923558897243106,476.0725
11925,5,0.5,47.8
11926,4,0.5,146.5
11927,4,0.3333333333333333,9.5
11928,2,1.0,47.5
11929,1,0.0,251.0
11930,5,0.7,376.0
11931,66,0.19533799533799534,134.65151515151516
11932,275,0.5036496350364964,560.0254545454545
11933,3,0.0,4.0
11934,1,0.0,4.0
11935,2,0.0,2.0
11936,20,0.2736842105263158,86.35
11937,44,0.29704016913319237,141.27272727272728
11938,1,0.0,20.0
11939,1,0.0,14.0
11940,0,0.0,0.0
11941,24,0.37681159420289856,131.125
11942,163,0.7702794819359237,304.95705521472394
11943,0,0.0,0.0
11944,50,0.3314285714285714,107.68
11945,16,0.2916666666666667,97.0
11946,33,0.6060606060606061,114.78787878787878
11947,2,0.0,19.5
11948,20,0.30526315789473685,92.95
11949,32,0.40725806451612906,168.96875
11950,22,0.2683982683982684,49.04545454545455
11951,7,0.047619047619047616,34.42857142857143
11952,2,0.0,12.5
11953,5,0.6,286.8
11954,70,0.6993788819875777,531.7
11955,262,0.17314497967301337,326.6412213740458
11956,0,0.0,0.0
11957,695,0.3593722140443265,573.6503597122302
11958,0,0.0,0.0
11959,15,0.22857142857142856,27.266666666666666
11960,40,0.2743589743589744,242.6
11961,40,0.28717948717948716,58.025
11962,45,0.31313131313131315,113.0
11963,33,0.4772727272727273,72.36363636363636
11964,69,0.396845694799659,134.7391304347826
11965,30,0.23908045977011494,57.166666666666664
11966,4,0.3333333333333333,96.25
11967,99,0.34219748505462794,193.1818181818182
11968,6,0.0,13.166666666666666
11969,0,0.0,0.0
11970,25,0.29333333333333333,50.8
11971,557,0.4785722588894773,689.2190305206464
11972,380,0.43424524371615053,494.9763157894737
11973,13,0.2948717948717949,54.84615384615385
11974,107,0.2086051842708517,192.39252336448598
11975,3,0.3333333333333333,48.0
11976,11,0.38181818181818183,86.36363636363636
11977,155,0.1893590280687055,271.61290322580646
11978,13,0.5512820512820513,128.07692307692307
11979,2,0.0,24.5
11980,21,0.3380952380952381,55.61904761904762
11981,0,0.0,0.0
11982,0,0.0,0.0
11983,1,0.0,23.0
11984,13,0.2692307692307692,44.30769230769231
11985,17,0.25735294117647056,72.0
11986,34,0.39928698752228164,73.6470588235294
11987,13,0.7564102564102564,29.76923076923077
11988,1,0.0,1.0
11989,26,0.5138461538461538,511.9230769230769
11990,20,0.4105263157894737,69.8
11991,87,0.43785084202085006,474.8735632183908
11992,41,0.23536585365853657,87.0
11993,2,0.0,19.5
11994,0,0.0,0.0
11995,0,0.0,0.0
11996,1,0.0,2.0
11997,0,0.0,0.0
11998,107,0.2974783988714512,202.22429906542055
11999,1,0.0,5.0
12000,0,0.0,0.0
12001,1096,0.25784254907842546,522.345802919708
12002,4,0.3333333333333333,85.25
12003,30,0.6,422.76666666666665
12004,0,0.0,0.0
12005,0,0.0,0.0
12006,9,0.3888888888888889,18.555555555555557
12007,0,0.0,0.0
12008,0,0.0,0.0
12009,29,0.8448275862068966,300.2068965517241
12010,208,0.30360460795243405,182.58173076923077
12011,10,0.37777777777777777,166.1
12012,229,0.4606986899563319,324.6113537117904
12013,52,0.07616892911010557,95.48076923076923
12014,0,0.0,0.0
12015,1,0.0,13.0
12016,279,0.15971738738041824,119.70250896057348
12017,327,0.5049436220708805,661.8654434250765
12018,0,0.0,0.0
12019,31,0.2172043010752688,159.8709677419355
12020,82,0.338452273411623,132.609756097561
12021,2,0.0,3.0
12022,337,0.44310795534831143,563.3175074183977
12023,79,0.3638429081467056,179.22784810126583
12024,11,0.4,97.0
12025,205,0.484026781444285,540.4
12026,0,0.0,0.0
12027,36,0.6095238095238096,424.19444444444446
12028,28,0.25396825396825395,46.714285714285715
12029,0,0.0,0.0
12030,21,0.21428571428571427,194.42857142857142
12031,98,0.2034504523458868,84.6938775510204
12032,0,0.0,0.0
12033,7,0.38095238095238093,15.285714285714286
12034,24,0.20652173913043478,35.416666666666664
12035,15,0.2857142857142857,106.33333333333333
12036,79,0.7260629665692957,363.5189873417722
12037,9,0.2222222222222222,36.77777777777778
12038,4,0.8333333333333334,7.5
12039,299,0.49094296424322686,566.5785953177258
12040,0,0.0,0.0
12041,10,0.4222222222222222,46.4
12042,3,0.3333333333333333,23.666666666666668
12043,47,0.18593894542090658,119.2127659574468
12044,8,0.5714285714285714,228.25
12045,23,0.41106719367588934,58.82608695652174
12046,95,0.3648376259798432,80.97894736842105
12047,65,0.5081730769230769,437.7846153846154
12048,322,0.39064646581915985,572.664596273292
12049,24,0.2246376811594203,99.41666666666667
12050,1,0.0,1.0
12051,75,0.5708108108108109,536.0533333333333
12052,65,0.1673076923076923,63.2
12053,19,0.1871345029239766,49.526315789473685
12054,359,0.42666625169231726,585.5013927576601
12055,5,0.0,22.4
12056,30,0.2045977011494253,46.6
12057,11,0.2727272727272727,37.45454545454545
12058,0,0.0,0.0
12059,537,0.3677561911114817,570.7523277467411
12060,2,1.0,13.5
12061,1,0.0,3.0
12062,0,0.0,0.0
12063,132,0.5150358547305112,583.5378787878788
12064,4,0.0,36.25
12065,147,0.3993104090951449,435.2857142857143
12066,28,0.19047619047619047,65.67857142857143
12067,2,0.0,13.5
12068,0,0.0,0.0
12069,121,0.6435261707988981,249.74380165289256
12070,468,0.4290616592543787,628.4893162393163
12071,10,0.13333333333333333,47.7
12072,1,0.0,6.0
12073,0,0.0,0.0
12074,30,0.29195402298850576,78.76666666666667
12075,18,0.11764705882352941,25.055555555555557
12076,23,0.2727272727272727,104.78260869565217
12077,1250,0.27475420336269013,552.6168
12078,31,0.16774193548387098,58.32258064516129
12079,2,0.0,66.5
12080,205,0.5114299378287901,436.91219512195124
12081,117,0.4336870026525199,194.1196581196581
12082,285,0.4358537188040524,543.838596491228
12083,6,0.3333333333333333,31.333333333333332
12084,21,0.20476190476190476,60.523809523809526
12085,2,0.0,51.0
12086,458,0.32992843014533746,466.17248908296943
12087,139,0.15524971327285997,137.7841726618705
12088,1,0.0,10.0
12089,63,0.5514592933947773,430.1746031746032
12090,1,0.0,3.0
12091,1,0.0,20.0
12092,3,0.3333333333333333,41.666666666666664
12093,22,0.45454545454545453,201.95454545454547
12094,35,0.24201680672268908,74.02857142857142
12095,707,0.3630109267503035,546.3437057991514
12096,14,0.5494505494505495,272.2142857142857
12097,9,0.8055555555555556,28.88888888888889
12098,31,0.2623655913978495,71.83870967741936
12099,2,0.0,4.5
12100,111,0.34742014742014743,128.45045045045046
12101,52,0.10105580693815988,40.05769230769231
12102,28,0.17195767195767195,77.71428571428571
12103,1,0.0,25.0
12104,20,0.2578947368421053,32.55
12105,68,0.4701492537313433,314.8529411764706
12106,245,0.5113081298093007,502.0775510204082
12107,13,0.19230769230769232,38.38461538461539
12108,45,0.2313131313131313,135.2888888888889
12109,24,0.3007246376811594,78.875
12110,7,0.19047619047619047,42.714285714285715
12111,8,0.39285714285714285,119.75
12112,24,0.2210144927536232,26.875
12113,20,0.16842105263157894,48.95
12114,0,0.0,0.0
12115,562,0.33019328727932457,530.3451957295374
12116,26,0.2123076923076923,83.38461538461539
12117,816,0.3153735113677373,542.4803921568628
12118,0,0.0,0.0
12119,903,0.2721698796571173,493.4562569213732
12120,4,0.16666666666666666,57.5
12121,57,0.20300751879699247,107.87719298245614
12122,36,0.2015873015873016,44.416666666666664
12123,10,0.4888888888888889,57.1
12124,76,0.16807017543859648,84.55263157894737
12125,86,0.506155950752394,465.16279069767444
12126,7,0.38095238095238093,112.0
12127,180,0.3528243327126009,366.85
12128,6,0.3333333333333333,225.83333333333334
12129,7,0.5238095238095238,46.285714285714285
12130,6,0.6,134.16666666666666
12131,34,0.20320855614973263,72.61764705882354
12132,37,0.16666666666666666,96.1891891891892
12133,0,0.0,0.0
12134,8,0.07142857142857142,9.625
12135,16,0.2,19.875
12136,130,0.31699463327370303,151.0
12137,13,0.32051282051282054,76.07692307692308
12138,22,0.2510822510822511,28.863636363636363
12139,5,0.2,48.8
12140,79,0.5141187925998053,184.49367088607596
12141,31,0.2,52.87096774193548
12142,3,0.0,29.333333333333332
12143,118,0.48906272635086195,505.7881355932203
12144,132,0.28348369188063843,267.7651515151515
12145,67,0.19041157847127996,104.59701492537313
12146,32,0.21774193548387097,117.375
12147,1,0.0,108.0
12148,204,0.6578769438810007,625.2401960784314
12149,0,0.0,0.0
12150,0,0.0,0.0
12151,6,0.5333333333333333,54.833333333333336
12152,197,0.29332849891225526,454.75634517766497
12153,82,0.5950015055706113,439.4390243902439
12154,57,0.31641604010025065,125.9298245614035
12155,0,0.0,0.0
12156,92,0.13377926421404682,126.1086956521739
12157,3,0.3333333333333333,220.0
12158,433,0.44860362672140963,595.5496535796767
12159,62,0.4103648863035431,153.61290322580646
12160,195,0.2818926777689664,165.87179487179486
12161,63,0.18791602662570406,99.38095238095238
12162,5,0.3,21.2
12163,70,0.1391304347826087,42.24285714285714
12164,12,0.3181818181818182,25.5
12165,6,0.3333333333333333,13.833333333333334
12166,18,0.1830065359477124,37.27777777777778
12167,6,0.26666666666666666,13.0
12168,47,0.3209990749306198,53.40425531914894
12169,243,0.5918103594871271,492.5349794238683
12170,7,0.3333333333333333,51.42857142857143
12171,18,0.3137254901960784,66.94444444444444
12172,1,0.0,3.0
12173,0,0.0,0.0
12174,0,0.0,0.0
12175,0,0.0,0.0
12176,1,0.0,3.0
12177,22,0.5757575757575758,88.18181818181819
12178,7,0.5238095238095238,27.428571428571427
12179,1,0.0,11.0
12180,227,0.19301391758605901,321.11453744493394
12181,3,0.6666666666666666,126.33333333333333
12182,3,0.0,9.333333333333334
12183,14,0.31868131868131866,17.714285714285715
12184,139,0.2609738296319466,335.8201438848921
12185,4,0.8333333333333334,44.0
12186,15,0.6,177.53333333333333
12187,1,0.0,21.0
12188,1,0.0,5.0
12189,40,0.28205128205128205,82.775
12190,9,0.5555555555555556,93.55555555555556
12191,11,0.2909090909090909,82.72727272727273
12192,8,0.21428571428571427,32.125
12193,33,0.48484848484848486,170.93939393939394
12194,239,0.3972785767026476,345.59414225941424
12195,2,0.0,39.0
12196,135,0.6641238253178552,307.85185185185185
12197,6,0.3333333333333333,89.16666666666667
12198,247,0.23949178763042692,146.6153846153846
12199,710,0.2880390949363317,549.3225352112676
12200,22,0.2813852813852814,45.90909090909091
12201,0,0.0,0.0
12202,48,0.21719858156028368,72.45833333333333
12203,226,0.33789577187807274,349.91150442477874
12204,3,0.3333333333333333,43.666666666666664
12205,56,0.44675324675324674,262.4107142857143
12206,38,0.2759601706970128,69.26315789473684
12207,0,0.0,0.0
12208,38,0.4182076813655761,92.23684210526316
12209,90,0.2519350811485643,161.8
12210,4,0.3333333333333333,61.0
12211,2,0.0,9.5
12212,1,0.0,1.0
12213,372,0.29011969973625484,314.5430107526882
12214,64,0.3531746031746032,364.140625
12215,320,0.434051724137931,349.6875
12216,121,0.4567493112947658,371.3471074380165
12217,53,0.6415094339622641,607.7735849056604
12218,7,0.19047619047619047,7.428571428571429
12219,11,0.32727272727272727,32.63636363636363
12220,146,0.25592820028341995,219.92465753424656
12221,0,0.0,0.0
12222,0,0.0,0.0
12223,569,0.36666130349761134,545.6836555360281
12224,33,0.20643939393939395,68.93939393939394
12225,86,0.279890560875513,216.30232558139534
12226,266,0.24874450276634982,378.7481203007519
12227,2,0.0,2.0
12228,20,0.24736842105263157,27.75
12229,52,0.43514328808446456,150.8653846153846
12230,4,0.8333333333333334,15.75
12231,76,0.2449122807017544,72.64473684210526
12232,1,0.0,5.0
12233,18,0.24183006535947713,58.77777777777778
12234,5,0.5,19.4
12235,81,0.2808641975308642,77.46913580246914
12236,201,0.628955223880597,458.55721393034827
12237,87,0.23148890670943598,56.32183908045977
12238,26,0.23076923076923078,250.65384615384616
12239,18,0.19607843137254902,63.94444444444444
12240,3,0.0,17.666666666666668
12241,6,0.3333333333333333,45.166666666666664
12242,6,0.13333333333333333,36.333333333333336
12243,2,1.0,6.0
12244,8,0.14285714285714285,35.375
12245,108,0.5398061613014884,385.2962962962963
12246,111,0.6471744471744472,318.06306306306305
12247,22,0.5021645021645021,155.45454545454547
12248,36,0.2761904761904762,110.38888888888889
12249,5,0.2,20.0
12250,405,0.3964674245202298,576.7901234567901
12251,19,0.38011695906432746,115.63157894736842
12252,35,0.1915966386554622,64.8
12253,15,0.24761904761904763,73.33333333333333
12254,16,0.7083333333333334,170.8125
12255,53,0.6001451378809869,157.30188679245282
12256,2,0.0,428.5
12257,42,0.2218350754936121,57.904761904761905
12258,24,0.358695652173913,44.583333333333336
12259,196,0.3917320774463632,319.26020408163265
12260,13,0.6025641025641025,188.53846153846155
12261,244,0.5261755380152465,692.4918032786885
12262,2,0.0,123.0
12263,1,0.0,1.0
12264,883,0.3011738481727157,539.3374858437146
12265,9,0.3888888888888889,64.33333333333333
12266,0,0.0,0.0
12267,0,0.0,0.0
12268,51,0.36392156862745095,71.03921568627452
12269,0,0.0,0.0
12270,118,0.3217441692017963,120.52542372881356
12271,58,0.4325468844525106,172.22413793103448
12272,0,0.0,0.0
12273,94,0.14527568062228324,53.255319148936174
12274,21,0.21904761904761905,27.428571428571427
12275,0,0.0,0.0
12276,25,0.20333333333333334,68.2
12277,442,0.391736181652148,283.61764705882354
12278,78,0.26373626373626374,101.87179487179488
12279,1,0.0,32.0
12280,684,0.406539775500244,588.5833333333334
12281,75,0.16684684684684684,77.37333333333333
12282,263,0.3243258932458712,401.0228136882129
12283,250,0.5723694779116466,636.892
12284,22,0.36796536796536794,78.27272727272727
12285,28,0.23544973544973544,29.071428571428573
12286,77,0.24606971975393027,117.96103896103897
12287,329,0.3050077841203944,412.0607902735562
12288,5,0.4,6.2
12289,10,0.37777777777777777,29.9
12290,27,0.24786324786324787,49.44444444444444
12291,246,0.4969304795088767,588.540650406504
12292,32,0.4012096774193548,145.53125
12293,291,0.45197298258087454,564.0859106529209
12294,4,0.3333333333333333,23.75
12295,0,0.0,0.0
12296,0,0.0,0.0
12297,2,0.0,25.5
12298,5,0.1,13.8
12299,6,0.4666666666666667,17.5
12300,7,0.42857142857142855,52.57142857142857
12301,5,0.1,16.0
12302,14,0.26373626373626374,22.214285714285715
12303,1,0.0,3.0
12304,36,0.2222222222222222,56.72222222222222
12305,83,0.4087569791360564,147.6987951807229
12306,6,0.4666666666666667,66.33333333333333
12307,49,0.5051020408163265,330.1020408163265
12308,45,0.1707070707070707,82.35555555555555
12309,14,0.26373626373626374,36.642857142857146
12310,151,0.189757174392936,141.48344370860926
12311,324,0.41665711118755494,483.1666666666667
12312,267,0.3939061135986032,516.4232209737828
12313,6,0.26666666666666666,39.833333333333336
12314,61,0.1885245901639344,90.0327868852459
12315,10,0.37777777777777777,29.5
12316,32,0.38911290322580644,125.84375
12317,3,0.0,3.6666666666666665
12318,3,0.0,4.333333333333333
12319,9,0.4722222222222222,15.222222222222221
12320,143,0.4183000098493056,222.44055944055944
12321,64,0.3412698412698413,117.296875
12322,42,0.23809523809523808,48.42857142857143
12323,6,0.6,12.833333333333334
12324,849,0.3656271529213059,589.9505300353356
12325,31,0.2064516129032258,48.774193548387096
12326,3,1.0,43.666666666666664
12327,359,0.5017817961127278,513.7576601671309
12328,110,0.32226855713094243,133.61818181818182
12329,41,0.5707317073170731,227.8048780487805
12330,0,0.0,0.0
12331,9,0.4722222222222222,100.55555555555556
12332,225,0.24063492063492065,150.82666666666665
12333,147,0.1954151523623148,117.36054421768708
12334,843,0.3632006491914692,581.497034400949
12335,19,0.2222222222222222,50.0
12336,22,0.16017316017316016,40.5
12337,8,0.21428571428571427,32.625
12338,10,0.2,35.5
12339,971,0.3021542251053755,585.73017507724
12340,138,0.1168941076906802,95.8695652173913
12341,4,0.0,8.0
12342,70,0.2124223602484472,93.52857142857142
12343,92,0.4218824653607262,164.7173913043478
12344,1,0.0,5.0
12345,1,0.0,14.0
12346,54,0.2809224318658281,124.22222222222223
12347,7,0.14285714285714285,41.857142857142854
12348,143,0.28188712695754947,119.25874125874125
12349,7,0.7142857142857143,38.57142857142857
12350,52,0.33408748114630465,104.38461538461539
12351,1,0.0,2.0
12352,1,0.0,6.0
12353,377,0.17261132118065353,132.23342175066313
12354,1,0.0,1.0
12355,1,0.0,22.0
12356,9,0.25,39.888888888888886
12357,3,0.3333333333333333,6.666666666666667
12358,3,0.0,15.0
12359,6,0.13333333333333333,24.166666666666668
12360,62,0.4923320994182972,239.19354838709677
12361,2,1.0,156.5
12362,125,0.48180645161290325,275.992
12363,0,0.0,0.0
12364,39,0.33738191632928477,138.05128205128204
12365,10,0.1111111111111111,18.2
12366,0,0.0,0.0
12367,76,0.3992982456140351,384.86842105263156
12368,3,0.3333333333333333,15.666666666666666
12369,41,0.7817073170731708,397.5121951219512
12370,17,0.5073529411764706,73.0
12371,4,0.6666666666666666,157.5
12372,22,0.19913419913419914,46.31818181818182
12373,2,0.0,23.0
12374,6,0.4666666666666667,27.5
12375,65,0.3855769230769231,439.4307692307692
12376,2,0.0,68.5
12377,8,0.32142857142857145,32.375
12378,134,0.15688474918639883,78.52985074626865
12379,213,0.42585702896625033,353.67605633802816
12380,115,0.4439359267734554,508.1478260869565
12381,106,0.35525606469002696,104.55660377358491
12382,8,0.75,22.0
12383,6,0.2,29.5
12384,8,0.7857142857142857,173.0
12385,1031,0.3017392860169691,573.0494665373424
12386,4,0.5,38.0
12387,12,0.4393939393939394,178.0
12388,10,0.17777777777777778,27.8
12389,2,0.0,37.0
12390,11,0.2545454545454545,18.90909090909091
12391,40,0.25769230769230766,168.275
12392,11,0.12727272727272726,44.54545454545455
12393,15,0.22857142857142856,33.2
12394,16,0.45,23.375
12395,34,0.2281639928698752,70.0
12396,66,0.21631701631701633,152.8939393939394
12397,121,0.33856749311294765,240.86776859504133
12398,97,0.3629725085910653,243.39175257731958
12399,207,0.4863280333943061,545.3236714975845
12400,0,0.0,0.0
12401,8,0.25,14.0
12402,2,0.0,7.0
12403,11,0.14545454545454545,22.0
12404,0,0.0,0.0
12405,18,0.1437908496732026,70.66666666666667
12406,4,0.0,57.0
12407,147,0.14965986394557823,172.0408163265306
12408,48,0.3395390070921986,125.64583333333333
12409,24,0.2318840579710145,113.91666666666667
12410,404,0.4782939832444783,611.1881188118812
12411,8,0.14285714285714285,28.25
12412,12,0.16666666666666666,25.833333333333332
12413,4,0.0,24.25
12414,210,0.2554112554112554,267.4428571428571
12415,329,0.2237934613388687,213.4164133738602
12416,21,0.3,21.428571428571427
12417,0,0.0,0.0
12418,31,0.4236559139784946,134.93548387096774
12419,0,0.0,0.0
12420,274,0.3736798481324029,480.56569343065695
12421,191,0.44271149076880684,512.9267015706806
12422,46,0.20579710144927535,42.06521739130435
12423,10,0.37777777777777777,102.0
12424,8,0.07142857142857142,13.625
12425,93,0.6802244039270687,577.6021505376344
12426,422,0.37539822809604756,566.2464454976304
12427,512,0.42846440802348335,569.794921875
12428,9,0.5277777777777778,27.88888888888889
12429,0,0.0,0.0
12430,2,0.0,64.0
12431,3,0.3333333333333333,6.666666666666667
12432,9,0.4444444444444444,149.88888888888889
12433,0,0.0,0.0
12434,10,0.28888888888888886,38.1
12435,7,0.7142857142857143,39.285714285714285
12436,3,0.0,19.333333333333332
12437,55,0.24915824915824916,135.47272727272727
12438,7,1.0,20.714285714285715
12439,86,0.19316005471956224,86.13953488372093
12440,17,0.34558823529411764,54.470588235294116
12441,0,0.0,0.0
12442,3,0.6666666666666666,3.0
12443,187,0.33643838767178424,383.5935828877005
12444,72,0.2828638497652582,276.1666666666667
12445,32,0.2701612903225806,128.0
12446,19,0.3157894736842105,125.89473684210526
12447,593,0.4150391960257053,630.6408094435076
12448,44,0.2917547568710359,177.1818181818182
12449,0,0.0,0.0
12450,0,0.0,0.0
12451,56,0.1357142857142857,62.07142857142857
12452,16,0.30833333333333335,178.5625
12453,265,0.17764436821040594,291.8452830188679
12454,12,0.4393939393939394,72.83333333333333
12455,31,0.40860215053763443,135.70967741935485
12456,4,1.0,37.25
12457,63,0.1930363543266769,58.095238095238095
12458,210,0.319708361813625,194.71904761904761
12459,7,0.8095238095238095,25.285714285714285
12460,241,0.4494121715076072,522.9045643153527
12461,574,0.44359718092319295,651.7334494773519
12462,22,0.30303030303030304,74.0909090909091
12463,18,0.2549019607843137,50.27777777777778
12464,43,0.22259136212624583,112.65116279069767
12465,108,0.44617514710972656,415.5
12466,13,0.47435897435897434,47.0
12467,1,0.0,22.0
12468,25,0.10666666666666667,38.52
12469,13,0.48717948717948717,169.84615384615384
12470,1,0.0,8.0
12471,0,0.0,0.0
12472,25,0.2733333333333333,43.16
12473,12,0.3181818181818182,22.416666666666668
12474,0,0.0,0.0
12475,15,0.22857142857142856,53.333333333333336
12476,541,0.34578626685835556,581.6414048059149
12477,40,0.3474358974358974,119.925
12478,26,0.24615384615384617,45.61538461538461
12479,6,0.6,25.833333333333332
12480,345,0.1820020222446916,172.76231884057972
12481,919,0.3153541431080956,569.7693144722524
12482,0,0.0,0.0
12483,105,0.37014652014652016,217.71428571428572
12484,4,0.3333333333333333,134.25
12485,0,0.0,0.0
12486,22,0.5324675324675324,179.72727272727272
12487,83,0.3062004114017044,320.0843373493976
12488,68,0.40298507462686567,189.97058823529412
12489,14,0.5824175824175825,127.28571428571429
12490,7,0.38095238095238093,26.0
12491,2,0.0,9.0
12492,0,0.0,0.0
12493,0,0.0,0.0
12494,92,0.3638318203535595,131.2826086956522
12495,0,0.0,0.0
12496,22,0.08658008658008658,123.77272727272727
12497,0,0.0,0.0
12498,331,0.35819829717110685,489.82779456193356
12499,77,0.2190704032809296,104.51948051948052
12500,0,0.0,0.0
12501,9,0.16666666666666666,20.444444444444443
12502,153,0.718610251117991,261.8562091503268
12503,14,0.27472527472527475,66.28571428571429
12504,10,0.26666666666666666,33.7
12505,18,0.09803921568627451,21.333333333333332
12506,260,0.41695871695871695,417.3807692307692
12507,20,0.42105263157894735,109.3
12508,50,0.5093877551020408,109.84
12509,0,0.0,0.0
12510,12,0.3484848484848485,164.0
12511,1,0.0,2.0
12512,11,0.509090909090909,46.90909090909091
12513,272,0.2461742999782939,223.26470588235293
12514,0,0.0,0.0
12515,6,0.26666666666666666,52.166666666666664
12516,192,0.2629253926701571,157.17708333333334
12517,43,0.3078626799557032,77.25581395348837
12518,185,0.16856639247943594,118.8
12519,141,0.30405268490374876,198.68794326241135
12520,40,0.16282051282051282,147.3
12521,0,0.0,0.0
12522,53,0.47242380261248185,133.45283018867926
12523,1,0.0,8.0
12524,31,0.23655913978494625,157.8709677419355
12525,34,0.43315508021390375,91.52941176470588
12526,0,0.0,0.0
12527,1,0.0,2.0
12528,38,0.30867709815078237,99.28947368421052
12529,313,0.4446628983370197,301.88817891373805
12530,1,0.0,9.0
12531,25,0.11666666666666667,27.8
12532,6,0.13333333333333333,9.666666666666666
12533,0,0.0,0.0
12534,20,0.25263157894736843,45.2
12535,39,0.2483130904183536,126.97435897435898
12536,114,0.44930911349169383,529.1315789473684
12537,3,0.0,24.333333333333332
12538,4,0.0,14.0
12539,158,0.23913569297750545,161.22151898734177
12540,259,0.4686779803058873,539.4478764478764
12541,0,0.0,0.0
12542,2,0.0,12.5
12543,7,0.14285714285714285,22.714285714285715
12544,9,0.5,205.44444444444446
12545,39,0.2496626180836707,50.17948717948718
12546,2,0.0,6.5
12547,42,0.2497096399535424,66.02380952380952
12548,3,0.0,2.0
12549,1,0.0,5.0
12550,135,0.18275290215588724,106.43703703703704
12551,7,0.42857142857142855,197.0
12552,120,0.34257703081232493,159.70833333333334
12553,39,0.3738191632928475,281.35897435897436
12554,6,0.8666666666666667,252.66666666666666
12555,7,0.23809523809523808,46.714285714285715
12556,58,0.19600725952813067,79.96551724137932
12557,16,0.5833333333333334,199.4375
12558,3,0.0,35.333333333333336
12559,111,0.7315315315315315,275.39639639639637
12560,72,0.30907668231611896,159.75
12561,4,0.0,45.25
12562,1,0.0,4.0
12563,5,0.8,79.6
12564,13,0.2564102564102564,56.23076923076923
12565,9,0.2222222222222222,37.77777777777778
12566,1,0.0,1.0
12567,1,0.0,6.0
12568,26,0.13846153846153847,55.69230769230769
12569,26,0.2523076923076923,43.76923076923077
12570,25,0.33,100.2
12571,0,0.0,0.0
12572,8,0.4642857142857143,31.0
12573,3,0.6666666666666666,62.666666666666664
12574,21,0.38571428571428573,55.04761904761905
12575,46,0.2289855072463768,78.34782608695652
12576,1200,0.2588518209619127,536.3983333333333
12577,5,0.1,123.4
12578,0,0.0,0.0
12579,57,0.17355889724310777,178.8421052631579
12580,8,0.6071428571428571,232.75
12581,41,0.27682926829268295,123.4390243902439
12582,77,0.48632946001367056,153.06493506493507
12583,53,0.295355587808418,120.35849056603773
12584,45,0.37373737373737376,123.37777777777778
12585,293,0.5640048623124035,668.9726962457338
12586,1,0.0,11.0
12587,28,0.31746031746031744,29.071428571428573
12588,405,0.33359002566923357,516.0222222222222
12589,23,0.3715415019762846,195.47826086956522
12590,1,0.0,12.0
12591,2,1.0,27.0
12592,20,0.3473684210526316,71.6
12593,38,0.20768136557610242,77.3157894736842
12594,32,0.7217741935483871,443.53125
12595,1,0.0,9.0
12596,3,0.3333333333333333,23.333333333333332
12597,239,0.2864878168840758,447.35564853556485
12598,39,0.12550607287449392,26.307692307692307
12599,28,0.2830687830687831,272.9642857142857
12600,15,0.41904761904761906,41.93333333333333
12601,2,0.0,27.5
12602,33,0.3958333333333333,301.27272727272725
12603,233,0.4317004587834838,481.9098712446352
12604,34,0.2531194295900178,45.705882352941174
12605,3,0.3333333333333333,3.6666666666666665
12606,16,0.6083333333333333,62.75
12607,38,0.18349928876244664,98.05263157894737
12608,0,0.0,0.0
12609,6,0.3333333333333333,201.16666666666666
12610,43,0.33111849390919157,60.093023255813954
12611,96,0.21403508771929824,79.84375
12612,13,0.20512820512820512,62.61538461538461
12613,9,0.25,63.55555555555556
12614,4,0.3333333333333333,82.25
12615,3,0.3333333333333333,6.666666666666667
12616,17,0.8161764705882353,25.176470588235293
12617,444,0.47138673662375696,529.7702702702703
12618,50,0.14775510204081632,61.9
12619,15,0.20952380952380953,22.866666666666667
12620,3,0.0,5.0
12621,49,0.41581632653061223,276.14285714285717
12622,1,0.0,2.0
12623,39,0.5020242914979757,475.2307692307692
12624,47,0.40795559666975023,156.53191489361703
12625,0,0.0,0.0
12626,2,0.0,38.5
12627,0,0.0,0.0
12628,12,0.22727272727272727,35.0
12629,0,0.0,0.0
12630,14,0.13186813186813187,31.214285714285715
12631,5,0.3,36.6
12632,111,0.5857493857493857,343.0450450450451
12633,254,0.28838193644766735,160.39763779527559
12634,82,0.5115928937067148,471.1219512195122
12635,66,0.14778554778554778,75.4090909090909
12636,120,0.28781512605042014,256.06666666666666
12637,129,0.3682170542635659,371.3410852713178
12638,585,0.39085001756234633,541.4205128205128
12639,24,0.4057971014492754,151.375
12640,10,0.24444444444444444,16.4
12641,0,0.0,0.0
12642,7,0.38095238095238093,59.42857142857143
12643,143,0.6439476016940806,603.027972027972
12644,18,0.35294117647058826,25.333333333333332
12645,7,0.47619047619047616,204.14285714285714
12646,69,0.3674339300937766,145.33333333333334
12647,137,0.4860455130957492,441.2189781021898
12648,8,0.32142857142857145,47.5
12649,8,0.21428571428571427,52.5
12650,54,0.5003494060097834,448.5740740740741
12651,98,0.5255628024405639,434.9591836734694
12652,14,0.14285714285714285,19.357142857142858
12653,66,0.48205128205128206,480.5
12654,38,0.310099573257468,146.07894736842104
12655,522,0.43325905825078503,533.9080459770115
12656,504,0.32485247246678656,532.4007936507936
12657,1,0.0,11.0
12658,28,0.291005291005291,54.607142857142854
12659,9,0.2222222222222222,35.888888888888886
12660,23,0.2727272727272727,48.73913043478261
12661,1,0.0,29.0
12662,58,0.40834845735027225,60.206896551724135
12663,14,0.6703296703296703,287.57142857142856
12664,8,0.39285714285714285,165.75
12665,1,0.0,41.0
12666,159,0.37887110898813786,474.28930817610063
12667,1,0.0,5.0
12668,5,0.6,11.2
12669,434,0.4067964368195315,609.2764976958525
12670,1,0.0,5.0
12671,47,0.4514338575393155,275.1489361702128
12672,34,0.28698752228163993,69.55882352941177
12673,3,0.3333333333333333,42.666666666666664
12674,1,0.0,1.0
12675,0,0.0,0.0
12676,69,0.319693094629156,196.79710144927537
12677,3,0.6666666666666666,43.333333333333336
12678,0,0.0,0.0
12679,0,0.0,0.0
12680,8,0.4642857142857143,85.125
12681,3,0.3333333333333333,50.333333333333336
12682,1,0.0,7.0
12683,7,0.2857142857142857,37.57142857142857
12684,0,0.0,0.0
12685,0,0.0,0.0
12686,88,0.5256008359456635,473.78409090909093
12687,101,0.24792079207920792,137.77227722772278
12688,117,0.6282051282051282,641.025641025641
12689,15,0.5142857142857142,72.33333333333333
12690,0,0.0,0.0
12691,38,0.40256045519203415,135.18421052631578
12692,71,0.758953722334004,384.36619718309856
12693,16,0.2916666666666667,23.5625
12694,295,0.23754179637956876,166.9322033898305
12695,111,0.24144144144144145,113.1981981981982
12696,3,0.0,52.0
12697,344,0.4946437046579429,578.0697674418604
12698,448,0.36987655800575264,371.51339285714283
12699,177,0.378723677452491,171.07344632768363
12700,126,0.5192380952380953,588.0952380952381
12701,7,0.19047619047619047,78.57142857142857
12702,11,0.4,65.18181818181819
12703,12,0.07575757575757576,48.083333333333336
12704,23,0.3952569169960474,268.17391304347825
12705,28,0.3306878306878307,187.89285714285714
12706,83,0.26270937408169265,139.83132530120483
12707,11,0.2909090909090909,103.18181818181819
12708,101,0.20653465346534652,122.21782178217822
12709,22,0.46320346320346323,443.95454545454544
12710,6,0.26666666666666666,28.833333333333332
12711,249,0.3387744526493069,476.06024096385545
12712,118,0.2245400550485296,108.22881355932203
12713,13,0.717948717948718,160.15384615384616
12714,71,0.5605633802816902,289.5492957746479
12715,1,0.0,2.0
12716,17,0.25,127.82352941176471
12717,0,0.0,0.0
12718,7,0.5238095238095238,49.0
12719,204,0.08137737853762195,106.23529411764706
12720,9,0.3888888888888889,25.666666666666668
12721,0,0.0,0.0
12722,39,0.1700404858299595,74.87179487179488
12723,10,0.6,59.2
12724,2,0.0,12.0
12725,1,0.0,445.0
12726,4,0.5,200.25
12727,25,0.5366666666666666,280.52
12728,0,0.0,0.0
12729,2,1.0,56.5
12730,1,0.0,12.0
12731,0,0.0,0.0
12732,0,0.0,0.0
12733,35,0.1899159663865546,82.14285714285714
12734,8,0.17857142857142858,25.0
12735,19,0.18128654970760233,24.473684210526315
12736,12,0.07575757575757576,10.166666666666666
12737,27,0.21937321937321938,131.62962962962962
12738,9,0.1388888888888889,52.0
12739,22,0.24675324675324675,66.0909090909091
12740,0,0.0,0.0
12741,4,0.16666666666666666,33.25
12742,22,0.18181818181818182,50.90909090909091
12743,0,0.0,0.0
12744,48,0.44680851063829785,441.125
12745,251,0.5140398406374502,300.0796812749004
12746,17,0.18382352941176472,50.705882352941174
12747,5,0.2,10.8
12748,10,0.2,50.4
12749,832,0.32260136073312967,575.5540865384615
12750,3,0.6666666666666666,41.0
12751,2,1.0,68.5
12752,630,0.3432356726474374,528.431746031746
12753,0,0.0,0.0
12754,239,0.4365528638233536,505.5271966527197
12755,3,0.0,32.333333333333336
12756,8,0.7857142857142857,196.75
12757,6,0.06666666666666667,20.833333333333332
12758,10,0.2222222222222222,25.9
12759,61,0.38907103825136613,169.44262295081967
12760,124,0.42748492001049043,360.23387096774195
12761,170,0.26578489383919246,145.08235294117648
12762,1,0.0,2.0
12763,56,0.3077922077922078,272.1607142857143
12764,131,0.3801526717557252,179.5267175572519
12765,201,0.4016417910447761,508.2786069651741
12766,9,0.05555555555555555,60.333333333333336
12767,1,0.0,9.0
12768,120,0.45406162464985994,259.3333333333333
12769,25,0.67,339.64
12770,0,0.0,0.0
12771,7,0.38095238095238093,33.285714285714285
12772,48,0.29609929078014185,115.79166666666667
12773,10,0.5111111111111111,40.7
12774,3,0.3333333333333333,27.666666666666668
12775,90,0.6496878901373283,433.76666666666665
12776,309,0.33106375824822426,527.4239482200647
12777,105,0.36043956043956044,390.1714285714286
12778,461,0.4279543525417335,525.9175704989154
12779,59,0.49269433080070135,195.11864406779662
12780,46,0.39903381642512076,382.0
12781,22,0.08658008658008658,53.09090909090909
12782,2,0.0,131.5
12783,3,0.3333333333333333,69.0
12784,18,0.21568627450980393,24.555555555555557
12785,5,0.3,85.6
12786,112,0.6513835263835264,275.29464285714283
12787,31,0.22580645161290322,69.48387096774194
12788,3,0.0,49.0
12789,10,0.24444444444444444,57.6
12790,0,0.0,0.0
12791,20,0.1736842105263158,51.3
12792,3,1.0,63.666666666666664
12793,1,0.0,1.0
12794,111,0.533988533988534,587.0
12795,355,0.3488979072173152,529.6901408450705
12796,21,0.4238095238095238,140.76190476190476
12797,0,0.0,0.0
12798,38,0.3456614509246088,184.21052631578948
12799,16,0.3416666666666667,185.6875
12800,3,0.0,5.0
12801,34,0.4117647058823529,465.6764705882353
12802,2,1.0,364.5
12803,29,0.21182266009852216,60.44827586206897
12804,9,0.5833333333333334,16.77777777777778
12805,0,0.0,0.0
12806,20,0.21578947368421053,31.3
12807,3,0.3333333333333333,15.333333333333334
12808,229,0.5704435761893818,481.92576419213975
12809,195,0.2795664816283373,155.24102564102563
12810,14,0.45054945054945056,356.7857142857143
12811,0,0.0,0.0
12812,20,0.38421052631578945,90.8
12813,55,0.47474747474747475,139.76363636363635
12814,10,0.4222222222222222,43.3
12815,2,0.0,2.0
12816,24,0.6231884057971014,35.833333333333336
12817,85,0.31064425770308124,139.48235294117646
12818,7,0.19047619047619047,37.857142857142854
12819,111,0.29778869778869776,176.63963963963963
12820,10,0.28888888888888886,58.0
12821,57,0.19736842105263158,54.14035087719298
12822,6,0.4,51.5
12823,24,0.41304347826086957,84.16666666666667
12824,96,0.5758771929824561,576.0
12825,37,0.3108108108108108,92.89189189189189
12826,8,0.2857142857142857,44.75
12827,48,0.5851063829787234,285.5208333333333
12828,5,0.2,124.0
12829,4,0.3333333333333333,67.75
12830,2,0.0,33.0
12831,18,0.20261437908496732,179.66666666666666
12832,84,0.23178427997705106,157.17857142857142
12833,1,0.0,31.0
12834,1,0.0,9.0
12835,4,0.6666666666666666,103.25
12836,151,0.4929801324503311,415.6291390728477
12837,16,0.14166666666666666,28.6875
12838,29,0.5344827586206896,456.8965517241379
12839,404,0.1419305702282387,126.78217821782178
12840,264,0.3047874179052886,429.1098484848485
12841,5,0.0,4.6
12842,11,0.6545454545454545,147.9090909090909
12843,20,0.5105263157894737,38.25
12844,5,0.1,6.2
12845,7,0.09523809523809523,8.714285714285714
12846,2,0.0,47.0
12847,1,0.0,50.0
12848,0,0.0,0.0
12849,391,0.2918092989704243,431.4757033248082
12850,165,0.18462675535846268,112.4121212121212
12851,1,0.0,37.0
12852,0,0.0,0.0
12853,249,0.6360927581292913,310.90763052208837
12854,50,0.1689795918367347,37.26
12855,15,0.47619047619047616,252.93333333333334
12856,3,0.3333333333333333,80.66666666666667
12857,39,0.28205128205128205,78.94871794871794
12858,7,0.09523809523809523,59.714285714285715
12859,26,0.2276923076923077,83.03846153846153
12860,124,0.22383949645948073,139.91129032258064
12861,133,0.38471177944862156,435.45864661654133
12862,0,0.0,0.0
12863,25,0.43,58.6
12864,0,0.0,0.0
12865,61,0.2715846994535519,93.50819672131148
12866,0,0.0,0.0
12867,30,0.4,181.06666666666666
12868,5,0.5,109.6
12869,36,0.3952380952380952,233.16666666666666
12870,0,0.0,0.0
12871,3,0.3333333333333333,13.666666666666666
12872,5,0.5,48.4
12873,3,0.0,16.333333333333332
12874,4,0.5,51.25
12875,0,0.0,0.0
12876,0,0.0,0.0
12877,5,0.1,8.8
12878,71,0.6647887323943662,289.1267605633803
12879,75,0.3318918918918919,146.82666666666665
12880,35,0.12436974789915967,50.285714285714285
12881,298,0.5601880098524393,635.1912751677852
12882,176,0.7159740259740259,605.7784090909091
12883,2,0.0,4.5
12884,22,0.2077922077922078,233.77272727272728
12885,0,0.0,0.0
12886,3,0.6666666666666666,13.333333333333334
12887,6,0.0,15.0
12888,112,0.5444015444015444,475.82142857142856
12889,7,0.5238095238095238,100.0
12890,7,0.2857142857142857,29.428571428571427
12891,8,0.21428571428571427,119.125
12892,39,0.252361673414305,35.87179487179487
12893,0,0.0,0.0
12894,54,0.2138364779874214,199.6851851851852
12895,53,0.3251088534107402,60.679245283018865
12896,95,0.36080627099664053,161.13684210526316
12897,27,0.15669515669515668,52.77777777777778
12898,11,0.18181818181818182,25.0
12899,7,0.8095238095238095,58.714285714285715
12900,54,0.22501747030048916,99.55555555555556
12901,10,0.24444444444444444,76.9
12902,1,0.0,4.0
12903,6,0.2,9.333333333333334
12904,178,0.6126452104361074,630.5168539325842
12905,40,0.2423076923076923,127.5
12906,1,0.0,2.0
12907,67,0.18860244233378562,58.62686567164179
12908,12,0.12121212121212122,11.0
12909,15,0.09523809523809523,25.6
12910,0,0.0,0.0
12911,22,0.23809523809523808,25.59090909090909
12912,16,0.36666666666666664,54.8125
12913,94,0.19560741249142072,175.90425531914894
12914,0,0.0,0.0
12915,19,0.2631578947368421,61.89473684210526
12916,0,0.0,0.0
12917,401,0.3853990024937656,580.8977556109726
12918,33,0.44696969696969696,48.696969696969695
12919,479,0.4061722032477005,522.2004175365345
12920,87,0.35979684576316495,398.3333333333333
12921,24,0.47101449275362317,198.41666666666666
12922,33,0.23484848484848486,185.5151515151515
12923,17,0.45588235294117646,53.294117647058826
12924,461,0.3838064698670188,534.8394793926248
12925,0,0.0,0.0
12926,0,0.0,0.0
12927,0,0.0,0.0
12928,7,0.5238095238095238,107.42857142857143
12929,164,0.32844530899296726,415.1951219512195
12930,35,0.47058823529411764,375.51428571428573
12931,174,0.392598498438642,276.6609195402299
12932,25,0.20333333333333334,37.12
12933,16,0.4666666666666667,167.875
12934,4,0.3333333333333333,20.25
12935,0,0.0,0.0
12936,3,0.3333333333333333,132.0
12937,2,0.0,18.0
12938,0,0.0,0.0
12939,0,0.0,0.0
12940,36,0.29365079365079366,70.22222222222223
12941,2,0.0,13.5
12942,9,0.6111111111111112,39.22222222222222
12943,1,0.0,6.0
12944,1,0.0,38.0
12945,37,0.3258258258258258,40.189189189189186
12946,6,0.2,9.0
12947,5,0.3,15.8
12948,45,0.5080808080808081,269.31111111111113
12949,8,0.39285714285714285,64.625
12950,4,0.6666666666666666,183.0
12951,2,0.0,2.5
12952,0,0.0,0.0
12953,179,0.2068294520118009,183.27374301675977
12954,0,0.0,0.0
12955,45,0.15757575757575756,31.11111111111111
12956,3,0.3333333333333333,32.0
12957,17,0.18382352941176472,43.411764705882355
12958,4,0.5,12.5
12959,6,0.06666666666666667,16.833333333333332
12960,1,0.0,9.0
12961,167,0.3528605439722964,311.08383233532936
12962,178,0.3785310734463277,322.2022471910112
12963,32,0.35080645161290325,82.65625
12964,101,0.6318811881188119,288.4752475247525
12965,131,0.2520258367586612,272.80916030534354
12966,102,0.16093962337410211,107.34313725490196
12967,4,0.16666666666666666,114.5
12968,0,0.0,0.0
12969,25,0.20666666666666667,132.2
12970,0,0.0,0.0
12971,25,0.45,164.24
12972,7,0.7142857142857143,23.285714285714285
12973,4,0.5,14.0
12974,78,0.3106893106893107,107.7051282051282
12975,0,0.0,0.0
12976,29,0.3472906403940887,136.44827586206895
12977,0,0.0,0.0
12978,371,0.5271654403729875,656.1698113207547
12979,6,0.2,33.833333333333336
12980,143,0.21786664040185166,239.06993006993008
12981,1,0.0,24.0
12982,52,0.3914027149321267,58.63461538461539
12983,0,0.0,0.0
12984,1,0.0,6.0
12985,20,0.1368421052631579,43.35
12986,43,0.10963455149501661,22.558139534883722
12987,8,0.75,150.875
12988,12,0.24242424242424243,93.5
12989,28,0.1455026455026455,52.92857142857143
12990,47,0.2432932469935245,136.36170212765958
12991,145,0.696360153256705,466.8137931034483
12992,0,0.0,0.0
12993,259,0.42629672862231,276.82239382239385
12994,51,0.6329411764705882,565.6862745098039
12995,114,0.19391398851110075,88.35087719298245
12996,1,0.0,2.0
12997,47,0.26549491211840887,68.53191489361703
12998,1,0.0,8.0
12999,21,0.638095238095238,90.61904761904762
13000,20,0.3894736842105263,392.75
13001,39,0.37112010796221323,155.12820512820514
13002,1,0.0,10.0
13003,8,0.5,107.0
13004,0,0.0,0.0
13005,36,0.3142857142857143,111.19444444444444
13006,121,0.4658402203856749,545.99173553719
13007,23,0.2727272727272727,72.1304347826087
13008,26,0.40923076923076923,107.15384615384616
13009,197,0.504713560551124,422.8578680203046
13010,35,0.3445378151260504,152.8
13011,160,0.33081761006289306,182.56875
13012,44,0.34143763213530653,154.54545454545453
13013,20,0.4,95.4
13014,14,0.4725274725274725,70.71428571428571
13015,3,0.3333333333333333,19.0
13016,3,0.3333333333333333,67.33333333333333
13017,2,0.0,2.0
13018,5,0.7,22.8
13019,166,0.3187294633077766,156.34337349397592
13020,2,1.0,51.0
13021,22,0.33766233766233766,53.86363636363637
13022,4,0.5,96.0
13023,2,1.0,36.5
13024,478,0.47271563029043095,638.2384937238494
13025,54,0.3913347309573725,118.88888888888889
13026,10,0.08888888888888889,43.3
13027,0,0.0,0.0
13028,5,0.3,54.8
13029,0,0.0,0.0
13030,8,0.6785714285714286,23.375
13031,0,0.0,0.0
13032,141,0.22857142857142856,137.22695035460993
13033,16,0.2833333333333333,44.75
13034,32,0.46774193548387094,256.71875
13035,1,0.0,10.0
13036,21,0.1761904761904762,43.19047619047619
13037,5,0.3,87.6
13038,59,0.38223261250730567,133.27118644067798
13039,0,0.0,0.0
13040,94,0.21802791123312742,113.82978723404256
13041,7,0.23809523809523808,22.714285714285715
13042,28,0.12962962962962962,94.14285714285714
13043,16,0.38333333333333336,281.9375
13044,0,0.0,0.0
13045,35,0.5747899159663865,140.88571428571427
13046,0,0.0,0.0
13047,1,0.0,2.0
13048,65,0.22451923076923078,74.1076923076923
13049,7,0.09523809523809523,12.857142857142858
13050,3,0.3333333333333333,44.666666666666664
13051,17,0.2426470588235294,38.8235294117647
13052,346,0.41151042975622015,489.64161849710985
13053,19,0.24561403508771928,101.0
13054,6,0.4666666666666667,87.83333333333333
13055,135,0.28192371475953565,115.97777777777777
13056,434,0.17312501995508775,322.10829493087556
13057,4,0.3333333333333333,25.75
13058,1101,0.22874246552720667,484.8483197093551
13059,35,0.27058823529411763,113.85714285714286
13060,11,0.5636363636363636,662.5454545454545
13061,4,0.0,2.75
13062,17,0.2867647058823529,71.6470588235294
13063,63,0.4362519201228879,186.31746031746033
13064,1,0.0,4.0
13065,4,0.16666666666666666,14.25
13066,1154,0.26723444679766895,543.5164644714038
13067,0,0.0,0.0
13068,8,0.35714285714285715,21.625
13069,9,0.25,80.22222222222223
13070,3,0.0,6.666666666666667
13071,75,0.15567567567567567,70.50666666666666
13072,0,0.0,0.0
13073,0,0.0,0.0
13074,9,0.4166666666666667,57.111111111111114
13075,0,0.0,0.0
13076,3,0.0,2.0
13077,17,0.3161764705882353,97.82352941176471
13078,0,0.0,0.0
13079,589,0.3913585807837566,539.2750424448217
13080,1,0.0,4.0
13081,474,0.47580307044540193,560.5569620253165
13082,52,0.3974358974358974,182.28846153846155
13083,13,0.2692307692307692,92.76923076923077
13084,31,0.2752688172043011,78.48387096774194
13085,58,0.30671506352087113,356.2586206896552
13086,3,0.3333333333333333,97.0
13087,7,0.6666666666666666,14.714285714285714
13088,1,0.0,18.0
13089,189,0.3237644939772599,168.0
13090,21,0.14285714285714285,59.476190476190474
13091,14,0.34065934065934067,114.21428571428571
13092,0,0.0,0.0
13093,11,0.4909090909090909,52.36363636363637
13094,0,0.0,0.0
13095,110,0.5779816513761468,445.57272727272726
13096,1,0.0,9.0
13097,59,0.39976621858562245,164.45762711864407
13098,105,0.2358974358974359,163.82857142857142
13099,53,0.15384615384615385,86.09433962264151
13100,213,0.3303658428558774,186.10798122065728
13101,39,0.4979757085020243,241.69230769230768
13102,2,1.0,559.0
13103,236,0.587414352686621,265.6737288135593
13104,0,0.0,0.0
13105,142,0.37978223953650986,398.61267605633805
13106,1,0.0,8.0
13107,0,0.0,0.0
13108,6,0.2,70.66666666666667
13109,67,0.21709633649932158,57.0
13110,0,0.0,0.0
13111,0,0.0,0.0
13112,10,0.044444444444444446,27.1
13113,38,0.2972972972972973,104.65789473684211
13114,0,0.0,0.0
13115,3,0.6666666666666666,14.0
13116,1,0.0,12.0
13117,75,0.24324324324324326,104.94666666666667
13118,43,0.2724252491694352,248.1627906976744
13119,3,0.3333333333333333,55.333333333333336
13120,62,0.6536224219989424,299.64516129032256
13121,7,0.14285714285714285,75.28571428571429
13122,880,0.327714861929879,575.8761363636364
13123,10,0.26666666666666666,54.9
13124,0,0.0,0.0
13125,21,0.36666666666666664,113.9047619047619
13126,4,0.5,78.25
13127,14,0.24175824175824176,122.64285714285714
13128,39,0.33873144399460187,63.92307692307692
13129,11,0.45454545454545453,62.36363636363637
13130,1013,0.2622761804057139,515.8993089832181
13131,86,0.48125854993160055,522.4069767441861
13132,12,0.06060606060606061,44.583333333333336
13133,4,0.0,17.0
13134,37,0.41291291291291293,125.86486486486487
13135,69,0.14407502131287298,101.8695652173913
13136,5,0.0,93.2
13137,3,0.0,12.0
13138,12,0.24242424242424243,65.0
13139,10,0.5555555555555556,118.2
13140,1,0.0,114.0
13141,1,0.0,1.0
13142,1,0.0,4.0
13143,0,0.0,0.0
13144,1,0.0,9.0
13145,45,0.31414141414141417,58.06666666666667
13146,187,0.4381576677591858,579.7647058823529
13147,4,0.6666666666666666,3.0
13148,30,0.7586206896551724,287.6666666666667
13149,1,0.0,36.0
13150,0,0.0,0.0
13151,10,0.2,14.5
13152,46,0.20966183574879227,74.45652173913044
13153,53,0.17706821480406387,62.84905660377358
13154,36,0.1873015873015873,121.80555555555556
13155,2,0.0,28.5
13156,210,0.35279106858054227,492.5904761904762
13157,0,0.0,0.0
13158,5,0.4,86.6
13159,3,0.0,4.333333333333333
13160,83,0.30120481927710846,312.9156626506024
13161,8,0.6785714285714286,109.875
13162,2,0.0,55.5
13163,1,0.0,12.0
13164,4,0.16666666666666666,63.75
13165,103,0.36455358842566155,127.41747572815534
13166,0,0.0,0.0
13167,2,0.0,14.5
13168,2,1.0,99.0
13169,0,0.0,0.0
13170,37,0.3123123123123123,92.54054054054055
13171,5,0.2,55.6
13172,3,0.0,8.0
13173,101,0.16455445544554456,85.86138613861387
13174,0,0.0,0.0
13175,291,0.32702926887071926,414.25773195876286
13176,0,0.0,0.0
13177,1,0.0,7.0
13178,0,0.0,0.0
13179,16,0.24166666666666667,61.1875
13180,149,0.4343370215853437,539.1342281879195
13181,4,0.5,17.25
13182,6,0.3333333333333333,85.33333333333333
13183,2,0.0,5.0
13184,11,0.12727272727272726,43.18181818181818
13185,50,0.33387755102040817,106.3
13186,4,0.16666666666666666,21.75
13187,32,0.3185483870967742,85.4375
13188,7,0.19047619047619047,25.571428571428573
13189,294,0.4990829096143577,671.1768707482993
13190,66,0.3048951048951049,95.5
13191,119,0.484403931063951,478.12605042016804
13192,35,0.46050420168067224,97.48571428571428
13193,14,0.24175824175824176,45.07142857142857
13194,198,0.1303901963800441,150.54545454545453
13195,11,0.3090909090909091,117.36363636363636
13196,42,0.2311265969802555,59.666666666666664
13197,0,0.0,0.0
13198,1,0.0,5.0
13199,7,0.47619047619047616,29.714285714285715
13200,9,0.3333333333333333,127.11111111111111
13201,0,0.0,0.0
13202,0,0.0,0.0
13203,3,0.3333333333333333,26.0
13204,8,0.5714285714285714,74.625
13205,7,0.2857142857142857,13.142857142857142
13206,66,0.2806526806526807,124.10606060606061
13207,2,0.0,12.0
13208,10,0.17777777777777778,18.6
13209,17,0.17647058823529413,75.23529411764706
13210,13,0.2564102564102564,62.07692307692308
13211,0,0.0,0.0
13212,6,0.2,30.0
13213,86,0.319015047879617,145.6046511627907
13214,102,0.2739273927392739,198.85294117647058
13215,2,1.0,25.0
13216,251,0.5135617529880478,525.9322709163347
13217,25,0.5533333333333333,188.72
13218,28,0.26455026455026454,89.46428571428571
13219,33,0.4015151515151515,71.66666666666667
13220,18,0.5882352941176471,111.88888888888889
13221,349,0.4727299673945262,558.21776504298
13222,4,1.0,58.25
13223,30,0.18620689655172415,33.63333333333333
13224,9,0.19444444444444445,53.55555555555556
13225,36,0.21428571428571427,67.69444444444444
13226,44,0.1522198731501057,37.56818181818182
13227,326,0.37053327041057105,471.66257668711654
13228,10,0.13333333333333333,28.2
13229,1,0.0,331.0
13230,4,0.16666666666666666,22.75
13231,192,0.5275414485165794,291.7083333333333
13232,3,1.0,56.0
13233,12,0.3939393939393939,37.75
13234,6,0.4666666666666667,41.333333333333336
13235,3,1.0,26.333333333333332
13236,4,0.16666666666666666,33.5
13237,2,0.0,44.5
13238,0,0.0,0.0
13239,38,0.36415362731152207,140.97368421052633
13240,5,0.3,20.0
13241,0,0.0,0.0
13242,2,0.0,12.5
13243,44,0.19556025369978858,58.93181818181818
13244,0,0.0,0.0
13245,23,0.20553359683794467,68.47826086956522
13246,0,0.0,0.0
13247,459,0.33745278800506134,480.4052287581699
13248,72,0.12128325508607199,68.56944444444444
13249,111,0.4732186732186732,304.56756756756755
13250,203,0.516461005706482,630.3497536945813
13251,192,0.3462041884816754,453.265625
13252,2,0.0,10.5
13253,6,0.2,28.0
13254,17,0.20588235294117646,43.94117647058823
13255,308,0.26794703667667835,396.13961038961037
13256,38,0.40825035561877665,162.02631578947367
13257,0,0.0,0.0
13258,28,0.18253968253968253,24.428571428571427
13259,0,0.0,0.0
13260,22,0.2727272727272727,105.0
13261,357,0.3546564693293048,494.00560224089634
13262,19,0.7251461988304093,618.6315789473684
13263,10,0.3333333333333333,21.0
13264,25,0.34,119.76
13265,364,0.34862107589380315,521.5274725274726
13266,10,0.37777777777777777,63.0
13267,1,0.0,18.0
13268,75,0.22450450450450452,116.37333333333333
13269,31,0.10967741935483871,45.774193548387096
13270,0,0.0,0.0
13271,155,0.6025136154168412,298.19354838709677
13272,49,0.32908163265306123,100.59183673469387
13273,0,0.0,0.0
13274,11,0.5636363636363636,17.272727272727273
13275,65,0.4283653846153846,261.32307692307694
13276,0,0.0,0.0
13277,15,0.3142857142857143,52.666666666666664
13278,0,0.0,0.0
13279,20,0.47368421052631576,31.45
13280,11,0.14545454545454545,35.54545454545455
13281,16,0.4166666666666667,37.5625
13282,1,0.0,10.0
13283,1,0.0,40.0
13284,4,0.16666666666666666,18.75
13285,7,0.47619047619047616,19.571428571428573
13286,49,0.27380952380952384,129.77551020408163
13287,1,0.0,16.0
13288,0,0.0,0.0
13289,0,0.0,0.0
13290,12,0.21212121212121213,69.66666666666667
13291,97,0.19136597938144329,86.55670103092784
13292,82,0.667871123155676,609.8048780487804
13293,66,0.35011655011655013,132.0909090909091
13294,49,0.4387755102040816,359.734693877551
13295,0,0.0,0.0
13296,0,0.0,0.0
13297,28,0.3253968253968254,68.57142857142857
13298,29,0.2684729064039409,42.86206896551724
13299,0,0.0,0.0
13300,4,0.3333333333333333,10.0
13301,6,0.8,134.83333333333334
13302,23,0.3557312252964427,92.04347826086956
13303,1,0.0,51.0
13304,16,0.24166666666666667,30.0625
13305,0,0.0,0.0
13306,5,0.3,20.0
13307,1,0.0,4.0
13308,2,0.0,8.0
13309,126,0.2405079365079365,193.0952380952381
13310,0,0.0,0.0
13311,3,0.6666666666666666,27.0
13312,136,0.6310457516339869,339.2279411764706
13313,0,0.0,0.0
13314,23,0.1857707509881423,72.43478260869566
13315,18,0.23529411764705882,28.444444444444443
13316,59,0.24605493863237873,143.8135593220339
13317,11,0.18181818181818182,45.54545454545455
13318,98,0.4098464127919209,343.7448979591837
13319,70,0.2753623188405797,157.9
13320,43,0.2646733111849391,189.5581395348837
13321,3,0.0,109.0
13322,37,0.3483483483483483,107.43243243243244
13323,263,0.475662496734682,600.0114068441064
13324,16,0.2,83.8125
13325,93,0.5205703599812996,206.13978494623655
13326,6,0.2,44.333333333333336
13327,59,0.4751607247223846,230.67796610169492
13328,6,0.4,64.66666666666667
13329,1,0.0,130.0
13330,20,0.4368421052631579,158.55
13331,16,0.24166666666666667,39.5625
13332,0,0.0,0.0
13333,0,0.0,0.0
13334,68,0.6387181738366988,370.79411764705884
13335,400,0.39906015037593984,276.75
13336,164,0.3517133024090977,167.90853658536585
13337,3,0.0,7.666666666666667
13338,15,0.5714285714285714,89.73333333333333
13339,142,0.451403456198182,377.3380281690141
13340,407,0.28768714975611526,437.6879606879607
13341,6,0.13333333333333333,107.33333333333333
13342,24,0.4927536231884058,29.75
13343,0,0.0,0.0
13344,338,0.5262760521833793,617.8757396449704
13345,298,0.5462228549476872,532.0738255033557
13346,10,0.2222222222222222,22.1
13347,0,0.0,0.0
13348,356,0.41090362399113783,358.7303370786517
13349,4,0.3333333333333333,67.5
13350,15,0.45714285714285713,75.4
13351,280,0.20980542754736303,149.52857142857144
13352,1,0.0,8.0
13353,2,0.0,124.5
13354,14,0.5494505494505495,34.642857142857146
13355,32,0.3649193548387097,137.8125
13356,35,0.18487394957983194,56.285714285714285
13357,2,0.0,13.5
13358,9,0.4444444444444444,102.88888888888889
13359,2,0.0,14.0
13360,2,1.0,8.0
13361,0,0.0,0.0
13362,5,0.5,27.2
13363,0,0.0,0.0
13364,48,0.3076241134751773,141.35416666666666
13365,85,0.47198879551820727,177.52941176470588
13366,31,0.6752688172043011,59.645161290322584
13367,45,0.1707070707070707,62.24444444444445
13368,0,0.0,0.0
13369,73,0.4672754946727549,336.5890410958904
13370,50,0.3673469387755102,121.06
13371,2,1.0,126.5
13372,4,0.16666666666666666,6.25
13373,1,0.0,126.0
13374,4,0.0,26.25
13375,20,0.17894736842105263,32.1
13376,855,0.28481586479860854,516.6140350877193
13377,3,0.3333333333333333,3.3333333333333335
13378,93,0.33660589060308554,122.90322580645162
13379,0,0.0,0.0
13380,760,0.2994729907773386,506.37368421052633
13381,124,0.24508261211644375,202.13709677419354
13382,149,0.2706330491565391,143.28187919463087
13383,222,0.19485548897313604,127.89189189189189
13384,1,0.0,2.0
13385,1,0.0,5.0
13386,0,0.0,0.0
13387,2,0.0,42.5
13388,282,0.43191741753110724,646.3900709219859
13389,23,0.23715415019762845,71.21739130434783
13390,4,0.5,20.5
13391,29,0.5541871921182266,205.3793103448276
13392,6,0.5333333333333333,76.33333333333333
13393,0,0.0,0.0
13394,10,0.9777777777777777,139.0
13395,130,0.35646988670244484,307.9230769230769
13396,9,0.2777777777777778,18.11111111111111
13397,37,0.1036036036036036,55.91891891891892
13398,71,0.36901408450704226,156.22535211267606
13399,38,0.44950213371266,135.57894736842104
13400,1,0.0,1.0
13401,19,0.34502923976608185,83.21052631578948
13402,1,0.0,10.0
13403,45,0.498989898989899,336.0
13404,87,0.1937984496124031,188.75862068965517
13405,58,0.27404718693284935,50.44827586206897
13406,107,0.4247928055016752,174.00934579439252
13407,3,0.6666666666666666,49.666666666666664
13408,22,0.22077922077922077,115.13636363636364
13409,259,0.5307234144443447,650.030888030888
13410,158,0.34370716762073694,168.36075949367088
13411,10,0.4888888888888889,213.9
13412,23,0.308300395256917,107.73913043478261
13413,4,0.16666666666666666,38.0
13414,320,0.4568573667711599,501.815625
13415,1,0.0,4.0
13416,0,0.0,0.0
13417,143,0.2252536196198168,125.7972027972028
13418,4,0.16666666666666666,10.5
13419,1,0.0,71.0
13420,0,0.0,0.0
13421,5,0.4,103.4
13422,6,0.4666666666666667,23.5
13423,11,0.34545454545454546,64.0909090909091
13424,11,0.36363636363636365,51.0
13425,18,0.3137254901960784,145.16666666666666
13426,7,0.2857142857142857,87.28571428571429
13427,4,0.5,43.0
13428,200,0.4635678391959799,513.535
13429,68,0.4192273924495171,318.52941176470586
13430,26,0.41846153846153844,64.6923076923077
13431,6,0.6,35.666666666666664
13432,6,0.0,21.5
13433,5,0.5,74.4
13434,8,0.32142857142857145,18.125
13435,0,0.0,0.0
13436,0,0.0,0.0
13437,6,0.8,341.6666666666667
13438,0,0.0,0.0
13439,265,0.21923956546598056,164.99245283018868
13440,45,0.2494949494949495,75.4
13441,85,0.28515406162464985,125.88235294117646
13442,7,0.19047619047619047,13.0
13443,46,0.36328502415458935,171.34782608695653
13444,9,0.2777777777777778,36.22222222222222
13445,7,0.47619047619047616,560.8571428571429
13446,63,0.09575012800819252,130.0
13447,8,0.39285714285714285,26.125
13448,9,0.19444444444444445,40.77777777777778
13449,132,0.4090909090909091,394.8030303030303
13450,4,0.6666666666666666,42.75
13451,0,0.0,0.0
13452,22,0.4458874458874459,89.77272727272727
13453,1,0.0,19.0
13454,12,0.36363636363636365,39.5
13455,0,0.0,0.0
13456,5,0.0,30.4
13457,0,0.0,0.0
13458,0,0.0,0.0
13459,15,0.8666666666666667,28.666666666666668
13460,2,1.0,95.5
13461,1,0.0,9.0
13462,9,0.5277777777777778,15.11111111111111
13463,5,0.2,38.6
13464,43,0.34551495016611294,122.27906976744185
13465,40,0.46025641025641023,122.175
13466,328,0.5280077571417916,585.1128048780488
13467,2,0.0,14.5
13468,14,0.45054945054945056,164.07142857142858
13469,23,0.2885375494071146,37.78260869565217
13470,20,0.2,65.95
13471,672,0.4092239727485629,599.0104166666666
13472,6,0.3333333333333333,26.833333333333332
13473,2,1.0,93.0
13474,3,0.3333333333333333,20.0
13475,9,0.2222222222222222,34.111111111111114
13476,7,0.5238095238095238,14.0
13477,123,0.5984272957483673,326.2113821138211
13478,8,0.5,33.125
13479,40,0.5435897435897435,407.375
13480,71,0.27605633802816903,154.35211267605635
13481,8,0.32142857142857145,50.125
13482,1,0.0,8.0
13483,808,0.3551627467579472,598.9009900990098
13484,16,0.19166666666666668,31.0625
13485,2,1.0,17.0
13486,0,0.0,0.0
13487,7,0.3333333333333333,52.0
13488,190,0.6216652742968533,550.078947368421
13489,4,0.6666666666666666,13.5
13490,90,0.11285892634207241,38.12222222222222
13491,187,0.24593180380656662,290.4919786096257
13492,1,0.0,4.0
13493,182,0.29227126464695524,307.35164835164835
13494,33,0.3522727272727273,70.72727272727273
13495,25,0.13,31.56
13496,0,0.0,0.0
13497,33,0.375,216.1818181818182
13498,9,0.1111111111111111,29.88888888888889
13499,4,0.3333333333333333,25.0
13500,0,0.0,0.0
13501,192,0.41530322862129143,558.5729166666666
13502,1,0.0,24.0
13503,12,0.13636363636363635,33.0
13504,114,0.35693215339233036,226.53508771929825
13505,14,0.7362637362637363,432.2142857142857
13506,6,0.13333333333333333,9.833333333333334
13507,72,0.24647887323943662,258.30555555555554
13508,0,0.0,0.0
13509,0,0.0,0.0
13510,2,0.0,1.5
13511,0,0.0,0.0
13512,6,0.26666666666666666,51.5
13513,7,1.0,97.85714285714286
13514,0,0.0,0.0
13515,1,0.0,5.0
13516,19,0.7953216374269005,362.1578947368421
13517,1,0.0,49.0
13518,27,0.27350427350427353,86.4074074074074
13519,84,0.08032128514056225,40.57142857142857
13520,145,0.7057471264367816,493.0137931034483
13521,0,0.0,0.0
13522,3,0.3333333333333333,15.666666666666666
13523,527,0.29462990887511636,530.0853889943074
13524,0,0.0,0.0
13525,43,0.22812846068660023,101.53488372093024
13526,61,0.2863387978142076,252.81967213114754
13527,68,0.14047410008779632,69.77941176470588
13528,455,0.5203562956866922,648.2043956043956
13529,15,0.5714285714285714,184.46666666666667
13530,4,0.3333333333333333,24.25
13531,4,0.0,72.25
13532,6,0.13333333333333333,86.0
13533,20,0.35789473684210527,108.6
13534,0,0.0,0.0
13535,324,0.45436303176241255,584.8086419753087
13536,20,0.3157894736842105,48.3
13537,9,0.3333333333333333,20.444444444444443
13538,26,0.3353846153846154,56.73076923076923
13539,1,0.0,4.0
13540,71,0.35492957746478876,243.95774647887325
13541,104,0.47348767737117253,358.9423076923077
13542,0,0.0,0.0
13543,14,0.2087912087912088,12.285714285714286
13544,75,0.27135135135135136,168.96
13545,148,0.4241588527302813,476.43918918918916
13546,7,0.2857142857142857,34.0
13547,7,0.2857142857142857,71.85714285714286
13548,134,0.34631354505667156,141.62686567164178
13549,0,0.0,0.0
13550,1,0.0,35.0
13551,4,0.3333333333333333,32.0
13552,0,0.0,0.0
13553,6,0.6,131.5
13554,8,0.2857142857142857,16.75
13555,1,0.0,4.0
13556,18,0.21568627450980393,58.611111111111114
13557,2,0.0,7.0
13558,68,0.20061457418788411,109.63235294117646
13559,27,0.12535612535612536,52.48148148148148
13560,18,0.3660130718954248,31.944444444444443
13561,49,0.3826530612244898,240.22448979591837
13562,42,0.2613240418118467,70.35714285714286
13563,0,0.0,0.0
13564,28,0.23809523809523808,53.57142857142857
13565,31,0.443010752688172,72.12903225806451
13566,4,0.16666666666666666,32.25
13567,8,0.25,24.0
13568,147,0.288789488398099,155.71428571428572
13569,19,0.19298245614035087,91.26315789473684
13570,446,0.33196956718899584,545.2511210762332
13571,4,1.0,24.0
13572,114,0.4097189877348238,463.07894736842104
13573,0,0.0,0.0
13574,14,0.2857142857142857,52.57142857142857
13575,18,0.1503267973856209,32.94444444444444
13576,170,0.5284371736860425,375.1470588235294
13577,0,0.0,0.0
13578,6,0.4,48.166666666666664
13579,81,0.26697530864197533,260.4320987654321
13580,91,0.4134310134310134,108.18681318681318
13581,17,0.4632352941176471,208.94117647058823
13582,7,0.09523809523809523,33.857142857142854
13583,262,0.1822994355239683,142.36641221374046
13584,9,0.3611111111111111,128.88888888888889
13585,229,0.5838887612043209,333.53711790393015
13586,11,0.36363636363636365,36.18181818181818
13587,120,0.46638655462184875,485.93333333333334
13588,16,0.35,31.5
13589,6,0.2,85.0
13590,15,0.11428571428571428,48.4
13591,136,0.3724400871459695,323.6985294117647
13592,316,0.5221217600964436,293.0
13593,61,0.6655737704918033,263.78688524590166
13594,123,0.5215247234439557,503.0406504065041
13595,145,0.16513409961685824,206.4
13596,5,0.4,30.4
13597,72,0.528169014084507,523.7083333333334
13598,2,0.0,4.0
13599,87,0.4357123763699546,179.31034482758622
13600,5,0.1,46.0
13601,247,0.5256245679865705,482.11336032388664
13602,11,0.2545454545454545,25.454545454545453
13603,23,0.5098814229249012,38.21739130434783
13604,29,0.3226600985221675,175.0
13605,26,0.2553846153846154,94.07692307692308
13606,371,0.4384789101770234,508.8814016172507
13607,3,1.0,335.6666666666667
13608,354,0.4689105488068373,619.2514124293785
13609,8,0.10714285714285714,14.875
13610,325,0.41561253561253564,271.36
13611,10,0.2222222222222222,66.6
13612,124,0.4162077104642014,262.4032258064516
13613,134,0.29233531590169454,129.52238805970148
13614,0,0.0,0.0
13615,98,0.16579002735114665,211.25510204081633
13616,63,0.35842293906810035,156.31746031746033
13617,2,0.0,6.0
13618,984,0.2730710699782481,541.1646341463414
13619,91,0.23467643467643468,82.71428571428571
13620,9,0.5,180.55555555555554
13621,24,0.322463768115942,65.54166666666667
13622,0,0.0,0.0
13623,237,0.33447757991847243,452.1223628691983
13624,1,0.0,7.0
13625,291,0.5302997985543311,305.87285223367695
13626,60,0.24180790960451978,113.93333333333334
13627,45,0.36767676767676766,103.24444444444444
13628,5,0.0,27.6
13629,138,0.25811911562466944,136.29710144927537
13630,15,0.26666666666666666,26.266666666666666
13631,29,0.3448275862068966,105.86206896551724
13632,1,0.0,5.0
13633,0,0.0,0.0
13634,0,0.0,0.0
13635,0,0.0,0.0
13636,31,0.221505376344086,101.70967741935483
13637,30,0.3310344827586207,61.63333333333333
13638,32,0.4737903225806452,103.75
13639,0,0.0,0.0
13640,58,0.30066545674531153,76.01724137931035
13641,0,0.0,0.0
13642,0,0.0,0.0
13643,124,0.5453710988722791,607.8709677419355
13644,5,0.2,110.2
13645,0,0.0,0.0
13646,22,0.14285714285714285,26.863636363636363
13647,2,0.0,4.0
13648,95,0.3849944008958567,163.83157894736843
13649,165,0.4877309682187731,512.0727272727273
13650,2,1.0,7.5
13651,978,0.31941400681942345,590.379345603272
13652,6,0.3333333333333333,57.5
13653,18,0.1895424836601307,31.38888888888889
13654,14,0.17582417582417584,34.0
13655,234,0.19628773706026925,125.47863247863248
13656,491,0.43355085415021405,610.4623217922607
13657,38,0.4665718349928876,112.23684210526316
13658,1056,0.3059026281775097,543.8589015151515
13659,3,0.3333333333333333,35.0
13660,1,0.0,2.0
13661,20,0.18947368421052632,47.15
13662,3,0.6666666666666666,16.666666666666668
13663,18,0.3333333333333333,65.61111111111111
13664,0,0.0,0.0
13665,14,0.21978021978021978,31.0
13666,185,0.24994124559341951,165.02162162162162
13667,0,0.0,0.0
13668,4,0.3333333333333333,19.75
13669,2,1.0,13.0
13670,47,0.3866790009250694,150.40425531914894
13671,17,0.49264705882352944,86.58823529411765
13672,16,0.2833333333333333,119.375
13673,16,0.43333333333333335,78.1875
13674,7,0.14285714285714285,15.0
13675,376,0.28327659574468084,397.40425531914894
13676,44,0.23995771670190275,142.29545454545453
13677,16,0.5083333333333333,41.8125
13678,91,0.38974358974358975,264.43956043956047
13679,322,0.4539772837212902,504.22360248447205
13680,136,0.1778867102396514,51.595588235294116
13681,94,0.31480210478151455,163.5531914893617
13682,13,0.19230769230769232,59.46153846153846
13683,2,1.0,6.0
13684,27,0.3076923076923077,63.148148148148145
13685,39,0.2388663967611336,64.76923076923077
13686,50,0.4057142857142857,223.32
13687,0,0.0,0.0
13688,0,0.0,0.0
13689,2,0.0,9.0
13690,0,0.0,0.0
13691,1,0.0,4.0
13692,4,0.3333333333333333,86.75
13693,72,0.21009389671361503,93.69444444444444
13694,1,0.0,26.0
13695,1,0.0,87.0
13696,77,0.3315105946684894,164.96103896103895
13697,3,0.0,10.333333333333334
13698,0,0.0,0.0
13699,19,0.5029239766081871,147.1578947368421
13700,2,0.0,32.5
13701,35,0.26554621848739496,84.77142857142857
13702,31,0.2129032258064516,84.96774193548387
13703,63,0.3143881208397337,55.92063492063492
13704,7,0.19047619047619047,33.857142857142854
13705,27,0.2222222222222222,55.592592592592595
13706,2,0.0,4.5
13707,0,0.0,0.0
13708,3,0.6666666666666666,32.0
13709,73,0.2450532724505327,187.5205479452055
13710,4,0.0,16.0
13711,270,0.501363073110285,521.6074074074074
13712,16,0.36666666666666664,102.25
13713,3,0.0,8.333333333333334
13714,13,0.16666666666666666,79.23076923076923
13715,10,0.08888888888888889,23.5
13716,43,0.2812846068660022,110.16279069767442
13717,134,0.33677477275277745,431.1044776119403
13718,227,0.2649409379751277,421.62555066079295
13719,841,0.32246192174848537,563.1819262782402
13720,199,0.1405512410537536,178.10050251256283
13721,2,0.0,4.0
13722,105,0.5668498168498168,453.8666666666667
13723,11,0.2545454545454545,65.72727272727273
13724,1,0.0,1.0
13725,12,0.18181818181818182,24.5
13726,46,0.6144927536231884,436.6521739130435
13727,29,0.3374384236453202,93.20689655172414
13728,15,0.34285714285714286,51.6
13729,76,0.3487719298245614,294.5
13730,343,0.45716331645440134,584.795918367347
13731,238,0.23511683154274368,154.35294117647058
13732,464,0.3800644224324123,532.8469827586207
13733,293,0.21861704614521482,284.2320819112628
13734,56,0.42272727272727273,195.82142857142858
13735,100,0.4032323232323232,306.59
13736,159,0.1778520818406178,69.0251572327044
13737,42,0.23693379790940766,110.71428571428571
13738,41,0.2890243902439024,101.70731707317073
13739,185,0.28754406580493536,172.28108108108108
13740,4,1.0,37.25
13741,252,0.2548852210206792,193.03571428571428
13742,1,0.0,20.0
13743,0,0.0,0.0
13744,0,0.0,0.0
13745,67,0.4708276797829037,148.6865671641791
13746,59,0.29807130333138515,134.15254237288136
13747,11,0.14545454545454545,95.0909090909091
13748,0,0.0,0.0
13749,0,0.0,0.0
13750,1,0.0,2.0
13751,166,0.42139466958744065,324.78915662650604
13752,713,0.37517137589233657,611.0252454417953
13753,364,0.32591650773468955,520.2060439560439
13754,2,0.0,56.0
13755,26,0.6615384615384615,363.7692307692308
13756,0,0.0,0.0
13757,32,0.24596774193548387,41.25
13758,0,0.0,0.0
13759,5,0.3,3.8
13760,60,0.5853107344632769,524.0833333333334
13761,69,0.24296675191815856,52.21739130434783
13762,7,0.2857142857142857,55.285714285714285
13763,2,0.0,41.5
13764,19,0.25146198830409355,96.52631578947368
13765,720,0.3781795703909751,626.2444444444444
13766,107,0.3524951507670605,144.15887850467288
13767,12,0.21212121212121213,62.5
13768,94,0.3667353008464882,399.1489361702128
13769,21,0.19523809523809524,133.42857142857142
13770,26,0.16,54.92307692307692
13771,22,0.3203463203463203,44.45454545454545
13772,10,0.06666666666666667,24.3
13773,118,0.2312038244241634,122.39830508474576
13774,0,0.0,0.0
13775,6,0.26666666666666666,22.166666666666668
13776,507,0.32598950659151327,534.4615384615385
13777,809,0.3468497962280777,560.593325092707
13778,8,0.25,46.625
13779,67,0.1383989145183175,47.19402985074627
13780,45,0.6535353535353535,631.0222222222222
13781,192,0.2605257417102967,149.140625
13782,0,0.0,0.0
13783,7,0.6190476190476191,86.42857142857143
13784,18,0.3137254901960784,103.83333333333333
13785,9,0.2222222222222222,47.111111111111114
13786,5,0.1,27.8
13787,67,0.18181818181818182,77.46268656716418
13788,85,0.18627450980392157,85.84705882352941
13789,180,0.2346368715083799,150.04444444444445
13790,27,0.3475783475783476,75.22222222222223
13791,29,0.5763546798029556,142.75862068965517
13792,41,0.34512195121951217,76.85365853658537
13793,13,0.2692307692307692,81.38461538461539
13794,0,0.0,0.0
13795,36,0.12380952380952381,29.52777777777778
13796,1,0.0,16.0
13797,0,0.0,0.0
13798,39,0.4116059379217274,99.43589743589743
13799,9,0.3055555555555556,23.333333333333332
13800,0,0.0,0.0
13801,1,0.0,5.0
13802,0,0.0,0.0
13803,2,0.0,7.0
13804,13,0.6282051282051282,485.7692307692308
13805,10,0.4888888888888889,36.3
13806,548,0.42499899918600464,613.5474452554745
13807,2,0.0,2.0
13808,35,0.25546218487394956,115.05714285714286
13809,8,0.5,53.875
13810,145,0.5154214559386974,577.4965517241379
13811,412,0.4241962535138072,333.4247572815534
13812,10,0.17777777777777778,12.1
13813,24,0.2898550724637681,59.833333333333336
13814,139,0.22218746741737044,273.1654676258993
13815,54,0.32914046121593293,146.5
13816,6,0.13333333333333333,46.666666666666664
13817,20,0.3,42.75
13818,82,0.2408912978018669,102.1951219512195
13819,19,0.47368421052631576,92.05263157894737
13820,133,0.18888129414445204,127.10526315789474
13821,11,0.2545454545454545,55.72727272727273
13822,10,0.28888888888888886,137.5
13823,0,0.0,0.0
13824,10,0.3333333333333333,36.4
13825,18,0.1830065359477124,45.77777777777778
13826,460,0.278762906128635,461.1434782608696
13827,40,0.2692307692307692,131.6
13828,2,1.0,53.5
13829,264,0.635384260859546,617.814393939394
13830,1,0.0,5.0
13831,4,0.6666666666666666,179.0
13832,26,0.07384615384615385,19.807692307692307
13833,0,0.0,0.0
13834,13,0.3974358974358974,124.15384615384616
13835,0,0.0,0.0
13836,38,0.3655761024182077,322.55263157894734
13837,1,0.0,7.0
13838,7,0.19047619047619047,23.285714285714285
13839,10,0.37777777777777777,145.8
13840,6,0.4,23.166666666666668
13841,14,0.3516483516483517,65.64285714285714
13842,100,0.43393939393939396,463.6
13843,47,0.2858464384828862,111.68085106382979
13844,162,0.26270991488382794,143.23456790123456
13845,40,0.3730769230769231,59.575
13846,67,0.37177747625508817,145.92537313432837
13847,90,0.3805243445692884,235.6888888888889
13848,4,0.16666666666666666,15.75
13849,7,0.19047619047619047,18.571428571428573
13850,7,0.23809523809523808,63.57142857142857
13851,42,0.29849012775842043,227.0952380952381
13852,20,0.20526315789473684,44.15
13853,8,0.25,83.375
13854,112,0.1953024453024453,108.71428571428571
13855,101,0.22673267326732674,99.72277227722772
13856,7,0.3333333333333333,39.142857142857146
13857,135,0.3431730237700387,184.37037037037038
13858,69,0.4744245524296675,458.05797101449275
13859,21,0.5619047619047619,139.1904761904762
13860,53,0.29680696661828737,128.9056603773585
13861,1,0.0,1.0
13862,0,0.0,0.0
13863,77,0.6308954203691046,386.7922077922078
13864,0,0.0,0.0
13865,42,0.5435540069686411,393.2142857142857
13866,70,0.23975155279503105,90.9
13867,753,0.3280177163685683,559.929614873838
13868,1,0.0,3.0
13869,0,0.0,0.0
13870,0,0.0,0.0
13871,29,0.29064039408866993,68.93103448275862
13872,175,0.1347126436781609,122.06285714285714
13873,2,1.0,6.0
13874,1,0.0,17.0
13875,0,0.0,0.0
13876,0,0.0,0.0
13877,31,0.08602150537634409,102.06451612903226
13878,1,0.0,6.0
13879,1415,0.24309154792309115,521.1886925795053
13880,6,0.2,22.0
13881,38,0.21906116642958748,25.63157894736842
13882,3,1.0,27.0
13883,114,0.416084458934948,466.8421052631579
13884,1,0.0,3.0
13885,240,0.4932008368200837,608.3125
13886,62,0.18402961396086726,104.88709677419355
13887,285,0.4092908327155918,406.10526315789474
13888,21,0.18095238095238095,27.666666666666668
13889,18,0.11764705882352941,54.0
13890,15,0.38095238095238093,53.4
13891,44,0.6025369978858351,80.5
13892,53,0.3519593613933237,130.03773584905662
13893,366,0.45963021184220376,500.64207650273227
13894,3,0.3333333333333333,11.333333333333334
13895,31,0.10967741935483871,67.51612903225806
13896,65,0.5283653846153846,273.0153846153846
13897,7,0.47619047619047616,109.14285714285714
13898,45,0.2696969696969697,145.77777777777777
13899,3,0.3333333333333333,100.0
13900,549,0.45436959036336805,640.4207650273224
13901,1,0.0,10.0
13902,182,0.5368222937283711,558.3296703296703
13903,35,0.2504201680672269,61.77142857142857
13904,40,0.191025641025641,63.55
13905,35,0.24873949579831933,86.48571428571428
13906,287,0.17319266099753905,162.26829268292684
13907,40,0.43205128205128207,158.25
13908,1,0.0,12.0
13909,29,0.42610837438423643,161.6206896551724
13910,7,0.14285714285714285,11.428571428571429
13911,6,0.5333333333333333,17.666666666666668
13912,29,0.13054187192118227,33.689655172413794
13913,71,0.16861167002012073,123.90140845070422
13914,2,0.0,13.0
13915,60,0.36610169491525424,125.85
13916,0,0.0,0.0
13917,6,0.4666666666666667,31.5
13918,0,0.0,0.0
13919,1,0.0,4.0
13920,243,0.222766384382546,143.7037037037037
13921,2,0.0,11.5
13922,0,0.0,0.0
13923,58,0.7471264367816092,597.3275862068965
13924,161,0.4559782608695652,542.0931677018633
13925,0,0.0,0.0
13926,0,0.0,0.0
13927,11,0.2545454545454545,14.090909090909092
13928,0,0.0,0.0
13929,14,0.6373626373626373,89.5
13930,1255,0.2593466643791659,544.5808764940239
13931,38,0.3940256045519203,221.23684210526315
13932,61,0.3519125683060109,102.50819672131148
13933,3,0.0,13.666666666666666
13934,205,0.4096126255380201,344.13658536585365
13935,102,0.1797709182682974,196.19607843137254
13936,63,0.16845878136200718,75.41269841269842
13937,0,0.0,0.0
13938,89,0.5480081716036772,196.41573033707866
13939,476,0.32196373286156565,302.2563025210084
13940,371,0.3211772419319589,532.4393530997305
13941,0,0.0,0.0
13942,34,0.5080213903743316,168.94117647058823
13943,12,0.42424242424242425,78.66666666666667
13944,5,0.3,35.8
13945,3,0.0,14.666666666666666
13946,11,0.21818181818181817,47.09090909090909
13947,29,0.6157635467980296,292.48275862068965
13948,106,0.29146451033243487,151.60377358490567
13949,305,0.38651855047454703,462.71803278688526
13950,5,0.5,491.8
13951,0,0.0,0.0
13952,10,0.5111111111111111,60.2
13953,34,0.15508021390374332,68.8529411764706
13954,33,0.3068181818181818,58.18181818181818
13955,0,0.0,0.0
13956,261,0.45446507515473034,482.04214559386975
13957,0,0.0,0.0
13958,16,0.39166666666666666,86.6875
13959,258,0.45691189334298554,540.4186046511628
13960,9,0.3055555555555556,38.0
13961,277,0.1789619630617904,231.69675090252707
13962,3,0.0,69.0
13963,97,0.19458762886597938,99.12371134020619
13964,346,0.2754293373544442,410.1734104046243
13965,3,0.3333333333333333,18.0
13966,0,0.0,0.0
13967,53,0.22496371552975328,28.09433962264151
13968,2,0.0,19.0
13969,3,0.3333333333333333,304.3333333333333
13970,144,0.20707070707070707,101.97222222222223
13971,5,0.4,33.2
13972,29,0.09113300492610837,64.41379310344827
13973,1,0.0,275.0
13974,19,0.3567251461988304,35.36842105263158
13975,195,0.3958762886597938,450.7794871794872
13976,70,0.2041407867494824,83.28571428571429
13977,18,0.3790849673202614,59.55555555555556
13978,11,0.45454545454545453,34.54545454545455
13979,8,0.4642857142857143,44.0
13980,0,0.0,0.0
13981,37,0.5945945945945946,420.02702702702703
13982,7,0.047619047619047616,13.142857142857142
13983,25,0.2966666666666667,221.76
13984,0,0.0,0.0
13985,17,0.4485294117647059,105.11764705882354
13986,500,0.32438476953907813,480.608
13987,30,0.45977011494252873,115.9
13988,45,0.15353535353535352,44.0
13989,6,0.8,17.0
13990,101,0.6912871287128712,602.8118811881188
13991,42,0.13472706155632985,49.0
13992,38,0.20768136557610242,78.8157894736842
13993,169,0.4334319526627219,334.4852071005917
13994,11,0.2,34.36363636363637
13995,95,0.2322508398656215,175.46315789473684
13996,4,0.0,18.75
13997,66,0.4937062937062937,505.57575757575756
13998,7,0.09523809523809523,27.714285714285715
13999,95,0.42665173572228443,263.8315789473684
14000,20,0.16842105263157894,40.75
14001,1,0.0,2.0
14002,56,0.17662337662337663,144.10714285714286
14003,2,0.0,14.0
14004,14,0.21978021978021978,62.07142857142857
14005,9,0.4166666666666667,52.0
14006,471,0.3357275150201021,474.2526539278132
14007,2,0.0,4.5
14008,40,0.48846153846153845,204.475
14009,9,0.16666666666666666,41.77777777777778
14010,46,0.12270531400966184,97.45652173913044
14011,56,0.5123376623376623,217.82142857142858
14012,37,0.3228228228228228,92.51351351351352
14013,6,0.4,38.833333333333336
14014,4,0.16666666666666666,36.0
14015,2,0.0,117.0
14016,14,0.34065934065934067,57.285714285714285
14017,81,0.5564814814814815,619.9629629629629
14018,118,0.30566420396928873,117.01694915254237
14019,77,0.1872863978127136,94.3896103896104
14020,5,0.1,86.4
14021,6,0.5333333333333333,20.0
14022,49,0.282312925170068,84.40816326530613
14023,18,0.17647058823529413,39.333333333333336
14024,0,0.0,0.0
14025,41,0.2817073170731707,30.48780487804878
14026,5,0.3,40.4
14027,5,0.2,15.8
14028,5,0.7,42.0
14029,73,0.6503044140030442,610.068493150685
14030,2,0.0,17.5
14031,28,0.26455026455026454,263.9642857142857
14032,7,0.47619047619047616,61.142857142857146
14033,214,0.5287174761967444,288.1355140186916
14034,5,0.2,139.8
14035,0,0.0,0.0
14036,131,0.27798003523194365,231.3969465648855
14037,108,0.28054690204222915,211.87037037037038
14038,1,0.0,2.0
14039,2,0.0,8.0
14040,22,0.08658008658008658,58.09090909090909
14041,49,0.4812925170068027,371.2857142857143
14042,1,0.0,24.0
14043,135,0.43449419568822556,472.6148148148148
14044,137,0.4538428510090167,477.59124087591243
14045,92,0.32441471571906355,241.2391304347826
14046,17,0.2426470588235294,115.52941176470588
14047,44,0.21458773784355178,91.68181818181819
14048,28,0.40476190476190477,151.35714285714286
14049,16,0.36666666666666664,96.9375
14050,255,0.20626833410529566,200.54509803921567
14051,738,0.33465341437674895,528.479674796748
14052,66,0.5734265734265734,422.3030303030303
14053,2,0.0,130.5
14054,4,0.0,21.75
14055,11,0.05454545454545454,35.09090909090909
14056,0,0.0,0.0
14057,3,1.0,235.0
14058,59,0.36820572764465226,297.89830508474574
14059,59,0.18118059614260668,153.4915254237288
14060,26,0.2553846153846154,76.8076923076923
14061,182,0.5049480905834497,302.3076923076923
14062,71,0.3356136820925553,188.33802816901408
14063,343,0.5663478423951034,588.5218658892128
14064,34,0.29590017825311943,182.61764705882354
14065,48,0.10549645390070922,56.583333333333336
14066,10,0.06666666666666667,5.6
14067,3,1.0,252.0
14068,1,0.0,7.0
14069,224,0.23894939141575913,141.02678571428572
14070,27,0.584045584045584,173.0
14071,21,0.4142857142857143,227.57142857142858
14072,24,0.11956521739130435,36.625
14073,350,0.42891526811297587,544.3828571428571
14074,29,0.24630541871921183,108.34482758620689
14075,3,0.6666666666666666,20.333333333333332
14076,49,0.17431972789115646,30.959183673469386
14077,2,0.0,271.5
14078,68,0.23222124670763827,150.2941176470588
14079,130,0.32152653548002386,119.92307692307692
14080,5,0.5,93.0
14081,22,0.42424242424242425,150.0
14082,146,0.4547945205479452,375.8767123287671
14083,5,0.4,43.0
14084,23,0.5098814229249012,354.4347826086956
14085,23,0.6837944664031621,178.30434782608697
14086,90,0.22347066167290885,247.01111111111112
14087,128,0.5038139763779528,531.3828125
14088,136,0.32189542483660133,405.50735294117646
14089,348,0.2318394117062506,370.764367816092
14090,0,0.0,0.0
14091,72,0.2640845070422535,121.61111111111111
14092,70,0.3130434782608696,88.5
14093,0,0.0,0.0
14094,227,0.23094616194300416,146.1718061674009
14095,72,0.12480438184663536,81.125
14096,382,0.3345426062579874,563.9057591623036
14097,0,0.0,0.0
14098,0,0.0,0.0
14099,46,0.15072463768115943,73.95652173913044
14100,3,0.3333333333333333,3.6666666666666665
14101,62,0.23426758328926495,69.25806451612904
14102,15,0.4095238095238095,113.0
14103,0,0.0,0.0
14104,1,0.0,5.0
14105,165,0.5297856614929786,470.72121212121215
14106,24,0.39855072463768115,183.25
14107,32,0.46975806451612906,315.40625
14108,11,0.2545454545454545,97.0909090909091
14109,12,0.13636363636363635,23.666666666666668
14110,22,0.23376623376623376,50.18181818181818
14111,68,0.36391571553994734,108.07352941176471
14112,1,0.0,2.0
14113,70,0.3929606625258799,417.9428571428571
14114,14,0.4945054945054945,24.285714285714285
14115,0,0.0,0.0
14116,56,0.34155844155844156,103.94642857142857
14117,4,0.5,35.0
14118,111,0.5693693693693693,586.6396396396397
14119,2,0.0,60.0
14120,0,0.0,0.0
14121,5,0.3,84.6
14122,10,0.6222222222222222,55.7
14123,291,0.33210095982936366,474.92439862542955
14124,9,0.08333333333333333,59.111111111111114
14125,11,0.2909090909090909,149.45454545454547
14126,169,0.11834319526627218,104.41420118343196
14127,129,0.3631298449612403,157.984496124031
14128,207,0.27747291402842267,344.0676328502415
14129,5,0.1,32.6
14130,40,0.8884615384615384,620.525
14131,2,1.0,5.5
14132,71,0.20040241448692153,62.71830985915493
14133,7,0.0,19.0
14134,10,0.4666666666666667,105.4
14135,1,0.0,7.0
14136,0,0.0,0.0
14137,248,0.4225218754081233,472.84274193548384
14138,11,0.21818181818181817,99.54545454545455
14139,1,0.0,9.0
14140,2,0.0,17.0
14141,0,0.0,0.0
14142,638,0.44296590109397993,627.2601880877743
14143,303,0.3191921841190742,457.986798679868
14144,16,0.18333333333333332,103.25
14145,30,0.15402298850574714,72.5
14146,178,0.40100298355868724,475.63483146067415
14147,10,0.26666666666666666,148.9
14148,18,0.477124183006536,61.22222222222222
14149,147,0.4124499114714379,496.4761904761905
14150,90,0.43820224719101125,184.7888888888889
14151,15,0.11428571428571428,56.666666666666664
14152,71,0.3613682092555332,195.32394366197184
14153,5,0.4,6.2
14154,94,0.41821093571265155,389.4255319148936
14155,125,0.2304516129032258,127.888
14156,7,0.19047619047619047,16.857142857142858
14157,180,0.47461204220980757,504.4611111111111
14158,35,0.11596638655462185,56.8
14159,5,0.6,93.0
14160,6,0.3333333333333333,24.166666666666668
14161,7,0.42857142857142855,19.0
14162,0,0.0,0.0
14163,8,0.4642857142857143,187.5
14164,2,1.0,47.5
14165,6,0.5333333333333333,25.166666666666668
14166,44,0.12473572938689217,59.29545454545455
14167,73,0.3991628614916286,260.972602739726
14168,0,0.0,0.0
14169,46,0.221256038647343,63.65217391304348
14170,20,0.14736842105263157,20.9
14171,141,0.4243161094224924,432.4822695035461
14172,11,0.41818181818181815,27.818181818181817
14173,2,0.0,11.5
14174,20,0.21578947368421053,97.6
14175,365,0.16588890561493302,132.06027397260274
14176,30,0.6436781609195402,435.6
14177,69,0.2442455242966752,213.57971014492753
14178,1,0.0,2.0
14179,19,0.3391812865497076,71.63157894736842
14180,15,0.6285714285714286,20.266666666666666
14181,0,0.0,0.0
14182,295,0.5536492563126946,579.9457627118644
14183,0,0.0,0.0
14184,3,0.6666666666666666,181.33333333333334
14185,557,0.47288919313382327,648.7881508078995
14186,0,0.0,0.0
14187,22,0.30303030303030304,34.63636363636363
14188,4,0.3333333333333333,59.75
14189,30,0.6137931034482759,168.13333333333333
14190,16,0.16666666666666666,54.75
14191,76,0.3487719298245614,299.9342105263158
14192,54,0.28581411600279527,135.2037037037037
14193,20,0.39473684210526316,220.55
14194,62,0.3796932839767319,146.8548387096774
14195,116,0.30464767616191907,326.48275862068965
14196,441,0.423572459286745,592.6825396825396
14197,14,0.26373626373626374,23.285714285714285
14198,10,0.15555555555555556,63.4
14199,659,0.30106867271494525,477.2761760242792
14200,3,0.0,11.666666666666666
14201,80,0.6443037974683544,334.4125
14202,61,0.22021857923497268,83.75409836065573
14203,1,0.0,4.0
14204,98,0.29476120345045237,77.20408163265306
14205,259,0.6101882613510521,284.65250965250965
14206,0,0.0,0.0
14207,14,0.2087912087912088,75.42857142857143
14208,493,0.5016491037121324,633.6369168356998
14209,0,0.0,0.0
14210,35,0.5042016806722689,155.14285714285714
14211,394,0.2903475801139226,464.7309644670051
14212,38,0.5860597439544808,177.89473684210526
14213,8,0.17857142857142858,19.5
14214,0,0.0,0.0
14215,52,0.24962292609351433,90.40384615384616
14216,17,0.22794117647058823,62.05882352941177
14217,0,0.0,0.0
14218,566,0.30585696863566714,510.2349823321555
14219,0,0.0,0.0
14220,2,0.0,106.5
14221,12,0.15151515151515152,93.16666666666667
14222,619,0.3652357126799149,583.8029079159935
14223,590,0.41084285344306637,590.6983050847458
14224,98,0.22112350094677047,114.46938775510205
14225,37,0.46996996996997,158.78378378378378
14226,2,1.0,32.5
14227,309,0.4121170092043878,581.7864077669902
14228,91,0.10036630036630037,71.74725274725274
14229,303,0.49546477826590607,306.1353135313531
14230,34,0.2281639928698752,121.76470588235294
14231,9,0.2777777777777778,27.11111111111111
14232,2,0.0,8.0
14233,101,0.24237623762376237,112.3069306930693
14234,92,0.09006211180124224,36.47826086956522
14235,0,0.0,0.0
14236,7,0.2857142857142857,55.57142857142857
14237,0,0.0,0.0
14238,3,0.3333333333333333,62.666666666666664
14239,0,0.0,0.0
14240,3,0.3333333333333333,111.66666666666667
14241,39,0.3360323886639676,122.43589743589743
14242,0,0.0,0.0
14243,0,0.0,0.0
14244,71,0.3903420523138833,100.29577464788733
14245,7,0.09523809523809523,29.0
14246,339,0.263985617287183,405.4070796460177
14247,21,0.2714285714285714,51.476190476190474
14248,11,0.41818181818181815,28.636363636363637
14249,254,0.6105318850953907,630.6496062992126
14250,59,0.5347749853886616,197.0
14251,230,0.48334915511676474,327.10434782608695
14252,9,0.3611111111111111,188.88888888888889
14253,2,0.0,24.5
14254,93,0.21972884525479197,94.90322580645162
14255,0,0.0,0.0
14256,4,0.16666666666666666,25.25
14257,42,0.627177700348432,540.6666666666666
14258,62,0.33685880486515074,92.98387096774194
14259,0,0.0,0.0
14260,9,0.6111111111111112,27.555555555555557
14261,264,0.44247609171563546,563.2537878787879
14262,350,0.3803029062627917,523.8685714285714
14263,16,0.2916666666666667,62.625
14264,20,0.47368421052631576,121.05
14265,2,1.0,10.0
14266,7,0.19047619047619047,12.714285714285714
14267,0,0.0,0.0
14268,11,0.2909090909090909,38.36363636363637
14269,39,0.21727395411605938,40.256410256410255
14270,158,0.2879948399580747,350.5822784810127
14271,244,0.5533630169331445,566.5368852459017
14272,38,0.35704125177809387,153.0
14273,1,0.0,4.0
14274,0,0.0,0.0
14275,205,0.4656145384983262,578.1024390243903
14276,44,0.37420718816067655,313.45454545454544
14277,49,0.195578231292517,68.81632653061224
14278,14,0.4725274725274725,87.5
14279,262,0.4806820508320903,546.9732824427481
14280,0,0.0,0.0
14281,850,0.3740123328483337,600.8047058823529
14282,2,0.0,4.5
14283,6,0.4,85.83333333333333
14284,8,0.35714285714285715,111.625
14285,450,0.34673595644642413,535.4644444444444
14286,1,0.0,3.0
14287,0,0.0,0.0
14288,18,0.5686274509803921,134.33333333333334
14289,76,0.1705263157894737,55.93421052631579
14290,2,1.0,11.0
14291,17,0.15441176470588236,36.64705882352941
14292,49,0.34098639455782315,155.71428571428572
14293,25,0.18333333333333332,72.88
14294,0,0.0,0.0
14295,4,0.0,13.0
14296,0,0.0,0.0
14297,8,0.25,138.5
14298,1,0.0,1.0
14299,8,0.39285714285714285,105.375
14300,72,0.31103286384976525,326.65277777777777
14301,13,0.38461538461538464,44.0
14302,22,0.4588744588744589,293.8181818181818
14303,206,0.49931328439497985,472.49029126213594
14304,51,0.13176470588235295,131.9607843137255
14305,0,0.0,0.0
14306,91,0.3128205128205128,187.67032967032966
14307,23,0.1976284584980237,54.26086956521739
14308,12,0.21212121212121213,24.083333333333332
14309,3,0.6666666666666666,10.666666666666666
14310,4,0.16666666666666666,25.5
14311,1009,0.33434604433117815,571.1427155599604
14312,0,0.0,0.0
14313,2,0.0,31.5
14314,288,0.3711527293844367,481.1770833333333
14315,4,0.5,44.5
14316,10,0.3333333333333333,64.2
14317,15,0.20952380952380953,48.46666666666667
14318,1,0.0,9.0
14319,30,0.7195402298850575,316.56666666666666
14320,4,0.16666666666666666,19.5
14321,1,0.0,6.0
14322,71,0.1517102615694165,98.02816901408451
14323,6,0.5333333333333333,50.5
14324,469,0.28076649718440766,456.63539445629
14325,19,0.28654970760233917,84.42105263157895
14326,30,0.2482758620689655,43.766666666666666
14327,0,0.0,0.0
14328,23,0.35968379446640314,142.2608695652174
14329,3,0.0,30.666666666666668
14330,0,0.0,0.0
14331,125,0.2563870967741935,118.912
14332,495,0.35754304175356805,548.2707070707071
14333,4,0.0,3.25
14334,31,0.23655913978494625,113.90322580645162
14335,81,0.4762345679012346,182.45679012345678
14336,3,0.3333333333333333,62.0
14337,12,0.19696969696969696,61.083333333333336
14338,78,0.5521145521145521,197.07692307692307
14339,108,0.41467635860159224,342.60185185185185
14340,2,0.0,6.0
14341,70,0.23436853002070393,142.2
14342,2,0.0,17.0
14343,2,0.0,33.5
14344,12,0.2727272727272727,32.583333333333336
14345,63,0.41423451100870456,151.63492063492063
14346,0,0.0,0.0
14347,34,0.31016042780748665,114.32352941176471
14348,0,0.0,0.0
14349,11,0.21818181818181817,147.1818181818182
14350,7,0.09523809523809523,51.42857142857143
14351,13,0.3717948717948718,285.6923076923077
14352,39,0.2968960863697706,65.74358974358974
14353,19,0.5964912280701754,263.57894736842104
14354,50,0.19428571428571428,125.72
14355,133,0.5401002506265664,550.0977443609023
14356,41,0.5402439024390244,523.780487804878
14357,1,0.0,17.0
14358,0,0.0,0.0
14359,0,0.0,0.0
14360,11,0.32727272727272727,59.81818181818182
14361,42,0.3310104529616725,151.04761904761904
14362,404,0.45862712822150703,545.4108910891089
14363,6,0.5333333333333333,336.8333333333333
14364,130,0.2746571258199165,347.5230769230769
14365,14,0.2967032967032967,110.28571428571429
14366,129,0.3536821705426357,303.8914728682171
14367,0,0.0,0.0
14368,87,0.42929697941726813,448.632183908046
14369,124,0.3421190663519538,186.7016129032258
14370,107,0.34914477164521246,402.69158878504675
14371,6,0.26666666666666666,33.0
14372,595,0.4875477463712758,658.1915966386555
14373,5,0.6,122.4
14374,49,0.33418367346938777,236.28571428571428
14375,44,0.26109936575052856,252.6590909090909
14376,37,0.2012012012012012,48.108108108108105
14377,11,0.2727272727272727,28.0
14378,3,0.3333333333333333,31.0
14379,3,0.3333333333333333,6.666666666666667
14380,53,0.44992743105950656,154.0
14381,159,0.5488416527346549,615.3396226415094
14382,192,0.18270069808027922,174.81770833333334
14383,21,0.08095238095238096,23.19047619047619
14384,44,0.4154334038054968,106.38636363636364
14385,2,0.0,71.0
14386,1,0.0,72.0
14387,313,0.48482428115015974,304.9233226837061
14388,299,0.479383178828758,368.30434782608694
14389,143,0.5796316359696642,295.43356643356645
14390,481,0.4221240471240471,566.9646569646569
14391,8,0.17857142857142858,57.375
14392,111,0.4266994266994267,332.45045045045043
14393,92,0.4813664596273292,491.6195652173913
14394,83,0.1686746987951807,66.20481927710843
14395,162,0.6607622114868492,336.2345679012346
14396,0,0.0,0.0
14397,40,0.22179487179487178,51.0
14398,159,0.3607992994188361,411.0377358490566
14399,1,0.0,4.0
14400,11,0.23636363636363636,12.272727272727273
14401,1,0.0,20.0
14402,5,0.5,19.4
14403,4,0.0,21.0
14404,237,0.5280697990416935,260.1940928270042
14405,0,0.0,0.0
14406,26,0.38769230769230767,128.6153846153846
14407,14,0.3956043956043956,35.785714285714285
14408,5,0.1,30.6
14409,6,0.06666666666666667,15.333333333333334
14410,15,0.17142857142857143,40.93333333333333
14411,2,0.0,23.5
14412,13,0.19230769230769232,35.46153846153846
14413,27,0.46438746438746437,160.85185185185185
14414,57,0.28132832080200504,66.73684210526316
14415,8,0.32142857142857145,24.875
14416,70,0.662111801242236,301.45714285714286
14417,200,0.6057286432160804,448.825
14418,7,0.38095238095238093,49.285714285714285
14419,24,0.41304347826086957,44.583333333333336
14420,11,0.2,17.181818181818183
14421,0,0.0,0.0
14422,59,0.21507890122735243,69.76271186440678
14423,88,0.4660397074190178,143.36363636363637
14424,32,0.43548387096774194,97.09375
14425,35,0.1949579831932773,46.6
14426,19,0.2222222222222222,96.63157894736842
14427,2,1.0,29.5
14428,42,0.09872241579558652,47.714285714285715
14429,615,0.29573898996318954,472.63577235772357
14430,3,1.0,44.333333333333336
14431,50,0.22775510204081634,86.08
14432,32,0.5020161290322581,89.09375
14433,6,0.5333333333333333,45.333333333333336
14434,5,0.5,12.8
14435,753,0.3762467859060213,593.5458167330677
14436,28,0.6798941798941799,190.07142857142858
14437,4,0.5,232.0
14438,57,0.33959899749373434,118.9298245614035
14439,831,0.2693024806808461,497.7906137184116
14440,28,0.3306878306878307,88.71428571428571
14441,4,0.5,17.5
14442,7,0.38095238095238093,18.428571428571427
14443,122,0.21677279501422572,112.65573770491804
14444,79,0.3599480688088283,227.9620253164557
14445,789,0.3334780902382377,557.2395437262358
14446,536,0.3317338540940159,514.7369402985074
14447,13,0.3076923076923077,119.84615384615384
14448,131,0.6318261890780975,288.40458015267177
14449,5,0.6,72.2
14450,8,0.17857142857142858,12.75
14451,5,0.1,20.4
14452,945,0.3429557887185006,579.8740740740741
14453,0,0.0,0.0
14454,122,0.2778756266088606,151.9344262295082
14455,18,0.20261437908496732,41.388888888888886
14456,0,0.0,0.0
14457,1,0.0,6.0
14458,52,0.36048265460030166,131.42307692307693
14459,0,0.0,0.0
14460,99,0.6229643372500515,358.54545454545456
14461,1,0.0,20.0
14462,15,0.5333333333333333,118.06666666666666
14463,27,0.21652421652421652,48.51851851851852
14464,17,0.19117647058823528,37.8235294117647
14465,3,0.3333333333333333,17.666666666666668
14466,42,0.3077816492450639,177.5
14467,17,0.6691176470588235,103.70588235294117
14468,2,1.0,51.5
14469,4,1.0,26.5
14470,654,0.27734614646116956,447.23394495412845
14471,0,0.0,0.0
14472,9,0.2777777777777778,45.0
14473,5,0.2,6.0
14474,2,0.0,6.0
14475,0,0.0,0.0
14476,2,0.0,14.5
14477,194,0.2949094599647455,280.71649484536084
14478,136,0.6300653594771242,440.22058823529414
14479,11,0.2727272727272727,38.63636363636363
14480,98,0.15674310961498,110.76530612244898
14481,9,0.4722222222222222,43.22222222222222
14482,6,0.4,8.5
14483,294,0.5282904970862065,275.31632653061223
14484,47,0.22294172062904719,81.72340425531915
14485,5,0.3,10.2
14486,13,0.19230769230769232,224.15384615384616
14487,1,0.0,10.0
14488,124,0.3305795961185418,170.17741935483872
14489,0,0.0,0.0
14490,287,0.2054774493798884,233.22996515679444
14491,568,0.3038539881262886,523.637323943662
14492,30,0.31264367816091954,68.1
14493,9,0.1111111111111111,59.666666666666664
14494,0,0.0,0.0
14495,30,0.1839080459770115,70.46666666666667
14496,19,0.49707602339181284,22.736842105263158
14497,187,0.22546144557529757,131.6898395721925
14498,18,0.39215686274509803,96.77777777777777
14499,0,0.0,0.0
14500,244,0.23264521351953046,168.4795081967213
14501,41,0.35365853658536583,475.2439024390244
14502,4,0.16666666666666666,26.75
14503,14,0.0989010989010989,77.64285714285714
14504,0,0.0,0.0
14505,1,0.0,11.0
14506,292,0.33276844136892153,457.986301369863
14507,36,0.26825396825396824,80.61111111111111
14508,2,1.0,49.0
14509,0,0.0,0.0
14510,0,0.0,0.0
14511,119,0.39339125480700754,290.7310924369748
14512,4,0.3333333333333333,13.0
14513,4,0.16666666666666666,18.5
14514,23,0.17391304347826086,32.52173913043478
14515,30,0.4528735632183908,114.33333333333333
14516,25,0.27,185.0
14517,2,0.0,20.0
14518,40,0.7025641025641025,372.4
14519,1,0.0,3.0
14520,117,0.23312702623047452,113.76923076923077
14521,3,0.6666666666666666,16.333333333333332
14522,16,0.36666666666666664,128.8125
14523,18,0.35947712418300654,36.888888888888886
14524,6,0.26666666666666666,24.0
14525,130,0.4697674418604651,518.1076923076923
14526,20,0.14210526315789473,20.65
14527,1,0.0,21.0
14528,1,0.0,2.0
14529,28,0.1349206349206349,27.464285714285715
14530,0,0.0,0.0
14531,22,0.3463203463203463,64.04545454545455
14532,1,0.0,46.0
14533,383,0.35127745957103607,466.22454308093995
14534,31,0.13333333333333333,49.935483870967744
14535,455,0.4427845282470833,527.6021978021978
14536,1,0.0,14.0
14537,501,0.40988423153692616,623.373253493014
14538,1,0.0,1.0
14539,61,0.19344262295081968,59.032786885245905
14540,86,0.5365253077975376,198.56976744186048
14541,9,0.19444444444444445,54.44444444444444
14542,162,0.2865577793114025,331.01851851851853
14543,5,0.2,127.4
14544,52,0.4072398190045249,149.98076923076923
14545,366,0.37420465603712855,545.2158469945355
14546,40,0.3153846153846154,128.35
14547,32,0.6088709677419355,156.59375
14548,0,0.0,0.0
14549,3,0.0,8.333333333333334
14550,45,0.2313131313131313,75.11111111111111
14551,35,0.1949579831932773,84.17142857142858
14552,0,0.0,0.0
14553,82,0.5456187895212286,292.6585365853659
14554,8,0.2857142857142857,31.75
14555,18,0.2222222222222222,147.88888888888889
14556,20,0.19473684210526315,48.75
14557,402,0.42825771392414486,568.226368159204
14558,76,0.3736842105263158,175.67105263157896
14559,2,0.0,17.0
14560,93,0.32071061243571763,135.91397849462365
14561,1,0.0,9.0
14562,42,0.2229965156794425,57.95238095238095
14563,1,0.0,1.0
14564,2,1.0,60.5
14565,0,0.0,0.0
14566,6,0.5333333333333333,127.33333333333333
14567,47,0.24976873265494912,93.72340425531915
14568,1,0.0,20.0
14569,79,0.6196040246673158,345.3164556962025
14570,23,0.32806324110671936,60.08695652173913
14571,0,0.0,0.0
14572,8,0.39285714285714285,122.5
14573,107,0.15235408217245636,64.73831775700934
14574,0,0.0,0.0
14575,61,0.2721311475409836,108.09836065573771
14576,7,0.38095238095238093,43.285714285714285
14577,0,0.0,0.0
14578,38,0.28165007112375534,64.0
14579,200,0.4547738693467337,570.76
14580,13,0.3076923076923077,41.61538461538461
14581,82,0.40770852152965975,226.6829268292683
14582,3,0.6666666666666666,36.333333333333336
14583,23,0.43873517786561267,43.08695652173913
14584,671,0.2566719309562471,442.9284649776453
14585,358,0.4497597921850304,515.81843575419
14586,2,1.0,5.5
14587,6,0.26666666666666666,58.833333333333336
14588,13,0.5128205128205128,62.84615384615385
14589,7,0.23809523809523808,54.714285714285715
14590,13,0.21794871794871795,67.84615384615384
14591,579,0.3751128003776945,557.901554404145
14592,8,0.35714285714285715,343.0
14593,14,0.12087912087912088,30.642857142857142
14594,9,0.5833333333333334,28.666666666666668
14595,5,0.6,43.8
14596,26,0.49230769230769234,420.0
14597,0,0.0,0.0
14598,11,0.4727272727272727,23.636363636363637
14599,35,0.292436974789916,51.22857142857143
14600,13,0.24358974358974358,42.53846153846154
14601,0,0.0,0.0
14602,88,0.5094043887147336,201.35227272727272
14603,7,0.23809523809523808,76.42857142857143
14604,12,0.45454545454545453,55.833333333333336
14605,34,0.13012477718360071,69.70588235294117
14606,3,0.0,3.3333333333333335
14607,1,0.0,5.0
14608,2,0.0,7.5
14609,0,0.0,0.0
14610,0,0.0,0.0
14611,17,0.375,77.0
14612,96,0.1875,145.82291666666666
14613,20,0.4105263157894737,227.05
14614,21,0.5380952380952381,228.47619047619048
14615,0,0.0,0.0
14616,321,0.4221183800623053,397.32710280373834
14617,17,0.22794117647058823,21.941176470588236
14618,23,0.24110671936758893,72.1304347826087
14619,0,0.0,0.0
14620,25,0.7133333333333334,424.04
14621,9,0.2222222222222222,48.666666666666664
14622,0,0.0,0.0
14623,13,0.32051282051282054,65.6923076923077
14624,5,0.3,29.2
14625,6,1.0,79.66666666666667
14626,95,0.283538633818589,106.13684210526316
14627,0,0.0,0.0
14628,2,0.0,3.0
14629,183,0.3445625412838528,472.9726775956284
14630,2,0.0,11.0
14631,148,0.365324508181651,343.3310810810811
14632,8,0.42857142857142855,47.125
14633,4,0.5,14.25
14634,4,1.0,40.0
14635,22,0.658008658008658,131.1818181818182
14636,6,0.13333333333333333,20.666666666666668
14637,0,0.0,0.0
14638,21,0.1380952380952381,53.333333333333336
14639,3,0.0,13.333333333333334
14640,3,0.0,11.0
14641,7,0.09523809523809523,21.857142857142858
14642,40,0.35,390.95
14643,63,0.28008192524321557,120.7936507936508
14644,0,0.0,0.0
14645,0,0.0,0.0
14646,53,0.488388969521045,148.11320754716982
14647,122,0.35279772388565234,247.70491803278688
14648,64,0.30158730158730157,133.90625
14649,10,0.4222222222222222,19.6
14650,6,0.4,45.166666666666664
14651,41,0.28536585365853656,115.02439024390245
14652,35,0.5512605042016807,163.11428571428573
14653,22,0.16017316017316016,107.27272727272727
14654,0,0.0,0.0
14655,343,0.5263669377525446,587.0116618075801
14656,199,0.15816456017461042,116.8391959798995
14657,3,0.0,14.333333333333334
14658,48,0.4875886524822695,428.2708333333333
14659,113,0.3463969658659924,140.32743362831857
14660,16,0.6083333333333333,119.6875
14661,33,0.509469696969697,220.84848484848484
14662,0,0.0,0.0
14663,22,0.16017316017316016,66.45454545454545
14664,65,0.5495192307692308,392.26153846153846
14665,34,0.31016042780748665,93.0
14666,501,0.3102674650698603,528.5349301397206
14667,1,0.0,7.0
14668,10,0.4888888888888889,62.7
14669,6,0.5333333333333333,36.0
14670,4,0.5,31.25
14671,14,0.25274725274725274,157.85714285714286
14672,94,0.2834591626630062,144.5531914893617
14673,57,0.3082706766917293,174.3859649122807
14674,12,0.22727272727272727,35.916666666666664
14675,39,0.5654520917678812,351.12820512820514
14676,8,0.8928571428571429,250.375
14677,3,0.0,5.0
14678,35,0.3226890756302521,212.11428571428573
14679,29,0.43596059113300495,137.17241379310346
14680,2,1.0,9.5
14681,302,0.4317396756947042,492.612582781457
14682,158,0.47182133354833505,437.2025316455696
14683,282,0.2862370964892355,418.9078014184397
14684,77,0.436431989063568,302.1168831168831
14685,204,0.25992465951898003,167.57843137254903
14686,201,0.27417910447761196,151.73134328358208
14687,729,0.40136269765899396,600.840877914952
14688,57,0.5043859649122807,81.87719298245614
14689,6,0.6,117.33333333333333
14690,0,0.0,0.0
14691,10,0.2222222222222222,45.7
14692,62,0.42358540454785826,147.96774193548387
14693,433,0.336594388846121,485.4549653579677
14694,56,0.2025974025974026,102.58928571428571
14695,152,0.5783373997908678,495.625
14696,1,0.0,189.0
14697,0,0.0,0.0
14698,99,0.23995052566481137,111.18181818181819
14699,77,0.22351332877648666,73.11688311688312
14700,361,0.37620806401969836,538.0387811634349
14701,1,0.0,4.0
14702,123,0.2710915633746501,119.41463414634147
14703,3,0.3333333333333333,8.666666666666666
14704,10,0.17777777777777778,19.5
14705,0,0.0,0.0
14706,0,0.0,0.0
14707,0,0.0,0.0
14708,3,0.3333333333333333,23.666666666666668
14709,47,0.18963922294172064,68.36170212765957
14710,45,0.45555555555555555,406.02222222222224
14711,24,0.2028985507246377,49.166666666666664
14712,4,0.3333333333333333,35.0
14713,20,0.38421052631578945,98.2
14714,4,0.0,49.0
14715,0,0.0,0.0
14716,9,0.3611111111111111,25.88888888888889
14717,25,0.36333333333333334,140.08
14718,101,0.5485148514851486,575.3663366336634
14719,15,0.20952380952380953,69.4
14720,2,0.0,59.0
14721,33,0.45454545454545453,221.66666666666666
14722,19,0.0935672514619883,69.3157894736842
14723,7,0.14285714285714285,13.142857142857142
14724,1,0.0,3.0
14725,5,0.5,60.4
14726,5,0.1,11.4
14727,19,0.391812865497076,54.78947368421053
14728,11,0.32727272727272727,20.545454545454547
14729,42,0.26713124274099886,64.16666666666667
14730,2,0.0,3.0
14731,148,0.2214561500275786,124.08108108108108
14732,9,0.5,162.77777777777777
14733,6,0.26666666666666666,59.666666666666664
14734,26,0.6615384615384615,143.53846153846155
14735,9,0.6944444444444444,27.555555555555557
14736,16,0.31666666666666665,81.375
14737,6,0.6,148.16666666666666
14738,2,0.0,32.0
14739,15,0.3142857142857143,181.86666666666667
14740,6,0.7333333333333333,492.6666666666667
14741,13,0.10256410256410256,27.153846153846153
14742,72,0.3705007824726135,128.44444444444446
14743,101,0.12237623762376237,66.11881188118812
14744,8,0.32142857142857145,29.75
14745,20,0.18947368421052632,48.85
14746,53,0.262699564586357,102.24528301886792
14747,149,0.3025575911481952,198.49664429530202
14748,2,1.0,12.5
14749,1,0.0,10.0
14750,150,0.2999552572706935,146.14
14751,25,0.3233333333333333,130.8
14752,14,0.4175824175824176,70.71428571428571
14753,7,0.23809523809523808,134.42857142857142
14754,132,0.14712005551700208,65.81818181818181
14755,0,0.0,0.0
14756,77,0.23137388926862612,67.57142857142857
14757,0,0.0,0.0
14758,533,0.41545938015771133,601.093808630394
14759,320,0.46551724137931033,527.50625
14760,445,0.33037756857981576,470.29662921348313
14761,16,0.30833333333333335,88.5
14762,0,0.0,0.0
14763,0,0.0,0.0
14764,169,0.4149056072132995,365.28402366863907
14765,19,0.17543859649122806,70.42105263157895
14766,39,0.4008097165991903,58.58974358974359
14767,37,0.536036036036036,173.51351351351352
14768,10,0.2222222222222222,132.7
14769,2,0.0,50.0
14770,524,0.34922569439376466,584.5190839694657
14771,25,0.42333333333333334,29.92
14772,26,0.39076923076923076,116.34615384615384
14773,633,0.3136310916471694,470.650868878357
14774,7,0.6190476190476191,146.71428571428572
14775,137,0.4067196221554315,250.45255474452554
14776,134,0.4274492200650881,490.35074626865674
14777,1,0.0,8.0
14778,15,0.1619047619047619,26.266666666666666
14779,464,0.41695836746853354,570.2219827586207
14780,87,0.4033680834001604,185.49425287356323
14781,1,0.0,21.0
14782,16,0.31666666666666665,61.375
14783,1,0.0,3.0
14784,63,0.23297491039426524,85.25396825396825
14785,25,0.3466666666666667,243.04
14786,118,0.8047225843836013,650.3220338983051
14787,30,0.17011494252873563,83.43333333333334
14788,0,0.0,0.0
14789,111,0.3244881244881245,132.03603603603602
14790,273,0.20448179271708683,274.54578754578756
14791,13,0.15384615384615385,38.46153846153846
14792,12,0.5454545454545454,19.166666666666668
14793,1,0.0,79.0
14794,6,0.3333333333333333,34.833333333333336
14795,0,0.0,0.0
14796,1,0.0,7.0
14797,9,0.2777777777777778,45.666666666666664
14798,116,0.20344827586206896,180.4051724137931
14799,68,0.21905179982440737,71.5
14800,126,0.3097142857142857,203.24603174603175
14801,336,0.4354299928926795,315.45535714285717
14802,27,0.24216524216524216,85.77777777777777
14803,25,0.24666666666666667,51.84
14804,192,0.23794720767888308,183.83333333333334
14805,4,0.16666666666666666,70.5
14806,34,0.28698752228163993,64.47058823529412
14807,9,0.4722222222222222,209.77777777777777
14808,11,0.38181818181818183,31.636363636363637
14809,36,0.18571428571428572,46.083333333333336
14810,40,0.2423076923076923,47.975
14811,131,0.3802701115678215,175.4885496183206
14812,6,0.26666666666666666,48.0
14813,0,0.0,0.0
14814,4,0.0,37.75
14815,26,0.07692307692307693,27.807692307692307
14816,66,0.3389277389277389,124.45454545454545
14817,300,0.4739799331103679,605.7066666666667
14818,67,0.27408412483039346,176.55223880597015
14819,0,0.0,0.0
14820,0,0.0,0.0
14821,76,0.44280701754385965,483.0657894736842
14822,30,0.27586206896551724,88.0
14823,34,0.41532976827094475,238.47058823529412
14824,23,0.2727272727272727,46.34782608695652
14825,4,0.5,17.5
14826,28,0.4656084656084656,213.67857142857142
14827,0,0.0,0.0
14828,15,0.4666666666666667,157.93333333333334
14829,52,0.18024132730015083,56.78846153846154
14830,48,0.1595744680851064,237.29166666666666
14831,16,0.15,155.9375
14832,415,0.5552063325766835,677.2048192771084
14833,8,0.5357142857142857,186.125
14834,154,0.42568542568542567,523.1623376623377
14835,23,0.3201581027667984,47.17391304347826
14836,0,0.0,0.0
14837,43,0.22591362126245848,42.86046511627907
14838,2,0.0,25.0
14839,56,0.2798701298701299,74.30357142857143
14840,2,1.0,121.5
14841,0,0.0,0.0
14842,87,0.4533547179898423,163.20689655172413
14843,23,0.5889328063241107,24.52173913043478
14844,7,0.047619047619047616,13.142857142857142
14845,9,0.3611111111111111,55.333333333333336
14846,8,0.2857142857142857,37.125
14847,18,0.43137254901960786,46.888888888888886
14848,3,0.6666666666666666,39.333333333333336
14849,0,0.0,0.0
14850,104,0.4382001493651979,431.8557692307692
14851,284,0.21743890907281144,158.93661971830986
14852,555,0.2565778775165057,421.9315315315315
14853,36,0.29523809523809524,66.58333333333333
14854,2,0.0,51.0
14855,48,0.30141843971631205,55.270833333333336
14856,149,0.17476872846000363,113.41610738255034
14857,91,0.44175824175824174,385.9340659340659
14858,9,0.2222222222222222,60.666666666666664
14859,15,0.49523809523809526,154.33333333333334
14860,42,0.3635307781649245,137.5
14861,413,0.12135922330097088,232.44794188861985
14862,1,0.0,2.0
14863,0,0.0,0.0
14864,121,0.431267217630854,179.26446280991735
14865,120,0.18641456582633054,124.975
14866,4,1.0,49.75
14867,142,0.2427329937069224,147.93661971830986
14868,3,0.0,21.0
14869,17,0.14705882352941177,51.64705882352941
14870,18,0.29411764705882354,38.888888888888886
14871,1,0.0,14.0
14872,60,0.20734463276836157,58.35
14873,24,0.08333333333333333,43.958333333333336
14874,96,0.5703947368421053,654.09375
14875,7,0.047619047619047616,49.142857142857146
14876,235,0.3630114566284779,389.1531914893617
14877,116,0.3428785607196402,118.21551724137932
14878,6,0.5333333333333333,26.0
14879,3,1.0,11.333333333333334
14880,2,0.0,303.0
14881,605,0.29877401346395926,479.1454545454545
14882,1,0.0,2.0
14883,9,0.1111111111111111,50.77777777777778
14884,87,0.18337342956428762,124.49425287356321
14885,0,0.0,0.0
14886,0,0.0,0.0
14887,299,0.19411461022199278,141.42809364548495
14888,2,1.0,9.5
14889,158,0.46601628638232684,526.873417721519
14890,25,0.31666666666666665,174.0
14891,0,0.0,0.0
14892,23,0.233201581027668,89.6086956521739
14893,19,0.3333333333333333,56.68421052631579
14894,184,0.141720123544785,84.54891304347827
14895,777,0.3844916344916345,619.0669240669241
14896,4,0.5,206.5
14897,623,0.33709929652702153,522.2825040128411
14898,209,0.5489050423260949,459.5598086124402
14899,20,0.5105263157894737,58.0
14900,20,0.3526315789473684,28.4
14901,0,0.0,0.0
14902,13,0.16666666666666666,27.384615384615383
14903,262,0.6162732882922406,297.89694656488547
14904,0,0.0,0.0
14905,61,0.4207650273224044,170.08196721311475
14906,10,0.4666666666666667,217.7
14907,87,0.16439454691259023,60.94252873563219
14908,5,0.3,162.4
14909,65,0.25240384615384615,109.96923076923076
14910,212,0.2588750782437629,267.14150943396226
14911,2,0.0,3.5
14912,7,0.14285714285714285,35.0
14913,0,0.0,0.0
14914,59,0.2413793103448276,75.49152542372882
14915,902,0.33513637224960685,602.6308203991131
14916,0,0.0,0.0
14917,13,0.5256410256410257,73.53846153846153
14918,23,0.2450592885375494,63.17391304347826
14919,90,0.3253433208489388,425.4222222222222
14920,6,0.3333333333333333,47.0
14921,23,0.5059288537549407,196.08695652173913
14922,5,0.2,36.8
14923,222,0.16477110594757655,116.04504504504504
14924,2,0.0,7.5
14925,34,0.22994652406417113,90.17647058823529
14926,53,0.5863570391872278,387.9056603773585
14927,3,0.3333333333333333,77.0
14928,8,0.10714285714285714,11.5
14929,20,0.22631578947368422,37.5
14930,7,0.14285714285714285,28.285714285714285
14931,0,0.0,0.0
14932,2,0.0,2.0
14933,24,0.35144927536231885,32.375
14934,2,0.0,38.0
14935,20,0.45263157894736844,77.9
14936,33,0.3087121212121212,73.0
14937,38,0.28733997155049784,127.57894736842105
14938,244,0.4915671591445726,270.84016393442624
14939,50,0.19673469387755102,84.92
14940,32,0.11491935483870967,51.59375
14941,581,0.4230577482343166,622.6230636833046
14942,16,0.10833333333333334,51.5625
14943,66,0.3095571095571096,181.6818181818182
14944,1,0.0,12.0
14945,19,0.13450292397660818,35.0
14946,8,0.35714285714285715,14.625
14947,0,0.0,0.0
14948,310,0.49950934335525626,517.4387096774194
14949,8,0.2857142857142857,72.5
14950,1,0.0,15.0
14951,15,0.2571428571428571,76.53333333333333
14952,32,0.3588709677419355,65.1875
14953,76,0.2982456140350877,171.21052631578948
14954,179,0.18379260561170047,124.57541899441341
14955,10,0.06666666666666667,16.4
14956,3,0.3333333333333333,9.666666666666666
14957,94,0.4339967970716083,177.27659574468086
14958,70,0.2737060041407868,117.31428571428572
14959,9,0.2222222222222222,24.444444444444443
14960,55,0.2430976430976431,208.34545454545454
14961,30,0.2367816091954023,73.1
14962,5,0.6,105.0
14963,1,0.0,1.0
14964,115,0.16033562166285278,105.49565217391304
14965,31,0.13763440860215054,70.54838709677419
14966,0,0.0,0.0
14967,6,0.4666666666666667,34.833333333333336
14968,0,0.0,0.0
14969,5,0.2,38.8
14970,93,0.2823749415614773,187.8494623655914
14971,24,0.21739130434782608,21.708333333333332
14972,0,0.0,0.0
14973,60,0.480225988700565,360.4
14974,0,0.0,0.0
14975,23,0.20948616600790515,217.34782608695653
14976,18,0.48366013071895425,31.72222222222222
14977,0,0.0,0.0
14978,0,0.0,0.0
14979,7,0.0,26.571428571428573
14980,10,0.2222222222222222,46.5
14981,69,0.30861040068201195,196.55072463768116
14982,18,0.41830065359477125,100.27777777777777
14983,18,0.37254901960784315,122.11111111111111
14984,1,0.0,1.0
14985,189,0.3696386355960824,398.031746031746
14986,19,0.5614035087719298,186.8421052631579
14987,208,0.22361575622445187,141.0096153846154
14988,30,0.19540229885057472,90.76666666666667
14989,0,0.0,0.0
14990,7,0.2857142857142857,92.14285714285714
14991,12,0.2878787878787879,115.33333333333333
14992,51,0.24784313725490195,75.15686274509804
14993,19,0.36257309941520466,98.73684210526316
14994,238,0.2498315782009006,165.49579831932772
14995,7,1.0,300.14285714285717
14996,8,0.5,9.25
14997,39,0.2078272604588394,55.666666666666664
14998,27,0.21082621082621084,38.333333333333336
14999,131,0.32272460364063416,150.33587786259542
15000,10,0.4888888888888889,84.7
15001,170,0.24142011834319527,128.47058823529412
15002,6,0.4,47.333333333333336
15003,0,0.0,0.0
15004,3,0.0,15.333333333333334
15005,665,0.4373946915481475,624.0616541353384
15006,149,0.23009250861599856,371.91946308724835
15007,359,0.47579402748167626,295.32311977715875
15008,0,0.0,0.0
15009,0,0.0,0.0
15010,56,0.1396103896103896,39.892857142857146
15011,30,0.367816091954023,43.5
15012,26,0.16615384615384615,46.03846153846154
15013,130,0.2420989862850328,115.83846153846154
15014,4,0.16666666666666666,8.5
15015,117,0.2928087238432066,151.43589743589743
15016,72,0.3114241001564945,219.25
15017,83,0.4363796650014693,462.72289156626505
15018,92,0.5625895843287148,369.57608695652175
15019,686,0.394113766465919,608.9897959183673
15020,42,0.4634146341463415,124.73809523809524
15021,404,0.29728766921357147,463.29455445544556
15022,291,0.3564403365327645,473.4742268041237
15023,0,0.0,0.0
15024,11,0.7636363636363637,56.81818181818182
15025,1,0.0,10.0
15026,17,0.39705882352941174,29.941176470588236
15027,127,0.4729408823897013,484.8582677165354
15028,0,0.0,0.0
15029,2,0.0,23.0
15030,0,0.0,0.0
15031,4,0.6666666666666666,7.75
15032,25,0.15666666666666668,31.48
15033,28,0.2724867724867725,60.785714285714285
15034,4,0.3333333333333333,39.5
15035,3,0.0,8.666666666666666
15036,75,0.6908108108108109,318.3333333333333
15037,331,0.40904513412066285,565.4350453172206
15038,2,0.0,21.5
15039,39,0.14979757085020243,67.07692307692308
15040,0,0.0,0.0
15041,4,0.16666666666666666,44.25
15042,14,0.5274725274725275,125.28571428571429
15043,0,0.0,0.0
15044,27,0.25071225071225073,64.18518518518519
15045,1,0.0,7.0
15046,59,0.23787258912916423,112.10169491525424
15047,6,0.26666666666666666,25.833333333333332
15048,3,1.0,106.33333333333333
15049,1,0.0,3.0
15050,111,0.35823095823095824,243.38738738738738
15051,33,0.17803030303030304,28.303030303030305
15052,87,0.24325046778936113,198.8735632183908
15053,6,1.0,427.0
15054,97,0.17783505154639176,118.69072164948453
15055,2,0.0,25.0
15056,320,0.355583855799373,425.93125
15057,25,0.5566666666666666,132.88
15058,16,0.2,50.375
15059,99,0.1663574520717378,166.57575757575756
15060,0,0.0,0.0
15061,0,0.0,0.0
15062,640,0.43509389671361504,606.7640625
15063,700,0.4118659309217249,599.8742857142857
15064,2,1.0,33.0
15065,0,0.0,0.0
15066,35,0.29747899159663865,151.97142857142856
15067,5,0.8,5.8
15068,8,0.17857142857142858,14.0
15069,17,0.3014705882352941,133.41176470588235
15070,2,0.0,6.5
15071,19,0.3333333333333333,127.94736842105263
15072,24,0.2391304347826087,49.25
15073,15,0.37142857142857144,22.533333333333335
15074,78,0.1928071928071928,91.53846153846153
15075,4,0.16666666666666666,11.5
15076,305,0.4588438308886972,553.4754098360655
15077,41,0.4792682926829268,519.2926829268292
15078,14,0.25274725274725274,52.785714285714285
15079,48,0.3953900709219858,130.04166666666666
15080,17,0.49264705882352944,103.88235294117646
15081,1,0.0,1.0
15082,81,0.3675925925925926,212.1604938271605
15083,1018,0.2953368376112956,570.3457760314342
15084,22,0.4329004329004329,50.54545454545455
15085,2,0.0,8.5
15086,14,0.4725274725274725,322.0
15087,0,0.0,0.0
15088,49,0.3945578231292517,366.734693877551
15089,109,0.3195718654434251,141.89908256880733
15090,56,0.25,92.94642857142857
15091,70,0.26211180124223604,109.75714285714285
15092,275,0.49719973457199734,583.5272727272727
15093,16,0.3,29.75
15094,0,0.0,0.0
15095,40,0.16282051282051282,110.275
15096,160,0.4269654088050314,420.175
15097,9,0.4166666666666667,37.0
15098,18,0.20915032679738563,80.05555555555556
15099,19,0.7777777777777778,527.3157894736842
15100,0,0.0,0.0
15101,1,0.0,15.0
15102,7,0.19047619047619047,12.571428571428571
15103,0,0.0,0.0
15104,50,0.4048979591836735,112.48
15105,2,0.0,13.5
15106,36,0.2698412698412698,182.47222222222223
15107,12,0.24242424242424243,37.833333333333336
15108,0,0.0,0.0
15109,4,0.5,20.25
15110,39,0.29284750337381915,152.92307692307693
15111,128,0.4028051181102362,401.0703125
15112,7,0.38095238095238093,47.714285714285715
15113,3,0.0,66.0
15114,6,0.3333333333333333,33.166666666666664
15115,7,0.38095238095238093,78.0
15116,359,0.18916605717309098,357.7771587743733
15117,65,0.22788461538461538,71.63076923076923
15118,10,0.5111111111111111,128.7
15119,7,0.2857142857142857,71.42857142857143
15120,6,0.26666666666666666,39.5
15121,0,0.0,0.0
15122,81,0.18858024691358025,65.46913580246914
15123,9,0.2222222222222222,27.555555555555557
15124,2,1.0,17.5
15125,17,0.3014705882352941,69.17647058823529
15126,24,0.30434782608695654,112.95833333333333
15127,100,0.5141414141414141,411.32
15128,3,0.3333333333333333,15.666666666666666
15129,18,0.2222222222222222,54.111111111111114
15130,0,0.0,0.0
15131,1,0.0,29.0
15132,171,0.17681458548331613,329.39181286549706
15133,0,0.0,0.0
15134,691,0.29667568531219196,531.9146164978292
15135,36,0.49047619047619045,98.38888888888889
15136,76,0.17228070175438598,73.30263157894737
15137,6,0.6666666666666666,25.5
15138,2,0.0,4.5
15139,14,0.23076923076923078,77.57142857142857
15140,52,0.334841628959276,115.84615384615384
15141,132,0.325352764284062,294.8333333333333
15142,4,0.5,25.0
15143,79,0.19117169750081142,124.9493670886076
15144,7,0.2857142857142857,28.571428571428573
15145,112,0.34555984555984554,144.16964285714286
15146,10,0.24444444444444444,19.5
15147,799,0.31897327800101005,572.6695869837297
15148,50,0.24408163265306124,108.7
15149,1,0.0,13.0
15150,4,0.8333333333333334,26.5
15151,14,0.21978021978021978,75.85714285714286
15152,15,0.2761904761904762,101.8
15153,24,0.3695652173913043,41.833333333333336
15154,2,0.0,28.0
15155,240,0.523465829846583,651.5583333333333
15156,11,0.38181818181818183,72.9090909090909
15157,18,0.3790849673202614,65.83333333333333
15158,19,0.543859649122807,261.5263157894737
15159,1,0.0,46.0
15160,101,0.46712871287128716,533.2871287128713
15161,584,0.43342771211729597,633.1369863013699
15162,19,0.3567251461988304,37.63157894736842
15163,0,0.0,0.0
15164,81,0.3037037037037037,176.2962962962963
15165,164,0.2293879994014664,126.14024390243902
15166,6,0.3333333333333333,41.333333333333336
15167,146,0.3249881908360888,114.65753424657534
15168,145,0.1997126436781609,102.90344827586208
15169,73,0.0882800608828006,45.42465753424658
15170,8,0.6785714285714286,108.0
15171,28,0.2275132275132275,36.214285714285715
15172,34,0.5258467023172906,233.05882352941177
15173,22,0.47619047619047616,112.18181818181819
15174,112,0.3922136422136422,445.63392857142856
15175,23,0.22529644268774704,27.0
15176,2,1.0,5.5
15177,16,0.26666666666666666,49.3125
15178,34,0.1925133689839572,99.52941176470588
15179,15,0.18095238095238095,8.533333333333333
15180,902,0.25955639336435743,501.1230598669623
15181,45,0.3484848484848485,313.0888888888889
15182,5,0.4,63.6
15183,39,0.2834008097165992,101.84615384615384
15184,0,0.0,0.0
15185,37,0.23723723723723725,96.70270270270271
15186,1,0.0,3.0
15187,277,0.4095380107780045,351.97833935018053
15188,2,1.0,8.5
15189,109,0.2939177709819912,140.32110091743118
15190,52,0.20211161387631976,54.48076923076923
15191,0,0.0,0.0
15192,10,0.17777777777777778,61.7
15193,2,0.0,8.0
15194,1,0.0,17.0
15195,18,0.35947712418300654,152.27777777777777
15196,0,0.0,0.0
15197,29,0.2044334975369458,51.6551724137931
15198,183,0.28421305470485797,403.0655737704918
15199,14,0.15384615384615385,25.285714285714285
15200,537,0.49726924039022763,621.9962756052141
15201,863,0.33644304522345564,555.0162224797219
15202,31,0.22580645161290322,51.70967741935484
15203,3,0.3333333333333333,81.0
15204,1237,0.2768311474938061,551.4704931285368
15205,11,0.6545454545454545,49.63636363636363
15206,18,0.3464052287581699,117.83333333333333
15207,0,0.0,0.0
15208,5,0.4,24.8
15209,0,0.0,0.0
15210,277,0.40339036258044264,278.12635379061373
15211,2,0.0,27.5
15212,83,0.32148104613576256,78.4578313253012
15213,8,0.21428571428571427,36.5
15214,14,0.5384615384615384,59.857142857142854
15215,20,0.5210526315789473,101.45
15216,111,0.3801801801801802,173.03603603603602
15217,0,0.0,0.0
15218,28,0.2857142857142857,36.75
15219,1,0.0,9.0
15220,83,0.22068762856303262,85.49397590361446
15221,26,0.36,90.65384615384616
15222,148,0.5514800514800515,540.0337837837837
15223,7,0.38095238095238093,25.714285714285715
15224,35,0.2672268907563025,51.68571428571428
15225,5,0.5,206.6
15226,0,0.0,0.0
15227,79,0.24342745861733203,93.59493670886076
15228,28,0.36243386243386244,59.42857142857143
15229,82,0.3884372177055104,100.73170731707317
15230,14,0.4945054945054945,31.928571428571427
15231,0,0.0,0.0
15232,6,0.2,69.16666666666667
15233,589,0.1496309899171893,331.47028862478777
15234,5,0.2,4.0
15235,24,0.3007246376811594,73.125
15236,7,0.14285714285714285,45.57142857142857
15237,74,0.6656793780081451,300.72972972972974
15238,86,0.25882352941176473,130.6627906976744
15239,1,0.0,2.0
15240,41,0.22560975609756098,106.73170731707317
15241,32,0.4153225806451613,103.25
15242,5,0.6,380.0
15243,79,0.17039922103213243,65.17721518987342
15244,35,0.2773109243697479,76.57142857142857
15245,57,0.38847117794486213,147.42105263157896
15246,76,0.36947368421052634,229.14473684210526
15247,52,0.4381598793363499,417.5769230769231
15248,22,0.3246753246753247,79.0909090909091
15249,22,0.24242424242424243,58.81818181818182
15250,0,0.0,0.0
15251,0,0.0,0.0
15252,428,0.22800892993937272,411.14719626168227
15253,34,0.24420677361853832,51.44117647058823
15254,11,0.509090909090909,67.0909090909091
15255,3,0.0,17.0
15256,0,0.0,0.0
15257,281,0.4155312658871378,283.3594306049822
15258,9,0.4166666666666667,23.11111111111111
15259,9,0.5555555555555556,389.1111111111111
15260,15,0.19047619047619047,60.8
15261,0,0.0,0.0
15262,0,0.0,0.0
15263,560,0.2670457449527217,484.9607142857143
15264,7,0.2857142857142857,36.0
15265,10,0.4444444444444444,182.2
15266,17,0.22794117647058823,134.64705882352942
15267,61,0.5431693989071038,317.8032786885246
15268,4,0.5,8.0
15269,2,0.0,39.5
15270,20,0.12631578947368421,54.8
15271,193,0.6488018134715026,303.91709844559585
15272,0,0.0,0.0
15273,15,0.26666666666666666,19.733333333333334
15274,49,0.6870748299319728,691.530612244898
15275,110,0.24003336113427856,168.5090909090909
15276,0,0.0,0.0
15277,156,0.4449131513647643,470.06410256410254
15278,24,0.6159420289855072,118.25
15279,46,0.2492753623188406,62.95652173913044
15280,25,0.32666666666666666,123.64
15281,115,0.18367658276125096,70.12173913043478
15282,0,0.0,0.0
15283,13,0.5,132.15384615384616
15284,6,0.4666666666666667,62.5
15285,68,0.20763827919227393,51.5
15286,6,0.13333333333333333,121.16666666666667
15287,10,0.28888888888888886,43.2
15288,77,0.2901572112098428,115.94805194805195
15289,138,0.32328361366761876,344.67391304347825
15290,10,0.08888888888888889,14.5
15291,17,0.19852941176470587,22.764705882352942
15292,112,0.39913127413127414,393.3392857142857
15293,37,0.3303303303303303,245.7027027027027
15294,78,0.44222444222444224,205.3846153846154
15295,487,0.37691924185193637,472.3634496919918
15296,1,0.0,2.0
15297,1,0.0,92.0
15298,14,0.4835164835164835,198.42857142857142
15299,1,0.0,28.0
15300,1,0.0,1.0
15301,214,0.3218814444298188,358.7383177570093
15302,5,0.1,62.0
15303,3,0.0,2.6666666666666665
15304,26,0.35384615384615387,97.6923076923077
15305,1,0.0,12.0
15306,1,0.0,3.0
15307,8,0.8928571428571429,32.75
15308,216,0.6758397932816538,293.3425925925926
15309,632,0.38714919055547753,520.7689873417721
15310,79,0.40960727036676403,425.27848101265823
15311,8,0.21428571428571427,98.25
15312,0,0.0,0.0
15313,53,0.1690856313497823,131.39622641509433
15314,23,0.5098814229249012,65.6086956521739
15315,34,0.2531194295900178,25.029411764705884
15316,299,0.40470472043276245,526.8494983277592
15317,0,0.0,0.0
15318,1,0.0,34.0
15319,263,0.26798827388035873,155.8022813688213
15320,15,0.41904761904761906,181.13333333333333
15321,9,0.2777777777777778,19.0
15322,14,0.4725274725274725,101.57142857142857
15323,0,0.0,0.0
15324,31,0.27956989247311825,93.93548387096774
15325,1,0.0,6.0
15326,10,0.4222222222222222,29.7
15327,14,0.5714285714285714,180.71428571428572
15328,0,0.0,0.0
15329,0,0.0,0.0
15330,0,0.0,0.0
15331,0,0.0,0.0
15332,0,0.0,0.0
15333,65,0.2360576923076923,93.84615384615384
15334,1,0.0,3.0
15335,8,0.32142857142857145,42.375
15336,345,0.37549713515335353,513.7768115942029
15337,439,0.3821262520672762,289.13211845102506
15338,374,0.43332712075812535,550.3663101604278
15339,32,0.7116935483870968,289.3125
15340,99,0.4902082044939188,477.8787878787879
15341,37,0.26426426426426425,86.05405405405405
15342,60,0.4180790960451977,264.25
15343,7,0.5238095238095238,61.42857142857143
15344,9,0.1111111111111111,17.77777777777778
15345,174,0.14523951896883927,107.95977011494253
15346,345,0.4453151331311089,626.4144927536232
15347,2,1.0,11.0
15348,13,0.3333333333333333,50.0
15349,0,0.0,0.0
15350,8,0.21428571428571427,51.125
15351,0,0.0,0.0
15352,63,0.3635432667690732,192.23809523809524
15353,437,0.2938194109126026,459.2402745995423
15354,201,0.42761194029850746,415.30845771144277
15355,26,0.41846153846153844,120.61538461538461
15356,23,0.4150197628458498,132.17391304347825
15357,36,0.34285714285714286,89.41666666666667
15358,23,0.4505928853754941,63.69565217391305
15359,0,0.0,0.0
15360,9,0.1111111111111111,13.0
15361,77,0.367053998632946,142.66233766233765
15362,4,0.5,30.75
15363,37,0.34684684684684686,152.2972972972973
15364,3,0.0,9.333333333333334
15365,51,0.2901960784313726,93.07843137254902
15366,41,0.4317073170731707,142.82926829268294
15367,41,0.14512195121951219,60.73170731707317
15368,16,0.15833333333333333,33.125
15369,38,0.3755334281650071,115.26315789473684
15370,1,0.0,9.0
15371,9,0.2222222222222222,77.11111111111111
15372,6,0.3333333333333333,22.666666666666668
15373,27,0.396011396011396,113.92592592592592
15374,31,0.5182795698924731,144.58064516129033
15375,15,0.47619047619047616,134.6
15376,10,0.4444444444444444,34.8
15377,362,0.30230636200853983,490.40055248618785
15378,83,0.28709961798413164,94.34939759036145
15379,176,0.3335714285714286,358.5738636363636
15380,68,0.26733977172958734,99.0
15381,6,0.2,23.0
15382,4,0.5,44.0
15383,0,0.0,0.0
15384,32,0.3971774193548387,128.75
15385,33,0.13825757575757575,52.54545454545455
15386,4,0.5,31.5
15387,37,0.5045045045045045,128.48648648648648
15388,2,0.0,13.5
15389,269,0.5926316373522721,281.08550185873605
15390,428,0.3972728665543129,293.3621495327103
15391,68,0.5004389815627743,193.2058823529412
15392,79,0.25283998701720223,130.18987341772151
15393,30,0.3310344827586207,85.3
15394,500,0.3491703406813627,476.074
15395,30,0.22758620689655173,15.833333333333334
15396,560,0.33103117812420135,518.5517857142858
15397,4,0.8333333333333334,21.75
15398,50,0.42775510204081635,91.2
15399,99,0.41331684188827045,266.5959595959596
15400,21,0.24761904761904763,57.04761904761905
15401,137,0.3003434950622585,159.12408759124088
15402,2,0.0,40.5
15403,2,0.0,41.5
15404,68,0.5311676909569798,126.8970588235294
15405,96,0.16140350877192983,223.01041666666666
15406,6,0.4666666666666667,12.333333333333334
15407,20,0.43157894736842106,238.0
15408,0,0.0,0.0
15409,0,0.0,0.0
15410,319,0.18992133435854971,197.21003134796237
15411,116,0.419640179910045,374.92241379310343
15412,0,0.0,0.0
15413,0,0.0,0.0
15414,8,0.35714285714285715,47.625
15415,4,0.0,62.25
15416,46,0.23768115942028986,69.43478260869566
15417,471,0.34046167050639203,288.1592356687898
15418,9,0.25,92.66666666666667
15419,14,0.2967032967032967,102.35714285714286
15420,137,0.6057320738514383,615.3211678832117
15421,437,0.38227699284109756,384.89473684210526
15422,0,0.0,0.0
15423,5,0.5,11.8
15424,13,0.28205128205128205,168.53846153846155
15425,21,0.3,56.857142857142854
15426,0,0.0,0.0
15427,407,0.4143740695464833,306.0835380835381
15428,9,0.5,125.0
15429,79,0.29827977929243754,251.0253164556962
15430,29,0.22660098522167488,105.06896551724138
15431,11,0.36363636363636365,116.63636363636364
15432,11,0.5454545454545454,23.272727272727273
15433,17,0.2426470588235294,64.3529411764706
15434,43,0.33111849390919157,150.46511627906978
15435,9,0.4444444444444444,46.77777777777778
15436,2,1.0,46.5
15437,22,0.27705627705627706,29.818181818181817
15438,0,0.0,0.0
15439,0,0.0,0.0
15440,2,0.0,6.0
15441,14,0.0989010989010989,86.85714285714286
15442,12,0.2727272727272727,36.666666666666664
15443,249,0.37446560435289544,540.5341365461848
15444,14,0.42857142857142855,23.714285714285715
15445,0,0.0,0.0
15446,7,0.23809523809523808,34.57142857142857
15447,1,0.0,29.0
15448,0,0.0,0.0
15449,36,0.4301587301587302,320.1111111111111
15450,195,0.4548770816812054,417.75897435897434
15451,221,0.41892225421637186,446.81900452488685
15452,160,0.332311320754717,261.5125
15453,358,0.34568017150994473,300.377094972067
15454,46,0.2396135265700483,75.0
15455,75,0.19423423423423422,81.13333333333334
15456,419,0.32856767651391444,486.0071599045346
15457,242,0.5146599910839821,560.6446280991736
15458,281,0.4675902389425521,286.38790035587186
15459,821,0.3402958913876593,561.2484774665043
15460,89,0.24948927477017366,135.69662921348313
15461,17,0.14705882352941177,32.294117647058826
15462,12,0.21212121212121213,62.25
15463,3,0.3333333333333333,8.0
15464,703,0.40639830113514325,585.1379800853485
15465,13,0.38461538461538464,30.384615384615383
15466,9,0.4166666666666667,31.11111111111111
15467,220,0.3017434620174346,334.75454545454545
15468,21,0.3523809523809524,101.28571428571429
15469,84,0.4939759036144578,142.98809523809524
15470,395,0.42741116751269037,596.9367088607595
15471,2,1.0,172.0
15472,5,0.5,85.0
15473,3,0.6666666666666666,50.666666666666664
15474,19,0.40350877192982454,61.78947368421053
15475,46,0.13043478260869565,70.28260869565217
15476,0,0.0,0.0
15477,497,0.44537385603946256,613.5050301810866
15478,422,0.2863527372201146,374.1611374407583
15479,262,0.587025825509637,632.6526717557252
15480,3,0.3333333333333333,35.0
15481,3,0.3333333333333333,67.66666666666667
15482,0,0.0,0.0
15483,9,0.16666666666666666,31.555555555555557
15484,4,0.0,38.25
15485,18,0.6405228758169934,463.27777777777777
15486,2,0.0,1.5
15487,941,0.35153413073461914,605.6482465462274
15488,0,0.0,0.0
15489,14,0.34065934065934067,390.14285714285717
15490,30,0.39770114942528734,80.86666666666666
15491,722,0.23874965902236428,351.4736842105263
15492,0,0.0,0.0
15493,793,0.3192931840472824,550.2370744010088
15494,179,0.4310463875462934,572.0111731843575
15495,12,0.18181818181818182,32.25
15496,6,0.13333333333333333,34.166666666666664
15497,8,0.17857142857142858,14.0
15498,37,0.27927927927927926,27.10810810810811
15499,23,0.30434782608695654,196.6086956521739
15500,21,0.6476190476190476,57.0
15501,0,0.0,0.0
15502,58,0.33635813672111314,67.13793103448276
15503,26,0.19692307692307692,35.57692307692308
15504,159,0.1847782819839185,136.52830188679246
15505,31,0.35053763440860214,86.29032258064517
15506,22,0.16017316017316016,14.818181818181818
15507,103,0.37806967447173045,143.126213592233
15508,37,0.5915915915915916,429.56756756756755
15509,0,0.0,0.0
15510,3,0.6666666666666666,12.666666666666666
15511,1,0.0,1.0
15512,35,0.22521008403361345,140.97142857142856
15513,95,0.4371780515117581,286.14736842105265
15514,52,0.26621417797888386,69.51923076923077
15515,5,0.3,109.8
15516,13,0.28205128205128205,42.23076923076923
15517,0,0.0,0.0
15518,18,0.35294117647058826,113.33333333333333
15519,17,0.21323529411764705,61.588235294117645
15520,251,0.4028366533864542,491.53784860557766
15521,2,0.0,16.5
15522,138,0.4117211467259071,466.1449275362319
15523,35,0.2319327731092437,93.8
15524,44,0.13953488372093023,45.5
15525,43,0.3399778516057586,240.53488372093022
15526,3,0.0,9.666666666666666
15527,15,0.44761904761904764,43.13333333333333
15528,1,0.0,10.0
15529,200,0.34668341708542716,312.81
15530,1,0.0,38.0
15531,27,0.21652421652421652,74.0
15532,7,0.23809523809523808,27.0
15533,1,0.0,4.0
15534,0,0.0,0.0
15535,4,0.16666666666666666,85.25
15536,134,0.164291325328246,123.3731343283582
15537,100,0.22767676767676767,116.89
15538,3,0.3333333333333333,10.666666666666666
15539,17,0.125,25.352941176470587
15540,17,0.19117647058823528,65.47058823529412
15541,47,0.23589269195189638,81.85106382978724
15542,327,0.19948969062494137,144.01223241590213
15543,6,0.4,237.0
15544,316,0.4876833433795459,631.1708860759494
15545,87,0.43464314354450684,204.5977011494253
15546,23,0.39920948616600793,26.26086956521739
15547,27,0.5527065527065527,42.851851851851855
15548,3,0.3333333333333333,7.333333333333333
15549,0,0.0,0.0
15550,46,0.32463768115942027,94.95652173913044
15551,508,0.4664538974048362,583.9015748031496
15552,5,0.1,15.2
15553,68,0.43371378402107114,160.23529411764707
15554,7,0.14285714285714285,40.0
15555,0,0.0,0.0
15556,24,0.4963768115942029,52.458333333333336
15557,2,0.0,19.0
15558,17,0.47058823529411764,29.647058823529413
15559,3,0.3333333333333333,17.333333333333332
15560,4,0.6666666666666666,63.0
15561,3,0.3333333333333333,64.0
15562,18,0.5098039215686274,89.33333333333333
15563,5,0.0,50.6
15564,4,0.3333333333333333,5.5
15565,2,0.0,10.5
15566,0,0.0,0.0
15567,0,0.0,0.0
15568,32,0.1975806451612903,82.375
15569,12,0.3484848484848485,30.5
15570,7,0.19047619047619047,18.142857142857142
15571,3,0.3333333333333333,16.0
15572,26,0.11384615384615385,47.88461538461539
15573,21,0.35714285714285715,50.904761904761905
15574,1088,0.271664795172899,515.2545955882352
15575,11,0.41818181818181815,56.90909090909091
15576,13,0.5256410256410257,322.9230769230769
15577,36,0.346031746031746,121.47222222222223
15578,2,1.0,175.0
15579,8,0.42857142857142855,26.25
15580,7,0.2857142857142857,25.428571428571427
15581,10,0.28888888888888886,25.3
15582,5,0.5,15.8
15583,11,0.5818181818181818,74.36363636363636
15584,5,0.2,10.4
15585,1,0.0,14.0
15586,3,0.0,57.0
15587,6,0.2,57.0
15588,18,0.22875816993464052,45.94444444444444
15589,3,0.0,25.0
15590,31,0.2924731182795699,83.03225806451613
15591,683,0.1841410372558533,365.42020497803804
15592,346,0.4310630811761749,548.1473988439307
15593,42,0.29849012775842043,72.35714285714286
15594,8,0.17857142857142858,46.25
15595,156,0.4982630272952854,455.8076923076923
15596,46,0.421256038647343,127.3913043478261
15597,64,0.22073412698412698,45.015625
15598,25,0.21666666666666667,42.4
15599,44,0.2769556025369979,95.6590909090909
15600,48,0.18882978723404256,87.125
15601,14,0.27472527472527475,37.0
15602,1,0.0,10.0
15603,28,0.18253968253968253,41.25
15604,10,0.5111111111111111,66.1
15605,37,0.2087087087087087,105.5945945945946
15606,44,0.1638477801268499,25.772727272727273
15607,98,0.18640858405217758,84.46938775510205
15608,84,0.3387837062535858,124.46428571428571
15609,2,0.0,13.5
15610,17,0.1323529411764706,46.411764705882355
15611,81,0.4021604938271605,139.19753086419752
15612,12,0.4393939393939394,41.833333333333336
15613,12,0.4090909090909091,90.25
15614,20,0.10526315789473684,28.45
15615,646,0.3749778001775986,521.4164086687307
15616,73,0.21080669710806696,77.8082191780822
15617,3,0.3333333333333333,20.666666666666668
15618,201,0.3471641791044776,477.4875621890547
15619,3,0.0,15.666666666666666
15620,182,0.4408354076862364,610.2692307692307
15621,305,0.325,393.3049180327869
15622,0,0.0,0.0
15623,158,0.4124002257518342,455.80379746835445
15624,12,0.24242424242424243,19.166666666666668
15625,12,0.5757575757575758,89.33333333333333
15626,24,0.19927536231884058,48.875
15627,5,0.4,29.6
15628,2,0.0,16.5
15629,10,0.5333333333333333,25.4
15630,589,0.3266634327754871,560.188455008489
15631,24,0.358695652173913,58.75
15632,72,0.4025821596244131,411.6111111111111
15633,73,0.2659817351598174,91.58904109589041
15634,80,0.38354430379746834,318.2125
15635,19,0.4093567251461988,55.473684210526315
15636,0,0.0,0.0
15637,4,0.5,23.5
15638,503,0.17291470301695802,256.82703777335985
15639,11,0.2,24.545454545454547
15640,45,0.2,57.84444444444444
15641,1,0.0,11.0
15642,2,0.0,24.0
15643,17,0.22058823529411764,107.0
15644,26,0.17846153846153845,40.73076923076923
15645,3,0.6666666666666666,42.333333333333336
15646,10,0.4222222222222222,33.9
15647,14,0.5274725274725275,160.5
15648,3,0.3333333333333333,12.333333333333334
15649,41,0.27926829268292686,44.707317073170735
15650,117,0.34335396404361923,207.54700854700855
15651,2,0.0,3.5
15652,23,0.2766798418972332,63.95652173913044
15653,26,0.3076923076923077,148.92307692307693
15654,52,0.36877828054298645,249.76923076923077
15655,37,0.17417417417417416,63.513513513513516
15656,8,0.14285714285714285,29.5
15657,0,0.0,0.0
15658,94,0.23930450697780828,119.03191489361703
15659,156,0.3301902398676592,156.6602564102564
15660,626,0.27185686900958467,328.0511182108626
15661,722,0.36016843334703647,534.7562326869806
15662,0,0.0,0.0
15663,0,0.0,0.0
15664,4,0.0,33.5
15665,3,0.3333333333333333,12.333333333333334
15666,0,0.0,0.0
15667,78,0.27472527472527475,155.69230769230768
15668,148,0.17163081448795733,102.29054054054055
15669,18,0.5294117647058824,28.166666666666668
15670,22,0.14285714285714285,33.40909090909091
15671,666,0.3780216306532096,596.6306306306307
15672,1,0.0,23.0
15673,11,0.38181818181818183,35.18181818181818
15674,44,0.2959830866807611,112.20454545454545
15675,29,0.3522167487684729,61.758620689655174
15676,650,0.30519853028327604,512.58
15677,6,0.4,46.166666666666664
15678,4,0.3333333333333333,46.0
15679,20,0.5947368421052631,411.9
15680,200,0.3280402010050251,384.365
15681,0,0.0,0.0
15682,0,0.0,0.0
15683,5,0.4,9.2
15684,168,0.5135443398916453,450.23809523809524
15685,0,0.0,0.0
15686,1,0.0,2.0
15687,28,0.1693121693121693,55.25
15688,1,0.0,2.0
15689,204,0.4716024340770791,384.8529411764706
15690,1,0.0,31.0
15691,1,0.0,12.0
15692,8,0.17857142857142858,127.125
15693,581,0.2966704255445427,499.74354561101546
15694,12,0.5757575757575758,401.6666666666667
15695,187,0.28365246391811855,159.02139037433156
15696,37,0.11561561561561562,36.027027027027025
15697,725,0.37587730996380264,598.2827586206896
15698,0,0.0,0.0
15699,976,0.2904897015552753,535.468237704918
15700,465,0.3651742677048572,535.6451612903226
15701,65,0.1908653846153846,122.67692307692307
15702,0,0.0,0.0
15703,116,0.41349325337331333,172.73275862068965
15704,0,0.0,0.0
15705,9,0.6666666666666666,122.88888888888889
15706,120,0.23515406162464986,145.86666666666667
15707,3,0.3333333333333333,155.0
15708,82,0.27100271002710025,131.1219512195122
15709,11,0.4909090909090909,84.27272727272727
15710,38,0.155049786628734,52.05263157894737
15711,9,0.2777777777777778,62.77777777777778
15712,6,0.6,58.5
15713,0,0.0,0.0
15714,10,0.28888888888888886,114.7
15715,15,0.11428571428571428,33.333333333333336
15716,1,0.0,3.0
15717,0,0.0,0.0
15718,5,0.7,15.4
15719,4,0.16666666666666666,17.0
15720,614,0.37565027020420744,597.4185667752442
15721,629,0.32536226747541847,492.879173290938
15722,10,0.2222222222222222,26.5
15723,132,0.236294240111034,127.15151515151516
15724,3,0.6666666666666666,24.666666666666668
15725,1270,0.2675390753460782,525.7724409448819
15726,394,0.4671859056328386,606.8147208121827
15727,0,0.0,0.0
15728,9,0.3611111111111111,63.333333333333336
15729,67,0.14925373134328357,47.02985074626866
15730,21,0.2857142857142857,222.0
15731,4,0.3333333333333333,23.25
15732,1,0.0,1.0
15733,441,0.3372397443826015,515.0884353741496
15734,16,0.25,70.375
15735,25,0.23666666666666666,61.2
15736,0,0.0,0.0
15737,0,0.0,0.0
15738,48,0.3617021276595745,108.35416666666667
15739,75,0.5351351351351351,544.68
15740,578,0.4280042937758241,624.0570934256056
15741,263,0.30737526485356864,389.04182509505705
15742,1825,0.19239005046863736,482.28712328767125
15743,63,0.23604710701484896,196.36507936507937
15744,355,0.4235378371926474,478.5323943661972
15745,12,0.22727272727272727,26.083333333333332
15746,112,0.5197876447876448,417.54464285714283
15747,1,0.0,204.0
15748,0,0.0,0.0
15749,166,0.20730193501277838,125.53614457831326
15750,134,0.38233643811020085,182.38805970149255
15751,2,1.0,376.0
15752,17,0.3602941176470588,77.0
15753,6,0.13333333333333333,9.5
15754,12,0.13636363636363635,27.75
15755,10,0.5111111111111111,125.7
15756,42,0.5168408826945412,174.83333333333334
15757,8,0.2857142857142857,71.0
15758,579,0.343624313486443,488.2970639032815
15759,1,0.0,17.0
15760,11,0.07272727272727272,99.27272727272727
15761,56,0.5110389610389611,176.0
15762,6,0.4666666666666667,50.0
15763,18,0.38562091503267976,66.11111111111111
15764,19,0.2573099415204678,83.3157894736842
15765,37,0.17717717717717718,56.62162162162162
15766,13,0.1794871794871795,69.92307692307692
15767,1,0.0,1.0
15768,84,0.19994262765347104,98.77380952380952
15769,120,0.16148459383753502,225.625
15770,24,0.322463768115942,112.70833333333333
15771,99,0.45475159760874045,362.04040404040404
15772,55,0.22828282828282828,64.61818181818182
15773,0,0.0,0.0
15774,990,0.30183942560080074,571.6484848484848
15775,15,0.2857142857142857,93.4
15776,163,0.6324320230250701,683.6932515337423
15777,93,0.4539504441327723,136.27956989247312
15778,77,0.3024606971975393,264.54545454545456
15779,100,0.4105050505050505,131.21
15780,468,0.2299456432218745,414.21794871794873
15781,21,0.6238095238095238,348.76190476190476
15782,1,0.0,221.0
15783,338,0.49416185275578106,643.4644970414201
15784,85,0.20336134453781513,154.9764705882353
15785,32,0.4737903225806452,186.90625
15786,67,0.19131614654002713,70.23880597014926
15787,24,0.21739130434782608,77.08333333333333
15788,622,0.29375398045885953,490.7202572347267
15789,318,0.4904668372914311,274.20440251572325
15790,123,0.1753965080634413,67.7479674796748
15791,5,0.2,5.6
15792,15,0.17142857142857143,57.733333333333334
15793,3,0.0,5.0
15794,10,0.3111111111111111,33.5
15795,141,0.39300911854103343,191.3049645390071
15796,17,0.6544117647058824,192.0
15797,12,0.4696969696969697,66.75
15798,5,0.3,15.8
15799,2,1.0,38.0
15800,265,0.5483133218982276,496.01509433962264
15801,1,0.0,2.0
15802,257,0.3114056420233463,350.9027237354086
15803,61,0.5426229508196722,293.672131147541
15804,0,0.0,0.0
15805,18,0.3006535947712418,200.05555555555554
15806,0,0.0,0.0
15807,8,0.10714285714285714,43.75
15808,21,0.10476190476190476,29.571428571428573
15809,12,0.3787878787878788,63.25
15810,1,0.0,15.0
15811,151,0.6579249448123621,264.56953642384104
15812,238,0.33521256603907384,347.2773109243698
15813,260,0.4084051084051084,589.2346153846154
15814,40,0.35384615384615387,344.375
15815,30,0.22988505747126436,25.666666666666668
15816,25,0.25333333333333335,125.16
15817,42,0.4076655052264808,106.38095238095238
15818,38,0.3229018492176387,79.5
15819,105,0.14084249084249084,75.66666666666667
15820,4,0.3333333333333333,39.75
15821,11,0.41818181818181815,115.0909090909091
15822,2,1.0,47.0
15823,142,0.2990710218759365,156.6056338028169
15824,165,0.2874353288987435,142.72727272727272
15825,60,0.27627118644067794,156.95
15826,0,0.0,0.0
15827,9,0.3055555555555556,19.11111111111111
15828,0,0.0,0.0
15829,61,0.24153005464480876,146.75409836065575
15830,443,0.3578746310123285,487.18510158013544
15831,19,0.1695906432748538,109.52631578947368
15832,32,0.2560483870967742,61.375
15833,323,0.3358844682037575,396.015479876161
15834,4,0.5,36.5
15835,5,0.6,79.4
15836,53,0.35921625544267055,105.66037735849056
15837,118,0.18615094886281328,77.17796610169492
15838,7,0.8571428571428571,136.42857142857142
15839,55,0.2686868686868687,88.47272727272727
15840,9,0.1111111111111111,49.77777777777778
15841,20,0.41578947368421054,48.3
15842,0,0.0,0.0
15843,55,0.3023569023569024,122.49090909090908
15844,8,0.21428571428571427,49.375
15845,67,0.28222523744911804,128.955223880597
15846,13,0.7948717948717948,30.23076923076923
15847,94,0.6652939830702357,583.6170212765958
15848,7,0.47619047619047616,43.0
15849,0,0.0,0.0
15850,12,0.48484848484848486,66.25
15851,0,0.0,0.0
15852,24,0.14130434782608695,32.666666666666664
15853,40,0.22692307692307692,69.025
15854,29,0.5172413793103449,200.13793103448276
15855,2,0.0,14.0
15856,239,0.45775464997714566,618.1924686192468
15857,0,0.0,0.0
15858,160,0.17468553459119496,115.40625
15859,304,0.4806105610561056,537.858552631579
15860,29,0.2438423645320197,63.86206896551724
15861,16,0.45,110.8125
15862,58,0.2365396249243799,84.82758620689656
15863,8,0.5357142857142857,15.375
15864,8,0.39285714285714285,115.625
15865,76,0.20982456140350877,165.8815789473684
15866,1,0.0,101.0
15867,8,0.5714285714285714,162.5
15868,284,0.382197780321505,422.1232394366197
15869,0,0.0,0.0
15870,4,0.16666666666666666,36.25
15871,0,0.0,0.0
15872,5,0.3,22.6
15873,166,0.3944505293902884,343.32530120481925
15874,6,0.4,23.166666666666668
15875,23,0.3715415019762846,238.56521739130434
15876,676,0.42253342099495944,589.7381656804733
15877,0,0.0,0.0
15878,6,0.4666666666666667,160.83333333333334
15879,21,0.5095238095238095,63.80952380952381
15880,92,0.35093167701863354,147.0
15881,3,0.0,13.0
15882,77,0.16062884483937115,168.35064935064935
15883,31,0.5333333333333333,313.4193548387097
15884,9,0.3333333333333333,5.888888888888889
15885,60,0.23728813559322035,68.15
15886,115,0.25720823798627,128.09565217391304
15887,1,0.0,52.0
15888,56,0.1279220779220779,66.125
15889,1418,0.24595059189590834,533.8067700987306
15890,86,0.39233926128590974,134.69767441860466
15891,1,0.0,4.0
15892,369,0.4482443737480853,582.3279132791328
15893,92,0.19469660774008601,60.369565217391305
15894,32,0.4153225806451613,250.21875
15895,44,0.2917547568710359,73.81818181818181
15896,190,0.1718184349763297,105.51052631578948
15897,1,0.0,41.0
15898,1,0.0,13.0
15899,4,0.6666666666666666,25.5
15900,23,0.1857707509881423,42.0
15901,15,0.1523809523809524,34.0
15902,213,0.3532199486225529,366.92957746478874
15903,35,0.3025210084033613,59.57142857142857
15904,247,0.23995260195516935,418.497975708502
15905,22,0.1774891774891775,36.81818181818182
15906,191,0.31204188481675393,380.73298429319374
15907,26,0.24307692307692308,39.73076923076923
15908,109,0.5650696568127761,356.13761467889907
15909,231,0.36307171089779783,358.5541125541126
15910,10,0.3333333333333333,78.2
15911,51,0.6101960784313726,512.1176470588235
15912,30,0.4068965517241379,95.36666666666666
15913,6,0.4,38.833333333333336
15914,70,0.5134575569358178,442.4428571428571
15915,9,0.6388888888888888,153.11111111111111
15916,21,0.6333333333333333,175.57142857142858
15917,0,0.0,0.0
15918,0,0.0,0.0
15919,3,0.3333333333333333,18.0
15920,10,0.2222222222222222,59.2
15921,428,0.45396047188601196,568.6495327102804
15922,5,0.3,25.4
15923,0,0.0,0.0
15924,20,0.22631578947368422,43.7
15925,10,0.28888888888888886,140.7
15926,3,0.6666666666666666,616.6666666666666
15927,11,0.2727272727272727,66.63636363636364
15928,39,0.5074224021592443,206.12820512820514
15929,9,0.05555555555555555,23.11111111111111
15930,6,0.26666666666666666,54.333333333333336
15931,0,0.0,0.0
15932,8,0.14285714285714285,23.375
15933,0,0.0,0.0
15934,1,0.0,2.0
15935,9,0.5277777777777778,51.0
15936,422,0.5019418896556382,622.696682464455
15937,0,0.0,0.0
15938,1,0.0,5.0
15939,54,0.2278127183787561,232.1851851851852
15940,11,0.6545454545454545,196.72727272727272
15941,6,0.5333333333333333,104.16666666666667
15942,66,0.2862470862470862,128.24242424242425
15943,6,0.26666666666666666,33.666666666666664
15944,0,0.0,0.0
15945,1,0.0,1.0
15946,27,0.33903133903133903,65.62962962962963
15947,7,0.7142857142857143,146.85714285714286
15948,20,0.2894736842105263,176.25
15949,64,0.33382936507936506,123.578125
15950,3,0.0,27.666666666666668
15951,12,0.15151515151515152,39.5
15952,13,0.3076923076923077,32.61538461538461
15953,0,0.0,0.0
15954,63,0.21044546850998463,85.95238095238095
15955,21,0.3380952380952381,89.71428571428571
15956,1,0.0,8.0
15957,86,0.16580027359781122,62.02325581395349
15958,408,0.4025148142795202,361.4117647058824
15959,12,0.42424242424242425,65.91666666666667
15960,943,0.26524643534998077,513.0837751855779
15961,15,0.21904761904761905,38.13333333333333
15962,168,0.5116909039064728,506.23214285714283
15963,2,1.0,23.0
15964,0,0.0,0.0
15965,11,0.6363636363636364,29.0
15966,2,0.0,62.5
15967,6,0.26666666666666666,75.33333333333333
15968,83,0.20129297678518954,70.2289156626506
15969,1,0.0,18.0
15970,2,1.0,90.0
15971,0,0.0,0.0
15972,0,0.0,0.0
15973,1,0.0,83.0
15974,2,1.0,3.0
15975,203,0.45076330293127836,509.98522167487687
15976,3,0.0,13.0
15977,2,1.0,452.0
15978,394,0.4731661952183516,636.0355329949239
15979,32,0.1935483870967742,21.46875
15980,478,0.4570581475926072,573.3744769874477
15981,4,0.8333333333333334,22.75
15982,20,0.4052631578947368,89.1
15983,9,0.19444444444444445,29.22222222222222
15984,56,0.2,136.19642857142858
15985,2,0.0,16.5
15986,2,1.0,14.0
15987,8,0.75,28.0
15988,1,0.0,14.0
15989,24,0.2717391304347826,33.333333333333336
15990,0,0.0,0.0
15991,647,0.3102243744646643,526.8748068006182
15992,9,0.2777777777777778,27.88888888888889
15993,162,0.6017176596886742,533.7469135802469
15994,9,0.6944444444444444,98.22222222222223
15995,161,0.4013198757763975,446.55900621118013
15996,0,0.0,0.0
15997,46,0.1855072463768116,32.06521739130435
15998,21,0.2714285714285714,218.66666666666666
15999,62,0.1047065044949762,38.306451612903224
16000,5,0.2,43.6
16001,73,0.4208523592085236,92.84931506849315
16002,34,0.3065953654188948,83.02941176470588
16003,45,0.23333333333333334,43.333333333333336
16004,69,0.4492753623188406,188.3768115942029
16005,8,0.35714285714285715,22.125
16006,47,0.26179463459759483,69.36170212765957
16007,0,0.0,0.0
16008,10,0.3111111111111111,58.3
16009,172,0.36869305045559636,323.5
16010,6,0.4666666666666667,58.0
16011,24,0.29347826086956524,60.666666666666664
16012,203,0.42701068136370285,447.9310344827586
16013,13,0.19230769230769232,75.07692307692308
16014,15,0.21904761904761905,45.06666666666667
16015,161,0.41506211180124225,479.7701863354037
16016,11,0.5636363636363636,120.0
16017,18,0.27450980392156865,65.11111111111111
16018,327,0.5081142942909138,650.651376146789
16019,0,0.0,0.0
16020,18,0.47058823529411764,131.83333333333334
16021,83,0.32735821334116955,68.60240963855422
16022,15,0.6095238095238096,191.13333333333333
16023,33,0.6893939393939394,577.6969696969697
16024,2,0.0,10.5
16025,31,0.18494623655913978,210.48387096774192
16026,10,0.2222222222222222,41.5
16027,3,0.3333333333333333,14.0
16028,0,0.0,0.0
16029,51,0.2611764705882353,93.6078431372549
16030,1,0.0,36.0
16031,21,0.5190476190476191,127.19047619047619
16032,2,1.0,18.0
16033,0,0.0,0.0
16034,17,0.18382352941176472,141.76470588235293
16035,173,0.3622798763274634,400.7919075144509
16036,17,0.22058823529411764,41.294117647058826
16037,6,0.26666666666666666,33.833333333333336
16038,3,0.3333333333333333,37.666666666666664
16039,3,0.3333333333333333,24.666666666666668
16040,13,0.20512820512820512,33.46153846153846
16041,8,0.10714285714285714,11.125
16042,19,0.30994152046783624,57.10526315789474
16043,4,0.3333333333333333,36.25
16044,60,0.13389830508474576,68.51666666666667
16045,0,0.0,0.0
16046,28,0.3888888888888889,183.32142857142858
16047,19,0.36257309941520466,76.47368421052632
16048,105,0.1813186813186813,148.85714285714286
16049,16,0.5166666666666667,176.0625
16050,157,0.394822799281398,175.19108280254778
16051,2,0.0,36.5
16052,0,0.0,0.0
16053,24,0.2318840579710145,75.375
16054,2,1.0,30.0
16055,712,0.34522906493465444,564.6755617977528
16056,252,0.44453930310504014,532.436507936508
16057,0,0.0,0.0
16058,0,0.0,0.0
16059,80,0.33449367088607596,85.9125
16060,931,0.28020281117540397,530.8861439312567
16061,186,0.5190351641964546,532.0376344086021
16062,15,0.42857142857142855,142.8
16063,82,0.20114423366455886,224.17073170731706
16064,8,0.03571428571428571,18.375
16065,22,0.21212121212121213,89.13636363636364
16066,82,0.19000301114122253,176.6341463414634
16067,272,0.21963859344475797,171.6875
16068,305,0.44465056082830023,437.8262295081967
16069,124,0.24246000524521374,131.19354838709677
16070,132,0.28915105250983114,128.75757575757575
16071,172,0.5329117367061064,393.0174418604651
16072,1,0.0,9.0
16073,78,0.336996336996337,175.02564102564102
16074,928,0.27207482423836626,529.1756465517242
16075,336,0.24365671641791045,176.63095238095238
16076,31,0.5397849462365591,49.903225806451616
16077,0,0.0,0.0
16078,55,0.2053872053872054,67.69090909090909
16079,71,0.4977867203219316,401.59154929577466
16080,571,0.31680953697729436,521.323992994746
16081,795,0.37066996182057255,609.4767295597484
16082,32,0.4375,126.46875
16083,340,0.32601075828561515,486.8705882352941
16084,462,0.4321304147768356,611.6580086580086
16085,3,0.3333333333333333,18.666666666666668
16086,28,0.1455026455026455,59.82142857142857
16087,25,0.16333333333333333,29.64
16088,0,0.0,0.0
16089,22,0.16883116883116883,57.5
16090,9,0.25,103.11111111111111
16091,4,0.16666666666666666,25.25
16092,21,0.13333333333333333,63.19047619047619
16093,1,0.0,2.0
16094,50,0.46122448979591835,320.76
16095,3,0.3333333333333333,17.666666666666668
16096,1,0.0,3.0
16097,51,0.20862745098039215,87.58823529411765
16098,0,0.0,0.0
16099,0,0.0,0.0
16100,10,0.5555555555555556,107.9
16101,610,0.2312848259710894,425.9573770491803
16102,0,0.0,0.0
16103,136,0.43823529411764706,530.6323529411765
16104,74,0.17882265827471308,54.932432432432435
16105,30,0.4413793103448276,120.93333333333334
16106,13,0.28205128205128205,96.53846153846153
16107,12,0.2878787878787879,40.25
16108,3,0.3333333333333333,20.333333333333332
16109,136,0.5107843137254902,393.1617647058824
16110,31,0.27956989247311825,95.87096774193549
16111,79,0.20577734501785136,133.1139240506329
16112,27,0.1339031339031339,55.333333333333336
16113,0,0.0,0.0
16114,182,0.2321656244308178,122.98351648351648
16115,33,0.19696969696969696,136.6969696969697
16116,20,0.6473684210526316,116.35
16117,4,0.3333333333333333,38.75
16118,2,0.0,49.5
16119,58,0.48154869933454325,363.7241379310345
16120,22,0.2683982683982684,41.5
16121,2,1.0,14.0
16122,22,0.09956709956709957,39.81818181818182
16123,148,0.2675124103695532,197.1689189189189
16124,2,1.0,64.5
16125,5,0.2,26.6
16126,121,0.18774104683195592,155.76859504132233
16127,0,0.0,0.0
16128,4,0.0,4.5
16129,25,0.14,82.2
16130,112,0.24790862290862292,315.5892857142857
16131,7,0.3333333333333333,29.428571428571427
16132,147,0.17127947069238655,214.48979591836735
16133,15,0.2571428571428571,114.66666666666667
16134,8,0.21428571428571427,24.5
16135,218,0.3208895277554644,185.71559633027522
16136,1,0.0,2.0
16137,63,0.4767025089605735,448.8412698412698
16138,324,0.22864350418529986,172.45987654320987
16139,59,0.42255990648743424,145.72881355932202
16140,25,0.2733333333333333,39.8
16141,0,0.0,0.0
16142,2,0.0,11.0
16143,1,0.0,35.0
16144,0,0.0,0.0
16145,44,0.29069767441860467,50.5
16146,6,0.5333333333333333,50.0
16147,11,0.36363636363636365,166.72727272727272
16148,0,0.0,0.0
16149,51,0.28705882352941176,115.15686274509804
16150,1,0.0,1.0
16151,3,0.6666666666666666,104.66666666666667
16152,49,0.14625850340136054,88.46938775510205
16153,7,0.5238095238095238,57.857142857142854
16154,0,0.0,0.0
16155,9,0.4722222222222222,371.22222222222223
16156,8,0.2857142857142857,35.5
16157,68,0.4833187006145742,403.2352941176471
16158,22,0.1471861471861472,54.18181818181818
16159,1,0.0,61.0
16160,6,0.4666666666666667,32.166666666666664
16161,251,0.26897211155378487,345.9402390438247
16162,27,0.26495726495726496,103.0
16163,92,0.2243191591017678,89.71739130434783
16164,36,0.3619047619047619,98.72222222222223
16165,71,0.17987927565392353,81.70422535211267
16166,0,0.0,0.0
16167,1,0.0,4.0
16168,495,0.405169099905942,601.1070707070708
16169,2,0.0,153.5
16170,208,0.45108695652173914,603.4567307692307
16171,8,0.21428571428571427,93.5
16172,0,0.0,0.0
16173,1,0.0,53.0
16174,9,0.4166666666666667,50.55555555555556
16175,23,0.7114624505928854,506.1304347826087
16176,31,0.3655913978494624,149.5483870967742
16177,182,0.4438710460809908,548.010989010989
16178,8,0.4642857142857143,96.375
16179,44,0.4376321353065539,155.02272727272728
16180,63,0.27598566308243727,113.66666666666667
16181,38,0.10668563300142248,51.078947368421055
16182,11,0.23636363636363636,69.9090909090909
16183,212,0.421264419207726,323.24056603773585
16184,15,0.1523809523809524,152.8
16185,264,0.24902062449590967,169.3030303030303
16186,31,0.2838709677419355,29.032258064516128
16187,1,0.0,26.0
16188,60,0.3016949152542373,46.61666666666667
16189,404,0.4961550745645284,627.9579207920792
16190,359,0.4866404195390672,539.5487465181059
16191,408,0.532133738016091,691.2843137254902
16192,59,0.21566335476329632,72.05084745762711
16193,292,0.4537023960834157,539.6541095890411
16194,0,0.0,0.0
16195,1,0.0,66.0
16196,40,0.36153846153846153,77.6
16197,0,0.0,0.0
16198,1,0.0,4.0
16199,6,0.13333333333333333,100.83333333333333
16200,3,0.3333333333333333,116.33333333333333
16201,4,0.16666666666666666,6.25
16202,23,0.25691699604743085,50.43478260869565
16203,151,0.42481236203090506,489.9205298013245
16204,0,0.0,0.0
16205,1,0.0,1.0
16206,605,0.28270483279513986,488.8909090909091
16207,81,0.26697530864197533,97.30864197530865
16208,311,0.44877087439062335,520.7845659163987
16209,1,0.0,560.0
16210,77,0.20095693779904306,71.1948051948052
16211,0,0.0,0.0
16212,204,0.41393798898869893,417.3627450980392
16213,51,0.25019607843137254,62.549019607843135
16214,6,0.6,120.33333333333333
16215,7,0.2857142857142857,51.857142857142854
16216,0,0.0,0.0
16217,23,0.20553359683794467,36.21739130434783
16218,27,0.5641025641025641,80.62962962962963
16219,378,0.3484765553731071,471.6587301587302
16220,104,0.14843166542195668,86.3173076923077
16221,10,0.24444444444444444,18.3
16222,20,0.4421052631578947,90.65
16223,71,0.4744466800804829,152.67605633802816
16224,1,0.0,6.0
16225,13,0.6282051282051282,51.23076923076923
16226,37,0.25675675675675674,55.567567567567565
16227,47,0.18501387604070305,120.63829787234043
16228,6,0.2,37.833333333333336
16229,20,0.3368421052631579,116.35
16230,142,0.7890320647287983,675.7464788732394
16231,20,0.33157894736842103,229.45
16232,2,1.0,45.0
16233,348,0.4314485408592534,594.6465517241379
16234,251,0.5664382470119522,581.1075697211155
16235,533,0.4188167416665491,603.6848030018762
16236,221,0.5867955573837926,687.3665158371041
16237,114,0.4316099984474461,168.3684210526316
16238,15,0.34285714285714286,292.06666666666666
16239,198,0.43613803004665946,609.7878787878788
16240,6,0.3333333333333333,17.833333333333332
16241,8,0.6785714285714286,83.375
16242,200,0.3665326633165829,325.16
16243,36,0.5047619047619047,164.19444444444446
16244,1120,0.24767649687220733,516.3258928571429
16245,29,0.24630541871921183,38.06896551724138
16246,327,0.3430329637342639,487.4434250764526
16247,1,0.0,1.0
16248,40,0.2512820512820513,24.6
16249,219,0.5260776674626115,333.7077625570776
16250,0,0.0,0.0
16251,211,0.23245317084179642,432.8530805687204
16252,0,0.0,0.0
16253,34,0.31016042780748665,70.67647058823529
16254,6,0.2,23.666666666666668
16255,24,0.09782608695652174,45.208333333333336
16256,233,0.42696462927334616,491.55364806866953
16257,5,0.7,117.4
16258,1,0.0,4.0
16259,5,0.5,20.4
16260,48,0.5833333333333334,146.02083333333334
16261,11,0.4727272727272727,46.36363636363637
16262,1,0.0,17.0
16263,190,0.2880534670008354,132.7421052631579
16264,5,0.0,4.4
16265,1,0.0,1.0
16266,0,0.0,0.0
16267,17,0.47794117647058826,164.05882352941177
16268,55,0.23097643097643097,77.03636363636363
16269,8,0.2857142857142857,39.875
16270,9,0.4722222222222222,62.55555555555556
16271,0,0.0,0.0
16272,13,0.16666666666666666,27.53846153846154
16273,40,0.6935897435897436,491.475
16274,66,0.1972027972027972,46.984848484848484
16275,40,0.14743589743589744,39.475
16276,2,0.0,7.0
16277,82,0.20716651610960554,123.7560975609756
16278,0,0.0,0.0
16279,2,0.0,42.5
16280,30,0.3195402298850575,57.0
16281,39,0.26855600539811064,121.94871794871794
16282,0,0.0,0.0
16283,0,0.0,0.0
16284,292,0.4534434872663936,494.65410958904107
16285,67,0.5110809588421529,170.38805970149255
16286,270,0.2667217403276883,155.96296296296296
16287,13,0.11538461538461539,19.615384615384617
16288,12,0.45454545454545453,55.666666666666664
16289,70,0.2629399585921325,99.44285714285714
16290,1,0.0,37.0
16291,44,0.3382663847780127,59.90909090909091
16292,86,0.3813953488372093,166.96511627906978
16293,9,0.3333333333333333,71.55555555555556
16294,22,0.4069264069264069,98.95454545454545
16295,22,0.26406926406926406,26.636363636363637
16296,292,0.49856423292378665,293.5821917808219
16297,0,0.0,0.0
16298,6,0.2,36.166666666666664
16299,77,0.3038277511961722,331.3246753246753
16300,5,0.4,151.2
16301,70,0.2422360248447205,72.61428571428571
16302,215,0.5450988915453162,572.9767441860465
16303,3,0.6666666666666666,27.333333333333332
16304,12,0.5,167.5
16305,26,0.35384615384615387,53.80769230769231
16306,28,0.21693121693121692,39.32142857142857
16307,164,0.6292832560227443,589.5426829268292
16308,257,0.49431541828793774,432.21789883268485
16309,7,0.23809523809523808,14.714285714285714
16310,17,0.4632352941176471,49.1764705882353
16311,6,0.26666666666666666,12.0
16312,12,0.10606060606060606,46.75
16313,1,0.0,56.0
16314,35,0.146218487394958,64.2
16315,86,0.5367989056087551,247.7325581395349
16316,64,0.12748015873015872,110.953125
16317,41,0.39146341463414636,51.68292682926829
16318,6,0.8,89.83333333333333
16319,0,0.0,0.0
16320,293,0.27621674692599,171.21160409556313
16321,53,0.20246734397677793,52.943396226415096
16322,101,0.4487128712871287,502.58415841584156
16323,152,0.5025270128964796,542.5263157894736
16324,87,0.272654370489174,187.91954022988506
16325,56,0.17467532467532468,51.732142857142854
16326,0,0.0,0.0
16327,57,0.42857142857142855,193.31578947368422
16328,1,0.0,3.0
16329,39,0.2699055330634278,107.87179487179488
16330,166,0.29244249726177435,169.90361445783134
16331,1,0.0,25.0
16332,30,0.19080459770114944,57.36666666666667
16333,6,0.13333333333333333,28.333333333333332
16334,0,0.0,0.0
16335,88,0.2001044932079415,74.57954545454545
16336,0,0.0,0.0
16337,122,0.18425687576209185,137.72131147540983
16338,235,0.6162211311147482,673.9106382978723
16339,2,1.0,27.0
16340,34,0.7183600713012478,222.2941176470588
16341,0,0.0,0.0
16342,36,0.3825396825396825,125.0
16343,8,0.39285714285714285,79.5
16344,5,0.2,6.6
16345,8,0.32142857142857145,57.875
16346,18,0.41830065359477125,112.66666666666667
16347,3,0.3333333333333333,18.0
16348,52,0.29034690799396684,116.0576923076923
16349,10,0.4222222222222222,66.6
16350,41,0.2121951219512195,58.853658536585364
16351,77,0.15926179084073822,77.15584415584415
16352,32,0.3225806451612903,97.28125
16353,26,0.4523076923076923,104.96153846153847
16354,0,0.0,0.0
16355,85,0.24425770308123249,131.35294117647058
16356,67,0.32609678878335596,155.4179104477612
16357,25,0.24,65.28
16358,23,0.1383399209486166,175.2173913043478
16359,5,0.4,64.2
16360,0,0.0,0.0
16361,53,0.27358490566037735,143.20754716981133
16362,5,0.1,15.6
16363,9,0.16666666666666666,6.888888888888889
16364,184,0.4605607032549299,440.3152173913044
16365,83,0.6235674404936821,309.0120481927711
16366,39,0.2793522267206478,280.61538461538464
16367,3,0.0,63.333333333333336
16368,0,0.0,0.0
16369,30,0.47586206896551725,144.26666666666668
16370,16,0.475,91.125
16371,48,0.2907801418439716,65.5
16372,0,0.0,0.0
16373,23,0.24110671936758893,168.56521739130434
16374,17,0.4852941176470588,144.2941176470588
16375,138,0.22775838358193165,124.1304347826087
16376,122,0.4535970735672673,338.76229508196724
16377,1,0.0,5.0
16378,13,0.2564102564102564,91.61538461538461
16379,43,0.15171650055370986,118.81395348837209
16380,128,0.6775344488188977,651.1171875
16381,31,0.23655913978494625,61.45161290322581
16382,88,0.28082549634273773,170.52272727272728
16383,1,0.0,6.0
16384,2,0.0,3.5
16385,10,0.35555555555555557,60.3
16386,33,0.25946969696969696,56.06060606060606
16387,8,0.2857142857142857,90.625
16388,59,0.34365867913500875,142.42372881355934
16389,0,0.0,0.0
16390,9,0.3888888888888889,87.77777777777777
16391,141,0.6890577507598784,404.93617021276594
16392,479,0.23934102602178528,470.7327766179541
16393,22,0.4588744588744589,108.31818181818181
16394,31,0.5053763440860215,111.09677419354838
16395,19,0.5321637426900585,243.42105263157896
16396,339,0.35872999249445814,540.3952802359883
16397,0,0.0,0.0
16398,31,0.3978494623655914,135.83870967741936
16399,39,0.17273954116059378,129.69230769230768
16400,0,0.0,0.0
16401,41,0.2097560975609756,52.4390243902439
16402,793,0.2815863553568472,488.1765447667087
16403,7,0.09523809523809523,20.857142857142858
16404,1,0.0,7.0
16405,70,0.1958592132505176,94.1
16406,0,0.0,0.0
16407,20,0.5421052631578948,132.6
16408,12,0.16666666666666666,66.0
16409,192,0.40450479930191974,275.6822916666667
16410,4,0.16666666666666666,11.25
16411,2,0.0,13.5
16412,29,0.11822660098522167,23.310344827586206
16413,3,0.3333333333333333,16.0
16414,0,0.0,0.0
16415,386,0.4640737500841128,574.8108808290156
16416,261,0.46760978485116417,479.544061302682
16417,22,0.1645021645021645,41.04545454545455
16418,4,0.16666666666666666,32.0
16419,2,0.0,48.0
16420,44,0.3023255813953488,100.0
16421,482,0.304517731903624,410.54771784232366
16422,63,0.12749615975422426,48.15873015873016
16423,31,0.3225806451612903,98.19354838709677
16424,7,0.14285714285714285,30.142857142857142
16425,4,0.3333333333333333,25.75
16426,7,0.047619047619047616,27.285714285714285
16427,2,0.0,14.5
16428,40,0.5294871794871795,161.15
16429,18,0.26143790849673204,33.27777777777778
16430,8,0.35714285714285715,47.5
16431,61,0.226775956284153,79.63934426229508
16432,37,0.1831831831831832,44.972972972972975
16433,89,0.23850868232890704,122.70786516853933
16434,0,0.0,0.0
16435,67,0.4265038444142922,474.2985074626866
16436,12,0.5454545454545454,54.583333333333336
16437,0,0.0,0.0
16438,72,0.3873239436619718,134.76388888888889
16439,0,0.0,0.0
16440,540,0.43111385968528826,606.3870370370371
16441,0,0.0,0.0
16442,1,0.0,5.0
16443,51,0.36470588235294116,156.05882352941177
16444,0,0.0,0.0
16445,2,0.0,2.5
16446,188,0.6735123449766753,564.2021276595744
16447,4,0.3333333333333333,18.75
16448,14,0.14285714285714285,98.0
16449,0,0.0,0.0
16450,28,0.3333333333333333,122.64285714285714
16451,0,0.0,0.0
16452,33,0.2215909090909091,91.96969696969697
16453,50,0.20979591836734693,61.82
16454,578,0.3439818174185772,565.6470588235294
16455,20,0.32105263157894737,106.1
16456,7,0.3333333333333333,61.57142857142857
16457,4,1.0,149.25
16458,23,0.22134387351778656,72.3913043478261
16459,47,0.4958371877890842,309.3404255319149
16460,1,0.0,4.0
16461,2,0.0,3.0
16462,6,0.26666666666666666,18.666666666666668
16463,23,0.12648221343873517,52.78260869565217
16464,459,0.30322230784599136,350.9934640522876
16465,265,0.348885077186964,468.36603773584903
16466,0,0.0,0.0
16467,33,0.25757575757575757,63.515151515151516
16468,191,0.5452190686139432,584.0366492146596
16469,17,0.11764705882352941,21.941176470588236
16470,29,0.2044334975369458,33.206896551724135
16471,85,0.24089635854341737,284.4117647058824
16472,24,0.21739130434782608,88.45833333333333
16473,0,0.0,0.0
16474,0,0.0,0.0
16475,15,0.21904761904761905,33.8
16476,33,0.38446969696969696,108.51515151515152
16477,0,0.0,0.0
16478,13,0.44871794871794873,176.15384615384616
16479,109,0.3069996602106694,326.29357798165137
16480,3,0.3333333333333333,31.666666666666668
16481,38,0.3385490753911807,182.44736842105263
16482,19,0.5964912280701754,56.21052631578947
16483,39,0.3117408906882591,68.61538461538461
16484,16,0.35,81.0625
16485,130,0.4669051878354204,527.1384615384616
16486,176,0.29428571428571426,319.7613636363636
16487,7,0.6190476190476191,57.57142857142857
16488,1,0.0,5.0
16489,0,0.0,0.0
16490,1,0.0,22.0
16491,0,0.0,0.0
16492,0,0.0,0.0
16493,189,0.22734436564223798,237.6984126984127
16494,0,0.0,0.0
16495,26,0.3353846153846154,80.76923076923077
16496,1,0.0,2.0
16497,100,0.21191919191919192,69.87
16498,67,0.29488919041157846,110.55223880597015
16499,64,0.6939484126984127,489.859375
16500,9,0.3333333333333333,18.0
16501,193,0.26710924006908465,151.4818652849741
16502,370,0.47192558412070607,608.0189189189189
16503,26,0.19692307692307692,50.76923076923077
16504,7,0.14285714285714285,15.142857142857142
16505,0,0.0,0.0
16506,4,0.0,6.5
16507,38,0.28591749644381226,66.8157894736842
16508,47,0.5550416281221091,530.3617021276596
16509,191,0.4276109120969964,478.65968586387436
16510,9,0.4444444444444444,90.66666666666667
16511,0,0.0,0.0
16512,13,0.2692307692307692,27.53846153846154
16513,16,0.30833333333333335,57.125
16514,4,0.0,4.5
16515,0,0.0,0.0
16516,60,0.18361581920903955,117.93333333333334
16517,0,0.0,0.0
16518,0,0.0,0.0
16519,19,0.19883040935672514,95.52631578947368
16520,5,0.5,36.2
16521,15,0.6190476190476191,246.46666666666667
16522,33,0.4640151515151515,186.36363636363637
16523,18,0.37254901960784315,70.05555555555556
16524,218,0.4488225595061937,529.4449541284404
16525,23,0.2490118577075099,85.69565217391305
16526,11,0.3090909090909091,75.0
16527,9,0.3055555555555556,52.888888888888886
16528,55,0.2255892255892256,109.74545454545455
16529,17,0.5367647058823529,57.88235294117647
16530,120,0.3873949579831933,162.5
16531,0,0.0,0.0
16532,10,0.3333333333333333,94.4
16533,14,0.14285714285714285,35.42857142857143
16534,0,0.0,0.0
16535,21,0.15714285714285714,42.38095238095238
16536,1,0.0,3.0
16537,175,0.32906403940886697,192.88
16538,81,0.24938271604938272,77.74074074074075
16539,43,0.2857142857142857,140.25581395348837
16540,3,0.6666666666666666,36.666666666666664
16541,4,0.6666666666666666,69.75
16542,0,0.0,0.0
16543,0,0.0,0.0
16544,149,0.299383275893343,316.6979865771812
16545,52,0.1975867269984917,137.07692307692307
16546,0,0.0,0.0
16547,1,0.0,18.0
16548,25,0.26666666666666666,42.88
16549,7,0.3333333333333333,36.42857142857143
16550,1,0.0,304.0
16551,11,0.2909090909090909,30.727272727272727
16552,4,0.5,7.5
16553,184,0.26579947731052506,157.25
16554,1,0.0,4.0
16555,0,0.0,0.0
16556,509,0.33964234333183796,490.229862475442
16557,0,0.0,0.0
16558,5,0.5,74.0
16559,35,0.3596638655462185,303.51428571428573
16560,20,0.4421052631578947,104.55
16561,26,0.19384615384615383,75.8076923076923
16562,81,0.0734567901234568,94.03703703703704
16563,22,0.2597402597402597,21.181818181818183
16564,8,0.21428571428571427,74.125
16565,0,0.0,0.0
16566,6,0.26666666666666666,38.833333333333336
16567,93,0.4181860682561945,386.8817204301075
16568,3,0.0,81.33333333333333
16569,0,0.0,0.0
16570,9,0.25,101.77777777777777
16571,1,0.0,1.0
16572,1,0.0,18.0
16573,62,0.21946060285563193,74.14516129032258
16574,74,0.25249907441688263,137.56756756756758
16575,21,0.35714285714285715,119.23809523809524
16576,24,0.8405797101449275,595.875
16577,73,0.3253424657534247,139.7123287671233
16578,96,0.12456140350877193,83.48958333333333
16579,34,0.48841354723707664,206.58823529411765
16580,30,0.2,42.43333333333333
16581,69,0.14492753623188406,48.88405797101449
16582,1,0.0,4.0
16583,10,0.37777777777777777,56.6
16584,53,0.3127721335268505,229.71698113207546
16585,50,0.4163265306122449,366.02
16586,0,0.0,0.0
16587,7,0.47619047619047616,43.142857142857146
16588,81,0.3888888888888889,304.1358024691358
16589,5,0.1,18.8
16590,1,0.0,69.0
16591,3,0.0,21.333333333333332
16592,11,0.41818181818181815,31.727272727272727
16593,0,0.0,0.0
16594,3,1.0,22.333333333333332
16595,15,0.2761904761904762,62.8
16596,2,0.0,21.5
16597,87,0.41833734295642877,379.18390804597703
16598,1,0.0,3.0
16599,106,0.3710691823899371,111.19811320754717
16600,21,0.3047619047619048,206.57142857142858
16601,64,0.3244047619047619,146.484375
16602,16,0.4,101.0625
16603,2,0.0,4.0
16604,210,0.49578491683754844,462.12380952380954
16605,19,0.17543859649122806,53.89473684210526
16606,107,0.3800035267148651,146.55140186915887
16607,0,0.0,0.0
16608,1,0.0,5.0
16609,26,0.19384615384615383,53.88461538461539
16610,1,0.0,1.0
16611,526,0.3380264349085642,515.6235741444867
16612,12,0.5454545454545454,245.5
16613,209,0.35958778064041225,478.7129186602871
16614,0,0.0,0.0
16615,21,0.15714285714285714,57.285714285714285
16616,7,0.19047619047619047,25.142857142857142
16617,403,0.4606742960137279,557.5235732009926
16618,115,0.5040427154843631,181.88695652173914
16619,7,0.14285714285714285,13.0
16620,10,0.5777777777777777,19.2
16621,31,0.35698924731182796,66.06451612903226
16622,1,0.0,8.0
16623,3,0.3333333333333333,56.0
16624,217,0.4932582351937191,564.2165898617511
16625,4,0.3333333333333333,5.0
16626,24,0.45652173913043476,71.70833333333333
16627,18,0.3660130718954248,159.5
16628,3,0.3333333333333333,36.666666666666664
16629,0,0.0,0.0
16630,5,0.4,41.8
16631,10,0.13333333333333333,26.5
16632,18,0.38562091503267976,87.11111111111111
16633,8,0.42857142857142855,31.125
16634,70,0.19958592132505176,62.457142857142856
16635,142,0.37029267805414046,184.92253521126761
16636,8,0.25,59.375
16637,0,0.0,0.0
16638,262,0.27767541165803866,414.79007633587787
16639,23,0.15810276679841898,49.26086956521739
16640,2,0.0,5.0
16641,104,0.38722927557879017,197.20192307692307
16642,1,0.0,108.0
16643,7,0.2857142857142857,104.0
16644,1,0.0,7.0
16645,39,0.17813765182186234,63.15384615384615
16646,1,0.0,281.0
16647,12,0.3333333333333333,129.41666666666666
16648,20,0.26842105263157895,62.7
16649,16,0.16666666666666666,57.8125
16650,21,0.22380952380952382,89.80952380952381
16651,0,0.0,0.0
16652,7,0.5714285714285714,53.57142857142857
16653,0,0.0,0.0
16654,15,0.26666666666666666,37.4
16655,10,0.3111111111111111,39.5
16656,8,0.14285714285714285,36.875
16657,7,0.14285714285714285,25.285714285714285
16658,10,0.3111111111111111,29.0
16659,9,0.3611111111111111,36.111111111111114
16660,29,0.3054187192118227,88.13793103448276
16661,5,0.4,95.8
16662,23,0.5296442687747036,278.30434782608694
16663,389,0.38955291124479896,492.6298200514139
16664,565,0.397433000690391,564.3663716814159
16665,0,0.0,0.0
16666,2,1.0,2.5
16667,6,0.5333333333333333,63.5
16668,1,0.0,10.0
16669,301,0.46376522702104095,552.2691029900333
16670,59,0.15137346580946814,47.067796610169495
16671,31,0.23870967741935484,50.935483870967744
16672,75,0.5992792792792793,269.72
16673,15,0.4095238095238095,64.13333333333334
16674,0,0.0,0.0
16675,48,0.2978723404255319,51.416666666666664
16676,10,0.35555555555555557,16.0
16677,0,0.0,0.0
16678,0,0.0,0.0
16679,7,0.19047619047619047,41.142857142857146
16680,160,0.20314465408805032,115.0125
16681,13,0.2564102564102564,223.76923076923077
16682,25,0.18,43.6
16683,8,0.14285714285714285,31.125
16684,42,0.5319396051103368,254.85714285714286
16685,17,0.23529411764705882,39.64705882352941
16686,29,0.41133004926108374,111.65517241379311
16687,0,0.0,0.0
16688,51,0.17882352941176471,51.1764705882353
16689,217,0.2670250896057348,153.82027649769586
16690,0,0.0,0.0
16691,222,0.30447189270718683,379.6756756756757
16692,216,0.4941429801894918,301.97222222222223
16693,0,0.0,0.0
16694,67,0.13161465400271372,86.41791044776119
16695,891,0.289337822671156,512.351290684624
16696,35,0.27058823529411763,61.34285714285714
16697,2,0.0,26.5
16698,300,0.14120401337792643,144.04666666666665
16699,101,0.31465346534653466,346.990099009901
16700,219,0.13727954421683214,94.39269406392694
16701,39,0.2793522267206478,122.6923076923077
16702,241,0.2210926694329184,138.66804979253112
16703,373,0.3690651215082591,516.0026809651474
16704,10,0.2,55.0
16705,3,0.0,20.0
16706,112,0.2298906048906049,189.80357142857142
16707,0,0.0,0.0
16708,3,0.3333333333333333,7.333333333333333
16709,2,1.0,520.5
16710,42,0.4413472706155633,329.92857142857144
16711,0,0.0,0.0
16712,871,0.24320572205286564,478.3352468427095
16713,1,0.0,2.0
16714,6,0.4,66.5
16715,33,0.2803030303030303,61.27272727272727
16716,1,0.0,18.0
16717,78,0.4169164169164169,130.19230769230768
16718,0,0.0,0.0
16719,1,0.0,6.0
16720,20,0.24736842105263157,40.05
16721,18,0.0915032679738562,51.27777777777778
16722,169,0.6025641025641025,445.3491124260355
16723,209,0.24075266838424733,177.36363636363637
16724,52,0.24358974358974358,141.76923076923077
16725,0,0.0,0.0
16726,3,0.6666666666666666,85.66666666666667
16727,102,0.1754999029314696,113.31372549019608
16728,286,0.18630842841369158,156.83216783216784
16729,562,0.2948217785982073,486.3629893238434
16730,0,0.0,0.0
16731,6,0.2,12.166666666666666
16732,4,0.0,11.75
16733,38,0.3157894736842105,145.8684210526316
16734,238,0.26986490798851187,198.92016806722688
16735,55,0.4861952861952862,330.72727272727275
16736,33,0.10795454545454546,56.72727272727273
16737,19,0.3157894736842105,73.6842105263158
16738,675,0.34548411913397076,574.5985185185185
16739,275,0.6001592568015925,544.4472727272728
16740,23,0.15019762845849802,46.82608695652174
16741,40,0.2512820512820513,41.15
16742,1,0.0,2.0
16743,15,0.11428571428571428,45.13333333333333
16744,1,0.0,5.0
16745,95,0.23001119820828667,199.3578947368421
16746,0,0.0,0.0
16747,51,0.23294117647058823,57.470588235294116
16748,220,0.38322955583229557,426.3954545454545
16749,22,0.3722943722943723,36.31818181818182
16750,256,0.4496323529411765,559.95703125
16751,328,0.47230924144103825,603.4298780487804
16752,0,0.0,0.0
16753,10,0.13333333333333333,166.6
16754,32,0.2923387096774194,105.8125
16755,4,0.3333333333333333,11.25
16756,154,0.2380103556574145,194.62337662337663
16757,59,0.18936294564582115,149.03389830508473
16758,33,0.509469696969697,152.12121212121212
16759,57,0.2337092731829574,55.96491228070175
16760,22,0.18614718614718614,65.72727272727273
16761,17,0.25735294117647056,27.41176470588235
16762,0,0.0,0.0
16763,38,0.4566145092460882,142.02631578947367
16764,4,0.16666666666666666,12.75
16765,42,0.3228803716608595,322.2857142857143
16766,66,0.16223776223776223,50.621212121212125
16767,0,0.0,0.0
16768,0,0.0,0.0
16769,271,0.3455787891212245,419.56826568265683
16770,136,0.29139433551198257,155.65441176470588
16771,55,0.1589225589225589,52.29090909090909
16772,1364,0.2354561160799771,507.7969208211144
16773,547,0.3449919976428203,552.0329067641682
16774,10,0.13333333333333333,29.5
16775,8,0.6428571428571429,163.25
16776,22,0.42857142857142855,27.772727272727273
16777,150,0.31785234899328857,259.4866666666667
16778,73,0.24277016742770166,120.82191780821918
16779,58,0.34785238959467635,110.5
16780,44,0.3879492600422833,191.3409090909091
16781,101,0.2514851485148515,77.43564356435644
16782,0,0.0,0.0
16783,53,0.19593613933236576,53.64150943396226
16784,91,0.136019536019536,145.42857142857142
16785,13,0.34615384615384615,53.46153846153846
16786,64,0.10863095238095238,62.328125
16787,24,0.21014492753623187,75.45833333333333
16788,2,0.0,9.0
16789,18,0.6535947712418301,160.27777777777777
16790,12,0.21212121212121213,65.66666666666667
16791,0,0.0,0.0
16792,0,0.0,0.0
16793,52,0.45475113122171945,180.21153846153845
16794,16,0.2916666666666667,39.25
16795,7,0.3333333333333333,23.714285714285715
16796,40,0.4576923076923077,155.575
16797,7,0.047619047619047616,41.42857142857143
16798,74,0.22954461310625693,107.5
16799,15,0.5142857142857142,56.86666666666667
16800,59,0.30391583869082406,198.61016949152543
16801,16,0.10833333333333334,40.0625
16802,640,0.34199432707355243,535.8734375
16803,153,0.5613175094599243,662.2875816993464
16804,18,0.47058823529411764,109.5
16805,26,0.4430769230769231,57.30769230769231
16806,36,0.5984126984126984,318.6388888888889
16807,1,0.0,1.0
16808,70,0.3991718426501035,403.9428571428571
16809,18,0.42483660130718953,85.61111111111111
16810,2,1.0,320.0
16811,21,0.4523809523809524,75.04761904761905
16812,4,0.16666666666666666,36.25
16813,0,0.0,0.0
16814,44,0.3668076109936575,135.3409090909091
16815,2,1.0,27.0
16816,19,0.3333333333333333,119.57894736842105
16817,281,0.16263345195729537,324.4199288256228
16818,114,0.34094084769445737,293.1842105263158
16819,2,0.0,12.5
16820,44,0.20718816067653276,68.13636363636364
16821,1,0.0,5.0
16822,177,0.29256548536209553,147.5310734463277
16823,0,0.0,0.0
16824,77,0.20334928229665072,60.493506493506494
16825,33,0.19507575757575757,53.84848484848485
16826,85,0.38487394957983195,227.11764705882354
16827,12,0.36363636363636365,162.83333333333334
16828,7,0.23809523809523808,34.714285714285715
16829,75,0.5221621621621622,199.12
16830,1,0.0,17.0
16831,76,0.4150877192982456,126.13157894736842
16832,199,0.4146997614334298,402.74874371859295
16833,62,0.526176626123744,323.0
16834,91,0.3946275946275946,456.95604395604397
16835,20,0.2736842105263158,228.25
16836,302,0.43466590394050736,467.3245033112583
16837,8,0.39285714285714285,13.125
16838,111,0.13104013104013104,68.51351351351352
16839,8,0.17857142857142858,25.375
16840,0,0.0,0.0
16841,34,0.23351158645276293,63.05882352941177
16842,29,0.21921182266009853,51.206896551724135
16843,97,0.32173539518900346,246.1443298969072
16844,67,0.5151515151515151,278.6268656716418
16845,18,0.5751633986928104,88.05555555555556
16846,0,0.0,0.0
16847,246,0.4386593661854986,531.5081300813008
16848,33,0.2935606060606061,56.57575757575758
16849,13,0.5,40.07692307692308
16850,17,0.4411764705882353,25.647058823529413
16851,21,0.20952380952380953,102.0
16852,9,0.3055555555555556,21.22222222222222
16853,14,0.31868131868131866,86.85714285714286
16854,355,0.42329911673430415,601.7718309859155
16855,65,0.21153846153846154,65.95384615384616
16856,9,0.5555555555555556,41.888888888888886
16857,54,0.44304682040531096,147.24074074074073
16858,0,0.0,0.0
16859,37,0.5675675675675675,59.2972972972973
16860,451,0.371539788125154,547.319290465632
16861,397,0.4654988168842073,620.1007556675063
16862,5,0.1,35.6
16863,381,0.3113137173642768,433.15485564304464
16864,12,0.18181818181818182,47.333333333333336
16865,232,0.509479026720406,552.4094827586207
16866,58,0.33272837265577737,232.75862068965517
16867,1,0.0,1.0
16868,1,0.0,33.0
16869,4,0.16666666666666666,17.25
16870,7,0.23809523809523808,83.14285714285714
16871,42,0.5493612078977933,425.3095238095238
16872,5,0.3,19.2
16873,1,0.0,2.0
16874,22,0.21212121212121213,122.81818181818181
16875,93,0.3546049555867228,370.2043010752688
16876,42,0.21254355400696864,136.0952380952381
16877,57,0.2098997493734336,122.21052631578948
16878,54,0.31027253668763105,86.11111111111111
16879,35,0.15126050420168066,117.37142857142857
16880,21,0.14285714285714285,43.80952380952381
16881,1,0.0,20.0
16882,26,0.18461538461538463,16.692307692307693
16883,0,0.0,0.0
16884,1,0.0,121.0
16885,0,0.0,0.0
16886,1,0.0,3.0
16887,1,0.0,19.0
16888,9,0.05555555555555555,67.55555555555556
16889,18,0.3006535947712418,100.22222222222223
16890,6,0.4,164.16666666666666
16891,33,0.25,100.33333333333333
16892,189,0.13841044692108523,154.21693121693121
16893,7,0.6666666666666666,130.14285714285714
16894,51,0.2611764705882353,66.96078431372548
16895,72,0.5704225352112676,448.7638888888889
16896,425,0.4264816870144284,606.3105882352941
16897,8,0.6785714285714286,257.375
16898,0,0.0,0.0
16899,508,0.3485144978179503,538.9842519685039
16900,11,0.4909090909090909,47.45454545454545
16901,12,0.2727272727272727,34.583333333333336
16902,472,0.4186908488970456,593.7542372881356
16903,8,0.6428571428571429,39.75
16904,14,0.26373626373626374,24.428571428571427
16905,130,0.28109719737626715,135.9923076923077
16906,0,0.0,0.0
16907,335,0.42547144516936275,447.2716417910448
16908,322,0.22590507149629457,400.19565217391306
16909,1,0.0,2.0
16910,69,0.3393009377664109,114.4927536231884
16911,28,0.21693121693121692,64.42857142857143
16912,23,0.3794466403162055,78.08695652173913
16913,427,0.4440303020307638,571.5620608899297
16914,4,0.6666666666666666,17.25
16915,8,0.21428571428571427,35.125
16916,8,0.25,40.25
16917,3,0.3333333333333333,41.333333333333336
16918,20,0.3631578947368421,52.75
16919,0,0.0,0.0
16920,264,0.46488650766217304,551.4848484848485
16921,1,0.0,1.0
16922,16,0.36666666666666664,27.375
16923,1,0.0,2.0
16924,0,0.0,0.0
16925,36,0.2873015873015873,87.5
16926,636,0.3583172386470559,505.9874213836478
16927,128,0.13004429133858267,136.109375
16928,1,0.0,5.0
16929,1116,0.2724673320796567,547.4668458781362
16930,0,0.0,0.0
16931,2,0.0,65.5
16932,7,0.09523809523809523,12.857142857142858
16933,3,0.0,22.333333333333332
16934,1,0.0,9.0
16935,36,0.13015873015873017,51.75
16936,1,0.0,15.0
16937,36,0.10476190476190476,36.69444444444444
16938,5,0.2,96.8
16939,0,0.0,0.0
16940,10,0.06666666666666667,13.0
16941,5,0.3,23.8
16942,5,0.4,27.8
16943,1,0.0,6.0
16944,0,0.0,0.0
16945,0,0.0,0.0
16946,87,0.42207965784549584,294.0344827586207
16947,4,0.3333333333333333,16.0
16948,0,0.0,0.0
16949,8,0.14285714285714285,32.375
16950,39,0.4143049932523617,127.8974358974359
16951,64,0.24851190476190477,79.546875
16952,0,0.0,0.0
16953,33,0.4393939393939394,150.96969696969697
16954,0,0.0,0.0
16955,7,0.3333333333333333,34.285714285714285
16956,0,0.0,0.0
16957,131,0.2955960070463887,231.23664122137404
16958,403,0.37488734985124006,577.4466501240695
16959,64,0.33878968253968256,138.546875
16960,15,0.23809523809523808,77.8
16961,161,0.18757763975155278,272.2670807453416
16962,0,0.0,0.0
16963,10,0.35555555555555557,54.7
16964,14,0.37362637362637363,30.571428571428573
16965,121,0.4096418732782369,496.73553719008265
16966,152,0.36214708957825026,152.36184210526315
16967,2,0.0,48.0
16968,3,0.0,202.0
16969,148,0.3736900165471594,421.43243243243245
16970,14,0.43956043956043955,27.428571428571427
16971,39,0.5222672064777328,168.28205128205127
16972,5,0.1,69.0
16973,304,0.4673658155289213,448.2105263157895
16974,1,0.0,92.0
16975,0,0.0,0.0
16976,1,0.0,1.0
16977,8,0.39285714285714285,58.0
16978,2,1.0,33.0
16979,355,0.38367152064931964,485.0647887323944
16980,9,0.08333333333333333,100.0
16981,0,0.0,0.0
16982,5,0.5,149.8
16983,1,0.0,35.0
16984,233,0.2955453603670268,164.93991416309012
16985,6,0.13333333333333333,42.5
16986,0,0.0,0.0
16987,329,0.3892801541997183,474.8206686930091
16988,0,0.0,0.0
16989,0,0.0,0.0
16990,8,0.39285714285714285,44.875
16991,287,0.35783728466655296,279.66898954703834
16992,55,0.17575757575757575,63.21818181818182
16993,989,0.2824203894663157,535.1132457027301
16994,14,0.5824175824175825,270.2142857142857
16995,436,0.37373194136876514,607.9793577981651
16996,208,0.15839836492010406,142.54807692307693
16997,2,0.0,14.5
16998,773,0.36821414447445855,588.51617076326
16999,22,0.3116883116883117,75.86363636363636
17000,136,0.4116557734204793,411.625
17001,1,0.0,84.0
17002,72,0.2793427230046948,111.47222222222223
17003,0,0.0,0.0
17004,3,0.3333333333333333,10.333333333333334
17005,31,0.4946236559139785,111.12903225806451
17006,12,0.2727272727272727,52.583333333333336
17007,6,0.5333333333333333,11.833333333333334
17008,27,0.27350427350427353,36.7037037037037
17009,36,0.3888888888888889,114.16666666666667
17010,0,0.0,0.0
17011,5,0.5,24.2
17012,10,0.15555555555555556,23.8
17013,1,0.0,1.0
17014,6,0.26666666666666666,104.0
17015,227,0.47382168336517094,528.3700440528635
17016,8,0.8214285714285714,168.125
17017,8,0.4642857142857143,15.75
17018,186,0.11746585294972392,158.96774193548387
17019,2,0.0,17.0
17020,1,0.0,3.0
17021,2,0.0,29.5
17022,37,0.16066066066066065,136.1081081081081
17023,25,0.5333333333333333,139.72
17024,19,0.6140350877192983,73.21052631578948
17025,4,0.16666666666666666,23.75
17026,122,0.6623763717653435,314.5409836065574
17027,36,0.2634920634920635,172.72222222222223
17028,4,0.3333333333333333,39.25
17029,1,0.0,22.0
17030,147,0.12552418227565,101.8843537414966
17031,27,0.18803418803418803,48.51851851851852
17032,4,0.16666666666666666,16.0
17033,16,0.35,76.1875
17034,118,0.4611038678835289,456.35593220338984
17035,1,0.0,1.0
17036,38,0.23044096728307253,51.0
17037,280,0.3154377880184332,380.4
17038,29,0.30295566502463056,139.93103448275863
17039,1,0.0,10.0
17040,75,0.4609009009009009,326.7733333333333
17041,1,0.0,59.0
17042,15,0.2,65.2
17043,209,0.2661483253588517,189.0909090909091
17044,1,0.0,51.0
17045,44,0.3498942917547569,115.20454545454545
17046,31,0.6688172043010753,436.5483870967742
17047,2,1.0,17.0
17048,26,0.3261538461538461,57.69230769230769
17049,29,0.3472906403940887,46.55172413793103
17050,795,0.32130918999413843,566.1547169811321
17051,2,0.0,74.5
17052,234,0.12259271486739298,130.26068376068375
17053,1,0.0,301.0
17054,1,0.0,9.0
17055,19,0.15789473684210525,56.89473684210526
17056,92,0.4362159579550884,229.8804347826087
17057,78,0.14685314685314685,100.17948717948718
17058,297,0.5276412776412777,314.6902356902357
17059,25,0.22,70.92
17060,39,0.3049932523616734,160.5897435897436
17061,35,0.25210084033613445,129.45714285714286
17062,17,0.19117647058823528,28.41176470588235
17063,1,0.0,15.0
17064,3,0.6666666666666666,79.33333333333333
17065,4,0.0,12.75
17066,11,0.09090909090909091,39.18181818181818
17067,26,0.3292307692307692,160.03846153846155
17068,13,0.5384615384615384,67.76923076923077
17069,0,0.0,0.0
17070,32,0.2318548387096774,58.1875
17071,3,0.0,8.0
17072,55,0.2686868686868687,189.38181818181818
17073,11,0.18181818181818182,64.63636363636364
17074,55,0.5528619528619528,401.1818181818182
17075,1422,0.2332502912411873,516.9760900140647
17076,0,0.0,0.0
17077,1,0.0,39.0
17078,20,0.1368421052631579,79.8
17079,21,0.44761904761904764,102.80952380952381
17080,785,0.2550402963733264,496.8968152866242
17081,191,0.41961972995315516,435.15706806282725
17082,0,0.0,0.0
17083,47,0.16003700277520813,43.40425531914894
17084,1,0.0,13.0
17085,0,0.0,0.0
17086,103,0.4309918142014087,161.25242718446603
17087,10,0.24444444444444444,46.3
17088,86,0.2640218878248974,285.86046511627904
17089,148,0.2884721456150028,191.16216216216216
17090,133,0.5960355434039645,306.83458646616543
17091,8,0.21428571428571427,20.625
17092,86,0.07332421340629275,56.52325581395349
17093,33,0.5662878787878788,101.33333333333333
17094,127,0.14448193975753032,115.00787401574803
17095,37,0.07807807807807808,23.135135135135137
17096,235,0.5770867430441898,634.6765957446809
17097,310,0.4428228416327383,310.8516129032258
17098,0,0.0,0.0
17099,2,0.0,4.5
17100,0,0.0,0.0
17101,4,0.5,17.0
17102,361,0.3746999076638966,295.22437673130196
17103,79,0.45731905225576114,464.46835443037975
17104,179,0.2502040047705731,182.94972067039106
17105,169,0.17765567765567766,109.49112426035504
17106,547,0.4390916822361064,541.5191956124314
17107,10,0.3111111111111111,27.8
17108,8,0.42857142857142855,83.25
17109,2,0.0,1.5
17110,66,0.17575757575757575,80.6969696969697
17111,170,0.46146884789418724,432.7
17112,358,0.37899629125393175,551.1452513966481
17113,1,0.0,6.0
17114,60,0.5807909604519774,404.6166666666667
17115,0,0.0,0.0
17116,0,0.0,0.0
17117,0,0.0,0.0
17118,4,1.0,150.0
17119,448,0.28380672738894214,335.83035714285717
17120,2,1.0,10.5
17121,0,0.0,0.0
17122,5,0.4,17.2
17123,13,0.3333333333333333,62.69230769230769
17124,0,0.0,0.0
17125,1,0.0,13.0
17126,0,0.0,0.0
17127,12,0.3181818181818182,20.166666666666668
17128,155,0.4388772517804776,346.9935483870968
17129,1,0.0,1.0
17130,0,0.0,0.0
17131,7,0.6190476190476191,80.42857142857143
17132,4,1.0,205.5
17133,7,0.3333333333333333,31.285714285714285
17134,1,0.0,109.0
17135,12,0.13636363636363635,38.75
17136,112,0.38175675675675674,179.99107142857142
17137,2,0.0,61.5
17138,43,0.4108527131782946,129.13953488372093
17139,2,0.0,25.5
17140,2,1.0,10.5
17141,132,0.36294240111034004,306.99242424242425
17142,19,0.14035087719298245,161.52631578947367
17143,0,0.0,0.0
17144,154,0.17197181903064257,279.66883116883116
17145,21,0.2523809523809524,65.0952380952381
17146,16,0.20833333333333334,39.8125
17147,4,1.0,29.75
17148,357,0.39549302867214303,426.29411764705884
17149,105,0.23717948717948717,217.31428571428572
17150,1010,0.32414605186980544,569.0702970297029
17151,3,0.6666666666666666,153.66666666666666
17152,7,0.3333333333333333,27.0
17153,330,0.4727272727272727,331.2060606060606
17154,156,0.4770885028949545,534.2692307692307
17155,977,0.3419698139168079,590.8679631525076
17156,0,0.0,0.0
17157,850,0.29503221783413014,538.5411764705882
17158,19,0.3216374269005848,38.21052631578947
17159,83,0.6385542168674698,362.5421686746988
17160,0,0.0,0.0
17161,13,0.6025641025641025,81.46153846153847
17162,12,0.5303030303030303,111.25
17163,30,0.3195402298850575,94.46666666666667
17164,23,0.3952569169960474,127.30434782608695
17165,12,0.3333333333333333,40.75
17166,26,0.38153846153846155,220.5
17167,41,0.3146341463414634,104.65853658536585
17168,113,0.6532869785082175,655.3451327433628
17169,0,0.0,0.0
17170,17,0.27205882352941174,70.11764705882354
17171,43,0.3078626799557032,94.18604651162791
17172,6,0.7333333333333333,164.5
17173,207,0.4968810093335209,546.7826086956521
17174,308,0.4066796395786624,607.1103896103896
17175,24,0.3804347826086957,64.41666666666667
17176,15,0.44761904761904764,24.333333333333332
17177,63,0.13466461853558628,70.53968253968254
17178,38,0.1891891891891892,57.973684210526315
17179,2,0.0,4.0
17180,390,0.45298266429371825,593.4564102564102
17181,0,0.0,0.0
17182,123,0.3062774890043982,120.5691056910569
17183,164,0.37827323058506657,509.0
17184,0,0.0,0.0
17185,10,0.2,53.6
17186,5,0.2,63.8
17187,0,0.0,0.0
17188,4,0.8333333333333334,80.75
17189,660,0.3552949832160758,589.4651515151515
17190,26,0.35384615384615387,49.69230769230769
17191,51,0.2541176470588235,112.98039215686275
17192,6,0.3333333333333333,31.166666666666668
17193,10,0.4444444444444444,22.5
17194,10,0.4,32.6
17195,1,0.0,3.0
17196,14,0.27472527472527475,46.142857142857146
17197,8,0.6428571428571429,323.5
17198,1,0.0,2.0
17199,6,0.13333333333333333,314.0
17200,26,0.28,119.96153846153847
17201,21,0.4380952380952381,111.61904761904762
17202,8,0.25,70.375
17203,55,0.17643097643097644,118.38181818181818
17204,1,0.0,74.0
17205,177,0.28364149974319464,148.4689265536723
17206,2,1.0,188.0
17207,7,0.8095238095238095,36.857142857142854
17208,0,0.0,0.0
17209,7,0.7142857142857143,53.857142857142854
17210,216,0.619724375538329,438.462962962963
17211,8,0.5357142857142857,102.5
17212,61,0.14207650273224043,36.91803278688525
17213,1,0.0,8.0
17214,0,0.0,0.0
17215,0,0.0,0.0
17216,273,0.5194193061840121,533.5018315018315
17217,7,0.3333333333333333,79.71428571428571
17218,4,0.5,51.25
17219,25,0.73,356.88
17220,260,0.1748143748143748,121.1423076923077
17221,4,0.5,248.5
17222,192,0.46695026178010474,504.6666666666667
17223,122,0.26459829291423925,161.21311475409837
17224,320,0.4356778996865204,665.909375
17225,21,0.2523809523809524,86.66666666666667
17226,4,0.3333333333333333,8.5
17227,30,0.24367816091954023,24.033333333333335
17228,124,0.5792027275111461,543.9193548387096
17229,0,0.0,0.0
17230,1,0.0,3.0
17231,47,0.6151711378353376,469.17021276595744
17232,188,0.31289111389236546,341.1329787234043
17233,44,0.19027484143763213,31.681818181818183
17234,0,0.0,0.0
17235,60,0.12372881355932204,48.766666666666666
17236,1,0.0,3.0
17237,63,0.5453149001536098,516.8412698412699
17238,21,0.36666666666666664,236.47619047619048
17239,1,0.0,68.0
17240,982,0.32447458950196295,550.5682281059063
17241,18,0.29411764705882354,119.16666666666667
17242,9,0.4722222222222222,96.88888888888889
17243,15,0.34285714285714286,56.0
17244,138,0.47519306040410453,589.695652173913
17245,2,0.0,8.5
17246,8,0.5714285714285714,111.25
17247,5,0.1,32.0
17248,69,0.33418584825234443,101.5072463768116
17249,7,0.19047619047619047,25.285714285714285
17250,48,0.2393617021276596,71.66666666666667
17251,14,0.31868131868131866,83.21428571428571
17252,5,0.2,17.8
17253,11,0.2545454545454545,84.0909090909091
17254,39,0.7192982456140351,215.64102564102564
17255,0,0.0,0.0
17256,6,0.26666666666666666,11.0
17257,22,0.3116883116883117,47.27272727272727
17258,11,0.2909090909090909,77.45454545454545
17259,3,0.3333333333333333,35.0
17260,35,0.5260504201680672,442.8
17261,9,0.19444444444444445,18.77777777777778
17262,13,0.3974358974358974,218.23076923076923
17263,17,0.23529411764705882,27.88235294117647
17264,2,0.0,30.5
17265,0,0.0,0.0
17266,337,0.40990179454571146,585.2373887240356
17267,61,0.3480874316939891,182.08196721311475
17268,10,0.28888888888888886,60.5
17269,0,0.0,0.0
17270,9,0.2222222222222222,37.333333333333336
17271,112,0.5361969111969112,449.13392857142856
17272,71,0.3545271629778672,140.30985915492957
17273,524,0.4712609285828967,647.9599236641221
17274,16,0.36666666666666664,29.6875
17275,68,0.2151009657594381,116.98529411764706
17276,39,0.1524966261808367,41.07692307692308
17277,6,0.13333333333333333,21.666666666666668
17278,122,0.41471345346159055,462.26229508196724
17279,25,0.23333333333333334,76.16
17280,2,0.0,25.5
17281,246,0.469255019080803,534.7642276422764
17282,77,0.65311004784689,570.5844155844156
17283,20,0.17894736842105263,49.65
17284,24,0.5869565217391305,52.125
17285,30,0.26666666666666666,74.76666666666667
17286,1,0.0,214.0
17287,17,0.20588235294117646,56.88235294117647
17288,0,0.0,0.0
17289,5,0.2,28.4
17290,1,0.0,1.0
17291,0,0.0,0.0
17292,0,0.0,0.0
17293,32,0.5100806451612904,84.21875
17294,0,0.0,0.0
17295,129,0.140140503875969,68.74418604651163
17296,61,0.4808743169398907,345.0163934426229
17297,10,0.4444444444444444,71.0
17298,52,0.23152337858220212,89.03846153846153
17299,5,0.2,84.8
17300,0,0.0,0.0
17301,474,0.4980954674802187,593.6793248945148
17302,4,0.5,36.5
17303,32,0.26411290322580644,50.90625
17304,193,0.21157167530224524,192.31088082901553
17305,361,0.47291474299784547,666.6537396121884
17306,2,0.0,81.0
17307,1,0.0,11.0
17308,64,0.2078373015873016,70.3125
17309,11,0.9818181818181818,49.27272727272727
17310,71,0.3814889336016097,82.33802816901408
17311,252,0.1882944412824891,153.38095238095238
17312,122,0.257417694079393,132.5737704918033
17313,12,0.13636363636363635,39.083333333333336
17314,0,0.0,0.0
17315,700,0.36079296954833434,575.1471428571429
17316,33,0.17424242424242425,50.24242424242424
17317,79,0.3158065563128854,151.0759493670886
17318,9,0.3333333333333333,87.11111111111111
17319,21,0.18571428571428572,50.61904761904762
17320,0,0.0,0.0
17321,8,0.14285714285714285,27.875
17322,0,0.0,0.0
17323,24,0.13043478260869565,47.208333333333336
17324,21,0.16666666666666666,34.95238095238095
17325,0,0.0,0.0
17326,0,0.0,0.0
17327,806,0.32491407610622197,556.7071960297767
17328,4,0.16666666666666666,14.75
17329,9,0.4166666666666667,72.22222222222223
17330,21,0.5285714285714286,103.85714285714286
17331,0,0.0,0.0
17332,30,0.38620689655172413,128.06666666666666
17333,26,0.4461538461538462,69.11538461538461
17334,0,0.0,0.0
17335,20,0.21578947368421053,48.55
17336,9,0.2222222222222222,67.77777777777777
17337,2,1.0,48.5
17338,8,0.21428571428571427,107.0
17339,284,0.4170606678942915,591.9225352112676
17340,191,0.43466519702397355,523.5392670157069
17341,54,0.3039832285115304,139.5185185185185
17342,50,0.8057142857142857,288.16
17343,174,0.35280047837353,160.38505747126436
17344,55,0.3373737373737374,166.70909090909092
17345,12,0.2727272727272727,19.416666666666668
17346,2,0.0,3.5
17347,35,0.346218487394958,54.285714285714285
17348,429,0.40928697470753544,584.951048951049
17349,53,0.7677793904208998,319.50943396226415
17350,145,0.5573754789272031,545.1724137931035
17351,5,0.1,22.6
17352,55,0.23905723905723905,98.78181818181818
17353,0,0.0,0.0
17354,53,0.6226415094339622,522.6981132075472
17355,4,0.6666666666666666,80.0
17356,65,0.425,432.5076923076923
17357,40,0.3487179487179487,139.775
17358,0,0.0,0.0
17359,10,0.3111111111111111,81.1
17360,1,0.0,1.0
17361,6,0.6666666666666666,55.0
17362,101,0.17544554455445543,83.61386138613861
17363,1,0.0,4.0
17364,0,0.0,0.0
17365,34,0.21568627450980393,64.6470588235294
17366,50,0.46040816326530615,157.34
17367,1,0.0,1.0
17368,52,0.34992458521870284,184.78846153846155
17369,2,0.0,6.5
17370,106,0.5563342318059299,470.188679245283
17371,9,0.3333333333333333,25.444444444444443
17372,0,0.0,0.0
17373,170,0.3010790114862513,386.98823529411766
17374,1,0.0,11.0
17375,20,0.5157894736842106,33.25
17376,15,0.14285714285714285,61.46666666666667
17377,8,0.2857142857142857,11.75
17378,108,0.4250605745932849,433.2962962962963
17379,6,0.8666666666666667,291.8333333333333
17380,2,1.0,38.5
17381,39,0.2631578947368421,54.794871794871796
17382,28,0.6216931216931217,543.3928571428571
17383,20,0.37894736842105264,48.15
17384,7,0.047619047619047616,11.571428571428571
17385,36,0.29523809523809524,40.22222222222222
17386,6,0.06666666666666667,24.5
17387,0,0.0,0.0
17388,18,0.1568627450980392,33.05555555555556
17389,121,0.2108815426997245,131.19834710743802
17390,7,0.38095238095238093,5.285714285714286
17391,16,0.6083333333333333,81.375
17392,111,0.17641277641277642,97.5945945945946
17393,99,0.31003916718202434,215.83838383838383
17394,38,0.17780938833570412,46.81578947368421
17395,9,0.1388888888888889,18.11111111111111
17396,6,0.7333333333333333,26.0
17397,3,0.3333333333333333,9.0
17398,187,0.530504283824967,503.09090909090907
17399,11,0.12727272727272726,13.181818181818182
17400,19,0.47953216374269003,103.57894736842105
17401,0,0.0,0.0
17402,17,0.19852941176470587,49.705882352941174
17403,0,0.0,0.0
17404,26,0.12307692307692308,25.23076923076923
17405,6,0.26666666666666666,52.666666666666664
17406,86,0.43283173734610125,143.11627906976744
17407,926,0.33445566516840813,588.9060475161987
17408,84,0.3158347676419966,361.3452380952381
17409,120,0.5078431372549019,564.65
17410,245,0.3708598193375711,451.8122448979592
17411,0,0.0,0.0
17412,0,0.0,0.0
17413,6,0.26666666666666666,23.5
17414,1,0.0,55.0
17415,1,0.0,2.0
17416,16,0.5666666666666667,54.75
17417,335,0.6103137009562963,627.0119402985075
17418,19,0.14035087719298245,32.26315789473684
17419,5,0.3,18.8
17420,38,0.1934566145092461,47.6578947368421
17421,167,0.3554577591804343,352.63473053892216
17422,40,0.5,478.7
17423,20,0.3684210526315789,78.15
17424,205,0.2564801530368245,220.58048780487806
17425,6,0.4666666666666667,52.833333333333336
17426,16,0.16666666666666666,54.3125
17427,51,0.30980392156862746,67.33333333333333
17428,23,0.22134387351778656,28.73913043478261
17429,4,0.3333333333333333,52.5
17430,0,0.0,0.0
17431,0,0.0,0.0
17432,36,0.20317460317460317,78.80555555555556
17433,22,0.22510822510822512,67.95454545454545
17434,26,0.4492307692307692,106.42307692307692
17435,38,0.4395448079658606,98.15789473684211
17436,0,0.0,0.0
17437,489,0.3344983070166616,427.5930470347648
17438,5,0.3,28.2
17439,0,0.0,0.0
17440,16,0.15833333333333333,21.25
17441,35,0.24201680672268908,111.34285714285714
17442,74,0.533135875601629,269.3783783783784
17443,26,0.5076923076923077,147.1153846153846
17444,0,0.0,0.0
17445,35,0.6386554621848739,468.6857142857143
17446,1102,0.2747296221385937,507.7994555353902
17447,0,0.0,0.0
17448,20,0.4052631578947368,94.95
17449,2,0.0,15.0
17450,37,0.21771771771771772,113.64864864864865
17451,0,0.0,0.0
17452,0,0.0,0.0
17453,0,0.0,0.0
17454,0,0.0,0.0
17455,10,0.2222222222222222,48.5
17456,5,0.0,17.4
17457,160,0.23781446540880502,131.9375
17458,7,0.3333333333333333,109.85714285714286
17459,22,0.3852813852813853,172.54545454545453
17460,18,0.5555555555555556,63.55555555555556
17461,7,0.3333333333333333,32.0
17462,53,0.4288824383164006,84.05660377358491
17463,92,0.6115623506927855,586.2934782608696
17464,0,0.0,0.0
17465,408,0.3197355109119815,369.4485294117647
17466,24,0.6485507246376812,152.75
17467,1,0.0,5.0
17468,35,0.2722689075630252,105.14285714285714
17469,602,0.36741090430677553,551.1843853820598
17470,9,0.19444444444444445,36.333333333333336
17471,7,0.3333333333333333,86.14285714285714
17472,44,0.24207188160676532,102.70454545454545
17473,24,0.3079710144927536,28.083333333333332
17474,7,0.3333333333333333,27.857142857142858
17475,0,0.0,0.0
17476,101,0.10475247524752475,65.00990099009901
17477,0,0.0,0.0
17478,97,0.26288659793814434,79.71134020618557
17479,2,0.0,14.0
17480,8,0.17857142857142858,20.875
17481,305,0.474137187230371,514.5606557377049
17482,0,0.0,0.0
17483,49,0.2950680272108844,71.57142857142857
17484,6,0.3333333333333333,124.66666666666667
17485,85,0.1980392156862745,111.18823529411765
17486,212,0.2756415988554055,311.9481132075472
17487,38,0.15789473684210525,51.5
17488,5,0.3,39.4
17489,54,0.5800139762403913,485.51851851851853
17490,21,0.4380952380952381,24.61904761904762
17491,12,0.13636363636363635,155.16666666666666
17492,86,0.5031463748290014,336.69767441860466
17493,2,0.0,6.0
17494,57,0.4968671679197995,182.8421052631579
17495,19,0.2631578947368421,101.84210526315789
17496,3,0.0,9.333333333333334
17497,2,0.0,44.5
17498,10,0.26666666666666666,170.1
17499,449,0.36431156538339166,543.2383073496659
17500,280,0.411699948796723,564.55
17501,1,0.0,21.0
17502,1,0.0,6.0
17503,11,0.509090909090909,81.0
17504,0,0.0,0.0
17505,13,0.24358974358974358,61.0
17506,15,0.2857142857142857,44.86666666666667
17507,2,1.0,32.0
17508,6,0.06666666666666667,29.5
17509,62,0.24061343204653624,246.7741935483871
17510,0,0.0,0.0
17511,2,1.0,113.0
17512,4,0.16666666666666666,21.25
17513,79,0.1736449204803635,60.49367088607595
17514,0,0.0,0.0
17515,516,0.4172800481673817,564.4108527131783
17516,182,0.3812154696132597,473.74175824175825
17517,6,0.4666666666666667,72.33333333333333
17518,8,0.35714285714285715,24.875
17519,19,0.19883040935672514,36.78947368421053
17520,12,0.45454545454545453,94.91666666666667
17521,58,0.25529340592861466,102.05172413793103
17522,11,0.4909090909090909,311.8181818181818
17523,110,0.21284403669724772,104.11818181818182
17524,227,0.6073837277299131,593.6035242290749
17525,2,0.0,36.5
17526,0,0.0,0.0
17527,85,0.14313725490196078,91.34117647058824
17528,6,0.6,254.66666666666666
17529,203,0.2335755743061991,290.0935960591133
17530,7,0.2857142857142857,35.42857142857143
17531,504,0.3016583041433936,521.2777777777778
17532,29,0.4827586206896552,119.24137931034483
17533,64,0.2261904761904762,60.28125
17534,146,0.2958904109589041,152.34246575342465
17535,0,0.0,0.0
17536,0,0.0,0.0
17537,99,0.3327149041434756,315.85858585858585
17538,3,1.0,30.0
17539,3,0.3333333333333333,11.333333333333334
17540,0,0.0,0.0
17541,203,0.5975223138077355,651.0197044334975
17542,22,0.19913419913419914,72.5909090909091
17543,65,0.24807692307692308,128.1076923076923
17544,8,0.32142857142857145,56.75
17545,12,0.3181818181818182,56.166666666666664
17546,15,0.17142857142857143,32.333333333333336
17547,97,0.6185567010309279,468.4226804123711
17548,716,0.35104895104895106,584.2094972067039
17549,7,0.047619047619047616,20.857142857142858
17550,0,0.0,0.0
17551,7,0.7142857142857143,403.7142857142857
17552,411,0.41882380867604296,283.00243309002434
17553,11,0.7818181818181819,139.9090909090909
17554,15,0.11428571428571428,55.733333333333334
17555,16,0.6833333333333333,93.0
17556,6,0.8666666666666667,120.33333333333333
17557,170,0.47553080403759135,610.0294117647059
17558,0,0.0,0.0
17559,16,0.48333333333333334,112.875
17560,21,0.35714285714285715,59.904761904761905
17561,594,0.3623417991040251,558.7676767676768
17562,2,0.0,48.0
17563,4,0.5,16.75
17564,1,0.0,83.0
17565,4,0.8333333333333334,104.5
17566,32,0.10685483870967742,52.6875
17567,28,0.24867724867724866,78.5
17568,2,1.0,59.0
17569,16,0.1,21.375
17570,75,0.16720720720720722,87.13333333333334
17571,97,0.7121993127147767,255.7835051546392
17572,2,0.0,20.0
17573,1,0.0,232.0
17574,359,0.3474580227509687,513.2701949860724
17575,139,0.22051923678448546,106.46762589928058
17576,436,0.42691131498470947,580.066513761468
17577,0,0.0,0.0
17578,274,0.5092377209165531,520.42700729927
17579,790,0.31918948837657024,539.5506329113924
17580,1,0.0,19.0
17581,5,0.4,59.8
17582,39,0.30364372469635625,114.84615384615384
17583,5,0.1,38.6
17584,12,0.24242424242424243,43.75
17585,33,0.1553030303030303,114.24242424242425
17586,27,0.42735042735042733,46.074074074074076
17587,0,0.0,0.0
17588,4,0.0,25.5
17589,1767,0.19091933977712702,476.51386530843234
17590,48,0.26684397163120566,106.0
17591,1,0.0,2.0
17592,35,0.7294117647058823,250.71428571428572
17593,2,1.0,9.0
17594,107,0.3512608005642744,332.04672897196264
17595,59,0.4108708357685564,321.66101694915255
17596,44,0.17653276955602537,134.9318181818182
17597,3,0.0,26.333333333333332
17598,155,0.3291998324256389,181.19354838709677
17599,15,0.26666666666666666,57.2
17600,82,0.4787714543812105,400.9634146341463
17601,15,0.3333333333333333,41.6
17602,78,0.1645021645021645,58.19230769230769
17603,2,0.0,15.5
17604,12,0.2727272727272727,69.33333333333333
17605,8,0.21428571428571427,37.375
17606,12,0.4696969696969697,243.91666666666666
17607,1,0.0,73.0
17608,2,0.0,19.5
17609,29,0.45566502463054187,191.48275862068965
17610,1,0.0,9.0
17611,575,0.33164672019391,506.0139130434783
17612,135,0.7139856274184633,267.45185185185187
17613,2,0.0,8.0
17614,0,0.0,0.0
17615,7,0.23809523809523808,19.857142857142858
17616,9,0.1388888888888889,98.66666666666667
17617,1,0.0,4.0
17618,0,0.0,0.0
17619,207,0.4687397401622813,457.92753623188406
17620,684,0.31890609882441584,496.8333333333333
17621,0,0.0,0.0
17622,14,0.26373626373626374,115.21428571428571
17623,1,0.0,17.0
17624,764,0.299300776076798,480.2997382198953
17625,1,0.0,7.0
17626,0,0.0,0.0
17627,228,0.612682587526084,465.1622807017544
17628,6,0.8666666666666667,209.16666666666666
17629,9,0.19444444444444445,14.777777777777779
17630,29,0.41133004926108374,136.89655172413794
17631,12,0.4696969696969697,133.0
17632,28,0.41798941798941797,390.2142857142857
17633,12,0.22727272727272727,43.333333333333336
17634,3,0.3333333333333333,104.66666666666667
17635,5,0.4,201.8
17636,23,0.22134387351778656,41.69565217391305
17637,179,0.6245056807482268,498.89385474860336
17638,10,0.13333333333333333,13.1
17639,715,0.34180329474447124,566.9188811188811
17640,11,0.34545454545454546,33.18181818181818
17641,1,0.0,1.0
17642,4,0.0,6.5
17643,26,0.6092307692307692,176.76923076923077
17644,2,0.0,1.5
17645,65,0.40673076923076923,402.4769230769231
17646,0,0.0,0.0
17647,97,0.32603092783505155,224.90721649484536
17648,2,0.0,23.0
17649,5,0.6,28.2
17650,2,1.0,44.0
17651,16,0.20833333333333334,65.25
17652,6,0.13333333333333333,21.0
17653,154,0.25074272133095665,146.33766233766235
17654,2,0.0,9.5
17655,3,0.3333333333333333,16.666666666666668
17656,18,0.24183006535947713,42.5
17657,0,0.0,0.0
17658,25,0.46,68.48
17659,12,0.21212121212121213,19.5
17660,5,0.3,18.2
17661,7,0.047619047619047616,32.42857142857143
17662,22,0.14285714285714285,41.95454545454545
17663,1,0.0,25.0
17664,7,0.6666666666666666,16.428571428571427
17665,14,0.23076923076923078,79.21428571428571
17666,449,0.31482659879096403,471.3563474387528
17667,12,0.24242424242424243,16.833333333333332
17668,1,0.0,9.0
17669,42,0.32752613240418116,112.33333333333333
17670,8,0.39285714285714285,80.875
17671,289,0.22779700115340254,360.3771626297578
17672,10,0.2222222222222222,24.0
17673,41,0.3280487804878049,84.4390243902439
17674,73,0.4497716894977169,393.2328767123288
17675,2,0.0,55.0
17676,355,0.37425001989337153,439.5014084507042
17677,21,0.2904761904761905,131.66666666666666
17678,7,0.2857142857142857,25.428571428571427
17679,32,0.5725806451612904,62.84375
17680,2,1.0,10.5
17681,232,0.5297432452604867,508.9913793103448
17682,0,0.0,0.0
17683,23,0.1857707509881423,36.56521739130435
17684,1,0.0,9.0
17685,12,0.19696969696969696,31.75
17686,16,0.30833333333333335,60.625
17687,45,0.2404040404040404,141.06666666666666
17688,9,0.3055555555555556,163.0
17689,60,0.48757062146892655,420.6
17690,498,0.3317818557933949,359.5883534136546
17691,0,0.0,0.0
17692,43,0.6766334440753046,620.5813953488372
17693,0,0.0,0.0
17694,49,0.22193877551020408,73.10204081632654
17695,190,0.20568086883876358,129.46315789473684
17696,5,0.2,14.8
17697,179,0.4672650806603478,525.4301675977654
17698,7,0.2857142857142857,37.857142857142854
17699,0,0.0,0.0
17700,0,0.0,0.0
17701,26,0.27692307692307694,59.57692307692308
17702,1,0.0,3.0
17703,1,0.0,197.0
17704,7,0.7142857142857143,13.714285714285714
17705,30,0.6183908045977011,516.6666666666666
17706,38,0.5945945945945946,326.13157894736844
17707,1,0.0,24.0
17708,16,0.275,65.5625
17709,7,0.5714285714285714,143.0
17710,4,0.0,21.75
17711,26,0.36615384615384616,112.23076923076923
17712,3,0.3333333333333333,24.666666666666668
17713,10,0.6222222222222222,134.9
17714,24,0.09420289855072464,37.708333333333336
17715,25,0.2966666666666667,73.08
17716,8,0.7142857142857143,149.625
17717,0,0.0,0.0
17718,112,0.24903474903474904,100.33035714285714
17719,0,0.0,0.0
17720,22,0.17316017316017315,66.31818181818181
17721,18,0.29411764705882354,42.27777777777778
17722,0,0.0,0.0
17723,33,0.5359848484848485,358.24242424242425
17724,20,0.45263157894736844,180.05
17725,4,0.5,7.5
17726,276,0.5041106719367588,654.6630434782609
17727,3,0.3333333333333333,19.0
17728,2,0.0,4.5
17729,35,0.3831932773109244,77.94285714285714
17730,398,0.3743148994341987,534.5376884422111
17731,6,0.4,33.666666666666664
17732,35,0.1781512605042017,56.05714285714286
17733,22,0.19913419913419914,41.68181818181818
17734,1,0.0,1.0
17735,230,0.5975318017846972,482.9478260869565
17736,2,0.0,30.5
17737,14,0.15384615384615385,26.571428571428573
17738,0,0.0,0.0
17739,9,0.25,273.77777777777777
17740,230,0.42802354281374594,375.795652173913
17741,14,0.6373626373626373,52.5
17742,6,0.4,8.166666666666666
17743,57,0.3433583959899749,86.3157894736842
17744,6,0.4,55.0
17745,0,0.0,0.0
17746,18,0.46405228758169936,264.55555555555554
17747,20,0.21052631578947367,74.75
17748,12,0.3939393939393939,46.416666666666664
17749,0,0.0,0.0
17750,1,0.0,7.0
17751,7,0.3333333333333333,107.85714285714286
17752,5,0.2,10.6
17753,502,0.3634245453316475,503.07370517928285
17754,132,0.47004395095998147,315.82575757575756
17755,96,0.12938596491228072,84.6875
17756,12,0.42424242424242425,81.75
17757,8,0.14285714285714285,13.25
17758,0,0.0,0.0
17759,54,0.38784067085953877,107.12962962962963
17760,37,0.26426426426426425,82.91891891891892
17761,53,0.2772133526850508,129.16981132075472
17762,2,0.0,17.5
17763,0,0.0,0.0
17764,71,0.24386317907444668,136.6338028169014
17765,14,0.21978021978021978,46.57142857142857
17766,460,0.38613242398408637,460.2413043478261
17767,0,0.0,0.0
17768,55,0.25993265993265996,134.83636363636364
17769,0,0.0,0.0
17770,0,0.0,0.0
17771,234,0.393235758042625,304.04700854700855
17772,8,0.32142857142857145,58.5
17773,17,0.23529411764705882,125.17647058823529
17774,562,0.3688190255073236,590.008896797153
17775,1,0.0,5.0
17776,190,0.6120300751879699,401.7368421052632
17777,2,0.0,7.5
17778,15,0.45714285714285713,76.46666666666667
17779,0,0.0,0.0
17780,7,0.2857142857142857,72.42857142857143
17781,0,0.0,0.0
17782,26,0.3353846153846154,72.57692307692308
17783,0,0.0,0.0
17784,52,0.19306184012066366,95.82692307692308
17785,80,0.21234177215189873,238.5625
17786,24,0.45652173913043476,35.125
17787,38,0.422475106685633,340.36842105263156
17788,841,0.3109931487458241,554.5945303210464
17789,1,0.0,23.0
17790,0,0.0,0.0
17791,132,0.2639370807309739,147.37878787878788
17792,56,0.21363636363636362,235.92857142857142
17793,10,0.3111111111111111,67.3
17794,256,0.20661764705882352,134.1484375
17795,119,0.3938185443668993,433.9579831932773
17796,295,0.5117952265652024,605.2915254237288
17797,11,0.509090909090909,306.6363636363636
17798,418,0.3766823861484975,582.3708133971292
17799,11,0.2727272727272727,42.0
17800,8,0.2857142857142857,95.875
17801,3,0.0,53.333333333333336
17802,21,0.5952380952380952,105.0
17803,8,0.35714285714285715,16.5
17804,23,0.25296442687747034,79.1304347826087
17805,66,0.2857808857808858,99.03030303030303
17806,6,0.06666666666666667,27.333333333333332
17807,23,0.3241106719367589,56.52173913043478
17808,164,0.3995211731258417,185.66463414634146
17809,3,0.0,36.333333333333336
17810,37,0.2822822822822823,100.75675675675676
17811,40,0.14615384615384616,85.3
17812,9,0.6388888888888888,107.55555555555556
17813,15,0.5714285714285714,129.6
17814,2,0.0,13.5
17815,117,0.15222516946654877,147.86324786324786
17816,41,0.2841463414634146,43.21951219512195
17817,3,0.3333333333333333,41.333333333333336
17818,17,0.20588235294117646,45.88235294117647
17819,101,0.20653465346534652,100.94059405940594
17820,0,0.0,0.0
17821,41,0.18292682926829268,102.14634146341463
17822,0,0.0,0.0
17823,72,0.20735524256651017,117.625
17824,0,0.0,0.0
17825,0,0.0,0.0
17826,4,0.16666666666666666,47.0
17827,2,0.0,21.0
17828,660,0.35427875109210466,565.4863636363636
17829,25,0.29,112.52
17830,83,0.4725242433147223,322.0843373493976
17831,28,0.2671957671957672,65.39285714285714
17832,11,0.43636363636363634,83.36363636363636
17833,3,0.0,1.6666666666666667
17834,35,0.373109243697479,139.22857142857143
17835,2,1.0,11.0
17836,1,0.0,3.0
17837,1,0.0,13.0
17838,5,0.5,72.4
17839,62,0.21099947117927023,74.16129032258064
17840,4,0.16666666666666666,11.25
17841,12,0.15151515151515152,40.25
17842,26,0.48923076923076925,63.23076923076923
17843,18,0.3790849673202614,43.333333333333336
17844,6,0.0,34.0
17845,6,0.4666666666666667,49.166666666666664
17846,250,0.09876305220883534,102.896
17847,30,0.4367816091954023,91.76666666666667
17848,11,0.12727272727272726,35.36363636363637
17849,1,0.0,1.0
17850,0,0.0,0.0
17851,18,0.10457516339869281,43.44444444444444
17852,2,1.0,103.5
17853,0,0.0,0.0
17854,20,0.17894736842105263,69.75
17855,1,0.0,32.0
17856,93,0.30388031790556336,160.6236559139785
17857,7,0.8571428571428571,193.42857142857142
17858,1,0.0,21.0
17859,0,0.0,0.0
17860,9,0.2777777777777778,22.0
17861,11,0.14545454545454545,13.363636363636363
17862,46,0.553623188405797,399.9782608695652
17863,14,0.34065934065934067,74.21428571428571
17864,10,0.5777777777777777,98.9
17865,31,0.1827956989247312,107.70967741935483
17866,10,0.15555555555555556,21.7
17867,1,0.0,12.0
17868,28,0.48148148148148145,162.35714285714286
17869,1,0.0,6.0
17870,7,0.38095238095238093,39.285714285714285
17871,1,0.0,57.0
17872,12,0.36363636363636365,68.58333333333333
17873,11,0.2545454545454545,39.72727272727273
17874,134,0.22107507574907417,120.54477611940298
17875,156,0.2882547559966915,322.4423076923077
17876,1,0.0,21.0
17877,9,0.25,27.0
17878,117,0.2910403772472738,119.3076923076923
17879,99,0.16697588126159554,68.07070707070707
17880,0,0.0,0.0
17881,12,0.3787878787878788,72.58333333333333
17882,206,0.667724366564054,267.81553398058253
17883,180,0.46710117939168216,419.2111111111111
17884,0,0.0,0.0
17885,12,0.45454545454545453,145.16666666666666
17886,344,0.27878161231269916,441.5
17887,2,0.0,21.5
17888,28,0.30952380952380953,219.75
17889,4,0.5,184.25
17890,66,0.24522144522144523,180.54545454545453
17891,17,0.36764705882352944,75.23529411764706
17892,0,0.0,0.0
17893,8,0.03571428571428571,39.25
17894,26,0.2276923076923077,94.5
17895,64,0.15625,26.0
17896,10,0.5111111111111111,125.5
17897,0,0.0,0.0
17898,687,0.28217500350108854,460.5720524017467
17899,122,0.5476222734046877,518.2049180327868
17900,25,0.31,46.76
17901,25,0.2966666666666667,39.72
17902,1658,0.2039496146406698,489.38419782870926
17903,12,0.24242424242424243,182.5
17904,44,0.27906976744186046,234.97727272727272
17905,7,0.2857142857142857,106.71428571428571
17906,0,0.0,0.0
17907,13,0.5897435897435898,129.6153846153846
17908,22,0.4588744588744589,33.63636363636363
17909,69,0.1329923273657289,62.21739130434783
17910,7,0.47619047619047616,15.142857142857142
17911,0,0.0,0.0
17912,12,0.45454545454545453,27.25
17913,587,0.3578443058066992,555.870528109029
17914,14,0.37362637362637363,108.85714285714286
17915,3,0.3333333333333333,17.0
17916,4,0.3333333333333333,35.25
17917,10,0.26666666666666666,15.8
17918,9,0.2777777777777778,88.66666666666667
17919,0,0.0,0.0
17920,26,0.18461538461538463,54.46153846153846
17921,397,0.3724397628679745,543.0277078085643
17922,0,0.0,0.0
17923,12,0.2727272727272727,21.916666666666668
17924,206,0.543263083116268,680.9854368932039
17925,0,0.0,0.0
17926,0,0.0,0.0
17927,30,0.20689655172413793,88.13333333333334
17928,1,0.0,10.0
17929,4,0.3333333333333333,12.5
17930,6,0.4666666666666667,41.333333333333336
17931,10,0.17777777777777778,37.0
17932,3,0.0,2.3333333333333335
17933,2,0.0,3.0
17934,4,0.16666666666666666,20.5
17935,58,0.4029038112522686,177.32758620689654
17936,0,0.0,0.0
17937,48,0.4157801418439716,261.25
17938,2,1.0,9.5
17939,0,0.0,0.0
17940,113,0.17335651074589128,88.61061946902655
17941,38,0.27311522048364156,289.8421052631579
17942,20,0.32105263157894737,139.95
17943,12,0.15151515151515152,28.083333333333332
17944,27,0.37606837606837606,82.48148148148148
17945,192,0.44606239092495636,397.6041666666667
17946,31,0.23010752688172043,29.870967741935484
17947,5,0.3,35.0
17948,28,0.23544973544973544,74.71428571428571
17949,1,0.0,1.0
17950,67,0.28493894165535955,265.2238805970149
17951,12,0.5454545454545454,142.91666666666666
17952,47,0.4856614246068455,310.6595744680851
17953,4,0.0,14.5
17954,16,0.23333333333333334,25.375
17955,236,0.46527226830147855,357.47033898305085
17956,70,0.35320910973084885,144.7
17957,6,0.13333333333333333,16.166666666666668
17958,151,0.4216335540838852,475.682119205298
17959,5,0.4,68.8
17960,6,0.7333333333333333,241.66666666666666
17961,92,0.49426660296225516,349.45652173913044
17962,2,0.0,14.0
17963,115,0.6059496567505721,493.02608695652174
17964,1,0.0,19.0
17965,9,0.19444444444444445,39.333333333333336
17966,30,0.432183908045977,78.66666666666667
17967,1,0.0,2.0
17968,1,0.0,11.0
17969,1,0.0,7.0
17970,10,0.6666666666666666,33.1
17971,0,0.0,0.0
17972,18,0.24836601307189543,51.833333333333336
17973,0,0.0,0.0
17974,150,0.13082774049217002,81.02
17975,96,0.424780701754386,395.5
17976,18,0.2679738562091503,43.22222222222222
17977,0,0.0,0.0
17978,6,0.8,734.6666666666666
17979,143,0.17955284152467252,112.16083916083916
17980,12,0.5303030303030303,166.0
17981,4,0.16666666666666666,17.0
17982,3,0.6666666666666666,116.33333333333333
17983,2,0.0,39.0
17984,7,0.19047619047619047,57.857142857142854
17985,55,0.5218855218855218,260.25454545454545
17986,1,0.0,7.0
17987,0,0.0,0.0
17988,11,0.38181818181818183,56.81818181818182
17989,41,0.6085365853658536,401.609756097561
17990,6,0.26666666666666666,108.5
17991,1,0.0,3.0
17992,3,0.6666666666666666,25.0
17993,82,0.09515206263173742,80.52439024390245
17994,24,0.14130434782608695,48.25
17995,70,0.8492753623188406,325.72857142857146
17996,25,0.16,74.36
17997,4,0.16666666666666666,30.0
17998,0,0.0,0.0
17999,273,0.35921676362852833,438.2087912087912
18000,2,0.0,19.0
18001,0,0.0,0.0
18002,2,1.0,51.5
18003,7,0.5238095238095238,113.42857142857143
18004,0,0.0,0.0
18005,4,0.16666666666666666,9.25
18006,71,0.3782696177062374,151.8450704225352
18007,5,0.3,5.8
18008,22,0.18614718614718614,44.36363636363637
18009,27,0.14814814814814814,41.111111111111114
18010,393,0.4014254556784546,574.2798982188295
18011,234,0.42867099519460033,538.7606837606837
18012,1,0.0,15.0
18013,0,0.0,0.0
18014,154,0.6829640947288006,261.34415584415586
18015,165,0.3966740576496674,501.8666666666667
18016,59,0.49327878433664524,399.6949152542373
18017,1,0.0,3.0
18018,3,0.3333333333333333,156.0
18019,35,0.5546218487394958,85.97142857142858
18020,3,0.3333333333333333,87.66666666666667
18021,57,0.5100250626566416,173.78947368421052
18022,107,0.22306471521777466,90.85046728971963
18023,7,0.6190476190476191,64.71428571428571
18024,30,0.18620689655172415,89.73333333333333
18025,26,0.22153846153846155,41.30769230769231
18026,8,0.4642857142857143,184.75
18027,0,0.0,0.0
18028,146,0.449031648559282,503.02054794520546
18029,1,0.0,6.0
18030,47,0.2913968547641073,101.61702127659575
18031,0,0.0,0.0
18032,32,0.31451612903225806,88.78125
18033,0,0.0,0.0
18034,1,0.0,15.0
18035,0,0.0,0.0
18036,75,0.19603603603603603,128.64
18037,10,0.1111111111111111,57.2
18038,6,0.26666666666666666,250.83333333333334
18039,112,0.34893822393822393,160.47321428571428
18040,1,0.0,16.0
18041,62,0.14648334214701217,123.06451612903226
18042,10,0.2222222222222222,33.1
18043,20,0.4842105263157895,88.5
18044,244,0.42896174863387976,475.8893442622951
18045,51,0.35215686274509805,135.7058823529412
18046,44,0.22938689217758984,184.02272727272728
18047,42,0.29500580720092917,42.785714285714285
18048,2,1.0,53.5
18049,9,0.2777777777777778,52.22222222222222
18050,0,0.0,0.0
18051,146,0.6188001889466226,296.2054794520548
18052,1,0.0,8.0
18053,53,0.26197387518142234,141.60377358490567
18054,0,0.0,0.0
18055,0,0.0,0.0
18056,14,0.5164835164835165,34.285714285714285
18057,41,0.23414634146341465,112.0
18058,4,0.0,36.0
18059,114,0.29405371836671323,154.640350877193
18060,187,0.20297855212466218,131.89304812834226
18061,21,0.1523809523809524,82.85714285714286
18062,49,0.5969387755102041,419.0408163265306
18063,0,0.0,0.0
18064,7,0.42857142857142855,119.42857142857143
18065,44,0.5295983086680761,415.27272727272725
18066,43,0.3388704318936877,90.16279069767442
18067,0,0.0,0.0
18068,812,0.31931629746162676,516.582512315271
18069,45,0.31313131313131315,99.46666666666667
18070,148,0.2969295826438684,163.26351351351352
18071,0,0.0,0.0
18072,2,0.0,37.0
18073,3,0.6666666666666666,37.0
18074,15,0.2,47.2
18075,31,0.2623655913978495,44.645161290322584
18076,2,0.0,25.5
18077,0,0.0,0.0
18078,0,0.0,0.0
18079,72,0.4757433489827856,253.58333333333334
18080,0,0.0,0.0
18081,116,0.40899550224887554,373.4310344827586
18082,4,0.3333333333333333,72.25
18083,83,0.30708198648251545,343.0
18084,199,0.49083802852647074,293.45226130653265
18085,3,0.0,2.3333333333333335
18086,2,0.0,55.5
18087,9,0.1388888888888889,35.22222222222222
18088,19,0.23391812865497075,80.52631578947368
18089,0,0.0,0.0
18090,2,0.0,4.5
18091,487,0.4668458099897753,539.2689938398357
18092,23,0.383399209486166,38.0
18093,483,0.39319433347937766,629.1739130434783
18094,14,0.16483516483516483,37.07142857142857
18095,7,0.19047619047619047,6.714285714285714
18096,16,0.275,58.75
18097,31,0.3956989247311828,29.516129032258064
18098,1,0.0,3.0
18099,67,0.1994572591587517,109.25373134328358
18100,237,0.3492455124079239,391.60759493670884
18101,609,0.41586725434275346,637.4926108374384
18102,13,0.4230769230769231,113.0
18103,126,0.693968253968254,319.7063492063492
18104,33,0.2916666666666667,49.696969696969695
18105,1,0.0,6.0
18106,499,0.47132015034084235,572.869739478958
18107,129,0.4629360465116279,551.046511627907
18108,135,0.48601437258153674,561.437037037037
18109,16,0.575,121.625
18110,1,0.0,4.0
18111,0,0.0,0.0
18112,6,0.3333333333333333,16.0
18113,2,0.0,7.5
18114,96,0.10964912280701754,71.41666666666667
18115,3,1.0,63.333333333333336
18116,321,0.5561721183800623,588.0031152647975
18117,59,0.5692577440093513,484.1694915254237
18118,44,0.3276955602536998,107.20454545454545
18119,169,0.5891800507185122,250.301775147929
18120,5,0.4,24.4
18121,49,0.2687074829931973,70.3061224489796
18122,1,0.0,4.0
18123,4,0.3333333333333333,16.0
18124,5,0.4,108.0
18125,35,0.15126050420168066,70.8
18126,0,0.0,0.0
18127,181,0.1190914671577655,70.3646408839779
18128,0,0.0,0.0
18129,263,0.4720053406089455,505.09505703422053
18130,8,0.25,118.375
18131,20,0.32105263157894737,216.4
18132,4,0.6666666666666666,26.0
18133,57,0.16791979949874686,56.54385964912281
18134,913,0.2809971945197056,529.5728368017525
18135,2,0.0,5.5
18136,21,0.3,90.23809523809524
18137,324,0.3750525551351145,518.5802469135803
18138,4,0.8333333333333334,16.25
18139,23,0.3675889328063241,115.26086956521739
18140,8,0.35714285714285715,36.625
18141,444,0.3872246964797755,559.0968468468468
18142,16,0.5416666666666666,116.5625
18143,94,0.5975749256463052,424.3723404255319
18144,81,0.22191358024691357,82.96296296296296
18145,0,0.0,0.0
18146,0,0.0,0.0
18147,27,0.14814814814814814,57.44444444444444
18148,9,0.2222222222222222,33.333333333333336
18149,43,0.2912513842746401,74.18604651162791
18150,52,0.3929110105580694,230.82692307692307
18151,2,0.0,15.0
18152,0,0.0,0.0
18153,1,0.0,3.0
18154,8,0.17857142857142858,48.25
18155,68,0.31167690956979804,112.72058823529412
18156,2,1.0,9.0
18157,13,0.3333333333333333,178.76923076923077
18158,2,0.0,3.5
18159,680,0.403456640388114,567.3661764705882
18160,41,0.5158536585365854,156.0
18161,0,0.0,0.0
18162,46,0.3671497584541063,156.45652173913044
18163,4,0.16666666666666666,113.25
18164,0,0.0,0.0
18165,0,0.0,0.0
18166,668,0.3221009255851116,551.3682634730538
18167,147,0.4067654459043892,319.29931972789115
18168,5,0.0,12.4
18169,10,0.24444444444444444,26.1
18170,166,0.44914202263599856,442.8433734939759
18171,3,0.3333333333333333,313.0
18172,23,0.3438735177865613,102.65217391304348
18173,51,0.42901960784313725,348.27450980392155
18174,27,0.7094017094017094,276.962962962963
18175,0,0.0,0.0
18176,3,0.6666666666666666,32.333333333333336
18177,3,0.0,17.666666666666668
18178,4,0.3333333333333333,70.75
18179,0,0.0,0.0
18180,619,0.3390529667330646,557.9079159935379
18181,304,0.48853569567483063,458.0394736842105
18182,61,0.2284153005464481,77.08196721311475
18183,95,0.3816349384098544,157.2736842105263
18184,2,0.0,19.5
18185,0,0.0,0.0
18186,1,0.0,35.0
18187,199,0.25902238465052535,312.4924623115578
18188,16,0.275,20.1875
18189,39,0.2631578947368421,70.05128205128206
18190,34,0.28342245989304815,78.17647058823529
18191,23,0.30434782608695654,49.73913043478261
18192,26,0.19384615384615383,30.26923076923077
18193,35,0.2571428571428571,62.91428571428571
18194,323,0.5442186027729169,553.0990712074304
18195,1,0.0,20.0
18196,14,0.10989010989010989,29.642857142857142
18197,264,0.21932250259246458,134.67045454545453
18198,13,0.3333333333333333,56.46153846153846
18199,5,0.6,31.6
18200,142,0.24483068624513035,121.25352112676056
18201,14,0.6263736263736264,127.71428571428571
18202,17,0.47058823529411764,22.823529411764707
18203,6,0.5333333333333333,44.5
18204,36,0.6285714285714286,182.11111111111111
18205,56,0.22142857142857142,60.732142857142854
18206,0,0.0,0.0
18207,70,0.2968944099378882,143.87142857142857
18208,0,0.0,0.0
18209,84,0.19477911646586346,116.61904761904762
18210,5,0.2,33.8
18211,2,0.0,19.0
18212,23,0.3201581027667984,30.652173913043477
18213,293,0.38856421525082985,555.9044368600682
18214,0,0.0,0.0
18215,164,0.2349244351339219,130.40853658536585
18216,47,0.19796484736355227,53.91489361702128
18217,137,0.34607127522541864,443.7007299270073
18218,405,0.4559467057816893,623.4592592592593
18219,17,0.36764705882352944,138.76470588235293
18220,1,0.0,20.0
18221,61,0.26994535519125684,242.31147540983608
18222,124,0.46551271964332547,267.78225806451616
18223,1,0.0,127.0
18224,214,0.42780044754508356,469.5934579439252
18225,135,0.09563294637921503,45.53333333333333
18226,19,0.1871345029239766,37.05263157894737
18227,9,0.6666666666666666,38.888888888888886
18228,136,0.6369281045751634,298.1985294117647
18229,0,0.0,0.0
18230,10,0.37777777777777777,217.9
18231,0,0.0,0.0
18232,6,0.4,42.0
18233,18,0.26143790849673204,39.55555555555556
18234,143,0.6481828031123805,306.72727272727275
18235,15,0.2571428571428571,26.333333333333332
18236,0,0.0,0.0
18237,5,0.3,13.6
18238,696,0.31124204085007856,506.2514367816092
18239,171,0.17977296181630548,135.51461988304092
18240,14,0.25274725274725274,40.07142857142857
18241,26,0.23384615384615384,200.46153846153845
18242,57,0.16165413533834586,150.03508771929825
18243,3,1.0,832.3333333333334
18244,92,0.6944577161968466,733.3695652173913
18245,42,0.10685249709639953,80.54761904761905
18246,4,0.5,9.5
18247,32,0.24596774193548387,217.125
18248,17,0.15441176470588236,144.0
18249,223,0.3740152708762574,347.94170403587447
18250,28,0.4444444444444444,149.07142857142858
18251,17,0.3161764705882353,12.470588235294118
18252,6,0.6,45.333333333333336
18253,3,0.6666666666666666,12.666666666666666
18254,0,0.0,0.0
18255,79,0.1729957805907173,133.67088607594937
18256,0,0.0,0.0
18257,3,0.0,18.333333333333332
18258,91,0.15873015873015872,88.53846153846153
18259,182,0.5411936130168175,439.532967032967
18260,204,0.3702308509610741,376.1470588235294
18261,3,0.3333333333333333,19.666666666666668
18262,1,0.0,12.0
18263,539,0.4729810815843742,628.5009276437847
18264,0,0.0,0.0
18265,0,0.0,0.0
18266,84,0.36460126219162364,223.13095238095238
18267,343,0.4494569757727652,532.195335276968
18268,112,0.17664092664092665,62.598214285714285
18269,0,0.0,0.0
18270,12,0.5454545454545454,44.333333333333336
18271,22,0.18181818181818182,50.04545454545455
18272,0,0.0,0.0
18273,47,0.4495837187789084,153.7659574468085
18274,23,0.233201581027668,97.78260869565217
18275,54,0.283717679944095,96.11111111111111
18276,28,0.6746031746031746,467.82142857142856
18277,459,0.2566049224153514,404.2919389978214
18278,43,0.13732004429678848,68.16279069767442
18279,44,0.33509513742071884,323.6363636363636
18280,9,0.2777777777777778,31.0
18281,8,0.2857142857142857,12.75
18282,222,0.31270637152990094,189.05855855855856
18283,5,0.1,9.6
18284,0,0.0,0.0
18285,61,0.32131147540983607,109.0327868852459
18286,91,0.2043956043956044,109.1978021978022
18287,20,0.24210526315789474,96.45
18288,12,0.25757575757575757,108.58333333333333
18289,16,0.058333333333333334,17.4375
18290,364,0.470559743287016,632.5769230769231
18291,5,0.5,22.8
18292,725,0.38950276243093923,610.5903448275863
18293,853,0.33868313436696773,574.9015240328254
18294,943,0.31413499402233014,551.0455991516437
18295,329,0.41835940395878124,462.72036474164133
18296,1035,0.3008250871340603,553.6869565217391
18297,173,0.41215217099072454,426.95375722543355
18298,757,0.31159268345529906,493.9445178335535
18299,16,0.35,22.5
18300,13,0.3076923076923077,29.153846153846153
18301,18,0.5098039215686274,114.33333333333333
18302,0,0.0,0.0
18303,24,0.4927536231884058,60.208333333333336
18304,0,0.0,0.0
18305,32,0.4334677419354839,207.25
18306,91,0.21294261294261294,100.73626373626374
18307,41,0.5292682926829269,135.9268292682927
18308,29,0.4605911330049261,225.3793103448276
18309,61,0.10437158469945355,66.06557377049181
18310,0,0.0,0.0
18311,246,0.4332171893147503,565.3089430894308
18312,0,0.0,0.0
18313,0,0.0,0.0
18314,116,0.42863568215892056,426.5344827586207
18315,194,0.6185032850809251,623.360824742268
18316,0,0.0,0.0
18317,47,0.43940795559666973,158.89361702127658
18318,55,0.34074074074074073,156.8909090909091
18319,9,0.3055555555555556,151.66666666666666
18320,4,0.0,15.75
18321,29,0.270935960591133,85.62068965517241
18322,2,0.0,12.5
18323,11,0.18181818181818182,83.27272727272727
18324,2,0.0,35.5
18325,0,0.0,0.0
18326,74,0.33913365420214736,86.27027027027027
18327,0,0.0,0.0
18328,42,0.2857142857142857,115.61904761904762
18329,2,0.0,10.0
18330,69,0.30221653878942883,111.94202898550725
18331,1,0.0,81.0
18332,4,0.5,34.75
18333,3,0.3333333333333333,22.666666666666668
18334,1,0.0,14.0
18335,149,0.1326863776528206,77.68456375838926
18336,0,0.0,0.0
18337,0,0.0,0.0
18338,69,0.25191815856777494,114.43478260869566
18339,1,0.0,3.0
18340,67,0.2591587516960651,102.28358208955224
18341,54,0.44095038434661077,419.1666666666667
18342,32,0.3084677419354839,45.46875
18343,50,0.17224489795918368,76.52
18344,412,0.2798171639146765,434.5703883495146
18345,30,0.45977011494252873,96.66666666666667
18346,7,0.38095238095238093,130.85714285714286
18347,16,0.425,67.5
18348,2,0.0,59.0
18349,470,0.33611577371501156,370.57659574468084
18350,9,0.3333333333333333,84.55555555555556
18351,7,0.3333333333333333,237.57142857142858
18352,2,1.0,43.5
18353,173,0.19552359188062912,142.32947976878611
18354,1,0.0,3.0
18355,873,0.25458452872621035,476.2531500572738
18356,29,0.2955665024630542,77.75862068965517
18357,2,1.0,4.0
18358,561,0.39767634326457857,584.0499108734402
18359,10,0.4222222222222222,175.5
18360,0,0.0,0.0
18361,89,0.46092951991828396,338.8876404494382
18362,0,0.0,0.0
18363,3,0.0,24.0
18364,29,0.18719211822660098,26.79310344827586
18365,33,0.3125,52.515151515151516
18366,32,0.42943548387096775,110.3125
18367,3,1.0,196.0
18368,106,0.16963162623539982,114.30188679245283
18369,50,0.5485714285714286,430.42
18370,28,0.5740740740740741,167.60714285714286
18371,54,0.2445842068483578,172.7037037037037
18372,581,0.3298949492551487,471.1790017211704
18373,12,0.3181818181818182,60.166666666666664
18374,0,0.0,0.0
18375,10,0.5333333333333333,240.8
18376,26,0.36923076923076925,307.96153846153845
18377,219,0.23727535503330402,152.8538812785388
18378,0,0.0,0.0
18379,9,0.16666666666666666,59.333333333333336
18380,21,0.18095238095238095,47.904761904761905
18381,50,0.5477551020408163,170.56
18382,14,0.8791208791208791,368.42857142857144
18383,68,0.15583845478489902,101.16176470588235
18384,175,0.15776683087027915,192.4857142857143
18385,58,0.28735632183908044,124.87931034482759
18386,16,0.4583333333333333,130.625
18387,2,1.0,215.0
18388,0,0.0,0.0
18389,64,0.439484126984127,225.859375
18390,14,0.23076923076923078,46.57142857142857
18391,5,0.4,63.0
18392,4,0.16666666666666666,117.0
18393,12,0.30303030303030304,16.5
18394,285,0.40467012601927355,566.9122807017544
18395,336,0.42338308457711443,429.23214285714283
18396,39,0.3468286099865047,224.0
18397,8,0.32142857142857145,94.875
18398,16,0.16666666666666666,28.9375
18399,2,0.0,64.5
18400,260,0.19512919512919513,134.63846153846154
18401,1,0.0,3.0
18402,28,0.3492063492063492,107.64285714285714
18403,16,0.4083333333333333,146.0625
18404,89,0.19688457609805923,168.2134831460674
18405,11,0.3090909090909091,34.63636363636363
18406,1,0.0,3.0
18407,22,0.36363636363636365,101.18181818181819
18408,8,0.32142857142857145,47.5
18409,6,0.26666666666666666,29.166666666666668
18410,16,0.225,52.0
18411,108,0.19781931464174454,102.05555555555556
18412,8,0.42857142857142855,151.875
18413,179,0.21793986567070492,116.99441340782123
18414,25,0.19666666666666666,47.72
18415,1,0.0,24.0
18416,0,0.0,0.0
18417,54,0.3284416491963662,195.05555555555554
18418,9,0.1388888888888889,19.444444444444443
18419,7,0.23809523809523808,19.857142857142858
18420,42,0.31823461091753774,129.4047619047619
18421,43,0.37652270210409744,105.81395348837209
18422,9,0.3611111111111111,128.22222222222223
18423,46,0.3710144927536232,184.97826086956522
18424,0,0.0,0.0
18425,3,0.3333333333333333,114.33333333333333
18426,29,0.39408866995073893,95.58620689655173
18427,44,0.4714587737843552,136.36363636363637
18428,130,0.2918306499701849,328.1461538461538
18429,0,0.0,0.0
18430,18,0.24183006535947713,64.05555555555556
18431,50,0.403265306122449,59.24
18432,5,0.6,55.4
18433,66,0.3254079254079254,150.22727272727272
18434,2,0.0,67.5
18435,19,0.40350877192982454,94.89473684210526
18436,1,0.0,151.0
18437,14,0.7252747252747253,32.285714285714285
18438,6,0.7333333333333333,63.333333333333336
18439,58,0.16575922565033274,112.37931034482759
18440,137,0.4836839845427222,414.05109489051097
18441,21,0.13333333333333333,58.80952380952381
18442,0,0.0,0.0
18443,131,0.17580739870816206,102.1526717557252
18444,0,0.0,0.0
18445,46,0.3333333333333333,316.2391304347826
18446,92,0.2654085045389393,191.8695652173913
18447,10,0.7333333333333333,75.1
18448,21,0.2714285714285714,49.904761904761905
18449,5,0.1,105.4
18450,0,0.0,0.0
18451,59,0.2326125073056692,87.28813559322033
18452,4,0.16666666666666666,15.25
18453,4,0.16666666666666666,24.5
18454,1,0.0,32.0
18455,113,0.3279077117572693,262.11504424778764
18456,55,0.2579124579124579,177.0
18457,3,0.0,25.0
18458,1,0.0,2.0
18459,43,0.4584717607973422,179.7906976744186
18460,50,0.3314285714285714,93.04
18461,5,0.9,13.6
18462,2,1.0,7.5
18463,183,0.6769350867711523,421.6120218579235
18464,10,0.24444444444444444,24.0
18465,44,0.38372093023255816,128.0681818181818
18466,55,0.24646464646464647,59.38181818181818
18467,5,0.4,14.4
18468,9,0.19444444444444445,33.333333333333336
18469,2,0.0,70.5
18470,4,1.0,144.5
18471,206,0.2830689083589865,159.9368932038835
18472,164,0.48511147688163997,289.0792682926829
18473,1,0.0,3.0
18474,0,0.0,0.0
18475,8,0.14285714285714285,15.375
18476,4,0.16666666666666666,6.25
18477,2,0.0,4.5
18478,402,0.46149551494398333,607.2786069651742
18479,0,0.0,0.0
18480,5,0.6,28.2
18481,258,0.5188670708533164,625.6550387596899
18482,171,0.2573099415204678,131.90058479532163
18483,33,0.36363636363636365,73.21212121212122
18484,488,0.3804322213619686,516.5040983606557
18485,21,0.20952380952380953,34.61904761904762
18486,102,0.16501650165016502,98.82352941176471
18487,2,0.0,13.5
18488,63,0.5376344086021505,155.63492063492063
18489,0,0.0,0.0
18490,55,0.15555555555555556,32.49090909090909
18491,2,1.0,120.0
18492,25,0.4266666666666667,58.76
18493,17,0.2867647058823529,74.70588235294117
18494,16,0.575,150.625
18495,3,0.0,27.666666666666668
18496,6,0.06666666666666667,27.5
18497,7,0.19047619047619047,34.857142857142854
18498,60,0.39717514124293785,115.43333333333334
18499,2,0.0,67.0
18500,35,0.26554621848739496,75.57142857142857
18501,6,0.06666666666666667,29.5
18502,7,0.38095238095238093,47.857142857142854
18503,71,0.2917505030181087,130.3661971830986
18504,2,1.0,128.5
18505,0,0.0,0.0
18506,108,0.26739356178608514,130.0185185185185
18507,18,0.43137254901960786,113.38888888888889
18508,19,0.6666666666666666,337.42105263157896
18509,57,0.17794486215538846,132.5438596491228
18510,9,0.3055555555555556,48.0
18511,6,0.6666666666666666,75.0
18512,34,0.26916221033868093,55.05882352941177
18513,9,0.1388888888888889,50.111111111111114
18514,6,0.6666666666666666,140.83333333333334
18515,157,0.23967009635799444,116.35031847133757
18516,1,0.0,19.0
18517,301,0.17018826135105206,142.3953488372093
18518,8,0.0,21.625
18519,4,0.3333333333333333,23.0
18520,4,0.0,10.25
18521,0,0.0,0.0
18522,20,0.24210526315789474,96.85
18523,188,0.2672090112640801,147.42021276595744
18524,12,0.18181818181818182,22.5
18525,283,0.4783600230559106,449.5724381625442
18526,16,0.2,34.25
18527,2,0.0,9.0
18528,5,0.3,49.2
18529,4,0.5,42.5
18530,218,0.34350822305838585,405.6834862385321
18531,41,0.3280487804878049,84.82926829268293
18532,46,0.3217391304347826,74.23913043478261
18533,0,0.0,0.0
18534,41,0.4768292682926829,434.6341463414634
18535,200,0.575678391959799,525.91
18536,67,0.47535052012663953,237.46268656716418
18537,1,0.0,98.0
18538,11,0.2,35.36363636363637
18539,14,0.2967032967032967,36.285714285714285
18540,9,0.1111111111111111,33.333333333333336
18541,2,1.0,2.5
18542,2,0.0,19.0
18543,2,1.0,82.0
18544,20,0.11578947368421053,45.3
18545,0,0.0,0.0
18546,232,0.1758098223615465,115.92241379310344
18547,0,0.0,0.0
18548,149,0.22029747868674043,130.25503355704697
18549,3,0.0,5.333333333333333
18550,13,0.1282051282051282,28.076923076923077
18551,48,0.46099290780141844,118.83333333333333
18552,662,0.25258351577532895,420.0755287009063
18553,12,0.48484848484848486,82.0
18554,4,0.16666666666666666,172.5
18555,0,0.0,0.0
18556,314,0.5449014061577908,520.124203821656
18557,7,0.14285714285714285,53.285714285714285
18558,223,0.3850442370621743,502.78026905829597
18559,129,0.38674903100775193,320.71317829457365
18560,83,0.1448721716132824,104.6987951807229
18561,0,0.0,0.0
18562,181,0.4253529772866789,450.5359116022099
18563,5,0.2,43.2
18564,32,0.32661290322580644,147.53125
18565,6,0.4,32.833333333333336
18566,7,0.09523809523809523,8.142857142857142
18567,6,0.13333333333333333,18.0
18568,66,0.34405594405594403,118.83333333333333
18569,12,0.09090909090909091,18.583333333333332
18570,1,0.0,110.0
18571,162,0.6278659611992945,279.5925925925926
18572,187,0.6177908113391984,263.4866310160428
18573,1,0.0,13.0
18574,0,0.0,0.0
18575,44,0.4682875264270613,382.15909090909093
18576,507,0.41503535483468595,649.6686390532544
18577,0,0.0,0.0
18578,60,0.2790960451977401,126.7
18579,20,0.3263157894736842,34.75
18580,49,0.3333333333333333,158.9795918367347
18581,32,0.31048387096774194,79.90625
18582,5,0.1,13.4
18583,81,0.3055555555555556,253.39506172839506
18584,42,0.22067363530778164,61.785714285714285
18585,4,0.16666666666666666,37.5
18586,47,0.3737280296022202,405.78723404255317
18587,235,0.2983815239134388,373.87659574468086
18588,30,0.3103448275862069,26.4
18589,110,0.4732276897414512,506.03636363636366
18590,6,0.2,18.333333333333332
18591,1,0.0,5.0
18592,20,0.18421052631578946,48.65
18593,11,0.2909090909090909,44.90909090909091
18594,37,0.527027027027027,101.8108108108108
18595,194,0.27845734736392286,367.00515463917526
18596,0,0.0,0.0
18597,18,0.2679738562091503,13.333333333333334
18598,1,0.0,10.0
18599,6,0.4,64.66666666666667
18600,21,0.3952380952380952,40.285714285714285
18601,29,0.29064039408866993,105.06896551724138
18602,146,0.450543221539915,420.6232876712329
18603,11,0.23636363636363636,43.0
18604,171,0.32019263845889234,141.93567251461988
18605,42,0.22415795586527293,38.54761904761905
18606,159,0.5978823342090598,415.54088050314465
18607,2,1.0,11.0
18608,0,0.0,0.0
18609,3,0.6666666666666666,203.33333333333334
18610,1,0.0,24.0
18611,55,0.35555555555555557,104.05454545454545
18612,0,0.0,0.0
18613,26,0.19692307692307692,43.80769230769231
18614,196,0.14986917844060701,131.57142857142858
18615,40,0.3346153846153846,80.7
18616,493,0.31249690793053975,506.4969574036511
18617,200,0.5396984924623116,335.425
18618,108,0.20612668743509865,128.37037037037038
18619,492,0.35974367890318415,458.2662601626016
18620,15,0.819047619047619,822.6
18621,80,0.43924050632911393,511.2625
18622,337,0.3736929489896849,533.6290801186943
18623,21,0.24285714285714285,73.38095238095238
18624,617,0.25844050600938767,447.97244732576985
18625,425,0.36752497225305214,425.0070588235294
18626,197,0.25624158292758725,171.34010152284264
18627,176,0.4267532467532468,491.9318181818182
18628,17,0.38235294117647056,249.94117647058823
18629,9,0.1388888888888889,50.22222222222222
18630,13,0.2692307692307692,58.69230769230769
18631,10,0.24444444444444444,46.1
18632,0,0.0,0.0
18633,19,0.2807017543859649,23.31578947368421
18634,23,0.2608695652173913,32.08695652173913
18635,597,0.36609220599642506,568.2579564489113
18636,1,0.0,3.0
18637,12,0.21212121212121213,36.166666666666664
18638,42,0.17305458768873402,58.54761904761905
18639,12,0.45454545454545453,38.833333333333336
18640,102,0.24480683362453892,246.7058823529412
18641,7,0.09523809523809523,46.0
18642,20,0.41578947368421054,136.05
18643,2,0.0,9.0
18644,49,0.4107142857142857,333.46938775510205
18645,273,0.4358166343460461,453.1831501831502
18646,4,0.0,18.5
18647,4,0.0,10.0
18648,39,0.13630229419703105,66.43589743589743
18649,170,0.3840584754611904,386.65294117647056
18650,3,0.6666666666666666,14.666666666666666
18651,6,0.7333333333333333,83.5
18652,1,0.0,11.0
18653,12,0.3181818181818182,51.0
18654,94,0.151681537405628,118.48936170212765
18655,0,0.0,0.0
18656,112,0.44272844272844275,467.70535714285717
18657,5,0.2,35.2
18658,0,0.0,0.0
18659,69,0.38022165387894286,140.34782608695653
18660,13,0.3333333333333333,131.30769230769232
18661,27,0.21652421652421652,70.48148148148148
18662,2,1.0,45.0
18663,265,0.3986277873070326,478.3056603773585
18664,30,0.296551724137931,70.33333333333333
18665,8,0.21428571428571427,16.125
18666,10,0.4666666666666667,78.8
18667,30,0.2689655172413793,187.06666666666666
18668,23,0.5810276679841897,94.43478260869566
18669,39,0.21187584345479082,44.94871794871795
18670,13,0.21794871794871795,45.07692307692308
18671,20,0.41578947368421054,88.45
18672,6,0.6666666666666666,98.16666666666667
18673,5,0.2,40.0
18674,26,0.39076923076923076,168.76923076923077
18675,256,0.4645220588235294,559.64453125
18676,0,0.0,0.0
18677,68,0.5561896400351185,183.80882352941177
18678,17,0.4485294117647059,117.17647058823529
18679,8,0.32142857142857145,37.5
18680,5,0.0,40.2
18681,46,0.16328502415458937,88.1086956521739
18682,4,0.0,4.75
18683,11,0.2545454545454545,52.90909090909091
18684,27,0.16809116809116809,53.18518518518518
18685,21,0.2523809523809524,67.71428571428571
18686,3,0.0,23.333333333333332
18687,36,0.4238095238095238,156.77777777777777
18688,21,0.28095238095238095,38.57142857142857
18689,1,0.0,21.0
18690,1,0.0,8.0
18691,17,0.1323529411764706,16.470588235294116
18692,13,0.3717948717948718,15.384615384615385
18693,257,0.514226653696498,302.87548638132296
18694,51,0.2807843137254902,124.41176470588235
18695,0,0.0,0.0
18696,43,0.33111849390919157,98.81395348837209
18697,14,0.32967032967032966,35.92857142857143
18698,16,0.225,68.125
18699,19,0.3157894736842105,21.736842105263158
18700,9,0.16666666666666666,135.22222222222223
18701,15,0.3047619047619048,125.4
18702,5,0.1,56.2
18703,14,0.6153846153846154,43.285714285714285
18704,2,1.0,5.0
18705,0,0.0,0.0
18706,24,0.7101449275362319,28.083333333333332
18707,522,0.30546914642486817,464.44827586206895
18708,9,0.6388888888888888,110.66666666666667
18709,3,0.3333333333333333,55.666666666666664
18710,72,0.32668231611893583,214.52777777777777
18711,1,0.0,3.0
18712,30,0.1471264367816092,29.266666666666666
18713,27,0.25071225071225073,65.03703703703704
18714,66,0.7053613053613054,436.3787878787879
18715,250,0.48809638554216866,480.376
18716,141,0.29300911854103345,155.26241134751774
18717,34,0.5329768270944741,186.08823529411765
18718,54,0.1376659678546471,52.333333333333336
18719,28,0.3862433862433862,267.89285714285717
18720,71,0.578672032193159,281.4225352112676
18721,26,0.48615384615384616,134.0
18722,1,0.0,8.0
18723,0,0.0,0.0
18724,1,0.0,3.0
18725,5,0.0,13.2
18726,75,0.5592792792792792,286.93333333333334
18727,4,0.5,23.75
18728,1,0.0,86.0
18729,0,0.0,0.0
18730,3,0.0,5.666666666666667
18731,18,0.16339869281045752,30.0
18732,3,0.3333333333333333,10.0
18733,47,0.3209990749306198,259.2340425531915
18734,135,0.5777777777777777,526.8074074074074
18735,0,0.0,0.0
18736,4,0.5,19.5
18737,8,0.10714285714285714,7.875
18738,27,0.1111111111111111,85.74074074074075
18739,11,0.14545454545454545,43.72727272727273
18740,83,0.5110196885101381,336.28915662650604
18741,41,0.48048780487804876,456.3414634146341
18742,0,0.0,0.0
18743,73,0.13013698630136986,104.34246575342466
18744,8,0.4642857142857143,23.0
18745,3,0.6666666666666666,164.33333333333334
18746,11,0.16363636363636364,18.90909090909091
18747,0,0.0,0.0
18748,1,0.0,12.0
18749,144,0.1896853146853147,129.95833333333334
18750,0,0.0,0.0
18751,23,0.2845849802371542,85.47826086956522
18752,4,0.0,60.25
18753,10,0.26666666666666666,70.5
18754,84,0.13396442914515203,106.82142857142857
18755,22,0.27705627705627706,50.13636363636363
18756,0,0.0,0.0
18757,134,0.32454270003366625,303.9925373134328
18758,15,0.34285714285714286,38.266666666666666
18759,4,0.3333333333333333,30.5
18760,2,0.0,75.0
18761,107,0.14142126609063657,86.95327102803738
18762,0,0.0,0.0
18763,17,0.27205882352941174,91.70588235294117
18764,0,0.0,0.0
18765,11,0.38181818181818183,28.09090909090909
18766,0,0.0,0.0
18767,0,0.0,0.0
18768,97,0.16924398625429554,77.65979381443299
18769,256,0.5105085784313725,527.359375
18770,2,0.0,107.5
18771,0,0.0,0.0
18772,85,0.419327731092437,300.16470588235296
18773,0,0.0,0.0
18774,1,0.0,17.0
18775,8,0.5,98.875
18776,5,0.2,41.0
18777,2,0.0,4.5
18778,1,0.0,1.0
18779,13,0.2564102564102564,53.07692307692308
18780,65,0.3841346153846154,423.2769230769231
18781,39,0.46153846153846156,266.4102564102564
18782,1,0.0,2.0
18783,150,0.2816107382550336,142.54666666666665
18784,3,1.0,9.333333333333334
18785,526,0.33429657794676804,511.5
18786,107,0.48686298712749077,296.2429906542056
18787,46,0.5961352657004831,197.84782608695653
18788,57,0.2474937343358396,78.57894736842105
18789,2,0.0,4.5
18790,30,0.15632183908045977,85.76666666666667
18791,4,0.5,57.5
18792,1,0.0,3.0
18793,6,0.4,19.833333333333332
18794,54,0.20614954577218728,104.75925925925925
18795,656,0.3235756842301247,533.2240853658536
18796,56,0.3551948051948052,138.51785714285714
18797,117,0.15443560271146478,68.52991452991454
18798,17,0.13970588235294118,67.17647058823529
18799,4,0.16666666666666666,17.25
18800,150,0.19284116331096196,103.38666666666667
18801,35,0.06050420168067227,42.885714285714286
18802,0,0.0,0.0
18803,364,0.17739835921654104,144.28021978021977
18804,27,0.22507122507122507,44.074074074074076
18805,66,0.32214452214452216,96.0
18806,5,0.4,140.0
18807,11,0.5818181818181818,156.8181818181818
18808,56,0.2876623376623377,139.5
18809,55,0.32323232323232326,141.8
18810,17,0.22794117647058823,37.705882352941174
18811,71,0.4997987927565392,369.0281690140845
18812,6,0.4,132.83333333333334
18813,6,0.13333333333333333,60.333333333333336
18814,14,0.23076923076923078,25.357142857142858
18815,402,0.4463840399002494,530.2810945273632
18816,2,0.0,8.0
18817,27,0.2022792022792023,70.25925925925925
18818,476,0.3800265369305617,519.0588235294117
18819,2,1.0,261.0
18820,223,0.4796186320849998,496.05829596412553
18821,19,0.5555555555555556,185.47368421052633
18822,1,0.0,3.0
18823,3,0.3333333333333333,4.0
18824,78,0.20213120213120214,103.71794871794872
18825,0,0.0,0.0
18826,16,0.325,67.0625
18827,6,0.6,65.33333333333333
18828,19,0.24561403508771928,111.0
18829,14,0.24175824175824176,88.57142857142857
18830,48,0.2801418439716312,211.0
18831,32,0.17943548387096775,38.71875
18832,74,0.40910773787486115,312.2567567567568
18833,108,0.20681896850121148,145.40740740740742
18834,43,0.23477297895902546,60.372093023255815
18835,82,0.3035230352303523,247.17073170731706
18836,15,0.13333333333333333,54.13333333333333
18837,28,0.36243386243386244,197.85714285714286
18838,26,0.07384615384615385,36.07692307692308
18839,244,0.3561020036429873,487.77868852459017
18840,27,0.4586894586894587,390.25925925925924
18841,3,0.3333333333333333,67.0
18842,30,0.15172413793103448,75.8
18843,26,0.38461538461538464,62.46153846153846
18844,25,0.24333333333333335,33.56
18845,582,0.33170088306096257,535.0893470790378
18846,7,0.2857142857142857,10.285714285714286
18847,944,0.25000674011898555,511.0762711864407
18848,25,0.14333333333333334,71.0
18849,1,0.0,35.0
18850,51,0.18901960784313726,48.450980392156865
18851,81,0.30092592592592593,137.33333333333334
18852,8,0.17857142857142858,45.75
18853,5,0.3,40.2
18854,20,0.22105263157894736,37.85
18855,38,0.22475106685633,83.6842105263158
18856,13,0.44871794871794873,77.53846153846153
18857,0,0.0,0.0
18858,0,0.0,0.0
18859,0,0.0,0.0
18860,54,0.3417190775681342,92.55555555555556
18861,12,0.30303030303030304,22.5
18862,0,0.0,0.0
18863,1,0.0,11.0
18864,23,0.5731225296442688,128.65217391304347
18865,3,0.3333333333333333,17.0
18866,1,0.0,85.0
18867,63,0.22068612391193038,53.92063492063492
18868,16,0.16666666666666666,33.125
18869,366,0.45105172542855004,550.4972677595629
18870,9,0.2777777777777778,144.33333333333334
18871,44,0.5697674418604651,452.09090909090907
18872,23,0.549407114624506,234.0
18873,43,0.3067552602436323,119.18604651162791
18874,62,0.19196192490745637,127.96774193548387
18875,22,0.2510822510822511,91.4090909090909
18876,22,0.30303030303030304,107.31818181818181
18877,75,0.28468468468468466,103.48
18878,153,0.23641210870313037,140.56209150326796
18879,5,0.1,120.2
18880,38,0.28591749644381226,62.94736842105263
18881,11,0.12727272727272726,20.09090909090909
18882,3,0.0,16.0
18883,6,0.4,111.33333333333333
18884,6,0.4,35.333333333333336
18885,890,0.2698474488441754,517.8932584269663
18886,9,0.5555555555555556,14.0
18887,7,0.09523809523809523,24.857142857142858
18888,40,0.37051282051282053,78.075
18889,47,0.22201665124884365,31.595744680851062
18890,0,0.0,0.0
18891,1,0.0,103.0
18892,5,0.7,27.4
18893,8,0.39285714285714285,19.875
18894,5,0.1,39.0
18895,83,0.3026741110784602,153.96385542168676
18896,8,0.39285714285714285,59.125
18897,4,0.16666666666666666,98.0
18898,2,0.0,6.5
18899,8,0.10714285714285714,27.75
18900,39,0.29284750337381915,46.56410256410256
18901,285,0.35067951569063505,476.76140350877193
18902,264,0.4555824403733149,331.2651515151515
18903,74,0.3957793409848204,408.77027027027026
18904,80,0.17563291139240506,102.1375
18905,4,0.0,2.5
18906,0,0.0,0.0
18907,17,0.40441176470588236,128.11764705882354
18908,0,0.0,0.0
18909,0,0.0,0.0
18910,0,0.0,0.0
18911,48,0.2854609929078014,155.14583333333334
18912,90,0.4222222222222222,362.56666666666666
18913,6,0.8,46.5
18914,207,0.20533746071947845,133.58937198067633
18915,0,0.0,0.0
18916,10,0.37777777777777777,21.7
18917,9,0.5833333333333334,97.0
18918,4,0.0,13.0
18919,212,0.3730662612894572,407.62264150943395
18920,78,0.35064935064935066,116.12820512820512
18921,17,0.3382352941176471,82.88235294117646
18922,45,0.24646464646464647,78.0
18923,15,0.2,78.13333333333334
18924,14,0.12087912087912088,49.642857142857146
18925,8,0.17857142857142858,8.75
18926,117,0.3358384910109048,369.4786324786325
18927,7,0.6666666666666666,26.714285714285715
18928,2,1.0,8.5
18929,14,0.1978021978021978,48.07142857142857
18930,16,0.35833333333333334,30.5625
18931,0,0.0,0.0
18932,3,0.3333333333333333,19.333333333333332
18933,30,0.37471264367816093,132.2
18934,0,0.0,0.0
18935,9,0.2777777777777778,31.11111111111111
18936,43,0.23034330011074197,35.58139534883721
18937,225,0.6353571428571428,278.64444444444445
18938,23,0.11857707509881422,19.26086956521739
18939,82,0.37037037037037035,146.09756097560975
18940,2,0.0,2.5
18941,0,0.0,0.0
18942,39,0.28475033738191635,165.30769230769232
18943,13,0.5897435897435898,284.9230769230769
18944,145,0.3636015325670498,162.29655172413794
18945,116,0.6334332833583208,221.83620689655172
18946,119,0.4072069505768409,482.01680672268907
18947,5,0.8,273.8
18948,354,0.3342776203966006,443.183615819209
18949,4,0.5,137.75
18950,1,0.0,2.0
18951,205,0.33725490196078434,367.0487804878049
18952,3,0.6666666666666666,53.666666666666664
18953,0,0.0,0.0
18954,22,0.4805194805194805,274.72727272727275
18955,205,0.4387374461979914,460.9560975609756
18956,10,0.06666666666666667,10.1
18957,5,0.2,27.6
18958,3,1.0,6.0
18959,8,0.39285714285714285,56.25
18960,16,0.5416666666666666,51.0625
18961,139,0.4996350745490564,474.37410071942446
18962,7,0.23809523809523808,179.85714285714286
18963,0,0.0,0.0
18964,181,0.24039287906691223,137.08839779005524
18965,5,0.3,186.4
18966,81,0.3814814814814815,111.98765432098766
18967,50,0.23346938775510204,98.56
18968,25,0.23,130.08
18969,56,0.15064935064935064,32.80357142857143
18970,24,0.3442028985507246,83.45833333333333
18971,4,0.6666666666666666,107.0
18972,5,0.0,8.4
18973,43,0.3067552602436323,70.62790697674419
18974,1,0.0,3.0
18975,0,0.0,0.0
18976,1,0.0,6.0
18977,88,0.3712121212121212,119.38636363636364
18978,0,0.0,0.0
18979,40,0.29615384615384616,99.025
18980,13,0.2692307692307692,50.23076923076923
18981,8,0.2857142857142857,80.0
18982,1,0.0,8.0
18983,81,0.3506172839506173,128.28395061728395
18984,17,0.2867647058823529,55.76470588235294
18985,44,0.33298097251585623,102.06818181818181
18986,1,0.0,82.0
18987,498,0.35728426785613276,546.9457831325301
18988,0,0.0,0.0
18989,46,0.16521739130434782,128.0
18990,95,0.23471444568868982,139.06315789473683
18991,49,0.2627551020408163,142.08163265306123
18992,19,0.17543859649122806,46.63157894736842
18993,202,0.19279838431604354,112.64851485148515
18994,195,0.21744647105471848,134.4
18995,631,0.2666163559982894,514.2599049128368
18996,27,0.5555555555555556,140.62962962962962
18997,0,0.0,0.0
18998,0,0.0,0.0
18999,10,0.2222222222222222,82.9
19000,288,0.5295683313975997,269.61805555555554
19001,55,0.3037037037037037,95.2909090909091
19002,120,0.8086834733893558,439.60833333333335
19003,43,0.4152823920265781,299.4651162790698
19004,4,0.0,29.25
19005,0,0.0,0.0
19006,5,0.3,47.6
19007,10,0.35555555555555557,49.9
19008,2,0.0,74.0
19009,17,0.21323529411764705,35.8235294117647
19010,533,0.4506340899152196,637.0994371482176
19011,77,0.39268626110731375,316.1818181818182
19012,7,0.9047619047619048,76.71428571428571
19013,16,0.5666666666666667,255.0
19014,3,0.0,1.6666666666666667
19015,3,0.6666666666666666,35.0
19016,24,0.5253623188405797,48.625
19017,14,0.43956043956043955,84.92857142857143
19018,17,0.4117647058823529,57.529411764705884
19019,234,0.32155827005612414,357.008547008547
19020,1,0.0,2.0
19021,3,0.6666666666666666,176.33333333333334
19022,166,0.25753924790069366,128.28313253012047
19023,16,0.25833333333333336,113.25
19024,287,0.4179479057527838,529.7247386759582
19025,27,0.4415954415954416,383.25925925925924
19026,10,0.3111111111111111,62.4
19027,5,0.1,10.4
19028,33,0.2178030303030303,117.78787878787878
19029,283,0.4508432949903516,460.76325088339223
19030,2,1.0,73.5
19031,0,0.0,0.0
19032,111,0.5243243243243243,427.01801801801804
19033,0,0.0,0.0
19034,42,0.2764227642276423,83.71428571428571
19035,4,0.0,7.75
19036,128,0.27669783464566927,125.859375
19037,11,0.5818181818181818,30.0
19038,5,0.2,12.6
19039,12,0.09090909090909091,14.75
19040,58,0.25529340592861466,58.775862068965516
19041,106,0.4862533692722372,405.77358490566036
19042,10,0.4,68.3
19043,5,0.6,147.6
19044,20,0.6,26.2
19045,300,0.5023857302118172,589.8233333333334
19046,0,0.0,0.0
19047,34,0.49732620320855614,30.147058823529413
19048,3,0.0,28.666666666666668
19049,3,0.0,10.0
19050,511,0.38399907908368824,538.4031311154599
19051,3,0.0,91.66666666666667
19052,37,0.2972972972972973,71.24324324324324
19053,22,0.5281385281385281,46.5
19054,37,0.3738738738738739,120.97297297297297
19055,27,0.2962962962962963,90.44444444444444
19056,8,0.03571428571428571,198.375
19057,372,0.2935976581746515,457.2231182795699
19058,0,0.0,0.0
19059,112,0.42342342342342343,447.35714285714283
19060,8,0.2857142857142857,27.75
19061,100,0.14565656565656565,100.13
19062,3,0.0,30.333333333333332
19063,0,0.0,0.0
19064,1,0.0,35.0
19065,1,0.0,5.0
19066,95,0.3816349384098544,390.8315789473684
19067,0,0.0,0.0
19068,30,0.15632183908045977,49.43333333333333
19069,1,0.0,3.0
19070,179,0.7028435126482958,285.4972067039106
19071,0,0.0,0.0
19072,33,0.29734848484848486,43.21212121212121
19073,17,0.25,74.41176470588235
19074,34,0.14795008912655971,53.1764705882353
19075,5,0.1,39.2
19076,3,0.6666666666666666,55.666666666666664
19077,17,0.08088235294117647,28.823529411764707
19078,49,0.2755102040816326,58.06122448979592
19079,151,0.47328918322295804,352.92715231788077
19080,11,0.2727272727272727,65.63636363636364
19081,57,0.5137844611528822,256.5438596491228
19082,60,0.24519774011299436,183.23333333333332
19083,0,0.0,0.0
19084,0,0.0,0.0
19085,0,0.0,0.0
19086,32,0.5564516129032258,31.46875
19087,10,0.2,25.0
19088,33,0.36174242424242425,105.45454545454545
19089,399,0.437979370536895,584.3634085213033
19090,49,0.2304421768707483,63.224489795918366
19091,132,0.472588480222068,280.8484848484849
19092,26,0.28923076923076924,162.23076923076923
19093,8,0.14285714285714285,18.0
19094,139,0.5483265561463873,369.42446043165467
19095,2,0.0,5.5
19096,17,0.22794117647058823,63.05882352941177
19097,19,0.23976608187134502,78.78947368421052
19098,22,0.16883116883116883,51.5
19099,22,0.42424242424242425,46.36363636363637
19100,0,0.0,0.0
19101,862,0.3094362299274302,538.9269141531322
19102,6,0.13333333333333333,11.166666666666666
19103,3,0.3333333333333333,25.0
19104,223,0.5387225790813235,303.6143497757848
19105,12,0.25757575757575757,74.5
19106,37,0.5975975975975976,479.35135135135135
19107,1,0.0,4.0
19108,0,0.0,0.0
19109,1,0.0,2.0
19110,47,0.17853839037927843,108.97872340425532
19111,17,0.2867647058823529,52.8235294117647
19112,48,0.21453900709219859,77.02083333333333
19113,715,0.3027913263207381,553.3622377622378
19114,186,0.4850334205172915,468.8763440860215
19115,83,0.4363796650014693,388.5903614457831
19116,356,0.43022630163000475,544.1966292134831
19117,1,0.0,1.0
19118,10,0.4666666666666667,92.7
19119,7,0.6190476190476191,26.571428571428573
19120,5,0.1,12.2
19121,0,0.0,0.0
19122,125,0.4250322580645161,350.584
19123,0,0.0,0.0
19124,2,0.0,48.5
19125,3,0.3333333333333333,48.0
19126,679,0.3156733179541317,483.52135493372606
19127,55,0.22828282828282828,129.38181818181818
19128,17,0.41911764705882354,56.294117647058826
19129,8,0.5714285714285714,86.25
19130,10,0.37777777777777777,98.0
19131,37,0.35735735735735735,173.35135135135135
19132,3,0.3333333333333333,60.333333333333336
19133,21,0.38571428571428573,75.0952380952381
19134,1,0.0,18.0
19135,0,0.0,0.0
19136,0,0.0,0.0
19137,0,0.0,0.0
19138,9,0.3611111111111111,111.33333333333333
19139,85,0.18739495798319328,108.43529411764706
19140,73,0.23515981735159816,163.7123287671233
19141,1,0.0,32.0
19142,75,0.22126126126126125,91.21333333333334
19143,170,0.5317090149669336,302.4117647058824
19144,1,0.0,1.0
19145,6,0.5333333333333333,58.166666666666664
19146,2,0.0,45.0
19147,0,0.0,0.0
19148,21,0.6761904761904762,436.14285714285717
19149,31,0.12473118279569892,34.83870967741935
19150,0,0.0,0.0
19151,0,0.0,0.0
19152,1,0.0,50.0
19153,573,0.30113865192399225,520.60907504363
19154,36,0.2111111111111111,32.80555555555556
19155,0,0.0,0.0
19156,0,0.0,0.0
19157,1,0.0,3.0
19158,16,0.5333333333333333,205.3125
19159,11,0.2909090909090909,57.81818181818182
19160,102,0.34750533876917106,134.13725490196077
19161,4,0.0,17.25
19162,219,0.5493695278790164,717.4109589041096
19163,0,0.0,0.0
19164,212,0.6857730483770008,279.52358490566036
19165,0,0.0,0.0
19166,0,0.0,0.0
19167,280,0.5721454173067076,294.9214285714286
19168,38,0.4167852062588905,31.394736842105264
19169,21,0.2761904761904762,235.14285714285714
19170,35,0.22857142857142856,74.88571428571429
19171,0,0.0,0.0
19172,196,0.44594453165881737,516.7091836734694
19173,86,0.41969904240766076,341.33720930232556
19174,72,0.18779342723004694,171.77777777777777
19175,19,0.26900584795321636,117.0
19176,339,0.41341571974655705,498.18289085545723
19177,1,0.0,9.0
19178,35,0.20840336134453782,97.71428571428571
19179,60,0.22937853107344633,83.08333333333333
19180,14,0.6373626373626373,84.57142857142857
19181,33,0.6818181818181818,562.7575757575758
19182,118,0.18933796899898594,92.46610169491525
19183,32,0.2217741935483871,97.5
19184,2,0.0,6.5
19185,22,0.3333333333333333,139.54545454545453
19186,13,0.47435897435897434,79.38461538461539
19187,2,1.0,2.0
19188,19,0.5906432748538012,455.2631578947368
19189,185,0.38172737955346653,482.5135135135135
19190,4,0.16666666666666666,48.75
19191,0,0.0,0.0
19192,10,0.15555555555555556,45.8
19193,31,0.2860215053763441,120.58064516129032
19194,201,0.24477611940298508,150.1144278606965
19195,124,0.11382113821138211,74.61290322580645
19196,11,0.43636363636363634,139.72727272727272
19197,0,0.0,0.0
19198,57,0.35902255639097747,126.71929824561404
19199,17,0.4264705882352941,110.41176470588235
19200,52,0.1794871794871795,103.9423076923077
19201,9,0.1388888888888889,23.11111111111111
19202,9,0.3333333333333333,82.44444444444444
19203,1,0.0,9.0
19204,10,0.3333333333333333,35.9
19205,17,0.7867647058823529,304.70588235294116
19206,72,0.29694835680751175,105.73611111111111
19207,69,0.4752770673486786,343.95652173913044
19208,600,0.3506455203116305,512.0883333333334
19209,6,0.4,38.0
19210,1,0.0,20.0
19211,0,0.0,0.0
19212,35,0.3092436974789916,54.0
19213,24,0.18115942028985507,80.75
19214,234,0.4678478412383992,427.78632478632477
19215,9,0.3055555555555556,48.333333333333336
19216,30,0.11724137931034483,57.43333333333333
19217,48,0.40070921985815605,233.14583333333334
19218,343,0.3733994851073261,434.38775510204084
19219,9,0.4166666666666667,40.0
19220,7,0.3333333333333333,39.285714285714285
19221,24,0.15217391304347827,44.333333333333336
19222,2,1.0,6.5
19223,109,0.15409446143391098,91.06422018348624
19224,3,0.0,16.666666666666668
19225,6,0.4666666666666667,20.833333333333332
19226,94,0.19423472889498972,220.3404255319149
19227,0,0.0,0.0
19228,26,0.23076923076923078,57.30769230769231
19229,11,0.16363636363636364,32.27272727272727
19230,22,0.3939393939393939,126.9090909090909
19231,3,0.3333333333333333,17.0
19232,136,0.2608932461873638,139.625
19233,23,0.30039525691699603,116.78260869565217
19234,1,0.0,1.0
19235,83,0.6053482221569204,363.7831325301205
19236,64,0.23462301587301587,110.484375
19237,3,0.0,6.666666666666667
19238,20,0.3526315789473684,88.4
19239,3,0.0,4.333333333333333
19240,95,0.8416573348264278,273.41052631578947
19241,428,0.37872354396025304,455.25467289719626
19242,18,0.5032679738562091,69.44444444444444
19243,73,0.2929984779299848,231.12328767123287
19244,12,0.21212121212121213,37.75
19245,3,0.3333333333333333,11.666666666666666
19246,15,0.19047619047619047,67.13333333333334
19247,2,0.0,12.5
19248,27,0.7207977207977208,561.8888888888889
19249,7,0.42857142857142855,58.142857142857146
19250,5,0.1,8.8
19251,22,0.3333333333333333,165.6818181818182
19252,32,0.46774193548387094,319.625
19253,8,0.07142857142857142,12.875
19254,31,0.24946236559139784,93.0
19255,0,0.0,0.0
19256,13,0.358974358974359,252.23076923076923
19257,121,0.28429752066115704,148.07438016528926
19258,20,0.18421052631578946,32.8
19259,906,0.2918468649762785,539.5717439293599
19260,38,0.352773826458037,89.94736842105263
19261,6,0.06666666666666667,66.16666666666667
19262,138,0.5747381783560774,335.7826086956522
19263,70,0.16231884057971013,54.72857142857143
19264,323,0.3455954464165529,432.55727554179566
19265,11,0.2727272727272727,98.72727272727273
19266,123,0.32973477275756363,154.8861788617886
19267,0,0.0,0.0
19268,12,0.6666666666666666,93.16666666666667
19269,33,0.6496212121212122,253.0909090909091
19270,10,0.2,67.0
19271,0,0.0,0.0
19272,0,0.0,0.0
19273,15,0.6,112.13333333333334
19274,40,0.3333333333333333,149.125
19275,28,0.31216931216931215,44.607142857142854
19276,3,0.3333333333333333,15.333333333333334
19277,133,0.08806106174527227,79.92481203007519
19278,0,0.0,0.0
19279,29,0.1748768472906404,140.0
19280,21,0.5190476190476191,82.95238095238095
19281,131,0.15560775102759836,152.8320610687023
19282,0,0.0,0.0
19283,8,0.07142857142857142,63.375
19284,70,0.1619047619047619,102.21428571428571
19285,1,0.0,8.0
19286,19,0.4853801169590643,103.0
19287,476,0.4386996904024768,593.0294117647059
19288,102,0.26907396622015145,116.37254901960785
19289,5,0.0,11.2
19290,64,0.18055555555555555,176.015625
19291,38,0.30440967283072545,84.65789473684211
19292,0,0.0,0.0
19293,11,0.38181818181818183,75.18181818181819
19294,3,0.6666666666666666,14.0
19295,89,0.6353421859039836,480.9887640449438
19296,7,0.47619047619047616,77.85714285714286
19297,359,0.3809931373616968,455.0612813370474
19298,1,0.0,92.0
19299,1,0.0,87.0
19300,15,0.42857142857142855,75.2
19301,16,0.225,19.375
19302,23,0.3952569169960474,23.043478260869566
19303,22,0.38961038961038963,41.04545454545455
19304,0,0.0,0.0
19305,12,0.3333333333333333,109.41666666666667
19306,22,0.3593073593073593,95.5
19307,11,0.4909090909090909,135.1818181818182
19308,22,0.23809523809523808,146.1818181818182
19309,4,0.5,289.5
19310,30,0.5816091954022988,229.4
19311,106,0.33009883198562445,216.69811320754718
19312,2,1.0,5.5
19313,16,0.10833333333333334,28.4375
19314,0,0.0,0.0
19315,1203,0.21202954897835832,473.8620116375727
19316,33,0.26136363636363635,59.18181818181818
19317,400,0.47794486215538845,554.43
19318,0,0.0,0.0
19319,10,0.24444444444444444,15.0
19320,31,0.32903225806451614,51.483870967741936
19321,1,0.0,3.0
19322,74,0.3561643835616438,175.85135135135135
19323,80,0.3477848101265823,146.775
19324,199,0.3857672199380742,356.21608040201005
19325,6,0.6666666666666666,10.333333333333334
19326,20,0.45789473684210524,279.45
19327,30,0.2160919540229885,56.0
19328,6,0.5333333333333333,64.0
19329,5,0.2,118.4
19330,412,0.3335813667824156,353.3883495145631
19331,3,0.6666666666666666,78.66666666666667
19332,2,1.0,14.5
19333,21,0.24285714285714285,148.85714285714286
19334,2,0.0,11.5
19335,44,0.5517970401691332,542.2727272727273
19336,30,0.40229885057471265,32.86666666666667
19337,10,0.4444444444444444,17.1
19338,30,0.4,29.466666666666665
19339,94,0.4367421642644704,342.468085106383
19340,23,0.2924901185770751,125.3913043478261
19341,91,0.4703296703296703,408.032967032967
19342,2,0.0,97.0
19343,44,0.3583509513742072,134.52272727272728
19344,806,0.34629101613673846,597.0074441687345
19345,2,0.0,5.5
19346,1,0.0,1.0
19347,39,0.6221322537112011,295.1794871794872
19348,0,0.0,0.0
19349,5,0.3,32.4
19350,0,0.0,0.0
19351,22,0.22510822510822512,47.5
19352,337,0.47740921294333755,506.5281899109792
19353,55,0.22424242424242424,106.96363636363637
19354,14,0.4725274725274725,122.42857142857143
19355,0,0.0,0.0
19356,119,0.1817404928072924,132.15126050420167
19357,128,0.5276820866141733,280.0703125
19358,20,0.4842105263157895,30.65
19359,18,0.39215686274509803,232.33333333333334
19360,3,0.3333333333333333,9.0
19361,9,0.6388888888888888,96.33333333333333
19362,68,0.18788410886742757,79.19117647058823
19363,21,0.24761904761904763,60.23809523809524
19364,0,0.0,0.0
19365,50,0.17551020408163265,196.6
19366,40,0.35512820512820514,111.55
19367,38,0.3357041251778094,146.44736842105263
19368,436,0.4838869556047664,624.8073394495412
19369,2,0.0,70.0
19370,12,0.3787878787878788,71.75
19371,31,0.7763440860215054,305.80645161290323
19372,137,0.2632030914555603,127.13138686131387
19373,40,0.28846153846153844,112.175
19374,24,0.3007246376811594,48.916666666666664
19375,56,0.15,96.64285714285714
19376,14,0.6153846153846154,22.714285714285715
19377,20,0.12631578947368421,30.65
19378,45,0.24848484848484848,92.5111111111111
19379,0,0.0,0.0
19380,3,0.3333333333333333,108.0
19381,2,0.0,26.5
19382,2,1.0,26.5
19383,503,0.36828431799640404,491.89264413518885
19384,3,0.0,26.666666666666668
19385,35,0.24873949579831933,98.0
19386,0,0.0,0.0
19387,350,0.27503888661481785,406.9428571428571
19388,281,0.5278851042196238,311.2775800711744
19389,26,0.4153846153846154,169.6153846153846
19390,60,0.507909604519774,276.9166666666667
19391,99,0.2352092352092352,99.78787878787878
19392,11,0.14545454545454545,38.45454545454545
19393,85,0.4436974789915966,269.25882352941176
19394,3,0.0,62.0
19395,34,0.36185383244206776,74.70588235294117
19396,34,0.24777183600713013,71.02941176470588
19397,555,0.4413633850456955,615.927927927928
19398,67,0.2777023971053822,114.4776119402985
19399,83,0.3817220099911843,326.1807228915663
19400,35,0.32605042016806723,95.4
19401,1,0.0,142.0
19402,177,0.4715588084232152,621.1751412429378
19403,61,0.3163934426229508,77.08196721311475
19404,150,0.25404921700223715,114.62
19405,5,0.1,16.8
19406,4,0.3333333333333333,48.75
19407,377,0.2665641401884982,349.0159151193634
19408,1,0.0,14.0
19409,39,0.40215924426450744,224.4102564102564
19410,7,0.5714285714285714,26.714285714285715
19411,13,0.10256410256410256,25.46153846153846
19412,19,0.09941520467836257,66.42105263157895
19413,11,0.2909090909090909,17.272727272727273
19414,3,0.6666666666666666,150.33333333333334
19415,64,0.36755952380952384,101.484375
19416,2,0.0,18.0
19417,13,0.19230769230769232,50.30769230769231
19418,11,0.2727272727272727,90.36363636363636
19419,9,0.6666666666666666,68.88888888888889
19420,5,0.1,63.0
19421,29,0.4827586206896552,108.10344827586206
19422,15,0.22857142857142856,74.6
19423,0,0.0,0.0
19424,28,0.20634920634920634,83.17857142857143
19425,16,0.24166666666666667,40.625
19426,0,0.0,0.0
19427,56,0.38571428571428573,313.17857142857144
19428,26,0.23076923076923078,91.5
19429,2,0.0,3.5
19430,1,0.0,1.0
19431,36,0.19047619047619047,134.0
19432,14,0.2857142857142857,68.64285714285714
19433,13,0.2564102564102564,29.923076923076923
19434,13,0.7692307692307693,48.07692307692308
19435,2,0.0,31.5
19436,9,0.25,57.77777777777778
19437,8,0.42857142857142855,103.5
19438,5,0.2,3.6
19439,107,0.37682948333627225,255.82242990654206
19440,0,0.0,0.0
19441,140,0.5725590955806783,551.8571428571429
19442,199,0.6436221511598396,259.91959798994975
19443,1,0.0,5.0
19444,57,0.2506265664160401,56.19298245614035
19445,19,0.30994152046783624,52.578947368421055
19446,14,0.43956043956043955,168.85714285714286
19447,685,0.36944978016818203,587.1810218978102
19448,0,0.0,0.0
19449,2,1.0,32.5
19450,0,0.0,0.0
19451,204,0.6047522457258766,441.7549019607843
19452,0,0.0,0.0
19453,460,0.3498626503741593,540.65
19454,0,0.0,0.0
19455,121,0.5460055096418733,271.4710743801653
19456,17,0.19852941176470587,31.941176470588236
19457,9,0.5,37.0
19458,51,0.46352941176470586,179.6078431372549
19459,66,0.3967365967365967,249.1969696969697
19460,7,0.23809523809523808,33.57142857142857
19461,34,0.6310160427807486,496.61764705882354
19462,0,0.0,0.0
19463,20,0.4105263157894737,87.75
19464,29,0.29802955665024633,377.13793103448273
19465,19,0.3157894736842105,122.94736842105263
19466,104,0.7429051530993278,233.22115384615384
19467,12,0.6515151515151515,113.5
19468,78,0.4355644355644356,126.48717948717949
19469,12,0.36363636363636365,47.083333333333336
19470,4,0.0,6.5
19471,3,0.3333333333333333,140.0
19472,96,0.2945175438596491,124.75
19473,528,0.3620766488413547,551.5170454545455
19474,28,0.2222222222222222,24.928571428571427
19475,0,0.0,0.0
19476,9,0.1388888888888889,32.77777777777778
19477,34,0.3689839572192513,131.91176470588235
19478,33,0.22727272727272727,44.666666666666664
19479,28,0.335978835978836,62.07142857142857
19480,0,0.0,0.0
19481,8,0.32142857142857145,89.125
19482,0,0.0,0.0
19483,0,0.0,0.0
19484,12,0.15151515151515152,38.916666666666664
19485,178,0.29930806830444995,161.32584269662922
19486,40,0.2205128205128205,87.5
19487,114,0.1047973917093619,43.62280701754386
19488,0,0.0,0.0
19489,0,0.0,0.0
19490,0,0.0,0.0
19491,169,0.6515215553677092,392.35502958579883
19492,19,0.30409356725146197,58.73684210526316
19493,7,0.3333333333333333,101.71428571428571
19494,77,0.34005468215994533,147.11688311688312
19495,58,0.27283726557773746,93.34482758620689
19496,14,0.13186813186813187,25.5
19497,1,0.0,2.0
19498,102,0.14793244030285382,107.79411764705883
19499,6,0.3333333333333333,60.0
19500,5,0.6,39.8
19501,19,0.2222222222222222,67.89473684210526
19502,170,0.5221023320570832,399.75882352941176
19503,0,0.0,0.0
19504,283,0.45858707365361,526.0459363957597
19505,31,0.26666666666666666,31.70967741935484
19506,4,0.16666666666666666,69.0
19507,27,0.3076923076923077,57.0
19508,3,0.3333333333333333,30.0
19509,74,0.24324324324324326,121.0945945945946
19510,9,0.2777777777777778,31.11111111111111
19511,12,0.25757575757575757,81.75
19512,3,0.0,6.0
19513,5,0.3,53.4
19514,4,0.6666666666666666,157.5
19515,75,0.41405405405405404,318.93333333333334
19516,0,0.0,0.0
19517,2,0.0,22.5
19518,0,0.0,0.0
19519,2,0.0,17.0
19520,44,0.3023255813953488,95.18181818181819
19521,2,1.0,69.5
19522,0,0.0,0.0
19523,123,0.18086098893775823,78.98373983739837
19524,412,0.4147001157489429,570.5266990291262
19525,1374,0.24622290355377308,530.6222707423581
19526,141,0.5013171225937183,563.8581560283687
19527,35,0.3663865546218487,80.65714285714286
19528,88,0.3550156739811912,277.46590909090907
19529,11,0.509090909090909,51.90909090909091
19530,11,0.45454545454545453,23.09090909090909
19531,0,0.0,0.0
19532,44,0.39323467230443976,233.5909090909091
19533,296,0.44752633989922125,458.9932432432432
19534,289,0.40558919646289887,520.7058823529412
19535,6,0.2,19.5
19536,118,0.6908590467912502,331.7542372881356
19537,0,0.0,0.0
19538,99,0.5695732838589982,444.1111111111111
19539,8,0.5714285714285714,110.625
19540,0,0.0,0.0
19541,5,0.0,20.0
19542,1,0.0,10.0
19543,5,0.2,14.0
19544,5,0.3,37.6
19545,11,0.5818181818181818,169.63636363636363
19546,8,0.14285714285714285,42.0
19547,38,0.2887624466571835,116.76315789473684
19548,11,0.36363636363636365,39.72727272727273
19549,25,0.32,41.08
19550,65,0.24711538461538463,103.38461538461539
19551,28,0.6428571428571429,255.25
19552,11,0.23636363636363636,31.727272727272727
19553,9,0.2222222222222222,31.88888888888889
19554,103,0.21644774414620216,123.49514563106796
19555,12,0.45454545454545453,113.5
19556,49,0.5535714285714286,443.7142857142857
19557,4,0.5,184.5
19558,39,0.39946018893387314,58.97435897435897
19559,59,0.2846288720046756,147.89830508474577
19560,19,0.14619883040935672,28.63157894736842
19561,0,0.0,0.0
19562,47,0.396854764107308,135.46808510638297
19563,9,0.3055555555555556,25.333333333333332
19564,252,0.5174223739960792,441.4920634920635
19565,22,0.07792207792207792,32.77272727272727
19566,215,0.32988480765051076,323.6418604651163
19567,26,0.3384615384615385,52.73076923076923
19568,6,0.6666666666666666,40.333333333333336
19569,41,0.7414634146341463,281.5365853658537
19570,36,0.3047619047619048,116.19444444444444
19571,20,0.3263157894736842,139.0
19572,4,0.6666666666666666,113.25
19573,14,0.3516483516483517,86.57142857142857
19574,0,0.0,0.0
19575,14,0.26373626373626374,32.07142857142857
19576,207,0.5438769288494911,629.7294685990338
19577,11,0.2,64.36363636363636
19578,57,0.8446115288220551,260.2105263157895
19579,15,0.3142857142857143,52.13333333333333
19580,66,0.1533799533799534,209.9848484848485
19581,8,0.17857142857142858,13.375
19582,2,0.0,8.5
19583,29,0.26354679802955666,52.758620689655174
19584,58,0.18027828191167575,96.74137931034483
19585,16,0.125,121.0625
19586,50,0.22285714285714286,125.76
19587,0,0.0,0.0
19588,37,0.46996996996997,152.35135135135135
19589,0,0.0,0.0
19590,2,1.0,136.0
19591,20,0.5263157894736842,367.55
19592,53,0.6734397677793904,266.9622641509434
19593,70,0.21697722567287786,101.85714285714286
19594,1,0.0,6.0
19595,41,0.3878048780487805,95.09756097560975
19596,309,0.38433572899592316,476.62783171521033
19597,50,0.08408163265306122,43.02
19598,4,0.0,36.5
19599,2,0.0,10.5
19600,35,0.3563025210084034,211.88571428571427
19601,3,0.3333333333333333,103.33333333333333
19602,21,0.4,156.0
19603,3,0.0,2.3333333333333335
19604,5,0.4,11.2
19605,2,1.0,35.0
19606,0,0.0,0.0
19607,4,0.3333333333333333,501.75
19608,52,0.1282051282051282,52.75
19609,384,0.2825690818102698,455.9635416666667
19610,67,0.6359113523292628,655.6119402985074
19611,33,0.3428030303030303,86.54545454545455
19612,330,0.42007921156857325,378.03333333333336
19613,62,0.15441565309360128,47.41935483870968
19614,12,0.36363636363636365,69.66666666666667
19615,85,0.6014005602240896,637.2941176470588
19616,90,0.25692883895131086,154.16666666666666
19617,58,0.3260738052026618,220.36206896551724
19618,23,0.31225296442687744,49.65217391304348
19619,25,0.18,24.68
19620,320,0.4774098746081505,512.01875
19621,18,0.5882352941176471,31.5
19622,119,0.5586098846318188,317.7731092436975
19623,12,0.45454545454545453,106.33333333333333
19624,33,0.15151515151515152,50.03030303030303
19625,32,0.41330645161290325,171.75
19626,97,0.3335481099656357,119.71134020618557
19627,29,0.4236453201970443,50.55172413793103
19628,0,0.0,0.0
19629,1,0.0,1.0
19630,38,0.38549075391180654,68.78947368421052
19631,52,0.497737556561086,382.11538461538464
19632,0,0.0,0.0
19633,4,0.6666666666666666,21.5
19634,0,0.0,0.0
19635,24,0.6123188405797102,108.0
19636,2,0.0,14.0
19637,4,0.6666666666666666,18.25
19638,26,0.3507692307692308,166.6153846153846
19639,10,0.4,86.1
19640,9,0.3333333333333333,37.333333333333336
19641,10,0.3333333333333333,64.5
19642,6,0.3333333333333333,88.83333333333333
19643,332,0.47608561132748517,477.8343373493976
19644,3,0.3333333333333333,6.666666666666667
19645,3,0.3333333333333333,5.666666666666667
19646,0,0.0,0.0
19647,11,0.36363636363636365,20.636363636363637
19648,1,0.0,19.0
19649,22,0.47186147186147187,112.36363636363636
19650,0,0.0,0.0
19651,1,0.0,8.0
19652,10,0.3333333333333333,30.5
19653,29,0.6108374384236454,34.48275862068966
19654,3,0.0,11.0
19655,20,0.32105263157894737,58.75
19656,9,0.3611111111111111,42.77777777777778
19657,0,0.0,0.0
19658,6,0.06666666666666667,10.333333333333334
19659,41,0.4,313.3658536585366
19660,18,0.29411764705882354,60.94444444444444
19661,242,0.5079386852302733,588.095041322314
19662,3,0.3333333333333333,14.666666666666666
19663,165,0.3968218773096822,530.5454545454545
19664,31,0.3096774193548387,87.2258064516129
19665,27,0.5584045584045584,95.51851851851852
19666,9,0.1111111111111111,68.77777777777777
19667,0,0.0,0.0
19668,8,0.32142857142857145,23.0
19669,9,0.16666666666666666,32.333333333333336
19670,0,0.0,0.0
19671,2,1.0,22.0
19672,17,0.38235294117647056,109.58823529411765
19673,10,0.1111111111111111,65.6
19674,9,0.08333333333333333,15.444444444444445
19675,0,0.0,0.0
19676,51,0.5105882352941177,456.1764705882353
19677,6,0.2,11.833333333333334
19678,0,0.0,0.0
19679,0,0.0,0.0
19680,20,0.3631578947368421,57.9
19681,0,0.0,0.0
19682,42,0.37514518002322883,63.04761904761905
19683,84,0.3640275387263339,210.63095238095238
19684,131,0.20880798590722255,99.87786259541984
19685,0,0.0,0.0
19686,249,0.333009457183573,397.10843373493975
19687,1,0.0,1.0
19688,413,0.3173323303321658,501.52542372881356
19689,33,0.8768939393939394,326.6060606060606
19690,369,0.38173088252621656,522.579945799458
19691,5,0.8,72.8
19692,7,0.2857142857142857,106.28571428571429
19693,350,0.3934015554645927,546.2714285714286
19694,5,0.5,39.2
19695,49,0.6445578231292517,672.6530612244898
19696,4,0.5,12.25
19697,59,0.36820572764465226,143.52542372881356
19698,400,0.34785714285714286,520.2025
19699,7,0.19047619047619047,43.285714285714285
19700,32,0.28225806451612906,110.53125
19701,56,0.2948051948051948,121.85714285714286
19702,50,0.32979591836734695,104.62
19703,97,0.2259450171821306,89.64948453608247
19704,108,0.2860851505711319,120.70370370370371
19705,37,0.4444444444444444,33.027027027027025
19706,73,0.504185692541857,217.23287671232876
19707,20,0.45263157894736844,74.6
19708,96,0.375219298245614,152.76041666666666
19709,65,0.23076923076923078,202.92307692307693
19710,28,0.5476190476190477,306.2857142857143
19711,1,0.0,26.0
19712,20,0.19473684210526315,55.75
19713,8,0.7142857142857143,98.0
19714,53,0.34107402031930334,136.8490566037736
19715,76,0.16421052631578947,44.61842105263158
19716,579,0.3034823194745743,542.6338514680483
19717,3,0.3333333333333333,14.666666666666666
19718,155,0.4298282362798492,275.93548387096774
19719,2,1.0,54.5
19720,35,0.15126050420168066,54.6
19721,0,0.0,0.0
19722,1,0.0,109.0
19723,208,0.4976774433296172,510.42788461538464
19724,66,0.29277389277389276,32.06060606060606
19725,63,0.7332309267793139,387.04761904761904
19726,481,0.36378205128205127,589.2432432432432
19727,138,0.12990584999471066,78.15217391304348
19728,25,0.14,38.12
19729,10,0.5111111111111111,57.2
19730,157,0.4358974358974359,539.3821656050956
19731,7,0.23809523809523808,43.857142857142854
19732,18,0.27450980392156865,74.44444444444444
19733,8,0.32142857142857145,167.125
19734,160,0.3511006289308176,160.64375
19735,58,0.6091954022988506,499.6896551724138
19736,422,0.4118832389593723,581.8862559241707
19737,3,1.0,83.33333333333333
19738,86,0.3504787961696306,160.1046511627907
19739,10,0.37777777777777777,20.1
19740,449,0.39455734966592426,561.815144766147
19741,847,0.3066252466639314,528.5962219598583
19742,88,0.13975966562173459,112.42045454545455
19743,2,1.0,96.5
19744,74,0.513143280266568,536.7162162162163
19745,6,0.4666666666666667,100.66666666666667
19746,40,0.4166666666666667,113.3
19747,21,0.44761904761904764,113.28571428571429
19748,13,0.38461538461538464,82.64285714285714
19749,36,0.2,40.333333333333336
19750,6,0.5333333333333333,60.666666666666664
19751,19,0.16374269005847952,74.52631578947368
19752,55,0.37373737373737376,121.50909090909092
19753,140,0.28725590955806785,416.65
19754,170,0.41886529759832924,528.8941176470588
19755,5,0.4,58.0
19756,12,0.22727272727272727,36.0
19757,38,0.46799431009957326,95.78947368421052
19758,4,0.16666666666666666,36.0
19759,7,0.42857142857142855,53.42857142857143
19760,29,0.4433497536945813,137.0
19761,138,0.19866708981275785,138.45652173913044
19762,12,0.45454545454545453,66.41666666666667
19763,3,0.6666666666666666,83.66666666666667
19764,63,0.19047619047619047,172.53968253968253
19765,0,0.0,0.0
19766,11,0.4727272727272727,67.63636363636364
19767,91,0.18876678876678876,153.73626373626374
19768,6,0.6666666666666666,98.66666666666667
19769,0,0.0,0.0
19770,31,0.2064516129032258,70.29032258064517
19771,79,0.14313534566699124,97.9620253164557
19772,135,0.23394140409065783,116.42222222222222
19773,4,0.16666666666666666,21.25
19774,234,0.31235097758702907,421.0213675213675
19775,6,0.0,31.166666666666668
19776,1,0.0,145.0
19777,2,0.0,33.5
19778,4,0.16666666666666666,27.5
19779,18,0.17647058823529413,86.72222222222223
19780,75,0.6158558558558559,451.84
19781,0,0.0,0.0
19782,3,0.0,12.0
19783,210,0.44871269081795395,492.04285714285714
19784,25,0.20333333333333334,62.12
19785,6,0.6,17.166666666666668
19786,1,0.0,15.0
19787,61,0.15846994535519127,170.672131147541
19788,2,1.0,32.5
19789,15,0.26666666666666666,31.2
19790,1,0.0,22.0
19791,1,0.0,20.0
19792,3,0.3333333333333333,271.0
19793,1,0.0,3.0
19794,167,0.25257917899141474,122.76047904191617
19795,26,0.25846153846153846,69.11538461538461
19796,23,0.22529644268774704,81.56521739130434
19797,49,0.30697278911564624,94.46938775510205
19798,1,0.0,39.0
19799,22,0.4199134199134199,78.31818181818181
19800,17,0.3161764705882353,60.588235294117645
19801,9,0.7777777777777778,157.55555555555554
19802,15,0.3333333333333333,115.53333333333333
19803,5,0.6,68.4
19804,4,0.3333333333333333,55.75
19805,2,0.0,44.5
19806,82,0.3938572719060524,143.7560975609756
19807,1,0.0,109.0
19808,75,0.14342342342342343,56.413333333333334
19809,20,0.25263157894736843,32.65
19810,26,0.4123076923076923,265.96153846153845
19811,1,0.0,69.0
19812,0,0.0,0.0
19813,38,0.1251778093883357,62.55263157894737
19814,8,0.5,22.75
19815,14,0.45054945054945056,99.92857142857143
19816,66,0.32867132867132864,62.78787878787879
19817,161,0.6701863354037267,446.4968944099379
19818,392,0.43936270160238006,532.780612244898
19819,0,0.0,0.0
19820,22,0.5194805194805194,172.13636363636363
19821,379,0.3552930993564239,505.49076517150394
19822,183,0.4457455113192818,452.56830601092895
19823,24,0.4492753623188406,190.54166666666666
19824,7,0.09523809523809523,35.142857142857146
19825,13,0.3717948717948718,91.76923076923077
19826,2,1.0,6.0
19827,9,0.3055555555555556,16.333333333333332
19828,45,0.15454545454545454,43.77777777777778
19829,112,0.47554697554697556,372.70535714285717
19830,20,0.3473684210526316,33.65
19831,3,0.3333333333333333,41.333333333333336
19832,20,0.5684210526315789,122.15
19833,12,0.4696969696969697,32.333333333333336
19834,2,1.0,87.0
19835,0,0.0,0.0
19836,2,0.0,1.5
19837,119,0.4601908560034183,391.1512605042017
19838,463,0.45285312239955866,580.207343412527
19839,10,0.4222222222222222,36.7
19840,821,0.2884851905766317,536.2058465286236
19841,60,0.34689265536723163,110.18333333333334
19842,36,0.25396825396825395,117.25
19843,2,0.0,21.0
19844,23,0.6719367588932806,612.5217391304348
19845,3,0.6666666666666666,20.333333333333332
19846,3,0.0,49.666666666666664
19847,3,0.6666666666666666,31.333333333333332
19848,619,0.37422818932300245,543.8723747980614
19849,32,0.5685483870967742,254.5
19850,4,0.16666666666666666,44.25
19851,30,0.27816091954022987,244.03333333333333
19852,4,0.8333333333333334,145.0
19853,23,0.691699604743083,351.69565217391306
19854,8,0.35714285714285715,72.125
19855,83,0.3229503379371143,91.8433734939759
19856,40,0.25769230769230766,29.725
19857,1,0.0,19.0
19858,11,0.3090909090909091,92.0
19859,16,0.2,34.125
19860,112,0.36631274131274133,159.26785714285714
19861,1,0.0,22.0
19862,0,0.0,0.0
19863,6,0.3333333333333333,71.0
19864,1104,0.31917070703089073,578.6748188405797
19865,0,0.0,0.0
19866,64,0.37103174603174605,314.84375
19867,151,0.18375275938189845,106.29139072847683
19868,29,0.6576354679802956,209.0
19869,26,0.31384615384615383,44.0
19870,8,0.39285714285714285,59.125
19871,0,0.0,0.0
19872,0,0.0,0.0
19873,10,0.2222222222222222,26.9
19874,0,0.0,0.0
19875,0,0.0,0.0
19876,9,0.3055555555555556,44.22222222222222
19877,85,0.2857142857142857,135.09411764705882
19878,0,0.0,0.0
19879,7,0.7619047619047619,21.142857142857142
19880,19,0.23391812865497075,77.78947368421052
19881,11,0.509090909090909,68.45454545454545
19882,321,0.3416861370716511,520.3302180685358
19883,6,0.8,10.833333333333334
19884,14,0.1978021978021978,50.857142857142854
19885,0,0.0,0.0
19886,148,0.16841331127045414,287.3310810810811
19887,8,0.4642857142857143,73.625
19888,0,0.0,0.0
19889,31,0.2709677419354839,66.61290322580645
19890,8,0.32142857142857145,158.75
19891,2,0.0,10.0
19892,35,0.3058823529411765,100.65714285714286
19893,12,0.24242424242424243,23.666666666666668
19894,11,0.4,102.27272727272727
19895,492,0.5017634494063882,604.6849593495934
19896,24,0.19927536231884058,82.33333333333333
19897,32,0.34475806451612906,87.875
19898,27,0.3646723646723647,86.33333333333333
19899,1,0.0,10.0
19900,16,0.36666666666666664,36.875
19901,20,0.2578947368421053,46.35
19902,238,0.46799985817111656,436.61764705882354
19903,193,0.21259715025906736,134.93264248704662
19904,0,0.0,0.0
19905,6,0.3333333333333333,83.83333333333333
19906,42,0.4332171893147503,91.28571428571429
19907,288,0.5453203639179249,467.6666666666667
19908,48,0.25886524822695034,88.66666666666667
19909,2,1.0,76.5
19910,0,0.0,0.0
19911,16,0.35833333333333334,82.5625
19912,127,0.4343207099112611,283.496062992126
19913,2,1.0,6.5
19914,95,0.6248600223964166,328.81052631578945
19915,114,0.6528489365005434,315.5438596491228
19916,25,0.64,596.36
19917,30,0.167816091954023,58.6
19918,4,0.5,27.25
19919,5,0.0,18.2
19920,4,0.5,49.25
19921,7,0.5238095238095238,27.142857142857142
19922,22,0.19480519480519481,57.22727272727273
19923,2,1.0,23.0
19924,0,0.0,0.0
19925,1,0.0,27.0
19926,1,0.0,1.0
19927,0,0.0,0.0
19928,9,0.2777777777777778,37.22222222222222
19929,116,0.13403298350824588,79.13793103448276
19930,19,0.3333333333333333,76.10526315789474
19931,78,0.1655011655011655,69.66666666666667
19932,4,0.3333333333333333,8.5
19933,16,0.425,36.3125
19934,11,0.5272727272727272,67.18181818181819
19935,0,0.0,0.0
19936,1,0.0,45.0
19937,17,0.29411764705882354,44.411764705882355
19938,19,0.34502923976608185,55.21052631578947
19939,13,0.47435897435897434,64.0
19940,32,0.29435483870967744,104.3125
19941,0,0.0,0.0
19942,55,0.5636363636363636,210.63636363636363
19943,7,0.19047619047619047,66.85714285714286
19944,184,0.40413399857448323,440.95108695652175
19945,10,0.7555555555555555,132.7
19946,27,0.5954415954415955,164.96296296296296
19947,4,0.5,57.5
19948,35,0.25882352941176473,60.857142857142854
19949,18,0.48366013071895425,271.3888888888889
19950,59,0.28345996493278786,128.27118644067798
19951,1,0.0,9.0
19952,157,0.49265066144047037,645.5732484076433
19953,2,1.0,3.0
19954,7,0.09523809523809523,35.42857142857143
19955,4,0.16666666666666666,44.75
19956,1,0.0,2.0
19957,26,0.4430769230769231,107.46153846153847
19958,9,0.2222222222222222,38.111111111111114
19959,3,0.3333333333333333,15.0
19960,7,0.09523809523809523,18.857142857142858
19961,33,0.2746212121212121,62.15151515151515
19962,64,0.1572420634920635,71.90625
19963,22,0.30735930735930733,112.77272727272727
19964,39,0.4399460188933873,135.89743589743588
19965,1,0.0,84.0
19966,2,0.0,15.0
19967,0,0.0,0.0
19968,54,0.3913347309573725,119.61111111111111
19969,18,0.35294117647058826,82.5
19970,19,0.3216374269005848,28.0
19971,1,0.0,30.0
19972,142,0.3268404754769753,161.01408450704224
19973,2,0.0,7.5
19974,24,0.2463768115942029,39.875
19975,1,0.0,5.0
19976,18,0.1895424836601307,39.833333333333336
19977,40,0.3769230769230769,135.125
19978,13,0.4230769230769231,140.92307692307693
19979,0,0.0,0.0
19980,34,0.5008912655971479,198.64705882352942
19981,260,0.5485298485298485,253.85
19982,2,1.0,7.0
19983,387,0.41046444685437333,537.5426356589147
19984,254,0.5215523948834458,470.6771653543307
19985,94,0.4175245939144361,412.4574468085106
19986,140,0.4423432682425488,353.4428571428571
19987,0,0.0,0.0
19988,67,0.17819990954319312,85.3731343283582
19989,1,0.0,1.0
19990,107,0.18233115852583318,103.23364485981308
19991,2,1.0,151.5
19992,61,0.3622950819672131,178.45901639344262
19993,30,0.23448275862068965,90.2
19994,68,0.3915715539947322,131.27941176470588
19995,45,0.1393939393939394,41.15555555555556
19996,16,0.24166666666666667,44.75
19997,2,0.0,21.0
19998,4,0.8333333333333334,48.75
19999,4,0.3333333333333333,10.0
20000,59,0.31268264172998245,120.44067796610169
20001,1,0.0,1.0
20002,10,0.6,251.3
20003,0,0.0,0.0
20004,132,0.4066620402498265,406.8030303030303
20005,43,0.1461794019933555,85.5813953488372
20006,170,0.5052558301427079,471.84705882352944
20007,2,0.0,80.0
20008,90,0.14282147315855181,151.1
20009,0,0.0,0.0
20010,6,0.8666666666666667,161.16666666666666
20011,211,0.5502143985556308,398.5592417061611
20012,6,0.06666666666666667,9.666666666666666
20013,95,0.34647256438969765,127.03157894736842
20014,15,0.2761904761904762,50.0
20015,18,0.1830065359477124,51.333333333333336
20016,9,0.3055555555555556,26.11111111111111
20017,67,0.1723202170963365,69.49253731343283
20018,0,0.0,0.0
20019,4,0.16666666666666666,22.75
20020,20,0.42105263157894735,133.95
20021,11,0.12727272727272726,33.36363636363637
20022,0,0.0,0.0
20023,5,0.3,46.0
20024,7,0.3333333333333333,31.428571428571427
20025,39,0.203778677462888,36.84615384615385
20026,10,0.15555555555555556,29.5
20027,0,0.0,0.0
20028,289,0.35423875432525953,527.4117647058823
20029,10,0.37777777777777777,84.1
20030,78,0.32733932733932736,162.02564102564102
20031,193,0.43356001727115717,347.5284974093264
20032,19,0.5380116959064327,101.63157894736842
20033,0,0.0,0.0
20034,9,0.2222222222222222,58.111111111111114
20035,34,0.3244206773618538,160.7941176470588
20036,2,0.0,27.5
20037,188,0.3446353396290818,540.2659574468086
20038,92,0.36932632584806496,161.2173913043478
20039,37,0.506006006006006,390.5135135135135
20040,122,0.2544370681479474,118.6639344262295
20041,645,0.3301507053782079,582.7720930232558
20042,20,0.25263157894736843,87.85
20043,12,0.3787878787878788,103.16666666666667
20044,1,0.0,177.0
20045,1,0.0,30.0
20046,1,0.0,10.0
20047,9,0.5277777777777778,53.22222222222222
20048,1,0.0,2.0
20049,0,0.0,0.0
20050,30,0.21379310344827587,81.06666666666666
20051,4,0.3333333333333333,38.25
20052,23,0.11857707509881422,45.0
20053,28,0.164021164021164,66.85714285714286
20054,10,0.7333333333333333,71.7
20055,665,0.28203641634205995,512.5233082706767
20056,35,0.25210084033613445,157.34285714285716
20057,8,0.25,19.625
20058,26,0.30153846153846153,97.8076923076923
20059,21,0.19523809523809524,53.61904761904762
20060,46,0.13816425120772946,56.108695652173914
20061,168,0.24251497005988024,116.69642857142857
20062,1,0.0,9.0
20063,81,0.700925925925926,366.6666666666667
20064,0,0.0,0.0
20065,3,0.3333333333333333,51.0
20066,24,0.18840579710144928,53.458333333333336
20067,32,0.5141129032258065,163.71875
20068,2,0.0,7.0
20069,71,0.22132796780684105,124.05633802816901
20070,89,0.16241062308478038,157.4943820224719
20071,81,0.2080246913580247,76.8641975308642
20072,3,0.3333333333333333,15.0
20073,18,0.09803921568627451,18.38888888888889
20074,350,0.4280311092918543,530.3314285714285
20075,34,0.27450980392156865,71.91176470588235
20076,3,0.0,19.0
20077,23,0.34782608695652173,59.78260869565217
20078,1,0.0,23.0
20079,127,0.29996250468691416,187.9763779527559
20080,4,0.0,8.5
20081,38,0.5135135135135135,214.92105263157896
20082,5,0.2,21.4
20083,4,0.0,8.0
20084,49,0.3239795918367347,149.3265306122449
20085,3,0.3333333333333333,24.333333333333332
20086,31,0.2,81.41935483870968
20087,13,0.23076923076923078,27.0
20088,2,0.0,27.0
20089,2,0.0,9.5
20090,1,0.0,5.0
20091,1093,0.20626095465985678,457.0512351326624
20092,34,0.29411764705882354,107.17647058823529
20093,553,0.4269662185182273,586.8842676311031
20094,125,0.2384516129032258,232.104
20095,9,0.08333333333333333,41.22222222222222
20096,4,1.0,10.5
20097,1,0.0,20.0
20098,45,0.25353535353535356,120.2
20099,286,0.17269046742730954,122.32517482517483
20100,0,0.0,0.0
20101,1,0.0,5.0
20102,11,0.18181818181818182,47.72727272727273
20103,92,0.24271380793119923,106.0
20104,110,0.4286905754795663,140.7
20105,33,0.3087121212121212,88.93939393939394
20106,1,0.0,2.0
20107,3,1.0,31.333333333333332
20108,5,0.1,39.8
20109,59,0.18819403857393338,222.27118644067798
20110,10,0.13333333333333333,66.6
20111,51,0.5905882352941176,292.72549019607845
20112,341,0.30267379679144385,422.88856304985336
20113,7,0.38095238095238093,24.0
20114,186,0.22644580063934902,146.49462365591398
20115,543,0.357729709893784,536.7421731123388
20116,54,0.3612858141160028,65.81481481481481
20117,179,0.4213796999560605,308.9776536312849
20118,37,0.1891891891891892,45.83783783783784
20119,18,0.23529411764705882,24.38888888888889
20120,92,0.3884376493072145,158.52173913043478
20121,360,0.4517177344475395,506.59722222222223
20122,72,0.26917057902973396,100.125
20123,261,0.5126731506041851,271.1570881226054
20124,136,0.4493464052287582,527.8676470588235
20125,58,0.7332123411978222,556.8965517241379
20126,398,0.3501765755730795,528.2336683417085
20127,19,0.3508771929824561,224.68421052631578
20128,7,0.19047619047619047,106.14285714285714
20129,0,0.0,0.0
20130,7,0.3333333333333333,20.142857142857142
20131,18,0.8627450980392157,26.666666666666668
20132,1,0.0,10.0
20133,21,0.1761904761904762,30.523809523809526
20134,18,0.1895424836601307,71.77777777777777
20135,171,0.3464052287581699,371.0233918128655
20136,56,0.16883116883116883,31.303571428571427
20137,1,0.0,21.0
20138,201,0.1817910447761194,186.61691542288557
20139,163,0.17193062182837235,124.84662576687117
20140,14,0.2967032967032967,60.42857142857143
20141,8,0.25,23.375
20142,39,0.3873144399460189,105.43589743589743
20143,8,0.25,100.375
20144,11,0.2545454545454545,21.545454545454547
20145,29,0.31773399014778325,81.96551724137932
20146,220,0.38634288086342883,439.44545454545454
20147,2,0.0,21.0
20148,4,0.16666666666666666,34.25
20149,2,0.0,4.5
20150,114,0.5663716814159292,359.2456140350877
20151,22,0.36796536796536794,59.18181818181818
20152,0,0.0,0.0
20153,2,1.0,26.0
20154,3,0.0,11.333333333333334
20155,65,0.2173076923076923,58.8
20156,15,0.5523809523809524,85.86666666666666
20157,39,0.2739541160593792,111.38461538461539
20158,14,0.3076923076923077,42.42857142857143
20159,0,0.0,0.0
20160,136,0.1084967320261438,98.08088235294117
20161,29,0.2857142857142857,110.34482758620689
20162,4,0.0,28.25
20163,3,1.0,47.333333333333336
20164,145,0.4574712643678161,619.6413793103449
20165,23,0.48616600790513836,293.7826086956522
20166,1,0.0,87.0
20167,0,0.0,0.0
20168,11,0.34545454545454546,35.0
20169,1,0.0,28.0
20170,3,0.0,27.0
20171,2,0.0,40.5
20172,79,0.20253164556962025,180.37974683544303
20173,12,0.6212121212121212,208.5
20174,121,0.44352617079889806,300.79338842975204
20175,6,0.7333333333333333,52.666666666666664
20176,35,0.33949579831932775,79.65714285714286
20177,3,0.6666666666666666,37.0
20178,1,0.0,4.0
20179,5,0.7,105.8
20180,7,0.2857142857142857,65.42857142857143
20181,193,0.4171524179620035,559.7927461139897
20182,68,0.19754170324846357,90.08823529411765
20183,22,0.22510822510822512,69.54545454545455
20184,186,0.5284510316768382,593.1612903225806
20185,14,0.4065934065934066,74.57142857142857
20186,188,0.42245989304812837,467.47340425531917
20187,214,0.42271071914352154,506.2897196261682
20188,197,0.47529265513311925,511.6852791878173
20189,0,0.0,0.0
20190,16,0.39166666666666666,64.3125
20191,119,0.44281441390115367,344.8067226890756
20192,0,0.0,0.0
20193,4,0.6666666666666666,58.5
20194,21,0.4380952380952381,109.42857142857143
20195,58,0.31518451300665457,234.13793103448276
20196,5,0.4,53.2
20197,4,0.5,7.5
20198,233,0.40939026195056977,464.7510729613734
20199,57,0.30200501253132833,127.08771929824562
20200,494,0.45251332419048873,578.7105263157895
20201,4,0.0,20.25
20202,11,0.7818181818181819,299.27272727272725
20203,112,0.27606177606177607,124.58928571428571
20204,0,0.0,0.0
20205,0,0.0,0.0
20206,1,0.0,4.0
20207,64,0.3834325396825397,126.390625
20208,40,0.47435897435897434,428.675
20209,3,0.6666666666666666,40.0
20210,4,0.16666666666666666,52.5
20211,2,0.0,453.5
20212,3,0.6666666666666666,49.333333333333336
20213,2,0.0,7.0
20214,13,0.2564102564102564,42.53846153846154
20215,25,0.33,77.68
20216,26,0.27692307692307694,54.34615384615385
20217,44,0.33192389006342493,65.97727272727273
20218,3,0.0,4.0
20219,3,0.6666666666666666,20.333333333333332
20220,163,0.40748314776944633,387.32515337423314
20221,38,0.18492176386913228,66.55263157894737
20222,444,0.3336282106033799,511.93693693693695
20223,26,0.22153846153846155,48.03846153846154
20224,80,0.37088607594936707,139.15
20225,33,0.4015151515151515,104.39393939393939
20226,83,0.6879224213928886,435.69879518072287
20227,47,0.3987049028677151,172.10638297872342
20228,0,0.0,0.0
20229,3,0.3333333333333333,33.0
20230,21,0.6047619047619047,70.0952380952381
20231,2,1.0,15.5
20232,4,0.16666666666666666,14.0
20233,144,0.25475912975912973,112.79861111111111
20234,14,0.17582417582417584,133.0
20235,41,0.14268292682926828,64.65853658536585
20236,1,0.0,28.0
20237,292,0.4152897425034129,564.6404109589041
20238,23,0.2134387351778656,68.95652173913044
20239,7,0.14285714285714285,18.285714285714285
20240,0,0.0,0.0
20241,9,0.16666666666666666,17.0
20242,6,0.3333333333333333,150.66666666666666
20243,19,0.3684210526315789,50.73684210526316
20244,43,0.12181616832779624,42.7906976744186
20245,24,0.18478260869565216,50.916666666666664
20246,33,0.22916666666666666,123.0909090909091
20247,3,0.6666666666666666,67.66666666666667
20248,5,0.5,39.0
20249,27,0.31054131054131057,69.25925925925925
20250,1,0.0,9.0
20251,60,0.26101694915254237,110.2
20252,129,0.13045058139534885,47.68217054263566
20253,24,0.25,109.79166666666667
20254,0,0.0,0.0
20255,53,0.0965166908563135,57.20754716981132
20256,8,0.35714285714285715,52.625
20257,259,0.3933435096225794,556.1081081081081
20258,36,0.2984126984126984,80.77777777777777
20259,64,0.3630952380952381,385.90625
20260,1,0.0,5.0
20261,0,0.0,0.0
20262,22,0.45021645021645024,88.86363636363636
20263,5,0.3,51.8
20264,35,0.2184873949579832,160.37142857142857
20265,0,0.0,0.0
20266,125,0.18980645161290322,124.04
20267,74,0.3061828952239911,115.60810810810811
20268,16,0.55,71.5
20269,6,0.3333333333333333,53.833333333333336
20270,559,0.4011323343656427,599.7567084078712
20271,351,0.35225071225071225,467.991452991453
20272,672,0.2676708537364275,472.47767857142856
20273,6,0.4666666666666667,14.333333333333334
20274,125,0.6779354838709677,232.288
20275,0,0.0,0.0
20276,197,0.5580648503056045,543.1015228426396
20277,6,0.2,44.666666666666664
20278,2,0.0,1.5
20279,79,0.24472573839662448,68.67088607594937
20280,38,0.23470839260312945,115.39473684210526
20281,50,0.28816326530612246,119.78
20282,29,0.23645320197044334,77.37931034482759
20283,245,0.2447975911676146,143.96326530612245
20284,9,0.4444444444444444,23.22222222222222
20285,46,0.19806763285024154,64.56521739130434
20286,11,0.4909090909090909,88.9090909090909
20287,581,0.3606564187785625,557.0344234079174
20288,11,0.21818181818181817,13.545454545454545
20289,5,0.3,22.6
20290,47,0.5337650323774283,314.8936170212766
20291,0,0.0,0.0
20292,8,0.25,25.125
20293,1081,0.250690375852263,482.02867715078634
20294,1,0.0,10.0
20295,16,0.8,78.875
20296,130,0.5134168157423972,309.9384615384615
20297,75,0.4998198198198198,344.6933333333333
20298,6,0.6,57.0
20299,1,0.0,15.0
20300,43,0.17940199335548174,29.348837209302324
20301,60,0.28135593220338984,107.65
20302,183,0.5056146039752597,565.8087431693989
20303,161,0.1341614906832298,80.09937888198758
20304,59,0.27001753360607833,50.16949152542373
20305,157,0.26955740650008164,132.9044585987261
20306,0,0.0,0.0
20307,0,0.0,0.0
20308,5,0.0,13.4
20309,9,0.19444444444444445,11.88888888888889
20310,216,0.19026701119724376,129.67592592592592
20311,281,0.21677681748856126,198.3914590747331
20312,217,0.5893497183819765,511.0783410138249
20313,25,0.25333333333333335,74.32
20314,0,0.0,0.0
20315,3,0.3333333333333333,9.0
20316,8,0.42857142857142855,43.375
20317,18,0.1895424836601307,51.166666666666664
20318,40,0.4782051282051282,88.625
20319,211,0.45921913789212365,425.86729857819904
20320,67,0.23880597014925373,253.97014925373134
20321,3,0.0,16.0
20322,57,0.34649122807017546,108.3859649122807
20323,125,0.25664516129032255,271.312
20324,12,0.5757575757575758,70.08333333333333
20325,854,0.25861609802570346,497.45081967213116
20326,30,0.3839080459770115,73.9
20327,29,0.4211822660098522,70.6896551724138
20328,8,0.21428571428571427,33.625
20329,1,0.0,5.0
20330,0,0.0,0.0
20331,2,0.0,7.0
20332,41,0.25853658536585367,68.65853658536585
20333,38,0.267425320056899,75.1842105263158
20334,166,0.41927710843373495,416.9759036144578
20335,97,0.34987113402061853,136.1443298969072
20336,5,0.5,24.6
20337,28,0.25132275132275134,85.21428571428571
20338,3,0.3333333333333333,21.333333333333332
20339,68,0.42230026338893767,190.16176470588235
20340,53,0.2830188679245283,144.77358490566039
20341,65,0.24759615384615385,106.87692307692308
20342,47,0.3459759481961147,140.6595744680851
20343,13,0.358974358974359,30.076923076923077
20344,33,0.1856060606060606,36.57575757575758
20345,4,0.16666666666666666,32.25
20346,69,0.3337595907928389,130.52173913043478
20347,1,0.0,9.0
20348,29,0.6305418719211823,175.72413793103448
20349,1,0.0,1.0
20350,6,0.13333333333333333,14.0
20351,325,0.42830009496676164,509.92615384615385
20352,12,0.45454545454545453,18.666666666666668
20353,14,0.32967032967032966,101.21428571428571
20354,2,0.0,71.5
20355,185,0.5954171562867215,745.3351351351351
20356,10,0.4222222222222222,76.8
20357,0,0.0,0.0
20358,14,0.15384615384615385,60.57142857142857
20359,68,0.33933274802458296,97.73529411764706
20360,44,0.2346723044397463,98.0909090909091
20361,0,0.0,0.0
20362,10,0.13333333333333333,37.2
20363,99,0.19253762110904968,127.16161616161617
20364,1,0.0,32.0
20365,1,0.0,149.0
20366,2,0.0,9.0
20367,1,0.0,39.0
20368,1,0.0,7.0
20369,15,0.2571428571428571,57.13333333333333
20370,2,0.0,1.5
20371,163,0.45368476861319396,477.5766871165644
20372,19,0.12280701754385964,81.42105263157895
20373,58,0.17180883242589232,56.0
20374,24,0.22826086956521738,36.375
20375,22,0.4329004329004329,46.86363636363637
20376,32,0.4657258064516129,166.15625
20377,27,0.41595441595441596,157.5185185185185
20378,7,0.38095238095238093,52.285714285714285
20379,48,0.23581560283687944,81.66666666666667
20380,151,0.668962472406181,436.2450331125828
20381,15,0.2571428571428571,45.86666666666667
20382,2,1.0,768.5
20383,96,0.6456140350877193,397.84375
20384,2,1.0,36.0
20385,3,0.3333333333333333,47.333333333333336
20386,0,0.0,0.0
20387,16,0.4666666666666667,60.8125
20388,253,0.4239914674697283,575.7747035573123
20389,67,0.2731795567616463,140.01492537313433
20390,10,0.26666666666666666,31.2
20391,37,0.3483483483483483,120.35135135135135
20392,126,0.2504126984126984,139.484126984127
20393,1,0.0,2.0
20394,149,0.1306910937783421,124.8993288590604
20395,8,0.35714285714285715,49.5
20396,10,0.5555555555555556,31.4
20397,4,0.0,58.5
20398,15,0.21904761904761905,60.733333333333334
20399,0,0.0,0.0
20400,390,0.385630479203744,538.3102564102564
20401,34,0.3582887700534759,115.08823529411765
20402,52,0.21266968325791855,66.17307692307692
20403,94,0.12171127888355067,112.22340425531915
20404,21,0.38571428571428573,78.33333333333333
20405,86,0.40656634746922027,311.1046511627907
20406,99,0.2199546485260771,125.25252525252525
20407,32,0.5262096774193549,265.40625
20408,2,0.0,33.5
20409,17,0.4632352941176471,107.17647058823529
20410,393,0.3627901542296308,548.5445292620865
20411,467,0.2990690279475421,479.6145610278373
20412,32,0.16330645161290322,55.34375
20413,26,0.07076923076923076,81.96153846153847
20414,38,0.39544807965860596,364.13157894736844
20415,0,0.0,0.0
20416,333,0.4087521256195955,417.8288288288288
20417,18,0.3464052287581699,140.83333333333334
20418,4,0.16666666666666666,14.25
20419,0,0.0,0.0
20420,3,0.3333333333333333,143.0
20421,35,0.13109243697478992,12.457142857142857
20422,61,0.35737704918032787,185.13114754098362
20423,118,0.5203534695060119,525.6610169491526
20424,2,0.0,16.0
20425,27,0.33903133903133903,62.888888888888886
20426,36,0.18888888888888888,73.0
20427,14,0.5384615384615384,176.57142857142858
20428,54,0.3193570929419986,274.5
20429,48,0.3900709219858156,96.66666666666667
20430,1,0.0,15.0
20431,16,0.13333333333333333,28.125
20432,760,0.32375008667914845,521.8934210526315
20433,1000,0.3209089089089089,568.033
20434,6,0.6,28.666666666666668
20435,1,0.0,9.0
20436,20,0.15789473684210525,43.7
20437,6,0.26666666666666666,129.5
20438,22,0.3463203463203463,314.95454545454544
20439,29,0.3374384236453202,117.24137931034483
20440,7,0.23809523809523808,27.285714285714285
20441,343,0.4446490375598861,522.8221574344024
20442,12,0.19696969696969696,30.25
20443,19,0.40350877192982454,195.31578947368422
20444,13,0.23076923076923078,28.923076923076923
20445,10,0.17777777777777778,34.3
20446,18,0.2679738562091503,58.611111111111114
20447,1,0.0,116.0
20448,84,0.565978198508319,434.9404761904762
20449,14,0.37362637362637363,165.64285714285714
20450,1,0.0,12.0
20451,74,0.26841910403554237,137.52702702702703
20452,1,0.0,2.0
20453,7,0.047619047619047616,38.0
20454,2,1.0,3.0
20455,0,0.0,0.0
20456,38,0.3541963015647226,70.52631578947368
20457,95,0.6029115341545352,446.2842105263158
20458,26,0.16307692307692306,121.6923076923077
20459,22,0.21212121212121213,30.454545454545453
20460,6,0.26666666666666666,26.166666666666668
20461,5,0.0,15.4
20462,4,0.6666666666666666,38.75
20463,9,0.16666666666666666,31.77777777777778
20464,0,0.0,0.0
20465,16,0.23333333333333334,60.875
20466,19,0.847953216374269,198.8421052631579
20467,2,0.0,35.5
20468,101,0.2011881188118812,171.69306930693068
20469,0,0.0,0.0
20470,1,0.0,33.0
20471,5,0.5,67.8
20472,72,0.44014084507042256,351.7638888888889
20473,1,0.0,19.0
20474,456,0.22981492192018507,356.88157894736844
20475,282,0.29100729411170845,381.68794326241135
20476,0,0.0,0.0
20477,62,0.3093601269169751,106.19354838709677
20478,60,0.28757062146892653,99.8
20479,93,0.2517531556802244,175.7741935483871
20480,4,0.6666666666666666,22.25
20481,2,1.0,5.5
20482,7,0.2857142857142857,48.42857142857143
20483,0,0.0,0.0
20484,2,1.0,77.0
20485,124,0.556910569105691,608.6693548387096
20486,18,0.2679738562091503,109.05555555555556
20487,15,0.19047619047619047,25.533333333333335
20488,61,0.20546448087431693,89.24590163934427
20489,26,0.19076923076923077,39.0
20490,89,0.1128702757916241,39.86516853932584
20491,3,0.0,9.666666666666666
20492,12,0.22727272727272727,21.916666666666668
20493,2,1.0,15.0
20494,5,0.2,7.4
20495,10,0.3111111111111111,123.3
20496,1,0.0,3.0
20497,15,0.24761904761904763,25.333333333333332
20498,6,0.7333333333333333,143.83333333333334
20499,39,0.3724696356275304,84.53846153846153
20500,6,0.13333333333333333,17.833333333333332
20501,3,0.6666666666666666,10.666666666666666
20502,2,1.0,43.5
20503,0,0.0,0.0
20504,0,0.0,0.0
20505,9,0.5,49.0
20506,45,0.2696969696969697,69.8
20507,673,0.2592204415198472,472.9940564635958
20508,18,0.7450980392156863,34.44444444444444
20509,5,1.0,81.8
20510,21,0.24761904761904763,47.38095238095238
20511,42,0.32868757259001163,104.19047619047619
20512,0,0.0,0.0
20513,24,0.37681159420289856,58.583333333333336
20514,26,0.5292307692307693,98.42307692307692
20515,16,0.21666666666666667,30.125
20516,122,0.40075870478254977,293.3606557377049
20517,33,0.24242424242424243,89.81818181818181
20518,3,0.3333333333333333,92.33333333333333
20519,7,0.2857142857142857,99.85714285714286
20520,42,0.4367015098722416,332.54761904761904
20521,7,0.6666666666666666,42.857142857142854
20522,1,0.0,14.0
20523,3,0.3333333333333333,31.0
20524,0,0.0,0.0
20525,35,0.3025210084033613,136.28571428571428
20526,6,0.7333333333333333,181.83333333333334
20527,1,0.0,3.0
20528,59,0.21098772647574518,209.79661016949152
20529,41,0.28536585365853656,86.48780487804878
20530,39,0.21862348178137653,81.25641025641026
20531,38,0.4751066856330014,393.7105263157895
20532,0,0.0,0.0
20533,0,0.0,0.0
20534,11,0.43636363636363634,148.27272727272728
20535,0,0.0,0.0
20536,76,0.4010526315789474,114.60526315789474
20537,0,0.0,0.0
20538,40,0.36153846153846153,129.4
20539,2,1.0,6.5
20540,100,0.6430303030303031,300.32
20541,3,0.0,21.0
20542,17,0.08088235294117647,36.94117647058823
20543,3,0.0,111.66666666666667
20544,6,0.5333333333333333,93.5
20545,35,0.17647058823529413,63.714285714285715
20546,302,0.44907702800818466,549.864238410596
20547,11,0.32727272727272727,51.09090909090909
20548,2,0.0,227.5
20549,171,0.2511179910560716,149.7017543859649
20550,24,0.29347826086956524,50.25
20551,12,0.25757575757575757,43.083333333333336
20552,0,0.0,0.0
20553,122,0.46050670640834573,410.21311475409834
20554,0,0.0,0.0
20555,166,0.4524278933917488,425.4156626506024
20556,4,0.3333333333333333,34.5
20557,35,0.3092436974789916,115.34285714285714
20558,0,0.0,0.0
20559,4,0.0,24.75
20560,8,0.25,129.5
20561,0,0.0,0.0
20562,13,0.23076923076923078,53.69230769230769
20563,5,0.3,66.8
20564,15,0.42857142857142855,60.666666666666664
20565,0,0.0,0.0
20566,3,0.0,42.666666666666664
20567,17,0.40441176470588236,122.88235294117646
20568,13,0.46153846153846156,70.0
20569,6,0.4666666666666667,17.0
20570,0,0.0,0.0
20571,1133,0.25515922891476084,533.5083848190644
20572,72,0.3215962441314554,125.25
20573,131,0.17639459776864358,114.44274809160305
20574,168,0.23816652409466782,132.0595238095238
20575,5,0.8,11.8
20576,157,0.4848113669769721,584.2101910828026
20577,381,0.15415112584611135,134.5301837270341
20578,7,0.6666666666666666,61.857142857142854
20579,43,0.592469545957918,128.67441860465115
20580,4,0.0,10.0
20581,97,0.5393041237113402,396.07216494845363
20582,1,0.0,10.0
20583,0,0.0,0.0
20584,3,0.6666666666666666,31.666666666666668
20585,2,0.0,7.5
20586,72,0.3841940532081377,102.0
20587,25,0.29333333333333333,141.48
20588,12,0.12121212121212122,28.666666666666668
20589,2,1.0,13.0
20590,79,0.36773774748458293,287.9873417721519
20591,15,0.20952380952380953,34.86666666666667
20592,1,0.0,2.0
20593,86,0.3244870041039672,153.25581395348837
20594,3,0.3333333333333333,9.333333333333334
20595,14,0.5164835164835165,159.92857142857142
20596,3,0.6666666666666666,82.0
20597,16,0.3333333333333333,60.25
20598,23,0.15019762845849802,62.391304347826086
20599,35,0.29747899159663865,128.68571428571428
20600,466,0.3270293968341871,472.4549356223176
20601,213,0.21405793250066438,120.05164319248826
20602,156,0.20413564929693961,267.30128205128204
20603,71,0.3010060362173038,358.19718309859155
20604,73,0.219558599695586,66.78082191780823
20605,5,0.3,13.6
20606,67,0.5852555404794211,592.179104477612
20607,1,0.0,4.0
20608,361,0.1049092028316405,101.11080332409972
20609,16,0.25833333333333336,49.125
20610,139,0.38682097800020854,342.431654676259
20611,13,0.28205128205128205,33.15384615384615
20612,0,0.0,0.0
20613,3,0.6666666666666666,71.0
20614,268,0.4511990608753983,557.3917910447761
20615,34,0.1443850267379679,34.85294117647059
20616,1,0.0,202.0
20617,0,0.0,0.0
20618,9,0.2222222222222222,47.0
20619,864,0.3158421312390026,552.7951388888889
20620,54,0.12019566736547868,55.129629629629626
20621,14,0.25274725274725274,62.214285714285715
20622,14,0.10989010989010989,119.92857142857143
20623,23,0.37549407114624506,56.608695652173914
20624,198,0.5144849510331744,600.9141414141415
20625,4,0.5,45.75
20626,7,0.8571428571428571,28.285714285714285
20627,84,0.321285140562249,124.53571428571429
20628,91,0.19975579975579977,60.043956043956044
20629,0,0.0,0.0
20630,16,0.43333333333333335,433.6875
20631,10,0.3333333333333333,71.0
20632,0,0.0,0.0
20633,3,0.6666666666666666,11.333333333333334
20634,23,0.16600790513833993,79.56521739130434
20635,20,0.7631578947368421,138.75
20636,67,0.28539122568973313,107.76119402985074
20637,95,0.14356103023516237,67.6842105263158
20638,155,0.18433179723502305,73.19354838709677
20639,10,0.24444444444444444,63.8
20640,17,0.18382352941176472,21.235294117647058
20641,17,0.2867647058823529,144.58823529411765
20642,4,0.8333333333333334,108.0
20643,681,0.3873499179407446,583.0910425844346
20644,8,0.35714285714285715,42.5
20645,8,0.14285714285714285,28.375
20646,1,0.0,343.0
20647,0,0.0,0.0
20648,2,0.0,34.0
20649,16,0.3333333333333333,86.875
20650,74,0.2484265087004813,167.6891891891892
20651,274,0.4036255715087832,585.1678832116788
20652,38,0.13229018492176386,87.84210526315789
20653,0,0.0,0.0
20654,0,0.0,0.0
20655,49,0.40476190476190477,121.61224489795919
20656,0,0.0,0.0
20657,0,0.0,0.0
20658,7,0.42857142857142855,100.85714285714286
20659,38,0.4864864864864865,232.07894736842104
20660,142,0.15003496154230347,119.45070422535211
20661,46,0.34202898550724636,321.10869565217394
20662,343,0.3569808875931325,525.265306122449
20663,4,0.3333333333333333,51.5
20664,9,0.19444444444444445,97.33333333333333
20665,46,0.48792270531400966,321.04347826086956
20666,0,0.0,0.0
20667,14,0.24175824175824176,46.0
20668,35,0.3226890756302521,76.82857142857142
20669,2,0.0,32.5
20670,7,0.23809523809523808,47.57142857142857
20671,6,0.26666666666666666,105.66666666666667
20672,39,0.29284750337381915,207.0
20673,1,0.0,4.0
20674,0,0.0,0.0
20675,9,0.2777777777777778,77.33333333333333
20676,154,0.38035820388761565,461.07142857142856
20677,167,0.24370536036361012,122.02994011976048
20678,1,0.0,3.0
20679,28,0.08994708994708994,57.92857142857143
20680,23,0.3675889328063241,32.21739130434783
20681,21,0.17142857142857143,52.76190476190476
20682,24,0.2971014492753623,80.75
20683,9,0.1111111111111111,16.22222222222222
20684,49,0.21173469387755103,58.142857142857146
20685,42,0.23344947735191637,67.16666666666667
20686,2,1.0,16.0
20687,0,0.0,0.0
20688,0,0.0,0.0
20689,143,0.7607603663941692,273.013986013986
20690,956,0.32306293675655545,554.723849372385
20691,2,0.0,67.0
20692,2,0.0,3.0
20693,0,0.0,0.0
20694,3,0.0,44.333333333333336
20695,63,0.3010752688172043,56.84126984126984
20696,2,0.0,3.5
20697,0,0.0,0.0
20698,19,0.07602339181286549,37.526315789473685
20699,0,0.0,0.0
20700,0,0.0,0.0
20701,3,0.3333333333333333,23.333333333333332
20702,3,0.0,8.0
20703,7,0.38095238095238093,88.0
20704,0,0.0,0.0
20705,10,0.5777777777777777,127.0
20706,214,0.5553507963669869,271.5140186915888
20707,749,0.39793878468974675,585.8971962616822
20708,37,0.515015015015015,557.3513513513514
20709,9,0.3888888888888889,93.77777777777777
20710,19,0.3391812865497076,116.10526315789474
20711,0,0.0,0.0
20712,31,0.3139784946236559,124.48387096774194
20713,1,0.0,1.0
20714,682,0.35032146102204365,540.4985337243402
20715,217,0.3130227001194743,313.3225806451613
20716,7,0.2857142857142857,49.285714285714285
20717,12,0.3181818181818182,55.416666666666664
20718,0,0.0,0.0
20719,6,0.13333333333333333,24.833333333333332
20720,52,0.17119155354449472,44.34615384615385
20721,12,0.2727272727272727,35.0
20722,6,0.3333333333333333,62.833333333333336
20723,107,0.4165050255686828,295.0
20724,189,0.44754024541258586,349.5132275132275
20725,0,0.0,0.0
20726,14,0.4725274725274725,123.85714285714286
20727,1,0.0,20.0
20728,629,0.4205543122740575,562.4753577106518
20729,13,0.20512820512820512,84.53846153846153
20730,15,0.24761904761904763,23.733333333333334
20731,65,0.21298076923076922,88.4
20732,23,0.3715415019762846,142.30434782608697
20733,6,0.6666666666666666,147.0
20734,636,0.3567275788639628,558.5487421383648
20735,0,0.0,0.0
20736,8,0.07142857142857142,19.25
20737,16,0.35833333333333334,90.0625
20738,263,0.36760224073375325,478.16730038022814
20739,366,0.3199790403473314,487.1502732240437
20740,3,0.0,17.0
20741,1,0.0,5.0
20742,2,0.0,15.5
20743,2,1.0,25.0
20744,23,0.7193675889328063,784.695652173913
20745,22,0.3463203463203463,107.0909090909091
20746,24,0.11231884057971014,32.541666666666664
20747,2,1.0,9.0
20748,5,0.0,6.6
20749,0,0.0,0.0
20750,59,0.6130917592051431,238.79661016949152
20751,1,0.0,5.0
20752,44,0.15644820295983086,84.68181818181819
20753,164,0.27981445458626364,125.5
20754,3,0.3333333333333333,52.0
20755,152,0.5070582084349947,543.5
20756,17,0.29411764705882354,69.88235294117646
20757,2,0.0,64.5
20758,19,0.5146198830409356,98.0
20759,10,0.3111111111111111,69.9
20760,23,0.3438735177865613,83.69565217391305
20761,7,0.19047619047619047,21.428571428571427
20762,0,0.0,0.0
20763,0,0.0,0.0
20764,6,0.6,60.333333333333336
20765,44,0.21141649048625794,164.11363636363637
20766,3,0.3333333333333333,10.333333333333334
20767,3,0.3333333333333333,30.666666666666668
20768,0,0.0,0.0
20769,1,0.0,3.0
20770,12,0.5,88.16666666666667
20771,11,0.36363636363636365,308.45454545454544
20772,35,0.12100840336134454,31.514285714285716
20773,15,0.2,18.4
20774,383,0.42052957500034177,600.6475195822454
20775,5,0.4,28.6
20776,601,0.3811259012756517,582.9717138103161
20777,73,0.14383561643835616,62.97260273972603
20778,64,0.24950396825396826,127.40625
20779,4,0.5,3.0
20780,0,0.0,0.0
20781,17,0.49264705882352944,115.47058823529412
20782,3,0.0,14.0
20783,85,0.13333333333333333,44.141176470588235
20784,30,0.4160919540229885,282.96666666666664
20785,7,0.47619047619047616,47.285714285714285
20786,6,0.5333333333333333,35.666666666666664
20787,321,0.4295366043613707,551.0342679127726
20788,0,0.0,0.0
20789,60,0.34067796610169493,101.18333333333334
20790,62,0.33897408778424115,142.3709677419355
20791,0,0.0,0.0
20792,4,0.5,30.25
20793,17,0.4411764705882353,119.05882352941177
20794,1,0.0,2.0
20795,7,0.47619047619047616,73.71428571428571
20796,7,0.2857142857142857,15.0
20797,403,0.39459032381516734,563.5583126550869
20798,107,0.6721918532886616,369.8785046728972
20799,26,0.15076923076923077,40.15384615384615
20800,23,0.5059288537549407,231.56521739130434
20801,196,0.24725274725274726,140.96428571428572
20802,34,0.39037433155080214,240.5
20803,2,0.0,66.0
20804,0,0.0,0.0
20805,2,0.0,154.5
20806,1108,0.2487680953825182,506.53610108303246
20807,33,0.19886363636363635,148.24242424242425
20808,37,0.3963963963963964,69.64864864864865
20809,54,0.6771488469601677,259.962962962963
20810,6,0.8,60.5
20811,331,0.2722145930605145,366.1601208459214
20812,3,0.0,39.666666666666664
20813,1,0.0,6.0
20814,24,0.47101449275362317,112.375
20815,0,0.0,0.0
20816,336,0.3808990760483298,435.6934523809524
20817,0,0.0,0.0
20818,23,0.31225296442687744,154.1304347826087
20819,2,0.0,2.5
20820,64,0.20089285714285715,58.109375
20821,26,0.24615384615384617,114.96153846153847
20822,0,0.0,0.0
20823,622,0.33234954512740056,571.4646302250804
20824,1,0.0,2.0
20825,51,0.4329411764705882,287.80392156862746
20826,1,0.0,6.0
20827,32,0.1028225806451613,27.09375
20828,12,0.18181818181818182,63.083333333333336
20829,24,0.3188405797101449,116.5
20830,252,0.16246126604692343,165.77380952380952
20831,6,0.3333333333333333,235.83333333333334
20832,13,0.3076923076923077,36.0
20833,8,0.2857142857142857,32.375
20834,43,0.23477297895902546,111.34883720930233
20835,0,0.0,0.0
20836,0,0.0,0.0
20837,3,0.3333333333333333,7.666666666666667
20838,198,0.12495513510741937,159.35353535353536
20839,5,0.3,3.6
20840,197,0.6218792085362064,281.8223350253807
20841,65,0.30288461538461536,120.72307692307692
20842,0,0.0,0.0
20843,133,0.2676008202323992,144.14285714285714
20844,2,0.0,10.0
20845,67,0.8037087290818634,287.1194029850746
20846,7,0.3333333333333333,64.71428571428571
20847,718,0.3150740278862329,559.6183844011142
20848,2,0.0,19.0
20849,4,0.16666666666666666,9.5
20850,3,0.6666666666666666,366.0
20851,0,0.0,0.0
20852,4,0.16666666666666666,74.25
20853,233,0.5325218292141483,625.2231759656653
20854,0,0.0,0.0
20855,56,0.3448051948051948,38.107142857142854
20856,2,0.0,7.5
20857,316,0.42903355435001006,471.6898734177215
20858,3,0.3333333333333333,129.33333333333334
20859,65,0.14038461538461539,71.36923076923077
20860,187,0.1436950146627566,92.24598930481284
20861,52,0.2571644042232277,118.86538461538461
20862,477,0.4445325299931293,584.79035639413
20863,20,0.18421052631578946,20.85
20864,0,0.0,0.0
20865,13,0.08974358974358974,18.153846153846153
20866,15,0.21904761904761905,35.86666666666667
20867,0,0.0,0.0
20868,110,0.5222685571309424,304.7090909090909
20869,95,0.3182530795072788,151.41052631578947
20870,7,0.47619047619047616,25.142857142857142
20871,10,0.7777777777777778,270.1
20872,80,0.3341772151898734,150.375
20873,22,0.2077922077922078,78.77272727272727
20874,9,0.3333333333333333,119.22222222222223
20875,18,0.3660130718954248,73.0
20876,9,0.16666666666666666,15.88888888888889
20877,20,0.7315789473684211,535.35
20878,401,0.483142144638404,677.7281795511221
20879,53,0.3367198838896952,104.16981132075472
20880,66,0.2191142191142191,70.39393939393939
20881,0,0.0,0.0
20882,37,0.4264264264264264,66.70270270270271
20883,31,0.2172043010752688,115.90322580645162
20884,26,0.20615384615384616,59.23076923076923
20885,2,1.0,8.0
20886,32,0.28225806451612906,106.4375
20887,0,0.0,0.0
20888,91,0.4796092796092796,388.13186813186815
20889,0,0.0,0.0
20890,9,0.2222222222222222,17.88888888888889
20891,2,0.0,13.5
20892,22,0.36796536796536794,30.772727272727273
20893,122,0.28844330036580407,395.77868852459017
20894,0,0.0,0.0
20895,0,0.0,0.0
20896,5,0.2,27.4
20897,22,0.2727272727272727,100.54545454545455
20898,43,0.3953488372093023,162.46511627906978
20899,0,0.0,0.0
20900,20,0.24210526315789474,41.85
20901,462,0.5079396380914819,668.7770562770563
20902,49,0.30272108843537415,122.3061224489796
20903,80,0.11329113924050632,48.4875
20904,4,0.3333333333333333,4.75
20905,26,0.2123076923076923,31.923076923076923
20906,9,0.25,52.333333333333336
20907,3,0.0,76.66666666666667
20908,53,0.24310595065312046,91.50943396226415
20909,49,0.2423469387755102,62.57142857142857
20910,32,0.19556451612903225,102.21875
20911,1,0.0,33.0
20912,71,0.49255533199195173,290.0422535211268
20913,82,0.1478470340258958,105.71951219512195
20914,17,0.29411764705882354,22.294117647058822
20915,40,0.2564102564102564,71.375
20916,69,0.629156010230179,378.15942028985506
20917,53,0.20174165457184326,60.84905660377358
20918,6,0.2,33.833333333333336
20919,41,0.1902439024390244,72.29268292682927
20920,4,0.16666666666666666,129.5
20921,579,0.3559651230196437,502.3419689119171
20922,6,0.4,129.16666666666666
20923,126,0.3613968253968254,460.6904761904762
20924,3,0.6666666666666666,4.666666666666667
20925,37,0.56006006006006,219.83783783783784
20926,5,0.2,56.6
20927,1,0.0,27.0
20928,57,0.38220551378446116,351.4736842105263
20929,12,0.19696969696969696,52.666666666666664
20930,7,0.23809523809523808,99.42857142857143
20931,21,0.3904761904761905,54.04761904761905
20932,68,0.16242317822651448,65.98529411764706
20933,165,0.11456023651145603,81.18181818181819
20934,1,0.0,5.0
20935,646,0.36796025631794943,611.2383900928793
20936,37,0.24924924924924924,104.29729729729729
20937,0,0.0,0.0
20938,32,0.20362903225806453,49.21875
20939,23,0.6561264822134387,58.869565217391305
20940,152,0.44867549668874174,304.67763157894734
20941,16,0.19166666666666668,123.9375
20942,11,0.32727272727272727,19.454545454545453
20943,1,0.0,9.0
20944,2,0.0,6.0
20945,45,0.5080808080808081,233.17777777777778
20946,11,0.21818181818181817,26.0
20947,2,0.0,23.5
20948,9,0.5555555555555556,38.666666666666664
20949,23,0.10276679841897234,60.0
20950,5,0.4,82.2
20951,138,0.4988892415106315,467.6811594202899
20952,3,0.3333333333333333,86.66666666666667
20953,7,0.14285714285714285,36.142857142857146
20954,0,0.0,0.0
20955,0,0.0,0.0
20956,39,0.398110661268556,171.12820512820514
20957,3,0.0,49.333333333333336
20958,1,0.0,33.0
20959,64,0.5570436507936508,533.59375
20960,44,0.11839323467230443,41.59090909090909
20961,4,0.6666666666666666,57.75
20962,15,0.21904761904761905,74.4
20963,397,0.36237691779253495,514.4886649874055
20964,8,0.17857142857142858,71.0
20965,38,0.43812233285917496,138.26315789473685
20966,2,0.0,65.5
20967,0,0.0,0.0
20968,303,0.21463073459663848,146.5808580858086
20969,179,0.38986880923984685,373.30167597765364
20970,2,0.0,6.5
20971,7,0.047619047619047616,10.285714285714286
20972,261,0.27453580901856767,305.90421455938696
20973,26,0.23692307692307693,66.42307692307692
20974,0,0.0,0.0
20975,228,0.49802921400417344,451.29824561403507
20976,861,0.2924263295789104,533.9779326364692
20977,25,0.20666666666666667,38.36
20978,76,0.4249122807017544,452.4342105263158
20979,190,0.2178223336118073,120.17368421052632
20980,18,0.42483660130718953,140.33333333333334
20981,4,0.3333333333333333,38.5
20982,13,0.23076923076923078,16.307692307692307
20983,55,0.27003367003367,110.74545454545455
20984,1,0.0,1.0
20985,207,0.11078279630411332,183.40096618357487
20986,0,0.0,0.0
20987,11,0.2909090909090909,34.72727272727273
20988,114,0.41530818195932306,393.359649122807
20989,1,0.0,90.0
20990,54,0.28441649196366176,78.20370370370371
20991,4,0.0,9.0
20992,41,0.2634146341463415,83.8048780487805
20993,449,0.3896158129175947,515.456570155902
20994,1,0.0,62.0
20995,67,0.1347806422433288,103.95522388059702
20996,13,0.14102564102564102,42.84615384615385
20997,7,0.14285714285714285,38.42857142857143
20998,0,0.0,0.0
20999,0,0.0,0.0
21000,1,0.0,5.0
21001,3,0.3333333333333333,37.333333333333336
21002,64,0.5104166666666666,109.0625
21003,196,0.46813186813186813,514.984693877551
21004,4,0.6666666666666666,19.75
21005,1,0.0,7.0
21006,12,0.3484848484848485,30.25
21007,0,0.0,0.0
21008,53,0.15239477503628446,47.75471698113208
21009,3,0.0,27.333333333333332
21010,13,0.32051282051282054,58.69230769230769
21011,0,0.0,0.0
21012,0,0.0,0.0
21013,1,0.0,16.0
21014,49,0.19472789115646258,115.95918367346938
21015,17,0.3382352941176471,22.941176470588236
21016,24,0.3695652173913043,66.83333333333333
21017,12,0.4090909090909091,25.0
21018,9,0.4722222222222222,46.22222222222222
21019,0,0.0,0.0
21020,87,0.37610264635124296,334.9080459770115
21021,131,0.5544333529066353,599.7557251908397
21022,21,0.14761904761904762,42.04761904761905
21023,72,0.13810641627543035,102.51388888888889
21024,6,0.13333333333333333,20.5
21025,197,0.6789599088366312,289.3502538071066
21026,3,0.3333333333333333,53.666666666666664
21027,9,0.3888888888888889,22.333333333333332
21028,29,0.3866995073891626,111.58620689655173
21029,43,0.27464008859357697,125.25581395348837
21030,0,0.0,0.0
21031,65,0.29471153846153847,139.43076923076924
21032,605,0.32094576104208855,502.89421487603306
21033,1,0.0,4.0
21034,23,0.2134387351778656,63.82608695652174
21035,0,0.0,0.0
21036,2,1.0,28.5
21037,11,0.3090909090909091,130.54545454545453
21038,650,0.34656394453004624,528.0846153846154
21039,3,0.3333333333333333,43.333333333333336
21040,56,0.5344155844155845,376.23214285714283
21041,29,0.2413793103448276,36.06896551724138
21042,10,0.15555555555555556,37.9
21043,248,0.32793522267206476,354.7741935483871
21044,13,0.2948717948717949,13.692307692307692
21045,5,0.3,20.6
21046,0,0.0,0.0
21047,13,0.2948717948717949,84.3076923076923
21048,2,0.0,22.0
21049,0,0.0,0.0
21050,148,0.31807317521603234,154.44594594594594
21051,58,0.1191772534785239,88.25862068965517
21052,0,0.0,0.0
21053,19,0.3391812865497076,34.21052631578947
21054,9,0.4444444444444444,59.77777777777778
21055,31,0.2903225806451613,121.35483870967742
21056,24,0.3804347826086957,226.33333333333334
21057,116,0.23193403298350826,124.92241379310344
21058,0,0.0,0.0
21059,273,0.3147489765136824,477.7032967032967
21060,0,0.0,0.0
21061,9,0.2777777777777778,38.55555555555556
21062,4,0.0,16.0
21063,38,0.3968705547652916,180.47368421052633
21064,18,0.16993464052287582,56.888888888888886
21065,54,0.06429070580013976,100.70370370370371
21066,518,0.3704024555088385,512.3899613899614
21067,1,0.0,6.0
21068,740,0.3117616940350364,512.3513513513514
21069,0,0.0,0.0
21070,86,0.18741450068399454,289.16279069767444
21071,21,0.21904761904761905,61.04761904761905
21072,0,0.0,0.0
21073,0,0.0,0.0
21074,50,0.41714285714285715,258.72
21075,685,0.31534554146924487,549.3270072992701
21076,108,0.4669435790931118,428.3240740740741
21077,3,0.3333333333333333,61.0
21078,26,0.28615384615384615,77.11538461538461
21079,579,0.3107254483628258,544.8186528497409
21080,16,0.15833333333333333,28.0625
21081,10,0.4444444444444444,27.2
21082,64,0.3804563492063492,236.90625
21083,0,0.0,0.0
21084,16,0.325,44.75
21085,2,0.0,9.0
21086,0,0.0,0.0
21087,5,0.5,27.8
21088,1,0.0,65.0
21089,286,0.5573303889093363,620.4755244755245
21090,84,0.31755593803786575,131.79761904761904
21091,0,0.0,0.0
21092,74,0.25583117363939284,260.47297297297297
21093,196,0.626268969126112,289.0561224489796
21094,51,0.3215686274509804,147.68627450980392
21095,7,0.6190476190476191,120.71428571428571
21096,22,0.2683982683982684,55.90909090909091
21097,957,0.2582206424364843,478.8944618599791
21098,258,0.5328326244985371,425.94573643410854
21099,1,0.0,62.0
21100,16,0.20833333333333334,30.6875
21101,18,0.3006535947712418,24.88888888888889
21102,2,0.0,1.5
21103,0,0.0,0.0
21104,2,0.0,37.5
21105,5,0.5,76.4
21106,0,0.0,0.0
21107,0,0.0,0.0
21108,97,0.2865120274914089,99.71134020618557
21109,3,0.3333333333333333,53.0
21110,2,0.0,119.0
21111,30,0.16091954022988506,126.8
21112,42,0.6817653890824622,474.3809523809524
21113,0,0.0,0.0
21114,5,0.2,14.6
21115,0,0.0,0.0
21116,41,0.3439024390243902,100.34146341463415
21117,0,0.0,0.0
21118,6,0.26666666666666666,60.5
21119,1,0.0,23.0
21120,40,0.2602564102564103,89.975
21121,2,1.0,39.0
21122,35,0.4050420168067227,87.62857142857143
21123,3,0.0,193.33333333333334
21124,94,0.4397163120567376,216.82978723404256
21125,67,0.6919945725915875,212.71641791044777
21126,181,0.1316144874155924,86.58011049723757
21127,23,0.6877470355731226,211.47826086956522
21128,32,0.3245967741935484,52.21875
21129,10,0.3333333333333333,103.8
21130,26,0.27692307692307694,91.34615384615384
21131,30,0.1310344827586207,48.46666666666667
21132,212,0.48117678619332915,549.3820754716982
21133,54,0.27882599580712786,57.18518518518518
21134,51,0.4682352941176471,248.58823529411765
21135,9,0.1388888888888889,37.44444444444444
21136,2,1.0,42.0
21137,0,0.0,0.0
21138,35,0.28739495798319326,238.9142857142857
21139,8,0.5,42.5
21140,20,0.12105263157894737,54.65
21141,228,0.2723935389133627,430.890350877193
21142,123,0.2838864454218313,134.58536585365854
21143,2,0.0,15.5
21144,28,0.5582010582010583,124.28571428571429
21145,38,0.2019914651493599,35.3421052631579
21146,100,0.8563636363636363,393.34
21147,10,0.08888888888888889,28.8
21148,219,0.4443466968287881,491.5433789954338
21149,66,0.7291375291375292,423.42424242424244
21150,9,0.8333333333333334,50.55555555555556
21151,1,0.0,24.0
21152,0,0.0,0.0
21153,0,0.0,0.0
21154,151,0.5569094922737307,502.5960264900662
21155,6,0.4,32.333333333333336
21156,5,0.5,69.0
21157,4,0.3333333333333333,49.5
21158,1,0.0,4.0
21159,14,0.12087912087912088,23.428571428571427
21160,42,0.29500580720092917,131.26190476190476
21161,1,0.0,32.0
21162,7,0.14285714285714285,37.285714285714285
21163,36,0.23809523809523808,34.111111111111114
21164,8,0.25,147.375
21165,4,0.16666666666666666,17.5
21166,0,0.0,0.0
21167,66,0.15897435897435896,49.803030303030305
21168,323,0.3215199123127512,414.4953560371517
21169,130,0.2186046511627907,125.75384615384615
21170,11,0.32727272727272727,46.81818181818182
21171,38,0.2503556187766714,55.078947368421055
21172,38,0.2631578947368421,110.05263157894737
21173,21,0.30952380952380953,62.38095238095238
21174,23,0.31620553359683795,75.47826086956522
21175,6,0.13333333333333333,10.0
21176,19,0.4502923976608187,82.94736842105263
21177,297,0.4775912275912276,475.3468013468013
21178,18,0.2875816993464052,22.27777777777778
21179,3,0.3333333333333333,14.333333333333334
21180,31,0.27741935483870966,56.38709677419355
21181,13,0.4230769230769231,74.76923076923077
21182,289,0.4639321414840446,391.9100346020761
21183,115,0.19145690312738367,116.17391304347827
21184,19,0.40350877192982454,48.73684210526316
21185,45,0.19292929292929292,59.55555555555556
21186,215,0.44990219517496194,575.4372093023255
21187,0,0.0,0.0
21188,5,0.2,75.4
21189,48,0.5283687943262412,384.5416666666667
21190,7,0.23809523809523808,54.857142857142854
21191,21,0.18571428571428572,53.714285714285715
21192,25,0.7866666666666666,390.08
21193,23,0.20553359683794467,240.3913043478261
21194,1,0.0,34.0
21195,10,0.5777777777777777,49.4
21196,161,0.21855590062111802,116.6086956521739
21197,256,0.515563725490196,488.1875
21198,78,0.4092574092574093,142.0
21199,14,0.23076923076923078,45.57142857142857
21200,28,0.3306878306878307,119.92857142857143
21201,381,0.28811990606437354,437.2729658792651
21202,694,0.3718119856448387,582.4293948126801
21203,48,0.1356382978723404,58.291666666666664
21204,0,0.0,0.0
21205,1,0.0,3.0
21206,0,0.0,0.0
21207,77,0.2822966507177033,133.5974025974026
21208,22,0.19913419913419914,124.0909090909091
21209,175,0.1657142857142857,90.58285714285714
21210,82,0.317675398976212,134.7560975609756
21211,10,0.3111111111111111,18.4
21212,1,0.0,6.0
21213,0,0.0,0.0
21214,9,0.3611111111111111,66.55555555555556
21215,2,0.0,6.5
21216,6,0.3333333333333333,20.333333333333332
21217,50,0.39918367346938777,143.9
21218,8,0.75,23.0
21219,15,0.3047619047619048,28.133333333333333
21220,0,0.0,0.0
21221,10,0.5555555555555556,31.1
21222,49,0.20238095238095238,92.38775510204081
21223,1,0.0,9.0
21224,30,0.24597701149425288,118.3
21225,27,0.16809116809116809,64.55555555555556
21226,156,0.3837055417700579,306.04487179487177
21227,2,1.0,4.5
21228,25,0.37666666666666665,118.8
21229,370,0.3407163260821797,475.7810810810811
21230,0,0.0,0.0
21231,0,0.0,0.0
21232,0,0.0,0.0
21233,18,0.3333333333333333,24.666666666666668
21234,4,0.3333333333333333,35.25
21235,135,0.24300718629076837,309.5851851851852
21236,3,0.3333333333333333,28.0
21237,8,0.14285714285714285,14.875
21238,60,0.21073446327683615,55.43333333333333
21239,29,0.23399014778325122,53.172413793103445
21240,0,0.0,0.0
21241,7,0.047619047619047616,54.57142857142857
21242,12,0.21212121212121213,103.91666666666667
21243,11,0.05454545454545454,14.636363636363637
21244,0,0.0,0.0
21245,1,0.0,416.0
21246,35,0.28907563025210087,63.05714285714286
21247,23,0.24110671936758893,93.69565217391305
21248,2,0.0,14.5
21249,107,0.3699523893493211,411.39252336448595
21250,1,0.0,7.0
21251,0,0.0,0.0
21252,4,0.16666666666666666,8.5
21253,0,0.0,0.0
21254,71,0.5231388329979879,449.14084507042253
21255,17,0.3382352941176471,79.82352941176471
21256,2,0.0,18.5
21257,100,0.43656565656565655,299.0
21258,19,0.1871345029239766,27.31578947368421
21259,66,0.22144522144522144,173.36363636363637
21260,350,0.37992632009823984,457.40285714285716
21261,0,0.0,0.0
21262,14,0.3076923076923077,36.5
21263,216,0.43544358311800174,266.93981481481484
21264,0,0.0,0.0
21265,24,0.2717391304347826,67.0
21266,67,0.30529172320217096,70.82089552238806
21267,369,0.3364115706374455,423.57181571815715
21268,46,0.2898550724637681,114.97826086956522
21269,82,0.4637157482685938,332.890243902439
21270,31,0.3247311827956989,154.38709677419354
21271,1,0.0,4.0
21272,72,0.29577464788732394,200.61111111111111
21273,3,0.3333333333333333,106.0
21274,62,0.24378635642517188,84.33870967741936
21275,15,0.2,54.733333333333334
21276,111,0.4773136773136773,479.06306306306305
21277,0,0.0,0.0
21278,32,0.6028225806451613,374.8125
21279,9,0.75,100.22222222222223
21280,19,0.13450292397660818,28.894736842105264
21281,14,0.31868131868131866,74.14285714285714
21282,52,0.5889894419306184,585.4230769230769
21283,21,0.3619047619047619,85.52380952380952
21284,81,0.13950617283950617,163.58024691358025
21285,33,0.1534090909090909,46.84848484848485
21286,91,0.3682539682539683,140.21978021978023
21287,37,0.19519519519519518,75.86486486486487
21288,9,0.2777777777777778,49.111111111111114
21289,6,0.4,12.0
21290,39,0.16194331983805668,59.58974358974359
21291,5,0.4,47.4
21292,10,0.17777777777777778,36.0
21293,20,0.10526315789473684,31.0
21294,1,0.0,1.0
21295,0,0.0,0.0
21296,13,0.34615384615384615,63.76923076923077
21297,5,0.9,64.0
21298,809,0.25998971961473033,458.28306551297896
21299,2,0.0,26.5
21300,12,0.4090909090909091,36.416666666666664
21301,15,0.638095238095238,233.13333333333333
21302,9,0.08333333333333333,35.44444444444444
21303,7,0.7619047619047619,385.2857142857143
21304,27,0.6524216524216524,558.4444444444445
21305,6,0.8666666666666667,566.3333333333334
21306,14,0.8681318681318682,452.7857142857143
21307,66,0.4578088578088578,344.2878787878788
21308,56,0.6058441558441559,345.625
21309,0,0.0,0.0
21310,7,0.23809523809523808,38.857142857142854
21311,2,0.0,3.5
21312,733,0.31128530852324826,564.7066848567531
21313,62,0.2686409307244844,85.25806451612904
21314,3,0.3333333333333333,5.666666666666667
21315,4,0.16666666666666666,23.75
21316,3,0.3333333333333333,33.666666666666664
21317,0,0.0,0.0
21318,7,0.09523809523809523,31.0
21319,100,0.49737373737373736,403.54
21320,0,0.0,0.0
21321,12,0.18181818181818182,21.5
21322,1,0.0,19.0
21323,0,0.0,0.0
21324,2,0.0,1.5
21325,14,0.38461538461538464,33.142857142857146
21326,1,0.0,18.0
21327,35,0.3899159663865546,80.8
21328,43,0.19047619047619047,90.0
21329,15,0.14285714285714285,30.866666666666667
21330,61,0.2983606557377049,149.7377049180328
21331,0,0.0,0.0
21332,32,0.3709677419354839,59.9375
21333,135,0.4641238253178552,389.53333333333336
21334,1,0.0,5.0
21335,6,0.7333333333333333,222.33333333333334
21336,82,0.34598012646793136,102.5
21337,83,0.18836320893329414,76.2289156626506
21338,9,0.19444444444444445,64.55555555555556
21339,162,0.3757380568974772,384.6666666666667
21340,49,0.2389455782312925,117.57142857142857
21341,1,0.0,4.0
21342,10,0.26666666666666666,61.4
21343,1,0.0,3.0
21344,17,0.25,135.58823529411765
21345,12,0.36363636363636365,31.833333333333332
21346,7,0.42857142857142855,38.714285714285715
21347,1,0.0,3.0
21348,80,0.20031645569620254,138.35
21349,287,0.4376355351965108,538.0592334494773
21350,41,0.22560975609756098,158.46341463414635
21351,10,0.37777777777777777,55.8
21352,29,0.4236453201970443,26.448275862068964
21353,60,0.5209039548022599,327.98333333333335
21354,147,0.20836827881837666,130.30612244897958
21355,44,0.2156448202959831,87.29545454545455
21356,15,0.22857142857142856,101.8
21357,107,0.17950978663375067,78.82242990654206
21358,4,0.3333333333333333,13.75
21359,268,0.4356867348650008,585.0074626865671
21360,435,0.39524339212882037,487.71954022988507
21361,51,0.4807843137254902,121.19607843137256
21362,118,0.5958279009126467,586.957627118644
21363,28,0.671957671957672,269.35714285714283
21364,48,0.19414893617021275,55.229166666666664
21365,1,0.0,51.0
21366,0,0.0,0.0
21367,2,0.0,134.5
21368,6,0.5333333333333333,139.83333333333334
21369,3,0.3333333333333333,11.666666666666666
21370,24,0.36594202898550726,195.04166666666666
21371,0,0.0,0.0
21372,26,0.24,32.5
21373,42,0.3228803716608595,250.85714285714286
21374,6,0.26666666666666666,50.333333333333336
21375,0,0.0,0.0
21376,27,0.24786324786324787,28.703703703703702
21377,208,0.5388331475287997,266.82211538461536
21378,27,0.1396011396011396,41.22222222222222
21379,49,0.3392857142857143,92.71428571428571
21380,209,0.23099926389400074,204.55980861244018
21381,1,0.0,2.0
21382,2,0.0,95.5
21383,33,0.5340909090909091,50.45454545454545
21384,1,0.0,17.0
21385,713,0.38395685267188806,596.4039270687236
21386,4,0.16666666666666666,62.5
21387,125,0.772,261.152
21388,6,0.26666666666666666,52.833333333333336
21389,2,0.0,33.0
21390,113,0.3247471554993679,186.98230088495575
21391,0,0.0,0.0
21392,3,0.0,40.666666666666664
21393,21,0.2571428571428571,38.23809523809524
21394,0,0.0,0.0
21395,2,0.0,16.5
21396,4,0.6666666666666666,78.5
21397,2,0.0,6.5
21398,29,0.3054187192118227,146.82758620689654
21399,6,0.4666666666666667,58.333333333333336
21400,4,0.0,5.0
21401,22,0.18614718614718614,263.77272727272725
21402,250,0.36305220883534134,538.948
21403,2,0.0,22.5
21404,0,0.0,0.0
21405,3,0.3333333333333333,71.66666666666667
21406,2,0.0,36.5
21407,1,0.0,10.0
21408,18,0.37254901960784315,84.72222222222223
21409,5,0.4,11.2
21410,21,0.20476190476190476,21.761904761904763
21411,8,0.32142857142857145,53.375
21412,0,0.0,0.0
21413,7,0.2857142857142857,49.57142857142857
21414,87,0.2285485164394547,75.63218390804597
21415,101,0.23663366336633662,140.6039603960396
21416,56,0.2357142857142857,53.535714285714285
21417,40,0.20384615384615384,61.675
21418,15,0.3523809523809524,167.13333333333333
21419,2,0.0,34.5
21420,0,0.0,0.0
21421,36,0.3603174603174603,375.1666666666667
21422,0,0.0,0.0
21423,172,0.3563851489188086,373.2093023255814
21424,1,0.0,1.0
21425,97,0.16000859106529208,134.4742268041237
21426,0,0.0,0.0
21427,80,0.4617088607594937,416.0125
21428,8,0.10714285714285714,19.125
21429,3,0.6666666666666666,427.3333333333333
21430,307,0.49775393327798,551.6026058631921
21431,0,0.0,0.0
21432,16,0.3416666666666667,45.3125
21433,0,0.0,0.0
21434,0,0.0,0.0
21435,37,0.5840840840840841,386.2972972972973
21436,0,0.0,0.0
21437,7,0.47619047619047616,253.28571428571428
21438,15,0.20952380952380953,58.46666666666667
21439,2,0.0,8.5
21440,168,0.23688337610493299,145.91666666666666
21441,2,1.0,36.5
21442,2,1.0,7.5
21443,4,0.5,158.5
21444,72,0.6130672926447575,608.0833333333334
21445,3,0.6666666666666666,2.3333333333333335
21446,6,0.13333333333333333,23.0
21447,94,0.21962937542896363,78.45744680851064
21448,6,0.4666666666666667,23.5
21449,1,0.0,12.0
21450,126,0.18704761904761905,62.3968253968254
21451,4,0.16666666666666666,114.75
21452,14,0.43956043956043955,53.857142857142854
21453,90,0.42846441947565544,206.2
21454,0,0.0,0.0
21455,41,0.45,40.73170731707317
21456,103,0.29487911669522177,157.18446601941747
21457,65,0.7043269230769231,497.96923076923076
21458,140,0.6289825282631039,255.65
21459,2,0.0,28.5
21460,22,0.18614718614718614,22.545454545454547
21461,104,0.2337565347274085,301.5480769230769
21462,4,0.3333333333333333,6.75
21463,240,0.5653417015341702,522.4458333333333
21464,493,0.3146902158676759,513.789046653144
21465,4,0.5,184.5
21466,2,1.0,45.0
21467,35,0.27563025210084036,117.8
21468,19,0.39766081871345027,69.3157894736842
21469,22,0.12554112554112554,21.227272727272727
21470,0,0.0,0.0
21471,152,0.5781631230393866,416.25
21472,14,0.6593406593406593,116.07142857142857
21473,546,0.4350841818731727,560.8644688644689
21474,84,0.25760183591508895,136.04761904761904
21475,276,0.3256389986824769,410.231884057971
21476,51,0.432156862745098,152.72549019607843
21477,2,0.0,16.0
21478,35,0.30084033613445377,257.54285714285714
21479,37,0.14714714714714713,61.0
21480,2,1.0,31.0
21481,2,0.0,9.0
21482,0,0.0,0.0
21483,8,0.6785714285714286,28.0
21484,80,0.45949367088607596,159.575
21485,250,0.4888032128514056,662.332
21486,49,0.1649659863945578,61.224489795918366
21487,0,0.0,0.0
21488,110,0.4470391993327773,530.4272727272727
21489,0,0.0,0.0
21490,1,0.0,14.0
21491,12,0.22727272727272727,21.75
21492,232,0.4315569487983281,535.3189655172414
21493,764,0.3296130594992212,543.2945026178011
21494,86,0.18549931600547195,60.77906976744186
21495,110,0.3926605504587156,351.0090909090909
21496,26,0.31384615384615383,95.42307692307692
21497,38,0.4238975817923186,324.9736842105263
21498,61,0.40382513661202185,142.9016393442623
21499,229,0.3911361372864476,517.0174672489082
21500,0,0.0,0.0
21501,1,0.0,1.0
21502,0,0.0,0.0
21503,171,0.7130374957000344,495.6374269005848
21504,34,0.2103386809269162,46.529411764705884
21505,69,0.3388746803069054,141.8840579710145
21506,2,0.0,8.0
21507,12,0.2878787878787879,47.083333333333336
21508,4,0.5,168.25
21509,227,0.20564500409340766,133.9691629955947
21510,9,0.6111111111111112,442.77777777777777
21511,7,0.2857142857142857,15.428571428571429
21512,1,0.0,10.0
21513,1,0.0,32.0
21514,1,0.0,40.0
21515,20,0.12631578947368421,39.8
21516,0,0.0,0.0
21517,0,0.0,0.0
21518,0,0.0,0.0
21519,6,0.13333333333333333,10.0
21520,3,0.6666666666666666,37.0
21521,114,0.15851575842260518,137.3421052631579
21522,1,0.0,54.0
21523,2,0.0,29.0
21524,12,0.4696969696969697,53.0
21525,1,0.0,11.0
21526,0,0.0,0.0
21527,151,0.3511699779249448,242.83443708609272
21528,131,0.4880798590722255,559.9083969465648
21529,2,0.0,1.5
21530,0,0.0,0.0
21531,62,0.20676890534108938,61.08064516129032
21532,561,0.3522217978100331,526.7308377896613
21533,16,0.15833333333333333,37.375
21534,3,0.0,159.0
21535,6,0.4,68.5
21536,4,0.3333333333333333,8.0
21537,12,0.19696969696969696,59.166666666666664
21538,20,0.3263157894736842,64.35
21539,129,0.5015746124031008,404.2093023255814
21540,1,0.0,134.0
21541,1,0.0,98.0
21542,12,0.09090909090909091,46.416666666666664
21543,4,0.5,58.0
21544,4,0.5,6.75
21545,80,0.29145569620253164,192.075
21546,14,0.4835164835164835,107.28571428571429
21547,27,0.32763532763532766,63.22222222222222
21548,10,0.2222222222222222,49.1
21549,0,0.0,0.0
21550,92,0.179168657429527,91.69565217391305
21551,41,0.23902439024390243,102.82926829268293
21552,105,0.6483516483516484,320.2952380952381
21553,26,0.23076923076923078,120.03846153846153
21554,106,0.13890386343216532,94.19811320754717
21555,0,0.0,0.0
21556,17,0.3235294117647059,75.70588235294117
21557,107,0.2773761241403633,127.88785046728972
21558,42,0.19396051103368175,112.07142857142857
21559,25,0.2633333333333333,100.16
21560,1,0.0,14.0
21561,6,0.2,121.5
21562,0,0.0,0.0
21563,20,0.15263157894736842,29.05
21564,1,0.0,2.0
21565,32,0.2600806451612903,41.5625
21566,6,0.4666666666666667,26.666666666666668
21567,40,0.24615384615384617,59.875
21568,100,0.4402020202020202,352.25
21569,62,0.257006874669487,245.91935483870967
21570,145,0.2685823754789272,362.71724137931034
21571,315,0.3735719340814882,485.22222222222223
21572,427,0.3114094402480457,331.62295081967216
21573,615,0.3360822012128916,514.1105691056911
21574,519,0.47622767275946465,642.4296724470134
21575,36,0.2841269841269841,122.55555555555556
21576,29,0.26108374384236455,51.793103448275865
21577,26,0.15692307692307692,34.76923076923077
21578,17,0.20588235294117646,30.41176470588235
21579,5,0.1,49.8
21580,25,0.42333333333333334,98.2
21581,352,0.4757187257187257,301.16477272727275
21582,13,0.5384615384615384,91.07692307692308
21583,74,0.26323583857830435,121.87837837837837
21584,3,0.3333333333333333,71.0
21585,3,0.3333333333333333,25.0
21586,125,0.5001290322580645,298.28
21587,0,0.0,0.0
21588,226,0.4058603736479843,364.83185840707966
21589,66,0.20326340326340325,66.71212121212122
21590,3,0.3333333333333333,4.0
21591,102,0.19200155309648612,97.94117647058823
21592,1,0.0,4.0
21593,18,0.23529411764705882,62.333333333333336
21594,15,0.3142857142857143,57.266666666666666
21595,0,0.0,0.0
21596,0,0.0,0.0
21597,36,0.36507936507936506,228.77777777777777
21598,47,0.3792784458834413,152.5531914893617
21599,7,0.5714285714285714,17.571428571428573
21600,4,0.0,51.25
21601,1,0.0,6.0
21602,0,0.0,0.0
21603,12,0.18181818181818182,35.5
21604,7,0.42857142857142855,21.142857142857142
21605,8,0.32142857142857145,20.625
21606,0,0.0,0.0
21607,0,0.0,0.0
21608,21,0.1619047619047619,33.19047619047619
21609,10,0.37777777777777777,99.2
21610,52,0.30015082956259426,101.96153846153847
21611,79,0.18532943849399547,92.43037974683544
21612,5,0.5,41.0
21613,0,0.0,0.0
21614,36,0.16031746031746033,62.583333333333336
21615,79,0.30671859785783834,115.21518987341773
21616,10,0.2,174.2
21617,27,0.16809116809116809,44.111111111111114
21618,40,0.11025641025641025,52.2
21619,195,0.5763679619349722,295.0
21620,4,0.6666666666666666,18.0
21621,76,0.40280701754385967,482.0657894736842
21622,11,0.7272727272727273,25.545454545454547
21623,4,0.16666666666666666,4.0
21624,54,0.2774283717679944,113.64814814814815
21625,1,0.0,8.0
21626,4,0.16666666666666666,42.25
21627,53,0.2213352685050798,98.9245283018868
21628,143,0.3133064118979612,422.7902097902098
21629,0,0.0,0.0
21630,283,0.5335187830488936,485.97879858657245
21631,130,0.16601073345259393,110.66153846153846
21632,40,0.24487179487179486,60.95
21633,11,0.4,58.36363636363637
21634,48,0.3546099290780142,447.9166666666667
21635,77,0.3284347231715653,321.3376623376623
21636,0,0.0,0.0
21637,3,0.3333333333333333,31.666666666666668
21638,7,0.19047619047619047,12.571428571428571
21639,91,0.27936507936507937,128.23076923076923
21640,19,0.17543859649122806,49.578947368421055
21641,196,0.1978021978021978,278.81632653061223
21642,73,0.2507610350076104,200.05479452054794
21643,7,0.19047619047619047,60.57142857142857
21644,0,0.0,0.0
21645,7,0.047619047619047616,12.142857142857142
21646,28,0.328042328042328,70.92857142857143
21647,233,0.4116101820334468,390.6695278969957
21648,2,0.0,8.0
21649,4,0.3333333333333333,24.0
21650,0,0.0,0.0
21651,1,0.0,1.0
21652,40,0.441025641025641,51.9
21653,24,0.2717391304347826,33.666666666666664
21654,62,0.281332628239027,336.0
21655,3,0.3333333333333333,39.333333333333336
21656,245,0.37423887587822013,396.0367346938776
21657,28,0.1931216931216931,58.92857142857143
21658,67,0.2397105382180009,63.61194029850746
21659,22,0.3246753246753247,115.72727272727273
21660,4,0.3333333333333333,18.25
21661,4,0.0,9.75
21662,6,0.6,30.5
21663,108,0.32329525787469715,360.39814814814815
21664,13,0.24358974358974358,44.23076923076923
21665,3,0.3333333333333333,13.0
21666,178,0.5599568336189932,560.5842696629213
21667,42,0.2067363530778165,74.0952380952381
21668,66,0.7286713286713287,533.7727272727273
21669,13,0.28205128205128205,50.23076923076923
21670,0,0.0,0.0
21671,42,0.2682926829268293,65.45238095238095
21672,8,0.21428571428571427,15.625
21673,18,0.16339869281045752,41.666666666666664
21674,0,0.0,0.0
21675,57,0.6641604010025063,506.0701754385965
21676,0,0.0,0.0
21677,36,0.4492063492063492,30.75
21678,56,0.18376623376623377,39.75
21679,45,0.47575757575757577,144.73333333333332
21680,14,0.24175824175824176,378.14285714285717
21681,15,0.22857142857142856,36.13333333333333
21682,12,0.10606060606060606,33.333333333333336
21683,3,0.3333333333333333,14.0
21684,14,0.45054945054945056,74.57142857142857
21685,8,0.32142857142857145,180.25
21686,27,0.2962962962962963,122.37037037037037
21687,84,0.6242111302352267,397.7738095238095
21688,21,0.43333333333333335,139.04761904761904
21689,219,0.6301369863013698,451.5159817351598
21690,1,0.0,3.0
21691,26,0.16,51.88461538461539
21692,2,1.0,78.5
21693,39,0.22672064777327935,57.97435897435897
21694,0,0.0,0.0
21695,1,0.0,1.0
21696,0,0.0,0.0
21697,2,1.0,26.5
21698,15,0.4095238095238095,93.13333333333334
21699,8,0.25,31.5
21700,4,0.6666666666666666,82.75
21701,0,0.0,0.0
21702,19,0.29239766081871343,76.21052631578948
21703,2,0.0,5.0
21704,105,0.260989010989011,138.5142857142857
21705,31,0.26666666666666666,34.645161290322584
21706,0,0.0,0.0
21707,0,0.0,0.0
21708,14,0.17582417582417584,42.285714285714285
21709,53,0.5188679245283019,335.2830188679245
21710,32,0.12298387096774194,51.4375
21711,1,0.0,25.0
21712,10,0.24444444444444444,63.2
21713,3,0.0,3.6666666666666665
21714,0,0.0,0.0
21715,87,0.5244587008821171,411.7586206896552
21716,17,0.19117647058823528,18.941176470588236
21717,37,0.27177177177177175,89.72972972972973
21718,2,0.0,19.0
21719,46,0.17777777777777778,108.8913043478261
21720,32,0.23790322580645162,99.59375
21721,1,0.0,1.0
21722,0,0.0,0.0
21723,63,0.37019969278033793,332.8888888888889
21724,100,0.4305050505050505,411.16
21725,0,0.0,0.0
21726,453,0.507413702162574,629.0507726269316
21727,0,0.0,0.0
21728,15,0.4,97.2
21729,55,0.1414141414141414,82.58181818181818
21730,1,0.0,2.0
21731,30,0.5563218390804597,234.5
21732,3,0.3333333333333333,5.333333333333333
21733,25,0.42,22.32
21734,458,0.30062205574613243,534.6593886462882
21735,26,0.28923076923076924,150.26923076923077
21736,12,0.21212121212121213,79.5
21737,26,0.28,76.15384615384616
21738,1,0.0,6.0
21739,18,0.24836601307189543,52.72222222222222
21740,1,0.0,4.0
21741,118,0.19368390554831233,52.101694915254235
21742,2,1.0,7.0
21743,4,0.16666666666666666,10.0
21744,143,0.18546242489904463,96.4895104895105
21745,9,0.3055555555555556,265.22222222222223
21746,6,0.13333333333333333,6.666666666666667
21747,5,1.0,93.8
21748,408,0.3838102808691044,408.546568627451
21749,4,1.0,13.25
21750,0,0.0,0.0
21751,25,0.34,153.56
21752,47,0.19888991674375578,60.02127659574468
21753,5,0.2,17.4
21754,672,0.20174224682421404,384.14136904761904
21755,4,0.3333333333333333,58.0
21756,95,0.1444568868980963,85.98947368421052
21757,0,0.0,0.0
21758,20,0.26842105263157895,57.4
21759,6,0.06666666666666667,16.666666666666668
21760,37,0.33183183183183185,77.54054054054055
21761,23,0.20553359683794467,46.26086956521739
21762,226,0.4816912487708948,344.04424778761063
21763,47,0.28769657724329323,83.95744680851064
21764,23,0.40711462450592883,91.8695652173913
21765,8,0.5,25.0
21766,424,0.18663856550247557,293.1438679245283
21767,0,0.0,0.0
21768,0,0.0,0.0
21769,70,0.2699792960662526,107.75714285714285
21770,1,0.0,6.0
21771,198,0.44952058657642413,500.65656565656565
21772,20,0.42105263157894735,58.9
21773,17,0.5955882352941176,234.76470588235293
21774,14,0.13186813186813187,35.857142857142854
21775,40,0.28974358974358977,60.425
21776,65,0.23942307692307693,95.6
21777,2,0.0,85.5
21778,9,0.5277777777777778,16.0
21779,23,0.4426877470355731,149.56521739130434
21780,0,0.0,0.0
21781,255,0.33913849004168595,486.2392156862745
21782,32,0.1774193548387097,89.0
21783,0,0.0,0.0
21784,156,0.5595533498759305,286.69871794871796
21785,1,0.0,8.0
21786,242,0.4083536229896094,411.8305785123967
21787,101,0.3489108910891089,123.67326732673267
21788,0,0.0,0.0
21789,2,0.0,3.0
21790,105,0.16080586080586082,88.43809523809524
21791,644,0.21148923427644098,439.1133540372671
21792,13,0.48717948717948717,62.38461538461539
21793,523,0.3135755258126195,463.8183556405354
21794,2,0.0,14.0
21795,0,0.0,0.0
21796,5,0.5,84.4
21797,4,0.6666666666666666,28.25
21798,245,0.647039143526263,285.44489795918366
21799,3,0.0,8.666666666666666
21800,11,0.12727272727272726,20.0
21801,4,0.16666666666666666,50.75
21802,0,0.0,0.0
21803,35,0.25546218487394956,56.142857142857146
21804,6,0.3333333333333333,35.333333333333336
21805,0,0.0,0.0
21806,40,0.21153846153846154,100.3
21807,8,0.03571428571428571,154.125
21808,96,0.1649122807017544,115.42708333333333
21809,15,0.20952380952380953,40.4
21810,10,0.3333333333333333,64.5
21811,0,0.0,0.0
21812,3,0.3333333333333333,15.333333333333334
21813,14,0.12087912087912088,31.428571428571427
21814,130,0.19487179487179487,83.94615384615385
21815,442,0.4366054113953274,666.841628959276
21816,26,0.18769230769230769,61.03846153846154
21817,21,0.2,42.142857142857146
21818,9,0.25,50.0
21819,19,0.3391812865497076,94.3157894736842
21820,2,1.0,23.0
21821,4,0.6666666666666666,14.25
21822,8,0.32142857142857145,60.125
21823,1,0.0,25.0
21824,65,0.225,109.52307692307693
21825,0,0.0,0.0
21826,114,0.2602080422294675,115.58771929824562
21827,0,0.0,0.0
21828,0,0.0,0.0
21829,1,0.0,11.0
21830,36,0.3634920634920635,123.22222222222223
21831,56,0.33246753246753247,147.94642857142858
21832,0,0.0,0.0
21833,25,0.22666666666666666,108.6
21834,5,0.5,71.0
21835,44,0.226215644820296,204.79545454545453
21836,11,0.5636363636363636,39.18181818181818
21837,124,0.4752163650668765,535.0806451612904
21838,18,0.27450980392156865,44.666666666666664
21839,2,0.0,18.0
21840,52,0.21644042232277527,89.59615384615384
21841,299,0.3705191802653139,453.7123745819398
21842,1,0.0,26.0
21843,89,0.12257405515832483,56.7752808988764
21844,7,0.6666666666666666,53.142857142857146
21845,15,0.14285714285714285,55.0
21846,126,0.5662222222222222,565.8412698412699
21847,49,0.5144557823129252,398.61224489795916
21848,35,0.4050420168067227,109.42857142857143
21849,0,0.0,0.0
21850,6,0.3333333333333333,95.83333333333333
21851,101,0.26415841584158417,147.53465346534654
21852,9,0.5277777777777778,13.11111111111111
21853,3,0.0,8.666666666666666
21854,3,0.0,4.333333333333333
21855,1,0.0,11.0
21856,46,0.178743961352657,120.78260869565217
21857,67,0.1854364540931705,155.70149253731344
21858,429,0.4025118183996689,456.0769230769231
21859,8,0.17857142857142858,250.375
21860,3,0.0,6.666666666666667
21861,9,0.3333333333333333,97.44444444444444
21862,463,0.3574560788383683,489.3390928725702
21863,15,0.41904761904761906,114.66666666666667
21864,4,0.5,47.5
21865,301,0.40757475083056477,431.36212624584715
21866,661,0.3409984871406959,535.3691376701967
21867,41,0.8256097560975609,418.4878048780488
21868,230,0.40907537497626734,523.0826086956522
21869,29,0.6625615763546798,265.82758620689657
21870,95,0.4094064949608063,147.8
21871,49,0.3792517006802721,100.77551020408163
21872,19,0.38011695906432746,28.36842105263158
21873,11,0.509090909090909,164.0
21874,0,0.0,0.0
21875,362,0.4384842595001607,453.73204419889504
21876,0,0.0,0.0
21877,6,0.4,17.333333333333332
21878,43,0.43410852713178294,228.27906976744185
21879,0,0.0,0.0
21880,6,0.13333333333333333,16.666666666666668
21881,10,0.2,24.7
21882,21,0.4142857142857143,144.42857142857142
21883,9,0.7777777777777778,92.88888888888889
21884,5,0.4,48.6
21885,10,0.13333333333333333,17.0
21886,28,0.6481481481481481,456.7142857142857
21887,92,0.24343048256091734,71.75
21888,2,1.0,15.0
21889,144,0.18337218337218336,73.68055555555556
21890,5,0.1,47.2
21891,39,0.5006747638326585,329.4871794871795
21892,10,0.24444444444444444,67.6
21893,4,0.3333333333333333,36.25
21894,5,0.4,18.4
21895,23,0.39920948616600793,165.7391304347826
21896,20,0.21578947368421053,55.05
21897,267,0.5309622370533075,596.8464419475655
21898,48,0.4299645390070922,277.3541666666667
21899,60,0.6830508474576271,478.3833333333333
21900,41,0.4682926829268293,280.390243902439
21901,37,0.46396396396396394,53.945945945945944
21902,22,0.24242424242424243,58.45454545454545
21903,27,0.39886039886039887,31.11111111111111
21904,10,0.24444444444444444,53.8
21905,15,0.34285714285714286,79.26666666666667
21906,2,0.0,7.0
21907,11,0.34545454545454546,35.27272727272727
21908,354,0.3695683487780285,483.3502824858757
21909,10,0.6222222222222222,210.5
21910,1,0.0,29.0
21911,5,0.3,98.8
21912,0,0.0,0.0
21913,22,0.1774891774891775,38.81818181818182
21914,48,0.4450354609929078,127.64583333333333
21915,588,0.3618595649503413,589.5918367346939
21916,4,0.16666666666666666,16.5
21917,8,0.14285714285714285,16.75
21918,28,0.1349206349206349,32.785714285714285
21919,13,0.15384615384615385,9.846153846153847
21920,174,0.36695236196930436,406.9425287356322
21921,19,0.38011695906432746,62.68421052631579
21922,142,0.3906702627110179,175.19014084507043
21923,1,0.0,81.0
21924,3,0.6666666666666666,3.0
21925,61,0.2185792349726776,82.42622950819673
21926,0,0.0,0.0
21927,33,0.26325757575757575,81.15151515151516
21928,31,0.3053763440860215,86.51612903225806
21929,103,0.31125071387778414,112.75728155339806
21930,7,0.2857142857142857,8.0
21931,5,0.4,57.0
21932,19,0.15204678362573099,49.0
21933,19,0.6081871345029239,426.7894736842105
21934,130,0.11425163983303518,92.86153846153846
21935,73,0.1845509893455099,161.72602739726028
21936,13,0.2948717948717949,89.6923076923077
21937,236,0.36483952398124775,530.5720338983051
21938,76,0.34,126.13157894736842
21939,90,0.2484394506866417,126.62222222222222
21940,39,0.5222672064777328,31.974358974358974
21941,3,0.6666666666666666,7.0
21942,12,0.15151515151515152,40.833333333333336
21943,8,0.17857142857142858,24.375
21944,0,0.0,0.0
21945,14,0.43956043956043955,28.928571428571427
21946,30,0.2942528735632184,97.0
21947,988,0.2698665649393533,498.91902834008096
21948,9,0.25,35.111111111111114
21949,41,0.1548780487804878,73.04878048780488
21950,51,0.4235294117647059,219.68627450980392
21951,16,0.5583333333333333,156.1875
21952,8,0.17857142857142858,30.875
21953,13,0.28205128205128205,84.38461538461539
21954,28,0.41005291005291006,205.14285714285714
21955,166,0.24965315808689303,145.210843373494
21956,219,0.5387708935528466,473.27853881278537
21957,0,0.0,0.0
21958,2,1.0,130.5
21959,157,0.43867385268659154,557.2547770700637
21960,0,0.0,0.0
21961,23,0.5098814229249012,182.1304347826087
21962,0,0.0,0.0
21963,509,0.3561251798338567,537.0609037328094
21964,10,0.17777777777777778,21.2
21965,71,0.22494969818913482,57.056338028169016
21966,8,0.0,8.5
21967,35,0.3226890756302521,117.08571428571429
21968,11,0.32727272727272727,117.72727272727273
21969,12,0.4090909090909091,50.333333333333336
21970,22,0.3852813852813853,59.81818181818182
21971,17,0.3602941176470588,84.3529411764706
21972,47,0.2414431082331175,58.234042553191486
21973,8,0.14285714285714285,12.875
21974,45,0.3434343434343434,171.95555555555555
21975,152,0.17662948762635064,139.06578947368422
21976,28,0.23015873015873015,61.964285714285715
21977,22,0.46320346320346323,161.0909090909091
21978,343,0.3673298893492234,499.2128279883382
21979,3,1.0,3.6666666666666665
21980,69,0.38107416879795397,342.15942028985506
21981,17,0.5514705882352942,28.235294117647058
21982,8,0.21428571428571427,47.625
21983,4,0.16666666666666666,50.0
21984,15,0.3238095238095238,112.2
21985,40,0.23974358974358975,63.25
21986,0,0.0,0.0
21987,23,0.21739130434782608,74.56521739130434
21988,84,0.2621916236374068,142.22619047619048
21989,0,0.0,0.0
21990,52,0.27828054298642535,121.6923076923077
21991,156,0.10115798180314309,131.85897435897436
21992,0,0.0,0.0
21993,90,0.6162297128589264,302.05555555555554
21994,141,0.26149949341438705,118.24113475177305
21995,7,0.38095238095238093,39.42857142857143
21996,965,0.2931460021929353,530.4766839378239
21997,179,0.3279769003829013,348.9553072625698
21998,48,0.09485815602836879,64.8125
21999,446,0.4046052300095732,589.2600896860987
22000,166,0.16663015699160277,127.86746987951807
22001,1,0.0,26.0
22002,1,0.0,2.0
22003,47,0.2645698427382054,101.36170212765957
22004,274,0.43530921633111413,511.5839416058394
22005,5,0.6,108.4
22006,43,0.22259136212624583,232.11627906976744
22007,698,0.3122756964970627,535.9971346704871
22008,22,0.41125541125541126,136.04545454545453
22009,88,0.19017763845350052,95.43181818181819
22010,1,0.0,25.0
22011,45,0.2717171717171717,84.68888888888888
22012,31,0.25591397849462366,43.096774193548384
22013,1,0.0,81.0
22014,10,0.2,57.2
22015,2,1.0,109.5
22016,9,0.4166666666666667,55.0
22017,5,0.3,13.2
22018,40,0.5705128205128205,235.85
22019,108,0.24385600553824852,128.61111111111111
22020,534,0.3667179627716761,500.1123595505618
22021,13,0.38461538461538464,42.53846153846154
22022,25,0.24666666666666667,58.76
22023,187,0.6450462883100454,290.1818181818182
22024,22,0.06060606060606061,17.90909090909091
22025,121,0.3338842975206612,355.4710743801653
22026,48,0.28368794326241137,125.5
22027,14,0.18681318681318682,48.92857142857143
22028,119,0.3372738926078906,155.76470588235293
22029,0,0.0,0.0
22030,2,1.0,20.0
22031,15,0.3904761904761905,36.93333333333333
22032,2,0.0,5.5
22033,5,0.4,16.2
22034,13,0.08974358974358974,21.384615384615383
22035,4,0.16666666666666666,27.25
22036,6,0.06666666666666667,4.833333333333333
22037,15,0.37142857142857144,208.6
22038,0,0.0,0.0
22039,16,0.18333333333333332,59.0625
22040,1,0.0,1.0
22041,27,0.4415954415954416,144.85185185185185
22042,11,0.18181818181818182,247.63636363636363
22043,134,0.32880709235776007,326.07462686567163
22044,182,0.5034302713860724,600.7802197802198
22045,3,0.3333333333333333,2.6666666666666665
22046,38,0.2958748221906117,292.0263157894737
22047,24,0.2826086956521739,72.66666666666667
22048,96,0.21359649122807017,132.07291666666666
22049,38,0.2019914651493599,170.07894736842104
22050,25,0.32,76.92
22051,8,0.42857142857142855,69.125
22052,0,0.0,0.0
22053,267,0.33679704880177974,425.9138576779026
22054,53,0.30406386066763424,78.39622641509433
22055,19,0.27485380116959063,318.10526315789474
22056,7,0.5714285714285714,67.57142857142857
22057,7,0.23809523809523808,46.57142857142857
22058,277,0.4263328624496416,435.4765342960289
22059,15,0.22857142857142856,41.2
22060,100,0.25676767676767676,103.47
22061,1,0.0,2.0
22062,0,0.0,0.0
22063,221,0.304607157548334,406.29411764705884
22064,15,0.20952380952380953,34.333333333333336
22065,244,0.3206840720501923,333.5614754098361
22066,37,0.3738738738738739,137.83783783783784
22067,0,0.0,0.0
22068,1,0.0,2.0
22069,249,0.45277885736494367,350.09638554216866
22070,32,0.1975806451612903,61.375
22071,258,0.39230235574457817,400.78682170542635
22072,131,0.20974750440399295,297.64885496183206
22073,4,0.3333333333333333,11.25
22074,64,0.3854166666666667,120.921875
22075,8,0.17857142857142858,80.375
22076,64,0.24702380952380953,73.109375
22077,18,0.21568627450980393,37.888888888888886
22078,15,0.3047619047619048,110.06666666666666
22079,9,0.5277777777777778,222.66666666666666
22080,7,0.2857142857142857,33.714285714285715
22081,0,0.0,0.0
22082,4,0.6666666666666666,119.5
22083,27,0.25925925925925924,140.59259259259258
22084,16,0.2833333333333333,88.8125
22085,1,0.0,20.0
22086,1,0.0,31.0
22087,44,0.2040169133192389,56.18181818181818
22088,22,0.15151515151515152,17.363636363636363
22089,0,0.0,0.0
22090,44,0.4439746300211416,200.45454545454547
22091,2,1.0,39.0
22092,0,0.0,0.0
22093,0,0.0,0.0
22094,115,0.6327993897787948,474.5826086956522
22095,0,0.0,0.0
22096,5,0.2,39.6
22097,9,0.05555555555555555,30.666666666666668
22098,34,0.18538324420677363,27.764705882352942
22099,13,0.1794871794871795,43.38461538461539
22100,146,0.46698157770429854,452.3013698630137
22101,213,0.44485782620249803,551.5164319248827
22102,114,0.34528799875795685,139.6315789473684
22103,1,0.0,1.0
22104,0,0.0,0.0
22105,0,0.0,0.0
22106,21,0.319047619047619,128.95238095238096
22107,44,0.5824524312896406,225.63636363636363
22108,2,0.0,7.0
22109,1,0.0,17.0
22110,0,0.0,0.0
22111,34,0.6096256684491979,436.61764705882354
22112,34,0.3778966131907308,51.088235294117645
22113,8,0.42857142857142855,27.875
22114,207,0.17405374982411706,114.54589371980677
22115,3,0.0,29.666666666666668
22116,24,0.5,96.33333333333333
22117,60,0.3757062146892655,113.43333333333334
22118,35,0.12605042016806722,32.68571428571428
22119,576,0.18309178743961352,371.2361111111111
22120,0,0.0,0.0
22121,813,0.28001563266864193,513.1389913899139
22122,5,0.4,37.8
22123,1,0.0,17.0
22124,46,0.3826086956521739,113.15217391304348
22125,180,0.1527001862197393,100.46111111111111
22126,3,0.3333333333333333,64.33333333333333
22127,29,0.18719211822660098,86.0
22128,83,0.3843667352336174,387.51807228915663
22129,10,0.17777777777777778,29.0
22130,50,0.2873469387755102,157.18
22131,1,0.0,20.0
22132,145,0.12442528735632184,80.34482758620689
22133,12,0.16666666666666666,38.583333333333336
22134,78,0.691974691974692,333.5897435897436
22135,35,0.2773109243697479,115.31428571428572
22136,1,0.0,86.0
22137,29,0.5221674876847291,94.37931034482759
22138,39,0.300944669365722,112.58974358974359
22139,1,0.0,18.0
22140,25,0.27666666666666667,90.04
22141,2,0.0,110.5
22142,53,0.36502177068214803,119.62264150943396
22143,3,0.6666666666666666,38.333333333333336
22144,24,0.48188405797101447,70.45833333333333
22145,0,0.0,0.0
22146,84,0.12306368330464716,123.5
22147,13,0.1282051282051282,30.0
22148,25,0.12666666666666668,31.2
22149,279,0.44699724091694387,325.1899641577061
22150,0,0.0,0.0
22151,38,0.5277382645803699,275.0
22152,10,0.15555555555555556,50.8
22153,0,0.0,0.0
22154,1,0.0,1.0
22155,1,0.0,1.0
22156,21,0.5380952380952381,284.6666666666667
22157,3,0.3333333333333333,62.0
22158,407,0.41992955786059233,573.3095823095823
22159,8,0.4642857142857143,376.5
22160,1,0.0,288.0
22161,11,0.4,106.63636363636364
22162,19,0.27485380116959063,89.78947368421052
22163,0,0.0,0.0
22164,217,0.40877282812766685,484.05069124423966
22165,6,0.2,16.0
22166,2,0.0,7.0
22167,0,0.0,0.0
22168,309,0.5035094355482705,580.7799352750809
22169,15,0.22857142857142856,27.6
22170,11,0.41818181818181815,43.81818181818182
22171,35,0.2504201680672269,42.65714285714286
22172,43,0.3167220376522702,276.9767441860465
22173,1280,0.23884015832681782,514.08046875
22174,9,0.5555555555555556,393.1111111111111
22175,31,0.13763440860215054,60.12903225806452
22176,19,0.2982456140350877,94.15789473684211
22177,9,0.7222222222222222,20.555555555555557
22178,13,0.6794871794871795,629.4615384615385
22179,71,0.39235412474849096,174.74647887323943
22180,6,0.7333333333333333,614.6666666666666
22181,22,0.14285714285714285,42.68181818181818
22182,33,0.21022727272727273,62.0
22183,4,0.3333333333333333,16.5
22184,2,0.0,20.0
22185,27,0.4017094017094017,124.22222222222223
22186,384,0.5051131418624891,609.046875
22187,43,0.18604651162790697,53.97674418604651
22188,11,0.3090909090909091,69.81818181818181
22189,0,0.0,0.0
22190,9,0.4166666666666667,41.44444444444444
22191,10,0.4888888888888889,73.6
22192,109,0.18212708120965002,121.6697247706422
22193,6,0.5333333333333333,33.666666666666664
22194,20,0.1631578947368421,116.6
22195,22,0.14285714285714285,60.40909090909091
22196,2,0.0,14.5
22197,39,0.15519568151147098,75.2051282051282
22198,2,0.0,17.5
22199,26,0.20615384615384616,142.23076923076923
22200,344,0.33959929486744866,370.69476744186045
22201,0,0.0,0.0
22202,110,0.36246872393661383,284.06363636363636
22203,2,1.0,33.0
22204,36,0.2904761904761905,31.694444444444443
22205,2,0.0,6.0
22206,23,0.33201581027667987,63.47826086956522
22207,4,0.0,11.25
22208,574,0.38334823138807306,585.0540069686411
22209,16,0.475,91.9375
22210,43,0.2502768549280177,91.62790697674419
22211,16,0.5583333333333333,114.875
22212,53,0.20319303338171263,115.56603773584905
22213,23,0.14624505928853754,39.43478260869565
22214,5,0.5,43.4
22215,12,0.06060606060606061,17.416666666666668
22216,4,0.6666666666666666,127.0
22217,1,0.0,1.0
22218,2,0.0,25.0
22219,68,0.33187006145741876,266.45588235294116
22220,4,0.16666666666666666,10.5
22221,34,0.17290552584670232,57.588235294117645
22222,3,0.3333333333333333,86.66666666666667
22223,4,0.5,109.0
22224,18,0.48366013071895425,118.27777777777777
22225,93,0.22159887798036465,116.05376344086021
22226,18,0.29411764705882354,31.666666666666668
22227,5,0.3,20.6
22228,32,0.16129032258064516,125.28125
22229,10,0.1111111111111111,25.9
22230,11,0.2545454545454545,20.454545454545453
22231,72,0.2949921752738654,284.5
22232,25,0.26666666666666666,108.12
22233,40,0.44743589743589746,301.475
22234,4,0.16666666666666666,95.25
22235,44,0.27167019027484146,125.3409090909091
22236,13,0.34615384615384615,97.6923076923077
22237,9,0.1388888888888889,37.55555555555556
22238,11,0.21818181818181817,328.90909090909093
22239,105,0.2250915750915751,96.3047619047619
22240,33,0.17045454545454544,57.121212121212125
22241,160,0.23781446540880502,145.00625
22242,59,0.4570426651081239,142.96610169491527
22243,29,0.1477832512315271,110.82758620689656
22244,0,0.0,0.0
22245,40,0.22564102564102564,73.85
22246,11,0.38181818181818183,48.90909090909091
22247,5,0.3,75.2
22248,305,0.1879853321829163,142.55409836065573
22249,1,0.0,31.0
22250,46,0.5903381642512078,351.0217391304348
22251,0,0.0,0.0
22252,0,0.0,0.0
22253,9,0.5277777777777778,28.333333333333332
22254,4,0.5,104.0
22255,1,0.0,11.0
22256,53,0.2169811320754717,101.39622641509433
22257,3,0.0,13.0
22258,30,0.3931034482758621,148.96666666666667
22259,17,0.11029411764705882,19.764705882352942
22260,2,0.0,18.5
22261,0,0.0,0.0
22262,34,0.24955436720142601,122.0
22263,0,0.0,0.0
22264,10,0.37777777777777777,49.9
22265,2,0.0,10.5
22266,71,0.3146881287726358,130.25352112676057
22267,7,0.2857142857142857,7.571428571428571
22268,206,0.5060857210513853,361.13592233009706
22269,212,0.23227219887328981,138.75
22270,16,0.16666666666666666,24.6875
22271,122,0.5102289662647338,570.672131147541
22272,50,0.16979591836734695,88.96
22273,39,0.2739541160593792,127.64102564102564
22274,0,0.0,0.0
22275,39,0.46288798920377866,123.48717948717949
22276,1,0.0,9.0
22277,34,0.3172905525846702,188.23529411764707
22278,11,0.10909090909090909,61.09090909090909
22279,86,0.5581395348837209,543.7906976744187
22280,0,0.0,0.0
22281,39,0.23616734143049933,78.3076923076923
22282,0,0.0,0.0
22283,3,1.0,15.333333333333334
22284,7,0.23809523809523808,15.0
22285,14,0.31868131868131866,83.14285714285714
22286,0,0.0,0.0
22287,75,0.17225225225225224,47.586666666666666
22288,5,0.5,6.8
22289,22,0.5151515151515151,117.04545454545455
22290,58,0.3690260133091349,147.0344827586207
22291,0,0.0,0.0
22292,68,0.24714661984196665,65.83823529411765
22293,7,0.2857142857142857,22.857142857142858
22294,20,0.4105263157894737,56.75
22295,30,0.3080459770114943,108.36666666666666
22296,70,0.537888198757764,417.6714285714286
22297,2,1.0,110.5
22298,7,0.23809523809523808,24.714285714285715
22299,92,0.278786430960344,318.2391304347826
22300,27,0.17663817663817663,88.70370370370371
22301,12,0.5454545454545454,138.75
22302,2,0.0,9.5
22303,2,0.0,17.0
22304,13,0.23076923076923078,29.307692307692307
22305,1,0.0,17.0
22306,5,0.3,30.4
22307,5,0.7,115.4
22308,6,0.26666666666666666,44.0
22309,18,0.23529411764705882,176.11111111111111
22310,12,0.21212121212121213,128.75
22311,5,0.0,11.6
22312,2,0.0,67.5
22313,0,0.0,0.0
22314,0,0.0,0.0
22315,29,0.09359605911330049,100.79310344827586
22316,3,0.6666666666666666,53.333333333333336
22317,3,0.3333333333333333,10.0
22318,35,0.10252100840336134,41.17142857142857
22319,36,0.3349206349206349,64.33333333333333
22320,13,0.3974358974358974,92.53846153846153
22321,13,0.6153846153846154,578.9230769230769
22322,1,0.0,9.0
22323,33,0.3465909090909091,28.87878787878788
22324,4,0.3333333333333333,42.0
22325,3,0.0,27.0
22326,4,0.16666666666666666,57.75
22327,21,0.15714285714285714,107.85714285714286
22328,28,0.36507936507936506,105.64285714285714
22329,16,0.13333333333333333,34.0625
22330,23,0.383399209486166,142.30434782608697
22331,253,0.1769558943471987,120.62450592885375
22332,1,0.0,1.0
22333,88,0.321055381400209,218.89772727272728
22334,9,0.4166666666666667,34.888888888888886
22335,6,0.3333333333333333,67.66666666666667
22336,1,0.0,6.0
22337,19,0.15204678362573099,24.42105263157895
22338,447,0.4064064365325388,527.8545861297539
22339,5,0.3,47.8
22340,69,0.4855072463768116,433.8695652173913
22341,91,0.14163614163614163,57.62637362637363
22342,6,0.06666666666666667,14.0
22343,15,0.8380952380952381,28.666666666666668
22344,2,1.0,103.5
22345,2,0.0,14.0
22346,0,0.0,0.0
22347,227,0.3885618494405676,461.0044052863436
22348,24,0.19927536231884058,43.375
22349,7,0.19047619047619047,39.714285714285715
22350,19,0.36257309941520466,52.26315789473684
22351,0,0.0,0.0
22352,2,0.0,69.5
22353,7,0.3333333333333333,44.714285714285715
22354,5,0.0,15.6
22355,23,0.2134387351778656,67.43478260869566
22356,10,0.28888888888888886,31.4
22357,50,0.3893877551020408,123.6
22358,0,0.0,0.0
22359,13,0.19230769230769232,60.46153846153846
22360,0,0.0,0.0
22361,84,0.3023522662076879,109.86904761904762
22362,89,0.20122574055158324,61.842696629213485
22363,9,0.19444444444444445,21.0
22364,1,0.0,25.0
22365,2,0.0,28.5
22366,111,0.81998361998362,378.6936936936937
22367,32,0.5584677419354839,307.78125
22368,9,0.4166666666666667,36.55555555555556
22369,338,0.46950994679823715,638.9733727810651
22370,85,0.24873949579831933,108.38823529411765
22371,385,0.4223349567099567,624.9506493506493
22372,84,0.3864027538726334,386.8452380952381
22373,18,0.37254901960784315,77.83333333333333
22374,58,0.3194192377495463,126.34482758620689
22375,1,0.0,3.0
22376,0,0.0,0.0
22377,0,0.0,0.0
22378,3,0.3333333333333333,10.0
22379,24,0.391304347826087,31.083333333333332
22380,1,0.0,3.0
22381,206,0.5108690504380772,533.5679611650486
22382,40,0.23846153846153847,65.1
22383,0,0.0,0.0
22384,8,0.07142857142857142,10.25
22385,13,0.38461538461538464,12.384615384615385
22386,79,0.16455696202531644,91.86075949367088
22387,28,0.1984126984126984,42.32142857142857
22388,40,0.19615384615384615,71.3
22389,6,0.0,17.333333333333332
22390,47,0.41905642923219244,181.89361702127658
22391,3,1.0,15.333333333333334
22392,49,0.21768707482993196,80.0204081632653
22393,33,0.2556818181818182,49.0
22394,1,0.0,24.0
22395,20,0.33157894736842103,82.75
22396,12,0.06060606060606061,14.416666666666666
22397,4,0.16666666666666666,28.0
22398,93,0.21598877980364656,105.41935483870968
22399,0,0.0,0.0
22400,39,0.23616734143049933,66.25641025641026
22401,193,0.26921416234887735,139.63730569948186
22402,46,0.25217391304347825,58.43478260869565
22403,6,0.3333333333333333,144.5
22404,0,0.0,0.0
22405,2,1.0,24.0
22406,9,0.4722222222222222,43.111111111111114
22407,36,0.5238095238095238,108.30555555555556
22408,22,0.5844155844155844,144.5909090909091
22409,0,0.0,0.0
22410,76,0.44070175438596493,348.38157894736844
22411,0,0.0,0.0
22412,67,0.28222523744911804,140.17910447761193
22413,18,0.3202614379084967,23.22222222222222
22414,73,0.55441400304414,428.4657534246575
22415,13,0.19230769230769232,41.92307692307692
22416,6,0.2,20.166666666666668
22417,58,0.2673926194797338,82.5
22418,277,0.4600272066132998,300.23104693140795
22419,16,0.3416666666666667,78.75
22420,60,0.32655367231638416,125.45
22421,27,0.33903133903133903,58.25925925925926
22422,0,0.0,0.0
22423,17,0.6911764705882353,380.52941176470586
22424,5,0.2,17.6
22425,407,0.31410900376417616,479.2088452088452
22426,23,0.466403162055336,24.0
22427,12,0.5606060606060606,89.83333333333333
22428,152,0.631056117113977,585.4144736842105
22429,22,0.2987012987012987,99.9090909090909
22430,1,0.0,29.0
22431,495,0.3538297959350591,548.8181818181819
22432,3,0.3333333333333333,71.66666666666667
22433,14,0.13186813186813187,31.642857142857142
22434,329,0.42315961153532505,532.4741641337386
22435,21,0.4857142857142857,87.80952380952381
22436,27,0.45584045584045585,417.22222222222223
22437,4,0.3333333333333333,109.25
22438,214,0.6842613312272389,304.4392523364486
22439,4,1.0,156.75
22440,7,0.38095238095238093,18.571428571428573
22441,7,0.14285714285714285,42.42857142857143
22442,8,0.17857142857142858,252.25
22443,100,0.43272727272727274,286.48
22444,24,0.2391304347826087,99.75
22445,19,0.24561403508771928,67.36842105263158
22446,235,0.4248045099108929,431.1446808510638
22447,2,0.0,14.5
22448,19,0.2573099415204678,108.15789473684211
22449,10,0.26666666666666666,47.5
22450,10,0.6666666666666666,32.5
22451,0,0.0,0.0
22452,36,0.2857142857142857,77.44444444444444
22453,5,0.6,122.4
22454,36,0.3873015873015873,69.16666666666667
22455,0,0.0,0.0
22456,55,0.336026936026936,150.43636363636364
22457,19,0.21052631578947367,22.736842105263158
22458,988,0.3045071762876914,568.4807692307693
22459,3,0.0,12.0
22460,5,0.6,38.8
22461,34,0.3939393939393939,112.79411764705883
22462,4,0.5,64.0
22463,59,0.17299824663939217,101.94915254237289
22464,135,0.3505804311774461,470.05925925925925
22465,82,0.17795844625112917,82.5609756097561
22466,0,0.0,0.0
22467,63,0.29237071172555046,100.88888888888889
22468,24,0.3333333333333333,99.125
22469,2,0.0,1.5
22470,152,0.5626524921575462,476.38157894736844
22471,7,0.42857142857142855,63.857142857142854
22472,17,0.7867647058823529,77.6470588235294
22473,0,0.0,0.0
22474,49,0.2814625850340136,69.46938775510205
22475,4,0.16666666666666666,11.25
22476,8,0.21428571428571427,66.75
22477,36,0.06507936507936508,33.111111111111114
22478,1191,0.22789266840237354,479.5566750629723
22479,17,0.6029411764705882,211.7058823529412
22480,1,0.0,1.0
22481,8,0.10714285714285714,30.875
22482,0,0.0,0.0
22483,0,0.0,0.0
22484,7,0.23809523809523808,139.71428571428572
22485,152,0.4637504356918787,328.7631578947368
22486,9,0.6388888888888888,53.333333333333336
22487,268,0.3646933869975963,433.51119402985074
22488,1,0.0,29.0
22489,15,0.19047619047619047,40.53333333333333
22490,220,0.5358655043586551,292.28636363636366
22491,370,0.35297736761151394,282.5162162162162
22492,0,0.0,0.0
22493,0,0.0,0.0
22494,221,0.609502262443439,555.2081447963801
22495,6,0.26666666666666666,20.166666666666668
22496,8,0.32142857142857145,42.125
22497,0,0.0,0.0
22498,0,0.0,0.0
22499,82,0.4817825956037338,473.6341463414634
22500,9,0.25,18.22222222222222
22501,354,0.4511131383940718,588.7005649717514
22502,7,0.09523809523809523,39.0
22503,13,0.38461538461538464,59.46153846153846
22504,67,0.34780642243328813,287.56716417910445
22505,6,0.5333333333333333,5.833333333333333
22506,1,0.0,50.0
22507,24,0.2898550724637681,95.875
22508,7,0.23809523809523808,18.0
22509,16,0.39166666666666666,213.0625
22510,234,0.12497707347492755,99.72649572649573
22511,0,0.0,0.0
22512,25,0.2833333333333333,55.6
22513,145,0.33160919540229883,155.24827586206897
22514,59,0.23553477498538866,85.47457627118644
22515,382,0.5194926550411565,634.5471204188482
22516,108,0.41986846659743854,297.8796296296296
22517,5,0.5,52.6
22518,25,0.35,82.04
22519,23,0.23715415019762845,52.04347826086956
22520,3,0.3333333333333333,5.666666666666667
22521,0,0.0,0.0
22522,4,0.5,46.25
22523,2,0.0,6.0
22524,3,1.0,36.0
22525,13,0.3717948717948718,45.69230769230769
22526,46,0.2396135265700483,79.58695652173913
22527,141,0.25957446808510637,287.63829787234044
22528,13,0.0641025641025641,46.84615384615385
22529,0,0.0,0.0
22530,191,0.44976577569578396,428.42931937172773
22531,36,0.22857142857142856,107.5
22532,145,0.546455938697318,542.2689655172413
22533,12,0.36363636363636365,51.083333333333336
22534,34,0.6167557932263814,458.52941176470586
22535,22,0.21212121212121213,38.18181818181818
22536,29,0.6108374384236454,437.7931034482759
22537,83,0.3820158683514546,163.42168674698794
22538,507,0.45874749553679317,545.4536489151874
22539,19,0.24561403508771928,193.6315789473684
22540,0,0.0,0.0
22541,60,0.2570621468926554,130.76666666666668
22542,83,0.7493388186893917,256.7831325301205
22543,1,0.0,16.0
22544,4,0.6666666666666666,16.75
22545,31,0.6688172043010753,262.8709677419355
22546,23,0.2845849802371542,53.52173913043478
22547,42,0.13472706155632985,21.904761904761905
22548,2,0.0,5.5
22549,57,0.4605263157894737,356.2105263157895
22550,1,0.0,28.0
22551,5,0.5,26.4
22552,2,0.0,24.5
22553,267,0.192193968066233,134.8426966292135
22554,8,0.17857142857142858,55.125
22555,156,0.4791563275434243,473.40384615384613
22556,3,0.0,6.0
22557,9,0.08333333333333333,15.333333333333334
22558,39,0.5128205128205128,29.41025641025641
22559,109,0.281515460414543,351.07339449541286
22560,15,0.3238095238095238,43.333333333333336
22561,221,0.21567256273138627,243.52036199095022
22562,6,0.4666666666666667,13.166666666666666
22563,8,0.17857142857142858,10.875
22564,26,0.5169230769230769,80.15384615384616
22565,18,0.47058823529411764,88.66666666666667
22566,38,0.24182076813655762,58.94736842105263
22567,47,0.3866790009250694,89.02127659574468
22568,760,0.28410997850357117,503.2605263157895
22569,5,0.9,97.0
22570,258,0.30724218019485416,177.60852713178295
22571,7,0.19047619047619047,99.85714285714286
22572,4,0.16666666666666666,15.0
22573,177,0.5414098613251156,395.5593220338983
22574,6,0.2,36.5
22575,12,0.16666666666666666,18.666666666666668
22576,349,0.5317656358067384,587.6045845272206
22577,0,0.0,0.0
22578,1,0.0,1.0
22579,230,0.4260489842415037,470.0086956521739
22580,102,0.693069306930693,265.3921568627451
22581,365,0.3777510161071805,466.26027397260276
22582,2,0.0,18.5
22583,13,0.1794871794871795,47.38461538461539
22584,5,0.1,19.4
22585,6,0.4,64.16666666666667
22586,25,0.47333333333333333,234.2
22587,37,0.21021021021021022,78.67567567567568
22588,294,0.4005247150054561,554.6802721088435
22589,2,1.0,260.0
22590,0,0.0,0.0
22591,5,0.4,32.6
22592,14,0.3626373626373626,43.714285714285715
22593,0,0.0,0.0
22594,4,0.6666666666666666,10.25
22595,1,0.0,16.0
22596,0,0.0,0.0
22597,0,0.0,0.0
22598,320,0.39900078369905956,313.11875
22599,116,0.3026986506746627,139.4051724137931
22600,19,0.3157894736842105,95.47368421052632
22601,49,0.2602040816326531,80.44897959183673
22602,19,0.29239766081871343,51.473684210526315
22603,14,0.4945054945054945,166.0
22604,17,0.058823529411764705,19.941176470588236
22605,246,0.442906918865107,363.1138211382114
22606,12,0.36363636363636365,44.333333333333336
22607,144,0.21833721833721834,133.68055555555554
22608,90,0.3086142322097378,155.53333333333333
22609,7,0.5238095238095238,288.14285714285717
22610,9,0.16666666666666666,33.55555555555556
22611,620,0.4045755380686852,591.5951612903226
22612,13,0.44871794871794873,171.76923076923077
22613,13,0.23076923076923078,40.23076923076923
22614,25,0.15333333333333332,66.72
22615,154,0.5067481538069774,470.07142857142856
22616,14,0.27472527472527475,86.85714285714286
22617,2,0.0,66.0
22618,1,0.0,4.0
22619,32,0.3487903225806452,98.71875
22620,189,0.5712597095575819,608.6296296296297
22621,28,0.1746031746031746,53.785714285714285
22622,0,0.0,0.0
22623,5,0.5,47.2
22624,24,0.463768115942029,164.08333333333334
22625,2,0.0,59.0
22626,145,0.22768199233716474,105.65517241379311
22627,8,0.17857142857142858,15.0
22628,1,0.0,43.0
22629,2,0.0,15.0
22630,0,0.0,0.0
22631,24,0.19927536231884058,42.875
22632,5,0.4,24.4
22633,24,0.2898550724637681,68.29166666666667
22634,38,0.6372688477951636,191.8421052631579
22635,13,0.20512820512820512,53.69230769230769
22636,14,0.3076923076923077,57.714285714285715
22637,18,0.24836601307189543,101.94444444444444
22638,243,0.12376288133863891,114.2798353909465
22639,6,0.6666666666666666,6.333333333333333
22640,22,0.11688311688311688,37.13636363636363
22641,303,0.37376784036019495,537.0561056105611
22642,95,0.4777155655095185,517.1368421052632
22643,0,0.0,0.0
22644,25,0.4033333333333333,49.92
22645,2,0.0,17.5
22646,94,0.35552505147563485,131.80851063829786
22647,233,0.3931478466775196,487.50643776824035
22648,64,0.24503968253968253,89.828125
22649,8,0.9285714285714286,77.875
22650,12,0.3181818181818182,25.5
22651,0,0.0,0.0
22652,72,0.215962441314554,100.54166666666667
22653,19,0.391812865497076,50.36842105263158
22654,60,0.39378531073446327,429.2
22655,106,0.4628930817610063,366.00943396226415
22656,42,0.21602787456445993,79.14285714285714
22657,271,0.44715047150471504,291.7638376383764
22658,82,0.6205962059620597,427.0609756097561
22659,254,0.17385079829448197,129.81102362204723
22660,159,0.1990287397500199,114.36477987421384
22661,11,0.4727272727272727,92.18181818181819
22662,4,0.3333333333333333,11.25
22663,120,0.2861344537815126,174.59166666666667
22664,11,0.34545454545454546,42.81818181818182
22665,42,0.23577235772357724,68.38095238095238
22666,1,0.0,48.0
22667,0,0.0,0.0
22668,5,0.9,47.4
22669,0,0.0,0.0
22670,37,0.14414414414414414,175.16216216216216
22671,8,0.17857142857142858,36.25
22672,1,0.0,48.0
22673,12,0.30303030303030304,20.5
22674,25,0.6666666666666666,137.08
22675,54,0.6708595387840671,487.44444444444446
22676,1,0.0,17.0
22677,6,0.0,5.833333333333333
22678,3,0.3333333333333333,46.666666666666664
22679,0,0.0,0.0
22680,23,0.24110671936758893,21.47826086956522
22681,10,0.4444444444444444,36.7
22682,48,0.2225177304964539,61.791666666666664
22683,61,0.47650273224043715,464.4754098360656
22684,0,0.0,0.0
22685,0,0.0,0.0
22686,5,0.1,12.6
22687,29,0.41379310344827586,113.44827586206897
22688,218,0.23392381516086755,169.94036697247705
22689,88,0.19958202716823406,58.39772727272727
22690,9,0.25,58.55555555555556
22691,20,0.3,26.35
22692,121,0.7154269972451791,250.21487603305786
22693,1,0.0,62.0
22694,0,0.0,0.0
22695,11,0.14545454545454545,48.63636363636363
22696,10,0.17777777777777778,120.9
22697,6,0.5333333333333333,75.0
22698,6,0.26666666666666666,36.166666666666664
22699,0,0.0,0.0
22700,0,0.0,0.0
22701,578,0.3591539582496267,545.3961937716263
22702,23,0.42292490118577075,103.65217391304348
22703,13,0.5384615384615384,173.76923076923077
22704,0,0.0,0.0
22705,19,0.1286549707602339,35.05263157894737
22706,0,0.0,0.0
22707,160,0.2236635220125786,142.89375
22708,2,0.0,8.0
22709,6,0.13333333333333333,69.33333333333333
22710,7,0.2857142857142857,31.428571428571427
22711,39,0.0796221322537112,36.41025641025641
22712,24,0.4963768115942029,323.6666666666667
22713,3,0.3333333333333333,20.333333333333332
22714,21,0.3,83.95238095238095
22715,132,0.6169326856349757,347.81060606060606
22716,30,0.30344827586206896,122.8
22717,144,0.40666278166278164,332.75694444444446
22718,62,0.4034902168164992,116.58064516129032
22719,13,0.44871794871794873,46.0
22720,1,0.0,84.0
22721,7,0.47619047619047616,16.714285714285715
22722,72,0.45618153364632236,333.0416666666667
22723,20,0.25263157894736843,67.7
22724,4,0.3333333333333333,18.5
22725,18,0.20261437908496732,42.0
22726,15,0.19047619047619047,76.4
22727,279,0.45192233310126095,588.5663082437276
22728,82,0.359229147847034,136.97560975609755
22729,0,0.0,0.0
22730,0,0.0,0.0
22731,12,0.48484848484848486,98.0
22732,52,0.4894419306184012,266.0576923076923
22733,185,0.4082843713278496,530.5783783783784
22734,0,0.0,0.0
22735,1,0.0,3.0
22736,3,0.6666666666666666,55.333333333333336
22737,22,0.3939393939393939,36.04545454545455
22738,0,0.0,0.0
22739,12,0.12121212121212122,23.5
22740,0,0.0,0.0
22741,58,0.22686025408348456,57.94827586206897
22742,0,0.0,0.0
22743,7,0.23809523809523808,65.28571428571429
22744,47,0.2719703977798335,86.57446808510639
22745,11,0.2545454545454545,47.36363636363637
22746,0,0.0,0.0
22747,223,0.4466529309578637,476.8385650224215
22748,13,0.4230769230769231,34.61538461538461
22749,1,0.0,6.0
22750,88,0.21185997910135843,66.18181818181819
22751,0,0.0,0.0
22752,175,0.20991789819376025,136.99428571428572
22753,150,0.6231767337807607,632.08
22754,50,0.5053061224489795,431.04
22755,166,0.265206279664111,351.0542168674699
22756,11,0.38181818181818183,65.45454545454545
22757,65,0.16923076923076924,92.73846153846154
22758,51,0.2407843137254902,61.333333333333336
22759,5,0.1,28.6
22760,123,0.14167666266826603,70.21951219512195
22761,116,0.2571214392803598,127.42241379310344
22762,262,0.559357725717294,608.8129770992366
22763,62,0.3770491803278688,95.03225806451613
22764,0,0.0,0.0
22765,354,0.3689761687553016,492.80790960451975
22766,240,0.2294979079497908,149.30416666666667
22767,36,0.3253968253968254,105.41666666666667
22768,1,0.0,20.0
22769,736,0.2784826974267968,492.72690217391306
22770,69,0.21142369991474852,182.55072463768116
22771,14,0.27472527472527475,56.5
22772,184,0.3735447849845569,423.92934782608694
22773,298,0.13560662553951144,111.99664429530202
22774,45,0.5515151515151515,467.6666666666667
22775,0,0.0,0.0
22776,64,0.28422619047619047,95.625
22777,35,0.5764705882352941,116.48571428571428
22778,4,0.5,17.75
22779,3,0.6666666666666666,23.333333333333332
22780,44,0.8530655391120507,302.1818181818182
22781,14,0.4835164835164835,45.57142857142857
22782,94,0.5957446808510638,497.9468085106383
22783,22,0.5497835497835498,231.22727272727272
22784,41,0.25365853658536586,140.53658536585365
22785,25,0.25,61.44
22786,42,0.20441347270615565,60.76190476190476
22787,27,0.19373219373219372,98.44444444444444
22788,4,0.16666666666666666,6.75
22789,24,0.14855072463768115,37.791666666666664
22790,1,0.0,10.0
22791,4,0.5,129.75
22792,2,0.0,4.5
22793,53,0.36937590711175616,151.03773584905662
22794,14,0.31868131868131866,74.07142857142857
22795,29,0.19704433497536947,82.65517241379311
22796,61,0.16830601092896175,72.72131147540983
22797,0,0.0,0.0
22798,66,0.16923076923076924,101.06060606060606
22799,1,0.0,18.0
22800,1,0.0,8.0
22801,10,0.06666666666666667,26.9
22802,75,0.16108108108108107,132.97333333333333
22803,16,0.48333333333333334,71.125
22804,96,0.2708333333333333,111.1875
22805,5,0.6,28.8
22806,24,0.213768115942029,144.95833333333334
22807,19,0.23976608187134502,54.421052631578945
22808,19,0.30409356725146197,103.47368421052632
22809,55,0.45925925925925926,360.09090909090907
22810,11,0.16363636363636364,49.0
22811,382,0.41396985062731034,586.1701570680628
22812,0,0.0,0.0
22813,20,0.3368421052631579,117.05
22814,9,0.3611111111111111,59.77777777777778
22815,65,0.10913461538461539,44.44615384615385
22816,22,0.20346320346320346,77.5909090909091
22817,11,0.09090909090909091,23.727272727272727
22818,108,0.27189338871581864,210.80555555555554
22819,33,0.17613636363636365,76.60606060606061
22820,65,0.30288461538461536,142.52307692307693
22821,128,0.27866633858267714,133.109375
22822,4,0.16666666666666666,38.25
22823,3,0.3333333333333333,10.333333333333334
22824,6,0.26666666666666666,79.66666666666667
22825,18,0.1895424836601307,52.666666666666664
22826,25,0.09333333333333334,49.16
22827,792,0.3180541189390747,563.3282828282828
22828,0,0.0,0.0
22829,95,0.16035834266517357,69.72631578947369
22830,5,0.3,60.6
22831,56,0.18116883116883117,70.64285714285714
22832,10,0.5777777777777777,157.8
22833,4,0.5,52.5
22834,151,0.47779249448123623,511.50993377483445
22835,3,0.3333333333333333,31.666666666666668
22836,2,1.0,31.0
22837,199,0.38825440332978023,465.68341708542715
22838,0,0.0,0.0
22839,6,0.4,28.666666666666668
22840,8,0.5714285714285714,108.625
22841,13,0.1794871794871795,26.153846153846153
22842,2,0.0,88.5
22843,0,0.0,0.0
22844,0,0.0,0.0
22845,3,0.3333333333333333,14.666666666666666
22846,8,0.7142857142857143,478.625
22847,16,0.275,21.5
22848,13,0.5897435897435898,168.84615384615384
22849,24,0.2971014492753623,53.041666666666664
22850,2,1.0,10.5
22851,83,0.22186306200411401,139.50602409638554
22852,6,0.26666666666666666,45.666666666666664
22853,0,0.0,0.0
22854,15,0.19047619047619047,52.53333333333333
22855,29,0.19704433497536947,46.41379310344828
22856,11,0.23636363636363636,71.81818181818181
22857,21,0.26666666666666666,98.47619047619048
22858,34,0.22994652406417113,95.67647058823529
22859,366,0.4944831199940115,633.2923497267759
22860,8,0.39285714285714285,89.125
22861,0,0.0,0.0
22862,143,0.14931547325913522,103.86013986013987
22863,45,0.20404040404040405,112.68888888888888
22864,58,0.22686025408348456,63.89655172413793
22865,183,0.39013991473007864,465.1857923497268
22866,49,0.6496598639455783,650.3673469387755
22867,1,0.0,20.0
22868,6,0.26666666666666666,31.833333333333332
22869,0,0.0,0.0
22870,5,0.2,46.6
22871,12,0.2878787878787879,21.75
22872,15,0.4857142857142857,87.66666666666667
22873,84,0.1572002294893861,73.70238095238095
22874,65,0.5125,364.9230769230769
22875,8,0.39285714285714285,53.0
22876,107,0.5094339622641509,576.0560747663551
22877,118,0.21555845284658845,128.41525423728814
22878,293,0.4345691710692412,298.4744027303754
22879,262,0.4182679652540142,435.87404580152673
22880,0,0.0,0.0
22881,0,0.0,0.0
22882,0,0.0,0.0
22883,29,0.4039408866995074,92.82758620689656
22884,107,0.2186563216363957,116.57943925233644
22885,3,1.0,8.666666666666666
22886,128,0.5602854330708661,593.640625
22887,0,0.0,0.0
22888,0,0.0,0.0
22889,9,0.4444444444444444,42.0
22890,17,0.27941176470588236,68.58823529411765
22891,19,0.2573099415204678,47.89473684210526
22892,50,0.363265306122449,77.36
22893,41,0.2890243902439024,61.707317073170735
22894,0,0.0,0.0
22895,4,0.0,20.25
22896,0,0.0,0.0
22897,138,0.657780598751719,431.2173913043478
22898,0,0.0,0.0
22899,296,0.3251259734310582,455.09797297297297
22900,7,0.19047619047619047,34.714285714285715
22901,22,0.1341991341991342,34.5
22902,39,0.15384615384615385,55.41025641025641
22903,16,0.26666666666666666,45.6875
22904,1,0.0,19.0
22905,48,0.5921985815602837,412.1458333333333
22906,2,0.0,162.0
22907,374,0.5207667273587475,513.283422459893
22908,35,0.22521008403361345,67.31428571428572
22909,20,0.34210526315789475,76.05
22910,46,0.20966183574879227,120.26086956521739
22911,106,0.24941599281221924,236.9245283018868
22912,64,0.4885912698412698,485.90625
22913,151,0.23125827814569536,273.682119205298
22914,3,0.3333333333333333,22.333333333333332
22915,349,0.384217633303692,423.97707736389685
22916,825,0.3208149455722271,554.430303030303
22917,500,0.338501002004008,488.71
22918,2,1.0,63.5
22919,8,0.14285714285714285,27.0
22920,10,0.2,44.5
22921,498,0.4696855833797969,617.2349397590361
22922,9,0.4166666666666667,48.666666666666664
22923,9,0.4444444444444444,78.33333333333333
22924,0,0.0,0.0
22925,11,0.23636363636363636,34.18181818181818
22926,1,0.0,7.0
22927,3,0.3333333333333333,63.0
22928,204,0.49748865063266684,458.86764705882354
22929,2,0.0,158.5
22930,4,1.0,33.75
22931,3,0.0,8.666666666666666
22932,1,0.0,5.0
22933,2,1.0,349.5
22934,20,0.3473684210526316,84.6
22935,0,0.0,0.0
22936,209,0.49576739050423263,435.2631578947368
22937,9,0.2777777777777778,89.44444444444444
22938,399,0.45994382942280326,528.1328320802005
22939,20,0.35789473684210527,77.3
22940,13,0.24358974358974358,20.923076923076923
22941,10,0.4444444444444444,29.0
22942,31,0.15913978494623657,47.29032258064516
22943,6,0.26666666666666666,48.333333333333336
22944,58,0.47126436781609193,136.13793103448276
22945,0,0.0,0.0
22946,122,0.5767511177347243,633.827868852459
22947,2,1.0,12.5
22948,3,0.3333333333333333,71.0
22949,185,0.604524089306698,705.6972972972973
22950,1,0.0,25.0
22951,107,0.8122024334332569,373.5140186915888
22952,0,0.0,0.0
22953,12,0.18181818181818182,33.833333333333336
22954,148,0.4093583379297665,348.56081081081084
22955,16,0.2833333333333333,25.75
22956,2,0.0,2.0
22957,31,0.2064516129032258,76.7741935483871
22958,98,0.2665684830633284,108.51020408163265
22959,33,0.12310606060606061,73.0909090909091
22960,19,0.24561403508771928,47.36842105263158
22961,3,0.0,76.0
22962,8,0.10714285714285714,38.375
22963,0,0.0,0.0
22964,0,0.0,0.0
22965,402,0.456557610947755,587.9129353233831
22966,15,0.5142857142857142,30.133333333333333
22967,3,0.0,16.666666666666668
22968,4,0.16666666666666666,13.25
22969,293,0.3529384262938894,504.18430034129693
22970,9,0.3611111111111111,25.22222222222222
22971,172,0.6672106623147015,266.8779069767442
22972,49,0.14030612244897958,180.87755102040816
22973,235,0.33617021276595743,461.0595744680851
22974,2,0.0,32.0
22975,1,0.0,354.0
22976,151,0.5079911699779249,454.1788079470199
22977,4,0.6666666666666666,34.75
22978,24,0.3115942028985507,70.54166666666667
22979,40,0.5294871794871795,114.1
22980,7,0.6190476190476191,119.0
22981,4,0.6666666666666666,32.75
22982,0,0.0,0.0
22983,47,0.1711378353376503,55.659574468085104
22984,1,0.0,12.0
22985,6,0.2,21.833333333333332
22986,4,0.16666666666666666,215.5
22987,0,0.0,0.0
22988,52,0.2187028657616893,89.75
22989,275,0.3769873921698739,434.5890909090909
22990,12,0.2878787878787879,194.25
22991,31,0.221505376344086,137.48387096774192
22992,1,0.0,6.0
22993,34,0.5098039215686274,250.11764705882354
22994,35,0.13949579831932774,38.82857142857143
22995,147,0.44199049482806824,512.3197278911565
22996,0,0.0,0.0
22997,47,0.38482886216466233,127.23404255319149
22998,6,0.3333333333333333,40.5
22999,9,0.3333333333333333,134.33333333333334
23000,32,0.40725806451612906,173.6875
23001,16,0.03333333333333333,22.25
23002,372,0.2959887546010492,384.31182795698925
23003,21,0.3333333333333333,145.0952380952381
23004,2,1.0,4.5
23005,34,0.2816399286987522,135.3235294117647
23006,146,0.22890883325460556,108.9931506849315
23007,3,1.0,33.0
23008,0,0.0,0.0
23009,43,0.4695459579180509,98.55813953488372
23010,1,0.0,43.0
23011,314,0.3810056775401396,499.5859872611465
23012,7,0.38095238095238093,36.57142857142857
23013,33,0.4753787878787879,85.54545454545455
23014,3,0.6666666666666666,105.66666666666667
23015,2,1.0,21.0
23016,7,0.14285714285714285,10.428571428571429
23017,638,0.3605803063931143,564.7836990595612
23018,4,0.5,119.0
23019,9,0.3888888888888889,61.111111111111114
23020,98,0.38102251209762256,156.28571428571428
23021,3,0.3333333333333333,4.666666666666667
23022,40,0.24615384615384617,67.425
23023,23,0.3675889328063241,133.43478260869566
23024,8,0.5,234.125
23025,57,0.37844611528822053,112.56140350877193
23026,0,0.0,0.0
23027,142,0.2248526620717211,106.06338028169014
23028,4,0.5,65.0
23029,18,0.3006535947712418,107.38888888888889
23030,515,0.43418835707000114,634.9223300970874
23031,76,0.28350877192982454,119.78947368421052
23032,5,0.3,25.2
23033,5,0.2,12.4
23034,0,0.0,0.0
23035,143,0.19639515414163303,96.58041958041959
23036,0,0.0,0.0
23037,0,0.0,0.0
23038,20,0.3684210526315789,79.95
23039,14,0.13186813186813187,36.214285714285715
23040,0,0.0,0.0
23041,0,0.0,0.0
23042,0,0.0,0.0
23043,6,0.26666666666666666,83.66666666666667
23044,73,0.4642313546423135,173.1095890410959
23045,8,0.5357142857142857,42.75
23046,0,0.0,0.0
23047,0,0.0,0.0
23048,0,0.0,0.0
23049,970,0.2516995946506655,492.1319587628866
23050,3,0.0,25.666666666666668
23051,9,0.19444444444444445,48.44444444444444
23052,0,0.0,0.0
23053,36,0.1984126984126984,58.416666666666664
23054,8,0.2857142857142857,60.125
23055,250,0.3063775100401606,440.72
23056,0,0.0,0.0
23057,0,0.0,0.0
23058,54,0.2082459818308875,133.1851851851852
23059,7,0.38095238095238093,132.14285714285714
23060,25,0.41333333333333333,276.96
23061,1,0.0,6.0
23062,62,0.32310946589106293,53.435483870967744
23063,1,0.0,8.0
23064,5,0.7,148.4
23065,56,0.22207792207792207,57.125
23066,1,0.0,2.0
23067,5,0.3,136.0
23068,7,0.38095238095238093,21.0
23069,0,0.0,0.0
23070,105,0.31556776556776556,164.8
23071,2,1.0,23.0
23072,44,0.313953488372093,92.68181818181819
23073,1,0.0,35.0
23074,6,0.2,19.166666666666668
23075,50,0.46448979591836737,405.38
23076,6,0.6,27.666666666666668
23077,18,0.20915032679738563,57.888888888888886
23078,121,0.1418732782369146,103.33884297520662
23079,26,0.2923076923076923,134.07692307692307
23080,0,0.0,0.0
23081,8,0.17857142857142858,31.75
23082,91,0.3413919413919414,272.3956043956044
23083,8,0.39285714285714285,26.0
23084,26,0.18769230769230769,45.38461538461539
23085,444,0.27303601569967256,412.240990990991
23086,61,0.5677595628415301,341.73770491803276
23087,28,0.30423280423280424,117.96428571428571
23088,87,0.6709435979684576,387.0574712643678
23089,44,0.24207188160676532,175.97727272727272
23090,4,0.5,76.25
23091,2,0.0,15.0
23092,460,0.30309747087240696,467.1021739130435
23093,0,0.0,0.0
23094,4,0.3333333333333333,116.75
23095,1,0.0,35.0
23096,4,0.3333333333333333,38.25
23097,0,0.0,0.0
23098,204,0.508934608326089,452.6813725490196
23099,18,0.35294117647058826,41.27777777777778
23100,0,0.0,0.0
23101,246,0.35470383275261325,393.9918699186992
23102,62,0.2749867794817557,63.62903225806452
23103,1,0.0,1.0
23104,10,0.3333333333333333,73.8
23105,70,0.3122153209109731,140.9142857142857
23106,35,0.20504201680672268,93.6
23107,1,0.0,37.0
23108,5,0.5,76.4
23109,153,0.27270381836945307,139.73202614379085
23110,95,0.42262038073908176,273.3157894736842
23111,53,0.32946298984034833,257.1320754716981
23112,1,0.0,28.0
23113,7,0.5714285714285714,27.0
23114,32,0.22983870967741934,55.21875
23115,5,0.2,23.8
23116,3,0.6666666666666666,35.0
23117,61,0.2562841530054645,143.75409836065575
23118,6,0.13333333333333333,21.666666666666668
23119,4,0.5,12.75
23120,0,0.0,0.0
23121,17,0.0661764705882353,40.470588235294116
23122,10,0.17777777777777778,44.6
23123,1,0.0,41.0
23124,16,0.2916666666666667,53.1875
23125,1,0.0,10.0
23126,251,0.504414342629482,523.8964143426294
23127,329,0.46111646526799616,541.0881458966566
23128,15,0.21904761904761905,41.13333333333333
23129,471,0.2953516736685188,507.90021231422503
23130,85,0.45406162464985994,478.3411764705882
23131,3,0.3333333333333333,30.666666666666668
23132,105,0.5203296703296704,244.59047619047618
23133,38,0.3456614509246088,139.3684210526316
23134,12,0.19696969696969696,36.0
23135,43,0.6400885935769657,462.72093023255815
23136,4,0.16666666666666666,28.75
23137,50,0.47183673469387755,266.32
23138,203,0.5004633468272935,469.871921182266
23139,9,0.3055555555555556,65.0
23140,3,0.3333333333333333,122.33333333333333
23141,10,0.26666666666666666,37.5
23142,0,0.0,0.0
23143,73,0.2526636225266362,256.7808219178082
23144,5,0.3,58.2
23145,0,0.0,0.0
23146,1,0.0,66.0
23147,50,0.4,140.22
23148,51,0.48549019607843136,248.7450980392157
23149,19,0.26900584795321636,92.10526315789474
23150,343,0.490051659761649,317.6793002915452
23151,4,0.0,7.75
23152,3,0.0,5.333333333333333
23153,41,0.32195121951219513,84.70731707317073
23154,22,0.3463203463203463,103.36363636363636
23155,8,0.39285714285714285,155.5
23156,88,0.3934169278996865,124.625
23157,116,0.1830584707646177,108.66379310344827
23158,12,0.12121212121212122,39.333333333333336
23159,14,0.3956043956043956,80.07142857142857
23160,883,0.29621240719768466,521.1155152887882
23161,909,0.3391076993161871,583.9438943894389
23162,6,0.4,31.0
23163,348,0.40882440624068367,398.8045977011494
23164,0,0.0,0.0
23165,2,0.0,8.5
23166,10,0.1111111111111111,23.7
23167,30,0.15632183908045977,52.733333333333334
23168,427,0.385493287594419,473.72365339578454
23169,10,0.4222222222222222,41.3
23170,151,0.23258278145695363,119.66887417218543
23171,3,1.0,46.333333333333336
23172,1,0.0,20.0
23173,14,0.8241758241758241,542.4285714285714
23174,6,0.3333333333333333,25.0
23175,458,0.34326775152169553,442.81004366812226
23176,20,0.30526315789473685,91.35
23177,68,0.3942054433713784,322.6617647058824
23178,0,0.0,0.0
23179,5,0.0,19.0
23180,68,0.26953467954345917,94.20588235294117
23181,2,0.0,24.0
23182,142,0.3321346518829288,325.0774647887324
23183,191,0.35221824193992834,471.81675392670155
23184,54,0.12928022361984626,43.98148148148148
23185,152,0.2733530846985012,128.81578947368422
23186,10,0.2,67.6
23187,14,0.4725274725274725,36.714285714285715
23188,1,0.0,9.0
23189,505,0.4924092409240924,613.4138613861386
23190,0,0.0,0.0
23191,11,0.2,42.45454545454545
23192,128,0.1815944881889764,93.921875
23193,50,0.5795918367346938,235.16
23194,40,0.3192307692307692,274.375
23195,63,0.3932411674347158,144.46031746031747
23196,55,0.22626262626262628,62.56363636363636
23197,37,0.3183183183183183,207.40540540540542
23198,0,0.0,0.0
23199,18,0.32679738562091504,69.0
23200,2,0.0,9.0
23201,0,0.0,0.0
23202,670,0.33655489369297015,578.6701492537313
23203,10,0.3111111111111111,40.3
23204,59,0.11805961426066627,66.59322033898304
23205,0,0.0,0.0
23206,68,0.3608428446005268,135.5
23207,65,0.2076923076923077,60.676923076923075
23208,48,0.25886524822695034,117.3125
23209,9,0.6388888888888888,34.0
23210,5,0.3,3.8
23211,222,0.43728343728343727,408.5855855855856
23212,3,0.3333333333333333,20.0
23213,18,0.35947712418300654,61.166666666666664
23214,4,0.0,24.0
23215,111,0.32956592956592956,140.54954954954954
23216,2,1.0,20.5
23217,2,0.0,19.0
23218,0,0.0,0.0
23219,7,0.23809523809523808,61.285714285714285
23220,15,0.1619047619047619,28.133333333333333
23221,17,0.22058823529411764,33.705882352941174
23222,53,0.397677793904209,89.77358490566037
23223,1,0.0,1.0
23224,4,0.16666666666666666,103.5
23225,0,0.0,0.0
23226,17,0.25735294117647056,55.23529411764706
23227,0,0.0,0.0
23228,30,0.2850574712643678,55.43333333333333
23229,23,0.41106719367588934,104.34782608695652
23230,25,0.22333333333333333,46.08
23231,1,0.0,48.0
23232,12,0.42424242424242425,120.08333333333333
23233,12,0.3939393939393939,32.083333333333336
23234,64,0.2961309523809524,125.0625
23235,19,0.6432748538011696,158.8421052631579
23236,33,0.5681818181818182,36.303030303030305
23237,7,0.5714285714285714,76.57142857142857
23238,0,0.0,0.0
23239,14,0.5164835164835165,170.21428571428572
23240,22,0.5151515151515151,150.22727272727272
23241,22,0.4329004329004329,105.81818181818181
23242,6,0.13333333333333333,33.833333333333336
23243,19,0.43859649122807015,106.3157894736842
23244,139,0.5302888124283183,369.48201438848923
23245,233,0.5124685511321593,453.05150214592277
23246,78,0.36663336663336665,463.44871794871796
23247,17,0.2426470588235294,25.352941176470587
23248,37,0.3108108108108108,115.10810810810811
23249,287,0.5773738456665286,646.1080139372822
23250,5,0.5,20.4
23251,1,0.0,7.0
23252,6,0.3333333333333333,57.333333333333336
23253,3,0.3333333333333333,19.0
23254,16,0.5583333333333333,324.5
23255,25,0.51,375.24
23256,2,0.0,46.0
23257,0,0.0,0.0
23258,74,0.27064050351721586,78.36486486486487
23259,148,0.22347858062143777,126.0
23260,40,0.3,68.925
23261,172,0.5167278661770706,559.3081395348837
23262,28,0.24867724867724866,78.5
23263,2,1.0,18.5
23264,15,0.42857142857142855,41.0
23265,1,0.0,63.0
23266,2,0.0,32.5
23267,48,0.21010638297872342,66.8125
23268,24,0.5398550724637681,99.91666666666667
23269,28,0.09259259259259259,25.678571428571427
23270,287,0.43020394239906434,499.7177700348432
23271,377,0.40242112986060163,570.0742705570292
23272,5,0.4,65.0
23273,54,0.28791055206149546,131.7962962962963
23274,17,0.4485294117647059,163.0
23275,9,0.2222222222222222,53.666666666666664
23276,190,0.4476747424115845,534.8473684210526
23277,7,0.38095238095238093,24.571428571428573
23278,2,0.0,16.0
23279,258,0.4738334389044732,558.2596899224807
23280,5,0.8,121.0
23281,473,0.4245081879098434,604.8668076109936
23282,61,0.3076502732240437,127.60655737704919
23283,24,0.4166666666666667,52.916666666666664
23284,1,0.0,1.0
23285,61,0.16994535519125684,76.32786885245902
23286,37,0.2747747747747748,87.4054054054054
23287,8,0.42857142857142855,57.75
23288,15,0.2,41.86666666666667
23289,23,0.3201581027667984,44.47826086956522
23290,55,0.21818181818181817,71.8
23291,3,0.0,74.66666666666667
23292,2,1.0,97.5
23293,0,0.0,0.0
23294,35,0.15630252100840336,37.82857142857143
23295,19,0.28654970760233917,94.78947368421052
23296,64,0.18055555555555555,90.234375
23297,65,0.39903846153846156,181.07692307692307
23298,55,0.52996632996633,145.6909090909091
23299,32,0.375,82.75
23300,2,1.0,43.0
23301,166,0.6194961664841183,682.6867469879518
23302,3,0.0,34.333333333333336
23303,19,0.3216374269005848,59.31578947368421
23304,47,0.22849213691026826,54.12765957446808
23305,17,0.19852941176470587,53.76470588235294
23306,101,0.6603960396039604,530.2772277227723
23307,75,0.33513513513513515,135.13333333333333
23308,369,0.3282962177447861,463.68563685636855
23309,6,0.6666666666666666,61.666666666666664
23310,0,0.0,0.0
23311,74,0.49648278415401703,393.0945945945946
23312,85,0.28711484593837533,130.50588235294117
23313,300,0.4377480490523969,572.0766666666667
23314,0,0.0,0.0
23315,404,0.45942559516497555,625.2277227722773
23316,5,0.2,13.6
23317,0,0.0,0.0
23318,197,0.6496943955247073,459.56345177664974
23319,1,0.0,129.0
23320,2,0.0,8.0
23321,0,0.0,0.0
23322,27,0.3247863247863248,56.48148148148148
23323,580,0.33011136918587336,538.548275862069
23324,34,0.2709447415329768,115.70588235294117
23325,1,0.0,27.0
23326,77,0.22043745727956254,104.37662337662337
23327,328,0.3178004027746699,389.4298780487805
23328,0,0.0,0.0
23329,13,0.358974358974359,143.6153846153846
23330,0,0.0,0.0
23331,147,0.5073152548690709,374.4965986394558
23332,1,0.0,6.0
23333,49,0.2108843537414966,204.77551020408163
23334,14,0.2857142857142857,70.92857142857143
23335,130,0.2962432915921288,298.17692307692306
23336,51,0.1811764705882353,82.0
23337,4,0.5,27.5
23338,13,0.3076923076923077,128.76923076923077
23339,3,0.3333333333333333,5.666666666666667
23340,175,0.41642036124794746,390.2
23341,29,0.34236453201970446,81.65517241379311
23342,3,1.0,83.66666666666667
23343,83,0.24625330590655303,143.86746987951807
23344,9,0.3888888888888889,67.0
23345,1,0.0,4.0
23346,0,0.0,0.0
23347,224,0.45023222293401666,546.21875
23348,8,0.5714285714285714,45.375
23349,3,0.0,16.333333333333332
23350,99,0.33457019171304886,154.3939393939394
23351,118,0.6106040851803564,475.8813559322034
23352,59,0.2846288720046756,132.01694915254237
23353,35,0.31092436974789917,61.2
23354,5,0.2,73.4
23355,14,0.6373626373626373,61.42857142857143
23356,13,0.19230769230769232,30.615384615384617
23357,1,0.0,1.0
23358,32,0.2661290322580645,68.1875
23359,3,0.6666666666666666,64.0
23360,8,0.2857142857142857,121.625
23361,188,0.4821367618614177,485.28723404255317
23362,372,0.500768049155146,505.9758064516129
23363,13,0.8717948717948718,213.15384615384616
23364,27,0.22792022792022792,74.5925925925926
23365,26,0.24615384615384617,49.19230769230769
23366,2,0.0,6.0
23367,11,0.2545454545454545,39.54545454545455
23368,1,0.0,10.0
23369,5,0.2,15.0
23370,133,0.24629756208703577,123.25563909774436
23371,0,0.0,0.0
23372,7,0.38095238095238093,83.42857142857143
23373,675,0.3956874381800198,566.6844444444445
23374,15,0.23809523809523808,30.466666666666665
23375,342,0.45425391435578194,592.8654970760234
23376,26,0.18769230769230769,54.53846153846154
23377,5,0.4,58.8
23378,0,0.0,0.0
23379,20,0.10526315789473684,29.45
23380,7,0.3333333333333333,29.142857142857142
23381,1,0.0,2.0
23382,4,0.6666666666666666,73.0
23383,47,0.26919518963922295,130.87234042553192
23384,261,0.5616268788682581,497.28735632183907
23385,1,0.0,45.0
23386,46,0.2772946859903382,61.54347826086956
23387,1247,0.2502584050839189,506.03047313552526
23388,1,0.0,2.0
23389,2,0.0,11.0
23390,19,0.7485380116959064,429.89473684210526
23391,28,0.1402116402116402,34.17857142857143
23392,359,0.3243802617450709,452.18384401114207
23393,8,0.39285714285714285,162.5
23394,1,0.0,1.0
23395,2,0.0,36.5
23396,17,0.2867647058823529,106.11764705882354
23397,4,0.6666666666666666,136.0
23398,0,0.0,0.0
23399,71,0.21287726358148892,81.78873239436619
23400,51,0.2376470588235294,147.76470588235293
23401,7,0.5714285714285714,116.71428571428571
23402,14,0.2857142857142857,54.785714285714285
23403,6,0.4666666666666667,33.833333333333336
23404,8,0.25,9.0
23405,9,0.4166666666666667,56.77777777777778
23406,65,0.3408653846153846,157.8153846153846
23407,17,0.38235294117647056,56.76470588235294
23408,1,0.0,1.0
23409,413,0.35438068595876726,522.772397094431
23410,6,0.3333333333333333,80.33333333333333
23411,186,0.3225225225225225,417.60752688172045
23412,238,0.5028897635003369,479.0546218487395
23413,26,0.40923076923076923,21.73076923076923
23414,3,0.0,11.333333333333334
23415,397,0.2554385161438058,411.20403022670024
23416,91,0.4180708180708181,519.8351648351648
23417,363,0.27035295192000364,401.3746556473829
23418,9,0.16666666666666666,35.888888888888886
23419,12,0.2878787878787879,127.0
23420,0,0.0,0.0
23421,58,0.5075620084694494,246.44827586206895
23422,4,0.6666666666666666,96.0
23423,3,0.0,84.0
23424,2,1.0,3.5
23425,126,0.13104761904761905,83.38095238095238
23426,207,0.46601941747572817,558.743961352657
23427,8,0.39285714285714285,6.125
23428,27,0.17094017094017094,53.074074074074076
23429,1,0.0,7.0
23430,5,0.5,45.4
23431,2,1.0,78.0
23432,228,0.22571296081613726,314.70175438596493
23433,46,0.2966183574879227,110.6086956521739
23434,6,0.3333333333333333,38.333333333333336
23435,1390,0.24166342951556682,523.7021582733813
23436,2,1.0,70.5
23437,30,0.24367816091954023,41.266666666666666
23438,134,0.2713500168331276,115.13432835820896
23439,32,0.3125,102.03125
23440,14,0.12087912087912088,91.0
23441,1,0.0,48.0
23442,0,0.0,0.0
23443,399,0.4137983148826841,573.3308270676691
23444,9,0.25,9.88888888888889
23445,95,0.29473684210526313,148.05263157894737
23446,4,0.16666666666666666,35.0
23447,85,0.3675070028011205,140.8235294117647
23448,28,0.3333333333333333,54.214285714285715
23449,16,0.31666666666666665,45.125
23450,7,0.09523809523809523,17.285714285714285
23451,28,0.12169312169312169,40.357142857142854
23452,46,0.27053140096618356,212.3695652173913
23453,4,0.0,7.25
23454,11,0.18181818181818182,21.181818181818183
23455,3,0.0,4.333333333333333
23456,10,0.3111111111111111,38.0
23457,164,0.19587011821038455,133.8170731707317
23458,0,0.0,0.0
23459,16,0.225,64.0625
23460,26,0.16,32.92307692307692
23461,25,0.5766666666666667,280.32
23462,31,0.5483870967741935,89.96774193548387
23463,66,0.2083916083916084,68.5
23464,131,0.28197298884321786,107.38167938931298
23465,5,0.5,56.6
23466,42,0.5040650406504065,359.8333333333333
23467,1,0.0,17.0
23468,5,0.3,32.8
23469,11,0.21818181818181817,46.27272727272727
23470,21,0.2714285714285714,141.23809523809524
23471,7,0.14285714285714285,35.42857142857143
23472,7,0.23809523809523808,44.142857142857146
23473,4,0.5,165.75
23474,91,0.3443223443223443,300.1208791208791
23475,5,0.5,31.8
23476,25,0.27666666666666667,97.36
23477,1,0.0,3.0
23478,150,0.2669351230425056,150.60666666666665
23479,92,0.2682752030578118,133.3913043478261
23480,3,0.0,22.666666666666668
23481,23,0.2964426877470356,63.26086956521739
23482,127,0.22009748781402325,81.37795275590551
23483,0,0.0,0.0
23484,3,0.3333333333333333,15.0
23485,34,0.6880570409982175,147.7058823529412
23486,26,0.2953846153846154,55.65384615384615
23487,1,0.0,49.0
23488,26,0.12307692307692308,35.03846153846154
23489,5,0.3,9.4
23490,1,0.0,325.0
23491,76,0.30280701754385964,119.64473684210526
23492,9,0.5,26.22222222222222
23493,10,0.3333333333333333,23.9
23494,0,0.0,0.0
23495,11,0.38181818181818183,67.72727272727273
23496,44,0.39323467230443976,299.8636363636364
23497,49,0.34183673469387754,157.59183673469389
23498,5,0.5,15.4
23499,0,0.0,0.0
23500,7,0.09523809523809523,20.857142857142858
23501,5,0.3,53.6
23502,680,0.3784674694620116,611.4088235294117
23503,28,0.30423280423280424,82.39285714285714
23504,112,0.6285392535392536,419.91964285714283
23505,6,0.4666666666666667,7.0
23506,11,0.36363636363636365,28.90909090909091
23507,0,0.0,0.0
23508,3,0.0,27.666666666666668
23509,93,0.35320243104254323,347.3763440860215
23510,126,0.3111111111111111,158.34920634920636
23511,69,0.5302642796248934,516.8550724637681
23512,191,0.3479195370625517,481.81675392670155
23513,1,0.0,3.0
23514,1,0.0,5.0
23515,0,0.0,0.0
23516,80,0.30727848101265826,131.55
23517,0,0.0,0.0
23518,197,0.3632549466487102,484.98984771573606
23519,566,0.40368366740673567,559.595406360424
23520,3,0.3333333333333333,18.666666666666668
23521,83,0.22568322068762856,100.28915662650603
23522,15,0.38095238095238093,300.2
23523,145,0.5609195402298851,414.9448275862069
23524,2,0.0,4.5
23525,97,0.7295962199312714,475.41237113402065
23526,70,0.8608695652173913,453.12857142857143
23527,1,0.0,2.0
23528,2,1.0,27.0
23529,571,0.3415798691123606,516.4325744308231
23530,14,0.6703296703296703,131.28571428571428
23531,500,0.34397595190380764,469.986
23532,89,0.2303370786516854,110.34831460674157
23533,3,0.3333333333333333,3.0
23534,50,0.2922448979591837,151.12
23535,229,0.5230215276181721,404.16157205240177
23536,26,0.23384615384615384,49.30769230769231
23537,8,0.6071428571428571,195.125
23538,187,0.29710769938473924,147.45989304812835
23539,4,0.3333333333333333,41.5
23540,1,0.0,4.0
23541,4,0.16666666666666666,16.5
23542,518,0.4110960919471558,586.8127413127413
23543,0,0.0,0.0
23544,29,0.2733990147783251,137.51724137931035
23545,16,0.2,57.875
23546,13,0.10256410256410256,36.76923076923077
23547,6,0.3333333333333333,46.666666666666664
23548,3,0.3333333333333333,26.0
23549,32,0.4274193548387097,248.9375
23550,672,0.30439198779362714,518.3645833333334
23551,0,0.0,0.0
23552,139,0.4608487123344802,489.863309352518
23553,20,0.4052631578947368,105.55
23554,0,0.0,0.0
23555,121,0.16487603305785123,130.31404958677686
23556,422,0.4197070842386104,485.35781990521326
23557,342,0.4753648539726638,451.4766081871345
23558,9,0.1111111111111111,37.111111111111114
23559,2,1.0,211.5
23560,9,0.08333333333333333,52.77777777777778
23561,28,0.7248677248677249,348.32142857142856
23562,3,0.0,18.333333333333332
23563,32,0.3286290322580645,103.40625
23564,968,0.2938542138504534,539.8853305785124
23565,146,0.19943316013226264,131.24657534246575
23566,228,0.6244686606383801,484.75
23567,58,0.37447065940713853,95.58620689655173
23568,0,0.0,0.0
23569,1,0.0,35.0
23570,1,0.0,5.0
23571,2,0.0,19.5
23572,51,0.5850980392156863,576.3529411764706
23573,29,0.2684729064039409,60.0
23574,27,0.5925925925925926,435.6666666666667
23575,7,0.23809523809523808,18.142857142857142
23576,93,0.27325853202431044,205.94623655913978
23577,13,0.5256410256410257,69.23076923076923
23578,425,0.4201997780244173,558.6211764705882
23579,2,0.0,63.0
23580,156,0.3194375516956162,392.4935897435897
23581,134,0.3368869936034115,388.76119402985074
23582,36,0.3968253968253968,179.47222222222223
23583,58,0.29038112522686027,102.1896551724138
23584,8,0.21428571428571427,22.75
23585,3,0.0,11.0
23586,6,0.2,41.666666666666664
23587,28,0.3439153439153439,333.85714285714283
23588,90,0.20124843945068663,62.46666666666667
23589,4,0.5,102.75
23590,3,0.3333333333333333,55.333333333333336
23591,38,0.4366998577524893,86.47368421052632
23592,49,0.32568027210884354,113.48979591836735
23593,43,0.17054263565891473,81.06976744186046
23594,87,0.3950815290029404,346.32183908045977
23595,33,0.3106060606060606,73.66666666666667
23596,4,0.5,75.25
23597,93,0.21575502571294997,104.44086021505376
23598,2,0.0,65.0
23599,0,0.0,0.0
23600,301,0.18761904761904763,242.0265780730897
23601,7,0.9047619047619048,238.85714285714286
23602,95,0.22015677491601343,87.03157894736842
23603,138,0.20459113508938961,130.65217391304347
23604,290,0.45011335162868393,454.4793103448276
23605,3,0.0,17.0
23606,251,0.469800796812749,591.4382470119522
23607,52,0.2948717948717949,112.0576923076923
23608,5,0.5,39.0
23609,3,0.0,47.666666666666664
23610,2,0.0,16.0
23611,19,0.30994152046783624,137.94736842105263
23612,16,0.425,51.25
23613,8,0.21428571428571427,54.75
23614,4,0.16666666666666666,98.5
23615,10,0.2222222222222222,49.6
23616,24,0.2246376811594203,82.83333333333333
23617,15,0.5238095238095238,133.66666666666666
23618,1,0.0,6.0
23619,4,1.0,6.5
23620,201,0.5054228855721393,576.7363184079602
23621,9,0.4444444444444444,69.11111111111111
23622,2,0.0,30.5
23623,230,0.4016328080501234,424.495652173913
23624,90,0.2664169787765293,87.0
23625,6,0.2,51.0
23626,34,0.26024955436720143,65.58823529411765
23627,26,0.6030769230769231,265.7307692307692
23628,51,0.5819607843137254,145.15686274509804
23629,0,0.0,0.0
23630,7,0.09523809523809523,19.571428571428573
23631,19,0.1286549707602339,83.57894736842105
23632,437,0.233640543320807,421.4462242562929
23633,0,0.0,0.0
23634,45,0.6181818181818182,215.11111111111111
23635,41,0.17073170731707318,44.4390243902439
23636,7,0.2857142857142857,47.57142857142857
23637,13,0.14102564102564102,48.46153846153846
23638,4,0.3333333333333333,9.0
23639,447,0.41563587845226274,627.0201342281879
23640,33,0.26136363636363635,80.03030303030303
23641,246,0.5546042807366849,459.7926829268293
23642,7,0.0,105.71428571428571
23643,601,0.3364614531336661,524.9168053244592
23644,26,0.676923076923077,226.15384615384616
23645,4,0.3333333333333333,65.75
23646,0,0.0,0.0
23647,32,0.3084677419354839,100.0
23648,22,0.2857142857142857,52.72727272727273
23649,6,0.4666666666666667,6.666666666666667
23650,58,0.35511191772534784,143.6206896551724
23651,0,0.0,0.0
23652,123,0.1960549113687858,96.95121951219512
23653,28,0.20634920634920634,76.25
23654,87,0.48516439454691257,477.37931034482756
23655,51,0.39450980392156865,93.6078431372549
23656,47,0.23219241443108232,84.17021276595744
23657,707,0.3414659555797749,554.974540311174
23658,2,1.0,43.0
23659,0,0.0,0.0
23660,428,0.39880496399571014,508.25467289719626
23661,0,0.0,0.0
23662,68,0.23529411764705882,119.61764705882354
23663,8,0.2857142857142857,42.0
23664,0,0.0,0.0
23665,1,0.0,10.0
23666,3,0.3333333333333333,13.0
23667,5,0.3,35.8
23668,6,0.8,349.6666666666667
23669,419,0.41704445535622525,486.0787589498807
23670,52,0.2790346907993967,216.73076923076923
23671,19,0.391812865497076,41.68421052631579
23672,2,1.0,39.5
23673,227,0.35187711980039765,495.3436123348018
23674,22,0.2813852813852814,58.77272727272727
23675,645,0.38682652029466996,539.1519379844962
23676,0,0.0,0.0
23677,38,0.3741109530583215,98.39473684210526
23678,45,0.19292929292929292,79.6
23679,1,0.0,16.0
23680,3,0.0,65.66666666666667
23681,1,0.0,10.0
23682,259,0.38532219927568767,572.8108108108108
23683,0,0.0,0.0
23684,37,0.581081081081081,133.13513513513513
23685,34,0.29233511586452765,301.05882352941177
23686,40,0.38076923076923075,78.6
23687,44,0.24101479915433405,195.1818181818182
23688,116,0.5884557721139431,438.0086206896552
23689,56,0.3103896103896104,113.26785714285714
23690,0,0.0,0.0
23691,44,0.1543340380549683,52.34090909090909
23692,0,0.0,0.0
23693,119,0.4156103119213787,417.7142857142857
23694,0,0.0,0.0
23695,12,0.06060606060606061,77.5
23696,105,0.48717948717948717,541.1809523809524
23697,75,0.3527927927927928,152.94666666666666
23698,1,0.0,1.0
23699,16,0.5333333333333333,140.6875
23700,1,0.0,4.0
23701,59,0.42314436002337813,140.47457627118644
23702,240,0.4897489539748954,602.0791666666667
23703,2,0.0,13.5
23704,103,0.29145250333142964,105.49514563106796
23705,0,0.0,0.0
23706,8,0.5,75.25
23707,60,0.29322033898305083,243.46666666666667
23708,2,0.0,10.0
23709,39,0.5870445344129555,264.8205128205128
23710,2,0.0,6.0
23711,0,0.0,0.0
23712,2,1.0,119.5
23713,15,0.3904761904761905,58.93333333333333
23714,1,0.0,2.0
23715,148,0.5210516639088068,454.7094594594595
23716,2,0.0,8.5
23717,1,0.0,9.0
23718,0,0.0,0.0
23719,2,0.0,15.0
23720,0,0.0,0.0
23721,0,0.0,0.0
23722,0,0.0,0.0
23723,33,0.21401515151515152,84.45454545454545
23724,0,0.0,0.0
23725,189,0.6529888551165147,497.46560846560845
23726,13,0.3333333333333333,33.30769230769231
23727,5,0.2,99.0
23728,126,0.28634920634920635,141.61111111111111
23729,0,0.0,0.0
23730,24,0.6485507246376812,34.75
23731,20,0.19473684210526315,84.55
23732,6,0.3333333333333333,42.5
23733,2,1.0,65.5
23734,33,0.30303030303030304,58.24242424242424
23735,24,0.44565217391304346,97.95833333333333
23736,3,1.0,337.3333333333333
23737,49,0.19302721088435373,59.795918367346935
23738,5,0.4,45.8
23739,90,0.40249687890137326,340.93333333333334
23740,4,0.5,46.75
23741,509,0.2531673963151463,487.46365422396855
23742,2,0.0,157.5
23743,106,0.3367475292003594,300.3207547169811
23744,19,0.16374269005847952,163.94736842105263
23745,0,0.0,0.0
23746,98,0.17715127288028615,62.173469387755105
23747,27,0.6267806267806267,183.85185185185185
23748,7,0.047619047619047616,26.428571428571427
23749,2,0.0,207.5
23750,9,0.3611111111111111,106.55555555555556
23751,17,0.25,33.23529411764706
23752,2,1.0,3.0
23753,4,0.8333333333333334,38.5
23754,35,0.1781512605042017,18.057142857142857
23755,10,0.17777777777777778,23.2
23756,2,1.0,27.5
23757,496,0.2074535679374389,402.008064516129
23758,25,0.21,43.44
23759,14,0.7912087912087912,90.85714285714286
23760,81,0.47746913580246914,511.14814814814815
23761,21,0.3047619047619048,50.476190476190474
23762,13,0.2564102564102564,23.923076923076923
23763,0,0.0,0.0
23764,49,0.09693877551020408,69.93877551020408
23765,1,0.0,37.0
23766,99,0.21727478870336014,205.2828282828283
23767,3,0.6666666666666666,48.666666666666664
23768,0,0.0,0.0
23769,124,0.18699186991869918,117.26612903225806
23770,37,0.4339339339339339,272.72972972972974
23771,2,1.0,68.0
23772,20,0.15263157894736842,30.05
23773,253,0.4200702678963549,481.74308300395256
23774,1,0.0,3.0
23775,2,1.0,5.0
23776,1,0.0,25.0
23777,11,0.2727272727272727,53.45454545454545
23778,20,0.4052631578947368,26.1
23779,32,0.14112903225806453,55.5
23780,0,0.0,0.0
23781,64,0.11706349206349206,64.359375
23782,76,0.5526315789473685,589.7105263157895
23783,101,0.5075247524752475,433.8514851485148
23784,502,0.30753632177875323,523.5956175298804
23785,17,0.17647058823529413,55.11764705882353
23786,0,0.0,0.0
23787,56,0.5883116883116883,220.64285714285714
23788,0,0.0,0.0
23789,0,0.0,0.0
23790,43,0.327796234772979,108.48837209302326
23791,1,0.0,36.0
23792,157,0.6292666993303936,371.03821656050957
23793,57,0.19486215538847118,79.84210526315789
23794,187,0.47214076246334313,610.6684491978609
23795,0,0.0,0.0
23796,3,0.3333333333333333,228.33333333333334
23797,0,0.0,0.0
23798,60,0.3367231638418079,87.11666666666666
23799,322,0.4250111259457054,319.19875776397515
23800,0,0.0,0.0
23801,5,0.5,45.4
23802,10,0.6666666666666666,40.9
23803,0,0.0,0.0
23804,2,0.0,11.5
23805,20,0.3157894736842105,28.45
23806,4,0.3333333333333333,14.0
23807,4,0.3333333333333333,42.25
23808,392,0.3069184195417297,422.5
23809,74,0.15623843021103295,78.12162162162163
23810,173,0.22220728592552763,298.9306358381503
23811,0,0.0,0.0
23812,1,0.0,46.0
23813,64,0.3070436507936508,100.265625
23814,18,0.24183006535947713,48.333333333333336
23815,827,0.23150861803947287,436.95042321644496
23816,30,0.4206896551724138,57.9
23817,40,0.4358974358974359,123.725
23818,102,0.20559114735002912,144.07843137254903
23819,0,0.0,0.0
23820,13,0.5512820512820513,204.84615384615384
23821,270,0.2450227178851714,360.8
23822,9,0.4166666666666667,27.555555555555557
23823,0,0.0,0.0
23824,27,0.23931623931623933,60.44444444444444
23825,30,0.09195402298850575,30.366666666666667
23826,10,0.26666666666666666,40.4
23827,37,0.12012012012012012,48.891891891891895
23828,6,0.2,14.166666666666666
23829,36,0.34285714285714286,113.16666666666667
23830,585,0.3662217538929868,567.208547008547
23831,3,0.6666666666666666,17.333333333333332
23832,58,0.40350877192982454,106.22413793103448
23833,7,0.23809523809523808,97.42857142857143
23834,0,0.0,0.0
23835,83,0.24684102262709373,95.3132530120482
23836,16,0.38333333333333336,55.125
23837,0,0.0,0.0
23838,95,0.522956326987682,361.69473684210527
23839,20,0.24210526315789474,54.4
23840,73,0.2834855403348554,131.5068493150685
23841,0,0.0,0.0
23842,7,0.14285714285714285,27.142857142857142
23843,0,0.0,0.0
23844,11,0.41818181818181815,20.363636363636363
23845,85,0.1969187675070028,102.07058823529412
23846,135,0.7606412382531785,251.15555555555557
23847,394,0.43740070523501373,631.4492385786803
23848,6,0.13333333333333333,37.166666666666664
23849,8,0.07142857142857142,73.625
23850,144,0.1830808080808081,90.29166666666667
23851,7,0.38095238095238093,43.57142857142857
23852,41,0.17682926829268292,29.975609756097562
23853,0,0.0,0.0
23854,301,0.44128460686600224,539.9169435215947
23855,23,0.36363636363636365,93.56521739130434
23856,4,0.0,31.75
23857,0,0.0,0.0
23858,1,0.0,7.0
23859,32,0.4737903225806452,438.0625
23860,7,0.42857142857142855,9.857142857142858
23861,112,0.5678893178893178,358.3125
23862,10,0.4444444444444444,15.2
23863,0,0.0,0.0
23864,53,0.5428156748911466,339.79245283018867
23865,0,0.0,0.0
23866,7,0.5714285714285714,125.28571428571429
23867,94,0.13109128345916266,113.09574468085107
23868,2,0.0,34.0
23869,115,0.6041189931350115,539.2347826086957
23870,0,0.0,0.0
23871,0,0.0,0.0
23872,71,0.5790744466800805,507.5633802816901
23873,146,0.4583845063769485,535.0205479452055
23874,2,1.0,71.0
23875,14,0.32967032967032966,187.42857142857142
23876,121,0.3023415977961432,137.15702479338842
23877,0,0.0,0.0
23878,5,0.3,25.8
23879,20,0.16842105263157894,40.65
23880,63,0.17357910906298002,105.80952380952381
23881,2,0.0,10.0
23882,56,0.2623376623376623,178.41071428571428
23883,153,0.18059855521155832,106.0326797385621
23884,0,0.0,0.0
23885,1,0.0,5.0
23886,86,0.26456908344733243,118.90697674418605
23887,5,0.3,27.8
23888,220,0.5169364881693649,568.0
23889,3,0.6666666666666666,102.66666666666667
23890,33,0.3106060606060606,37.93939393939394
23891,54,0.2578616352201258,55.46296296296296
23892,20,0.3157894736842105,62.05
23893,25,0.2733333333333333,62.44
23894,37,0.2747747747747748,147.21621621621622
23895,16,0.15,18.8125
23896,12,0.3333333333333333,58.0
23897,0,0.0,0.0
23898,2,0.0,102.5
23899,19,0.2807017543859649,173.0
23900,16,0.35833333333333334,36.125
23901,0,0.0,0.0
23902,14,0.13186813186813187,68.0
23903,1,0.0,3.0
23904,0,0.0,0.0
23905,0,0.0,0.0
23906,6,0.0,28.5
23907,0,0.0,0.0
23908,533,0.33510840892098914,504.30393996247653
23909,8,0.39285714285714285,61.5
23910,7,0.42857142857142855,83.14285714285714
23911,1,0.0,89.0
23912,41,0.2646341463414634,136.1219512195122
23913,0,0.0,0.0
23914,14,0.5934065934065934,353.2857142857143
23915,23,0.6126482213438735,32.69565217391305
23916,5,0.1,22.0
23917,15,0.37142857142857144,42.333333333333336
23918,42,0.3147502903600465,78.35714285714286
23919,37,0.21771771771771772,78.37837837837837
23920,2,1.0,18.5
23921,77,0.2583732057416268,121.53246753246754
23922,34,0.31907308377896615,58.85294117647059
23923,11,0.4727272727272727,70.45454545454545
23924,33,0.3125,209.9090909090909
23925,158,0.5979198580988471,556.7848101265823
23926,319,0.5016659766171803,633.9278996865204
23927,470,0.3204282538674409,544.9063829787234
23928,2,1.0,52.0
23929,1,0.0,7.0
23930,7,0.2857142857142857,30.0
23931,0,0.0,0.0
23932,4,0.16666666666666666,120.25
23933,294,0.3755427085509972,448.40816326530614
23934,3,0.0,64.33333333333333
23935,8,0.32142857142857145,52.0
23936,4,0.3333333333333333,86.25
23937,1,0.0,98.0
23938,36,0.4365079365079365,166.30555555555554
23939,553,0.3738435935739183,516.7685352622061
23940,12,0.09090909090909091,19.416666666666668
23941,3,0.3333333333333333,65.33333333333333
23942,151,0.15620309050772627,226.12582781456953
23943,360,0.396131228721758,338.46944444444443
23944,7,0.38095238095238093,35.42857142857143
23945,1,0.0,2.0
23946,7,0.14285714285714285,18.571428571428573
23947,81,0.5033950617283951,442.58024691358025
23948,62,0.18032786885245902,66.79032258064517
23949,21,0.6333333333333333,453.14285714285717
23950,27,0.14814814814814814,102.33333333333333
23951,4,0.3333333333333333,36.0
23952,81,0.21574074074074073,117.25925925925925
23953,1,0.0,13.0
23954,1,0.0,84.0
23955,310,0.23044159098026934,358.2225806451613
23956,91,0.20293040293040293,129.02197802197801
23957,49,0.2508503401360544,46.16326530612245
23958,86,0.35923392612859095,384.7674418604651
23959,0,0.0,0.0
23960,0,0.0,0.0
23961,12,0.3939393939393939,146.5
23962,86,0.18030095759233927,73.54651162790698
23963,1,0.0,19.0
23964,29,0.4729064039408867,119.86206896551724
23965,17,0.16911764705882354,23.058823529411764
23966,7,0.2857142857142857,29.285714285714285
23967,108,0.29439252336448596,136.8148148148148
23968,0,0.0,0.0
23969,1,0.0,6.0
23970,431,0.3956294177952841,500.9443155452436
23971,0,0.0,0.0
23972,8,0.39285714285714285,115.75
23973,66,0.21445221445221446,76.5909090909091
23974,17,0.2647058823529412,31.176470588235293
23975,4,0.5,36.5
23976,9,0.4166666666666667,17.22222222222222
23977,8,0.32142857142857145,58.25
23978,6,0.4666666666666667,28.0
23979,8,0.4642857142857143,24.875
23980,12,0.3333333333333333,40.5
23981,413,0.3305084745762712,385.01210653753026
23982,0,0.0,0.0
23983,14,0.13186813186813187,26.214285714285715
23984,24,0.2463768115942029,69.54166666666667
23985,35,0.16470588235294117,105.2
23986,1,0.0,36.0
23987,26,0.31384615384615383,95.53846153846153
23988,18,0.2679738562091503,49.77777777777778
23989,26,0.2676923076923077,61.73076923076923
23990,36,0.20476190476190476,84.69444444444444
23991,7,0.38095238095238093,36.42857142857143
23992,98,0.7180727961287607,223.57142857142858
23993,12,0.24242424242424243,87.16666666666667
23994,0,0.0,0.0
23995,6,0.13333333333333333,64.83333333333333
23996,1,0.0,35.0
23997,3,0.3333333333333333,31.0
23998,0,0.0,0.0
23999,4,0.0,16.0
24000,0,0.0,0.0
24001,14,0.5494505494505495,33.214285714285715
24002,42,0.3693379790940767,295.92857142857144
24003,22,0.341991341991342,78.72727272727273
24004,75,0.17801801801801803,79.92
24005,34,0.49554367201426025,101.05882352941177
24006,40,0.47307692307692306,127.6
24007,14,0.3516483516483517,75.35714285714286
24008,15,0.3047619047619048,30.066666666666666
24009,58,0.5535390199637024,423.01724137931035
24010,12,0.6515151515151515,42.25
24011,67,0.331524197195839,125.19402985074628
24012,7,0.19047619047619047,112.28571428571429
24013,2,0.0,56.5
24014,8,0.35714285714285715,78.0
24015,75,0.23207207207207206,80.92
24016,2,1.0,3.5
24017,10,0.15555555555555556,22.5
24018,0,0.0,0.0
24019,0,0.0,0.0
24020,27,0.3418803418803419,66.14814814814815
24021,0,0.0,0.0
24022,2,0.0,32.5
24023,135,0.3061359867330017,124.41481481481482
24024,26,0.3446153846153846,64.34615384615384
24025,22,0.2857142857142857,24.363636363636363
24026,19,0.6900584795321637,69.6842105263158
24027,1,0.0,191.0
24028,10,0.2222222222222222,92.9
24029,8,0.7857142857142857,251.125
24030,144,0.46824009324009325,489.65277777777777
24031,0,0.0,0.0
24032,0,0.0,0.0
24033,12,0.2727272727272727,127.41666666666667
24034,23,0.308300395256917,90.6086956521739
24035,0,0.0,0.0
24036,21,0.2619047619047619,52.285714285714285
24037,0,0.0,0.0
24038,87,0.22213311948676825,83.79310344827586
24039,60,0.21299435028248587,96.6
24040,133,0.3610161768056505,204.39097744360902
24041,28,0.4894179894179894,53.25
24042,15,0.3047619047619048,322.8
24043,331,0.29673166712441634,464.78851963746223
24044,143,0.4313995863291638,425.8041958041958
24045,4,0.5,11.25
24046,22,0.7359307359307359,27.954545454545453
24047,13,0.5256410256410257,86.23076923076923
24048,370,0.4855929099831539,674.454054054054
24049,16,0.25,29.9375
24050,641,0.33960608424336974,513.597503900156
24051,4,0.5,32.0
24052,428,0.4092888879161286,461.8411214953271
24053,0,0.0,0.0
24054,11,0.16363636363636364,56.90909090909091
24055,33,0.16666666666666666,94.33333333333333
24056,0,0.0,0.0
24057,2,0.0,4.5
24058,66,0.2773892773892774,123.04545454545455
24059,53,0.3548621190130624,80.9622641509434
24060,22,0.6060606060606061,176.22727272727272
24061,3,0.3333333333333333,36.666666666666664
24062,57,0.4517543859649123,78.28070175438596
24063,17,0.25735294117647056,40.88235294117647
24064,4,0.3333333333333333,56.25
24065,25,0.68,225.8
24066,155,0.6653540008378718,348.8774193548387
24067,0,0.0,0.0
24068,274,0.3815406005187027,476.985401459854
24069,0,0.0,0.0
24070,575,0.3229874261475534,509.735652173913
24071,10,0.17777777777777778,23.2
24072,2,1.0,93.5
24073,21,0.44285714285714284,75.61904761904762
24074,166,0.2195691858342461,126.90361445783132
24075,19,0.2631578947368421,37.0
24076,2,1.0,31.0
24077,33,0.49053030303030304,298.09090909090907
24078,5,0.5,66.4
24079,0,0.0,0.0
24080,766,0.31695421423573783,513.1527415143603
24081,18,0.5555555555555556,65.66666666666667
24082,7,0.42857142857142855,29.142857142857142
24083,36,0.35714285714285715,106.02777777777777
24084,1,0.0,1.0
24085,4,0.3333333333333333,90.5
24086,25,0.48,83.76
24087,272,0.4239201215541567,437.62132352941177
24088,8,0.17857142857142858,34.875
24089,1,0.0,31.0
24090,25,0.29,47.76
24091,4,0.16666666666666666,97.0
24092,0,0.0,0.0
24093,1,0.0,13.0
24094,28,0.4126984126984127,257.2857142857143
24095,1,0.0,115.0
24096,37,0.4009009009009009,57.108108108108105
24097,214,0.2892369795094555,394.0093457943925
24098,18,0.7908496732026143,83.66666666666667
24099,14,0.24175824175824176,17.428571428571427
24100,1,0.0,147.0
24101,14,0.14285714285714285,29.642857142857142
24102,11,0.6,141.54545454545453
24103,3,0.3333333333333333,123.0
24104,40,0.4128205128205128,128.525
24105,136,0.10163398692810457,114.375
24106,27,0.2934472934472934,70.81481481481481
24107,0,0.0,0.0
24108,1,0.0,49.0
24109,2,1.0,32.0
24110,2,1.0,16.5
24111,9,0.2777777777777778,22.555555555555557
24112,0,0.0,0.0
24113,15,0.4380952380952381,339.53333333333336
24114,312,0.41695523126391293,340.81089743589746
24115,17,0.4338235294117647,82.6470588235294
24116,56,0.36233766233766235,328.75
24117,52,0.2239819004524887,55.51923076923077
24118,410,0.4613155226906792,500.3658536585366
24119,34,0.38324420677361853,89.79411764705883
24120,23,0.16205533596837945,23.82608695652174
24121,0,0.0,0.0
24122,115,0.2982456140350877,129.02608695652174
24123,22,0.47186147186147187,30.272727272727273
24124,12,0.15151515151515152,32.5
24125,7,0.14285714285714285,22.857142857142858
24126,1,0.0,2.0
24127,27,0.4358974358974359,95.74074074074075
24128,44,0.20190274841437633,48.59090909090909
24129,0,0.0,0.0
24130,12,0.19696969696969696,21.0
24131,23,0.18181818181818182,74.1304347826087
24132,2,1.0,12.5
24133,1,0.0,7.0
24134,13,0.5897435897435898,44.76923076923077
24135,1,0.0,144.0
24136,13,0.21794871794871795,60.30769230769231
24137,118,0.37056352310589596,346.8050847457627
24138,23,0.4031620553359684,81.17391304347827
24139,80,0.38259493670886074,123.225
24140,191,0.26266189032791404,163.3979057591623
24141,15,0.29523809523809524,60.8
24142,229,0.3808319926453689,394.8602620087336
24143,154,0.26704014939309056,273.1818181818182
24144,27,0.5042735042735043,76.37037037037037
24145,10,0.1111111111111111,12.3
24146,2,1.0,199.0
24147,0,0.0,0.0
24148,135,0.3046987285793256,121.41481481481482
24149,3,0.0,59.0
24150,27,0.3561253561253561,127.48148148148148
24151,432,0.40681661940362634,529.8912037037037
24152,422,0.4217671758732875,570.1161137440758
24153,6,0.2,14.333333333333334
24154,0,0.0,0.0
24155,1,0.0,41.0
24156,40,0.07435897435897436,46.575
24157,7,0.47619047619047616,149.42857142857142
24158,11,0.23636363636363636,21.0
24159,267,0.48224493818816705,513.4269662921348
24160,0,0.0,0.0
24161,140,0.45334018499486123,545.0642857142857
24162,103,0.3577003616980773,159.10679611650485
24163,22,0.7012987012987013,591.7727272727273
24164,97,0.31980240549828176,167.75257731958763
24165,0,0.0,0.0
24166,3,1.0,763.0
24167,1188,0.230719154476526,489.98400673400675
24168,421,0.4642687478791992,638.0997624703087
24169,32,0.21370967741935484,54.4375
24170,7,0.3333333333333333,406.0
24171,13,0.20512820512820512,27.923076923076923
24172,1,0.0,11.0
24173,30,0.22528735632183908,208.1
24174,458,0.4109198971840272,516.8275109170306
24175,31,0.47096774193548385,375.2903225806452
24176,16,0.725,48.25
24177,0,0.0,0.0
24178,5,0.4,92.8
24179,1,0.0,66.0
24180,170,0.36602854159415243,418.11764705882354
24181,25,0.26666666666666666,35.6
24182,28,0.24867724867724866,104.32142857142857
24183,56,0.2506493506493506,46.732142857142854
24184,2,0.0,48.0
24185,380,0.3780030551312318,510.3342105263158
24186,96,0.5552631578947368,434.03125
24187,5,0.5,19.4
24188,216,0.37377260981912147,411.0416666666667
24189,53,0.21190130624092887,95.83018867924528
24190,70,0.1681159420289855,84.55714285714286
24191,64,0.4826388888888889,399.6875
24192,1,0.0,4.0
24193,46,0.17101449275362318,30.652173913043477
24194,285,0.4930565851247838,264.69473684210527
24195,5,0.3,22.2
24196,4,0.16666666666666666,52.75
24197,2,0.0,5.5
24198,581,0.3559677132174016,546.0722891566265
24199,230,0.13761154357319158,132.6304347826087
24200,27,0.19658119658119658,33.0
24201,93,0.13066853669939224,91.45161290322581
24202,0,0.0,0.0
24203,121,0.6356749311294766,483.06611570247935
24204,40,0.4794871794871795,27.575
24205,0,0.0,0.0
24206,17,0.3897058823529412,26.235294117647058
24207,202,0.48835032757007046,478.55940594059405
24208,156,0.28428453267162945,143.76282051282053
24209,32,0.16532258064516128,72.75
24210,135,0.22509673852957435,129.4148148148148
24211,109,0.2677539925246347,114.25688073394495
24212,15,0.34285714285714286,56.666666666666664
24213,78,0.30636030636030637,101.05128205128206
24214,126,0.42438095238095236,313.8809523809524
24215,101,0.11485148514851486,67.97029702970298
24216,0,0.0,0.0
24217,34,0.22459893048128343,53.73529411764706
24218,140,0.3836587872559096,161.81428571428572
24219,7,0.14285714285714285,23.0
24220,191,0.47219619729953155,411.39267015706804
24221,6,0.2,7.833333333333333
24222,1,0.0,3.0
24223,1,0.0,21.0
24224,279,0.37794280704468686,519.1469534050179
24225,13,0.2692307692307692,29.23076923076923
24226,3,0.0,2.3333333333333335
24227,109,0.1289500509683996,90.90825688073394
24228,280,0.34708141321044544,388.6535714285714
24229,3,0.6666666666666666,2.3333333333333335
24230,29,0.29802955665024633,75.03448275862068
24231,0,0.0,0.0
24232,3,0.0,69.33333333333333
24233,21,0.3904761904761905,183.47619047619048
24234,25,0.28,83.32
24235,22,0.19913419913419914,54.86363636363637
24236,12,0.2727272727272727,45.666666666666664
24237,2,0.0,13.0
24238,0,0.0,0.0
24239,18,0.3006535947712418,35.666666666666664
24240,38,0.3413940256045519,205.52631578947367
24241,0,0.0,0.0
24242,0,0.0,0.0
24243,26,0.22153846153846155,50.84615384615385
24244,10,0.4444444444444444,180.0
24245,28,0.21164021164021163,52.17857142857143
24246,6,0.2,61.666666666666664
24247,3,0.3333333333333333,42.666666666666664
24248,12,0.13636363636363635,62.833333333333336
24249,43,0.5470653377630121,284.30232558139534
24250,8,0.10714285714285714,21.5
24251,0,0.0,0.0
24252,8,0.2857142857142857,21.375
24253,22,0.20346320346320346,43.68181818181818
24254,3,0.0,27.333333333333332
24255,16,0.35,47.3125
24256,15,0.580952380952381,482.8666666666667
24257,4,1.0,76.75
24258,0,0.0,0.0
24259,2,0.0,14.5
24260,1,0.0,3.0
24261,59,0.1724137931034483,108.50847457627118
24262,18,0.21568627450980393,24.0
24263,1,0.0,7.0
24264,32,0.3629032258064516,74.90625
24265,495,0.4029771398192451,509.559595959596
24266,11,0.21818181818181817,46.09090909090909
24267,153,0.34967320261437906,179.94771241830065
24268,2,0.0,4.0
24269,0,0.0,0.0
24270,50,0.30857142857142855,117.84
24271,4,0.8333333333333334,56.5
24272,2,1.0,29.0
24273,1,0.0,19.0
24274,36,0.30793650793650795,150.11111111111111
24275,3,1.0,3.6666666666666665
24276,31,0.5397849462365591,270.3225806451613
24277,294,0.5484664855703374,483.6258503401361
24278,6,0.6,255.5
24279,8,0.2857142857142857,18.25
24280,3,0.0,8.666666666666666
24281,40,0.2,68.675
24282,1,0.0,1.0
24283,10,0.24444444444444444,89.3
24284,6,0.5333333333333333,48.166666666666664
24285,0,0.0,0.0
24286,5,0.1,31.6
24287,0,0.0,0.0
24288,6,0.26666666666666666,97.16666666666667
24289,26,0.5784615384615385,117.34615384615384
24290,4,1.0,8.25
24291,402,0.34028113795114207,490.60199004975124
24292,22,0.341991341991342,88.31818181818181
24293,5,0.4,37.0
24294,53,0.22641509433962265,117.45283018867924
24295,14,0.3076923076923077,101.85714285714286
24296,74,0.5135135135135135,409.18918918918916
24297,137,0.246672391584371,255.14598540145985
24298,1,0.0,41.0
24299,286,0.5158140105508526,280.2307692307692
24300,22,0.21212121212121213,50.95454545454545
24301,118,0.21324062002028105,95.54237288135593
24302,6,0.3333333333333333,143.83333333333334
24303,10,0.2,86.0
24304,0,0.0,0.0
24305,78,0.22544122544122544,105.57692307692308
24306,0,0.0,0.0
24307,57,0.4949874686716792,289.43859649122805
24308,50,0.4310204081632653,314.28
24309,320,0.5386951410658307,658.81875
24310,56,0.43376623376623374,125.375
24311,7,0.47619047619047616,60.57142857142857
24312,134,0.2023341936931882,119.53731343283582
24313,999,0.2995219668566362,555.7037037037037
24314,11,0.34545454545454546,46.90909090909091
24315,5,0.1,157.2
24316,5,0.3,7.0
24317,17,0.34558823529411764,26.0
24318,1,0.0,61.0
24319,160,0.4327044025157233,364.9
24320,1,0.0,4.0
24321,2,0.0,138.5
24322,4,0.5,39.25
24323,288,0.38780003871467283,527.2118055555555
24324,66,0.3333333333333333,290.1060606060606
24325,22,0.27705627705627706,29.954545454545453
24326,0,0.0,0.0
24327,117,0.39006778661951075,313.46153846153845
24328,26,0.31076923076923074,119.5
24329,93,0.332398316970547,130.86021505376345
24330,19,0.16374269005847952,52.68421052631579
24331,598,0.40634611183005326,588.2056856187291
24332,215,0.26033470984568574,174.46976744186045
24333,2,0.0,29.0
24334,510,0.4363496282599484,639.464705882353
24335,0,0.0,0.0
24336,57,0.45300751879699247,385.3157894736842
24337,1,0.0,41.0
24338,10,0.35555555555555557,37.9
24339,78,0.1794871794871795,88.24358974358974
24340,122,0.46999051619021814,438.45081967213116
24341,47,0.6003700277520814,462.74468085106383
24342,97,0.5622852233676976,333.9072164948454
24343,148,0.5601213458356316,644.7635135135135
24344,113,0.42288242730720604,385.86725663716817
24345,6,0.6666666666666666,68.5
24346,27,0.37606837606837606,93.70370370370371
24347,471,0.3427745403622894,546.9256900212314
24348,29,0.2733990147783251,226.0344827586207
24349,305,0.40763589301121655,474.2
24350,11,0.5636363636363636,286.8181818181818
24351,146,0.3091166745394426,198.03424657534248
24352,19,0.52046783625731,360.63157894736844
24353,21,0.2904761904761905,60.476190476190474
24354,79,0.34047387211944175,138.65822784810126
24355,3,0.3333333333333333,6.333333333333333
24356,228,0.390640698662957,405.9605263157895
24357,3,0.0,17.333333333333332
24358,51,0.28705882352941176,121.86274509803921
24359,30,0.20689655172413793,60.93333333333333
24360,180,0.5196151458721291,264.6333333333333
24361,1,0.0,1.0
24362,84,0.25817555938037867,137.72619047619048
24363,42,0.31939605110336816,168.1904761904762
24364,4,0.3333333333333333,56.25
24365,0,0.0,0.0
24366,0,0.0,0.0
24367,50,0.29551020408163264,75.2
24368,190,0.6238373712057923,404.15263157894736
24369,678,0.39127593103358127,617.9233038348083
24370,3,0.0,20.333333333333332
24371,1,0.0,18.0
24372,1,0.0,6.0
24373,381,0.28436248100566375,416.254593175853
24374,44,0.2832980972515856,355.20454545454544
24375,46,0.42995169082125606,116.52173913043478
24376,5,0.6,27.2
24377,42,0.15098722415795587,53.07142857142857
24378,0,0.0,0.0
24379,13,0.1282051282051282,39.07692307692308
24380,1,0.0,1.0
24381,1,0.0,1.0
24382,3,0.3333333333333333,13.333333333333334
24383,1,0.0,17.0
24384,3,0.0,2.3333333333333335
24385,71,0.269215291750503,101.29577464788733
24386,1,0.0,10.0
24387,6,0.13333333333333333,38.833333333333336
24388,64,0.27132936507936506,98.421875
24389,153,0.5728414172686619,549.1372549019608
24390,10,0.26666666666666666,40.7
24391,18,0.1830065359477124,48.77777777777778
24392,39,0.2253711201079622,59.82051282051282
24393,0,0.0,0.0
24394,9,0.5277777777777778,298.55555555555554
24395,0,0.0,0.0
24396,1,0.0,4.0
24397,64,0.19444444444444445,120.5
24398,19,0.38011695906432746,30.36842105263158
24399,61,0.2103825136612022,55.49180327868852
24400,2,0.0,45.0
24401,41,0.2731707317073171,124.7560975609756
24402,7,0.5238095238095238,22.142857142857142
24403,674,0.34239267022632175,544.36646884273
24404,1,0.0,3.0
24405,175,0.6806568144499179,317.7942857142857
24406,60,0.5011299435028248,352.73333333333335
24407,2,1.0,84.0
24408,17,0.14705882352941177,13.058823529411764
24409,4,0.16666666666666666,17.25
24410,0,0.0,0.0
24411,382,0.3715765895755177,483.9738219895288
24412,2,0.0,4.0
24413,0,0.0,0.0
24414,0,0.0,0.0
24415,127,0.3678290213723285,461.29133858267716
24416,5,0.2,12.6
24417,8,0.5357142857142857,515.875
24418,218,0.4038388365112248,471.5
24419,817,0.31278649770801836,522.0061199510404
24420,21,0.29523809523809524,60.095238095238095
24421,35,0.44201680672268906,72.08571428571429
24422,233,0.19213408317300576,115.71673819742489
24423,62,0.3971443680592279,131.90322580645162
24424,0,0.0,0.0
24425,0,0.0,0.0
24426,379,0.16217838645279278,138.16094986807389
24427,0,0.0,0.0
24428,64,0.34871031746031744,81.6875
24429,9,0.4722222222222222,108.33333333333333
24430,36,0.24126984126984127,41.583333333333336
24431,31,0.2064516129032258,60.25806451612903
24432,94,0.22786547700754975,94.5
24433,440,0.36203147649616896,458.68863636363636
24434,22,0.30303030303030304,151.04545454545453
24435,0,0.0,0.0
24436,48,0.4920212765957447,276.6875
24437,94,0.28643331045527337,122.34042553191489
24438,36,0.23809523809523808,42.0
24439,2,1.0,27.0
24440,11,0.34545454545454546,45.72727272727273
24441,10,0.17777777777777778,20.9
24442,0,0.0,0.0
24443,2,1.0,49.0
24444,259,0.4855287180868576,662.081081081081
24445,288,0.4090689121176926,581.7881944444445
24446,0,0.0,0.0
24447,0,0.0,0.0
24448,140,0.37944501541623843,390.0785714285714
24449,136,0.29444444444444445,261.9852941176471
24450,1,0.0,4.0
24451,6,0.5333333333333333,23.0
24452,0,0.0,0.0
24453,11,0.6363636363636364,314.45454545454544
24454,157,0.6302466111383309,580.4904458598726
24455,5,0.1,30.6
24456,4,0.16666666666666666,55.0
24457,41,0.36097560975609755,175.21951219512195
24458,15,0.37142857142857144,71.4
24459,45,0.21717171717171718,105.22222222222223
24460,11,0.2545454545454545,91.81818181818181
24461,31,0.1956989247311828,52.29032258064516
24462,418,0.33545603708420824,404.22727272727275
24463,1,0.0,8.0
24464,6,0.4,97.5
24465,0,0.0,0.0
24466,0,0.0,0.0
24467,52,0.497737556561086,150.98076923076923
24468,26,0.48615384615384616,247.73076923076923
24469,30,0.3632183908045977,30.466666666666665
24470,25,0.3433333333333333,72.36
24471,2,0.0,8.5
24472,4,0.5,19.75
24473,5,0.5,42.4
24474,13,0.2564102564102564,47.76923076923077
24475,219,0.2358510326337397,144.82191780821918
24476,74,0.3720844131803036,129.59459459459458
24477,71,0.16740442655935614,59.25352112676056
24478,1,0.0,45.0
24479,17,0.25735294117647056,56.11764705882353
24480,168,0.32328200741374397,299.1488095238095
24481,2,0.0,10.0
24482,5,0.2,37.2
24483,17,0.3235294117647059,37.35294117647059
24484,5,0.5,106.8
24485,118,0.279298855570042,135.72881355932202
24486,351,0.43265771265771263,496.4843304843305
24487,124,0.2138735903488067,113.5241935483871
24488,0,0.0,0.0
24489,68,0.2598770851624232,125.27941176470588
24490,45,0.2606060606060606,94.66666666666667
24491,59,0.2846288720046756,90.67796610169492
24492,133,0.2974481658692185,138.9699248120301
24493,16,0.25833333333333336,68.625
24494,1,0.0,22.0
24495,0,0.0,0.0
24496,69,0.3653026427962489,213.2608695652174
24497,0,0.0,0.0
24498,49,0.23299319727891157,56.265306122448976
24499,0,0.0,0.0
24500,42,0.33914053426248547,72.69047619047619
24501,37,0.23573573573573572,135.24324324324326
24502,9,0.5555555555555556,469.55555555555554
24503,1097,0.2803448688859464,553.5524156791249
24504,19,0.21052631578947367,89.84210526315789
24505,24,0.16304347826086957,29.208333333333332
24506,0,0.0,0.0
24507,266,0.33147964250248263,446.0075187969925
24508,0,0.0,0.0
24509,10,0.2222222222222222,26.7
24510,3,0.0,9.333333333333334
24511,32,0.11491935483870967,53.125
24512,42,0.41231126596980255,521.9285714285714
24513,1,0.0,23.0
24514,20,0.15263157894736842,61.9
24515,6,0.0,29.833333333333332
24516,18,0.5228758169934641,115.44444444444444
24517,29,0.29310344827586204,109.6896551724138
24518,9,0.1111111111111111,62.0
24519,10,0.1111111111111111,11.3
24520,10,0.3333333333333333,40.2
24521,11,0.32727272727272727,97.27272727272727
24522,5,0.1,109.4
24523,48,0.34308510638297873,85.45833333333333
24524,118,0.35086194408228305,164.45762711864407
24525,40,0.20512820512820512,144.825
24526,5,0.1,9.4
24527,4,0.3333333333333333,16.75
24528,69,0.3388746803069054,306.3188405797101
24529,3,0.3333333333333333,25.666666666666668
24530,54,0.1872816212438854,93.51851851851852
24531,404,0.3349384566248188,536.2079207920792
24532,6,0.3333333333333333,30.0
24533,2,1.0,6.0
24534,54,0.2851153039832285,105.88888888888889
24535,41,0.9402439024390243,525.7560975609756
24536,31,0.16559139784946236,37.83870967741935
24537,321,0.21107866043613707,150.24610591900313
24538,4,1.0,91.5
24539,224,0.5498078155028827,523.6830357142857
24540,116,0.4004497751124438,566.801724137931
24541,2,0.0,26.0
24542,5,0.9,50.2
24543,1,0.0,8.0
24544,1,0.0,101.0
24545,8,0.42857142857142855,17.75
24546,12,0.06060606060606061,44.583333333333336
24547,332,0.45850471371892404,482.46084337349396
24548,135,0.44411276948590384,254.59259259259258
24549,35,0.26554621848739496,96.62857142857143
24550,2,1.0,57.5
24551,0,0.0,0.0
24552,211,0.627758970886933,267.1184834123223
24553,51,0.27215686274509804,161.15686274509804
24554,66,0.22983682983682985,113.0909090909091
24555,27,0.41595441595441596,92.25925925925925
24556,52,0.31975867269984914,115.3076923076923
24557,26,0.27076923076923076,98.0
24558,1,0.0,24.0
24559,17,0.39705882352941174,50.1764705882353
24560,1,0.0,57.0
24561,2,0.0,8.0
24562,19,0.34502923976608185,63.78947368421053
24563,13,0.5512820512820513,133.23076923076923
24564,32,0.4596774193548387,117.28125
24565,0,0.0,0.0
24566,23,0.36363636363636365,59.04347826086956
24567,0,0.0,0.0
24568,89,0.37461695607763024,209.3370786516854
24569,13,0.2948717948717949,103.0
24570,63,0.720942140296979,384.1587301587302
24571,485,0.4594274516486325,591.1257731958763
24572,44,0.1638477801268499,86.95454545454545
24573,22,0.2987012987012987,79.45454545454545
24574,79,0.5511197663096398,498.1898734177215
24575,16,0.2916666666666667,30.875
24576,0,0.0,0.0
24577,10,0.1111111111111111,41.4
24578,6,0.6666666666666666,95.5
24579,25,0.14666666666666667,56.28
24580,6,0.6666666666666666,54.333333333333336
24581,3,0.3333333333333333,13.666666666666666
24582,7,0.38095238095238093,51.42857142857143
24583,3,0.3333333333333333,23.0
24584,5,0.1,29.0
24585,1,0.0,15.0
24586,14,0.26373626373626374,85.85714285714286
24587,27,0.24786324786324787,38.851851851851855
24588,71,0.3529175050301811,165.54929577464787
24589,5,0.2,38.6
24590,147,0.520641133165595,464.3061224489796
24591,44,0.33192389006342493,41.31818181818182
24592,0,0.0,0.0
24593,410,0.17300972031725206,145.43414634146342
24594,140,0.28098663926002054,153.0142857142857
24595,11,0.18181818181818182,24.90909090909091
24596,66,0.2289044289044289,214.8181818181818
24597,6,0.13333333333333333,6.833333333333333
24598,74,0.30099962976675304,146.66216216216216
24599,120,0.4218487394957983,497.03333333333336
24600,0,0.0,0.0
24601,7,0.38095238095238093,36.857142857142854
24602,149,0.5814438599673499,730.6040268456376
24603,19,0.2046783625730994,60.10526315789474
24604,0,0.0,0.0
24605,43,0.301218161683278,76.30232558139535
24606,6,0.06666666666666667,44.166666666666664
24607,318,0.4402317322381604,525.7767295597484
24608,16,0.225,95.5
24609,0,0.0,0.0
24610,284,0.5060717662867665,492.69718309859155
24611,14,0.3516483516483517,29.142857142857142
24612,43,0.17054263565891473,84.3953488372093
24613,1,0.0,1.0
24614,8,0.2857142857142857,55.25
24615,125,0.45083870967741935,281.736
24616,4,0.3333333333333333,5.0
24617,2,0.0,6.0
24618,29,0.1477832512315271,51.48275862068966
24619,158,0.24752076110618398,150.70253164556962
24620,747,0.31063664847055783,489.5863453815261
24621,188,0.434861759016953,573.0478723404256
24622,10,0.3111111111111111,40.8
24623,0,0.0,0.0
24624,27,0.18803418803418803,76.25925925925925
24625,2,1.0,47.0
24626,324,0.39750793104766274,544.8179012345679
24627,69,0.4484228473998295,341.4782608695652
24628,0,0.0,0.0
24629,136,0.2235294117647059,157.44117647058823
24630,0,0.0,0.0
24631,2,0.0,41.5
24632,4,0.6666666666666666,311.25
24633,84,0.3757888697647734,146.04761904761904
24634,38,0.5945945945945946,176.5
24635,18,0.8169934640522876,26.38888888888889
24636,37,0.07957957957957958,25.945945945945947
24637,38,0.3968705547652916,163.28947368421052
24638,99,0.21851164708307566,213.67676767676767
24639,1,0.0,2.0
24640,2,0.0,20.5
24641,10,0.3333333333333333,110.9
24642,29,0.3620689655172414,74.51724137931035
24643,61,0.21967213114754097,71.09836065573771
24644,13,0.6025641025641025,120.61538461538461
24645,10,0.1111111111111111,27.8
24646,2,0.0,10.5
24647,1,0.0,12.0
24648,20,0.5368421052631579,72.45
24649,149,0.24913840014511154,125.8993288590604
24650,126,0.4102857142857143,556.9206349206349
24651,48,0.17464539007092197,61.104166666666664
24652,0,0.0,0.0
24653,0,0.0,0.0
24654,0,0.0,0.0
24655,98,0.8039133179044814,666.8367346938776
24656,14,0.21978021978021978,44.5
24657,36,0.346031746031746,58.69444444444444
24658,27,0.4700854700854701,91.33333333333333
24659,12,0.36363636363636365,59.416666666666664
24660,1,0.0,80.0
24661,179,0.5387609064088883,520.9329608938548
24662,6,0.6,89.16666666666667
24663,14,0.3076923076923077,42.5
24664,2,0.0,105.5
24665,267,0.25459716707499086,376.89138576779027
24666,2,0.0,3.5
24667,17,0.27205882352941174,97.94117647058823
24668,265,0.09205260148656375,117.33207547169812
24669,54,0.3591893780573026,205.03703703703704
24670,45,0.6474747474747474,337.55555555555554
24671,494,0.33014428722766503,466.7611336032389
24672,13,0.38461538461538464,97.23076923076923
24673,8,0.6428571428571429,403.125
24674,10,0.06666666666666667,14.9
24675,6,0.5333333333333333,62.666666666666664
24676,0,0.0,0.0
24677,0,0.0,0.0
24678,114,0.25229001707809345,120.92105263157895
24679,6,0.4666666666666667,50.166666666666664
24680,56,0.17207792207792208,112.41071428571429
24681,11,0.10909090909090909,58.27272727272727
24682,206,0.39886336727444943,408.4757281553398
24683,24,0.4311594202898551,70.75
24684,15,0.8095238095238095,121.8
24685,12,0.12121212121212122,80.0
24686,43,0.1184939091915836,36.16279069767442
24687,20,0.1,36.9
24688,28,0.3201058201058201,71.82142857142857
24689,25,0.41333333333333333,75.0
24690,3,0.3333333333333333,21.666666666666668
24691,77,0.26657552973342447,73.35064935064935
24692,0,0.0,0.0
24693,18,0.4444444444444444,82.44444444444444
24694,5,0.1,13.8
24695,3,1.0,150.66666666666666
24696,104,0.4775952203136669,497.7307692307692
24697,2,0.0,9.5
24698,13,0.21794871794871795,52.30769230769231
24699,0,0.0,0.0
24700,0,0.0,0.0
24701,9,0.3333333333333333,58.0
24702,155,0.12165898617511521,64.99354838709678
24703,339,0.49478975755354243,287.5604719764012
24704,0,0.0,0.0
24705,6,0.3333333333333333,50.5
24706,303,0.5060214630734596,664.6600660066007
24707,227,0.3743323847023508,554.9074889867842
24708,5,0.2,44.2
24709,164,0.4689510698787969,456.6158536585366
24710,79,0.4336254462836741,408.8101265822785
24711,174,0.31087635373064915,338.4712643678161
24712,97,0.12306701030927836,69.15463917525773
24713,12,0.16666666666666666,30.083333333333332
24714,30,0.35172413793103446,85.56666666666666
24715,3,0.6666666666666666,23.333333333333332
24716,38,0.283072546230441,117.26315789473684
24717,72,0.22104851330203443,121.81944444444444
24718,0,0.0,0.0
24719,78,0.30103230103230105,122.37179487179488
24720,10,0.3333333333333333,67.3
24721,101,0.24475247524752475,141.4950495049505
24722,55,0.21818181818181817,88.65454545454546
24723,314,0.23811074255713152,358.1210191082803
24724,37,0.3048048048048048,94.43243243243244
24725,82,0.35079795242396866,309.9634146341463
24726,473,0.3431845056795786,541.5665961945032
24727,19,0.09941520467836257,82.0
24728,45,0.25555555555555554,221.33333333333334
24729,0,0.0,0.0
24730,0,0.0,0.0
24731,16,0.11666666666666667,21.1875
24732,1,0.0,91.0
24733,23,0.33992094861660077,63.04347826086956
24734,15,0.29523809523809524,91.33333333333333
24735,10,0.2,20.6
24736,3,0.0,29.333333333333332
24737,10,0.24444444444444444,15.5
24738,1,0.0,36.0
24739,1,0.0,38.0
24740,899,0.30694337435061475,545.6395995550612
24741,26,0.09230769230769231,62.34615384615385
24742,2,0.0,302.0
24743,590,0.34192972864090243,517.0372881355933
24744,33,0.42424242424242425,103.48484848484848
24745,98,0.6164527666736798,471.57142857142856
24746,28,0.1164021164021164,43.392857142857146
24747,2,1.0,6.5
24748,29,0.3768472906403941,86.17241379310344
24749,18,0.3137254901960784,58.55555555555556
24750,56,0.39805194805194805,163.33928571428572
24751,37,0.4219219219219219,100.05405405405405
24752,16,0.6583333333333333,36.9375
24753,51,0.21333333333333335,124.82352941176471
24754,11,0.36363636363636365,375.3636363636364
24755,39,0.33063427800269907,54.256410256410255
24756,56,0.21103896103896103,85.875
24757,168,0.18748217850014257,118.00595238095238
24758,113,0.2778128950695322,118.48672566371681
24759,22,0.48484848484848486,84.45454545454545
24760,93,0.2793361383824217,126.29032258064517
24761,0,0.0,0.0
24762,124,0.2025963808025177,107.7258064516129
24763,148,0.2296378010663725,118.3445945945946
24764,34,0.3422459893048128,22.705882352941178
24765,0,0.0,0.0
24766,84,0.13052208835341367,83.52380952380952
24767,38,0.30725462304409673,187.28947368421052
24768,14,0.25274725274725274,33.142857142857146
24769,1,0.0,4.0
24770,38,0.20768136557610242,59.89473684210526
24771,6,0.4666666666666667,70.16666666666667
24772,2,0.0,3.0
24773,63,0.25857654889912957,107.38095238095238
24774,15,0.18095238095238095,18.066666666666666
24775,41,0.33414634146341465,388.9512195121951
24776,12,0.3787878787878788,104.91666666666667
24777,85,0.42324929971988795,331.2352941176471
24778,9,0.3611111111111111,46.888888888888886
24779,25,0.26666666666666666,91.88
24780,0,0.0,0.0
24781,75,0.16576576576576577,77.21333333333334
24782,1,0.0,14.0
24783,4,0.0,10.0
24784,3,1.0,57.333333333333336
24785,2,1.0,310.0
24786,8,0.35714285714285715,39.75
24787,215,0.2997609215387959,303.1488372093023
24788,17,0.3602941176470588,48.94117647058823
24789,11,0.2727272727272727,45.81818181818182
24790,13,0.19230769230769232,50.07692307692308
24791,3,0.6666666666666666,7.333333333333333
24792,7,0.3333333333333333,41.0
24793,6,0.6,72.16666666666667
24794,40,0.2743589743589744,77.7
24795,4,0.16666666666666666,49.25
24796,4,0.5,25.25
24797,1,0.0,16.0
24798,0,0.0,0.0
24799,18,0.6209150326797386,85.05555555555556
24800,1,0.0,85.0
24801,17,0.20588235294117646,44.8235294117647
24802,6,0.4666666666666667,46.0
24803,35,0.1411764705882353,43.97142857142857
24804,145,0.5799808429118773,506.1034482758621
24805,43,0.2768549280177187,100.0
24806,19,0.11695906432748537,46.26315789473684
24807,8,0.6785714285714286,171.375
24808,13,0.1794871794871795,13.076923076923077
24809,14,0.3076923076923077,216.14285714285714
24810,319,0.4484730190650815,499.3918495297806
24811,14,0.25274725274725274,115.35714285714286
24812,0,0.0,0.0
24813,15,0.2761904761904762,32.06666666666667
24814,1,0.0,15.0
24815,4,0.5,37.75
24816,1,0.0,5.0
24817,8,0.4642857142857143,90.875
24818,5,0.3,21.2
24819,11,0.5636363636363636,56.90909090909091
24820,6,0.4,24.166666666666668
24821,45,0.4808080808080808,194.9111111111111
24822,189,0.16509062253743104,123.67195767195767
24823,32,0.3084677419354839,99.53125
24824,60,0.2655367231638418,412.53333333333336
24825,4,0.16666666666666666,21.25
24826,6,0.26666666666666666,51.0
24827,4,0.0,14.0
24828,37,0.3078078078078078,137.1081081081081
24829,9,0.1111111111111111,31.444444444444443
24830,55,0.14747474747474748,61.10909090909091
24831,20,0.18421052631578946,77.65
24832,1,0.0,1.0
24833,38,0.283072546230441,87.78947368421052
24834,23,0.2766798418972332,85.17391304347827
24835,3,0.3333333333333333,7.333333333333333
24836,48,0.29521276595744683,114.6875
24837,11,0.18181818181818182,87.27272727272727
24838,42,0.5691056910569106,501.6190476190476
24839,11,0.09090909090909091,26.545454545454547
24840,0,0.0,0.0
24841,23,0.6442687747035574,151.2173913043478
24842,23,0.5138339920948617,128.7391304347826
24843,40,0.14102564102564102,65.1
24844,0,0.0,0.0
24845,172,0.3118455052359581,435.4186046511628
24846,65,0.16153846153846155,78.13846153846154
24847,18,0.3333333333333333,97.94444444444444
24848,21,0.4666666666666667,73.71428571428571
24849,218,0.49845685536718387,596.2385321100918
24850,104,0.35642270351008215,128.32692307692307
24851,0,0.0,0.0
24852,0,0.0,0.0
24853,36,0.353968253968254,76.88888888888889
24854,28,0.291005291005291,66.5
24855,7,0.14285714285714285,16.857142857142858
24856,1,0.0,1.0
24857,332,0.4567211443963164,468.00602409638554
24858,28,0.47883597883597884,128.78571428571428
24859,2,0.0,6.0
24860,520,0.39373795761079,533.65
24861,6,0.6,116.5
24862,4,0.3333333333333333,116.75
24863,45,0.11515151515151516,60.4
24864,15,0.10476190476190476,31.933333333333334
24865,0,0.0,0.0
24866,5,0.8,21.2
24867,394,0.349982562870539,514.6116751269036
24868,51,0.3992156862745098,102.6470588235294
24869,1,0.0,9.0
24870,3,1.0,82.66666666666667
24871,22,0.19913419913419914,74.86363636363636
24872,317,0.4002116359861039,535.4384858044164
24873,15,0.22857142857142856,26.933333333333334
24874,1,0.0,56.0
24875,27,0.27635327635327633,53.48148148148148
24876,12,0.19696969696969696,84.83333333333333
24877,9,0.4166666666666667,70.44444444444444
24878,54,0.3116701607267645,77.51851851851852
24879,3,0.3333333333333333,122.0
24880,18,0.673202614379085,112.66666666666667
24881,29,0.3226600985221675,89.3103448275862
24882,0,0.0,0.0
24883,93,0.2171575502571295,117.47311827956989
24884,18,0.2875816993464052,69.0
24885,114,0.1856854525694768,182.07894736842104
24886,161,0.19301242236024846,111.0807453416149
24887,2,1.0,12.5
24888,307,0.44887270869259754,445.47231270358304
24889,25,0.4066666666666667,51.28
24890,7,0.14285714285714285,25.857142857142858
24891,0,0.0,0.0
24892,126,0.4909206349206349,367.515873015873
24893,18,0.5947712418300654,62.05555555555556
24894,24,0.19202898550724637,38.625
24895,69,0.2979539641943734,63.11594202898551
24896,1,0.0,8.0
24897,23,0.3438735177865613,100.3913043478261
24898,7,0.047619047619047616,42.142857142857146
24899,253,0.46091348265261306,391.85375494071144
24900,302,0.5034212668588149,509.6788079470199
24901,32,0.5786290322580645,154.0
24902,7,0.047619047619047616,20.428571428571427
24903,16,0.5416666666666666,27.5625
24904,199,0.5014973859194964,327.47738693467335
24905,82,0.4218608852755194,490.3658536585366
24906,20,0.8894736842105263,459.5
24907,40,0.2564102564102564,68.275
24908,30,0.7333333333333333,412.53333333333336
24909,0,0.0,0.0
24910,0,0.0,0.0
24911,216,0.2975452196382429,358.0324074074074
24912,19,0.8128654970760234,113.52631578947368
24913,252,0.3603996711566433,539.686507936508
24914,38,0.24751066856330015,116.86842105263158
24915,39,0.20647773279352227,98.51282051282051
24916,9,0.1111111111111111,74.44444444444444
24917,151,0.4221633554083885,550.2450331125827
24918,616,0.30797698236722626,451.84902597402595
24919,1,0.0,12.0
24920,10,0.4666666666666667,14.9
24921,5,0.0,11.2
24922,0,0.0,0.0
24923,233,0.22191801095160574,130.04291845493563
24924,68,0.3748902546093064,115.19117647058823
24925,59,0.3635300993571011,242.16949152542372
24926,4,0.3333333333333333,58.25
24927,0,0.0,0.0
24928,37,0.47297297297297297,468.5405405405405
24929,370,0.3933201494177104,515.8027027027027
24930,0,0.0,0.0
24931,86,0.5294117647058824,550.9302325581396
24932,113,0.2695954487989886,197.93805309734512
24933,2,0.0,21.0
24934,12,0.5303030303030303,55.0
24935,208,0.5533723522853957,453.0625
24936,78,0.30336330336330336,128.82051282051282
24937,357,0.2867686400402858,406.91316526610643
24938,31,0.16989247311827957,40.74193548387097
24939,71,0.1601609657947686,48.74647887323944
24940,43,0.1982281284606866,86.30232558139535
24941,189,0.3321513002364066,395.1216931216931
24942,43,0.3875968992248062,132.30232558139534
24943,22,0.3333333333333333,32.18181818181818
24944,6,0.2,18.166666666666668
24945,6,0.3333333333333333,39.333333333333336
24946,46,0.37777777777777777,122.1086956521739
24947,15,0.4380952380952381,55.0
24948,4,0.3333333333333333,61.75
24949,8,0.39285714285714285,96.125
24950,388,0.3803644210021578,523.0824742268042
24951,223,0.4791338423625419,592.1300448430493
24952,8,0.17857142857142858,13.875
24953,0,0.0,0.0
24954,0,0.0,0.0
24955,1,0.0,2.0
24956,0,0.0,0.0
24957,13,0.6282051282051282,45.30769230769231
24958,2,1.0,12.5
24959,0,0.0,0.0
24960,113,0.4299936788874842,388.9380530973451
24961,8,0.5,118.625
24962,38,0.40540540540540543,111.28947368421052
24963,3,0.0,34.333333333333336
24964,7,0.14285714285714285,66.28571428571429
24965,63,0.12749615975422426,74.3015873015873
24966,59,0.29164231443600236,120.03389830508475
24967,16,0.5333333333333333,367.25
24968,17,0.5073529411764706,236.8235294117647
24969,23,0.2845849802371542,53.30434782608695
24970,158,0.535031847133758,407.1645569620253
24971,3,0.6666666666666666,56.333333333333336
24972,10,0.24444444444444444,20.1
24973,0,0.0,0.0
24974,85,0.3257703081232493,138.9294117647059
24975,2,1.0,22.5
24976,80,0.6268987341772152,345.1625
24977,9,0.4722222222222222,168.33333333333334
24978,12,0.19696969696969696,23.75
24979,0,0.0,0.0
24980,1,0.0,5.0
24981,107,0.2320578381237877,118.65420560747664
24982,415,0.27033350794482275,373.4457831325301
24983,662,0.3876667687427728,584.8897280966768
24984,0,0.0,0.0
24985,24,0.17391304347826086,47.875
24986,29,0.5591133004926109,161.24137931034483
24987,1,0.0,13.0
24988,2,0.0,61.5
24989,375,0.27180035650623885,447.00266666666664
24990,2,0.0,15.5
24991,3,0.0,96.66666666666667
24992,846,0.31935876453061396,532.339243498818
24993,1,0.0,4.0
24994,0,0.0,0.0
24995,45,0.1505050505050505,119.93333333333334
24996,7,0.47619047619047616,58.857142857142854
24997,3,0.3333333333333333,73.0
24998,26,0.5138461538461538,31.692307692307693
24999,5,0.4,104.2
25000,5,0.5,35.0
25001,0,0.0,0.0
25002,3,0.0,37.666666666666664
25003,143,0.5910568304934503,634.8531468531469
25004,4,0.3333333333333333,77.25
25005,9,0.1388888888888889,33.77777777777778
25006,15,0.22857142857142856,36.93333333333333
25007,44,0.36046511627906974,137.4318181818182
25008,20,0.2789473684210526,42.15
25009,68,0.42010535557506584,286.5147058823529
25010,106,0.25768194070080863,91.9245283018868
25011,3,0.0,115.33333333333333
25012,2,0.0,24.5
25013,2,0.0,2.5
25014,659,0.3038314476664007,449.2670713201821
25015,14,0.7472527472527473,404.85714285714283
25016,2,1.0,11.0
25017,1,0.0,16.0
25018,1,0.0,6.0
25019,9,0.19444444444444445,44.666666666666664
25020,24,0.25,45.833333333333336
25021,625,0.30883589743589746,506.272
25022,74,0.3872639763050722,223.22972972972974
25023,22,0.08225108225108226,26.545454545454547
25024,2,0.0,21.5
25025,401,0.4284788029925187,589.4189526184539
25026,15,0.2857142857142857,34.666666666666664
25027,13,0.32051282051282054,45.92307692307692
25028,10,0.4222222222222222,49.4
25029,696,0.3700446539320268,583.4971264367816
25030,60,0.21864406779661016,68.35
25031,0,0.0,0.0
25032,0,0.0,0.0
25033,210,0.24123946229209386,145.10476190476192
25034,16,0.14166666666666666,15.625
25035,11,0.21818181818181817,56.0
25036,188,0.11241324382751167,124.29787234042553
25037,21,0.24285714285714285,92.33333333333333
25038,0,0.0,0.0
25039,116,0.31964017991004495,131.4051724137931
25040,19,0.23391812865497075,26.210526315789473
25041,50,0.34775510204081633,103.3
25042,84,0.3559954102122777,105.26190476190476
25043,42,0.26248548199767713,95.47619047619048
25044,36,0.22698412698412698,70.97222222222223
25045,99,0.34652648938363223,170.21212121212122
25046,14,0.26373626373626374,36.214285714285715
25047,0,0.0,0.0
25048,82,0.2863595302619693,100.10975609756098
25049,1,0.0,8.0
25050,50,0.20489795918367346,75.44
25051,17,0.2426470588235294,19.058823529411764
25052,31,0.27741935483870966,96.25806451612904
25053,6,0.26666666666666666,30.5
25054,1,0.0,63.0
25055,20,0.45263157894736844,26.1
25056,44,0.17864693446088795,69.93181818181819
25057,136,0.3058823529411765,142.74264705882354
25058,34,0.19429590017825313,50.970588235294116
25059,52,0.3273001508295626,105.67307692307692
25060,91,0.21318681318681318,134.94505494505495
25061,1210,0.29000813458291463,563.5157024793389
25062,5,0.5,78.4
25063,15,0.4,39.8
25064,15,0.6857142857142857,139.0
25065,15,0.4380952380952381,126.26666666666667
25066,1,0.0,187.0
25067,8,0.4642857142857143,35.75
25068,26,0.38153846153846155,22.346153846153847
25069,71,0.5798792756539235,511.7042253521127
25070,11,0.23636363636363636,84.9090909090909
25071,71,0.27082494969818915,87.54929577464789
25072,177,0.533834103749358,532.5819209039548
25073,8,0.17857142857142858,10.5
25074,0,0.0,0.0
25075,0,0.0,0.0
25076,6,0.4,57.0
25077,116,0.5914542728635682,390.3965517241379
25078,65,0.46778846153846154,121.58461538461539
25079,115,0.21495041952707858,100.58260869565217
25080,92,0.298853320592451,146.8804347826087
25081,1,0.0,59.0
25082,91,0.7584859584859585,233.94505494505495
25083,252,0.22411939543413648,144.71825396825398
25084,0,0.0,0.0
25085,1,0.0,7.0
25086,1,0.0,1.0
25087,3,1.0,49.666666666666664
25088,1,0.0,17.0
25089,11,0.12727272727272726,55.18181818181818
25090,74,0.23398741206960386,122.83783783783784
25091,76,0.1968421052631579,118.01315789473684
25092,14,0.25274725274725274,77.5
25093,0,0.0,0.0
25094,2,0.0,45.5
25095,19,0.3391812865497076,49.8421052631579
25096,268,0.5402202470792107,573.0634328358209
25097,19,0.5614035087719298,75.52631578947368
25098,0,0.0,0.0
25099,2,1.0,42.5
25100,160,0.1615566037735849,119.05
25101,66,0.2261072261072261,55.27272727272727
25102,2,0.0,29.0
25103,8,0.5714285714285714,46.0
25104,93,0.27653108929406267,277.44086021505376
25105,14,0.8241758241758241,70.0
25106,3,0.6666666666666666,13.666666666666666
25107,13,0.1794871794871795,63.53846153846154
25108,9,0.25,39.888888888888886
25109,79,0.459915611814346,236.1772151898734
25110,5,0.4,75.2
25111,19,0.4502923976608187,133.10526315789474
25112,191,0.431138054560485,469.282722513089
25113,117,0.3511641615089891,215.71794871794873
25114,9,0.3888888888888889,24.555555555555557
25115,0,0.0,0.0
25116,704,0.3135466507177033,463.26704545454544
25117,1,0.0,56.0
25118,30,0.5080459770114942,111.83333333333333
25119,15,0.3333333333333333,50.46666666666667
25120,82,0.3553146642577537,367.6829268292683
25121,9,0.1111111111111111,12.222222222222221
25122,368,0.4150574576471982,547.179347826087
25123,1,0.0,11.0
25124,258,0.5250203601484028,606.5736434108527
25125,251,0.5712828685258964,443.52191235059763
25126,4,0.5,76.25
25127,12,0.42424242424242425,34.25
25128,17,0.14705882352941177,41.64705882352941
25129,6,0.13333333333333333,74.83333333333333
25130,244,0.46927072792282265,339.48770491803276
25131,5,0.2,36.0
25132,10,0.15555555555555556,33.2
25133,4,0.0,87.25
25134,15,0.49523809523809526,140.93333333333334
25135,662,0.33484923968536184,541.6283987915408
25136,129,0.3644622093023256,381.25581395348837
25137,21,0.5047619047619047,145.95238095238096
25138,1,0.0,18.0
25139,11,0.4727272727272727,116.0
25140,45,0.2686868686868687,72.53333333333333
25141,47,0.19518963922294172,53.12765957446808
25142,197,0.2388894644152077,386.43654822335026
25143,6,0.3333333333333333,67.0
25144,6,0.4,39.666666666666664
25145,7,0.2857142857142857,76.28571428571429
25146,0,0.0,0.0
25147,19,0.3742690058479532,70.0
25148,35,0.22521008403361345,129.74285714285713
25149,7,0.3333333333333333,9.571428571428571
25150,31,0.1827956989247312,38.516129032258064
25151,1,0.0,3.0
25152,64,0.4340277777777778,141.84375
25153,4,1.0,55.75
25154,21,0.6142857142857143,67.71428571428571
25155,14,0.37362637362637363,43.785714285714285
25156,1,0.0,22.0
25157,29,0.30049261083743845,81.06896551724138
25158,25,0.2833333333333333,105.12
25159,162,0.5482708381259106,547.6543209876543
25160,7,0.23809523809523808,93.85714285714286
25161,4,0.3333333333333333,29.25
25162,8,0.2857142857142857,49.875
25163,21,0.3047619047619048,81.04761904761905
25164,113,0.25379266750948165,100.929203539823
25165,800,0.29229662077596996,495.93875
25166,0,0.0,0.0
25167,47,0.10175763182238667,51.40425531914894
25168,146,0.1917808219178082,118.15068493150685
25169,38,0.3229018492176387,60.71052631578947
25170,79,0.2885426809477442,96.15189873417721
25171,8,0.2857142857142857,29.625
25172,16,0.45,186.375
25173,364,0.39390912118184845,465.489010989011
25174,3,0.3333333333333333,35.333333333333336
25175,133,0.22476646160856686,118.0827067669173
25176,5,0.3,19.8
25177,37,0.5045045045045045,33.648648648648646
25178,12,0.15151515151515152,49.75
25179,20,0.2789473684210526,43.05
25180,9,0.3333333333333333,58.666666666666664
25181,4,0.3333333333333333,23.25
25182,11,0.2,32.09090909090909
25183,169,0.546421527190758,661.5739644970414
25184,9,0.19444444444444445,26.333333333333332
25185,5,0.0,57.4
25186,220,0.29028642590286424,146.13636363636363
25187,4,0.3333333333333333,84.25
25188,190,0.4908382066276803,528.7052631578947
25189,1,0.0,10.0
25190,32,0.25201612903225806,82.09375
25191,1,0.0,84.0
25192,1,0.0,67.0
25193,27,0.5641025641025641,66.62962962962963
25194,0,0.0,0.0
25195,110,0.2763969974979149,106.96363636363637
25196,409,0.3856129248765521,576.4596577017115
25197,14,0.6813186813186813,384.5
25198,97,0.2652491408934708,125.02061855670104
25199,25,0.4033333333333333,111.84
25200,342,0.1842876987189381,205.7280701754386
25201,1,0.0,9.0
25202,10,0.3111111111111111,37.8
25203,16,0.25,88.0
25204,77,0.531784005468216,398.5194805194805
25205,1,0.0,1.0
25206,58,0.4452510586811857,96.51724137931035
25207,13,0.1282051282051282,51.69230769230769
25208,18,0.32679738562091504,62.5
25209,0,0.0,0.0
25210,2,0.0,12.5
25211,11,0.6363636363636364,417.72727272727275
25212,71,0.2993963782696177,81.98591549295774
25213,4,0.0,39.0
25214,2,1.0,61.5
25215,0,0.0,0.0
25216,4,0.6666666666666666,46.0
25217,131,0.5295361127422196,530.2671755725191
25218,0,0.0,0.0
25219,46,0.2985507246376812,66.23913043478261
25220,14,0.13186813186813187,25.142857142857142
25221,0,0.0,0.0
25222,164,0.5426455184797246,565.0060975609756
25223,12,0.5909090909090909,216.0
25224,29,0.5541871921182266,390.3448275862069
25225,1,0.0,26.0
25226,19,0.2573099415204678,75.26315789473684
25227,121,0.2559228650137741,87.49586776859505
25228,92,0.5609173435260392,247.32608695652175
25229,9,0.2777777777777778,109.44444444444444
25230,53,0.2880986937590711,103.86792452830188
25231,5,0.4,98.4
25232,5,0.4,45.6
25233,14,0.12087912087912088,64.28571428571429
25234,4,0.16666666666666666,20.5
25235,0,0.0,0.0
25236,203,0.41974345217773007,427.73399014778323
25237,32,0.7762096774193549,330.875
25238,7,0.19047619047619047,38.42857142857143
25239,502,0.38982592583756787,488.3625498007968
25240,25,0.27,110.76
25241,3,0.0,19.0
25242,1,0.0,15.0
25243,5,0.6,61.4
25244,0,0.0,0.0
25245,14,0.5934065934065934,437.2142857142857
25246,2,1.0,14.0
25247,71,0.44386317907444667,237.95774647887325
25248,2,1.0,55.5
25249,16,0.24166666666666667,37.25
25250,44,0.4312896405919662,144.6590909090909
25251,77,0.24914559125085442,48.857142857142854
25252,494,0.343579341550944,491.085020242915
25253,1,0.0,9.0
25254,3,0.0,32.333333333333336
25255,56,0.5707792207792208,396.25
25256,5,0.5,33.2
25257,0,0.0,0.0
25258,2,0.0,3.5
25259,35,0.25546218487394956,91.97142857142858
25260,43,0.24363233665559247,116.4186046511628
25261,0,0.0,0.0
25262,102,0.39215686274509803,151.7450980392157
25263,278,0.33399994805599564,462.2661870503597
25264,155,0.23921240050272308,199.86451612903227
25265,73,0.2614155251141553,73.63013698630137
25266,54,0.4074074074074074,129.25925925925927
25267,0,0.0,0.0
25268,10,0.4222222222222222,44.6
25269,5,0.2,54.6
25270,6,0.5333333333333333,95.5
25271,19,0.19883040935672514,32.63157894736842
25272,8,0.25,15.375
25273,0,0.0,0.0
25274,316,0.4675105485232067,568.5221518987341
25275,9,0.3888888888888889,43.22222222222222
25276,0,0.0,0.0
25277,44,0.1638477801268499,77.38636363636364
25278,191,0.40534582529622487,451.29842931937173
25279,2,1.0,613.5
25280,54,0.23969252271139063,121.75925925925925
25281,83,0.3920070526006465,377.26506024096386
25282,0,0.0,0.0
25283,1,0.0,15.0
25284,34,0.40998217468805703,126.91176470588235
25285,127,0.18485189351331083,232.62992125984252
25286,2,0.0,39.0
25287,81,0.14660493827160495,47.901234567901234
25288,2,1.0,77.0
25289,41,0.6573170731707317,472.4390243902439
25290,1,0.0,30.0
25291,71,0.19557344064386317,64.91549295774648
25292,5,0.2,200.6
25293,159,0.43348459517554333,427.0
25294,478,0.33294737857775675,519.5732217573221
25295,4,0.3333333333333333,8.0
25296,7,0.38095238095238093,81.71428571428571
25297,7,0.47619047619047616,142.28571428571428
25298,407,0.3575362196051851,541.3980343980344
25299,6,0.4,85.33333333333333
25300,0,0.0,0.0
25301,12,0.24242424242424243,40.5
25302,60,0.188135593220339,148.91666666666666
25303,108,0.2168570439598477,115.28703703703704
25304,22,0.16883116883116883,53.18181818181818
25305,45,0.3333333333333333,85.33333333333333
25306,1,0.0,6.0
25307,3,0.0,15.333333333333334
25308,45,0.1787878787878788,52.44444444444444
25309,19,0.24561403508771928,262.5263157894737
25310,5,0.1,25.4
25311,7,0.5714285714285714,129.71428571428572
25312,97,0.35674398625429554,120.03092783505154
25313,1,0.0,5.0
25314,135,0.15378662244333885,116.24444444444444
25315,23,0.308300395256917,113.78260869565217
25316,5,0.1,29.4
25317,0,0.0,0.0
25318,71,0.4152917505030181,343.32394366197184
25319,92,0.18657429526994745,65.6304347826087
25320,1,0.0,2.0
25321,37,0.15015015015015015,268.81081081081084
25322,143,0.4400669752782429,620.9090909090909
25323,0,0.0,0.0
25324,5,0.5,43.4
25325,8,0.32142857142857145,75.875
25326,1,0.0,187.0
25327,5,0.4,24.4
25328,45,0.5111111111111111,125.11111111111111
25329,9,0.3611111111111111,8.666666666666666
25330,1096,0.27806052728060526,547.0784671532847
25331,124,0.477970102281668,378.8790322580645
25332,241,0.5471991701244814,503.3651452282158
25333,186,0.38796861377506536,478.56451612903226
25334,26,0.3507692307692308,94.96153846153847
25335,44,0.3287526427061311,89.31818181818181
25336,4,0.16666666666666666,112.75
25337,317,0.3701832847502296,476.29652996845425
25338,18,0.39215686274509803,90.0
25339,8,0.07142857142857142,38.125
25340,32,0.6169354838709677,295.8125
25341,6,0.3333333333333333,15.166666666666666
25342,20,0.42105263157894735,420.4
25343,7,0.0,6.571428571428571
25344,2,0.0,6.5
25345,1,0.0,3.0
25346,68,0.2726075504828797,142.9264705882353
25347,27,0.6410256410256411,223.74074074074073
25348,45,0.18484848484848485,84.93333333333334
25349,80,0.22151898734177214,120.6875
25350,10,0.26666666666666666,53.6
25351,410,0.3659967797721987,548.9585365853659
25352,3,0.0,6.333333333333333
25353,1,0.0,6.0
25354,8,0.5714285714285714,26.375
25355,21,0.7095238095238096,25.285714285714285
25356,23,0.1225296442687747,46.21739130434783
25357,7,0.5238095238095238,261.85714285714283
25358,0,0.0,0.0
25359,2,0.0,138.0
25360,4,0.5,24.0
25361,41,0.31097560975609756,147.14634146341464
25362,14,0.32967032967032966,50.5
25363,5,0.2,24.2
25364,8,0.39285714285714285,363.5
25365,64,0.20337301587301587,73.671875
25366,11,0.2545454545454545,101.0909090909091
25367,10,0.4222222222222222,19.0
25368,4,0.5,153.25
25369,12,0.2878787878787879,28.666666666666668
25370,5,0.0,22.0
25371,29,0.4458128078817734,141.86206896551724
25372,33,0.4166666666666667,94.33333333333333
25373,16,0.30833333333333335,127.0625
25374,42,0.22415795586527293,266.04761904761904
25375,1,0.0,3.0
25376,1,0.0,19.0
25377,14,0.42857142857142855,92.35714285714286
25378,242,0.35948698604300267,458.46280991735534
25379,12,0.2878787878787879,45.25
25380,52,0.3031674208144796,201.48076923076923
25381,55,0.24848484848484848,107.67272727272727
25382,15,0.4666666666666667,47.8
25383,251,0.5228047808764941,509.0597609561753
25384,11,0.34545454545454546,67.27272727272727
25385,3,0.3333333333333333,27.0
25386,0,0.0,0.0
25387,88,0.4004702194357367,141.51136363636363
25388,0,0.0,0.0
25389,269,0.44914831049214893,457.1003717472119
25390,5,0.4,18.2
25391,12,0.5757575757575758,14.166666666666666
25392,184,0.5494773105250653,565.0434782608696
25393,4,0.0,21.5
25394,97,0.22186426116838487,112.54639175257732
25395,53,0.2590711175616836,107.62264150943396
25396,135,0.21514648977335543,116.2074074074074
25397,66,0.5128205128205128,465.030303030303
25398,1,0.0,15.0
25399,197,0.4544701129182637,494.1979695431472
25400,81,0.1654320987654321,112.58024691358025
25401,104,0.2949962658700523,120.5
25402,4,0.0,2.75
25403,1,0.0,3.0
25404,6,0.4,28.0
25405,1,0.0,9.0
25406,9,0.19444444444444445,12.333333333333334
25407,7,0.23809523809523808,17.428571428571427
25408,40,0.2923076923076923,110.9
25409,0,0.0,0.0
25410,6,0.13333333333333333,19.166666666666668
25411,485,0.39440231745761267,590.4329896907217
25412,41,0.35853658536585364,64.34146341463415
25413,53,0.6959361393323658,493.8867924528302
25414,11,0.2727272727272727,15.181818181818182
25415,40,0.3628205128205128,285.525
25416,15,0.38095238095238093,93.33333333333333
25417,18,0.1895424836601307,68.16666666666667
25418,58,0.46400483968542044,360.91379310344826
25419,3,0.6666666666666666,124.33333333333333
25420,1,0.0,51.0
25421,28,0.47619047619047616,99.60714285714286
25422,2,1.0,54.5
25423,25,0.36666666666666664,368.88
25424,1,0.0,29.0
25425,1,0.0,1.0
25426,60,0.4344632768361582,116.91666666666667
25427,15,0.42857142857142855,34.86666666666667
25428,22,0.2554112554112554,76.77272727272727
25429,1,0.0,1.0
25430,0,0.0,0.0
25431,1,0.0,7.0
25432,34,0.32620320855614976,72.20588235294117
25433,11,0.16363636363636364,41.45454545454545
25434,13,0.46153846153846156,48.69230769230769
25435,0,0.0,0.0
25436,33,0.2916666666666667,79.57575757575758
25437,83,0.16338524831031442,91.51807228915662
25438,7,0.42857142857142855,6.857142857142857
25439,36,0.3126984126984127,82.86111111111111
25440,11,0.43636363636363634,75.0
25441,6,0.5333333333333333,40.166666666666664
25442,17,0.6102941176470589,122.29411764705883
25443,22,0.36796536796536794,130.13636363636363
25444,186,0.48846265620459167,435.47849462365593
25445,0,0.0,0.0
25446,0,0.0,0.0
25447,8,0.25,36.75
25448,45,0.5525252525252525,161.11111111111111
25449,8,0.39285714285714285,68.5
25450,43,0.49169435215946844,401.06976744186045
25451,145,0.6981800766283525,653.9931034482759
25452,13,0.3717948717948718,67.61538461538461
25453,7,0.6190476190476191,81.14285714285714
25454,48,0.3280141843971631,85.27083333333333
25455,137,0.3517604121940747,338.51824817518246
25456,303,0.5407732826262759,275.5742574257426
25457,89,0.5383043922369765,461.46067415730334
25458,0,0.0,0.0
25459,0,0.0,0.0
25460,829,0.3458651655274092,576.6948130277443
25461,3,0.3333333333333333,379.3333333333333
25462,0,0.0,0.0
25463,170,0.3154194222067525,340.0705882352941
25464,3,0.0,14.666666666666666
25465,16,0.44166666666666665,90.0
25466,71,0.29979879275653926,206.4788732394366
25467,4,0.16666666666666666,24.75
25468,20,0.11578947368421053,83.6
25469,556,0.28699202799922224,516.2014388489208
25470,47,0.21461609620721553,53.40425531914894
25471,16,0.5583333333333333,47.5625
25472,42,0.38559814169570267,109.66666666666667
25473,128,0.3250492125984252,159.875
25474,0,0.0,0.0
25475,9,0.3055555555555556,35.22222222222222
25476,365,0.45181393948517234,492.7369863013699
25477,64,0.26438492063492064,102.453125
25478,1,0.0,33.0
25479,434,0.33706537818882304,513.9585253456221
25480,37,0.2132132132132132,76.1891891891892
25481,1,0.0,2.0
25482,216,0.4468130921619294,512.6898148148148
25483,9,0.16666666666666666,36.0
25484,6,0.6666666666666666,137.0
25485,65,0.6322115384615384,183.3846153846154
25486,0,0.0,0.0
25487,455,0.4325603911506995,558.5516483516484
25488,5,0.4,68.0
25489,31,0.23440860215053763,65.70967741935483
25490,82,0.2634748569707919,80.79268292682927
25491,32,0.1975806451612903,48.28125
25492,115,0.23691838291380626,145.12173913043478
25493,2,0.0,2.5
25494,9,0.19444444444444445,48.44444444444444
25495,8,0.32142857142857145,67.75
25496,26,0.37846153846153846,104.84615384615384
25497,38,0.2603129445234708,118.97368421052632
25498,3,0.0,20.0
25499,14,0.2967032967032967,68.92857142857143
25500,69,0.22762148337595908,96.84057971014492
25501,52,0.3702865761689291,224.59615384615384
25502,60,0.22542372881355932,212.38333333333333
25503,473,0.36082344931379223,545.7970401691332
25504,87,0.32130446404704627,160.79310344827587
25505,2,0.0,41.5
25506,7,0.19047619047619047,19.0
25507,197,0.5454780897130426,528.4416243654822
25508,25,0.1,28.36
25509,24,0.2971014492753623,86.125
25510,10,0.4888888888888889,134.8
25511,1,0.0,4.0
25512,22,0.0735930735930736,45.45454545454545
25513,22,0.6623376623376623,284.1818181818182
25514,1,0.0,47.0
25515,696,0.2855991069213595,484.33620689655174
25516,14,0.45054945054945056,232.78571428571428
25517,16,0.2833333333333333,24.1875
25518,26,0.12923076923076923,26.53846153846154
25519,83,0.16397296503085512,102.60240963855422
25520,123,0.4323603891776623,432.5528455284553
25521,203,0.45529922450373117,504.82758620689657
25522,94,0.1809654541294898,132.98936170212767
25523,383,0.46153951307533525,644.2793733681463
25524,13,0.2692307692307692,51.53846153846154
25525,8,0.10714285714285714,50.125
25526,22,0.3593073593073593,53.27272727272727
25527,0,0.0,0.0
25528,175,0.22377668308702792,131.66285714285715
25529,302,0.390112428769444,489.0430463576159
25530,215,0.37074549011084545,302.6232558139535
25531,37,0.5540540540540541,486.97297297297297
25532,4,0.3333333333333333,59.5
25533,205,0.5208034433285509,596.6439024390244
25534,0,0.0,0.0
25535,2,0.0,23.0
25536,2,1.0,53.5
25537,5,0.5,31.6
25538,0,0.0,0.0
25539,25,0.58,32.6
25540,10,0.35555555555555557,111.9
25541,29,0.4014778325123153,31.413793103448278
25542,0,0.0,0.0
25543,2,1.0,5.0
25544,2,1.0,22.5
25545,4,0.16666666666666666,38.75
25546,0,0.0,0.0
25547,0,0.0,0.0
25548,1,0.0,1.0
25549,13,0.32051282051282054,46.30769230769231
25550,3,0.3333333333333333,29.666666666666668
25551,7,0.6666666666666666,84.28571428571429
25552,52,0.36048265460030166,159.23076923076923
25553,21,0.24761904761904763,61.61904761904762
25554,14,0.18681318681318682,33.857142857142854
25555,1,0.0,95.0
25556,10,0.5333333333333333,27.3
25557,39,0.4224021592442645,107.48717948717949
25558,30,0.3195402298850575,104.6
25559,9,0.5,84.22222222222223
25560,22,0.20346320346320346,125.36363636363636
25561,8,0.39285714285714285,17.25
25562,6,0.13333333333333333,20.5
25563,18,0.46405228758169936,99.5
25564,382,0.48873864588915916,591.9450261780105
25565,378,0.522995522995523,654.3492063492064
25566,15,0.5047619047619047,71.26666666666667
25567,2,0.0,23.0
25568,5,0.5,24.6
25569,325,0.4329534662867996,437.23692307692306
25570,10,0.3111111111111111,16.8
25571,13,0.9743589743589743,236.15384615384616
25572,26,0.5415384615384615,115.15384615384616
25573,1,0.0,18.0
25574,15,0.6285714285714286,451.8666666666667
25575,244,0.40393307697497133,503.6475409836066
25576,392,0.42530925413643716,574.0025510204082
25577,27,0.3190883190883191,113.03703703703704
25578,32,0.17540322580645162,64.96875
25579,0,0.0,0.0
25580,18,0.3333333333333333,32.5
25581,5,0.0,2.4
25582,49,0.20153061224489796,144.53061224489795
25583,17,0.13970588235294118,33.35294117647059
25584,216,0.4661068044788975,519.125
25585,79,0.4949691658552418,363.88607594936707
25586,5,0.1,26.2
25587,15,0.29523809523809524,45.733333333333334
25588,1,0.0,3.0
25589,23,0.18972332015810275,36.73913043478261
25590,441,0.34609358895073183,529.5192743764172
25591,166,0.5085067542898868,425.98192771084337
25592,10,0.6888888888888889,294.5
25593,12,0.3181818181818182,73.33333333333333
25594,15,0.4380952380952381,154.86666666666667
25595,13,0.2692307692307692,15.923076923076923
25596,5,0.9,6.8
25597,0,0.0,0.0
25598,1,0.0,16.0
25599,808,0.23066117020623997,457.24257425742576
25600,30,0.296551724137931,50.63333333333333
25601,2,0.0,34.5
25602,14,0.3076923076923077,31.071428571428573
25603,17,0.11764705882352941,27.823529411764707
25604,3,0.0,12.333333333333334
25605,41,0.28536585365853656,98.07317073170732
25606,4,0.0,84.75
25607,1,0.0,7.0
25608,450,0.39705023509032417,514.0022222222223
25609,158,0.21672176086430703,135.0
25610,15,0.4,433.6
25611,66,0.2662004662004662,112.54545454545455
25612,12,0.12121212121212122,25.416666666666668
25613,119,0.31733371314627545,143.7563025210084
25614,14,0.38461538461538464,137.07142857142858
25615,87,0.18444266238973536,184.70114942528735
25616,1,0.0,1.0
25617,3,1.0,493.0
25618,311,0.4566953635514988,577.6430868167203
25619,52,0.15007541478129713,54.65384615384615
25620,12,0.21212121212121213,28.833333333333332
25621,12,0.3484848484848485,128.16666666666666
25622,120,0.342296918767507,141.40833333333333
25623,670,0.4108649577225978,627.9776119402985
25624,22,0.15584415584415584,42.81818181818182
25625,2,1.0,112.5
25626,12,0.45454545454545453,110.33333333333333
25627,4,0.0,1.25
25628,16,0.26666666666666666,58.5625
25629,2,0.0,78.5
25630,1,0.0,8.0
25631,6,0.0,32.666666666666664
25632,421,0.41357312521208006,609.1092636579573
25633,0,0.0,0.0
25634,4,0.0,23.75
25635,22,0.5064935064935064,106.22727272727273
25636,9,0.2777777777777778,52.55555555555556
25637,73,0.510654490106545,318.43835616438355
25638,7,0.2857142857142857,18.142857142857142
25639,1,0.0,24.0
25640,25,0.39666666666666667,98.36
25641,4,0.5,9.25
25642,11,0.2,51.27272727272727
25643,1,0.0,256.0
25644,0,0.0,0.0
25645,22,0.16883116883116883,85.86363636363636
25646,8,0.6428571428571429,59.75
25647,14,0.27472527472527475,80.21428571428571
25648,377,0.33646086122241664,542.9522546419098
25649,1,0.0,7.0
25650,29,0.3054187192118227,54.62068965517241
25651,0,0.0,0.0
25652,4,0.16666666666666666,19.0
25653,11,0.41818181818181815,38.36363636363637
25654,77,0.3380041011619959,106.2987012987013
25655,625,0.3460205128205128,521.6816
25656,140,0.2782117163412127,143.97857142857143
25657,2,0.0,189.5
25658,41,0.33170731707317075,154.17073170731706
25659,193,0.46481001727115717,555.7616580310881
25660,214,0.2891053486025185,288.21495327102804
25661,0,0.0,0.0
25662,57,0.14786967418546365,46.98245614035088
25663,13,0.32051282051282054,76.61538461538461
25664,0,0.0,0.0
25665,72,0.3998435054773083,173.5
25666,11,0.6727272727272727,61.27272727272727
25667,0,0.0,0.0
25668,1,0.0,18.0
25669,12,0.25757575757575757,68.33333333333333
25670,15,0.2,107.33333333333333
25671,25,0.4766666666666667,55.08
25672,160,0.2449685534591195,135.6125
25673,0,0.0,0.0
25674,22,0.31601731601731603,54.63636363636363
25675,65,0.1125,144.8
25676,168,0.6872683205018535,417.26785714285717
25677,156,0.7033912324234904,434.8205128205128
25678,0,0.0,0.0
25679,0,0.0,0.0
25680,17,0.22794117647058823,37.94117647058823
25681,4,0.3333333333333333,180.5
25682,33,0.38636363636363635,97.54545454545455
25683,248,0.4946780723520961,563.0483870967741
25684,141,0.413677811550152,375.3333333333333
25685,0,0.0,0.0
25686,9,0.25,34.666666666666664
25687,0,0.0,0.0
25688,2,0.0,88.5
25689,471,0.479414554817726,600.0424628450106
25690,0,0.0,0.0
25691,21,0.8095238095238095,546.3333333333334
25692,0,0.0,0.0
25693,0,0.0,0.0
25694,52,0.18250377073906485,106.78846153846153
25695,28,0.2328042328042328,118.07142857142857
25696,251,0.5846374501992032,309.5816733067729
25697,41,0.25609756097560976,88.70731707317073
25698,343,0.3953079978858711,599.9475218658893
25699,68,0.4872695346795435,230.51470588235293
25700,36,0.5174603174603175,99.66666666666667
25701,9,0.2222222222222222,71.33333333333333
25702,20,0.3894736842105263,52.95
25703,3,0.6666666666666666,22.0
25704,5,0.4,36.8
25705,9,0.3611111111111111,60.888888888888886
25706,78,0.4642024642024642,341.5769230769231
25707,4,0.5,39.0
25708,6,0.13333333333333333,26.166666666666668
25709,31,0.16129032258064516,41.03225806451613
25710,40,0.37948717948717947,29.575
25711,9,0.08333333333333333,33.888888888888886
25712,4,0.5,150.25
25713,37,0.36186186186186187,376.7027027027027
25714,0,0.0,0.0
25715,0,0.0,0.0
25716,403,0.14547609347801932,130.98014888337468
25717,19,0.391812865497076,69.78947368421052
25718,5,0.1,62.2
25719,8,0.21428571428571427,32.125
25720,146,0.1372697213037317,64.82876712328768
25721,124,0.3690007867820614,128.46774193548387
25722,36,0.20634920634920634,71.97222222222223
25723,56,0.20714285714285716,65.125
25724,1,0.0,309.0
25725,0,0.0,0.0
25726,150,0.6839373601789709,561.8533333333334
25727,21,0.3380952380952381,231.61904761904762
25728,10,0.3111111111111111,13.3
25729,9,0.25,120.44444444444444
25730,7,0.3333333333333333,51.0
25731,2,1.0,41.5
25732,553,0.263542731346804,398.94755877034356
25733,2,0.0,109.0
25734,108,0.29595015576323985,130.5
25735,0,0.0,0.0
25736,53,0.2213352685050798,108.37735849056604
25737,28,0.2724867724867725,43.035714285714285
25738,31,0.2752688172043011,86.64516129032258
25739,10,0.3111111111111111,58.5
25740,26,0.36615384615384616,90.8076923076923
25741,0,0.0,0.0
25742,21,0.48095238095238096,140.42857142857142
25743,17,0.22794117647058823,36.705882352941174
25744,2,0.0,1.5
25745,4,0.3333333333333333,22.5
25746,32,0.5887096774193549,421.53125
25747,6,0.7333333333333333,346.6666666666667
25748,7,0.23809523809523808,60.0
25749,10,0.28888888888888886,31.8
25750,1,0.0,28.0
25751,21,0.2523809523809524,62.76190476190476
25752,20,0.24736842105263157,75.95
25753,7,0.23809523809523808,23.428571428571427
25754,18,0.20915032679738563,41.833333333333336
25755,709,0.30624018869578384,537.6445698166432
25756,10,0.3333333333333333,24.6
25757,86,0.4021887824897401,286.0348837209302
25758,0,0.0,0.0
25759,6,0.13333333333333333,42.833333333333336
25760,126,0.18577777777777776,83.07936507936508
25761,22,0.38095238095238093,33.5
25762,58,0.22262552934059285,68.60344827586206
25763,18,0.33986928104575165,61.888888888888886
25764,3,0.0,37.666666666666664
25765,71,0.2096579476861167,91.97183098591549
25766,71,0.43219315895372235,86.38028169014085
25767,2,1.0,5.0
25768,27,0.24216524216524216,73.88888888888889
25769,113,0.5304993678887484,283.57522123893807
25770,20,0.3736842105263158,76.75
25771,80,0.2610759493670886,81.55
25772,0,0.0,0.0
25773,14,0.32967032967032966,143.85714285714286
25774,10,0.4888888888888889,62.6
25775,8,0.4642857142857143,35.75
25776,7,0.0,11.285714285714286
25777,383,0.2840621710661217,444.40992167101825
25778,711,0.35815059131158256,579.4402250351617
25779,10,0.3111111111111111,76.7
25780,4,0.16666666666666666,70.25
25781,786,0.3305521790570655,589.4465648854962
25782,3,0.3333333333333333,5.666666666666667
25783,7,0.5238095238095238,101.85714285714286
25784,348,0.4786014773593031,551.4137931034483
25785,11,0.23636363636363636,14.181818181818182
25786,0,0.0,0.0
25787,24,0.3695652173913043,81.41666666666667
25788,677,0.33813028239797926,550.9527326440177
25789,8,0.17857142857142858,230.5
25790,29,0.1206896551724138,38.0
25791,5,0.7,99.4
25792,11,0.5272727272727272,119.72727272727273
25793,2,0.0,6.5
25794,34,0.27450980392156865,59.73529411764706
25795,31,0.46021505376344085,311.96774193548384
25796,109,0.4218484539585457,473.1834862385321
25797,49,0.47619047619047616,120.51020408163265
25798,21,0.3380952380952381,65.66666666666667
25799,0,0.0,0.0
25800,9,0.1388888888888889,63.55555555555556
25801,1,0.0,8.0
25802,58,0.17543859649122806,58.46551724137931
25803,84,0.37607573149741824,134.17857142857142
25804,9,0.4722222222222222,290.44444444444446
25805,113,0.33280657395701646,138.0353982300885
25806,0,0.0,0.0
25807,7,0.5714285714285714,114.71428571428571
25808,0,0.0,0.0
25809,11,0.3090909090909091,15.727272727272727
25810,31,0.4064516129032258,77.74193548387096
25811,8,0.4642857142857143,55.625
25812,3,1.0,12.0
25813,0,0.0,0.0
25814,440,0.40570511493062744,544.2704545454545
25815,14,0.25274725274725274,20.785714285714285
25816,5,0.7,168.4
25817,8,0.17857142857142858,51.25
25818,4,0.16666666666666666,19.0
25819,0,0.0,0.0
25820,0,0.0,0.0
25821,306,0.41585770920390014,489.48039215686276
25822,64,0.35267857142857145,160.046875
25823,1,0.0,7.0
25824,0,0.0,0.0
25825,6,0.5333333333333333,70.16666666666667
25826,211,0.5222748815165876,521.3222748815166
25827,200,0.23753768844221104,139.2
25828,68,0.29982440737489024,90.17647058823529
25829,109,0.20778117567108392,103.66055045871559
25830,190,0.39866332497911444,461.88421052631577
25831,1630,0.1725444116794149,446.64907975460125
25832,9,0.3611111111111111,47.888888888888886
25833,289,0.479959630911188,489.48096885813146
25834,30,0.2367816091954023,53.53333333333333
25835,8,0.42857142857142855,43.5
25836,5,0.0,12.6
25837,288,0.3915263259775455,280.2708333333333
25838,8,0.17857142857142858,46.625
25839,3,1.0,182.66666666666666
25840,1,0.0,4.0
25841,2,0.0,17.0
25842,11,0.2909090909090909,48.09090909090909
25843,30,0.16551724137931034,108.7
25844,62,0.21047065044949761,64.80645161290323
25845,12,0.24242424242424243,62.666666666666664
25846,194,0.565140751028257,493.21649484536084
25847,108,0.4370024229837314,460.05555555555554
25848,85,0.23641456582633052,237.2941176470588
25849,42,0.19396051103368175,58.61904761904762
25850,0,0.0,0.0
25851,83,0.13223626212165737,81.144578313253
25852,4,0.3333333333333333,41.5
25853,202,0.5774592384611595,290.2079207920792
25854,15,0.8666666666666667,28.666666666666668
25855,76,0.37333333333333335,262.82894736842104
25856,2,0.0,23.5
25857,0,0.0,0.0
25858,10,0.4444444444444444,77.2
25859,111,0.296969696969697,142.8108108108108
25860,4,0.3333333333333333,16.75
25861,9,0.1111111111111111,16.77777777777778
25862,0,0.0,0.0
25863,16,0.2833333333333333,50.125
25864,107,0.2287074590019397,134.53271028037383
25865,5,0.5,13.8
25866,0,0.0,0.0
25867,0,0.0,0.0
25868,37,0.5645645645645646,368.64864864864865
25869,3,0.6666666666666666,47.0
25870,56,0.21948051948051947,107.01785714285714
25871,0,0.0,0.0
25872,0,0.0,0.0
25873,24,0.2536231884057971,66.5
25874,68,0.4244951712028095,314.1470588235294
25875,0,0.0,0.0
25876,48,0.17287234042553193,64.52083333333333
